1,2
0.005758172287562745,0.0007860058252988703
0.006757286847941968,-0.0008951124066591872
0.008749833040528947,0.004236705978110095
0.004246657761601926,0.004971178929234109
0.006198779369415971,0.005084653736340753
0.0011621456682994191,-0.005772924230662502
0.009716663487200601,0.006030694247338944
0.00863668909926464,0.00596413732044869
0.0100893983519159,0.006146090749845552
0.007316920200632722,0.008431336520734826
0.00654609659705447,0.0003155006214018664
0.005132448785069253,0.0019277920827299082
0.004096209938233567,-0.0010147482863060043
0.0075043493506000754,0.00593788138000439
0.016498381707220476,0.011404807214533444
0.010145124280490766,0.005814515968308716
0.006365373239399302,0.00038936824799944755
0.004499239994634366,0.002252158436109433
0.00285517464737166,0.00016911297963533283
0.004151553897229803,-0.00047797640361911184
0.00644277797003025,0.0024792103106584884
0.0064098516372423165,0.0027906961887933955
0.006971269354008878,0.006915410855140533
0.005877573472732716,-0.0019274359613917508
0.010118225443011789,0.005165065540207693
0.0026633137323354185,-0.004442738042278242
0.007663070003928494,0.0051738559469144615
0.014076968448616693,0.009660006758025787
0.00663929948898465,0.0018544156357919311
0.0028577288884175317,0.002850861029110692
0.006778073386660869,0.00509200104374522
0.006412371930789607,0.001553200855809584
0.0009058515047563279,-0.005799238420809291
0.004670581469649498,0.006142920543416178
0.004343379454431489,-0.0018618346258366435
0.004915375914917109,0.002293682843479328
0.009356436615081907,0.003825874203069188
0.007359577095118462,0.0015554643776360148
0.009810450664388633,0.0025606404800422164
0.006778470273642158,0.0023265724140358714
0.0019873472877777187,-0.00622548631397212
0.005143646906689961,0.00011508814813940976
0.0050880298978201195,-0.002679665633175469
0.004000629891141778,0.003473417958501041
0.005776201803166629,0.0016241652301636437
0.0051724305451991,-0.0010073839143991828
0.006173568036221844,0.001764625637876072
0.007596383927295252,0.0034296083665905086
0.01029818640658727,0.005826549443754938
0.004401937341462018,0.0022733466071275348
0.007192489715394144,0.003340832273524403
0.019577878860474927,0.014852160836801413
0.004282162759424156,-0.0015177516535291782
0.0037213547480431574,0.00390264063093771
0.004530119497221825,0.002390478834235774
0.01067596352282473,0.004598341811890606
0.008371923047771807,0.0036580630528743542
0.005481895039243638,0.005315936557417076
0.007214250754190585,0.005519779873156449
0.00782171148125072,0.004273426712779013
0.010300581649995939,0.005613270147964791
0.006501817714272303,0.0038563719880963464
0.005996499939621985,0.001806467287600524
0.0074881811911878295,0.0027839138371145086
0.006641507195459126,-0.0015938859957160718
0.009705180797934873,0.006711832890336189
0.011878474803093406,0.006618354366519745
0.007756382477550019,0.0004351029927885568
0.007600536120009921,0.006197364045017803
0.009767668859935073,0.0036369006795728214
0.0035533627403798694,0.002173206767242983
0.002532604322926974,0.0014914655741654
0.00656823860979361,0.0017372564055271496
0.0007514594292102796,-0.00555202053215852
0.0005447803047368242,-0.005985862591462543
0.008614307680618537,0.004071101575357481
0.005902709339060548,0.0010553063500797757
0.00937089955811708,0.005988881906735874
0.0071801148813578795,0.0058094380097577164
0.004088278208113612,-0.0038181059466787957
0.0022141068860635285,-0.004530274491432092
0.005343474776269074,-7.443332757283826e-05
0.007118935679610474,0.0009203931805730585
0.005622110134533175,0.0019819529959053594
0.01204349964301306,0.007931252531918048
0.0028914549534869586,0.0023511500957289237
0.006027249049217296,0.001677557917653773
0.009485933018673169,0.005257396220737203
0.007014434287226443,0.006022590400909965
0.0061406906863327206,0.006169703538422486
0.005256519317773666,0.0032249499115567064
0.010068099329370785,0.007600341951817874
0.0072554634620907305,0.005449220417857691
0.005751982631131589,3.6582215067419016e-06
0.008604709791390459,0.008482580983576942
0.0063390073219325984,0.005860269521857466
0.005339250336425412,0.003246329485614553
0.0033554255247152543,-0.003988115791704971
0.006566327398485186,0.0036130861578561224
0.004246657761601926,0.004971178929234109
0.007489248999443843,0.005734332015923423
0.009970768797999924,0.004600891973557852
0.009927474874704231,0.005140940166333416
0.006010289335766255,0.00031655324956331686
0.011138822690184968,0.006247707018779649
0.007048736829798573,0.00527133968623675
0.002363241011647586,0.0005930828748414857
0.003691535481966414,0.0027025558204130263
0.007899472338296222,0.004660592508501843
0.006794711519401276,0.00508406037092636
0.005384217406491312,0.0012171289602559499
0.007882498318564694,0.004864859862460715
0.014095308402704555,0.009338524824399078
0.005802994640734083,0.0029668291862308994
0.001739186370059962,-0.0051131201627434815
0.010422291484808293,0.005865894285871052
0.0032563185859257483,-0.004693029532557786
0.005862210664606009,0.0014665412781160632
0.00891530435229804,0.006426202470403837
0.00649242393965223,0.001620962048120806
0.0033934011232406164,-0.0008946444731929293
0.007738000476583911,0.004692047797523455
0.0032453611678317004,-0.0008413014272839227
0.01182025226740388,0.010014141705222704
0.0070694973218483875,0.0051354363951400025
0.005087284842303206,0.003970904244227626
0.007886565790402495,0.005920896459128698
0.007251255837237852,0.0009153935477099698
0.010105711770654896,0.004888230220138565
0.006075048327026809,0.005635232844111931
0.006971048886667524,0.0025106219969567413
0.007997663616257505,0.0032418030860119048
0.0067825401171290895,0.003292551924337168
0.013285264632816589,0.010900369481282916
0.007096493315566239,0.007068024488412962
0.005632133999975889,0.004742481290395188
0.006575063854909937,-0.0010378319335599562
0.008181896097090184,0.0037320446310840933
0.005372310876513893,0.0012996637052691482
0.004362695786354528,0.000768186379470322
0.007769153371089077,0.00419384595346744
0.005413321794164766,-0.0021134492834101936
0.00036334883712632604,-0.005932396271960861
0.01032817153017988,0.005692335959917669
0.0066833912367119,0.0038946504633233115
0.010323340994840394,0.006026816284322815
0.005208045838869626,0.0020263291588221675
0.015362281386149704,0.01066124474639481
0.007455544826197819,0.0015938264996622035
0.007782317362114907,0.006364579800620517
0.003986820937656845,-0.0030626454340789977
0.004519465959317319,0.0022212761756567195
0.003761760914982225,-0.0034069522790172967
0.0074543593876438925,0.0019860716274453334
0.009383397033414632,0.005321188614716338
0.006405664995797913,0.00030734046436558735
0.005729181581184107,0.0020984843653109363
0.006525526251511207,0.004147850794539707
0.003784589059314866,0.003605628222890845
0.009145917406101309,0.004630429282013734
0.006550358217224248,0.005135962041935338
0.01100300772754357,0.008536857219635577
0.004435835808272358,-0.0017048738224345536
0.007455544826197819,0.0015938264996622035
0.011773114220265835,0.00997781109668501
0.008755420389444102,0.008220165507898166
0.004470341565065455,0.002540761996856512
0.005334600257373738,-0.0010403232977328446
0.007907329698744206,0.004040246254719613
0.0075787762890865955,0.004889338036058531
0.005199731401214804,0.0022359861638295364
0.007588398266345902,0.004658577591096202
0.006264695458328761,0.005736923387134852
0.0018354547226616322,0.0008063441817940317
0.006860907700356496,0.00626283089653255
0.006226923922454586,0.006320973893438968
0.008157543332656482,0.0018788042865541888
0.010770154372782427,0.007881530000528084
0.00787836003168548,0.004298937575002064
0.004218281325862943,-0.00013787624023854812
0.005706793343210783,0.004098978835720498
0.008531182128189622,0.004055964047375488
0.008467648801603769,0.00481562359427677
0.003539882659511809,0.0040721432792105335
0.013232350930770645,0.00964932522152671
0.004095325809582755,-0.001794188473453028
0.013588579051915413,0.012658692311063665
0.006568640237905488,0.003683733735477831
0.0020969460431588434,-0.004122632055837213
0.00346896015826699,0.0003322786720565459
0.006032516235504915,0.001434456125106007
0.008803058390704587,0.0037842903577251594
0.007405822375901979,0.003684288881080427
0.009231772373854991,0.004087270911708423
0.009892467704355923,0.007481493401153592
0.00909110938416428,0.004951871514711513
0.006975038255620387,0.0038297434513473003
0.008258584269889124,0.0068573582556486845
0.008052088739597996,0.001976581250775212
0.005050091160060286,0.0038892328955400547
0.010691349091501951,0.006627643422783183
0.004694736729292406,-1.2678287195281787e-05
0.008895639950679567,0.004902681005655192
0.007372488130162569,0.0015352541225685142
0.007791434487265398,-0.0006323933450482662
0.009583120209376891,0.004461488723225699
0.00626073990898282,0.007555836862291208
0.006027249049217296,0.001677557917653773
0.00690406859531603,0.0032376249870805524
0.00598130344150624,-0.0017359664226348544
0.00844861480907739,0.0036984792580536593
0.008803058390704587,0.0037842903577251594
0.008762614605292358,0.0020130705973740058
0.006071230730048158,0.0028987352967670193
0.0060974026513734,0.0007753677549831653
0.007698214352358218,0.0047108230261170775
0.007705645536750133,-0.0019018535471087804
0.010185845348171926,0.0052213444734172144
0.006885862136532551,0.003203904501729732
0.007494567989295706,0.0015564030716882643
0.0028914549534869586,0.0023511500957289237
0.0033631182826274033,0.004093097634603661
0.018845053989193856,0.012559439396484365
0.007206556991916322,0.0027802719154231695
0.006025838922677005,0.0035693596803546244
0.009406834532283807,0.005113681268826303
0.004960399256442611,0.0005694831307621016
0.006880501196808517,0.0035934922579896377
0.006525509060615578,0.006243227267083017
0.0072000398890818525,0.004128047048040939
0.01179256539566094,0.0064923764594028415
0.004534374908007401,-0.0006660231296694626
0.0063884407983251035,0.002001201235301348
0.00853707471960251,0.0033143057614458465
0.0034176922724038225,0.004537983631243642
0.0061327335398719,0.004006157948338966
0.00828770471901824,0.00411840510938179
0.0032682666540260804,-0.0034226300819160107
0.008107679894119766,0.0035116802229008593
0.006132182197071791,-0.0022074928279442584
0.008136227674603373,0.007708563798337769
0.006092742083496616,0.005302117410450301
0.01087182251181933,0.007424837723648138
0.007820588696883735,0.0068524256171582885
0.006387234488892441,-0.0014208870217054725
0.0083708258400143,0.004553693473658022
0.0003231346755814008,-0.0014418001616025786
0.002791484500793533,0.001203970473276709
0.003577876062637865,0.00459951831629058
0.005500930152652143,-3.1017387214251485e-05
0.007799960572747619,0.0015692048016930646
0.00618624816867234,0.0033835545895193903
0.010183106067393498,0.002757406007859186
0.0159456702420822,0.011194425964200047
0.005481895039243638,0.005315936557417076
0.009488899159881133,0.0067679930457811704
0.006957934693237841,0.0038995067317129564
0.0015122700988293766,-0.004416854910471222
0.007549522147477497,0.005041973177336631
0.005497096663656249,0.0034945810819016513
0.004996317372298135,-0.0009183983378415334
0.0052100782267284,-0.0012029264976739533
0.013268668934506473,0.009065282050090759
0.009631998685079149,0.004044217976384427
0.007820588696883735,0.0068524256171582885
0.007396655289209297,0.003996245199474488
0.009180488168620844,0.0046016429097678925
0.007373173025275377,0.003941388449297181
0.006385013444650602,0.005942054545232199
0.007344516985281739,-0.0018698388569149578
0.005360198127961182,0.0015433028291554195
0.004939205152174744,-0.0008555606647130364
0.00761564068246956,0.004925438573369729
0.01380200498530361,0.010511134633686466
0.007755071483188188,-0.0016495087549311168
0.00828930306080952,0.0035187026208299992
-7.886595612297854e-05,-0.006659010014880035
0.0021094395645270443,-0.0045746870567687625
0.00667769106115541,0.003142794206719976
0.007786522977689149,0.00393685480835656
0.009843185589602723,0.006253513174988706
0.003727919253442999,-0.003981931520732685
0.0060459725914687335,-0.00025746410895577734
0.006720595069508396,0.0032945092755349015
0.005385111172339413,0.005285380754245993
0.005209353998715312,-0.0005560825490988873
0.004731609074175315,-0.0014988313026848693
0.004433527942158913,-0.0009128949611864803
0.008886269207670886,0.004479234796641888
0.007247101492904945,0.0030598981789582164
0.0037273268882640175,-0.0035506067579601083
0.006916611818914809,0.0022106220422342003
0.004391548550522038,0.002221296422258495
0.007820588696883735,0.0068524256171582885
0.007316920200632722,0.008431336520734826
0.009031881062205323,0.0051094098816706615
0.003382017663095706,0.0026819064029353825
0.0030594774342834856,0.002090525740238257
0.005237068053452852,0.0005848685617876794
0.005236210043148063,-0.0011391761953920242
0.0066799834270131215,0.00327452230928479
0.005755940450727151,0.006022537691603238
0.005091857138371177,0.005210768247472986
0.006779487493692133,0.003801254659482737
0.014232337782613246,0.009502544176225723
0.0055808896759293415,0.0009386561616655026
0.006831205694659693,0.004952993736106027
0.005987440203105511,0.0034018071938216867
0.005499727422825908,0.0018167606294230308
0.005131726293592988,0.0031903692280769507
0.008153008353873524,0.0033103523976843446
0.005527434015377332,0.004897072540525405
0.0049079138476756795,-0.0014616563388077358
0.004393477018242827,-0.0025538796978619265
0.005695955997715777,0.006037006781958846
0.00617750191467644,-0.0007277344845182014
0.008203153333053477,0.004164842142251479
0.005158843258494835,-0.0004008615202221186
0.006278727290054724,0.0025766875716251546
0.0071812322703484355,0.005244548976118251
0.005438133930065517,0.003347087679463085
0.0168926866108412,0.014207443171484048
0.00951898862128403,0.005756406808632958
0.011696108891359679,0.006977389978060114
0.009615932454149642,0.0056030542715551895
0.0043733890911628465,-0.0021363299951009246
0.004247934815078609,-0.0029124920148473066
0.006830670749669376,0.002530445862513206
0.007654008373323489,0.0010469435612508893
0.008692809791765864,0.004911496707042268
0.008194438676112437,0.006366075175093278
0.007976520905340633,0.005744854871727812
0.004291430373651371,-0.0033799699908221162
0.006722921188421564,0.003454855633813758
0.001528797646529946,-0.0040724917039576085
0.004846860225030881,-0.0016784120351553966
0.011198915137009916,0.0034820232629001555
0.004381387909850921,0.0015475214138650408
0.005363201544375686,0.005213018136400451
0.01005002306327142,0.00935844893331778
0.0040214347417442085,-0.0033580856757993664
0.00666935751829895,0.005162678258925063
0.007454813330419068,0.006176042173716197
0.006133601454490769,0.005407024217640334
0.007418214140249521,0.003924132574803412
0.004161746005560711,-0.002907143502592818
0.009552030913255346,0.005556050631068562
0.005409684048593693,-0.0010304872560075312
0.008730720520287569,0.004034206676405902
0.011530488355164861,0.0029067397590406196
0.007447749339310725,0.0015594848950575089
0.009045146810359686,0.005255904271694976
0.009175295411811703,0.003186227080489166
0.0028920203206609105,0.004897379634099399
0.00895642051355242,0.0050836849996385635
0.006278995177140381,0.007564094325777655
0.010869145440119594,0.007893595494591916
0.006269524045091536,0.0023369635211273583
0.005285227360126018,0.001478918538749271
0.005440138545402921,0.0007436325175048004
0.005648143913094152,0.00390916051552111
0.008467098366052089,0.0034734086476327377
0.0045258734616099895,0.001424324483589895
0.005870277465474406,0.005187840834130654
0.009158048304953873,0.004683404664316141
0.004160972162683565,-0.0030526211928463224
0.007885536017536703,0.0035675285068561277
0.0019681852517737814,-0.0050512183571059036
0.008114198069175058,0.003944596949880169
0.0061397782320550655,0.0024520409177758344
0.008328255214035532,0.008453565480543237
0.01841357431844927,0.013556907007317327
0.007415208633370847,-0.0003544697220494667
0.004937067412895907,0.0036542032584887313
0.0056371588421209005,0.0025731867611644525
0.008249766775782593,0.002317037989749554
0.011090190451948902,0.00542629255984696
0.009565128524927788,0.0019903882479290324
0.0022425484245125193,-0.004891241311325763
0.004843429885132058,-0.0013208222886709978
0.015589491341485804,0.010202807218860245
0.007280033993770618,-0.0010467322085140826
0.012435556057973635,0.007586869474448908
0.005763913230584189,0.006734144784195068
0.00506469160119523,-0.0015021013200855714
0.005493188564189845,-0.0005627211584142647
0.011005302581983357,0.006095109771184416
0.005402778719084616,0.0017241867934453111
0.01616934302440264,0.014111051897633835
0.006524789649643527,0.0028950674942385766
0.005937105966922512,0.0074646383091154615
0.005228740294002801,0.00202869431301174
0.00539972763503336,0.0017840399546144642
0.006232271298460849,0.007563705046735156
0.006911187669851551,0.0029695102602987807
0.006082850686700443,0.0023136281445890515
0.012409485832380676,0.009464378843767166
0.007930915428649932,0.004360050596877127
0.008272795051624164,0.0037494745615285698
0.0045611510527619895,0.0026202865275050903
0.0050013991067125235,0.001980262619243128
0.011381801192424804,0.004609754978403456
0.0016169930523823577,-0.005134736612879567
0.008691036340008777,0.004130584078209487
0.008260106292999728,0.0036306807187191977
0.008255601148422359,0.0028983259595855475
0.008137457668918146,0.0009521582613515774
0.008812740955761459,0.004988156943583762
0.008705672460763893,0.003809542293833515
0.012324823704696779,0.009952757214283056
0.009299437443129777,0.0038307964144628833
0.015735545290422457,0.011567321029486452
0.007671798647958453,0.004579473824395965
0.005825955057843,0.0013350789006169065
0.006877654692277784,0.005146931835404824
0.0072038251321393035,0.0059564778985222964
0.006158653678663608,0.0023342385277359615
0.0037685265861682167,0.003735134479897733
0.004414848153464365,0.0006966592539336888
0.004447225030567201,-0.0031765080318352547
0.006721904591338521,0.005251972576236982
0.00425412866148267,-0.0017867180654625864
0.013584219707493995,0.009737641700531468
0.00879145000543077,0.003607493176366907
0.006109852813181962,0.0005994369821671341
0.007145952787186615,0.0043489200941126335
0.003833399601104624,0.0005426057702062875
0.0075787762890865955,0.004889338036058531
0.009267454601692421,0.004667229682113307
0.007721504670230353,0.004165656935273819
0.004846860225030881,-0.0016784120351553966
0.004934703511051434,0.0023992953268334727
0.005673323102900968,-0.0024990650571834524
0.007605522117632908,0.0010224209900235861
0.006844171182086162,0.004686317669855648
0.005564375799024623,0.0050691039434983395
0.0052245360415682455,0.0030217700204418895
0.0068799054685677275,0.0029757983016711932
0.01303051076509932,0.00846483034799985
0.006596420208584904,0.001736425009627788
0.005232439014996429,0.0058815952662852585
0.0059757614380614955,0.0016674083596003994
0.006020292747545541,-0.002546054132095745
0.008357110556058488,0.0054285048105156275
0.006445920616031586,0.006038823363745879
0.004522384865082342,-0.0016419883639000018
0.0074904929685140125,0.0019677273026488954
0.009192114985454016,0.004668108630930413
0.00709325423411234,0.0023012286257057214
0.006198779369415971,0.005084653736340753
0.009356426695148714,0.009098038208032129
0.00511091929846413,-0.0006082720355021646
0.006203844193688136,0.005575689506786768
0.006518314629284279,0.0032544909130027217
0.010099578834555834,0.003747869189203589
0.0011188078262582765,-0.0050727200301907485
0.005287852710038909,-0.001809863968888891
0.004690389948149841,0.0008359202029749446
0.005960814225967783,-0.0003147869378877675
0.011347395082762838,0.004568155408998348
0.007493485602508297,0.001581201832004552
0.005215723889350876,0.002050319373347824
0.007431295529450995,0.005100706991390138
0.014772433697380393,0.007484605875946052
0.007290998046924448,0.004130688856821697
0.006224794410516568,0.005085631430158564
0.01182025226740388,0.010014141705222704
0.007258809166406286,-0.0025211295939160487
0.0028710080139825525,0.0030580282754719395
0.004845118238540723,0.0021272255505857124
0.004988432956376201,-0.0009159474972402094
0.007144516359680441,0.0021031731747863727
0.008241384260229363,0.0033586951049448545
0.0073065046524191084,0.005472138270508773
0.00666935751829895,0.005162678258925063
0.007205286267582949,0.0034456540575769656
0.0019113312271107942,-0.0048314974006147
0.007235598410914177,0.004890856553496985
0.008594929901897823,0.004243219250443237
0.005499054310547424,-0.00032369083029392103
0.009645729468611981,0.008711333941313466
0.006616317439205061,0.0012339784794371872
0.00666935751829895,0.005162678258925063
0.006529098752641675,0.0013305339282822081
0.0069164132613493195,0.000735292531867336
0.007445371618619037,0.005040661212485328
-1.1617771641840927e-05,-0.0070117449864333815
0.004249387658016395,-0.002240273096256915
0.0043300631385389645,0.001524886836773878
0.013766276389130994,0.010288173646482395
0.007777924311509083,0.004171936127262993
0.005271816594018815,0.005240750112245621
0.008433310291376457,0.005921819331400855
0.009707885735492784,0.008811638579631142
0.008191574906650968,0.004452129192154777
0.006020780074079443,0.002387484515662221
0.0003231346755814008,-0.0014418001616025786
0.0043911548405696985,-0.003601468536029325
0.004086034306352853,-0.0037844501931625623
0.006546194008434444,0.0014841716842263703
0.01556035583084552,0.013118604002345153
0.005219260696621398,-0.0011510497777427022
0.004147774617630114,-0.001733472964236961
0.005913464644428562,0.0054498867076047215
0.006278702914539786,0.0023480326940464443
0.00993031608284032,0.004475356739044078
0.011483010873068482,0.0060690833914710494
0.005942625186657305,0.0015384883190089453
0.005561539920526512,0.007332240212577
0.007061202744866697,0.005239028860247966
0.005306535426329204,-0.0009705764480537685
0.006126853466510145,0.005594540616056103
0.00769396497899052,0.0029287474439921614
0.008478712588114471,0.003951379711159218
0.006224794410516568,0.005085631430158564
0.005533515952152654,0.0021954302569270534
0.005507043160995269,-0.002752815735575514
0.007011794157040077,0.0069942197597754364
0.00788927528679741,0.0053101789600325765
0.005685161572457773,0.0002596757340146
0.005390169805278418,0.0027600061354566873
0.007671169400518686,0.005245645434859093
0.004846961891821981,-0.0014077362573116812
0.006224794410516568,0.005085631430158564
0.005446827703766652,9.388718075242514e-05
0.003546258210845187,-0.00362655547255988
0.00662944052069472,0.00583203113584875
0.004487100745734285,0.0021746142718315617
0.006677937100422478,0.00019428535272954413
0.006594942649322367,0.004076751464701507
0.013393597010649672,0.011486444927424948
0.0051142966986107334,0.003486105498069765
0.006287197030102126,0.002430482437756295
0.007991504114632415,0.0060031466305926475
0.009275904266995587,0.0021615428320061305
0.005776480180107192,0.0024813313522593326
0.0075120951999626765,0.005254665788526106
0.004595977936005332,0.00252457695430393
0.0039909211061404295,-0.0032963878715017818
0.005186879840214381,0.0014607179859156133
0.0058863221606888436,0.0061767404858993485
0.004520352802969926,0.0005453823428724532
0.006863606588957509,-0.0001716031707006318
0.007659747556173544,0.0028654641714561035
0.007310639213727747,0.0053020069589534815
0.008358054925922327,0.00614344648886714
0.0037098289288668984,0.00044837767126394354
0.009279718900674753,0.002237714542752685
0.0038438918959529085,0.002835241422752411
0.0029778606763704845,-0.0023935155247776793
0.011152416750208363,0.00873949995596977
0.005100421260206346,0.0025264886570531874
0.006940264189063736,0.004288148225118199
0.00828343323088145,0.004981195660792355
0.008515849274871397,0.004531761346982164
0.013876811515167144,0.008674263903512332
0.006393659485353753,-0.0004778970572918914
0.004082321372982123,0.005137583137591388
0.015638805396772572,0.010267106614572532
0.00502192967704016,-0.00034942559766909433
0.006857154903150303,0.0016279946921546372
0.009543090895136557,0.003279212584378957
0.00690475774259361,0.006678241304527718
0.006669597938893691,0.0010636220594115835
0.007615667289410705,0.0014856111718841662
0.006105854326339825,0.0003681764032704262
0.007545296947223065,0.0014366733079892368
0.004381604977244813,0.006544363537734919
0.007464924190605834,0.0011620106831031814
0.005130537418924573,-0.0012772739679589237
0.007380701434491399,0.003031332855926238
0.007899472338296222,0.004660592508501843
0.005291898230016731,0.0021870855700134913
0.012449952560758423,0.007720740052714878
0.005233566301201992,0.0017088575950506175
0.004839969515694024,0.0018540076890752556
0.0065051763773670696,-0.0023297550915337122
0.007516183731352284,0.005592913130687623
0.003737018089784004,0.0010086835969264117
0.004997152007146935,0.0010001235186303066
0.0074164375508067,0.005146682271767825
0.007581611850437707,0.004724304955886766
0.007226762791347272,0.005398448471409535
0.005897988142957933,0.0016963984658206182
0.0050561502925541325,0.0034523629181661564
0.011702759112551964,0.008747790614709719
0.005792911885832813,0.00503675106682421
0.006711628161021054,0.0021846679128033576
0.007361549449618179,0.005678437202333316
0.0016785964494970725,-0.00013067001198787884
0.006592477036311196,0.004330158418197748
0.003389163384442187,0.0009024549743561136
0.007270966270468002,0.004601228194910281
0.005936469312043758,0.002776346568450724
0.0023921704389874895,-0.0043122874952630005
0.008298416858651129,0.003676112101671874
0.006963477016460504,0.005075189448350066
0.008246150480003602,0.004496418828615358
0.004583732813318684,-0.00010109986444450415
0.005519971020431517,0.0030388860556548854
0.007899472338296222,0.004660592508501843
0.006995540212344457,0.00398322236392075
0.0037226777468060976,0.0022576795799204063
0.005760010358670714,0.003267103343950197
0.007162384278846181,0.006082474268675926
0.008988983027268554,0.005048960071118014
0.01026207322293457,0.005806201479141432
0.004641913362557733,-0.0015104622631188641
0.004040042294262084,0.0008253312596334115
0.007963428919592445,-0.001485021652728423
0.00831716078531498,0.003980307173583333
0.01056304911548319,0.008198689276240786
0.008902117052051135,0.004065387880090324
0.004223424216681546,-0.0031816590099238134
0.009979456367877084,0.00809742838130987
0.008114401666113795,0.004395457876045459
0.007102409508672309,0.005461303568859494
0.007412893572161045,0.002669805548091547
0.005098487798356888,0.0024333268788589504
0.004791802436403544,0.004418457171392995
0.005360198127961182,0.0015433028291554195
0.006463942475243744,0.0038869242250895307
0.01751002706721251,0.01434695040060525
0.008007320354776231,0.004879562160148056
0.017082946204898856,0.014267632032137094
0.007076091079789225,0.005242456591271158
0.008008606381096779,0.0035425908511620362
0.005921001355470948,-0.002127062645584976
0.0058744271692972,0.005953424768903456
0.0034086179189173685,-0.0002093885435079032
0.002943207449867709,0.002140055078703516
0.006603127151522844,0.007728338523251491
0.005235726019256663,0.0017552921563948097
0.004721693314537076,-0.0020098917341015345
0.004981093820242559,0.00013551942384676732
0.005976369090890636,0.0016731034448375483
0.005149851932026502,0.0052851879405383965
0.006114147445180967,-0.002313338964678214
0.007009177253150881,0.002082185036688493
0.009158206516950781,0.005919846766607428
0.003859014262654517,-0.0032868810491825757
0.004223730835800411,0.004784020684324225
0.010759963110701204,0.006767198195151107
0.0027115259669136544,-0.004450211328356123
0.003577876062637865,0.00459951831629058
0.006909421090789259,0.004276227463765148
0.007810328027572524,0.004018836920987616
0.005696551060090189,0.0015356928750314648
0.005100746931516056,0.0012501458736270243
0.011417100124747313,0.0056870030140663145
0.004927580056000172,0.0006919077245871805
0.0061134862875453985,0.0040016370420015365
0.00716937422542089,0.00380767938894192
0.006000376934956796,3.5865528334563974e-05
0.005217259638406831,0.0007054429641413975
0.01214857802857235,0.004658010163479582
0.00904474961493244,0.0053270751481229155
0.00842739704595488,0.0059708797647445855
0.005560730040345502,0.0009380757331472469
0.004525099510843042,0.00469590703140916
0.014232470272580296,0.009534741950946411
0.0005789004420796509,-0.005763256848055459
0.0005587115802507727,-0.006118525261352402
0.0030594774342834856,0.002090525740238257
0.007059260591230603,0.002942671119395531
0.005997547563345426,0.0058937061631845885
0.0073097280945732986,-0.0011462487661124442
0.011582265116778734,0.007890623109889515
0.00523619640332234,0.0022818901397768966
0.005154431416115955,-0.0014772470595507108
0.00661574744199648,0.005992636586770445
0.0036419872720796186,0.004985318035174401
0.0006493558991716129,-0.005881895196713945
0.006025838922677005,0.0035693596803546244
0.012283983718321883,0.01100969664022888
0.0046038189753016085,0.005326306325527078
0.007136083178776695,0.0025499329376363847
0.00615481709207077,0.0028114800895791955
0.010201442963428774,0.003443239606661962
0.007999108518786343,0.0035462236392007802
0.006019183824741765,0.0012228764593493723
0.008941879512001764,0.005203663104268986
0.008670921399738112,0.005086947649276778
0.004058746910542834,-0.004629978369635645
0.004917305866061655,-0.001345926628884559
0.011328477182477906,0.004592848151558675
0.01400425209939063,0.007605349189583823
0.004676100357021864,-0.0036892124962927507
0.00573177718872374,0.0023634819903758583
0.004728471502087028,-0.0031591028675536465
0.006024159641044911,0.00338260508692996
0.0019712334136812535,-0.005366179324189367
0.0017454096323008652,-0.00027000972676356674
0.005143790497344691,0.0017038558998644137
0.006529891540301651,0.003268739422531422
0.004954876329450813,0.0015228633731397597
0.007376689442328844,0.005447805230013411
0.005799478166600194,0.006398227077411776
0.007721504670230353,0.004165656935273819
0.004225937460253475,-0.0011336864718954369
0.007692702867408967,0.004745013916111625
0.006292634617457067,0.001324552907674999
0.0066833912367119,0.0038946504633233115
0.010047705405274818,0.005947870054219089
0.004429183490446373,0.0038611857198471424
0.004819591191496114,0.006074939638819112
0.0074615144759131394,0.002401845598827038
0.004543499446359609,0.0014204247249679893
0.007594191800377902,0.003869913810769755
0.005990453823453156,0.0052000799319939575
0.006258773490607227,-4.8702789070881845e-05
0.0019909996027825307,-0.0045858771623889455
0.0065720191087844495,0.003920924117330545
0.007433754230189495,0.002110364763135619
0.008855245680694894,0.005141342828004095
0.008292186909582689,0.005707792855811982
0.006017362472828011,0.004104666173655239
0.006659250235386794,-0.0028481643220375774
0.012659986205707983,0.007592007300358709
0.005075401222884359,-0.0005890851443368069
0.008687357257891371,0.0030956395561513132
0.014260450932536247,0.011775235645704301
0.003597163866912131,-0.0016090992752476616
0.005978334529138351,0.007010814418327514
0.017006790736288205,0.010521622506767333
0.005591456526793081,0.006215559164540828
0.01841357431844927,0.013556907007317327
0.010914621074471323,0.007897449137288164
0.013271941061567413,0.01054475519726911
0.014106939429941685,0.00872191088541495
0.007312841486315462,0.0025840461126372897
0.0072789878591210996,0.0031874651305211278
0.008123609305592347,0.004123184401826273
0.005490167724118655,-0.0009550784724819909
0.006469598285066313,-0.000882705995559673
0.006624046107757864,0.0008900943145336857
0.003471163269388214,-0.0014087844446234142
0.0063731802277392745,0.0039243314685341694
0.004289823187448132,-0.0017461478941826064
0.004196260436911914,0.0013910231065795654
0.012594272965144947,0.008780663716272341
0.013100622360385752,0.010297394023456911
0.008300215508413877,0.004004374047589693
0.005997037088114419,0.001781948009721087
0.0072621521574617355,0.004028243543003046
0.008585489766496424,0.003356808650222913
0.0035547291522304413,-0.003416831756786285
0.0072307508788114145,0.003779544990130778
0.005453228792637496,0.0014789656295621937
0.00487294167327201,0.001819751267455547
0.005697372560575625,0.004841239391140241
0.007342083383252017,0.00375105305085435
0.009867539648701473,0.004489915536194083
0.004239562197681401,-8.242230439903069e-05
0.008848388200537257,0.004553216534192388
0.011177097436999394,0.00940409423871835
0.005413538520766194,0.0062405746676825235
0.002296228815629793,0.002928529481134504
0.008160370131308435,0.006943872302868467
0.00750520847716512,0.003266948466224829
0.0034380845293654674,-0.0001527437815469629
0.004927042307001797,-0.0006818223014169828
0.005670220985008007,0.007058124822207722
0.005981096585107277,0.0027326722511537664
0.001984633925107911,-0.0003740465210300562
0.004698592324512845,-0.003063292785418583
0.008256110114753704,0.006731323672679036
0.006984180604543667,0.0004033881296249481
0.005971449924799366,0.0036314746962443356
0.00641449061036308,0.005693638722466048
0.009927474874704231,0.005140940166333416
0.0090210396410666,0.00535874239971899
0.0031788121220383218,-0.0033342744401307564
0.00888514798658613,0.006113367380444065
0.010012887478540683,0.0031957630596466356
0.012302044632011695,0.01036480293727926
0.006224921703596847,0.0035296184652436145
0.012442374316329505,0.007245954190444199
0.007872563716610721,0.004320106435611786
0.0038692264541660094,0.0012885856598260125
0.004449149705416768,0.0024586954954582633
0.007953791350261257,0.0050766842115735795
0.00633514730824254,0.00451114204018619
0.0053871193893956625,-0.0009953969472540087
0.013181208452494375,0.005051451230719924
0.008639180507756269,0.008334950904549287
0.0101885427006659,0.004947082225861932
0.003828286440127935,0.0037288419645980187
0.007721087917357706,0.005211749174674916
0.009583120209376891,0.004461488723225699
0.0083708258400143,0.004553693473658022
0.0062915030714024,-0.00037418424283551955
0.005072503171964644,0.005568586676664458
0.01193863719621828,0.008421982064792315
0.002076417269753263,0.0009482745748746633
0.004218240923218427,-0.0005694916616384715
0.00751092682688738,0.005586543031947313
0.005947278201379111,0.0030267697354514076
0.004523971250830351,0.001394535257828686
0.00549102843603879,-0.000735784932545158
0.016171243657858127,0.008756854094062655
0.006500724707742374,0.0014632168932384396
0.012604143403254817,0.00920067060766874
0.00405429342718883,-0.0017286007443833486
0.006896037618529426,0.000680777500362122
0.01627000915610745,0.010660510168019182
0.006531098479395664,0.0019415807317428651
0.0042331287702869844,-0.0019893114837729736
0.01273715095474361,0.006790061699368022
0.0073124054827182535,0.002409879439903696
0.009401427254912819,0.005653190356690211
0.007995283759509997,0.0070316459658855465
0.003893275478095058,-0.003328267612941159
0.004804130930743151,0.004843745201185325
0.006934749690917412,0.0038597233969310195
0.007410629654621343,0.0012511742660802107
0.004402842420031679,0.001507410037406909
0.007849826990635363,0.003277066622904879
0.004571801561795208,-0.0011234202944008266
0.009353271888325085,0.007577693304809762
0.005272718161146959,0.0027180088682056654
0.006347965230785492,0.001980733095859555
0.007761492772803108,0.002759275298888587
0.005372310876513893,0.0012996637052691482
0.008611165802027403,0.003105550709485699
0.011057895234441307,0.0036437751420727877
0.006657444509989984,0.004989036900898597
0.003963235556578428,-0.0025776855476674614
0.006552831542667758,0.0031020001739072785
0.004077429264538143,0.004350832972150355
0.005550263838488107,0.0032908120861511927
0.007587353995534255,0.0021466532141233997
0.006195064351388761,0.006932515667469121
0.005900434809426986,0.005889168538547064
0.009109615888853277,0.00903736822763428
0.00844224306344952,0.0048053991867194334
0.005340573018571913,0.002263838608100902
0.004520352802969926,0.0005453823428724532
0.006087749304458495,-0.0007790673961644845
0.006568640237905488,0.003683733735477831
0.007272250607968274,0.0007780437850161293
0.006679550471704942,0.0042760974459029825
0.00567513395726963,0.006551776762459862
0.004170794479267968,0.0012352151353587715
0.012840850166834224,0.009363201578753921
0.007120581173383156,0.006399531132942584
0.00769748482280859,0.004659332421296628
0.015392953020466772,0.010388633930071238
0.0033105929553129618,0.000681581711878142
0.0076335391718249926,0.004560082886399271
0.00857157282521541,0.003952508263778494
0.004382925767773209,-0.002100916870636193
0.009614341918461843,0.005646130516337717
0.0033320321515101087,-0.0027319011009028487
0.008780290233193402,0.005082283602510542
0.006550358217224248,0.005135962041935338
0.00761564068246956,0.004925438573369729
0.009970768797999924,0.004600891973557852
0.017574265931491494,0.009651840077852285
0.0042219575021109,-0.00344490479526169
0.007395313993414242,0.005289416254602186
0.003797141134225062,-0.00205512005979056
0.005541654509351955,7.602294201616757e-05
0.014447362355613471,0.013391827471289922
0.007105126319458513,0.005140747364681451
0.01595675365357361,0.010847269317912925
0.004316122386063406,0.0017324949407047348
0.0040274277920856315,-0.0028302670729498623
0.0055405962207608845,0.0022298337628985235
0.003537833219715349,-0.00021244202574167113
0.0061736540687830415,0.0015996241429193456
0.005481895039243638,0.005315936557417076
0.005766390032728047,0.0021930316470348465
0.008567312577502565,0.003697196259136128
0.014874406504849296,0.01032552891891269
0.014537709228364941,0.011634162236133498
0.015350937211544492,0.006195128286254286
0.01145039747480412,0.006876131485408986
0.009311665692671335,0.004377461958841042
0.006278266527819567,-0.000430322765791886
0.004121066712496436,0.0019680528501885
0.007397240396231884,0.002008031359925489
0.004423003175321818,-0.0026006829039855643
0.0046941977569237535,-0.003214473512404307
0.006648457557928232,0.0018330216091613036
0.0046468410722735505,-0.0020130243322451615
0.0065947602638417625,0.003074244779512077
0.006697842335147866,0.0017313161813511816
0.004469145599845565,-0.0009626808241695291
0.011008389161912628,0.004889422284738882
0.015377429810012744,0.00921872669825265
0.0053911748861351074,0.0017874301568197243
0.012235188603295402,0.008749783492970923
0.006257896327489106,0.0036623504783588213
0.0038861227126786805,0.0018836618564239752
0.008483896292458317,0.004881404015368846
0.008593953153738936,0.0031374714975476855
0.004449673851395081,-0.0013116466575159216
0.007178036975335271,0.00512496090694705
0.009317809160576208,0.005285645577758281
0.014171918276315629,0.009002563752171733
0.005789727293728539,0.0012509919743559708
0.0028471535184019826,-0.0013295221141800505
0.002943202360177464,0.0026689419619680696
0.005741490338783337,0.0026580295494618095
0.004757131932847839,0.0009779277792840834
0.006990324535801683,9.780930790648495e-05
0.008300215508413877,0.004004374047589693
0.0077128659280390685,0.0021397790391330914
0.007249335969145968,0.0030440786862366053
0.004132274489601502,-0.0025029639840361967
0.006323100747382948,0.0031032521864583227
0.008958915922082472,0.005075214650754469
0.008014159819627865,0.006575029247969143
0.0065074716512378795,0.0013764465771378175
0.00392457220260297,-0.00012857566694429202
0.006600214088905052,0.004053529264841985
0.009993092276069555,0.004770599423506912
0.010167505508269382,0.002512588928426449
0.008407055906884677,0.004474343647831081
0.006665905968586143,0.001954090822381859
0.007925502433551338,0.005529441731398737
0.004586086608613985,0.0010827977490760112
0.007853630547492375,0.0038571693602736604
0.006751251305579278,0.005394257897905473
0.012041846310059248,0.006926538811582363
0.005643432497958668,-0.0007960595219088304
0.004225937460253475,-0.0011336864718954369
0.007133814923640227,0.004899036804575438
0.009583120209376891,0.004461488723225699
0.006632343221176969,0.004909884292312919
0.007429700199644966,-0.0013987265714909148
0.005574226437398211,0.0030702223740811524
0.006545899597744771,0.0020834836358052094
0.006134353148059293,-0.0017598667757778054
0.005995289743669597,-0.000638255486343756
0.006486665845155682,-0.0005822082601415444
0.00438520164060317,0.0016284808745509827
0.011172404633372508,0.0031281705586273263
0.00514799235419906,0.002284009507078245
0.00835026633741902,0.00367586782129698
0.004373718601891266,0.002447071837340534
0.004447899813887684,0.0009091183604528494
0.002237879086350679,0.00016115252154411813
0.006938020333965136,0.003533735583549141
0.004475026412189538,-2.1650802022373655e-05
0.007185981079589441,0.005142605029048094
0.015081621427649149,0.011673515118283347
0.004928975553772893,0.002944614804529333
0.012419312291368674,0.011197085592856001
0.006911156113946356,0.0031875779752667645
0.004952004099708309,-0.0028670240636910985
0.006264939855391581,0.0025323761053395854
0.006900138813129588,0.0076729991797826105
0.003502587272110412,-0.003665149591551436
0.007157007549183692,0.0030075491578627255
0.0051479684739358066,0.0027328216941929287
0.0038149188450346382,-0.003477450598974638
0.005467300405016571,0.00306432434392192
0.0040923690171425255,-0.003994820348262126
0.010407747577239916,0.006362573043441009
0.005790064658002846,0.004898568444029956
0.006568640237905488,0.003683733735477831
0.007582298781307914,0.005084719778542213
0.007929666012618216,0.00406758684622195
0.007395313993414242,0.005289416254602186
0.008078358747281415,0.006871415476942255
0.005033141546494983,-0.001490101235061032
0.007376689442328844,0.005447805230013411
0.0042629123750666294,0.0038906368820629048
0.0074374916821936445,0.002918049854718773
0.007614138409050634,0.002734035577186443
0.0072546263179105236,0.003138325622705586
0.007355325272874668,0.002368683338919996
0.01929251642447729,0.012959445425580822
0.007310316626324932,0.005139032700890412
0.003735127620034067,-0.003794281585775312
0.005227713965285713,-0.002465442821242304
0.008053101431188862,0.001078854137628745
0.004019543092457743,0.0018669805313132302
0.007299257974388485,0.0040108715863418675
0.005768156998914924,0.00346091798474944
0.007999378972440742,0.004340487893497693
0.011990988902841407,0.00718694595500805
0.004604966425870554,-0.003249287069325652
0.008644480730576255,0.005087126911312233
0.005286079512908044,0.002778429393061288
0.004515908685383466,-0.0016561298099129693
0.004669613998594772,0.0011819306771643414
0.006973886808250097,0.0008082412149995836
0.0057527919831110936,0.005851485195817953
0.006568640237905488,0.003683733735477831
0.008191574906650968,0.004452129192154777
0.009799878166959685,0.005712485480112996
0.00677743135313901,0.00533287942788711
0.006702416277967456,0.0052890455280686696
0.005151341052983228,0.002014675768620304
0.006157237127207442,0.0016153769844275793
0.010151239126348776,0.004242440823557092
0.012025202302250917,0.00944942861554058
0.00461637448513605,0.004464420458432552
0.00617198225174552,0.002527058187475206
0.009884883228545499,0.0075849928920420084
0.01631011588995206,0.01316931456971461
0.008476286833604432,0.006404212726414166
0.003643169555203144,0.0009666741578525364
0.013310932659432246,0.006594646745449485
0.009079893823556898,0.0051990249556506055
0.009927474874704231,0.005140940166333416
0.007285823023548735,0.005178279536927863
0.005868007774214686,0.004685937180582088
0.003924067459993673,0.0017352889374725351
0.004746526720741766,-0.0017363679598628324
0.00479684721865095,-0.001360007086088839
0.005877812124497517,0.0011576484831948954
0.006170053303288213,0.005043508011724447
0.006447534265539475,0.0036989342198350834
0.006726214988868145,0.0032535299204048164
0.0029216612934622284,0.002632433058175573
0.006240997434582312,0.0009953152031296356
0.008051454047121912,0.0016999182090741867
0.005959458428713203,0.003909036934769856
0.015067406828737277,0.006592338891306155
0.005232161501612679,0.0064894924559269415
0.009673505980225575,0.005195399912675508
0.007698214352358218,0.0047108230261170775
0.009587764819659816,0.005190506904339176
0.008171802165836638,0.0049472343138253095
0.007300999007562446,0.0016712324317567787
0.006674566419610053,0.0030542823608358353
0.006475303946294375,0.006716193259104385
0.004316850640131958,-0.0028457191222868907
0.00690475774259361,0.006678241304527718
0.006812025319771388,0.004915736100080438
0.006166405678904343,0.004615275435693321
0.009883310740382253,0.0058753592745160454
0.00567780689647306,0.004649892450525752
0.002237879086350679,0.00016115252154411813
0.007812734112464725,0.0048678652863447264
0.004075404861818101,-0.0022713162733797917
0.007850672175998698,0.0020656110486056882
0.004731240667329256,0.002342969479683395
0.0059435475270352214,-0.0004790017706006646
0.012613489944706532,0.008856933189826437
0.0036260748129370354,-0.00020460111752221982
0.0078377298662256,0.0031161764583607157
0.005210102970866512,0.0015800591244385202
0.011685165723867547,0.0068055520865504026
0.012562455115241329,0.008038474980361544
0.007973522381808623,0.0024204964532660205
0.01074247895795694,0.004188256764726548
0.007405516801049344,0.007142036198285136
0.013948215461275388,0.009165638902540635
0.008906250484274668,0.005061197735661585
0.002987627376291575,-0.00020702656756431143
0.004634237635443048,-0.0028376026198466426
0.0031558929065796503,0.0008965927468705904
0.007251696583653943,0.0059934731146229405
0.003980407385159814,-0.00235930096101839
0.006675624199215056,0.003393532059398655
0.00472479429327659,0.002006512959274981
0.008433094202889306,0.00461483164230042
0.005980009513909271,0.006727858930601051
0.0030594774342834856,0.002090525740238257
0.0022224915511522125,-0.00012285922320682229
0.001739186370059962,-0.0051131201627434815
0.0064186044896275656,-0.0015942960708927364
0.0040538575487150535,0.001068107031256177
0.0066928732484665045,0.004788032214396441
0.0030594774342834856,0.002090525740238257
0.004323612773088958,-0.003556338058569395
0.0076037656522391,0.004148625761823171
0.009808698746360481,0.005818925519986282
0.006446213603734149,0.002475838349833963
0.007018876754620607,0.005477432153093826
0.006188425194705565,0.003130164007816053
0.014496106357242699,0.005924332467933098
0.004515908685383466,-0.0016561298099129693
0.010866937268054981,0.008259496438283541
0.006648457557928232,0.0018330216091613036
0.004755263992226814,0.004287374240854328
0.01217743604305054,0.009834423891721148
0.003870358777732244,-0.00014794324963881417
0.00845210981545347,0.003716798929788206
0.008375926286547965,0.007936319672562812
0.006458330268618421,0.0055236773551832815
0.008176661044996267,0.0047646877449236645
0.010216108332185265,0.003900830855176223
0.008048405967701483,0.0038912716438235947
0.008962909087085759,-0.0007525129182904648
0.008375926286547965,0.007936319672562812
0.006749638205886477,0.004732640793351204
0.006374470301416801,0.007583364279188438
0.008026271228177492,-0.000502007471565976
0.003797141134225062,-0.00205512005979056
0.005507764415711528,0.0006417081828178333
0.006898566950426516,0.003134973110769935
0.010770044268044341,0.006508841698343414
0.009205543945604395,0.005202879632222226
0.00322130544219415,-0.0007128861168950364
0.005803179405941208,0.002619021358433107
0.006568640237905488,0.003683733735477831
0.0037685265861682167,0.003735134479897733
0.00519126393849166,0.00121753016928726
0.0066239785796752566,0.0038146614905369015
0.015870951136797602,0.009391194031655947
0.013396889475836728,0.010598156120427754
0.008467648801603769,0.00481562359427677
0.008717819153641877,0.0036373312589931643
0.00619015306436513,0.006655593768676766
0.008363133572625367,0.004542868430626218
0.014750453690163891,0.010208098874464014
0.007941873529501752,0.004142176442924271
0.006357207364255981,0.0035016490011669284
0.005902709339060548,0.0010553063500797757
0.00461637448513605,0.004464420458432552
0.007245338363496703,0.0025385394360849826
0.008917911679113391,0.007551987241718539
0.00937513507581339,0.006929608817972254
0.005333375472162214,0.0019451542208602651
0.008343779967329582,0.0037644625711208937
0.01123229481073532,0.007875432047595127
0.006863394688973816,0.0024976032719548737
0.004976793111721581,0.002262106728866702
0.001095228931532308,-0.005331036988644419
0.007472798110389681,0.006710462020086546
0.006259442658675837,0.0029967015710151926
0.006904696802049557,0.005756131076898525
0.016020144341284705,0.010062706107515643
0.0028373316428352254,0.0031850422678343484
0.0057155138872468725,0.002294520046104356
0.007242694021151909,0.002774097413342895
0.016614456039144753,0.010105491103579122
0.011279510701543618,0.0051508582180930075
0.00829094629654803,0.007275186639393213
0.005172601880388884,0.0012908527617765606
0.006306495199700595,8.32076916421412e-06
0.007415143175668633,0.003936466237903486
0.005230396900841716,0.0015103197492506255
0.009058889596620897,0.006412577704068532
0.008820084538897953,0.0017879176997277653
0.0068332936031790656,0.0009885472964295166
0.002672190576486877,-0.004311671300006974
0.004637679375870954,0.002792834575805105
0.00993708388005557,0.003925168868866372
0.01039719634743913,0.006101331479128302
0.013425104033668834,0.009436916952601791
0.003748937428965078,-0.0018099796074023278
0.014463029757318557,0.011078861069524173
0.00787138822309177,0.004332349446734471
0.013655002424733043,0.011043601728377768
0.005738506094666458,-0.001163914818296162
0.007783892363747961,0.0023268956242585865
0.00609028910629011,0.003889101922942776
0.0055109039077797205,0.0032763062649484066
0.00708915567947353,0.0015504629741335749
0.008082393413692065,0.0070350316840350376
0.007116104384845518,0.0005174075274949263
0.009477526746919287,0.006224796596647819
0.00868578497851116,0.007462916998895939
0.004669956089442784,-0.0014501157483933925
0.007773111123510035,0.005478525427268895
0.004299653042031292,6.847103892115673e-05
0.0029478747815076924,-0.0001388466288403242
0.006107643945529484,0.0027056594284540925
0.013873170367428925,0.010480744165449397
0.01003904543422145,0.00540164066986082
0.00877056178306481,0.004158521660145316
0.003956035696375452,0.003217954319637983
0.005133815029720049,0.004127186874659692
0.00561697165961914,-0.0005477214594445971
0.007975548789754172,0.004861735502554958
0.006727136565824977,0.0030678142439507982
0.00415338251394254,0.004956289452653424
0.00819834194014081,0.003453369097524254
0.010147146183062747,0.008844063272950934
0.004972299951003294,0.0006642613888832782
0.0076344669965833405,0.00437255440399159
0.009213818092183704,0.003949825653357696
0.008127541574758585,0.006888831143953727
0.005309470340605691,-0.0012913718285544554
0.008137295950257872,0.004505856843559815
0.0043130217553120145,0.0014938047452995457
0.013413861337735249,0.007113668965819567
0.007718476250074371,0.005902831184522634
0.010575875487035407,0.005107648663749905
0.006968098468486524,0.001950409581953142
0.007808608789815283,0.004590794489645569
0.008773952670166838,0.00512996616743268
0.007426186878433622,0.003286138499570247
0.009046047884488663,0.005121553992562278
0.006363127415747693,-0.001036656664008962
0.007381416269027349,0.00697191997037745
0.005206823634461739,-0.0008679485197434032
0.004165367515297557,0.0036930094773242545
0.00398063977400694,0.001335740442198548
0.005743583377433475,0.002293098674411166
0.0058799895789255555,0.004911895866142369
0.009900244514286482,0.005737011345742834
0.005880956529481676,-0.00048460768871325804
0.005421475183919669,0.005209031542940082
0.0037191413459819155,0.00038836800682922473
0.007320745749628703,0.0025242065697302796
0.00024631306277987826,-0.006337705658976648
0.008653863796748094,0.003649813870365847
0.007742449527179175,0.0028875731759241035
0.003321327521095337,0.0009346033186063704
0.004351982439651063,0.0020740630077447555
0.0056491363907342305,-0.002446676237434749
0.007096128512089842,0.005400513777556384
0.005178923720074689,0.005553259682462152
0.0033854769133560584,0.0015474786692278916
0.003729904037034346,0.0036407948253859264
0.011985873402464342,0.0042510143044134086
0.007148218955518458,0.004275304309733258
0.011401702366798442,0.007710804001960306
0.005098487798356888,0.0024333268788589504
0.0036278308626738528,-0.002035485370973032
0.009638610772948376,0.005580052659529781
0.0058027892663171056,0.0049070740534894975
0.004952120707742263,-0.0027245075530433534
0.005202435696377178,-0.0010251403329923966
0.005671404958891877,0.007382892580363679
0.009630095098515992,0.003265750201380895
0.004041996176754005,0.0005862497698347745
0.008974661376546813,0.003741165181677459
0.00877056178306481,0.004158521660145316
0.007865406428157974,0.004529641750953793
0.011335562229664522,0.006168374346183898
-0.0006825441555367556,-0.007221113031065668
0.010328798176906002,0.0049331002675534405
0.005933142525569056,0.000953919506748795
0.006001967630254387,-0.0023339782619902823
0.006526189600123173,0.0038566567930775186
0.0102444999539156,0.005032242315182448
0.006761553493640052,0.0032243178130333386
0.010191733924207039,0.006826345366275303
0.008262226744754433,0.003614305886953427
0.005594861752202875,0.0032775073821866207
0.004858471152318555,0.0012012859395808522
0.006868092353338591,0.0018432106651520086
0.009219621842432562,0.006171843889365029
0.009227938591881958,0.0024909740327513892
0.005848270196126187,0.0025161963755813074
0.0058753202027027425,-0.0006722421915678631
0.012419553628078022,0.008884026516998171
0.005159601473172096,0.001469664852785082
0.008917388217680159,0.003814484671276533
0.00412185890086968,0.004357990952369415
0.008203701351998256,0.0046157992451999925
0.006873772968589793,0.0005523703653181333
0.013045033163315237,0.008648099063165667
0.006699448826359877,0.0021531370401380555
0.00852119020131102,0.0047861144102294955
0.008224143842415748,0.00562740014001611
0.005980009513909271,0.006727858930601051
0.009181490765880452,0.0029513399303585253
0.007435385190613979,0.0015932460711439462
0.010934295063511984,0.006993081556708929
0.008205097227613724,0.007234683464134157
0.012559636835399913,0.009733348298407612
0.005736299928005239,-0.00020960859810246774
0.007374060641213291,0.0048070019954889135
0.0037226777468060976,0.0022576795799204063
0.0037245258373004558,-0.0013811874934873802
0.006485528938490798,0.0050440609132884374
0.004447817383326351,-0.0017552010165423158
0.006191045432632604,-0.0018955969992320515
0.0030076074936911616,-0.0019369922739985931
0.007166990282281284,0.0011159946525408715
0.0036675323843033698,-0.00020121624392434138
0.008530750290775725,0.006130638182020507
0.006617714907662584,0.0016806077479760767
0.005637928756852897,-0.0017644806847342733
0.006650247473677539,0.003471300402179786
0.0077018295656020854,0.005739209220101069
0.012717151830527957,0.008724472774746583
0.008597671048856784,0.0029954416614878868
0.00854862917242807,0.00366149727999704
0.007422164652393937,0.0016627121264129376
0.012659986205707983,0.007592007300358709
0.007036778449166468,0.0009769302838658718
0.006529075326069289,0.002976403855223288
0.004731240667329256,0.002342969479683395
0.009853581975588815,0.004823515607788873
0.008434550459576483,0.004899017609683892
0.005069371359327789,0.0011695388669456337
0.006342507143575161,0.005003817052218208
0.004636164691961472,0.0011435810351710582
0.012491632010545383,0.010539818872345574
0.01605906445418343,0.009840048795513204
0.007657810444645674,0.004585284473412433
0.004154835828350394,0.0015151519530061048
0.008234136332058328,0.00327472842744966
0.00424602873760113,0.005153946491179274
0.008604709791390459,0.008482580983576942
0.007754009442791126,0.002197111940437254
0.005172666746251062,-9.976695772432372e-05
0.006989995809107457,-0.0009236601327429405
0.0046706725261043275,-0.0006589865106743269
0.009227645943357626,0.00835927599919367
0.01191417447007748,0.007028442146562889
0.0005789004420796509,-0.005763256848055459
0.006460003362798277,0.0002605084253282019
0.016075281232233424,0.011193916765691052
0.006597282519398501,0.0025868297192932037
0.007738000476583911,0.004692047797523455
0.0065689792905843395,0.002457763620633495
0.009506392156015212,0.005288438735541305
0.006140787265240091,0.0020751771866209254
0.004502152653043937,0.002246752097216427
0.005134142552884609,-0.0011614772725166188
0.008337720472379255,0.004051283418284023
0.006559587362236591,0.0030066304509020715
0.00439509586746094,-0.0015628086106756114
0.008317657574517945,0.004396032408123646
0.010648293577938475,0.006846877037218102
0.0033971222962132473,-0.003315319395349234
0.009721876330957856,0.006617046489013303
0.007992615945588064,0.0054547321499445085
0.00976094184371288,0.0022049634809716426
0.007452597838902448,0.0015613252830819577
0.005435412410981399,0.0014735995508702911
0.004337721276321133,-0.0003119230157578503
0.006773787096275002,0.0060360657299828105
0.00880896135492308,0.005134371140492106
0.003645827769171198,-0.0018821764676027718
0.01489945423770299,0.007618738134863081
0.005670576305612253,0.002655355131552786
0.0036970944512849883,-0.0035943220623095833
0.004725198079776228,0.002412387712832839
0.007810556533939295,0.0060100194336481
0.008165152323144591,0.003400467857760757
0.009723090306752825,0.004036980087778346
0.005779309032534068,0.0017828959606798703
0.008350829806522148,0.005408134786755813
0.0049302294403579736,0.0011045746322814673
0.005202435696377178,-0.0010251403329923966
0.007044024515922891,0.005359134296837844
0.00678246418235743,0.004090037552694834
0.00539972763503336,0.0017840399546144642
0.008296618351616958,0.0015114659012718055
0.007582612040660454,0.005703073055816631
0.006648457557928232,0.0018330216091613036
0.007315526724927417,0.004458127849984212
0.009219730576756659,0.004719449198842105
0.008434550459576483,0.004899017609683892
0.00623239664888744,0.006698328937096168
0.0035941530923237885,-0.002599801720473834
0.005550263838488107,0.0032908120861511927
0.005747526542897925,0.0012658153869013096
0.007214142684353971,0.005018592553879836
0.007059369192444471,0.005384862190729598
0.004817226013090923,-0.0030750776321020875
0.004327896795545587,0.0019180091088577614
0.010613574969632434,0.0054220903506101165
0.006658424651027539,0.005004846422533
0.003969697412219443,0.004891502798577884
0.006307910214929392,0.0037488278937059683
0.009189980030828037,0.004865983085030408
0.010905642406413053,0.007332033299515914
0.01209924087226864,0.008893984230579008
0.00868578497851116,0.007462916998895939
0.01402192973414557,0.008438804109083061
0.004885296209708589,0.0022478984243872995
0.002097324623943195,-0.0030622364291285377
0.004670581469649498,0.006142920543416178
0.007152550628394051,0.0032693424355484946
0.009647499042480922,0.003859147339360771
0.005050910465113319,0.001996545626095957
0.006258442900145787,0.0028230538378145077
0.005897141482168934,0.0013644279639133672
0.00572312885572341,0.0022330494932135993
0.006841997636919037,0.007568208319385962
0.013857431610675042,0.010025889549396184
0.004302947665222395,0.0017341581442162158
0.008131837758390327,0.004748238602919412
0.0056782797606506116,0.0014301812828017516
0.005719904584378676,0.00543502092413031
0.008695855583587408,0.0033082822985090114
0.008314417360355203,0.004454979842194869
0.00907072066217279,0.005154465693064385
0.0073998139582440205,0.0020102766866901527
0.0058753202027027425,-0.0006722421915678631
0.005285925788721292,0.0018023939039044073
-0.0005620510409573808,-0.007290568988959993
0.0070796227980068835,0.006292325117159176
0.004028544806771639,0.002305477054563649
0.0028741957408618367,-0.0038984268683651636
0.006967082575740522,0.001783966973413007
0.0069621056054353665,0.003330737644312063
0.00861714632130265,0.0014788048920410142
0.013632452365397747,0.010078340939152311
0.007556591866928804,0.0027481562822609064
-0.001032188600865458,-0.007830830943903735
0.005107718855318562,0.002512285884938394
0.00420221596710979,0.001613965419300008
0.011527636630561148,0.00436232731727307
0.008850470199202438,0.0020787883771869993
0.0075773823956235276,0.0020852388026158155
0.005730538992412963,-0.0012401127040321518
0.007769592752897009,0.005016944277973627
0.0080187776471613,0.00295903501723992
0.0041910060754286335,0.0012083248052823957
0.005221234986939976,0.0015038609799483248
0.013795392353823455,0.010925358141970418
0.005009575910990768,-0.00015284746989554284
0.004784698120588117,0.004137955944048596
0.004117341951138597,-0.003262832074834611
0.012852213051555561,0.0077983289861555775
0.005155890749898419,0.006537263592361156
0.008520968919331405,0.004022188612927332
0.0006506620518516096,-0.005556662253949667
0.004845215833539918,-0.0010175764946124917
0.010837170938339455,0.007101695394886818
0.008479361550612253,0.0037009492440367373
0.005559511801953415,-0.0002596134255424135
0.0022577513717889717,0.003741816349647561
0.008377067690827501,0.006765622580773755
0.006374470301416801,0.007583364279188438
0.006898149582829738,0.003725844351286336
0.008494262855089776,0.002902751460038439
0.0072292863222546055,0.003184805117759093
0.0028710080139825525,0.0030580282754719395
0.00546621462183656,0.002421094181255242
0.013819920430337774,0.010570554524462176
0.010934295063511984,0.006993081556708929
0.007284211268440383,0.003312239683582119
0.010231417057752244,0.005244202593033206
0.009123636327868737,0.005111127565834798
0.009917564116052885,0.006990198862340048
0.00601330424068486,-0.0006925766564267796
0.007812557153900088,0.002731414194115319
0.006400431456721549,0.00166025539729742
0.005962666173349348,0.0024574634186421375
0.008027620406881446,0.005303127831638615
0.004914875975755492,0.005463065801344134
0.005244814799441958,0.0015992486824564977
0.008693164719500306,0.0032116886451974526
0.006953530256831073,0.0016589823815646573
0.0013371514228862165,-0.0008258543960972626
0.004918732439214873,-0.0038631604980831243
0.008375926286547965,0.007936319672562812
0.003149031847772092,-0.004286581515822399
0.006536899608960584,0.003913893272199541
0.004498216220080358,0.0029697362198568694
0.004540445199179429,-0.0020758717751657788
0.0070228661720919995,-0.0014924748785084992
0.0068310375082490105,0.003695027404293798
0.00560812850879253,0.006480507794458658
0.003438380755976898,0.0030217824526007344
0.007413358641915913,0.003985591351689034
0.006254706012175989,0.0032103373530892884
0.013453224375273982,0.009164258459746326
0.008603989355022122,0.004815032756242749
0.007117884618336396,0.0009437980375788108
0.002237879086350679,0.00016115252154411813
0.012202085545021899,0.006847069894896821
0.006493675036516348,0.006779918935958957
0.006607259062705695,0.00295520610565768
0.008333519455717534,0.0035822770037155166
0.006003744617965819,0.004592267041557168
0.004263739855950846,0.0008028323263409663
0.00543031553830136,-0.002885647490691889
0.007955706180113964,0.005506435119491837
0.00354215122624529,0.00016031494691417202
0.008045455869732869,0.005008482857510998
0.006342238212980233,0.0060871528209204525
0.0036790832115398426,-0.0034352759192080914
0.003984933498450525,1.7385982666209658e-05
0.008960085970785242,0.005237383589619807
0.0051111993471525,0.006332837430679729
0.005401825813059841,0.0018345783272944553
0.010686537549949452,0.008959090797784914
0.005926890872728965,0.003262292938313072
0.009309478542770987,0.0036411163835110946
0.010573053800384546,0.004616391856943765
0.009637206677509582,0.004753030087154757
0.00753966932691054,0.003157157419075009
0.005119863919883999,0.00325434237600598
0.005226390774107663,0.002865182923026046
0.006992460038681074,0.004336210049143914
0.004933020839969082,0.00019105847108170405
0.006058184379077219,0.003149240733481903
0.005717694234795701,0.003517685787061565
0.005335590624891671,0.0012895634906056018
0.005690748993510778,0.002183512667117818
0.005091857138371177,0.005210768247472986
0.005752590257119408,0.0037449899249050083
0.00522148750212607,0.0010285584992093793
0.006549435221407812,0.005673161768752368
0.0064283497388206885,0.00386573109040315
0.005237095977876622,0.0002422569136782994
0.0066833912367119,0.0038946504633233115
0.009583357463364266,0.007832151829624842
0.007182394861344196,0.0033008124122816873
0.005535092545074973,0.0022747026674663773
0.006428964101453721,0.0032448434549155417
0.00573217105361282,0.005067040483920881
0.005807609560476083,-0.0007279102106856911
0.009097620533281019,0.004584796445621506
0.005409055873856737,0.0013064227066124957
0.005481895039243638,0.005315936557417076
0.006170009941612904,0.0014952196210001245
0.005579815745521235,-0.0005349492955007426
0.008262226744754433,0.003614305886953427
0.0043234917599936345,-0.0033149285982539464
0.0005789004420796509,-0.005763256848055459
0.005286572422275216,0.0042957853183652195
0.00493517600251311,0.0010869229969631498
0.005385111172339413,0.005285380754245993
0.0069671718912668375,0.0069411354771510975
0.0034385354525083463,0.0008925418649638785
0.013040229429580632,0.004848624505475604
0.005053355203397119,0.004653632919530425
0.008445793538895068,0.004116225684248366
0.009239304965149443,0.002395976273836819
0.006127866220387426,0.005239366419010469
0.0060133485046823506,0.001467887944025653
0.00919963478800754,0.003353905245072937
0.014196756409029093,0.00709170697621731
0.005089505628720311,-0.0022099964928224292
0.005213550958889459,0.005196707330789683
0.006030868318452345,0.001252570147280506
0.002838084718011946,-0.0008577295038048422
0.006965431196530031,0.0060315317595054894
0.005328367753992638,-0.002615809332900027
0.013075062995513932,0.007954723328161706
0.005191455243735082,-0.0005484545603920907
0.008468536173663777,0.0038132213666429156
0.0071084238141623755,-0.0010970335466180224
0.0039129811929887025,0.00017703472420205028
0.005238255849396056,-0.0007712527348801247
0.006739631956122651,0.004753049476674209
0.004585197864218509,0.0021379668091851996
0.01080110617864129,0.007096630794273444
0.0033241300545260154,-0.0028230493246278535
0.007196361801728914,0.0028636288124920545
0.009770714412450157,0.0045985683759395875
0.005163557292931829,0.005975022645304258
0.006852289897988823,0.006591330062813285
0.004164799108810536,0.004912516744344927
0.007220331693385759,0.005468865340202942
0.00588895584884242,0.005500814093527612
0.006098820565212153,0.005562633530408109
0.006864202049896067,0.0032484231349671445
0.005239873827104006,-0.0009194160465769794
0.004700148553036789,0.0021938593478414313
0.00979475855893186,0.005673882945370507
0.005968946151120972,0.001985756685263319
0.006826417905652452,0.003616802944362332
0.0068751222251966435,0.0045736693020037595
0.005466532842896282,0.0021128181903810727
0.006832850405979315,0.0032668339092159996
0.005556477246141132,-9.283823089990817e-05
0.009688950729834424,0.003364500791379027
0.008007320354776231,0.004879562160148056
0.007641756781162883,0.002135810147048515
0.006713378354823241,0.0011171349352020986
0.00807890776781052,0.0013171786963020139
0.0072307508788114145,0.003779544990130778
0.0040406762848621365,0.002146950873844947
0.008886269207670886,0.004479234796641888
0.0059542590775836495,0.0019418248553004225
0.004090922185821371,0.00031897182477075466
0.004881422730484397,0.0029120516767412296
0.006324475793202012,0.003433019341503283
0.002460787496511848,-0.003999779842864444
0.00794046100542986,0.0030488438180588167
0.005481895039243638,0.005315936557417076
0.004565530902037836,0.006322678708222173
0.0045206765776264245,0.005335543180740285
0.005045160299766968,0.0030966464303008624
0.003959762535772356,0.0009333117225521336
0.017161841904803642,0.009635070847047665
0.004463903530014494,0.00160931955981926
0.007663071130710526,0.004181118719408877
0.007553573272443768,0.004322373939043302
0.011136620153326737,0.006858821076264714
0.017596914780477247,0.013452345946862239
0.007165397721611562,0.0049459242862814595
0.00601888037348687,0.002849382872433941
0.0034502304159647447,0.004193667632853425
0.003192077510219724,-0.0013796824684659415
0.0068245678340367755,0.000524303633207609
0.004587350124629047,-0.0018148439555866437
0.00578917201360203,0.0053408482546268635
0.014286911144702352,0.011534799867855322
0.007176995529087963,0.00521113863193874
0.003490775918486574,0.0020638366129011624
0.003989747212669155,-0.001461540964448076
0.007381416269027349,0.00697191997037745
0.005986877285357119,0.004423108282660334
0.006752487108683212,0.005725551814250443
0.00811107963269952,0.003338107792079545
0.004278925926418952,0.0012139313064835752
0.005527281081854989,0.002478270531632653
0.003905854082370999,0.0007942635644290468
0.010495740864023141,0.0027809608176946297
0.004912702968027079,0.002123268280702472
0.00447149630040377,-0.003259524284169731
0.008002782656670747,0.0035468037495079326
0.0054020487153430595,0.004534257022612539
0.016159150967957763,0.012837109820477657
0.0036695661746400134,-0.002192770360921888
0.011644573010753114,0.008500669122104234
0.00644536173831181,0.003960757973296955
0.0075672534933405545,0.0020148222164090793
0.0073065046524191084,0.005472138270508773
0.004099619536042842,0.0010710316225245016
0.00728411222985265,0.002036105598220884
0.014094418998992551,0.009567326352656107
0.009470885265333517,0.005412501016699665
0.00530395769512929,0.004032837868332966
0.007051990861136223,0.005474379595949559
0.0060664703743064366,0.0029896998988559083
0.00566812192836042,0.004818944868139188
0.01043364142472844,0.004734512910715444
0.009652735008968327,0.005901794347923678
0.006395725911691089,0.0031331604142258943
0.004430538684682108,0.005760995926638183
0.006257582016934937,-0.0027383149444041594
0.008151073764449753,0.005391264221539347
0.010461450061396193,0.003556972851618206
0.005567150939104357,0.00252963374782802
0.007907145911674941,0.0038328919210579944
0.0029629792497098024,0.00046739478239199786
0.009229696248347418,0.00492875617305332
0.005439923601872669,0.004940813086125465
0.007012250111945184,0.0015446164627492022
0.008621285507380925,0.006247809614023146
0.0067648746464423455,0.001520332171391984
0.009587764819659816,0.005190506904339176
0.007082902186930592,0.002956231517278896
0.007489248999443843,0.005734332015923423
0.003102519428445789,0.0025429323636566217
0.011505965516091392,0.0031094045805038937
0.004672919941247965,0.002457241985929574
0.008300215508413877,0.004004374047589693
0.0047500548810016545,0.0024872249044957306
0.005014390786380512,-0.0008647547297778065
0.005901669827907868,0.004002512648525562
0.00690475774259361,0.006678241304527718
0.005226703837302471,0.0030947231054801287
0.007405516801049344,0.007142036198285136
0.006141443653449038,0.0007142590388878566
0.007649081810396066,0.003297112452490006
0.01455130507082051,0.01072317410399883
0.006594652814882208,0.002809922885475472
0.007067962156232776,0.00552994824932656
0.005317846013685344,-0.001014603319491051
0.00846440898974747,0.0042297339473261015
0.005202677884968641,0.0010561083808218524
0.006166405678904343,0.004615275435693321
0.010269890707457242,0.0066309550103158
0.006706978141004655,0.005338601160497614
0.007565964829020819,0.005771119458834316
0.007489248999443843,0.005734332015923423
0.007899125887762022,0.0063572821087191575
0.004258982044928609,0.003833659361675741
0.009398601049485283,0.005482271889152555
0.006600520269568114,0.0030034039674954795
0.0048547204769385875,-0.0029022698507470673
0.00579173885541009,0.00544333398413497
0.006648457557928232,0.0018330216091613036
0.007638658474557176,0.005468025642061577
0.007899472338296222,0.004660592508501843
0.0098548983736754,0.0024449030433714844
0.004683245581623231,-0.0015334585459233947
0.007212465320499168,0.004336607144745926
0.0022802572549744052,-0.004024152251802825
0.00671017403720135,0.001469381009944989
0.004987264080205512,0.005678470758300502
0.0058944814865242445,-0.0019449348909833502
0.016418339934941073,0.012253469312603675
0.002715836331136829,-0.004334638843688536
0.009867539648701473,0.004489915536194083
0.0018708054867625848,-0.004830898115657423
0.007703220197847831,0.005264773110752445
0.004265822929130974,-0.002575755154692134
0.0058671713982318295,0.005216567844511756
0.00885675764209241,-0.0006389467221301626
0.008199334455449753,0.0015361265799195218
0.006953031425030945,0.0026077808888854744
0.004774231971499115,0.001990913821941372
0.005764032963475681,0.002113004167075469
0.005695955997715777,0.006037006781958846
0.012824881093155304,0.007628119976749519
0.005269096214615655,0.004103567579697309
0.009071166505991494,0.0048710052686191
0.006157443236569419,0.0021670643562916106
0.009834673370190897,0.004048443218755878
0.00977877167759073,0.0057272383732395425
0.007339581574115187,0.0051322002420825935
0.004340629738447711,-0.0023836841988468544
0.006386108903660543,0.0024526677508320245
0.003563022945959579,-0.0024055758967064488
0.005716995066396275,-0.002425862509711288
0.005873240700407973,-0.0004217817484679365
0.011115918970364935,0.0058896567174446385
0.004649818248620485,-0.0012244311018468736
0.007233987388123171,0.0033905932241064893
0.005897570169734779,0.002382421040056956
0.005097168870596613,0.006370002758810854
0.004536104947909114,0.0016999859256623543
0.0010366136539117568,-0.005776358523230049
0.0068465812510884174,0.003967306085832696
0.0060205058772419585,0.0026804069692651505
0.005384443261784437,0.0011769890951953618
0.008338210870380738,0.0037080159821373908
0.011679019037394019,0.0041918360024538765
0.007483315912300913,0.003394077255377263
0.007302306842345289,0.0032934515889459347
0.00601399047271213,0.002498181769191643
0.005399196019655308,0.00291918393632891
0.003438380755976898,0.0030217824526007344
0.008430882980215836,0.007472809254892515
0.005766922102702668,-0.0006956724641818384
0.0037209871111994553,0.002484706117250198
0.0051691976292219145,-0.0006571644910698671
0.006365681058411199,-0.00044236133745341553
0.008154013770755118,0.004544283945439028
0.005867824062673308,0.004711009263887907
0.004250966439738999,0.001023106999560883
0.004747122276352469,0.0024094377247539005
0.003788512661676192,-0.0035217972222576005
0.009782723943485432,0.004690721610398824
0.007303085106001127,0.008187475215033834
0.0028603468966993083,0.00042468962368625175
0.005663966403986026,-0.0014490596183587418
0.006422645235195841,0.003742298411178958
0.004310525897604419,-0.0039058887516926193
0.012801522703847814,0.007305332191540165
0.00618574666069395,0.0042336861057511235
0.005599397757534612,0.0014304558399061782
0.005142025912574241,0.0028941502483674176
0.011915711185925586,0.00480845354483366
0.003684731808249189,0.00443248161440694
0.0038438555071582583,-0.0018549776604332505
0.005766922102702668,-0.0006956724641818384
0.009046047884488663,0.005121553992562278
0.005333375472162214,0.0019451542208602651
0.004189281570273329,0.0010907856630323126
0.012103588813818116,0.0034463690240424333
0.005357441537581118,-0.0027511577836540173
0.0052494096309590585,0.0019443025733426973
0.009688565884766477,0.005589664064743734
0.007007515888627244,0.005955119160712015
0.008014159819627865,0.006575029247969143
0.006773128739054543,-0.00265021385826081
0.005832275327533542,0.00801150505845573
0.007766747723983743,0.0021072879828549704
0.006053799915864603,-0.0005125233911600904
0.006466296617858634,0.004664887312325628
0.005211726124691457,-0.0009516843549747436
0.008037693529341432,0.007328153861002631
0.00514790935930361,0.005312164719363183
0.008357820622648652,0.004690384350942442
0.005837702795968807,0.007517527464419785
0.007489925083429878,0.002498427779304444
0.007922830134917631,0.005007194690012707
0.00828152820530004,0.0059766000770274524
0.006130474247303739,0.0005106580670415041
0.010257804735803356,0.009093914350071902
0.004467711751839847,0.0011647574970162517
0.00952293167590685,0.006401985324117139
0.010041333225421703,0.004872976322091857
0.012693530014906904,0.01046109201116488
0.005253349392082942,0.002458226890809642
0.006751586986563573,0.002456950536989689
0.011070300513663124,0.005411155624950235
0.00961021262703229,0.007574401443939283
0.007875283714288094,0.0016905188449648457
0.0028710080139825525,0.0030580282754719395
0.004821236340343717,0.001297888391695195
0.008022472261509407,0.0033719530007218857
0.01100251992252744,0.005510256716820327
0.006663697089908159,0.004072637202901798
0.005906791705642957,0.005230533927641737
0.005568439732364177,0.0013933621226749583
0.009191220984688194,0.005239292744849928
0.009562068872314533,0.006075155453434313
0.007861451061374662,0.0029001022745140832
0.007664545989297343,0.0011965927094127792
0.009723802568055842,0.007180581247190463
0.0061327335398719,0.004006157948338966
0.004975217556160247,-0.0017030810954344567
0.007845029186704697,0.00203414884982889
0.008148117991179437,0.005890187776801022
0.004974153884310262,0.0027719533819534573
0.010382739630610576,0.00795176531943403
0.006204913154501752,0.002951035945887008
0.006792649698167245,0.0015664327511177318
0.0067255070631488875,0.002687294545374772
0.009189980030828037,0.004865983085030408
0.012796152450518928,0.011525793313983275
0.011972118340629959,0.007264528511391883
0.003611370839684736,-0.0037731186962586035
0.005182407745452964,0.005861127430027951
0.004779627276142159,-0.0011850670431866796
0.005980573750584788,-0.0008497735794581705
0.005708480493818905,0.002216044259253991
0.004751054046256115,0.0024353263554455374
0.006237619054782541,-0.00013562868136108002
0.005352285522085065,0.005781897966876718
0.00464972840075401,0.0002417159261106864
0.006550358217224248,0.005135962041935338
0.004688790303626408,0.0028462361657711896
0.004317005912467553,-0.0035080629094836847
0.005264764240443731,0.0016451641880879508
0.005719904584378676,0.00543502092413031
0.002648540802147093,-0.004543325526635014
0.005025788258014741,0.0026459535177638886
0.007376689442328844,0.005447805230013411
0.015960795140891222,0.01220610655400279
0.007171482214774984,0.0030461303364702937
0.010108801351220343,0.009916597514345003
0.0033779373981664192,0.00219186479718584
0.003496437087147938,0.002820037480698801
0.005208045838869626,0.0020263291588221675
0.00558926450015864,0.0030720550096103817
0.014374084271751908,0.010315113410183659
0.009600727494972917,0.004286276790829859
0.005162326114571188,0.0021235574068228184
0.004941196892589903,0.001903448451429467
0.004147431340975397,-0.0031136465037513213
0.005121492532042209,-0.0029937537493058986
0.0038505654313286935,0.003538235043018525
0.011687018661846163,0.004385900866568957
0.004471493085781711,0.0013853840303362308
0.0060752739958577166,0.002143925825233253
0.0070846429717785165,0.0028717269967905752
0.008926073098189252,0.00832320791630325
0.010573142427953415,0.004889982259440228
0.007865406428157974,0.004529641750953793
0.00799502330364768,0.0047166977260033865
0.008231721608428527,0.006098205626548626
0.006768027438622171,0.004108791927256859
0.0072597194421541705,0.005344563227056903
0.004881979341244239,0.0027191624059725826
0.0066833912367119,0.0038946504633233115
0.004776082686621124,0.005162435262861942
0.005935251615032907,0.0037339345546004675
0.00928463704945872,0.002515269961962394
0.012188993861783709,0.004776649045402031
0.00320283678395146,-0.004229687748192735
0.0049166565274140345,0.002195968548577891
0.0027869450656899794,-7.226061212355084e-05
0.005201746305838483,-0.0010499876164881128
0.004384839735515774,0.002149983245575177
0.00842177304648079,-0.00017336360100392474
0.006741883272764174,0.005030194829026773
0.00530468825236367,0.002813476721702136
0.005216541704005205,0.0023117558350037246
0.0030741031805381425,0.001172700871495973
0.004705669884246971,0.0023864982456935314
0.0054209364269469556,0.0025355583628953607
0.0037296623016449554,-0.0033586397780975387
0.008483896292458317,0.004881404015368846
0.00951898862128403,0.005756406808632958
0.006030808596329474,0.0003431937203040667
0.004754984025977103,0.0009668089302598817
0.009046047884488663,0.005121553992562278
0.003612367057591409,0.003247018128902773
0.008855245680694894,0.005141342828004095
0.005564589594791192,-0.002068080413358561
0.005724185723460725,-0.0025529008011615385
0.005188525092832398,0.0015163475932028535
0.01300637999444226,0.00736840461399825
0.007831841981501532,0.001590511425947157
0.006678381670216335,0.0006143365800147264
0.005968237906217179,0.0022669891525347796
0.006025838922677005,0.0035693596803546244
0.0024846065973550997,0.0005299373577739557
0.006648457557928232,0.0018330216091613036
0.006344049024152306,0.0013890605115250265
0.0037872345375172117,0.0006526125362665957
0.0051527847607329615,-0.0012911007785202117
0.00514790935930361,0.005312164719363183
0.008253513605924075,0.003201024515534578
0.005344960596930977,0.002698700929445244
0.0044388958952751075,-0.0006276362835855162
0.005878042087439245,-0.0019512208944590242
0.009756227956828869,0.001990267051918613
0.0049743347677462515,0.002350697864729293
0.014024683713942141,0.009509739677053989
0.005248811753030078,0.001046909458225824
0.0044011768807221945,0.0016523484380923676
0.008369603256192588,0.0032396180137655435
0.003534195199143845,0.003954410027927913
0.006490490116672043,0.006556148167842718
0.006123759978292199,0.005150694026066999
0.007505344268272889,0.0033936490511029256
0.008531182128189622,0.004055964047375488
0.005911607097997212,0.0044700836464898995
0.007247101492904945,0.0030598981789582164
0.012978508834828513,0.011812748705777575
0.007362613449872383,0.004099541579246383
0.017099629544454764,0.014407484179281378
0.004728699412231571,-0.0016672223893266329
0.00891922437966469,0.0027172807443466384
0.0025075656424291236,-0.004212349346423612
0.0057425881720915145,0.006078653761925387
0.011304853595998567,0.008411503859213172
0.006117916327718016,0.0018217688592561208
0.007361968309891581,0.007981238999896013
0.008026872933593941,0.004708540024982099
0.017088745767261722,0.012796529323891394
0.0009562534015464669,-0.006049086664096945
0.00695775548525529,0.005097852851512739
0.0008420236974945143,-0.005073607297743603
0.009227645943357626,0.00835927599919367
0.0056381214667881735,0.005977697653879514
0.009488899159881133,0.0067679930457811704
0.006022696049622346,0.002376395692803213
0.009801731035679995,0.003584737222945354
0.010376716171642434,0.00848171818876197
0.0055043311073525005,-0.0005761049979978198
0.006818852061946154,0.0018188954260744275
0.004782098794353236,-0.0028677648345379475
0.011515505723145424,0.008475739532521813
0.007769153371089077,0.00419384595346744
0.003438380755976898,0.0030217824526007344
0.0033126428826746896,-0.0038975910242421835
0.00803283990890158,0.005641293798982663
0.005263545078215219,0.004724878623960881
0.006568640237905488,0.003683733735477831
0.005359298013105186,0.0015053077422101735
0.002838017969231105,-0.004225784747735521
0.011511681841689683,0.00398480167463731
0.011903517875577868,0.006333330316244858
0.009213135598289793,0.004052239680931335
0.006290823998405146,0.004398646542245492
0.019251473303295553,0.014200164744849456
0.006395725911691089,0.0031331604142258943
0.008723022658209024,0.005039866612468061
0.005748432654301362,0.0062325337087183
0.007824713461573672,0.003137801518696798
0.00561396437050955,0.0025529120792416636
0.005342299817254733,0.0018031911170954037
0.010145124280490766,0.005814515968308716
4.490823485926894e-05,-0.006598310598889849
0.0048748378915880386,-0.0002770313410657248
0.005100915434915527,0.003646712602011273
0.016748402335313915,0.014317220153680445
0.002532604322926974,0.0014914655741654
0.00386844121507067,0.0001692092330262962
0.006303539289554528,-7.647341404328802e-05
0.0009465813045723779,-0.005358257657948564
0.0053923753310058066,0.0017617249950811582
0.009318654115466328,0.0021069519503607737
0.004770100333915455,0.001101736691542692
0.0050745922169744585,0.0038552351392574305
0.008546944473089102,0.00494001590032328
0.008310824114577255,0.004476661575077603
0.00534198456583752,-0.002240949583270124
0.0005489747763100603,-0.006119268283304152
0.012913592396127922,0.0071115097080566465
0.00935430826427239,0.004732741503780086
0.00495481629850868,0.005526556878253597
0.00842739704595488,0.0059708797647445855
0.009525752317111329,0.006841877169839356
0.011817699805731656,0.00805562249242759
0.0064246146793643846,0.003083153571864056
0.01508751266995387,0.0119462754188457
0.009547954875198288,0.0061818934360288545
0.008007320354776231,0.004879562160148056
0.005670238340739842,-0.0010131135232076365
0.005985866454502073,0.0054227368058036044
0.009608364333555247,0.0059208162236985586
0.010407747577239916,0.006362573043441009
0.003442336536463796,-0.0036334549349255306
0.010216677769947504,0.005908498753131316
0.009688565884766477,0.005589664064743734
0.008989942418077043,0.002429902867836578
0.0012784874947391264,-0.0055842789617132835
0.007120581173383156,0.006399531132942584
0.008107781447994789,0.004166838177319716
0.007437488192086011,0.005510042118615863
0.006226923922454586,0.006320973893438968
0.008232366774977802,0.005402640882110759
0.015458195165409715,0.011448113383052507
0.006994021907967452,0.0018564184107186651
0.004962264067113422,-0.0010939642846958973
0.006139603036305905,-0.0013441138966387408
0.006198661120967049,0.002343939483803222
0.007053647946830527,0.003988836881391766
0.003833104252753501,-0.003360920591971096
0.008236652617693166,0.004500051616654101
0.006092742083496616,0.005302117410450301
0.007679716371860115,-0.0018884815080800962
0.015735545290422457,0.011567321029486452
0.0069553665543281,0.00046492568733803863
0.004317252126115303,-0.0014144242343203913
0.004762336758989253,0.0022094689898145376
0.00548757933269662,0.0028110031965688925
0.006417471060747646,0.006485106288469548
0.0049079138476756795,-0.0014616563388077358
0.012540238990267672,0.009519207555339228
0.005860978771106577,0.000988366848910874
0.005215273682922958,0.002313254999308759
0.015834861298886872,0.01167105797328648
0.007740874496109864,0.004390715095402192
0.00787716151908515,0.006733704442426585
0.006688587264652578,0.0014250162683032497
-1.1617771641840927e-05,-0.0070117449864333815
0.0042816847839440755,-0.00330181968834693
0.01075902949156522,0.006934443409887917
0.003816722131035342,-0.0033176861108287024
0.012447818359050853,0.010857891717793791
0.011637614899397686,0.007380323590040918
0.008151424233854829,0.004093241456471483
0.007256090901521145,0.004517411537752535
0.0057310499511704135,-4.922798128861351e-05
0.006508018357711203,0.0033852006229698655
0.014725394176819727,0.005918182677176408
0.005422261636994049,0.006090237309786341
0.006546897750495427,0.0018184206108713564
0.004468921809855694,8.923762198640058e-05
0.007185440003299478,0.005392060233341522
0.00621362896140834,0.0026169103316634633
0.006260951145117238,0.0031172103929285547
0.007105886561514705,0.002908550331083932
0.007027435119687293,0.0052276473399692075
0.005226920503838697,0.0022622182542658678
0.006990280678889401,0.0039176302600914675
0.00514423398082336,-0.000547959447567789
0.013762042524695539,0.008635684693133111
0.01294582074310621,0.0050598117379012245
0.011860986498436966,0.0033335032003732968
0.005368190877718134,-0.0014792314780204107
0.006439902819769328,0.00080922225124401
0.0025877736208410806,0.004392523808246539
0.0074370845790639,0.0021080113460771113
0.008878223627997867,0.004579143815388956
0.004763434942615783,-0.001830336618283586
0.008107951054818211,0.004398699491043823
0.009488827844685174,0.006047942303706122
0.006752487108683212,0.005725551814250443
0.0035424202708065934,0.0047178654282979925
0.005340328885240032,0.001732172142898461
0.013736709721657522,0.010228958891625322
0.0005097586237357912,-0.005766686697315405
0.006631652607421212,0.003540712807722836
0.005847885429536534,0.0051165059198623915
0.005840395383183588,0.0016102307584745295
0.004087864094556538,0.0012310163411278566
0.006994703017657574,0.005899131374829514
0.012794414396140388,0.009951018469486216
0.006793589325290381,-0.0011970321881968216
0.007865406428157974,0.004529641750953793
0.011777969302992276,0.008610219209409806
0.009057333800489488,0.0026357705663174556
0.006221819320364768,0.0012145211534494577
0.009608611820831024,0.00550082999502233
0.005554036075925315,0.0018910675800807228
0.007126752433785086,0.0037744962904541855
0.005565690882533234,0.0049627557899082075
0.0040228552476197,-0.0006078911681068506
0.005556477246141132,-9.283823089990817e-05
0.005077357309648437,0.002263215291377481
0.007968393401430199,0.00461212129219973
0.015746533742105245,0.012062021598414486
0.0049548720136822905,0.001889938109144276
0.008725274199526446,0.0045097282935923095
0.0065008217466089,0.004770513598119671
0.008083145905771897,0.003989370593511825
0.006770062263933995,0.005304320337837554
0.007522537303739903,0.004115972860672197
0.0032635534075595492,0.0004687517267649953
0.007671798647958453,0.004579473824395965
0.010607937278828354,0.0028039697339446593
0.009416116390807052,0.006893812941652737
0.008621285507380925,0.006247809614023146
0.001653330957898689,-0.004632083256316379
0.007411497285015495,0.005567078207912513
0.005719904584378676,0.00543502092413031
0.009513640084186247,0.0053724054130365
0.013580896576477725,0.009477218161798454
0.008652178336484032,0.0048868704122379866
0.009447056176911604,0.0035931401757422405
0.004338509392304781,0.0016715995516495942
0.005288661443104803,-0.0023924408912430733
0.004195198118208775,0.00047237441341750966
0.006511318290530438,0.004828662324511534
0.005566550440410457,0.006248289845300175
0.007329892575655071,0.002997454016101595
0.006538296162884277,0.003221433426239698
0.005523591618928319,0.002699692630461951
0.010325382725309872,0.006953861744441795
0.005116005729862363,0.0049166401812911955
0.005983759732818478,0.005108054023819334
0.005823606155583116,0.002495817324467282
0.0061810058861392625,0.006152636294025994
0.007214261588329181,0.004087959983897093
0.00964129533290698,0.0056102094109392354
0.0002824770461050518,-0.0061343966240161255
0.007254783891185584,0.0024837687743178996
0.008665287733922193,0.004939948803358206
0.006968992345542741,0.0016025761480574548
0.00547643715586643,0.0031480782810475727
0.006130554721021234,0.0018732250149446489
0.007066089484631835,0.0026303085175671094
0.005174354745078096,0.0014666688090584782
0.004654568189870482,-0.0013514547025221917
0.009207988320203333,0.004087499313776102
0.008082318393439624,0.0037539097111641776
0.0059197911799928095,0.0030487219066080967
0.007405516801049344,0.007142036198285136
0.0070227986529774,0.004672441599259704
0.0015037861235493166,-0.004438061638280004
0.002851134130096333,-0.004156906265629879
0.006834624874814165,0.0008195453388693437
0.016401666204506407,0.010176541417860138
0.01593398240979356,0.011177698198366082
0.005373939373995772,0.0021370697395674777
0.0037726385879606993,-0.0023649606471214807
0.004744116515144495,0.005761078852113482
0.0069671718912668375,0.0069411354771510975
0.008071089752146265,0.004941713519334979
0.005445251326962107,0.006077779298701486
0.007484498205969049,0.004990470086873432
0.0048850029696926155,-0.0031032958715909572
0.00873745725764015,0.006761825825389425
0.0056555216922727775,0.001049100861296932
0.0085691721976856,0.0023643820583738933
0.0042219575021109,-0.00344490479526169
0.002296228815629793,0.002928529481134504
0.007264769702512479,0.0024021174055524385
0.007722145750301133,0.003605347203893737
0.0039540529082993225,-0.0033964855657459252
0.008604709791390459,0.008482580983576942
0.010220441237759354,0.010218834915557497
0.012144590493479991,0.00615540823218113
0.006616266564781468,0.003322041286623929
0.0051156658705113,-0.0025725720342273887
0.005992716962018771,0.003269294817774419
0.003021102847031801,0.001983804437750614
0.00745820811753004,0.006740015045987249
0.011975957017484721,0.003734378442301768
0.007313548965160179,0.005459667923462455
0.006619029479292476,0.005388175269878904
0.008566605927112884,0.006676422492270143
0.0028914549534869586,0.0023511500957289237
0.004860207404566651,-0.0010990881510335362
0.009688565884766477,0.005589664064743734
0.011105644692800138,0.00861905959125806
0.009046047884488663,0.005121553992562278
0.0024846065973550997,0.0005299373577739557
0.00698944099344319,0.0031060992535813558
0.017164216113281592,0.014433645530282004
0.011918543929945045,0.008722487882535629
0.004185757261502034,-0.00013931607202869595
0.0028034658409386917,-0.0020333027182239845
0.002237879086350679,0.00016115252154411813
0.0063151350300833615,0.0020913835666108048
0.004981093820242559,0.00013551942384676732
0.007070429407007128,0.004924984902076716
0.008136915240425376,0.003798502493018281
0.009488899159881133,0.0067679930457811704
0.0003231346755814008,-0.0014418001616025786
0.0024746782435917485,-0.005001102177698443
0.0096895321864937,0.006501210716101773
0.005534035022673954,-0.0022915926608867232
0.008015742691309748,0.007521867584452027
0.007141352039279837,0.001991048071373659
0.0052243882749737,0.0017894917301965099
0.0028211042716098957,-0.0043150163916025105
0.010418665209983443,0.004452820050065353
0.005402884851049393,0.0031960196795519924
0.006192739239437145,0.001835161199121185
0.01645969193115216,0.011362665503906388
0.010755264379604413,0.007264043019019827
0.007313548965160179,0.005459667923462455
0.006527930688184672,0.005305718551427856
0.007381138995527402,0.002053336069428661
0.005432629593854443,0.002154963239831092
0.004832679881413121,-0.001156690335631239
0.00849255564840802,0.002960834173311692
0.006806313451902192,0.0006301865518348621
0.0024298419829078526,-0.004609589174210393
0.0091217659351053,0.005403086695353207
0.0050343519502845145,0.004805144061734364
0.004923322615090246,0.004125333864854651
0.009571892728177414,0.0025411360576813903
0.010052176404927417,0.002764693811173882
0.00591879627526542,0.0024145261287491712
0.006568640237905488,0.003683733735477831
0.007241454460281525,0.0037398913525154244
0.00680039017757147,-0.0012755853616466476
0.006900138813129588,0.0076729991797826105
0.011747222638304577,0.009438078863824046
0.008457447302285306,0.0057526821661585455
0.006723309655608533,0.005300655944013308
0.0021795509412403657,-0.00031591642727147803
0.005516163659210006,0.004308249808607973
0.006604243873006845,0.002036869356519507
0.005215273682922958,0.002313254999308759
0.004811794296680867,0.002262139144651402
0.006547376126277446,0.0011807060380522741
0.00533681238733986,-8.947921983872703e-05
0.004299774000625453,0.002209302025994839
0.006423166631433316,0.00040299120478820387
0.012839710881346902,0.004754153889798716
0.004455940938604783,-0.0005346839977131475
0.01652189976962298,0.012425988667437316
0.00565330700789439,0.006140373303916709
0.014867092264546366,0.009845611451221717
0.0066833912367119,0.0038946504633233115
0.008391832398859655,0.0049195822876760735
0.004878865193493856,0.005371975023541189
0.007729879601530684,0.009234373668224952
0.008660680202437893,0.005174783620180607
0.007195132101094037,0.004760295622911932
0.007916804496805555,0.007975435448405135
0.009980682524595353,0.003228501187559943
0.009296024436506203,0.006187623910882147
0.0075374675316834516,-0.0008033651384734344
0.0066833912367119,0.0038946504633233115
0.00455059873076942,-0.0009357588299292955
0.009501180970247039,0.004354723389302014
0.004054462028196787,-0.0031560236476751453
0.005745334492518534,0.007218748593294161
0.005798895729480185,0.0023884151942815054
0.0031259437786681317,-0.0011855964733966246
0.007379589310487663,-0.00032770404705837353
0.005203916143931908,0.0013690030466112458
0.007929666012618216,0.00406758684622195
0.013978246132184341,0.010281078139084606
0.0051416706318669425,0.0013994127799041725
0.011328967627241168,0.006620747173133634
0.006864297690275134,0.004606657757128426
0.004430538684682108,0.005760995926638183
0.007941864037522135,0.003253744114388296
0.010955781147339493,0.0068592354175579595
0.0059528317853268925,0.0016411000060365432
0.006898297105969163,0.0036066064399769954
0.005750909680126905,0.003371353980091512
0.00518213949349805,0.0022159142825849618
0.008645640546682909,0.003920270268846034
0.0070665043226460665,0.0009129593725991248
0.004927565467482371,0.0004907347245732413
0.008014159819627865,0.006575029247969143
0.017582738855106844,0.00894788128371447
0.00588075911179289,0.0011901496997751395
0.005858867355435185,0.0029025771366568854
0.00740152067328859,0.004476467253257899
0.005900118631027091,0.0008360673845585927
0.00461637448513605,0.004464420458432552
0.004020592539201902,-0.0019097923298628666
0.005016349937473538,-0.0024114341701531924
0.0075141342423638135,0.006308238524950228
0.009088142174391483,0.006424195395981375
0.004007807747331301,0.0012341734259905777
0.0039506307145363104,0.0009105267985819697
0.0067251782015528075,0.003069362595109348
0.00424602873760113,0.005153946491179274
0.005921355036621546,0.0025888766567949487
0.0029216612934622284,0.002632433058175573
0.007929666012618216,0.00406758684622195
0.0047040272940079,0.0022728295940969223
0.006236672031883075,7.391138001337175e-05
0.008422227071424818,0.003931241119697583
0.008340099452828023,0.004827407069774643
0.00651304673514747,0.004239513894053777
0.008478712588114471,0.003951379711159218
0.01018084234347465,0.006066507762452719
0.011948687299648247,0.009004909571188323
0.005670576305612253,0.002655355131552786
0.009048779260345481,0.004142783983636392
0.0069935113289724795,0.005377960863167191
0.006038260191726956,0.00141965718711045
0.005044697632478954,-0.0011099707960115363
0.007093100791191274,0.005171549037800052
0.004404672553648622,0.00402230032689232
0.00585290514813409,0.002313188339022861
0.007302306842345289,0.0032934515889459347
0.003729035593810895,-0.0015461443742119992
0.00447951905218957,-0.001655984441127965
0.008132662000020172,0.005985949010966667
0.007217139977528339,0.003953741188440319
0.006416562975444218,0.0025035103561285516
0.008051781892686023,0.0038152761968311194
0.0037106089121346705,-0.002689807286750081
0.0062120200032216855,-0.00016712953937019458
0.008452690851456227,0.003729786368542696
0.005516796423441137,-0.0009369852939128034
0.006315414402218604,0.003184905592084227
0.007268926188073503,0.004574773364355808
0.006170758736916505,0.005650258586373072
0.006701352202651206,0.004926264984115005
0.005328097464255064,-0.0005254858401035831
0.01341459756641369,0.005365648054006135
0.012065306474424305,0.008210236140365729
0.007113385668521419,0.0037631085398506956
0.004464497997288553,-0.002186497793021664
0.003254871575574014,0.0043937016321702145
0.003603157131742727,-0.002843078234861636
0.005376914166127645,0.0021924330005762644
0.001112162084544661,-0.005721578724203225
0.008886269207670886,0.004479234796641888
0.002083838467015946,-0.00589807714946231
0.006402131864382892,0.0025537514575597626
0.005822628866809593,0.000988406433673452
0.006110186464735087,-0.0008486742740478849
0.008588258201747224,0.008790425102921483
0.008337600235376661,0.0032626986013766304
0.005176968047095851,0.0033588390363067976
0.004255405144254246,0.0006487636258040996
0.0054905974504611006,0.0021564179532473794
0.006022696049622346,0.002376395692803213
0.0020850974373137453,0.00028959514870766437
0.008346979873399996,0.006828905985941992
0.007769477203495601,0.0029472641023026817
0.008994698501258601,0.005080671918753821
0.005844569250915374,0.002630675727861142
0.007112560020520122,0.002524772298261928
0.009993626670234328,0.006230565637399961
0.004928835119587486,0.002792890955123125
0.0060690882862294605,-0.0006708094480748104
0.006232528874985181,0.0015074352271362487
0.004230458474393706,-0.003132791315409231
0.005804768317121489,0.0018393624176755935
0.0071806099738160765,0.001970141695757717
0.010263244032510931,0.007190275890075865
0.003577876062637865,0.00459951831629058
0.005644889853925349,0.00020458700662593678
0.003438380755976898,0.0030217824526007344
0.005730538992412963,-0.0012401127040321518
0.008917911679113391,0.007551987241718539
0.0041766493827657715,0.002820916645596685
0.006370958633063108,0.0047506318722043
0.0064489768218120545,-0.0010696941018313276
0.007271011759144129,0.003907539954705571
0.008205097227613724,0.007234683464134157
0.004600313343327018,-0.002179934767443258
0.006477251355421447,-0.0016608412485519877
0.005865102154841673,0.0035661570122622038
0.004467041265399247,0.0041723228916837425
0.007324087535005497,0.007801629719248163
0.0032070326173596914,-0.004141808536211728
0.006199780565050504,0.001980285687065579
0.008819062311921201,0.003230993613648571
0.001044372657739219,-0.0051436247560529905
0.004341466981508156,-0.0019350305858887099
0.0037718173286705303,-0.0034334933672453983
0.00399174692509296,-0.001839125582505487
0.007188489914041057,0.0030139900971012535
0.004943847780226412,0.0029009694394002807
0.005532117310608502,0.00570629554682585
0.008375926286547965,0.007936319672562812
0.004916500851049668,0.0026829069425635494
0.005657604448343126,0.003941290447617678
0.00959651033429492,0.0077680273524086095
-0.0016441931028052525,-0.008007481988953739
0.0028710080139825525,0.0030580282754719395
0.004441042521952092,-0.0029923257122266202
0.00770294081691705,0.0046623599120194596
0.005222795808162138,0.006486049073784386
0.004523971250830351,0.001394535257828686
0.0075102072472892035,0.00452189594316492
0.004527475312404695,0.0016743625458983755
0.011088588501164084,0.006343221047967668
0.003254871575574014,0.0043937016321702145
0.006092742083496616,0.005302117410450301
0.01570511655619844,0.009042988810831997
0.010145124280490766,0.005814515968308716
0.008177228970310878,0.004765461798484347
0.009538114483060849,0.005901943018687355
0.010132572202103332,0.00396278974412456
0.0070503231024731244,0.0028926038121028386
0.007347571600262916,0.002505642204335614
0.0059836680279819355,0.0027319594815949652
0.005332005370417851,0.0016413185867425158
0.0053159334936887775,0.003047864592412651
0.005493545139591682,0.002014477544723667
0.00714326831450782,0.0019879325665973797
0.007469563789036924,0.0040511403842547295
0.006489348213397989,0.0038971486326468676
0.00699352470880947,0.0027034274659336905
0.0087988623295319,0.0027222967254479204
0.008486395951501503,0.000882859735460699
0.0049057460834601736,-0.0010765018899016095
0.004641913362557733,-0.0015104622631188641
0.0051174724209217485,0.0035016110765430583
0.008021624120060144,0.002730964215042605
0.00681389108210841,0.0005133529487057467
0.006208152174955139,0.004993363900192897
0.0071238720786956046,0.0038778824881807814
0.004507477665047873,0.0016222659854948631
0.009451412952425185,0.0043583091655820215
0.008831768249890761,0.006629644256384717
0.006051253843138693,0.0026827665976373464
0.00974301913678785,0.007354228846116616
0.009782419311142574,0.001988502210776049
0.006170950946756056,0.000736080649795111
0.005456954153427803,0.0025210566635825438
0.005760010358670714,0.003267103343950197
0.009206731040794454,0.005122806171360458
0.010109025489652281,0.004957921739421915
0.007449548755812611,0.004047397566407482
0.004002920677069897,-0.0020709276645937014
0.007431972168408968,0.0017413965536364207
0.0027635421733257105,-0.004230062424615351
0.005888710409942326,0.005380493546350251
0.007671798647958453,0.004579473824395965
0.007901861488884318,0.003054190348155035
0.004411586230326236,-0.0013270041490579653
0.011975477735094216,0.008780259404127078
0.013706424075880439,0.011811615374333635
0.01400355524282616,0.007374681981108255
0.006017362472828011,0.004104666173655239
0.006191275359254003,-0.0031393354457302756
0.01133630680484532,0.0093177069551711
0.005322321374862761,0.004581802171284412
0.0063296498613821,0.0012610851303107287
0.013915459315230565,0.0118244879458514
0.007102409508672309,0.005461303568859494
0.004721249966050382,-0.0013311529250750742
0.008089738016490933,0.00413865055200116
0.004246657761601926,0.004971178929234109
0.014282206770919296,0.00492466712223941
0.0075463585394997205,0.005052594885360688
0.004436705744651151,0.0032598375331586733
0.005371202145565859,0.003593183081395051
0.007957114449153152,0.003200932895129018
0.00699352470880947,0.0027034274659336905
0.004652190339658838,0.00134192864819614
0.005297614337799252,0.0036008820403722963
0.005066187258793207,0.0012034631466651697
0.006460314695219566,0.0022090323688477255
0.004177744461770241,0.0013834153942418465
0.004277546168581744,-0.0020585817352131277
0.005453598048349422,-0.00022075041288553525
0.006029091538639104,0.002311560600370962
0.003307586042247129,0.0038404580504167816
0.006013196859491053,0.007448004386125218
0.012247622863304213,0.010325587251004749
0.009189980030828037,0.004865983085030408
0.007467844903550885,0.0022996910984729637
0.007788981885043228,0.0064085257211111794
0.0043487602482473195,0.002237747945614376
0.00676194011014403,0.0055522244352999486
0.006701615317700875,0.0050266007577884474
0.007831717692762901,0.003960176561771893
0.009504714984340929,0.00871157970489531
0.007192772030310238,0.001339796941842733
0.010675095982055856,0.006850484651860882
0.004168352760891272,-0.0012324293193089813
0.007395590067050052,0.0026999706448949242
0.0012582608257232907,-0.005621215722453887
0.0028577288884175317,0.002850861029110692
0.007943086309040323,0.0014678383444055284
0.005052140374720492,0.002806204830902018
0.004339967184038387,0.0014740824338769888
0.004514591260823519,0.002658348471613921
0.012612051626776484,0.007046373541760182
0.003922283250787953,0.0006840861330135607
0.0073168264183770745,0.003074973531219955
0.0028814063180015483,0.002819041817908142
0.0016947217920746434,-0.005232029481138741
0.007467844903550885,0.0022996910984729637
0.005467300405016571,0.00306432434392192
0.0057858955196837284,0.005803616037400059
0.007295355426624161,0.004819171977946447
0.004807214729358086,-1.406307766490221e-05
0.004813116420225427,-0.0011467048318174727
0.004077429264538143,0.004350832972150355
0.004211387388787452,-0.0018948017129507434
0.007865406428157974,0.004529641750953793
0.0037243918484335652,0.0004482487265003183
0.011921823952164737,0.007115765519368427
0.006752487108683212,0.005725551814250443
0.005322658244697912,-0.0017072648158485849
0.008300215508413877,0.004004374047589693
0.0025535381598906625,0.0006941671870211389
0.0028577288884175317,0.002850861029110692
0.006905069274484126,0.005135005055157814
0.004262671943960397,-0.0013872377854793486
0.007516183731352284,0.005592913130687623
0.007132472980345231,0.0008728722277711676
0.010728137209260538,0.008370510425615003
0.005901409834814941,0.0014230478318184407
0.00443104002140924,-0.0032961454891071666
0.005117626186131004,0.004955237964120837
0.004833667133151377,0.0011181264134073098
0.008434550459576483,0.004899017609683892
0.0028577288884175317,0.002850861029110692
0.007718022236884538,0.0041785921653087876
0.007289722583723315,0.003242823853642591
0.00476906888345144,-0.0010564010883879916
0.008689679796276993,0.005188830481858676
0.008097345799458859,0.0017665135456284807
0.008258584269889124,0.0068573582556486845
0.0022577513717889717,0.003741816349647561
0.004832718310338575,0.0048222857146168275
0.0051542698205574704,-0.002918887350021827
0.008265992383400355,0.004006092419855799
0.009981598562092525,0.003671674812653238
0.004223076322517528,0.0009212893182426905
0.007345445612169587,0.0020506359969196513
0.006261025875802477,0.0057361789528501544
0.007395313993414242,0.005289416254602186
0.010375132612662699,0.008969417798986997
-7.179010167016053e-05,-0.00647950821193142
0.0039354066431282805,0.0014748426466590046
0.000982808717732389,-0.005833252290859713
0.008423277939384362,0.0028877634504461134
0.007166663887375809,0.005101401248779389
0.008247657111226072,0.005429835743955395
0.015419293870782176,0.00865731881747378
0.008382911887460124,0.007229778710113485
0.009831796404390289,0.005643979060159007
0.006290943774364807,0.0008954062312554016
0.005379867075918226,0.0030059353205162407
0.006733064557975344,0.0019358183518557908
0.010048892490005516,0.004774503704965825
0.004576926495733661,-0.000592002778626078
0.007053629798664512,0.0037935290138520488
0.009489155637966314,0.0047870673651783146
0.008010990647053948,0.004921053602800986
0.005840737524585541,0.0036043248069595217
0.0050613908725079156,0.0005075380969343183
0.011922692256323142,0.008533127826244855
0.00868932315593738,0.006006014396221585
0.005748380554563695,0.00232007145366673
0.008258584269889124,0.0068573582556486845
0.005261680232519031,0.006668192020934492
0.005397215863405351,0.003578813212156024
0.0034502817923808358,0.0033328689474979665
0.009785507613671914,0.004921678251465699
0.006263586234007783,0.001694459759970966
0.008384996718344157,0.003700114130133092
0.006295824963563873,0.0015278378783535815
0.008335798217788236,0.003521917848007476
0.006641631271398969,0.005156682374917417
0.01107404331470527,0.0031490388231837267
0.009554810725248239,0.004980128868746943
0.005635793064432641,0.0019707744595179886
0.007671929542316973,0.005208197356107474
0.005579014079320125,0.005676360083961971
0.00699352470880947,0.0027034274659336905
0.007410874794917386,0.0026283484754721738
0.005250057023109806,-0.0025356047483277534
0.007717360471748082,0.0031860500494885783
0.004395063576901585,-0.0013768160689970992
0.006889250587480364,0.00223530431567065
0.005490333474256939,0.0019502722981268317
0.006783337318897186,0.004168775397512483
0.005375751106841865,-0.0003515468631897379
0.008109685727386858,0.004988352130736506
0.005543714548506547,0.005880345664395957
0.003761760914982225,-0.0034069522790172967
0.006841997636919037,0.007568208319385962
0.005208103953700881,-0.0016623632773131187
0.008276286731019792,0.004792438911557671
0.007380701434491399,0.003031332855926238
0.010235130505597587,0.00200503607153512
0.005215273682922958,0.002313254999308759
0.0048348443487529055,0.0017907328996334638
0.006869638546814369,0.005260552767962971
0.005930835809983935,0.004768474984544675
0.009013352606923618,0.004251285638149372
0.0021290747752332126,-0.004852986856438691
0.007293608857652357,0.0015415215505556936
0.006624431298388449,0.0060946179681415245
0.01466410655711565,0.005774018232012099
0.007627284971455399,0.0051557441168891315
0.005434061587539091,0.003065887353146177
0.006219097154628473,0.005763934347245356
0.006003330755474689,-0.00037659009695672
0.011784155031139979,0.009270269711161626
0.008343779967329582,0.0037644625711208937
0.01275000853554945,0.010362932247485966
0.002885119507845006,-0.0019991076428468105
0.010222362581020744,0.004568470665819273
0.013173809339503254,0.009277297767807394
0.00404991591350634,0.004896952358799079
0.008107564501593487,0.0032408811732115147
0.008501962344547444,0.00571814421207526
0.0061075090700214805,0.0016713987741464199
0.005678686650994464,-0.0020880806794164493
0.005457460937888596,0.0007504827751662439
0.0049243061902165515,0.0039279761759799465
0.011147952650939097,0.007520958581491291
0.00682494777606591,0.005779166583659532
0.006742843014408025,0.004398423165391527
0.002791484500793533,0.001203970473276709
0.0081798219882534,0.0010923140793307117
0.011033482514514109,0.005462793878293265
0.007714674926726296,0.0048366949173057495
0.00808184874201372,0.003792124201044817
0.004026179103651505,-0.0016167923277117437
0.0037375618044921816,0.00017925380946225491
0.005676623620796079,0.0017750443823246016
0.004869119211574639,0.0007509286805680035
0.007951767791352447,0.0053628340626763445
0.007608714896558209,0.004546737680982545
0.0055041413720132906,0.006107991725374087
0.00674002220997035,0.005070033757396367
0.006199697860721047,-0.0023224890940953605
0.012219782157022446,0.006768425020322983
0.004447955547899535,0.0010835534954306992
0.005232839569391849,-0.0009682837410915617
0.00857416980664824,0.003276539837894595
0.005238512996326002,0.0029443587916941957
0.0033338783512636815,0.0008963941240480514
0.0017037189108163216,-0.00431946010989596
0.014282206770919296,0.00492466712223941
0.011587863655616593,0.007469212478929808
0.005811825256652271,0.0024175107517900958
0.0008724141988453917,-0.006118048937662495
0.0054005040114277186,0.0010325338297082244
0.005148046381583635,0.0025543233531508296
0.007899472338296222,0.004660592508501843
0.007294932973303256,0.0033902782369431843
0.00992783627965987,0.005366171020644184
0.002565958110424812,-0.004191295630429106
0.007376689442328844,0.005447805230013411
0.0076163371180265355,0.0048750865451122755
0.006108983084196797,0.0019001046079984464
0.0034418891162482836,-0.0037014631388828318
0.009133421286714375,0.005739462685325837
0.006639969236656152,0.0025356179358521523
0.009640806971913314,0.00431731739593544
0.0076163371180265355,0.0048750865451122755
0.00588452935352489,0.0016894540187855044
0.014873535762425727,0.008421198158976014
0.0059411407755407845,0.0037528172062604526
0.0023131608735594156,-0.003930148644810684
0.004900591419121549,-0.00044889249718585433
0.0033604504362536747,0.0013100047181467938
0.006177251272218953,0.0035606958538987286
0.009180664923659397,0.004431386348443101
0.007658100971878668,0.003586025836356757
0.0065621602570313286,0.0006834911893458277
0.0017579579175749163,-0.004907436683919781
0.009548510973724772,0.005249944987285891
0.004440993330410028,-0.003411428377485712
0.010968300188327333,0.005611129242390997
0.005897141482168934,0.0013644279639133672
0.003807134861871928,0.0009549388716990938
0.009452622334437106,0.0042110264764795725
0.006504630014059685,0.0028944870657203192
0.0045626671657092496,9.968140096122159e-05
0.0042251608202838395,-0.0014849942224722471
0.004371880503166727,0.004159388964062526
0.009702755074714985,0.004767928296491771
0.006938669420162795,0.004688783681839021
0.002622804473694588,-0.0004343739394602874
0.007983845869437642,0.004283132384133949
0.0063748102018468195,0.005394665114930751
0.003736951312038536,-6.920235426827182e-05
0.0067437238700574845,0.0009350912026843154
0.0052930561145913355,-0.0009762628306800979
0.007726830600276638,-0.0014721839680774847
0.0011470974571190142,-0.006800280509633319
0.005308188948450157,0.005660858161602741
0.00388665411706766,0.0053548360589315445
0.004364735488366344,0.002261615509155759
0.0038911425955486688,0.001428190987020665
0.008308763037538951,0.004492369553259568
0.007074794403262873,0.0026621917801874133
0.0066194761646049954,0.0030736928381275373
0.007865406428157974,0.004529641750953793
0.006972893433031101,0.006501257615257628
0.0061847391851746324,0.0012163989009578002
0.00761564068246956,0.004925438573369729
0.009294949892312158,0.0037869884407474353
0.004000635925228382,-0.0006173439138388069
0.0068467586118207595,0.0032851489275310163
0.004233832762873122,-4.676623488656002e-06
0.004916500851049668,0.0026829069425635494
0.00666935751829895,0.005162678258925063
0.007395313993414242,0.005289416254602186
0.011535623826178888,0.008370149506603036
0.00826830373330327,0.005927145475484435
0.007371281515761615,0.005748171476347027
0.0069250764512007535,0.0030228104035318407
0.005129029583948492,-0.002269985513916644
0.007727548482321597,0.002975019496697883
0.0088153688378306,0.004383816191759664
0.00826924142463703,0.0031226132113866727
0.009551110591760033,0.007864242026106312
0.005333375472162214,0.0019451542208602651
0.006198330796410913,0.0056352228873292175
0.004052494791864198,0.0014733312926695843
0.00820636134912319,0.0035703041071290984
0.013698097854454565,0.010824666660805154
0.005354675095244607,0.006247068917796963
0.004648589519726076,0.0018370698456175553
0.007670960502554322,0.007913288850834112
0.0062081093935954824,0.001535271361512115
0.006856667619517304,0.0025917111710447374
0.0043813698113579665,0.0009028650160180958
0.004645300608271431,-0.001980653161361064
0.005946410224404944,0.0012073951725417248
0.005690097102002894,-0.001779695124205784
0.007679554201887956,0.0051389758941216696
0.01834109002879139,0.014065518087642233
0.009052388371570564,0.0042757642174412564
0.011125163213731096,0.006701509963079793
0.007136678563682958,0.007031621545461176
0.0066833912367119,0.0038946504633233115
0.007561168050300658,0.003686611324544984
0.0032482731228654724,0.00041231850988274026
0.004223424216681546,-0.0031816590099238134
0.008436460614019986,0.0036475842694089562
0.004202520861491665,0.001958645338579771
0.006139861366453998,0.003956336583621282
0.003165790955290736,0.0042648426433784725
0.01018932642314888,0.006055952335094606
0.005792356204567564,0.005409252936283505
0.007216407942916329,-0.0011883526197135766
0.01193604255225838,0.008410297474616685
0.00707057071351014,0.0024100683324850946
0.008256425332227806,0.005671518741438921
0.004437164725556091,-0.0012450654292223504
0.005336846460595533,0.0017890257211077946
0.004961758278928988,0.0024036796757168372
0.005319241568746478,0.00250727641970544
0.008588935520558286,0.005140974749585848
0.013977486020792188,0.009456048156681749
0.0073065046524191084,0.005472138270508773
0.015321741656834103,0.008150061181744927
0.0079402039422139,0.0037669254373232605
0.004102071836483197,0.0012609258016069774
0.006085401322566982,0.00541862553394385
0.00470701387960725,0.002646892462081247
0.0051680277482513675,0.002313588621379401
0.008223797450020531,0.003586509717400019
0.008119830145143449,0.0014909134705859
0.014978821536860872,0.007823212751852065
0.005299668061639788,0.00034683694448104773
0.017117936939365128,0.008355934236870812
0.004502391024913682,-0.004435531430259473
0.00693649655297034,-0.0013302141419293655
0.007003811046454456,0.0022927663906109055
0.006603127151522844,0.007728338523251491
0.01645969193115216,0.011362665503906388
0.0034908522716405087,-0.0007464940284251306
0.006345401536944081,-0.0003118978435667939
0.005394893648192766,0.0050988963437190865
0.01501003991185624,0.010893783356478847
0.006700206210088648,0.0010798603920551568
0.005621029407267795,0.00292495108280992
0.0073124054827182535,0.002409879439903696
0.005938885547805105,0.0016771769148987044
0.006671360427075737,0.004035766140757027
0.004628119290372915,-0.0010815843604135185
0.0053545239800022815,0.001459722971857075
0.006201490314855714,0.0018772858252590835
0.010383225723664336,0.0042115093878362115
0.01554975360633334,0.01199963689720716
0.00774574851142919,0.006049745620689907
0.005773658208075858,-0.0007956245482487016
0.005446118991243023,0.0032716457239608757
0.004103447279860329,0.0007364354329684845
0.010153193132605803,0.004576521760900634
0.003980407385159814,-0.00235930096101839
0.006003254484406554,0.0022644083026546885
0.008653135952420659,0.0031006284980920054
0.007964535799037047,0.003179532387923129
0.014605392259691466,0.01079866440793238
0.006390189034018815,0.005146477076310358
0.00501776946025519,0.002405029597024427
0.007095670889547684,0.005496433965623769
0.013324273262787265,0.009335583229391792
0.00694412854045726,0.005204364760965535
0.0019653953103839113,-0.004872470759435586
0.007378826127019966,0.005423203216580561
0.006013196859491053,0.007448004386125218
0.00807540123394818,0.004886357570483687
0.011635952386564398,0.00903604716427341
0.005921186123212767,0.0022260745594638804
0.0043601264824641925,-0.003010896525852044
0.005161254303685806,0.005140062501887262
0.008993707464262656,0.0027990460144455684
0.011217783096728757,0.006834099981164769
0.004157642007910876,-0.0015498680746836345
0.009282947060644527,0.005327334191838826
0.003693486767721102,0.004775883507724663
0.005699919354160465,0.0005657442477961907
0.0037405122488278764,-0.00399549459119502
0.004544678215664634,0.0015264044977653587
0.004114873345273343,0.00046158396254189493
0.006351983709273136,0.004013318781557972
0.004054881535502968,0.00021722679531723833
0.004470833992668706,-0.0010539676023404772
0.013820444301683046,0.010473162334463453
0.00696320974620384,0.00594201746649
0.00646059231748273,0.003431536862667845
0.007031857541871818,0.0007723966959640475
0.005218173298299897,0.006495303104943407
0.004643384032627049,-0.0032173537161615025
0.008333519455717534,0.0035822770037155166
0.007824845535810799,0.005622416315481373
0.0029084398472183394,-0.0019672756469637526
0.005646123043166909,0.0032650573787134122
0.007866432095016146,0.006812016616777347
0.011945739203698645,0.0033971800331927234
0.01214388716646879,0.00923266473769525
0.005551165326300022,0.003005242485167792
0.003897752563708662,-0.0027786524152636754
0.005286828462739951,0.000585067822888077
0.017682814522075,0.013038582519526623
0.0018835226949298432,-0.004321595076625908
0.004725248033032979,-0.0035049660849610573
0.005669335853071562,0.004754212388366963
0.005491643347076374,0.0014371994556283702
0.0049490736503693495,0.002117626183918183
0.006745610672043517,0.005318472816846321
0.008585667145666014,0.005699307357181271
0.004321819308874975,0.004127712813182926
0.00501802270743593,0.001530419550798863
0.008550081400279208,0.001983480846593673
0.006903437157163233,0.002049143155403015
0.004197344557762046,-0.000201710742239904
0.0055076016880573585,0.007341821304781086
0.007752176078393513,0.006714926340521678
0.005178850272410367,0.0014540324345431524
0.009517383887915634,0.006132118775259429
0.006382815639891925,0.0009326925531698846
0.005177642572588994,0.0016385679643489137
0.012207202779347332,0.009790612169836326
0.005832275327533542,0.00801150505845573
0.006697842335147866,0.0017313161813511816
0.007093100791191274,0.005171549037800052
0.0057808093298362465,-0.002446690663266955
0.005114491329014497,0.003577662291042191
0.005223563697064223,-3.1459675738771536e-05
0.0014825597910474598,-0.004257073579341547
0.008401610600757592,0.004824383190502524
0.005930205442933012,4.0409505435162404e-05
0.01482880303442284,0.008437524786528268
0.0072732022237757005,0.0014991928953752972
0.005151341052983228,0.002014675768620304
0.011945423644378136,0.0073035345064627125
0.007389199357683688,0.003297692548528277
0.00542277646143691,-0.002249552466854458
0.009043439129696487,0.005544394922027944
0.005141034223975776,-0.003062577900061182
0.0012525444228390992,-0.000928651138791755
0.004648302951278007,0.0014623674893539012
0.0039013892538932848,0.0012418882823893272
0.005299110382045733,-0.00035048828927637665
0.004941196892589903,0.001903448451429467
0.00740947661135896,0.00524412991540237
0.0036942940358209997,0.0015572298446993003
-0.0007701264031069171,-0.006995833224222433
0.006989155290199999,0.005478185178677158
0.007851418224845197,0.004535452399970261
0.006754041013441535,0.005641489757132821
0.0117805526154521,0.0045796836581972426
0.0061976933718443945,0.003008604038140251
0.0066350291218635945,0.005149963238770927
0.007099569797760972,0.005881308821586811
0.0049733810462629195,0.0012952890380536252
0.005333375472162214,0.0019451542208602651
0.006659281172567872,0.0015198748342021284
0.0054603737888085455,0.0052404909679639716
0.006519162511418218,0.0009658025370200794
0.006531957050280183,0.0025921976747042344
0.004167584038535296,0.005783028087638471
0.005192843344270383,0.006019234243557139
0.002424767199053643,-0.004582798203051049
0.006130323004193106,0.0026330262846866823
0.010330665345489482,0.006901083154685716
0.004670581469649498,0.006142920543416178
0.007298905174593991,0.002555192075202782
0.007097496829624232,0.0023455559078393662
0.0037807308936249322,-0.0015198054972461305
0.006401734146494338,0.00046105856147941535
0.004878545816544311,0.0023539236395167806
0.0037972052433736395,0.0010696705291386869
0.004222953670117681,0.001444720600253289
0.007896792328346783,0.004821445270267943
0.004374705856148136,-0.0036988808488875903
0.007445174992093861,0.0035450915640036704
0.004295659991528847,0.0015974695593065314
0.006741883272764174,0.005030194829026773
0.007249191794808152,0.005412428724144113
0.002237879086350679,0.00016115252154411813
0.004460226217362164,0.0017555762614245764
0.004698592324512845,-0.003063292785418583
0.006664210138537363,0.0005991904197681945
0.008337720472379255,0.004051283418284023
0.009160544827568895,0.006310459670033279
0.0035469731275358128,0.001044502014477421
0.006475303946294375,0.006716193259104385
0.00470701387960725,0.002646892462081247
0.003932276617347179,-0.0034808267416239387
0.009391507486285963,0.00489622870516987
0.0006435536328632582,-0.0007827814804478583
0.003356012471275897,-0.003184737258886433
0.0057318939997291355,0.0022988182589833194
0.007859717079077396,0.00572439658724546
0.007468500450819642,0.005094053522618688
0.004222953670117681,0.001444720600253289
0.004952092523375558,-0.003335242607683739
0.007841662775127638,0.0042924637082198845
0.004578795103476415,-0.002075911359928356
0.011090687205406681,0.005415957349342037
0.006448742628742238,0.0020248416503163133
0.0034908522716405087,-0.0007464940284251306
0.00761564068246956,0.004925438573369729
0.005913464644428562,0.0054498867076047215
0.0057693756121432625,0.00016186599428943873
0.007788981885043228,0.0064085257211111794
0.011503108681589626,0.008236227665479311
0.006389001397784531,-0.00041052934157035856
0.004670634698177376,0.002232313158740119
0.0036300597159710096,0.0010899474348837496
0.008205097227613724,0.007234683464134157
0.005918239135917395,0.0021935733428836346
0.0034770323551874278,-0.0016963860996464571
0.0024846065973550997,0.0005299373577739557
0.004885377365261364,0.003867923002183797
0.007181063191652782,0.004325899107227461
0.006936699598522589,0.001658431256218001
0.01241591802943426,0.009810603425954583
0.003752898643425647,-0.0030003404216268808
0.008123609305592347,0.004123184401826273
0.0043963123201880595,0.002161100853717025
0.00832738644367091,0.005583088407158186
0.008706184262604045,0.008797185100379412
0.014131256492482373,0.007270114387020821
0.00383969565984355,-0.002148565985099035
0.008374167588389962,0.003961051660150273
0.001984432106276246,-0.0004455560704815899
0.007461761356468994,0.0027471202789708486
0.0058863221606888436,0.0061767404858993485
0.009291609580473158,0.0052039673330936224
0.00910506487533461,0.00488064795226534
0.005094033134336009,-0.0026874119732357322
0.005312505723717076,0.0023741743019882527
0.008150660652087818,0.006953654596498736
0.00695775548525529,0.005097852851512739
0.00424602873760113,0.005153946491179274
0.0068218813892965136,0.0045375057956839136
0.009869225698340915,0.0068765231014677655
0.015762951608727014,0.01149035883346627
0.006965431196530031,0.0060315317595054894
0.009176246122124365,0.003253944048113102
0.004991839295226968,0.002868953167070895
0.015372921543861304,0.00993148144778969
0.009430550109101992,0.007336318906318648
0.004448460983605837,-0.0015569580141172306
0.0038438918959529085,0.002835241422752411
0.005378956815107685,-0.002716840609257248
0.006267867110908714,0.0071870996184496515
0.007416061562051881,0.007553005176626893
0.006206028744916329,0.0018394352370210386
0.004419444253638001,-0.0024129953803131536
0.003994619860485648,-0.0033721394759772946
0.008300215508413877,0.004004374047589693
0.005054328756420372,0.005543262405145033
0.006353824637439327,0.006447624671152082
0.006039195380995721,0.00027615977241929497
0.007546371235641936,0.0056816562820661085
0.010237182507753092,0.005977095183621498
0.003026484733969376,0.0018055321454312923
0.005696351056633762,0.0020043854023908776
0.009200933159154996,0.005145561668000762
0.005915744922871026,0.0028607924680436247
0.007051377145439401,0.004047621838615043
0.004041624334111344,-0.0006308014256740015
0.0027623590019055927,-0.0038997166587387434
0.0037401886465486082,-0.0013811274331416937
0.008044994783177672,0.005590010997377776
0.006427396964530603,0.00331540421299511
0.007302533722394021,0.0033846860780426145
0.007854404134038082,0.005489902087840307
0.0050790208897044204,0.0023553703360533135
0.00633514730824254,0.00451114204018619
0.009548060192645445,0.006502909697494524
0.0066723013236240115,0.004271581725716235
0.004823626654226186,0.0016821392955186868
0.004066303446897414,0.0006063887420078911
0.005784814464193058,0.0015315815943031125
0.004142982308942278,-0.0015760910638007953
0.006045767946856125,-0.0007026414439578682
0.004478252462762775,0.0001116958126793164
0.00619015306436513,0.006655593768676766
0.003794365455461442,0.0006466689528451686
0.005719904584378676,0.00543502092413031
0.004709501965096347,0.006152845297980102
0.0054167896222549325,0.0030069946546466076
0.01026798816556441,0.002870012682165376
0.004822452919768769,0.0011696341761449035
0.005719904584378676,0.00543502092413031
0.0031558929065796503,0.0008965927468705904
0.01716902134559002,0.011940137903421787
0.0038171378405141374,0.004861085942739403
0.009702755074714985,0.004767928296491771
0.011190860781993259,0.008343496296727076
0.00536145435823681,0.0022169956520059313
0.0012893514253224554,-0.005437128035797429
0.006820951453274529,0.0057358944240493105
0.007691031203034494,0.0025982916470495467
0.003885700627587245,0.0019254429770364078
0.004958913084656043,0.0034526383768795736
0.004533274684346151,-0.00017820708162103426
0.013603068132670457,0.00966871267791139
0.0055602021339972735,0.000978852521651104
0.0019860770315351956,-0.0014074469171671006
0.005960367614437442,0.003515344270101824
0.007903266689363614,0.003156612632203671
0.006142075484352511,0.0017719369644325833
0.010733006422585914,0.006538745583554914
0.008140267021143111,0.003585488099195661
0.004856243500172691,0.0014827467087472745
0.0054263015910256075,0.0032806336188928613
0.012276247516842491,0.007952696003527498
0.009338381230948638,0.00714575825664592
0.006471486121271014,-0.0007120101507541452
0.005917401689345745,0.0030557389899706373
0.005786356272867041,0.0007774418698217687
0.0038910707081062958,0.0007428496257661805
0.01164980716147307,0.003308968352772057
0.004883364188449027,0.0017884152182039807
0.00461222877450174,0.002475063625083646
0.007896792328346783,0.004821445270267943
0.0032514680610403243,0.00046954627983318564
0.00904328399321487,0.0050819923448690565
0.009761234606878727,0.00486434702927414
0.002880514814892817,-0.005019258102199605
0.010151239126348776,0.004242440823557092
0.005832275327533542,0.00801150505845573
0.0028814063180015483,0.002819041817908142
0.0061074770881265105,0.00436879695062149
0.004905271791563675,0.00047091341670930757
0.005675230124265409,0.003307959217409291
0.008270380616183647,0.006093890748525878
0.005373610497374516,-0.0019372458755001019
0.0039717394722251316,0.0028269919235641558
0.003173612426384047,0.004175242778926768
0.018858174906893257,0.013050698140794507
0.012197280752305114,0.006901620805666397
0.00534198456583752,-0.002240949583270124
0.007093100791191274,0.005171549037800052
0.005586579037585659,0.004197427829563787
0.005261680232519031,0.006668192020934492
0.008029911368138461,0.003844908370613964
0.010075280314911218,0.005927089622216557
0.012392075136843136,0.00791959804842668
0.005352285522085065,0.005781897966876718
0.00603945441846794,0.003146836129155257
0.009147591513031433,0.007106317922040372
0.006897423295565027,0.0049631238560814825
0.000974476300424864,-0.006086840882574467
0.012026203675591991,0.009237704684353393
0.005861330372531124,-2.5433430187743987e-05
0.009489155637966314,0.0047870673651783146
0.01532347652401597,0.010355678216155772
0.012276661252503911,0.012298723940491528
0.004164755810687202,0.0008406338197871673
0.006518030785407642,0.003349886851997522
0.0050925456108016996,-0.00044586515246569647
0.008373392931559469,0.0032928037383266402
0.0042437674309704675,0.002938211188946097
0.003515400089882041,-0.004053975454847552
0.005762082331258189,0.001228101949587273
0.005670576305612253,0.002655355131552786
0.007896792328346783,0.004821445270267943
0.007335640279856129,0.0012864851534918707
0.006334631234060845,0.002274307783494801
0.01328746664182556,0.007327942040728556
0.0046797505612006,0.005113960027136351
0.015275925082719272,0.010189792308027653
0.009356426695148714,0.009098038208032129
0.006984566528295307,0.0032698256389102724
0.008201173816776893,0.004388863774215556
0.011290082908717913,0.006666390127166086
0.009503690211415752,0.002780714064878095
0.004647540280255863,0.005816309951587482
0.0028920203206609105,0.004897379634099399
0.007295247614676554,0.005555695492386364
0.006398399684778355,0.003107453617334121
0.00614597742632746,0.006429563994329932
0.00514790935930361,0.005312164719363183
0.00525778663117883,-0.0010681655210143075
0.013411444775041501,0.008320393930795342
0.011320969596722321,0.007547659117100525
0.007966867865713888,0.004079317944193725
0.0046078565059523785,0.005176255383543602
0.008679470437297117,0.00469082768777005
0.0056409500625906,0.00015985225484398992
0.003878937325137834,-8.202114714773653e-05
0.006124955382643172,-0.0020072840104867276
0.008161456339796888,0.004305586179583621
0.0075459289319688705,0.00739719208691806
0.00677743135313901,0.00533287942788711
0.007465227633544757,0.001204012286990892
0.009223183332396976,0.004627471735104555
0.005373802800964314,-0.0006807350098649656
0.009626779171876517,0.006139710525725711
0.006797120061416296,0.003197477875796219
0.013467354991085144,0.010088564058636958
0.005950046880467235,0.00044203487960505893
0.008079798227977792,0.004723730919871347
0.008394720902999158,0.005565557420320321
0.0020498465466890145,-0.005176941002561982
0.015180340289229944,0.011972476874263309
0.01003777243054168,0.0063457615487511835
0.006975446707148229,0.003715810570702872
0.008795824577296581,0.005305598193280001
0.0067889995260053,0.0031395666294546975
0.002971312936318398,-0.0035253012528875735
0.009808308490441366,0.0024629011595952285
0.010921439588198054,0.003431149536112215
0.007249550174890655,0.0030004641884053248
0.0067118519567735575,0.0032216578002713034
0.004473824408280303,-0.003573208529941095
0.007960976741015301,0.004871720267200036
0.008436486260286572,0.005599194494907913
0.00851148452174202,0.005202440273411385
0.010293567355557181,0.0054302349940855785
0.003438380755976898,0.0030217824526007344
0.007048736829798573,0.00527133968623675
0.005845221742906918,0.005560821342624228
0.003527676114313828,0.00428971502914376
0.006889710057770583,0.0012399266746046748
0.004259912911917753,0.001307809410141793
0.005196274964912493,-0.0020247212994688856
0.004314145367770528,-0.002498489711008923
0.006762990526903793,0.006153308275044789
0.005163560224894693,0.001977340011165064
0.004910642516832661,0.00394456749696017
0.005695955997715777,0.006037006781958846
0.00785941369063281,0.006341216023000017
0.010510201717741573,0.0043685730027926955
0.005995890936373466,0.003815810077799895
0.008356487268326933,0.0039019015883368898
0.00410420566143997,5.012141049962407e-05
0.0066194190335772275,0.004734275097052473
0.00685933911956998,0.005110737572516841
0.005888811130600976,0.0027772145392141257
0.011285520705636033,0.00408649632291704
0.0040306363462108905,-0.003334025710547082
0.006971269354008878,0.006915410855140533
0.008336899569963249,0.005308387217673875
0.005713915221481272,0.0032489518543642936
0.0029206287354137696,-0.004646245872862045
0.007048736829798573,0.00527133968623675
0.0034454917785377926,0.004564457017469219
0.003007387028045836,0.000941495951723886
0.006141429955158292,0.003023908501225965
0.006549375459057571,0.004982593455948498
0.005811825256652271,0.0024175107517900958
0.006294167993545043,0.0004339864557588195
0.005281989589339348,0.0018352720828858698
0.005297614337799252,0.0036008820403722963
0.009046047884488663,0.005121553992562278
0.003955363567034903,-0.002361874462308234
0.006061299808633662,0.0020648022243767846
0.005372287313278637,0.0022444806710797145
0.004832718310338575,0.0048222857146168275
0.006586802414227089,0.0004026198741834495
0.005159799312046448,0.0013318096850747016
0.01593181131599701,0.010586609942883473
0.004750165172198848,0.001170067603166106
0.011464714822002692,0.005799169903672527
0.009315112783135201,0.004666361711349909
0.009702755074714985,0.004767928296491771
0.006469180712884956,0.00046975358734006184
0.01182734680354957,0.009668198097141697
0.0075787762890865955,0.004889338036058531
0.006237916785230274,0.003179927506133045
0.010132384882604721,0.006052649361318302
0.004548171420513803,-0.0013128538129832763
0.009142768352874713,0.004584536943709921
0.01717004197700769,0.0128871765131705
0.005117041523025707,0.0013135110332665647
0.00941331177186857,0.0037326086331778245
0.01153882578580629,0.008631469776766165
0.005798895729480185,0.0023884151942815054
0.00845686827669633,0.005522089805537832
0.007039130434995569,0.0025859596770105133
0.00424602873760113,0.005153946491179274
0.003377711933996101,-0.0017505596727099646
0.005233733300976249,0.0020644794441008795
0.0051989005785340915,-0.0023854046410874356
0.009671033988285713,0.007281381275656276
0.004183469143595573,-0.001692902792956981
0.006568640237905488,0.003683733735477831
0.006963477016460504,0.005075189448350066
0.011900229967107701,0.004667291210991173
0.005752590257119408,0.0037449899249050083
0.005851177048111467,-0.0002262214669714463
0.0016574621176994476,-0.005324376426555574
0.005971375189928015,-0.0026663347412810862
0.003290377094503854,0.003516090228643299
0.004353980860637215,0.0022758082592737785
0.005581987066248921,0.0014301743862647955
0.008498981196748781,0.005598548458479883
0.011841958187467106,0.003533542661464867
0.00601288767231494,-0.00022013727112938242
0.005075686668013936,0.004076116162604128
0.003986027086587534,0.001224526247744771
0.005374194565159394,0.002736138571915304
0.00633514730824254,0.00451114204018619
0.008950472392974035,0.005108669597077519
0.005819497361961261,0.0022769391869395805
0.0032000747288592635,-0.004150260201439925
0.00950236940906148,0.003980293081314655
0.011211044949285853,0.006124756946095001
0.010735925290917745,0.003002910911598669
0.005108775370190813,-0.001577052321952769
0.005887062617464416,0.0067089992920432604
0.007684351534833708,0.005107939116747313
0.003812647208459091,-0.0012452972858044758
0.006327652289608267,0.0017419245875080402
0.0020850974373137453,0.00028959514870766437
0.005125490792630548,0.0025792236734967396
0.005776027277552184,0.00155065089143782
0.006813988815261768,0.003677795920253741
0.007415642311932362,0.00299504845258142
0.0038874875877159733,-0.0016430601113643101
0.0064861783187547175,0.005986914304039673
0.007942776449462816,0.005094564715260628
0.00483787533005775,0.0005528097348557479
0.008899855475988363,0.004465150358032875
0.004554045729248508,-0.0009208560353347797
0.004812913940755096,0.0019976179140607907
0.007265952187013558,0.003148804638900579
0.006092742083496616,0.005302117410450301
0.003729035593810895,-0.0015461443742119992
0.007922830134917631,0.005007194690012707
0.008662386578075205,0.004203562419850839
0.0063359247710969915,0.002547364114931912
0.005297614337799252,0.0036008820403722963
0.004543594194598284,0.002193556307729552
0.004211859659539784,-0.001632210193052555
0.006348956104251528,-0.0004977640163096198
0.007698840947120532,0.004340227484515185
0.0027960700893712893,-0.0043662366573042795
0.004128042453068439,-0.0017235544323401953
0.006681660171523509,0.0022158717798267296
0.001955371908102653,-0.004249660465454131
0.005411775535889363,-0.001860104448715377
0.007002497325239244,0.003052103241132585
0.006568011105478819,0.003929970507291249
0.005215273682922958,0.002313254999308759
0.004987264080205512,0.005678470758300502
0.009486864805705096,0.004760091934345445
0.005985866454502073,0.0054227368058036044
0.006832091029578036,0.003611725693636861
0.005856373094690531,0.004881368359432179
0.004389960025485364,-0.002052049176121614
0.003924100184463898,0.0012412822932061623
0.007348986139773897,-0.0017834789552125148
0.005355469840096279,-0.001546863740603279
0.0045569838360436515,-0.002880053536976776
0.0028920203206609105,0.004897379634099399
0.0071269435410860095,0.0020467909249850137
0.004878545816544311,0.0023539236395167806
0.007379589310487663,-0.00032770404705837353
0.007281728712494346,0.005068126631986667
0.004343379454431489,-0.0018618346258366435
0.008482776497275427,0.008123851322266557
0.009220694353657563,0.0049552464568199655
0.006441116038198226,0.003927101235753582
0.008563907802170166,0.002237397940425605
0.0095337911835202,0.0061465962543523715
0.009900244514286482,0.005737011345742834
0.007525972458483885,0.004064255783830141
0.00393908831604352,-0.004277968800073043
0.0068104718102399014,0.0037443036961795034
0.0063258497514962425,0.0031913346630831254
0.005192843344270383,0.006019234243557139
0.00450075510326866,-0.0029393014903145408
0.015895091966192224,0.009040629816439128
0.005054677524827786,-9.29584396344588e-05
0.006535258224378594,0.007401682765781693
0.00646059231748273,0.003431536862667845
0.00298917879600818,-0.005225681546843452
0.009398601049485283,0.005482271889152555
0.006672480034627914,0.002336313490598152
0.0066018206604374465,0.003913130268971031
0.006592851981450863,-0.0005211717308988978
0.007245403545897413,0.005220240392338661
0.0033137950508845566,-0.003683203143479419
0.0063390073219325984,0.005860269521857466
0.0028814063180015483,0.002819041817908142
0.0031015684790137877,0.0018210334417342044
0.004930769121503016,0.002529342366618439
0.01185643695194587,0.003712513578690818
0.0057603763399806185,0.001509435481518947
0.0040839732122161816,-0.0021004423446164674
-0.00029195530263296555,-0.00635122144661975
0.003963465625787008,-0.003093767857845828
0.006029091538639104,0.002311560600370962
0.004151879460966932,0.0013055841372805925
0.005559935641521326,0.004289299653675123
0.009560895154216365,0.00706780380506113
0.00668644621861931,0.003211433392713967
0.007353462481598282,-0.0008102697392522191
0.004371749828360437,-0.00017120184785562615
0.007026005540912739,0.0015034122182588797
0.006538296162884277,0.003221433426239698
0.005877573472732716,-0.0019274359613917508
0.004022398771931619,0.0017884242769090637
0.007395313993414242,0.005289416254602186
0.006224794924842994,0.0020761882064508023
0.004851605707881309,-0.0004947502246869274
0.005986877285357119,0.004423108282660334
0.007569085348537825,0.006305711970850137
0.01005002306327142,0.00935844893331778
0.005723251747562219,-0.0004970740051480028
0.0069933755147686145,-0.00016419309052036202
0.00799502330364768,0.0047166977260033865
0.013020097214202582,0.009104986664676204
0.005340907618906843,0.0014137796173458632
0.002300397510989309,-0.0008808736153087873
0.009614341918461843,0.005646130516337717
0.00575721140617094,0.00435112049839789
0.0059346183142379005,0.002251951296574446
0.004317252126115303,-0.0014144242343203913
0.0030593285715121363,-0.004332464226463431
0.006130485640976632,0.0031697269028101464
0.006399568949666038,-0.00023542277939386357
0.008184724923375788,0.004564114436379785
0.00784195430899081,0.0032639959188168486
0.006383078251865807,0.001958895786122998
0.0068980119052785,0.0026976624590414116
0.0073124054827182535,0.002409879439903696
0.006741660612722878,0.005107302692900165
0.00454839098524522,0.0022196050850310754
0.00424602873760113,0.005153946491179274
0.003989038582033097,0.0004848797204435812
0.010803065856661194,0.002875344932116327
0.0071652431141825115,0.008045092443955085
0.008598090565928616,0.008460145918179725
0.003635562465045551,0.0003993045273824238
0.006158849216464006,0.00167749472593289
0.013525184883261668,0.009393011954091639
0.0063874950465295875,0.005330600228148396
-8.898176168419675e-05,-0.006822565253809109
0.00611418471531351,0.0032098168224807735
0.002451174454602181,-0.004676811059133059
0.005468735900496801,0.0018212141981847965
0.006525651529565477,0.0025969003765661212
0.004477398070949545,0.002119312063429567
0.011523682710357036,0.004157330660301698
0.008323979324897505,0.007228508440914584
0.005091857138371177,0.005210768247472986
0.006628841864523628,0.005129962882698237
0.006174470636974888,0.005554243131964826
0.008465062306962132,0.00196048047849346
0.006833336823966934,0.005311636751746652
0.0053239917165996496,-0.0007024895058830522
0.014266847759939982,0.011787225427588772
0.004261969248023358,-0.0027238561911745902
0.00697008541333941,0.007184813290915969
0.006518821800984453,0.0036392110602969418
0.0031485758655393284,-0.003273184019209131
0.006687723590769212,0.0022342214743793576
0.005673493395101365,0.005734982629046767
0.00955979395685485,0.004410703528631189
0.008289731032459183,0.005846853568284287
0.004556469310739318,0.00265065941076231
0.008544741322007207,0.003789394808168906
0.005379867075918226,0.0030059353205162407
0.004477398070949545,0.002119312063429567
0.002471269266180437,-0.004262506724668679
0.011449248285136271,0.007467708089558294
0.014345856461096887,0.011860970659247197
0.005333375472162214,0.0019451542208602651
0.003815894893074533,-0.0032695233137011214
0.005680301874252976,0.0022454246079174744
0.007344332563429564,0.005178820380683541
0.004676378446768937,0.005480400776444071
0.006592851981450863,-0.0005211717308988978
0.008890921659638817,0.0049469504145455406
0.005826603006217436,0.00602636388956153
0.008199414109836104,0.0033636173163385493
0.0036691778999481256,0.0010325516339956568
0.004618142302622332,0.0022300912658309805
0.004854284198446392,-0.0026647262372566493
0.008526172338771358,0.004981737654109279
0.0042598378859812795,0.0012120697798001937
0.008550170425496526,0.0026161492435464945
0.005980009513909271,0.006727858930601051
-0.000778431792045493,-0.0071402116127660025
0.012207825836911476,0.010699766628574192
0.002246008452710004,-0.0038898300681907798
0.0055674804475677785,0.0025490170088707373
0.004360185251575275,-0.0012865682071046929
0.004888573732692306,0.001347060279788835
0.008112680423450891,0.004448398650871949
-2.0400050129839795e-05,-0.0066613702283222585
0.005922078421328819,0.0019464623525188175
0.006860907700356496,0.00626283089653255
0.005714563098327033,0.004198287649717455
0.006687006798054222,0.003009517748745036
0.013770024552071587,0.009075999823570803
0.0037022230560318746,-0.0020101220067596376
0.004200665064115717,-0.001979246696241886
0.004029029976901164,-0.0022263265196940125
0.016159412841958747,0.00861479740762345
0.011175598223559645,0.008828014103770692
0.007981035100334901,0.004722508375019851
0.0021610240632441,-0.004084627095568414
0.005728540312713412,0.004145970249987277
0.006261487241164029,-0.00041153348972543594
0.004947756462352825,0.0022195071299287083
0.010268825043881316,0.009367429349953374
0.007646034807287244,0.0034555777259645945
0.007302061078999219,0.0034134686823837287
0.0034280589696910092,-0.003797747681711955
0.006307422994785082,0.002399600177303579
0.008109685727386858,0.004988352130736506
0.005412764826667771,0.00042491785223696017
0.005670576305612253,0.002655355131552786
0.0031044136295433223,0.0023026362075386393
0.008177402098277843,0.004410014366432138
0.011488242973595568,0.004599387705315371
0.004612912319496435,-0.0031809777219528688
0.005179018653908538,0.0029412785646141587
0.0053961150980699375,0.0024719870639214846
0.006825670500294248,0.0031540404570797103
0.011668992745519894,0.009624035527938746
0.011420806818747069,0.006550652960607537
0.009062891605806252,0.0023458535774456973
0.003630681815144505,0.0009897547610415733
0.0063151350300833615,0.0020913835666108048
0.014123044921278454,0.011261108549899604
0.007405516801049344,0.007142036198285136
0.005986877285357119,0.004423108282660334
0.0024974338954495317,0.0003878958479361901
0.009471161751597264,0.007356305872568759
0.006556417038154319,0.0023136381111190235
0.004856512907318354,0.0016402405437778494
0.0023621174015581135,-0.0038962126878598997
0.005699674940715873,0.0015216599159595685
0.006892421975197878,0.003309897835725991
0.00564671213800829,-0.0008498048733623816
0.007114370659810726,0.002719432442427546
0.01102427684172106,0.006577398600224529
0.0037118006642546802,-0.0033775377206414613
0.006922229633992957,-0.0019055131567238242
0.0068332936031790656,0.0009885472964295166
0.006002163934016569,0.007472894001565142
0.004755690100953433,0.0021685861725470107
0.003976980398254459,0.0018907855712294013
0.0024872792150252305,0.002972831391040629
0.0100096093011994,0.003364795929833046
0.006667626115584535,0.003233806393895252
0.0030492468577420365,0.0040068344998398136
0.0031481526576687593,-0.0022199040557192903
0.007738000476583911,0.004692047797523455
0.014031887078872613,0.009862047214937044
0.010465680150219033,0.005309246564793026
0.005195355889116128,-0.0021062631822846177
0.005559507031486468,-0.00017254135997919317
0.004155789996098613,0.0001404682991783656
0.0037235627356831235,0.0024345448212601036
0.00699352271477858,0.005434296417860224
0.006020780074079443,0.002387484515662221
0.00461637448513605,0.004464420458432552
0.006988320949375606,0.0030281468753815413
0.007459557898427604,0.0048879366539360865
0.008232366774977802,0.005402640882110759
0.006415791212008983,0.0024687137903606432
0.006458043840978602,-0.00022250758566281885
0.005204015064327156,0.0020093393616065942
0.005448081873399581,0.004052162377322209
0.01744072913821043,0.010006472624084755
0.004227622053469146,-0.0019846819653746434
0.009371818123047385,0.002816331251063734
0.006645915322538504,0.003003428274950471
0.006109130411912065,0.0055538539579515515
0.008202150935068143,0.008869819294383845
0.009278723206463241,0.0035776815981604345
0.006741883272764174,0.005030194829026773
0.0033649355031163033,0.0012512903006726452
0.006905523541779489,0.001585804249788065
0.010994228887015005,0.00856829485406244
0.011122760053916254,0.008396261696473388
0.017325468453330443,0.010351991883913808
0.005804768317121489,0.0018393624176755935
0.003753096861347432,0.004809041480366108
0.008232366774977802,0.005402640882110759
0.005997665058370872,0.004898886463057368
0.006515744279025562,0.0016527940440038639
0.0064726410495581765,0.006152852281885914
0.01017667769664848,0.0064144769033144654
0.009917564116052885,0.006990198862340048
0.006710124751658951,0.0008686930824882968
0.014063316286567085,0.009613691136363282
0.007930262558578921,0.005302860753578359
0.004919019736099288,0.005427538077916459
0.014350233551984164,0.005280780903194037
0.008604709791390459,0.008482580983576942
0.009362463305315774,0.004700753343761759
0.0046516609120682405,-0.0027096387057914378
0.003951381883247303,0.0014987102102003878
0.007455544826197819,0.0015938264996622035
0.012512700216658314,0.007027020971264422
0.010259255362478206,0.006315159271703314
0.00715737240705714,0.0012660272568731897
0.0056186687650531955,0.0055076824726287945
0.00440052563216756,0.0022134265707362977
0.007263183062440618,0.004876037229089103
0.01150770016666719,0.009157645360875473
0.004535558384533951,0.0014078644933166852
0.005029881229945731,-0.0036473317590226696
0.00341795737177082,-1.3938698320560897e-05
0.007048736829798573,0.00527133968623675
0.006883069227791127,0.003536262137649234
0.008590249701929335,0.005219636914289226
0.006893785893314819,0.0026825940171909726
0.0029894326591530865,-0.003386552535842382
0.01526210153497643,0.008270611091400785
0.008150660652087818,0.006953654596498736
0.0018402265983869376,-0.0050265703137289276
0.006937783309179928,0.003108336366482791
0.006488293048078392,0.003346084853923118
0.005837702795968807,0.007517527464419785
0.004684644242142939,-0.002222931997572999
0.006036225115261231,0.002520943521909517
0.005284157262403077,0.0014047546714840743
0.004279111065600701,0.0006127073808596499
0.005363372755680115,0.005592243382058891
0.003364341531976796,0.003809399393353459
0.003254871575574014,0.0043937016321702145
0.0041998959805669405,0.0028180700234050372
0.005828121664618874,0.0017851483646114368
0.006437959453974063,-0.0010026815632582283
0.004324512493105737,0.005639147279330664
0.005986285640805924,0.003324543909312065
0.008300215508413877,0.004004374047589693
0.005960705259422685,0.0025015187937950673
0.010562177394317472,0.0048169213249999385
0.007620695755593763,0.00619794447353606
0.0165351686594384,0.01343457159779863
0.007015860023924158,-0.002186829089575312
0.012678280604465911,0.005421110535196541
0.003735488666155702,-0.0014700032383521393
0.004032102684973855,-0.002332962084052521
0.006605874372042464,0.0012510629281256708
0.005545788439477547,0.004500768578576391
0.0055183245726235525,0.0016646334514991458
0.009842492899711069,0.005936175849293171
0.0077296569525631634,0.006125884835233256
0.0070888458790479055,0.007487965436238822
0.008955677240006916,0.002957401822742631
0.005091857138371177,0.005210768247472986
0.008610274553923361,0.005940031257281557
0.004268056021494777,-0.0032113675102886444
0.009019846627132021,0.002928036362674841
0.006292127953663645,0.001998521878936178
0.014071004178610905,0.005662911367757881
0.006354332044119603,-0.000801024522319083
0.005218425695492546,-9.926425523999229e-05
0.002973665860487952,0.00400773683101243
0.00715126487649272,0.0008873897446445515
0.018931095970786998,0.014739784382817485
0.009692302829533015,0.006119144952711892
0.01079048041129096,0.005511235205993916
0.004814846415440631,-0.0034903982999751016
0.015005293755037716,0.009698820527983307
0.00715285271254508,0.005935575996804879
0.007070253534633053,0.0054622019730695085
0.00848141252635717,0.008347669901192142
0.007346208309168439,0.005796476596298811
0.00869624294111192,0.0025946136656996178
0.004763434942615783,-0.001830336618283586
0.005442860800361802,0.0011408818544933804
0.009045146810359686,0.005255904271694976
0.009715308423030589,0.006423095261888222
0.010322937710815881,0.005268598672298816
0.009734050710592242,0.005614437683225088
0.003631891650339624,-0.0011707278344597252
0.00772103399593098,0.005146371693731444
0.005000111696557081,-0.0017112966652104641
0.0035695759013055703,0.0011370027006556097
0.004163828886141436,0.0017406802591158343
0.00557648497047418,0.0023925612852293207
0.0062361188424277045,0.00555418483021366
0.0028577288884175317,0.002850861029110692
0.00851148452174202,0.005202440273411385
0.004120221909837608,-0.0038411025160088796
0.010043663603112866,0.0038858140061904687
0.002863177195973959,-0.004309002458571644
0.007452597838902448,0.0015613252830819577
0.008075812970266794,0.00420777707594446
0.008358593333406078,0.004990696002200255
0.005159601473172096,0.001469664852785082
0.0027109606083822128,-0.003568166616741586
0.01181983047171804,0.0035633859528806976
0.002237879086350679,0.00016115252154411813
0.004822452919768769,0.0011696341761449035
0.005297614337799252,0.0036008820403722963
0.01054785185067255,0.005766048462855553
0.009583120209376891,0.004461488723225699
0.007715605216849929,0.005075914753992855
0.0034430138364744695,0.0013071187015853917
0.00785083578740908,0.004216395307474282
0.005670576305612253,0.002655355131552786
0.008398141620582819,0.007338938649943886
0.006674202210910385,0.0034276244930810905
0.004527223345094648,-0.00166638198616349
0.011610598389248699,0.0033120114953701482
0.0040584913516685875,0.001578876446720976
0.009927474874704231,0.005140940166333416
0.008366514202511355,-0.000731499922069636
0.004355967672374755,0.001591043232080926
0.005911607097997212,0.0044700836464898995
0.003962451571122006,-0.0029406773912281844
0.005503231997153001,0.004296282674235911
0.007344332563429564,0.005178820380683541
0.009867539648701473,0.004489915536194083
0.0028710080139825525,0.0030580282754719395
0.009554325088142118,0.0038933996290398867
0.00966877701222454,0.006591742002529192
0.006932305665695606,0.003399796217342134
0.01161739686725099,0.007541620492617815
0.008711637625155502,-0.0009844987351243714
0.013312031276456823,0.0093393821580413
0.0032426413958390864,-0.00012034820678572672
0.006691997423565128,0.003349734140564247
0.006568640237905488,0.003683733735477831
0.005101393282595974,-0.0012541522541870565
0.0038319628033483544,-0.0019314749236796023
0.0017110302309919613,0.0013656865778590528
0.00568372184256251,0.0029650477629392623
0.003912885437312962,0.0009443424129742641
0.007740632520522985,0.005928816595713503
0.004480618196506058,-0.0012783656457594564
0.007165261052027741,-0.0014226504451729655
0.004585829975293682,0.0037807775569497926
0.0075374675316834516,-0.0008033651384734344
0.003937040959134648,-0.0014407450446353842
0.009761234606878727,0.00486434702927414
0.006357206429637623,0.0029896289865929335
0.001806490070178919,-0.005197652385481778
0.012308248834862397,0.007010752222981144
0.0072152926265824325,0.0011263241894655862
0.008765071519598116,0.00798197066510435
0.00829863686370697,0.005038102514954184
0.006132735066295994,0.0012514266716381383
0.0050852864584220725,0.00037689074009231074
0.0039061726748998637,0.0014374050041889444
0.006965431196530031,0.0060315317595054894
0.004554609885586935,0.002603552685066849
0.004081366989595843,0.0015609978952785116
0.008597217321524207,0.002008194253010866
0.012220329642837709,0.008007237067057884
0.007252394340795974,0.005437113071363156
0.005510545037690251,-0.0017080110298080056
0.006370142866144193,0.003695597081164785
0.008075812970266794,0.00420777707594446
0.010859950618970455,0.005459154854498761
0.011545012850887187,0.004839070883029967
0.007273299554156223,0.0039347518324212355
0.003400966823038489,0.0026335896255379925
0.012776480991111052,0.011038316454275013
0.002237879086350679,0.00016115252154411813
0.00782656457240916,0.007149666261859825
0.007093100791191274,0.005171549037800052
0.007426942717640911,0.00546308326461856
0.008858294069748508,0.002266467318190914
0.006019732350013904,0.0038452760424047055
0.004999387137705208,-0.0027092340100439575
0.006725780734145955,0.003100888227168773
0.012740315539666737,0.007100794878461587
0.007457741017033001,0.0008585899354910621
0.002532604322926974,0.0014914655741654
0.0101125085311305,0.00249566749959517
0.0063064583615412345,0.0031273558058351253
0.003171376837912138,-0.0012905419751921667
0.007180936095121521,0.006593503074931622
0.006880798030143745,0.0019925929849925585
0.004866778110192215,0.002631280625666631
0.005724741129244291,-0.0019901703809727875
0.0028914549534869586,0.0023511500957289237
0.008476245393453197,0.0029999103519671713
0.011702759112551964,0.008747790614709719
0.006868593772742026,0.0038403272371450373
0.005737382349537672,0.006606827264867655
0.006320597165817769,0.0025566418412669104
0.005157731585325865,0.003530853368559808
0.006408629459024177,0.006457270060083559
0.00353055923978831,-0.002395511109175361
0.007120581173383156,0.006399531132942584
0.005766519423311184,0.0021458380362847293
0.0050573172519552696,0.0008160997486039902
0.0065689792905843395,0.002457763620633495
0.007700259971432382,0.0046477828867866056
0.005566975136699769,-0.0003396708171389349
0.00532551915191587,0.0011630283973520896
0.004241907044676124,0.0011418177069192842
0.005712344467845297,0.0019738081826620587
0.00653915990445446,0.004276902744766921
0.0016760293160348171,-0.00551484036445783
0.004955975290907437,-0.0027106646133933186
0.005719904584378676,0.00543502092413031
0.004839529438185416,0.0011831248022333785
0.008992096189698661,-0.0003441825110835836
0.004520352802969926,0.0005453823428724532
0.010078491859553817,0.0054580403176238135
0.006250606205854444,0.0030638889204964376
0.005163571338195454,0.0021793734686699233
0.0055447010294009105,0.0029833953473723312
0.005193473373881681,0.0030893179114819033
0.0051709046000953576,0.001436850422374231
0.0035276022810836827,0.002231936257595859
0.010145124280490766,0.005814515968308716
0.005749987210859201,0.0023215235152321545
0.00559291438187064,0.003438436924759902
0.00424602873760113,0.005153946491179274
0.0024872792150252305,0.002972831391040629
0.005449572715545521,0.000532289670362892
0.008135959143948695,0.006269656442310908
0.0036419872720796186,0.004985318035174401
0.010395841961357045,0.004837335015154256
0.0057442201601077755,0.001257095777615562
0.018626932314448206,0.013534718977127751
0.0060965409736351015,0.0030014188467835023
0.005242659371176996,-0.002141151290642504
0.004317252126115303,-0.0014144242343203913
0.011523090331273028,0.0066784842110823375
0.0033748852758939355,-0.0033677060855628474
0.0045793246953439,0.0028109006733218027
0.005841039259209238,0.006621217622297332
0.011056686180398508,0.003088334864294129
0.005785047251216553,0.003260578532830822
0.007888352902547042,0.004798128537380905
0.01099646826842798,0.005892825320386448
0.008670745656729546,0.006473049707651976
0.005813847824972674,0.0018757073844435411
0.013180296774895453,0.009266121355673234
0.007547832581297666,0.0005506959852309042
0.009189980030828037,0.004865983085030408
0.0037685265861682167,0.003735134479897733
0.007960262352642328,0.004613593250000065
0.007074742019160199,0.004614921299197313
0.008380101575695697,0.003585953371046988
0.003759428013338407,2.76013342160996e-05
0.002296228815629793,0.002928529481134504
0.005113823908942416,-0.0014751913508253868
0.013083755398842142,0.008887010649520381
0.011569106355346283,0.00900034386652264
0.0021971385498620755,-0.004779372996596463
0.00696364438948526,0.005486707695575367
0.005800976086776832,0.0059990615256681114
0.006859957292684883,0.005067026806045833
0.006550358217224248,0.005135962041935338
0.006151801419671732,0.000998354115059527
0.008287759974407678,-0.0015852899616434924
0.0073602080602686,0.0036273110603931404
0.0020850974373137453,0.00028959514870766437
0.003267742007327063,0.0010199688171250026
0.009516367790362256,0.004554489728883253
0.007026452896514428,0.005382850997297569
0.00633514730824254,0.00451114204018619
0.0051380188263873295,-0.00017209776765767827
0.014204325978388166,0.005091228207912933
0.017043929026445248,0.010045086873360271
0.009189980030828037,0.004865983085030408
0.01556720503571177,0.008741529057691686
0.006018180550847239,0.001459420990813246
0.005573157364607963,0.0051260386997861946
0.008742235145385219,0.002388888323604666
0.010695431514975174,0.0036337944746923367
0.008499978118174316,0.003714727245973994
0.006374956041273437,0.00468437604707965
0.011304023576780538,0.0029462537647180227
0.004621224641433929,0.0024309031089637077
0.00517982743785505,0.0014387825923323659
0.004665511123199529,-0.0002716262836925335
0.007804610553323843,0.0043285498135753105
0.006813949098533361,0.007499090746290544
0.006859551046213663,-0.00042689258504391425
0.005025346883230373,0.0011419176063516782
0.0043384275327645865,-0.0013703514196526378
0.00651461444586315,-0.0002164838946482582
0.005345681242831394,0.0017245149637381742
0.0071837691214456986,0.005391183620185588
0.008530750290775725,0.006130638182020507
0.004981884610769996,0.005146346133574913
0.0074543593876438925,0.0019860716274453334
0.011376073450429907,0.0039298290454073855
0.004092519608090246,-0.002866681780700893
0.004538079353086557,0.00236823772750922
0.005241394219307347,0.0017689661105111274
0.005333375472162214,0.0019451542208602651
0.004481214644649371,0.0009773257955941889
0.0053487759937561686,0.0006992570186531372
0.004676100357021864,-0.0036892124962927507
0.008338673990282814,0.004003592330268403
0.0034113040139881817,0.001882901782188493
0.006017362472828011,0.004104666173655239
0.0026134273543767066,-0.0037873427969259167
0.0044988730231264856,-0.0032442806064695087
0.006157443236569419,0.0021670643562916106
0.0034942120258703354,-0.00170877376006239
0.01087358978653304,0.002647113780442774
0.0068687048569678255,0.0032153598011776616
0.007470526446909728,0.00606126293141742
0.015117218935504467,0.010273379208601875
0.011591345413725765,0.004361090996024605
0.0025038992094374036,-0.004298328451586952
0.00826830373330327,0.005927145475484435
0.005324074405667928,-0.00147393819559259
0.009104337671116125,0.005666715824772796
0.006583374162408346,0.0015762524246561984
0.0036913214216091825,0.004147943841085581
0.007570233963388568,0.00548605294525252
0.0057315641309391985,0.004243597286200447
0.014033960202885304,0.01081691630939894
0.00514790935930361,0.005312164719363183
0.004715115297909791,-0.002333145421979977
0.004515908685383466,-0.0016561298099129693
0.011587863655616593,0.007469212478929808
0.009993092276069555,0.004770599423506912
0.004520352802969926,0.0005453823428724532
0.003679453532954161,0.0009931126506482818
0.006349698762911927,0.0009599168542842778
0.005696952087259866,0.0003040514177362324
0.007432550867362473,0.008444071113391079
0.008530750290775725,0.006130638182020507
0.007048801049448505,0.007302683780991843
0.0052911538172542225,-0.003749621476884594
0.00658385211218001,0.00545039925523031
0.0038874875877159733,-0.0016430601113643101
0.0065857152506466655,0.003947094856953881
0.008604709791390459,0.008482580983576942
0.004010958527770802,0.0032346170043589294
0.006127383565788279,0.005044730787846466
0.00516986135479568,0.001644661980968529
0.006452425192800504,0.004846844523434877
0.004195447008195722,-0.0022050339369271924
0.007413358641915913,0.003985591351689034
0.008677414766922577,0.008269993696902095
0.0076494116665491935,0.0021744819395966997
0.002868922380155561,-0.0036214735932199957
0.0072336706685355735,0.005237195291080993
0.009587764819659816,0.005190506904339176
0.0076293912295362296,0.007301711842772771
0.004671279150518671,0.0016871816358874636
0.009206280480153636,0.004653452061209425
0.009804036218147695,0.0062351920748730146
0.008909682076994637,0.004925041381553517
0.003498882597681785,0.0032757370112548407
0.007059369192444471,0.005384862190729598
0.0066833912367119,0.0038946504633233115
0.006792327700687791,0.0035600385387751206
0.010425244596798193,0.007176054617121163
0.005492431652283424,0.0020008106708068255
0.0047189366348639955,0.0024623317925312393
0.008306895002214747,0.004808677244201245
0.010603053881525075,0.00626925153099922
0.009275981098356494,0.00524309635152458
0.006204412166514331,0.006818492841016526
0.000600755631753427,7.3203654691276e-05
0.006837250065632934,0.0035692017097511564
0.015288891644725439,0.013282282603389609
0.005730538992412963,-0.0012401127040321518
0.006611962348944824,0.00323251117657571
0.008763731521894896,0.0028003286820557985
0.0031152987389079477,-0.004076452434122637
0.0052558432381255935,-0.000412419879351103
0.005236420274457438,-0.0019515548803193498
0.005563489216255434,0.0017796229299395167
0.004326920646171852,0.0025316282825379732
0.009858816002862428,0.0073364236913186585
0.004520352802969926,0.0005453823428724532
0.0072563072643828195,0.003318477882298624
0.007501457861847562,0.00409975033949476
0.013130498170859616,0.005031990104918987
0.0060664703743064366,0.0029896998988559083
0.006794711519401276,0.00508406037092636
0.004464892501976998,-0.0032495442674840003
0.012281755751598756,0.007896143120393254
0.01135391124213903,0.007164959678731177
0.0010105120080005203,-0.005506775791609699
0.012117871212753291,0.006498811662197665
0.015335434873261122,0.01070886009438906
0.007343883189672981,0.0017358512594390172
0.00829094629654803,0.007275186639393213
0.004217022940557235,-0.0029727070466893987
0.012700875456446648,0.009187893938027016
0.006520520904552169,0.0039186502670125346
0.004531914590264273,-0.0017896648484572314
0.005614192763663314,-0.002202758936977616
0.0048466466283081,0.002476372584117696
0.002237879086350679,0.00016115252154411813
0.005876656221564669,0.00484024827803301
0.004736258955825943,-0.0018626225982119942
0.007303200688804978,0.0062808509446218835
0.004123677437552082,-0.0011839595015893005
0.005507086999282075,0.005131822769350439
0.0065834053476734765,0.0020354658025177686
0.011192858589039813,0.010962839330238863
0.004981093820242559,0.00013551942384676732
0.004075404861818101,-0.0022713162733797917
0.009014278582763997,0.001654494239222871
0.005399648462129933,0.001951783128103948
0.009275949899870031,0.005157571285471704
0.007917792319339815,0.0018064582179151203
0.004668786779282487,0.00045056434154616513
0.004232756012831225,0.00260431574273603
0.006938020333965136,0.003533735583549141
0.006026225155411115,0.003443662215187683
0.00665734507008369,0.0016571017048243831
0.0036553243013788,0.004141813572886347
0.006919433852468844,0.0009976097281308724
0.001625171359521409,-0.004654735141348253
0.0068575206698623745,-0.0011509655742618797
0.0033348011095544385,0.003852528073651324
0.006536687994938381,0.002855703359054485
0.006113688106377067,0.004073146591453069
0.0041725600120422705,-0.0020211117620731814
0.007050767093622821,0.007469942425072554
0.012272405103386227,0.012341112252514691
0.010459316146963766,0.006809693183432126
0.009647751055583879,0.00440234361613334
0.007230650823945825,-0.0013231408443942615
0.006458934724933181,0.001976028073904944
0.0017454096323008652,-0.00027000972676356674
0.01173773753335641,0.009337499433958549
0.0031044136295433223,0.0023026362075386393
0.006935107368644587,0.005366135033928792
0.007033828395077196,0.0031677046823868965
0.006237619054782541,-0.00013562868136108002
0.0057726740318401,0.004683957063651418
0.006359684467754983,0.0038147907146708
0.0008990010211410333,-0.005292421708585404
0.0053137279363771415,-0.002875227479066684
0.005372577449931106,0.0007991868768771719
0.0042598378859812795,0.0012120697798001937
0.007650620330712149,0.004155821131936358
0.007631056302051338,0.004859646408907842
0.006392390763308644,6.750662971054516e-05
0.0024846065973550997,0.0005299373577739557
0.004640505202132242,0.0027201626624237694
0.018502319516891696,0.012019532958953066
0.0033971222962132473,-0.003315319395349234
0.0069414208360624695,0.0036728679773076235
0.005572144972274324,0.003242948849078342
0.007859284043387524,0.0024233282800387775
0.009825752310081787,0.005654647715916619
0.0043432074357237956,-0.001379426626226924
0.005283666375500922,0.0031759248893193483
0.008149959915977043,0.004500610819160321
0.009457425428787865,0.004957166251681799
0.0037651214734724953,0.002211234782868516
0.007087282360987495,0.005468736510048691
0.0040809346874325966,-0.003576152614530495
0.007884112648341492,0.004161416169187257
0.006029362664923437,0.001835341288807163
0.015645826418642674,0.01206358471567572
0.005148046381583635,0.0025543233531508296
0.003687781010739191,0.005351020041640468
0.00677743135313901,0.00533287942788711
0.007138564058125406,0.0031589979236806695
0.002969678620101668,-0.004355767622439889
0.005344960596930977,0.002698700929445244
0.005561485497562763,0.00448392819757738
0.008434550459576483,0.004899017609683892
0.007090916989937755,0.002338777707550148
0.007081338481502766,-0.0021502530892716885
0.006751251305579278,0.005394257897905473
0.0040657640213413015,-0.0006841697471744439
0.0071646717929178235,0.004317839690971844
0.00672395913425578,0.0018269893835189382
0.004594996660856052,-0.0007698751059602941
0.005201939584011743,0.00032592348051989524
0.006820539146055224,0.005504263808480313
0.013425635909389241,0.009941807163275874
0.006751251305579278,0.005394257897905473
0.00979475855893186,0.005673882945370507
0.003219205802728607,-0.0038098775801337584
0.0043485055820461915,-0.001963346963445793
0.009245602571041785,0.0039944497349497345
0.007846052859768497,0.004301001912897784
0.0059617188676376245,0.0015103966567649018
0.008205097227613724,0.007234683464134157
0.004727235861694114,0.0012026452366150275
0.006206375324022237,0.003780526153544235
0.00716967207439286,0.0052369497555050555
0.0077735247542502425,0.005069855087714259
0.01149909338425744,0.007434122969092271
0.007346208309168439,0.005796476596298811
0.005930668597417898,-0.0009071433688920862
0.005690992833534419,-0.0011608909103208338
0.0043733890911628465,-0.0021363299951009246
0.008529158720700866,0.005909315056738634
0.005690748993510778,0.002183512667117818
0.014093727120481974,0.012410379639965332
0.003198026238591168,0.0034806712755889547
0.0069745664777776375,0.004637034725242236
0.0019115646352353168,-0.005516332354254404
0.012876564343905873,0.007759661554620176
0.00839604229511397,0.004205114573137254
0.007120451687504446,0.005499472354130872
0.0034908522716405087,-0.0007464940284251306
0.0060664703743064366,0.0029896998988559083
0.005369183416143419,0.002486270616285902
0.011969802088640492,0.010066523629995675
0.009499025448217832,0.004369582410886183
0.013425281579417995,0.00584369305983886
0.004617567304592913,0.0038242177158552947
0.005352285522085065,0.005781897966876718
0.009688565884766477,0.005589664064743734
0.005091857138371177,0.005210768247472986
0.005233259002275817,0.0003912489814000353
0.008713205448609478,0.003575198255553023
0.008886269207670886,0.004479234796641888
0.014325164017925284,0.005515254198901884
0.009921202738932542,0.00492919654380701
0.004738774549071976,0.00022241169997008845
0.004467041265399247,0.0041723228916837425
0.0052976164273051286,0.0011710930422617338
0.006963477016460504,0.005075189448350066
0.005248811753030078,0.001046909458225824
0.0043173313144260865,-0.002389248926733688
0.01082738509868105,0.00594716292086553
0.005495977166820177,0.0024678822472454422
0.003711228796968358,-0.0015131648514590118
0.014402029945681879,0.010736563657788542
0.007589254516663318,0.0038817289677636037
0.01028561074375664,0.009510702881711144
0.00962064733632947,0.004316736967417183
0.0076124542246431386,0.004822764607640459
0.006805573340474429,0.003858280298252494
0.009306685371300812,0.0039147630919580765
0.00483095707547997,0.0008924580282081394
0.008075154583641409,0.004336757335407539
0.010585786182910676,0.0045396466187409504
0.007002768271829838,0.00577565227211109
0.00767040806323575,0.005032189805278696
0.00689509117427371,0.003742386684922238
0.0033430559616596,-0.0037456712281387214
0.01434046397318192,0.007244580680351335
0.006520285996114695,0.0031150762009973447
0.005269473969513353,0.002603744045982212
0.011327315892636507,0.007472823145078102
0.0035927826767405847,0.001340123059866527
0.0119700666717149,0.006598970277683003
0.0015812879981520842,-0.005473678817055095
0.005824474079692828,-0.0016336364807722822
0.003116299908245421,-0.0018322830546222534
0.004520733808114312,-0.0020391579412876917
0.007661188293857563,0.002885973077997324
0.004265242329245977,-0.003658828738993567
0.005986877285357119,0.004423108282660334
0.0044128831458710195,-0.001461630367889948
0.003238021880584814,0.003863187087737297
0.008530750290775725,0.006130638182020507
0.006085401322566982,0.00541862553394385
0.01736439181273679,0.01259156501245299
0.006025838922677005,0.0035693596803546244
0.007177645485114019,0.0013938022591496397
0.0028920203206609105,0.004897379634099399
0.005766922102702668,-0.0006956724641818384
0.0037483260011756236,0.0011845725741177204
0.008848218769265215,0.0038225357663578944
0.004012984306946851,0.0017484998468376622
0.006017362472828011,0.004104666173655239
0.004763434942615783,-0.001830336618283586
0.008503925748403175,0.0037293956580890415
0.008258584269889124,0.0068573582556486845
0.005334750892647502,0.0018284562717270653
0.007803030961616578,0.00439719058201581
0.0028814063180015483,0.002819041817908142
0.006291635077148371,0.0006016416018170493
0.006385013444650602,0.005942054545232199
0.007693609580731187,0.005465499087961487
0.0024807390975381365,-0.0003745295073589172
0.007241538708694956,0.003217222886231384
0.0068096579397285105,-0.0022305078514393926
0.005942083567468882,0.00443416424843136
0.007814251685172191,0.003183804147436086
0.006060973248505656,0.006289594652073044
0.006704919752958135,0.001615513848733957
0.006752487108683212,0.005725551814250443
0.00944698677960054,0.004797455619527042
0.007893102375980577,0.0033271704256983953
0.005482174531127013,0.002420327279939209
0.005814082748229315,-0.0002457109960397816
0.008626196769699883,0.004159345743274139
0.01488622897756433,0.008256362094073932
0.0063773311391064095,0.0016332850737841931
0.012302044632011695,0.01036480293727926
0.006783337318897186,0.004168775397512483
0.007459557898427604,0.0048879366539360865
0.006552831542667758,0.0031020001739072785
0.012331175958862736,0.008223449453988662
0.009525744720340117,0.006003801347682108
0.007074247646838691,0.0021089019128142546
0.004206978429998655,0.0014208530367119058
0.005617165341904042,-0.0017065192083746284
0.003436939679265033,-0.003573657630072129
0.008407768486511083,0.003720623197566658
0.0063151350300833615,0.0020913835666108048
0.008400314342275516,0.004833154581114635
0.0006110295658398723,-0.0057277359983420265
0.004650681016585285,0.002620126144704772
0.007697425625831465,0.00339937293658517
0.008816561013805957,0.007728336197221201
0.008530750290775725,0.006130638182020507
0.006766294621158897,0.0029026358140876755
0.005002359344884244,-0.0034343265402746372
0.0024974338954495317,0.0003878958479361901
0.006423420918856978,0.00026142947806070526
0.01081933245704424,0.007179229714421574
0.0054898234482968575,0.005272451862869029
0.007671798647958453,0.004579473824395965
0.005123503161212415,-0.0013261416624735026
0.004816428707300606,0.000656878053935538
0.0051188138440774154,0.003888558021002292
0.007899472338296222,0.004660592508501843
0.0069825576732979126,-0.0013516300529385055
0.003306103420490724,0.003909741074844265
0.008007320354776231,0.004879562160148056
0.0033528728488824537,0.0011261973511204372
0.016729043993597634,0.013440359352778129
0.005737382349537672,0.006606827264867655
0.013195749007257018,0.009113074431077051
0.002237879086350679,0.00016115252154411813
0.007060588656872333,0.0033927922127814777
0.00782645997934867,0.0060779105394152665
0.018075694168312173,0.012730842917933367
0.009066448552837128,0.0017740325139868913
0.008451639700462345,0.00360105148510171
0.006296763916614858,0.003840518648113589
0.005834130023483973,-0.0006307735941261322
0.005449857542093149,-0.001362836808545308
0.007086852343766981,0.001433657967725409
0.006790766293892366,0.0031610684751327113
0.005985866454502073,0.0054227368058036044
0.007120581173383156,0.006399531132942584
0.008695186584795886,0.003656202108433858
0.003347305447083726,-0.0003927832755764686
0.007308288096152114,0.004064887711695003
0.008967173489415569,0.005187336577806019
-0.0020059072445031603,-0.008168468688536289
0.0066833912367119,0.0038946504633233115
0.0034113040139881817,0.001882901782188493
0.008917911679113391,0.007551987241718539
0.00924036656335596,0.004549299033738867
0.004241159043595866,-0.003301220403389653
0.004998508846374485,-0.0006380265640849548
0.006522589963937133,0.00275807438854474
0.005106747329308397,0.0034969506797487794
0.003299137666217429,0.0008635859999763257
0.006658221565954576,0.003138738295950937
0.012564192877316879,0.00929480274482311
0.007622553725371922,0.0027885940776732855
0.003971607847930257,0.0014678279497476717
0.008068503623947036,0.006817804050761062
0.005730587068877256,0.005475929852248506
0.006738180735628059,0.0028099850043904967
0.006843332232531916,0.0017467132709640919
0.007461967560654188,0.004013380471470297
0.005868007774214686,0.004685937180582088
0.007541526356724828,0.0031752670317363937
0.007120581173383156,0.006399531132942584
0.007297725903988126,0.004930369747716855
0.004355669355587292,-0.003085896271569036
0.006504630014059685,0.0028944870657203192
0.005241394219307347,0.0017689661105111274
0.009115812036860346,0.008429875306059573
0.007466789913597064,0.003286365138684311
0.007625450131217981,0.002715505549904942
0.00795386799858475,0.004654723278760187
0.005798895729480185,0.0023884151942815054
0.005981678520391198,0.0028376517744621646
0.00962064733632947,0.004316736967417183
0.004395347799210804,-0.003432426023100384
0.01029364718328385,0.011216508059674703
0.009336870819711096,0.008203705602464346
0.010987786890208913,0.00589267516586457
0.007738000476583911,0.004692047797523455
0.006387709317445106,0.007659882728761524
0.00930257559844135,-0.0002449917794118527
0.0069935113289724795,0.005377960863167191
0.002263392334355392,-0.004478200436367199
0.013863512413115175,0.007240013224770489
0.005999411971041641,0.003982240047761414
0.003054998600964011,0.001122498885388016
0.00837545108265536,0.0031336264256130513
0.00641232160231901,0.005358698758697694
0.002035167822094036,-0.0005406955593557205
0.008749833040528947,0.004236705978110095
0.0072395065503431414,0.0015286678079177354
0.0052208776516253245,2.6203495389867833e-05
0.005258568015840357,0.0016630355010117948
0.011162885834380187,0.005601074114248238
0.0053922904884386065,0.0018755806034120373
0.005803141751421555,0.004772873498057668
0.008917388217680159,0.003814484671276533
0.002887259316114511,0.0015076352256058485
0.01283052164757798,0.007357431716735927
0.0069035448231661075,0.002497001999868735
0.004488572976120897,-0.0027797669493903497
0.005131524842800913,0.005095797630756848
0.009471905084126927,0.00607076451384298
0.00727222617711239,0.005453279685394443
0.003759428013338407,2.76013342160996e-05
0.0054603546397938105,-0.0026950166117909614
0.0029486449713694764,-0.0039407129938610905
0.00938158663131468,0.00472379463691062
0.0072774165410993295,0.003942806590483687
0.005219205645068731,0.0021038958568464885
0.011735068291530131,0.009160367728722814
0.0037654961258228817,0.000998813224144553
0.010397967625320945,0.004925049172472079
0.006511368547420934,0.004053393433484644
0.006099354892492109,0.0013203122983888732
0.006057121214443701,-0.0019733879405762498
0.009627181827176362,0.004632900647617345
0.006845851056524666,0.0028689232087255557
0.006040845352611281,0.0013197714546331948
0.007595763425247606,0.0051950154055709985
0.009306459028546201,0.0075249514896142036
0.005669335853071562,0.004754212388366963
0.006970847429418422,0.005345297853531256
0.006917246052093535,0.003873228968173871
0.009636102390736928,0.00550702739877503
0.005550260168910471,0.005526558868330859
0.008758492186383556,0.008835619684395009
0.006617723508407045,0.0004316624387879532
0.009056915063967778,0.004671087420081223
0.00646059231748273,0.003431536862667845
0.0027460604196092794,-0.0005097035153350388
0.003158877652708919,-0.0039953305771145186
0.002237879086350679,0.00016115252154411813
0.009258184761850734,0.006102449105604058
0.015938354678110105,0.01021990004562029
0.0026286639137131926,0.0007265875585687606
0.007430279751258569,-0.001043101436276294
0.0022213747301609507,-0.004019508946984712
0.004513304044114591,0.0017213060347596038
0.008078358747281415,0.006871415476942255
0.014345856461096887,0.011860970659247197
0.003166500721922436,-0.004884298287617276
0.003994925067311484,0.004968038733566655
0.007960976741015301,0.004871720267200036
0.008985524451342116,0.0038224966494446707
0.004520352802969926,0.0005453823428724532
0.0070463821554242745,0.0075481183566486355
0.009230267994714832,0.0038388475095442447
0.00616461404666098,0.002245369177362278
0.007294355803137081,0.003165011764463037
0.008388794366942936,0.00412114789564206
0.006750375108271067,0.0008340311793628291
0.010381501134292837,0.004818968323571761
0.005989543334817151,0.0012576568729028709
0.0034388410438237786,0.004422896923681758
0.005939916864131937,0.0016686430714254168
0.01226501302130872,0.007289025504812745
0.005789082004889558,0.001628466183869799
0.006337218847841407,0.0029041083918893446
0.000567397671588003,-0.005869679957415811
0.00523225608916067,0.0016857966265602124
0.004844605454609007,-0.0003207466454152024
0.004120069003920479,0.0041005671625868705
0.004188412750483565,-0.0022539016314417747
0.008869707061495096,0.007568700541066273
0.008930218455325328,0.005970973081298425
0.006602907255067063,-0.0003266133696444998
0.004697704530289398,-0.0011897827638682416
0.00926578132546824,0.004432155548785673
0.004992843614469786,0.002833399984986801
0.0033854769133560584,0.0015474786692278916
0.010817230263058943,0.004634972915236438
0.0036970944512849883,-0.0035943220623095833
0.005934160744039974,0.004173513456361651
0.0024071355929205316,-0.004657462545839741
0.002955615014029669,0.0031608250181664336
0.00579060442441398,0.0032973318772969414
0.004158968699898326,0.001214095464073835
0.004124769023964451,0.004979200397022331
0.008063078538713098,0.0043919503931257355
0.0024974338954495317,0.0003878958479361901
0.005878042087439245,-0.0019512208944590242
0.0052661289100085044,0.0026358945731647567
0.005075580873353078,0.0034750590896182884
0.0054450072457551376,0.003928598624611759
0.005303172922039545,0.001697602588084002
0.007844886771133996,0.003172942099803327
0.0045764028435807125,0.004360943582950975
0.003339217055498448,-0.004318872308670205
0.002815698788926199,-0.0042088948217362775
0.005095929810233198,0.0015996102674162025
0.006614763407570824,0.0006502185300042429
0.005429617751536938,0.0013325687767116023
0.013604791582568911,0.012658215487416934
0.0025360125145228772,0.0005252102559141067
0.005297614337799252,0.0036008820403722963
0.0077647848222577535,0.0022034728009509993
0.007933144083079414,0.004299776829525094
0.003570488133731944,-0.0036982745277789443
0.009425629532351237,0.006357393466557094
0.006366204348472539,0.003853247421764275
0.006700951493475126,0.003911110128700527
0.006674280026111469,0.003193701215458324
0.010153378477532168,0.008916946437458138
0.007120581173383156,0.006399531132942584
0.006977750206547926,0.005970940730797522
0.006649300737459311,-0.00023006968054609892
0.003829639737587538,0.004277970471134577
0.008853883814180388,0.004976854299757037
0.0030111560015757873,-0.00046482530941540506
0.0041134687713864845,0.0018701418487872268
0.005565146301778792,0.0010306306739828047
0.005306525193709526,0.002292766554348214
0.007041017123563029,0.0025966425141048764
0.005174354745078096,0.0014666688090584782
0.004870987825508281,0.003443907527738277
0.005827375450946958,0.001921464613045586
0.009583120209376891,0.004461488723225699
0.00846395118392589,0.003653781673161657
0.0025187317722857715,0.00161209549134015
0.006850209956155644,0.004560231565253065
0.00722821939926762,0.0030406762388587054
0.009949898946194817,0.002809567473302063
0.007140200360528377,0.005472596865023876
0.00505825358834738,0.0013651110329762194
0.006841997636919037,0.007568208319385962
0.004530160137416867,0.0014735708676418833
0.004520352802969926,0.0005453823428724532
0.0028373316428352254,0.0031850422678343484
0.010095062023216798,0.007745432582947845
0.004400198595654388,-0.0015187445064726423
0.009554223291688898,0.003580275106985358
0.005169418848451912,0.0026627019971073975
0.008179236482905462,0.0036504022484635523
0.004654606336939451,-0.00097095580831668
0.002093742314982476,-0.00047743503532465814
0.011591957372002082,0.007726690281451421
0.016748402335313915,0.014317220153680445
0.00876363439345133,0.003861451634686152
0.0033519499742292805,7.824696574806889e-05
0.0052607858691400625,0.0021724890275646204
0.00888514798658613,0.006113367380444065
0.00633514730824254,0.00451114204018619
0.006449978269262802,-0.0013531835035455863
0.003657922180507453,0.0024247589380348997
0.0038835532103154557,-0.0036359758910838903
0.00636525231215622,0.005313721582288866
0.0028814063180015483,0.002819041817908142
0.008262226744754433,0.003614305886953427
0.006547423154280148,0.002499974557969396
0.005366155739963725,0.0023799522222274104
0.008702791293291661,0.0037794799905753115
0.014140408143306698,0.011596259815674076
0.0037579281374956414,0.002856568444637656
0.005463719040432148,0.004735669136228762
0.0038996256806756446,-0.003647295247519774
0.006237619054782541,-0.00013562868136108002
0.005915744922871026,0.0028607924680436247
0.007951335768379135,0.0053485411684943435
0.005520790525489783,-0.0001775001997361917
0.005401825813059841,0.0018345783272944553
0.014670028784045868,0.009113708874198989
0.009574228810208368,0.0059890921801554805
0.004535558384533951,0.0014078644933166852
0.0054533546578857325,-0.001956395108316648
0.009764577663776561,0.006320497302928053
0.011057955297894415,0.005200228591266924
0.015185000887632246,0.007819746443504319
0.005906697769655191,-0.0008246692392446129
0.00700246006721524,0.0046581824589460455
0.009583609490871042,0.004346640852628682
0.007980631886630986,0.004827565916297887
0.005656888789201779,0.006317930383381205
0.009980682524595353,0.003228501187559943
0.005375318475842996,0.001710680408885383
0.008433474391589068,0.003557746224040885
0.009031881062205323,0.0051094098816706615
0.006423381198237077,0.0010244201978831594
0.012114126505552976,0.005224057990424262
0.006951216059087583,0.005154317749151746
0.0051709046000953576,0.001436850422374231
0.006395725911691089,0.0031331604142258943
0.004482765304051414,0.0011359200113624183
0.006120275451650593,0.002996930626322534
0.007565195587108092,0.0007444803123125912
0.005985866454502073,0.0054227368058036044
0.006937885718573128,-0.0010130004961461745
0.006691084240036741,0.002241379558214817
0.011166683724115146,0.009328746644218431
0.007405516801049344,0.007142036198285136
0.006527654956468499,0.00529758185793629
0.018310212633938696,0.013478347721911293
0.004483229533478522,-0.0013425859095910764
0.008510264053724086,0.0019222971115780167
0.004976636954923299,0.0042621347488562685
0.00488121366414756,0.0011256963247186069
0.003966338801028148,-0.0008500928339339638
0.006136351472072414,0.004902900113679151
0.007862699354253426,0.005491908127549072
0.006409515814174921,0.0016330544836274464
0.007697398042793274,0.0029643581528379327
0.010145124280490766,0.005814515968308716
0.007386187722389673,0.005167284095113559
0.00822033080471279,0.0030494347374972197
0.005885017158906711,0.004485198319275635
0.010973999527866757,0.005379363436332812
0.005371741953067593,-0.0016487600359219607
0.006777891464931404,0.0016613634247408587
0.0031044136295433223,0.0023026362075386393
0.0069352579328098626,0.0026388073152229415
0.006832237138097544,0.002964567414828749
0.005066187258793207,0.0012034631466651697
0.0050757696722065326,-0.002958996953040747
0.006799115583849088,0.0032786927893485055
0.00572605741836317,0.0017714423739050404
0.005897988142957933,0.0016963984658206182
0.005981148195099683,0.0024560390469927206
0.004079727806351139,-0.002305127387954879
0.005105514392906338,0.002137979923237816
0.00492420749481403,0.004789534964872215
0.004350387348920083,0.0010169591276208874
0.00244810439119223,0.0006496734181918942
0.01018312018493195,0.005198569756640979
0.005031469648491265,0.0010203704464261587
0.007738794242673654,0.004233744314308603
0.006699973209090697,0.003161736367963553
0.006202780795695882,0.001678298248955398
0.01003904543422145,0.00540164066986082
0.005526156823192428,0.0021470119845758123
0.005422672567429782,0.005428850451186625
0.006522589963937133,0.00275807438854474
0.007097958916066784,0.0030169851202225028
0.0026812112510544647,-0.004461368415101348
0.009019977085648528,0.002327930831104094
0.011172975229643963,0.008330780170874123
0.004531303212254086,-0.003468382854129339
0.006869638546814369,0.005260552767962971
0.005737382349537672,0.006606827264867655
0.0038438918959529085,0.002835241422752411
0.004626984818851385,-4.6798814741446856e-05
0.008423757663732403,0.0029666292990583546
0.008387268158164818,0.0037408792150926307
0.006775274510005717,0.002770202054632652
0.0056045865728071385,0.005726778769213806
0.006775757960169707,0.0012183266368928749
0.003920131930495642,0.0012602756455328476
0.00810046812441467,0.0038887342511520332
0.00334200881472433,-0.0034653641589181203
0.00682960772307692,0.002897357812199427
0.004634241689995379,-0.004358718730085974
0.016783931295379535,0.010308266237648479
0.0033271537744772707,0.003199810172925129
0.007155006533765425,0.0019498500651547344
0.004878865193493856,0.005371975023541189
0.01589221374034788,0.00652168278080803
0.004681656911868358,0.002855601319087157
0.004588515652702396,0.005197649508858993
0.005723202000081771,0.0016301632584263337
0.006969991542125244,0.00517073889418119
0.005553960094447179,0.004331919122692795
0.008232169002096655,0.004729773889656688
0.006254841207084428,0.004255785473513726
0.00659013105287393,0.006364640438664344
0.0074159736637142565,-0.002008297668470948
0.005968030149718336,0.0019788426953801473
0.006021835202426961,-0.0003492770709811327
0.005373271121321752,0.0016728971014467464
0.008310404568602704,0.006514844074531695
0.005427671906289399,0.0016926415936680912
0.0008612717418373401,-0.005602115881286026
0.007080416237896252,0.0023846725163256897
0.007069701580853663,0.004296651302271309
0.00803283990890158,0.005641293798982663
0.009194421007368869,0.005263127586808017
0.010422003879971165,0.008860757559031825
0.006204412166514331,0.006818492841016526
0.007893102375980577,0.0033271704256983953
0.004520352802969926,0.0005453823428724532
0.004479197710359373,0.002588911569380863
0.006385013444650602,0.005942054545232199
0.004376986453551793,0.0014844713947942123
0.009958185542905989,0.008159424432848218
0.007303411173221882,0.004430976007170063
0.004047334107026904,0.0012553081446081311
0.011405025082712891,0.009912002369687097
0.003697332532629754,-0.00011234875768275504
0.006450440660920338,0.003395147634351046
0.014908148139186395,0.012027450795919771
0.00656823860979361,0.0017372564055271496
0.005113051624755394,-0.0029408285636058247
0.009217436865964473,0.002329114840402202
0.0028710080139825525,0.0030580282754719395
0.005002138279095887,0.005543929225777211
0.004638289716679565,0.0006080271038825594
0.0036758998494680756,0.0011404952562195404
0.009031881062205323,0.0051094098816706615
0.006162801509744901,0.003189252715126065
0.0044651583555645104,-0.0029027307350684654
0.010048469257216369,0.005705912684264347
0.004427951947088995,0.001978876927673288
0.005432345907996395,-0.00038995490230537416
0.009219536258464854,0.005170616167079383
0.0037226777468060976,0.0022576795799204063
0.004468921809855694,8.923762198640058e-05
0.008243542869570727,0.0069251680119134075
0.01020764276524455,0.007518051517682133
0.0010987536012222084,-0.0054989348833902486
0.004985084640986593,0.0016328336563515983
0.009208944983731066,0.007353262480299367
0.007484498205969049,0.004990470086873432
0.004441683639042495,0.0005895634404860994
0.0028814063180015483,0.002819041817908142
0.006112513675350626,0.00023129473247899754
0.0035121861229063193,-0.00369842116790107
0.006525651529565477,0.0025969003765661212
0.005606560451571715,0.0021239556365258315
0.010084556940789,0.005867923474755897
0.006225956525734829,0.00198600456825812
0.00713438415389926,0.004497899347945623
0.0034502304159647447,0.004193667632853425
0.0023739610941851475,0.0008830020503801297
0.005297614337799252,0.0036008820403722963
0.006221348257981048,0.006630984861580631
0.006871355577135917,0.005345766543126204
0.004734882603114289,-0.003106455584867395
0.010828154175246692,0.0027882903575243553
0.005297614337799252,0.0036008820403722963
0.005687997475168237,0.0028510393460610085
0.006649384390129193,0.004008054105318519
0.005720508695419117,-0.00016220702549898242
0.008434550459576483,0.004899017609683892
0.00580949182286353,0.0017224264010242294
0.006550443123533948,0.0034251474383704683
0.0031000055507745816,-0.00018614927569184612
0.009450837133074758,0.006220062513020411
0.01181378137009958,0.011557802337075514
0.010718355909006778,0.003875666629137741
0.008441778129106898,0.0043854547589421925
0.00461637448513605,0.004464420458432552
0.007102409508672309,0.005461303568859494
0.005981096585107277,0.0027326722511537664
0.009114241423319095,0.004571984395141848
0.005513178960862945,-0.0022669274443972154
0.007929666012618216,0.00406758684622195
0.005273919547256324,-0.0005632029129434271
0.006568503054605439,0.0019904668055707097
0.008882866684716193,0.008794222593844991
0.0064246146793643846,0.003083153571864056
0.0063211591049297635,0.004516952689202657
0.0044989768758117235,0.0022408644713986688
0.0043656664661831076,0.003564949649300447
0.003324147334099751,-0.003783315693540573
0.009729197340048311,0.005614290359548016
0.005382162509608971,-0.000965882364872224
0.004268524460759423,0.0020552413733206506
0.00890656173880192,0.007973289957026874
0.010145124280490766,0.005814515968308716
0.0076949182548996615,0.0027926159734105475
0.0045903286595693395,-0.0022847973510252365
0.006287974621561318,6.581427689473802e-05
0.004214002777445042,0.000933633247054198
0.005699371439611977,0.003454087010025723
0.004156091722572444,0.0016975073361781409
0.003962232942911025,0.0012214932366315882
0.010971496243016366,0.005562286301058332
0.004277595935536324,-0.0036310973009636956
0.007991091263649181,0.004202413349165791
0.002076417269753263,0.0009482745748746633
0.005151341052983228,0.002014675768620304
0.007043256562278203,-0.001016865911644467
0.006394966605984565,0.0013954325052870729
0.008210942563465058,0.005370631922526115
0.00504144667242451,0.0031071133119023268
0.0053926138294707856,0.0020047205753323744
0.0036656901180748373,-0.0015357511125909402
0.004308792166694116,-0.0018321357634596717
0.004905271791563675,0.00047091341670930757
0.0032331405077079822,-0.003922633841389423
0.012266682879511033,0.006347887251250834
0.005965199999642434,0.0038303320174903274
0.00693007653738333,0.005650032638292617
0.007811831482431315,0.0025632245214308657
0.00611418471531351,0.0032098168224807735
0.015221420637936195,0.007850723851156802
0.005998628881127007,0.0011748846279633924
0.006926044740437527,0.006773150668285966
0.007292924721200257,0.002627326432955248
0.008495169474957806,0.005376884468384369
0.00840743730854147,0.0033172490679887244
0.005706793343210783,0.004098978835720498
0.004922313178688715,0.005493459114692414
0.005650766999445859,-0.00026081882767899425
0.003027637522422616,0.0025855025361350903
0.00482669512203872,-0.0030279020772940096
0.00626073990898282,0.007555836862291208
0.0062700449858884445,0.004982486771398441
0.003636279723083913,-0.00022139467641636885
0.0063591121324016115,0.006407319211490305
0.010721648653460028,0.006955608288491344
0.009587764819659816,0.005190506904339176
0.0053326707538579946,-0.001603858497386491
0.0030183329161730995,0.004595946183336735
0.00690406859531603,0.0032376249870805524
0.009332322460604198,0.005448317264663263
0.007254501649089887,0.0023880987406901316
0.003511742005710052,-0.0041988634784252445
0.0036464406710235413,-0.0016006166831112108
0.005394893648192766,0.0050988963437190865
0.0063201423795176785,-0.0004649475985853404
0.0076163371180265355,0.0048750865451122755
0.008483896292458317,0.004881404015368846
0.004128279354639587,-0.002087340650394451
0.006573791054356617,0.006468360858461317
0.002481387851181992,-1.164000281226197e-05
0.006822283323459796,0.004529812954962234
0.006053310737208773,0.0017254043094277255
0.004422096001187157,-0.003485335903585591
0.008434550459576483,0.004899017609683892
0.005683578475064761,0.0042456673329468045
0.006427896295077096,0.0030253712214705977
0.0060664703743064366,0.0029896998988559083
0.008525384437947663,0.005478787763632455
0.006518609621287688,0.0030999292394623644
0.012785498580544848,0.009656270786886741
0.013705909232167421,0.009172272983330725
0.007450913122816847,0.000886068292456149
0.00507749346451491,-4.83608552273411e-05
0.00822954526738965,0.004096324177989552
0.006166405678904343,0.004615275435693321
0.013025841583962954,0.009706859704472295
0.004057248549877257,0.0012444766596027236
0.0057588731095283875,0.004802596864276917
0.006869638546814369,0.005260552767962971
0.0066451323385126855,0.005546963845074152
0.009046047884488663,0.005121553992562278
0.008153012249858285,0.008006103149242199
0.008917911679113391,0.007551987241718539
0.007707247308521443,0.0020847352066156273
0.006917841045479916,0.005231759061707825
0.0073619350900356205,0.005466913864780958
0.003771019272098764,-0.001770327611464017
0.007820588696883735,0.0068524256171582885
0.00848141252635717,0.008347669901192142
0.0034502304159647447,0.004193667632853425
0.015471644012875999,0.008904199739719006
0.007006404511904261,-0.0016809670709556279
0.004072856320914727,-0.002339869942193807
0.008599989612290658,0.008025752166708595
0.012352334366006357,0.005148377822766349
0.0030701743211473086,-0.004517639197257773
0.006209135712477186,0.0030131298988241087
0.004323920726197133,0.0020023628075903155
0.004913536743235446,-0.00042818749539065906
0.005566152779975055,-0.0004289953308913609
0.0027879980049512094,-9.652268538398907e-05
0.007963445053209957,0.0035864285310724603
0.005295986977572766,0.0036237807452245948
0.0057885284873023515,0.002229987107832342
0.0066833912367119,0.0038946504633233115
0.007229378153031339,0.002473544366760563
0.005002575130439658,0.0061990969766122835
0.012240747819654084,0.00727623536574831
-0.0005594325548784716,-0.006934097897582846
0.009077742756203567,0.003557902874965808
0.005147985571849271,0.0010979239911703643
0.009136288245841647,0.004528217472357477
0.005985866454502073,0.0054227368058036044
0.006117616303611074,0.0034554369525535804
0.005179018653908538,0.0029412785646141587
0.005296070129884761,-0.0024762053544729375
0.006358287452182915,0.004157339776116998
0.005012923049688617,0.000763747770557089
0.005271112778436958,0.0005394174204586743
0.007444403223832893,0.005486718266264033
0.00745007432856985,0.004273900333547165
0.001357364130040846,-0.005155009266443718
0.0028577288884175317,0.002850861029110692
0.00707893144594322,0.0025527665927885124
0.004386898398324831,0.002180568749082872
0.0077698613742972975,0.0035110104361853614
0.009084908472904205,0.0025639660944525404
0.008136163885565956,0.005051110445961713
0.008434245658867634,0.008332511343560365
0.0070343648013883485,0.003816465014978617
0.004870066030309277,-0.0008962134248488842
0.00502971224184595,0.004985395762215227
0.00169684490912639,-0.004749111247210556
0.008357110556058488,0.0054285048105156275
0.00609028910629011,0.003889101922942776
0.007941494980510225,0.0027618698411962968
0.005526952876759532,0.000565567782727633
0.005553992295353077,0.0023546966081350257
0.004041355533067444,-0.0014865920796093297
0.007463819508379323,0.0029382572806246603
0.015188432825326677,0.007782514523940406
0.0063259425373404675,0.0019279516538830517
0.007802455258715989,0.0038935349560631806
0.006820539146055224,0.005504263808480313
0.005299192603606251,-0.0001612758849694161
0.007425385815855581,0.005182812675407536
0.004370746206770748,-0.003295939041067182
0.007981526438948724,0.0030368598094793996
0.0068399595516392495,0.003541537707926071
0.004511982758360835,-0.0016660492286590493
0.00596422340295873,-0.0008678729550216117
0.0063390073219325984,0.005860269521857466
0.008150660652087818,0.006953654596498736
0.006262165430219298,0.004143122724143498
0.00824032675557757,0.004500631726961253
0.013462877695387352,0.009954771571368906
0.005198696937458383,-0.002613944206086738
0.006716392337630421,0.0016266314568758036
0.00511956804019042,0.0016424303614663797
0.005621422562328577,-0.0026864760191920266
0.0028814063180015483,0.002819041817908142
0.007008618437955553,0.004600230468494234
0.007885296285616782,0.006714847918475077
0.008289156140208783,-0.0011165971698576752
0.007005260720762222,0.005378173989199184
0.014387008724471375,0.011860970659247197
0.00524512780483097,0.0011517556459495308
0.008523292151050748,0.008156566698493383
0.009090012518474732,0.0038528294678527356
0.005492431652283424,0.0020008106708068255
0.000600755631753427,7.3203654691276e-05
0.014838030940426579,0.012793808693611929
0.004117813263528225,-0.0003263114064620057
0.004484509490433638,0.0013637589700001475
0.004520352802969926,0.0005453823428724532
0.002237879086350679,0.00016115252154411813
0.007386856893153119,0.004470997322021685
0.006681660171523509,0.0022158717798267296
0.008131359949916945,0.004594332140338135
0.005126953611119019,0.0008593677180255164
0.0021170980593851994,-0.003688513015560998
0.009612908365425667,0.0039653141061305065
0.0037956515867280955,-0.0017030432996976517
0.007331744517401131,0.0026732950330371824
0.0050013991067125235,0.001980262619243128
0.0033312998010345506,-0.0038174303347196827
0.012424756521086374,0.004735549817377567
0.006095440166032099,0.0037768899806905317
0.0072621521574617355,0.004028243543003046
0.007055591649171408,0.005772780399539182
0.005392726615153486,0.0023051440119565576
0.008402032798393105,0.0038967328575759564
0.006867478038533551,0.004553134708377565
0.0037988066251560095,0.002711004284838216
0.006095205919226392,0.0029441956098789843
0.00799454643683251,0.0030462878639919
0.003926139926174129,-0.00023380997795698077
0.0060216891336830215,0.0024044313087453924
0.008291103592787884,0.005489471468686401
0.006879441538865558,0.003523914984038253
0.014825002419663424,0.010074057638177881
0.006623799707801347,0.0028909268308685027
0.004454879650761436,0.0016797597653450038
0.0050350805083769785,0.001143312990350068
0.0073065046524191084,0.005472138270508773
0.006235153837130793,0.0034394867348776234
0.002885119507845006,-0.0019991076428468105
0.004213503937455936,9.604822771578855e-05
0.007438695979324725,0.004378069513587264
0.0039041610138982573,0.004389592028899526
0.006850046004368964,-0.0005513548074244324
0.008242686694134105,0.004846233259163057
0.005760010358670714,0.003267103343950197
0.011077151264180159,0.005748950271399468
0.00438868103644147,-0.0014626748888706955
0.0055851240861018205,-0.0005112849018838669
0.0050047958918589715,0.000859998666848826
0.008095840803321562,0.004943592048139649
0.0055040990171789355,-0.0003234190751316285
0.005880489738012343,-0.001659984069896701
0.009370165515943383,0.004728612648146056
0.011644188547848676,0.002943892329149115
0.006854643001306203,0.0015281687011546672
0.007042688428967695,0.0051357784092127285
0.004226916346205361,0.0015641827556657434
0.00697230777603992,0.0026300496491741387
0.006624111984985164,0.002539746791486181
0.00833012784911241,0.006207778070069872
0.00580949182286353,0.0017224264010242294
0.006476786451520941,0.004664536910787939
0.006494852625396176,0.003586288409010062
0.009777592289457413,0.006022203145705009
0.005394893648192766,0.0050988963437190865
0.007830716373197932,0.005191316025926238
0.0028373316428352254,0.0031850422678343484
0.010225397259784389,0.003937395740249039
0.005991885824047417,0.0027139876615299907
0.005379867075918226,0.0030059353205162407
0.00572451847565544,-0.0008333401975250893
0.00694506259328414,0.004249823408253092
0.007675896402196474,0.006918741737244183
0.0065849391998747935,0.0024569967193174627
0.007072839498914751,0.004915364286841025
0.006449917421481129,0.00026060531431803136
0.00751660429891678,0.0018776093763252667
0.009927474874704231,0.005140940166333416
0.00690475774259361,0.006678241304527718
0.014423351629675635,0.010012651250425011
0.009272321618210694,0.007581628454391208
0.007372488130162569,0.0015352541225685142
0.004202537181489673,-0.0005233680265825224
0.008477234243701653,0.003760940798398906
0.005044697632478954,-0.0011099707960115363
0.004402842420031679,0.001507410037406909
0.007514271476362498,0.004971572149544753
0.007811785918427247,0.0055084700429303465
0.012291550470438041,0.009893477892643887
0.006257298937668649,0.003147936908319174
0.0028577288884175317,0.002850861029110692
0.0019257649001139625,-0.00034403604317549945
0.004183692554778682,0.0008693315802937186
0.0018783732266692815,-0.004825868500289118
0.007494820579869556,0.003921954629140563
0.008923664147564398,0.0017272616093738525
0.007213673677884452,0.005961234505036765
0.0067224169034598505,0.004996736222835351
0.010251944796729334,0.003655014214466702
0.0049639946739429095,0.00033139520864358934
0.010228374136844774,0.005087228512044628
0.01362688920619728,0.004867176815085911
0.0025187317722857715,0.00161209549134015
0.006129978778348548,0.0017185840595984672
0.00455257860665371,-0.0015968148044116833
0.00848141252635717,0.008347669901192142
0.005832275327533542,0.00801150505845573
0.006250606205854444,0.0030638889204964376
0.0077438758321231385,-0.0004986863733251017
0.0030514185842531877,-0.002171994224078825
0.00886177747740214,0.0024688662127064793
0.0034502304159647447,0.004193667632853425
0.005278441819201061,0.0036814084805686115
0.006430925607029392,0.0020834134257092197
0.010106282928470586,0.005309630820717544
0.006307936882768202,0.0023854703365165045
0.00734648681879157,0.003988013506507679
0.006934929048209772,0.005138029862176789
0.007152550628394051,0.0032693424355484946
0.003577876062637865,0.00459951831629058
0.006621577994238373,0.0005708241201794655
0.005752590257119408,0.0037449899249050083
0.00860467028219811,0.007405403201076731
0.00832738644367091,0.005583088407158186
0.009131629253811602,0.006723226572583274
0.00753196536112284,0.003127109818610363
0.00475162612611214,0.004032741295012233
0.006949596906629172,0.005107464160806239
0.003779989915457635,0.0026730417272378413
0.006249745907868878,0.002045351399007537
0.0060974026513734,0.0007753677549831653
0.004220244609444061,-0.00212801829628518
0.007751847580714169,0.004814239838351362
0.007379589310487663,-0.00032770404705837353
0.005868405636739856,0.00340996442327681
0.005572292243580892,0.0019585878485584808
0.005390492644041166,0.0017396761826915363
0.004828828941833712,-0.0028975291977218756
0.008908924095029806,0.006672348388010461
0.009443593235944295,0.0039466258489629594
0.00572524300325198,-0.00014977481447994712
0.007590247125996972,0.0051856480021006315
0.006712349812354301,0.0036773326246669776
0.003632420842480187,0.00029778806231230484
0.006911159615948154,-0.0024799781194875057
0.007590247125996972,0.0051856480021006315
0.007220794713701277,0.002369515977346504
0.005457629696368219,-0.0028278733122915813
0.009362432036811618,0.004349970791911693
0.011390467637862845,0.010017826085533728
0.007865406428157974,0.004529641750953793
0.00693007653738333,0.005650032638292617
0.004872470642317512,-0.0022789984230860635
0.009052962295061463,0.003359582564512658
0.009327306876741782,0.005025775847410301
0.007462734548721567,0.0062347640630702975
0.005752590257119408,0.0037449899249050083
0.015553063619068294,0.004996863776991271
0.006068819456203408,0.0027460805312672504
0.009159977762345253,0.005035414372506258
0.004299653042031292,6.847103892115673e-05
0.00839528137089425,0.003329525814174521
0.007346208309168439,0.005796476596298811
0.010041333225421703,0.004872976322091857
0.0088329519418567,0.005108274536425518
0.01355366404748459,0.009417241397176576
0.008749833040528947,0.004236705978110095
0.0028914549534869586,0.0023511500957289237
0.007547131063405148,0.0039214354643809495
0.009793807559952171,0.006233627085231392
0.008912676617182872,0.0030820292077306105
0.017047561769929893,0.011529439279270234
0.00737547392984222,0.0033195077861471944
0.00267573615643555,-0.0040169464008289885
0.00932591660677143,0.00414655971074635
0.0023754483287947645,-0.0042089023710940796
0.007136549867899558,0.0009671776401530326
0.008357367747829456,0.0077891583944373725
0.0025187317722857715,0.00161209549134015
0.005363578254663491,0.0023468317645529927
0.004916935541469638,0.002183796288895653
0.005731758155348854,0.002435371657527452
0.0070128302641695945,0.0036677532010179594
0.005934075435882199,0.0033655068985481273
0.005285227360126018,0.001478918538749271
0.008322553783370244,0.004614623350586738
0.004620790734230573,0.0019462997087689449
0.0057073593751686795,0.002458717038669657
0.005981148195099683,0.0024560390469927206
0.009587764819659816,0.005190506904339176
0.010004052664655885,0.002577768083260455
0.004168777371328106,-0.00348922185758795
0.006592477036311196,0.004330158418197748
0.010999843794196485,0.0030398251213508403
0.005986877285357119,0.004423108282660334
0.004757131932847839,0.0009779277792840834
0.005147843633701656,0.0028832140213913143
0.010145124280490766,0.005814515968308716
0.005021634502275059,0.0005497430776226723
0.0035462899416924334,-0.003992533080683678
0.007824968878089814,0.00434481758923062
0.003195894819399584,8.027218670037493e-05
0.007877338023511753,0.005430472617228825
0.018845741827405615,0.014391248636941648
0.0035824442168082343,0.002733878672685908
0.01864249883464883,0.013073379864439622
0.0064457099027072735,0.0038101350764956103
0.011012294762944222,0.007194692847790953
0.0046243051660188016,-0.001391103242844428
0.007102409508672309,0.005461303568859494
0.00696364438948526,0.005486707695575367
0.007865406428157974,0.004529641750953793
0.008817078288208925,0.0045128500678327035
0.004749719502658541,0.002021018280410824
0.0076026752694341344,0.005716221917170843
0.005603138713530721,0.003564515168309598
0.0047256984253020665,0.0016032881792053984
0.007947520056918747,0.004167577762798448
0.004344174561835012,0.0010800634599171782
0.006433667234152289,0.004236892898462332
0.005272452460445953,0.0030688005656680332
0.005952429221334212,0.0027755796671346915
0.012831658801988666,0.006804098045984403
0.0050022507435840465,0.0021532248454313417
0.005389762314432689,0.0017458118537813944
0.011110270005954105,0.0033254120504912113
0.01311952992046606,0.010450755564206249
0.012441798870478481,0.009153307769856435
0.0024084770111374564,0.0014712650252799407
0.005484892420150893,0.0013811697175572825
0.005481895039243638,0.005315936557417076
0.0054620046367346835,0.0021655114323826056
0.0005314177734164066,-0.005954976773008891
0.0059352747738667475,0.0018804987954524508
0.0077252961733875174,0.006255993019740997
0.006025838922677005,0.0035693596803546244
0.008310198952996986,0.002814038261746854
0.002237879086350679,0.00016115252154411813
0.009115662695478016,0.005906331125978407
0.011641773251545421,0.007207964427772124
0.006428087690734722,0.00452533139058932
0.007113777992514892,0.0027833269613689255
0.0035547291522304413,-0.003416831756786285
0.005290058217857532,0.0016288376616249824
0.009565035049939535,0.0057395404992496984
0.0048469437590363705,0.00231226573250903
0.007190579853744626,0.00454291371669442
0.0018354547226616322,0.0008063441817940317
0.009754605214915675,0.004401753307640538
0.00792685114194345,0.00529209225525918
-1.077982943766334e-05,-0.006430077418790918
0.005114491329014497,0.003577662291042191
0.007031846484749405,0.004372187461090287
0.005336846460595533,0.0017890257211077946
0.00651461444586315,-0.0002164838946482582
0.00782850550504167,0.00379120949835662
0.008614112789322777,0.0031380519260659438
0.009381088630383543,0.001991881295148861
0.00844224306344952,0.0048053991867194334
0.005481895039243638,0.005315936557417076
0.0064283497388206885,0.00386573109040315
0.004805134728182075,0.0040224900484748674
0.00605732009605295,0.003395876611996189
0.004844815844114406,0.0025499464020121744
0.014430439788725755,0.011442484296903078
0.009348026307240916,0.00575935104158674
0.0028920203206609105,0.004897379634099399
0.006881297416295293,0.005032452565555961
0.0041910060754286335,0.0012083248052823957
0.0053811190727485435,0.005819485071669581
0.007729509992903422,0.003867747009455113
0.007804610553323843,0.0043285498135753105
0.0074769292972050394,0.003453992634197509
0.0064246146793643846,0.003083153571864056
0.00497458883799798,-0.0006742523901056875
0.005520016874169851,0.006575542224437223
0.004333269045563751,4.617679165022995e-05
0.0028814063180015483,0.002819041817908142
0.005099146905411307,0.0013169977978698191
0.0078108811372675,0.002833592113077049
0.005965703280272174,0.0028137842109207814
0.008627779762613025,0.006051232266659378
0.01597508322694038,0.013572282536856654
0.0064980416488367295,0.0034203346332781345
0.007738000476583911,0.004692047797523455
0.007817050075922531,0.005244107272563069
0.008339296956761104,0.003920509678967494
0.0028814063180015483,0.002819041817908142
0.00742093799008115,0.0016448799913828024
0.009430550109101992,0.007336318906318648
0.011305000516105859,0.0038394192516964442
0.010041333225421703,0.004872976322091857
0.01572602581172525,0.00933981069125234
0.0069671718912668375,0.0069411354771510975
0.014070625269370715,0.006897980137224535
0.00601399047271213,0.002498181769191643
0.006832702029520476,0.003226524927063284
0.007754821919142523,0.007970843536848708
0.008255601148422359,0.0028983259595855475
0.007048736829798573,0.00527133968623675
0.007831974966067561,0.0029446443045764463
0.0070422421966478185,0.005092386089227906
0.007934460761897463,0.0071359076528923196
0.005749987210859201,0.0023215235152321545
0.00824437736388107,0.0032472248046493614
0.009698580562621361,0.004765034311788463
0.007200310466212082,0.005018401719564525
0.008408953039457507,0.0036313845402816897
0.010268825043881316,0.009367429349953374
0.0026737965540478536,-0.003528782701239618
0.007641605600935476,0.005730305403822069
0.004875325537526249,0.002938836884290176
0.0006651760723508579,-0.006148438571610472
0.008397551493449775,0.005896756254098991
0.006212433605443679,0.0018945076444753534
0.0038776595810809597,0.0013878197808371278
0.013993785601468411,0.008938664837371418
0.005841433817543144,-0.003002388087002681
0.0033461518515525805,-0.0021173549045373358
0.005227713965285713,-0.002465442821242304
0.008886269207670886,0.004479234796641888
0.008474103219505931,0.0029021710315201826
0.004705669884246971,0.0023864982456935314
0.008886269207670886,0.004479234796641888
0.005785189886828612,-0.00233652873090001
-0.0005745877622396044,-0.007154955522463011
0.006891188470133824,0.003761200796989293
0.00831716078531498,0.003980307173583333
0.01159639443033447,0.004226792818849112
0.004724215018047707,0.0020718409554069854
0.005832275327533542,0.00801150505845573
0.0035399210816681233,-0.0036237390145843805
0.005736504593318382,-0.0017322542451800715
0.006261278955936582,0.001383331539322354
0.007985226500412512,0.007045211206729439
0.008799548171590447,0.001570296644672722
0.009929340484560883,0.004750230932704323
0.005728086835637855,0.002230866338091609
0.008855245680694894,0.005141342828004095
0.007804610553323843,0.0043285498135753105
0.006537406064671128,0.0013949084591538602
0.006304052975734253,-3.727167260205236e-05
0.006738180735628059,0.0028099850043904967
0.006977750206547926,0.005970940730797522
0.015497944684617154,0.01029005079226811
0.0028144306585961495,-0.0039056663573404
0.005611912208119642,0.0015097192516446796
0.004174800851206098,0.002292679085822603
0.00801136927042847,0.005666539336849354
0.01445996047287393,0.011267290790145176
0.004055479257208458,-0.0029920112528866224
0.007804053763763524,0.004349880433572336
0.0069500365795769,0.002671703433455952
0.004049753809774001,-0.0035552697467628475
0.004277232901200559,-0.0001714531994731639
0.007069405965596048,0.0053320160367613355
0.004030127791811729,-0.001247282170397451
0.005274824797926103,0.0010741600380810108
0.0039957319705944214,-0.0033503880088575104
0.0058401329785491,0.0015192950836341763
0.014288171904688642,0.010789816808683926
0.008285034222258805,0.0024140730904671738
0.005352285522085065,0.005781897966876718
0.009374966427512307,0.0036764520725570305
0.006560405950957267,0.00593418653788864
0.006040655242121412,0.0019015409942399952
0.004578150894782435,-0.002060619285788424
0.00684946033314111,0.0018351337587180026
0.005821937150570725,-0.0018069635954128162
0.005932161566083991,0.0026885724286891876
0.006499208770915299,0.006703884790114064
0.004343379454431489,-0.0018618346258366435
0.004308203203497165,0.0005929610387234458
0.006568640237905488,0.003683733735477831
0.0051778947982739085,0.0015817185063090608
0.007696432549224094,0.005011740750675525
0.007355279765398861,0.0043064939013216855
0.008496555280918819,0.002209574702940911
0.007618771304811184,0.0027537913796350467
0.006221819320364768,0.0012145211534494577
0.014176429121513932,0.008601694651754956
0.003863992707187,-0.0017164615323527008
0.0029415031124307702,0.004502329348918445
0.01677934737568131,0.00990579581418791
0.00935430826427239,0.004732741503780086
0.007088571352703174,0.0050197632984245125
0.006808362966730548,0.003153784501256851
0.006461806463950951,0.003018657468214975
0.005401825813059841,0.0018345783272944553
0.007522356854701252,-0.0019579002565567483
0.008909309814504301,0.006053306057278299
0.008927855589089088,0.004141808791416184
0.008604709791390459,0.008482580983576942
0.003586343285332909,-0.002373743900823391
0.01699609192373188,0.007976895802838805
0.004604112413866296,0.0004228573559125117
0.01447072072643573,0.010867322013563267
0.007681401769853344,0.002528756878774344
0.008496679996036906,0.005604181860553379
0.01483823971982682,0.010384401244259378
0.008848558722536991,0.007606040639669886
0.005308188948450157,0.005660858161602741
0.005761707911658103,-0.0010751836754512457
0.00787138822309177,0.004332349446734471
0.005349697603641281,0.002776794520981855
0.006796890382058261,0.0031426668931150044
0.005230250320754844,0.0007983756753816729
0.005468772735457523,-0.0009076095945405914
0.00919963478800754,0.003353905245072937
0.00872663438487586,0.002041957501882804
0.005166002562290336,0.005082441757113656
0.0049490736503693495,0.002117626183918183
0.011952869301837393,0.008909046267911138
0.006822705250738814,0.0023104121142494124
0.0029216612934622284,0.002632433058175573
0.009782723943485432,0.004690721610398824
0.005021620932379691,0.002014437352852801
0.008307196469886535,0.0034439310825797997
0.007524253123990177,0.007773969586385066
0.0028313992708879614,0.00033399188784727016
0.008330308814128332,0.005264337928182516
0.01371155552767726,0.00552785376307432
0.007157427935158178,0.006013114621477483
0.005511047430932779,0.0020357674918637285
0.008929478669425537,-0.0010489525066384332
0.005364782005566416,0.0012530314792272975
0.005468926986478108,0.002702629644872735
0.005514842549919475,-0.0008479333118165417
0.006606326061270354,-0.0002340678491484019
0.006257642220955808,0.0008287567579966133
0.006191921029378895,0.0011427325817822166
0.007451165443202666,0.0014554523445655977
0.013682441774159651,0.011864059210267274
0.0042528602839250465,0.004032378385901504
0.012678665288629236,0.008410415715573423
0.008483896292458317,0.004881404015368846
0.00944698677960054,0.004797455619527042
0.008572827384372862,0.003645623844819341
0.01074074780925694,0.0070672057324082105
0.009223183332396976,0.004627471735104555
0.005754757675220547,-0.002144399033522584
0.006113688106377067,0.004073146591453069
0.002363241011647586,0.0005930828748414857
0.007292924721200257,0.002627326432955248
0.007101778506320913,0.005479740331648441
0.007586155394473137,0.004114337988592764
0.005942216282329885,-0.0016900032009778358
0.004244990119006316,-0.0014508281552758706
0.004317252126115303,-0.0014144242343203913
0.007265952187013558,0.003148804638900579
0.006831381068703627,0.002531449342030815
0.00799502330364768,0.0047166977260033865
0.011039854791385938,0.003289678758431327
0.008644959322525264,0.0016892289405350067
0.009195383740329435,0.0036056502425558185
0.0009919507577238612,-0.006193655933717294
0.00773336755017986,0.002176173609605707
0.00944889517321474,0.005287300105948701
0.005760010358670714,0.003267103343950197
0.009750286843734466,0.004063093066193577
0.007307095707872598,0.0020506755816822276
0.009769379125982545,0.004367360981121858
0.007498649453970694,0.0041700908302073625
0.003208976768430214,-0.0037601290957593077
0.0058863221606888436,0.0061767404858993485
0.005809365676761055,0.001988952752635811
0.011632907132410466,0.007003991290099085
0.0062514252962016965,-0.00012487041813576995
0.0088329519418567,0.005108274536425518
0.0037685265861682167,0.003735134479897733
0.00799502330364768,0.0047166977260033865
0.006189387006250726,0.005820913368925591
0.004407791012788317,0.0012538032029278667
0.012646697121955163,0.009063592021496095
0.005748380554563695,0.00232007145366673
0.007634685681885316,0.006910018361788672
0.000871336777757848,-0.006042015784235966
0.007823012344345931,0.004875595782774399
0.006977750206547926,0.005970940730797522
0.006602907255067063,-0.0003266133696444998
0.008404848743037388,0.0073018887674604
0.009410796971225217,0.004753238942950339
0.004905935059658024,0.0006489731721833611
0.005986877285357119,0.004423108282660334
0.0030741031805381425,0.001172700871495973
0.012647899250941598,0.006556385793046097
0.004140702713883969,-0.002291498852770019
0.008447895846942055,0.0033590015757560075
0.005023543393464154,0.006383565718969008
0.004331400871715695,-0.003574203533334033
0.0011840781910463487,-0.005961148313546747
0.005337797043676788,0.0013168764949651138
0.010000634442941005,0.0034708467723651203
0.006834286012608293,0.000976226432424579
0.009045146810359686,0.005255904271694976
0.007422696867595946,0.005176354548818671
0.0076051711023617345,0.0005522856338507319
0.009927474874704231,0.005140940166333416
0.004555873232398219,0.0023440240821968883
0.005737292937408271,0.0016332472053982054
0.00772547130380835,0.003155814492210039
0.005703776454102273,0.005367442172803179
0.007179191073139073,0.0018698454364920146
0.0051413229423322975,0.0010094811933369172
0.004077429264538143,0.004350832972150355
0.005980223508303436,0.00011087663753089026
0.006744769081885208,-0.0011460567605666005
0.007896792328346783,0.004821445270267943
0.005399648462129933,0.001951783128103948
0.004389440727995589,-0.0025591272068678063
0.0051731349982705455,-0.0003918533052421208
0.005681502211960667,0.002917229925887937
0.005995814894242356,-0.0020511111246800827
0.01360252916748945,0.01097448530885204
0.007865406428157974,0.004529641750953793
0.00800086005273935,0.008109111365820203
0.00690475774259361,0.006678241304527718
0.008243251239722891,0.002764481644943261
-0.00065243049772171,-0.00670692057967661
0.003532912784480669,-0.001990487317942106
0.006392339944123762,0.0012626485297475582
0.01028705831015387,0.0024815350689505467
0.0109598612382347,0.009400559198665531
0.00844224306344952,0.0048053991867194334
0.005985111741590934,0.003356295513557426
0.004751379527853418,0.003731868469980643
0.005307902746727643,0.00018204340097532738
0.005217259638406831,0.0007054429641413975
0.007102883924478913,0.005277343036493177
0.005752590257119408,0.0037449899249050083
0.0151680384057078,0.008819975054341444
0.009391909427002161,0.0043336410185933
0.007073911989626234,0.006043471123946329
0.007775564145812699,0.006325299581499971
0.005297614337799252,0.0036008820403722963
0.009161079177883277,0.0047974973592831765
0.004267127169176776,-0.0010002562684381091
0.0050639887051429164,-0.0010628577659568123
0.008137497769089539,0.004577366393011347
0.0034309735548973506,0.0009544107407003354
0.005006942487673667,0.002337931374575793
0.004459107951112405,0.002207780866263327
0.006872219237693586,0.004264496365793373
0.006374470301416801,0.007583364279188438
0.00865074162763333,0.0072011607135002076
0.006713961941390242,0.005106410719346843
0.004195445120980721,-0.0015239685799357363
0.012204982421758558,0.00809241946116904
0.008120170322143811,0.00753309468036778
0.007788981885043228,0.0064085257211111794
0.019506679156249776,0.012311006694830914
0.0074522190416164156,0.003911236670872068
0.005088649799675353,0.0017825447645755596
0.008068503623947036,0.006817804050761062
0.0063151350300833615,0.0020913835666108048
0.0063151350300833615,0.0020913835666108048
0.008290121628039365,0.004126291134711945
0.003919548293768834,-0.0030330354500360396
0.007425385815855581,0.005182812675407536
0.007384313200609431,0.004469792114006989
0.005574226437398211,0.0030702223740811524
0.008387268158164818,0.0037408792150926307
0.007656825958740565,0.004915076874507308
0.0038032861438166525,-0.003304506717156685
0.007598779398789613,0.0018849424076456114
0.008330926886417917,0.0033777024351591967
0.00667971756300266,0.0004964160098763623
0.01575447223519624,0.004334519678324603
0.004226916346205361,0.0015641827556657434
0.009830637095309052,0.004751031294837739
0.0037226777468060976,0.0022576795799204063
0.006121420913812422,0.002919895564408921
0.004447817383326351,-0.0017552010165423158
0.004414736285085263,0.0019996486980359326
0.0016785964494970725,-0.00013067001198787884
0.008960085970785242,0.005237383589619807
0.010239860318250613,0.0038089377268102883
0.00690406859531603,0.0032376249870805524
0.006193297919927178,0.00577317698330871
0.006926044740437527,0.006773150668285966
0.006038811797324142,0.007592465095282082
0.003384737393561559,-0.003971224321319749
0.006154305998666119,0.0013177857442887818
0.004222953670117681,0.001444720600253289
0.00848141252635717,0.008347669901192142
0.004778433685659499,0.005118559228475082
0.006142902417099648,0.004679747931171954
0.008647026695269254,0.0032751742853148955
0.0012525444228390992,-0.000928651138791755
0.004826266788018064,0.005436021267435678
0.007213426376439689,0.0012401753069079778
0.006483132828349589,0.0020651081988667793
0.004856512907318354,0.0016402405437778494
0.002076417269753263,0.0009482745748746633
0.006426995839839726,0.0032375402485181797
0.0027482230792457854,0.002967050102385121
0.002296228815629793,0.002928529481134504
0.006374470301416801,0.007583364279188438
0.009045021359829208,0.007064440445803164
0.006615849239555488,-0.0014086042073361334
0.00715737240705714,0.0012660272568731897
0.007329854965720561,0.0036157351580651427
0.009457425428787865,0.004957166251681799
0.015019138080172526,0.013394030329200668
0.004775334225274416,-0.0012233222035147005
0.0048784700184219335,-0.000675545410082138
0.005453017112597366,-0.0010233657675208872
0.005255453052603572,0.005631428719467883
0.005195750884572433,-0.0009755519185161241
0.0061327335398719,0.004006157948338966
0.005233566301201992,0.0017088575950506175
0.002074949990407138,-0.003903372132079301
0.009075585992718564,0.007148767707922016
0.01604457887447653,0.009819869752594718
0.005776480180107192,0.0024813313522593326
0.006687636440573301,0.0034431424125931165
0.005936469312043758,0.002776346568450724
0.0044409887761349305,-0.0036946496915803376
-0.0003528742608731976,-0.007258025855751761
0.01693574826587952,0.008539361330263291
0.0047231988419736085,-0.002822292330951999
0.005438522095316617,-0.0009440244508451519
0.009333837466858078,0.004589859818512241
0.0029478747815076924,-0.0001388466288403242
0.006918383450398169,0.005050139919254475
0.006789803151604419,0.0049050062060059935
0.016789292637146264,0.013478012954993818
0.005303456603025968,0.0021318755212279715
0.006721904591338521,0.005251972576236982
0.004582823946247948,0.002370267946546314
0.00510280547493607,0.0027203023139141316
0.005179018653908538,0.0029412785646141587
0.00789615191225396,0.004976630562706383
0.004277546168581744,-0.0020585817352131277
0.008434550459576483,0.004899017609683892
0.005418273115016278,0.0032339311288414824
0.009189980030828037,0.004865983085030408
0.010655200311779611,0.004387157964471772
0.004713732413017968,0.0051577552505947906
0.0033793115850619584,-0.00424952089927985
0.0035220388613425475,0.0005083793289618922
0.00810340300782786,0.004576788524127248
0.004658206596646529,0.0017223193132561848
0.0039455097673224675,0.0004827023772019535
0.002926612011414668,0.0003393276798120577
0.010621040724577301,0.0029542166701850506
0.0012436397231329489,-0.005203336358061
0.00682494777606591,0.005779166583659532
0.003976197348854432,-0.0020847453244172533
0.004480125355089976,-0.0027381505698272964
0.006764187860986471,-0.0020304403745256046
0.007616519729876525,0.0069446030997839
0.005965121344988253,0.0027088046876123833
0.007508156600068246,0.003104837991994993
0.008485358627188907,0.003505409139977008
0.006642690369079184,0.0011482931164215112
0.007489248999443843,0.005734332015923423
0.006239970139703929,0.0020929754078106086
0.010415434140505967,0.006003065561858208
0.008926073098189252,0.00832320791630325
0.009566333074105681,0.00629465586807442
0.005595709179193107,0.002688082071249622
0.004237415078590005,0.005689242893126153
0.008037693529341432,0.007328153861002631
0.006061055138061695,0.0038516642804727174
0.005193883714731254,0.0023365272639920996
0.00829094629654803,0.007275186639393213
0.002791484500793533,0.001203970473276709
0.00804289819956703,0.0019182249860813056
0.005588303251045433,4.309510418683965e-06
0.007140128161582826,0.003237319872146682
0.005590824419246354,0.0015166333987030297
0.008961952089686842,0.002966743758491307
0.006121851622126871,0.0021407419062601006
0.005685877997810781,0.0015103681395209744
0.006016568794863065,0.005538814111329562
0.005847231231804164,-0.0005116332602411551
0.0039421469668054175,-0.0015663577207520873
0.01706105098022339,0.013841210915998266
0.007176763352484676,0.005158974400431678
0.010674913533207882,0.004776951281524512
0.00023922887332436873,-0.005717826003490764
0.0063151350300833615,0.0020913835666108048
0.01405702972338082,0.01077853236384135
0.007485212985961465,0.004433678811484725
0.00773055791560842,0.0020630713062782663
0.0006435536328632582,-0.0007827814804478583
0.007865406428157974,0.004529641750953793
0.00903854099936401,0.004559121549994641
0.018949781952175133,0.012419538988049515
0.00886103246231446,0.0032260714022548757
0.005750728900361141,0.00432176741011065
0.007769592752897009,0.005016944277973627
0.008286278842384077,0.005751555152769737
0.004216075192012893,0.0005459047685397265
0.005286680594642966,0.001750819336642351
0.004670581469649498,0.006142920543416178
0.006674583129205076,0.001434131975987002
0.007562866857989849,0.004892363796067747
0.005919782274890774,0.001152726271801201
0.0141119631970941,0.004502272892087676
0.005944749859864656,-0.002019168754028036
0.011225280558047977,0.008810919341592255
0.0064098516372423165,0.0027906961887933955
0.006458188297151743,0.003656883192729962
0.010068990655544981,0.005330383811287073
0.006155505270088968,0.0014144163640179954
0.004990238323798255,0.0028247403754825956
0.01585355171810601,0.010706979753303484
0.0024891802903113953,-0.0043801925934114135
0.0055827517384610115,-0.0006198164237270088
0.0070343648013883485,0.003816465014978617
0.003128211955202421,-0.00190019880555649
0.004142685166121696,0.00045152621765174455
0.005201746305838483,-0.0010499876164881128
0.007157076001758607,0.002495184327090362
0.0056143622030166915,0.0017871327830811402
-0.0002507707308345396,-0.006928151191196339
0.006988320949375606,0.0030281468753815413
0.0052929998710264485,0.002086412529465065
0.0050043761892364196,0.001239707508874227
0.008530750290775725,0.006130638182020507
0.00234957691856311,-0.0022569858218268388
0.008059365185832074,0.004376562415849428
0.003254871575574014,0.0043937016321702145
0.007373389216294218,0.004117371485531618
0.006591806219335199,0.00555984114525422
0.010169797058174893,0.005847427668810822
0.007074898948047736,0.0027981204235965956
0.00484385511581838,0.0005708811580495011
0.005721956936589348,0.0013611932085625033
0.006650964321853681,0.0016985403177613122
0.007287077797704711,0.004408298336655165
0.0041027505954747585,-0.003431693667130681
0.006592477036311196,0.004330158418197748
0.004968613536646231,0.004791963112378844
0.004653568651898135,-0.0020900941751324127
0.014224589490662702,0.004428802677958366
0.009873904448765887,0.0026156182016218946
0.010041333225421703,0.004872976322091857
0.007176128330190193,-0.001183580358879977
0.011107173561144462,0.004198088643560054
0.009938030703920644,0.007375411269964671
0.009794676085489555,0.007031779493005344
0.004124383564960752,-0.0013233366903903244
0.003705956479443941,0.0014411364947063549
0.004639764278009072,0.001442427209993418
0.005058759892668421,0.0035188808372602094
0.015136172646628483,0.010125365676256406
0.010328798176906002,0.0049331002675534405
0.006475303946294375,0.006716193259104385
0.012727969439067972,0.008879227559400023
0.007524253123990177,0.007773969586385066
0.007727548482321597,0.002975019496697883
0.014183137523662463,0.0068752399289100635
0.006071985268657768,-0.0004457737962907139
0.012921696829218243,0.004889115497226474
0.007782317362114907,0.006364579800620517
0.0028577288884175317,0.002850861029110692
0.009088819232471453,0.004537419659109316
0.006645901683088174,0.002865263903430752
0.005179018653908538,0.0029412785646141587
0.01237496285214462,0.004316537754695893
0.010081964680703536,0.004897602616896139
0.009461763774369374,0.005470130264591481
0.01465978217371508,0.013423965022259648
0.006088521470855913,0.0044797518517953605
0.005135415434277889,-0.002661618272580428
0.005796672817271164,0.0014060827977803647
0.0069461872588073605,0.0019554018059321464
0.008396119817428103,0.004537366947195054
0.0036200156251108284,-0.0036674115526913326
0.008920890489648054,0.005171003797189627
0.00818745469461635,0.0033998339678625146
0.002405556977520316,-0.00387521769756349
0.00385084672282183,-0.004285809708292494
0.010495280456466406,0.0046601099344427115
0.006744171093785681,0.0004798880750149694
0.0063359247710969915,0.002547364114931912
0.012516822276006874,0.009979004634372204
0.003848181547110193,0.0006361823066955603
0.007600536120009921,0.006197364045017803
0.009587764819659816,0.005190506904339176
0.011318849112550341,0.005899131415702511
0.004669086079230688,0.005943019729523825
0.0156943697642401,0.01390991108055841
0.00918964650430356,0.007604753959279338
0.005563489216255434,0.0017796229299395167
0.005911607097997212,0.0044700836464898995
0.004152594447994385,-0.0008042789281060853
0.007193597590833191,0.004641534615886064
0.006869638546814369,0.005260552767962971
0.0005713633047764073,-0.006256392163474344
0.010542123052017325,0.007109429332180145
0.0041519567208349265,-0.0005121900838250225
0.005591456110997375,0.006050480437137602
0.00673510209474536,0.0014777429811684986
0.007437488192086011,0.005510042118615863
0.009567208176279303,0.005030957266243245
0.0066044172191927954,0.0027333127989548293
0.007215010179576984,0.0007785589955202534
0.006348146322511574,0.00443410911842995
0.007451867473658654,0.0050592879573446705
0.005260056129701455,-0.0021457135300913047
0.0028868444385528862,-0.0031882729288059894
0.006141925858743744,0.0008582679842144923
0.0037491223435752686,0.0030884362497183926
0.008304512369324555,0.005139467969884603
0.005985866454502073,0.0054227368058036044
0.0071387773811657455,0.0040130685556780885
0.011344798284449726,0.005384729805632162
0.006380335194689203,0.0023641772170486745
0.004250221372923236,0.0016666316922839507
0.003689172131002264,0.004978402776263055
0.006181125545251624,0.0021558311294991124
0.016780421285852276,0.007997796270290597
0.0024846065973550997,0.0005299373577739557
0.005903895704865068,0.0005224029997761368
0.005900239127255812,0.0022308334114660676
0.009913486671391452,0.005146750815349882
0.0069671718912668375,0.0069411354771510975
0.004714025946053661,0.005572111737577811
0.005363198374193137,0.0051725992802608796
0.00942165306041396,0.007547601541724956
0.004757131932847839,0.0009779277792840834
0.005043928178193754,0.0005695643854866069
0.004332702879052896,-2.8095712825925573e-05
0.0031867167752459517,-0.003992511613897711
0.0041793576451652345,0.00372898723736437
0.004386492102842173,0.00027873800465125567
0.004314421010096863,0.0014743128985066582
0.0038930319261187667,-0.002753474784335991
0.009297503078274292,0.002961038164275665
0.005468460185351463,0.0020752190582148475
0.007233102229857049,0.0044469248737020505
0.006025219688489376,0.0015225832677244104
0.006825126880848876,0.0011851045430251485
0.003577876062637865,0.00459951831629058
0.0037461114821040224,0.0006108667775449094
0.013661336435381796,0.010453277618679226
0.007216979965405989,0.0030816200396636744
0.007509373794015956,0.004085301089225087
0.005260518561968766,0.0017109644160962422
0.004805881888580542,-0.002789092497923149
0.006567263920024421,0.0030923184711252596
0.0018354547226616322,0.0008063441817940317
0.003866941006318904,-0.0012749565666662502
0.005033247243089285,0.0013715757694576667
0.005029715096814959,0.007103191979873773
0.006865198177496753,0.005900031510264709
0.007738000476583911,0.004692047797523455
0.012591368088713051,0.008027424067330022
0.007404969631689941,0.004257971686479384
0.0051946916275154385,-0.0026540999175770005
0.004119246019796848,-0.0034225695413120545
0.0077650178070083654,0.004014948333378043
0.00792496647519668,0.0024306049757527497
0.00644277797003025,0.0024792103106584884
0.007116481997828854,0.0037928781589987625
0.006811538743962763,0.0031596721270746126
0.008123170437885147,0.005016596632834034
0.015791442667510428,0.012213576185933968
0.00424602873760113,0.005153946491179274
0.005349071976870908,0.0016298506139600143
0.008496405029037037,0.0030004907804854278
0.01021334535506866,0.004913359105917777
0.003454123517229995,-0.0033367450513615638
0.009801421593715397,0.0064614795784316455
0.009619495889430186,0.005264932996878217
0.00468382773816294,-0.0028834012662593417
0.0024824900037245697,-0.004776966501102771
0.007824968878089814,0.00434481758923062
0.005542974194353957,-0.002087545086338011
0.006801095918247899,0.004449134628263978
0.004106651839076948,0.005623363661140012
0.004720811149551566,-0.0033758588845543974
0.008328255214035532,0.008453565480543237
0.004719312216741033,-0.00435490965289991
0.004395937695325352,0.0015751024267649828
0.003781115514770639,-0.0018124301080469692
0.003657768999827341,0.00011240295173220796
0.006225638287423207,8.715267925091686e-05
0.005880147769967164,0.0028322017706061435
0.009315505067504516,0.0035212266405202394
0.006846097105527087,0.0013107508018946144
0.007698840947120532,0.004340227484515185
0.005376982682102552,-0.0010271582786009013
0.005660831870912778,0.006219625329702129
0.005672830909891071,0.0019408705743064894
0.0045258734616099895,0.001424324483589895
0.005169414683588171,8.057986273041565e-05
0.004914942372906678,-0.0018689636287359092
0.008357110556058488,0.0054285048105156275
0.006941615792705124,0.0006077662942198213
0.005287212563734169,0.0015862256597782868
0.003885324939016152,-0.0031005966391166664
0.006790766293892366,0.0031610684751327113
0.015609685703060346,0.012327937117155836
0.0045810656306361965,0.0017150378752459894
0.010166928197835526,0.009444121597692494
0.007435824921361613,0.0037452857148547493
0.007974162345613264,0.0048511074379485476
0.006651897017408403,-0.0014696740748022597
0.006949560428302115,0.00023730527582566194
0.006504630014059685,0.0028944870657203192
0.005366352530650183,0.0009392540171910928
0.004370536103970625,0.0030870341525816736
0.013283004999734768,0.004339496807922576
0.007727406944105287,0.0020853156351338838
0.005357705100131285,0.00227465062346843
0.008214946925860597,0.003518325365530782
0.0074581317003825,0.0031959890854506784
0.002296228815629793,0.002928529481134504
0.007025195179493427,0.0025733335467233946
0.008111554124919276,0.0035731148053397945
0.004456948304208267,0.0009808603517567679
0.0065755860588325565,-0.0005649478224691567
0.019251473303295553,0.014200164744849456
0.007651580368903596,0.0035881524973390587
0.005098487798356888,0.0024333268788589504
0.005383748901705417,0.003258605349500325
0.006660308823000394,0.0006916390009013128
0.003088920521802466,0.0023759829976230506
0.005766922102702668,-0.0006956724641818384
0.005270635492768267,0.0015996177510514348
0.006771289247179423,0.0031141423054586717
0.0026484554857450406,-0.004003611008447403
0.0066451323385126855,0.005546963845074152
0.0067733291072142165,0.002159487104166557
0.00742093799008115,0.0016448799913828024
0.009811653254414809,0.004851271002184074
0.0022724188778428522,-0.004893379621666366
0.00750225050197741,0.004257441610121165
0.0049490736503693495,0.002117626183918183
0.00320283678395146,-0.004229687748192735
0.005760985555550745,0.0027480587168967332
0.005144794263293872,0.0024881156652986035
0.00838143777987098,0.003275247645959513
0.006257286773608588,-0.0002527739256401075
0.01585840572143822,0.010349973725981352
0.008300215508413877,0.004004374047589693
0.00799502330364768,0.0047166977260033865
0.010463010056016768,0.007532878140568206
0.005520210609093173,-0.0007813390568243124
0.004315826424406272,-0.001783268068945092
0.004486025916676257,0.0008750481547181686
0.0074087686400247255,0.004175728667253683
0.004074972993687635,-0.002573434845555644
0.012863064447113045,0.010109579424335751
0.006171374627284504,0.0019219864188713565
0.006204412166514331,0.006818492841016526
0.006110186464735087,-0.0008486742740478849
0.003389451154158273,0.001488873790236175
0.0039488570968042635,0.0012498278147711995
0.0077758077183323155,0.002846815222251703
0.0060493595035555365,0.003816331120264197
0.00995949283722689,0.0069624434679448465
0.012467269288323111,0.008965407665598009
0.004566503087193235,0.0014581174070072318
0.0042789392194784856,0.0015311801164119565
0.010311974951773089,0.007212790069246418
0.0019725752806302958,-0.004627598893721052
0.007230082090158059,0.004541403699365242
0.005198081697604865,0.0016320462169180736
0.006205570384157294,0.006484464052809312
0.006326230455001665,0.0004888897456170049
0.010163862663238255,0.006746164966136507
0.0057700571545489625,-0.0008107539363931627
0.0025325277719149344,-0.004515790582880165
0.004000629891141778,0.003473417958501041
0.014370560330437944,0.011354677383542297
0.00782850550504167,0.00379120949835662
0.007855019917323798,0.006607073058142006
0.013151617809603,0.00429056399803198
0.009068117424723592,0.004524852311688474
0.00903561586399225,0.005181125469483901
0.004175080490418433,-0.0024626636898284846
0.011033998312547082,0.009949286344602643
0.006568640237905488,0.003683733735477831
0.007899472338296222,0.004660592508501843
0.0041519567208349265,-0.0005121900838250225
0.0037458050138607334,-0.0021019826841798903
0.005670351577018167,0.002197134004080282
0.004077429264538143,0.004350832972150355
0.009497832266103635,0.006000014455139086
0.008210978671892341,0.003537318717857468
0.006849525813252038,0.0012035106317313405
0.0030874898930297046,-0.00399180750174874
0.006894482956886123,0.005449575894569467
0.0076163371180265355,0.0048750865451122755
0.0055152777413358285,0.0025355585978360327
0.007847188602058247,0.0036090338249410766
0.005760010358670714,0.003267103343950197
0.009583120209376891,0.004461488723225699
0.005357904096590263,0.0016858641151251417
0.0036118297471588526,0.0015958597457898255
0.0065008217466089,0.004770513598119671
0.005186261524906521,0.0016869829396584423
0.001492147895233267,-0.005452079480640824
0.00692308949998172,0.002975077290279125
0.008991251994236546,0.0027463750503013895
0.006802101626441456,0.001898832798005682
0.004272512402990005,-0.001968724827629163
0.016348275400305007,0.011076303553091582
0.0035854292874968226,-0.0038979193471772415
0.005513129925599964,0.00160666247586901
0.007889644110114124,0.0040471482693438905
0.01757778211648829,0.01454312768460473
0.0063390073219325984,0.005860269521857466
0.004888705127342691,0.0010766707790368021
0.005756089584008547,0.0029205773781261143
0.011153182344202902,0.006556860291518205
0.007329854965720561,0.0036157351580651427
0.007563114160814073,0.004337885577215943
0.007546817422184901,0.005165776899637219
0.0071806099738160765,0.001970141695757717
0.0028814063180015483,0.002819041817908142
0.007769592752897009,0.005016944277973627
0.017177693958236505,0.010630347419887717
0.007899472338296222,0.004660592508501843
0.009181502152784763,0.004589157558859344
0.0015391431800122896,-0.005318948875079613
0.004741298163932732,0.006540805220237169
0.011222050210498255,0.00587677234486023
0.007841316932934904,0.004082014393794501
0.018065979476081878,0.013059740455523827
0.004501254137670615,0.0005977477716800792
0.0021740451145508873,-0.0036684589248420964
0.007376783427210859,0.0051439313400543675
0.0043487602482473195,0.002237747945614376
0.006851669947095196,0.003005587329143927
0.007431295529450995,0.005100706991390138
0.013121401741953705,0.006871331125239202
0.0063874950465295875,0.005330600228148396
0.006687394799798528,0.00043524862172145823
0.007395313993414242,0.005289416254602186
0.0009879733814359866,-0.00609617408326327
0.006402131864382892,0.0025537514575597626
0.006290608883027705,0.00032043371064654526
0.00669117008226452,0.0010937415317609223
0.006083637125432829,0.002803184943128743
0.005106813377472201,0.0006013811234780505
0.003884015606223345,-0.0034235920771673225
0.007342540642417791,0.0032657454992498364
0.0042705927851051425,-0.003056905345212642
0.005454626178378299,0.0020612087041142913
0.004634388963935716,0.0008245205351588274
0.005752590257119408,0.0037449899249050083
0.015057340693361168,0.009809204412997374
0.008009017008854626,0.0030430572132321004
0.003894381748539573,-0.0030028235900646672
0.005555119061025272,-0.0025151526490437767
0.004763434942615783,-0.001830336618283586
0.004462038141538695,0.0022404273381376573
0.00379617139376073,-0.003328068244772414
0.0006801505562629585,-0.0058445245348090705
0.0076814223048673295,0.004884758002383851
0.010299725853591474,0.007531156111482463
0.005809199038566188,0.0015154844150618105
0.0038699083719817874,0.0004857937178181452
-0.00030704537897283807,-0.006926979243487227
0.0015029309312668982,-0.005416994576014866
0.010145124280490766,0.005814515968308716
0.00658094719887079,0.002892624578982126
0.007443277089271908,0.00448762381685876
0.005911607097997212,0.0044700836464898995
0.004927580056000172,0.0006919077245871805
0.005141423329610954,0.002818123218360176
0.004676930295561125,-0.001964642027801812
0.008374891829442375,0.0015175438504614587
0.006891486910419671,0.005147122669720136
0.005403743015918463,0.0020271918167824336
0.0061075090700214805,0.0016713987741464199
0.003635533840853241,0.001172029225546982
0.00666935751829895,0.005162678258925063
0.004687031896041747,-0.0013615194900532786
0.004670867039898342,0.006239836298794595
0.00474377769559599,0.00147306998793445
0.0082718490487,0.0028140778465094345
0.006385013444650602,0.005942054545232199
0.007960976741015301,0.004871720267200036
0.0036746019234132673,0.0015211688813742043
0.007184298237421869,-0.0018837947641300989
0.007755404510228856,0.006324719152981714
0.0037905308145455884,0.00229405846467511
0.00964084021002074,0.004034037741944777
0.01211858779758016,0.006550354614347978
0.005013994964817252,0.002273837826838476
0.0068104718102399014,0.0037443036961795034
0.0016412282688398564,-0.005247596843975827
0.011711390695658434,0.00873957266635011
0.006621377843907922,0.0029755238152188055
0.008121218143060351,0.003444875079697471
0.0067224169034598505,0.004996736222835351
0.008306620198578054,0.006182864432943385
0.006000159534867135,-0.002198685100278282
0.005529149951770814,0.004731334675026804
0.01726971648728228,0.009903561958624959
0.0030180240077576723,-0.00178964964073074
0.0051687860239264735,0.0045205671862628884
0.004694784557413548,-0.003088378984455903
0.005577564108132097,0.0029370946108912867
0.015075717624681215,0.011731002466450704
0.004798338079974759,0.006461771442241629
0.004616787780343475,-0.000346885707851987
0.005394893648192766,0.0050988963437190865
0.009031881062205323,0.0051094098816706615
0.005888965355707351,0.0038254732555197167
0.007590393416021042,0.004781239712174619
0.004464528093501182,0.0013883436253558836
0.004698244089916417,0.004220844701363703
0.009466883051389532,0.007297086874835221
0.00863668909926464,0.00596413732044869
0.008635042892363196,0.0032854082067417913
0.009682111162967738,0.0023957585663633794
0.004705669884246971,0.0023864982456935314
0.006063736361318084,0.0012086704838311828
0.0031259437786681317,-0.0011855964733966246
0.007981035100334901,0.004722508375019851
0.007355910757264152,0.0013092462443700442
0.0037239544812504907,-0.00019433807677999432
0.009859364801483911,0.006586743058951553
0.006692161024018404,0.0037979048786239925
0.016394840792059825,0.01133694882110755
0.004056852029744122,0.00027128166115059256
0.011791899953788845,0.007799728890598876
0.006916126056269731,0.0020768150181903512
0.010819470539205147,0.007972989008931952
0.006664121200174904,0.003123621455819031
0.01032285045272133,0.008702831352281289
0.005550094135916551,-0.0003641727710622586
0.0047896900681323774,-0.0002564867491135015
0.011519253019841282,0.00743470339761053
0.00666563436018121,0.005770685184031014
0.007516008802713485,0.004355273688489651
0.007724273206042481,0.00316383237657335
0.0066928732484665045,0.004788032214396441
0.010410181138610475,0.004183068112088144
0.007769592752897009,0.005016944277973627
0.005536189257692602,-4.40874936737971e-05
0.004822452919768769,0.0011696341761449035
0.006291683761294483,0.00421227711048649
0.007954388965087194,0.002920835328757479
0.00341795737177082,-1.3938698320560897e-05
0.010590573420823528,0.0021670568648124045
0.008483896292458317,0.004881404015368846
0.006177251272218953,0.0035606958538987286
0.005414725432219857,0.0030224550058694606
0.007235309396873048,0.0016017064708172303
0.0020850974373137453,0.00028959514870766437
0.005375318475842996,0.001710680408885383
0.015308169874284041,0.013222979758530404
0.004520352802969926,0.0005453823428724532
0.004376873246186115,0.003542187316620534
0.004216514623126104,-0.0019914140158485694
0.004139162677621483,6.719152137767831e-05
0.004692060332770056,0.0003870819697871092
0.0076874052577540946,0.003663697400513433
0.010901218334674806,0.004690175734754654
0.0040603074457584345,-0.0028647018893936975
0.00442581187221705,0.00024231868594427625
0.007444897623106378,0.004441617021376694
0.009900244514286482,0.005737011345742834
0.0065755860588325565,-0.0005649478224691567
0.009722094049798033,0.004858460611844563
0.008163596518235953,0.0049904272502907035
0.0032565009510089945,0.0004165145588859911
0.005158998987188636,-0.002522254863263254
0.0034502817923808358,0.0033328689474979665
0.004402842420031679,0.001507410037406909
0.0056559408824394565,0.00016687320636833008
0.0035859146856087026,0.005265894174112372
0.009208944983731066,0.007353262480299367
0.0069671718912668375,0.0069411354771510975
0.008962213277695842,0.005177392035257638
0.009045146810359686,0.005255904271694976
0.00532811863096529,0.0033249214017140143
0.010407747577239916,0.006362573043441009
0.0095633467202564,0.009017557707715586
0.004188201556632068,0.001143746895682909
0.0054486547495367875,0.0013879407957209048
0.006286928500431152,0.002497683995723445
0.008099823290681872,0.003192854064249892
0.010145124280490766,0.005814515968308716
0.008282495478855748,0.004245688995317326
0.008903919783038682,0.002232509764699765
0.006086647219923601,0.0063166336186766
0.007824758976858004,0.005065519356432995
0.007188524644585516,0.002574089996848915
0.006681646578681234,0.005589656938585232
0.005349697603641281,0.002776794520981855
0.006204483511084275,0.003976852911333457
0.005925612796347601,0.0043171903703593615
0.01672337330118963,0.007944427013421452
0.0098548983736754,0.0024449030433714844
0.004225597098565464,0.0031165887196369334
0.005985866454502073,0.0054227368058036044
0.006195064351388761,0.006932515667469121
0.005590723668289857,0.004870388263573157
0.004137527623999321,-0.0018100871970304763
0.005394042186721072,0.0005659223218397553
0.006719445094569766,0.0002570728161172481
0.005595709179193107,0.002688082071249622
0.0021448348084538264,-0.004518532617273854
0.004097515668280347,-0.00014715698024814552
0.00805817427559855,0.004987698009903776
0.005218525592494017,-0.0010687768925545602
0.005145040445648973,0.002109621191457592
0.006141253308176844,0.003639566372514838
0.0022141068860635285,-0.004530274491432092
0.004448441060485606,0.0008421304011138235
0.007536361293068623,0.003083041523010431
0.006812227138603055,0.004987245649531969
0.004650329940995255,0.002678700712429938
0.0064489768218120545,-0.0010696941018313276
0.004167584038535296,0.005783028087638471
0.005930530330753102,0.004947769487034874
0.007255453717118577,0.0054771345421881605
0.00461637448513605,0.004464420458432552
0.015204003443501724,0.0060343565092022995
0.015721218096007343,0.010797220827734492
0.006346613623788575,0.0023104932541218384
0.005843253709630186,0.0026893245584140805
0.007547172455025662,0.005505797721769811
0.005040595897300707,0.00243021206348456
0.010374417026595497,0.005735779111885653
0.0063929416574777095,0.0038705319511789437
0.007859736273433667,0.007719301899055647
0.004633234403163286,-0.0026435604289681246
0.006107248315691253,-0.0002426669652612172
0.007152997234057511,0.005486396327040805
0.008416613565265171,0.004611357497204138
0.006128951580875891,0.0018222455371718523
0.004177077781176248,-0.0019428179635527986
0.009927474874704231,0.005140940166333416
0.012881236853814619,0.011242895389675945
0.008886269207670886,0.004479234796641888
0.007521496868865749,0.0050207797794408
0.004708085691087214,-0.002823965799700689
0.005542674477942983,0.005146817916928708
0.013664418910677755,0.010089672126491573
0.011125794931213186,0.005817107817083946
0.005703776454102273,0.005367442172803179
0.005098465442867586,0.0010204452905107622
0.004342991018307004,0.0004767024376632085
0.008100420072708947,0.0044927199988676544
0.00863964162599621,0.002814018770615599
0.0018229886548159439,-0.0054575187419798315
0.014763973172777101,0.010080051744705896
0.00507652950388213,-0.001047344193702308
0.006876756430840797,0.006668641030076091
0.0036010306796348916,0.002204667078961376
0.007466789913597064,0.003286365138684311
0.003912219708119944,-0.004052485016342118
0.007117735518936108,0.0072654406822767505
0.007243516739596263,0.0015024505151587444
0.008150660652087818,0.006953654596498736
0.018592461961629385,0.012046123868800261
0.0053072078762005735,5.107040920987807e-06
0.00799502330364768,0.0047166977260033865
0.0066451323385126855,0.005546963845074152
0.014070625269370715,0.006897980137224535
0.005195232030731939,0.0026388028116624707
0.007179824661972936,0.004192970789987257
0.0060984746815424175,0.00026084257963630494
0.0029216612934622284,0.002632433058175573
0.01457902648821524,0.009586896477714555
0.007034278987639781,0.0023073979825959465
0.00961021262703229,0.007574401443939283
0.003570488133731944,-0.0036982745277789443
0.005918239135917395,0.0021935733428836346
0.005502334578283376,0.0011941774085315162
0.010081092329393773,0.006081980841690463
0.004823948724435183,0.0034698144910183778
0.013210382549035646,0.007803258785575469
0.007268592797534415,0.003957675078910571
0.007595410465838645,0.002926142085706432
0.004281778931811264,-0.0009406175062106632
0.0051709046000953576,0.001436850422374231
0.004178656423897604,0.0013639127515593617
0.006869638546814369,0.005260552767962971
0.010860635848671071,0.0052293402452911805
0.00987415041736606,0.005266247015156208
0.005418259772757513,0.001679124616100051
0.006685586194187198,0.0025261116237673565
0.006307936882768202,0.0023854703365165045
0.0023739610941851475,0.0008830020503801297
0.005001181386419092,0.0015045416090711883
0.008160545452649225,0.004799073873708263
0.0034502304159647447,0.004193667632853425
0.006048996715331273,0.0028232812039316636
0.005193887654287698,0.002832085159464863
0.00810046812441467,0.0038887342511520332
0.0073071792845220505,0.0020624092499426858
0.004822452919768769,0.0011696341761449035
0.005041892690286803,0.0017026356357324642
0.006333518188005725,0.005530586049881795
0.008014159819627865,0.006575029247969143
0.005332005370417851,0.0016413185867425158
0.011444867295281665,0.0026724944663409035
0.003586385175555551,0.0023178793731633207
0.011157157254739309,0.0060772054716526445
0.011605899305349303,0.009390239080571077
0.0037920257830096355,-0.0035405464505936417
0.005821937150570725,-0.0018069635954128162
0.006432653582903217,0.0036443115725724794
0.008232169002096655,0.004729773889656688
0.008845966138740514,0.005257431525484451
0.00639743460752302,0.0015802999245021487
0.012601484493178557,0.009583007227541612
0.006587393727355867,-0.00023396069401522817
0.0088329519418567,0.005108274536425518
0.010304103728043582,0.006315790869897067
0.0045548456986618064,-0.0008115612973350131
0.004903957634442651,0.004152817735828553
0.013112088988427941,0.007339902243162499
0.008046314445193048,0.0041405340404017145
0.008164204084724253,0.008409178337337344
0.007726288640529658,-0.0008403318012162892
0.01014987163223372,0.00237948901842943
0.007775489995450965,0.0046494626793746364
0.0037112084974536743,0.000559722698293524
0.007102409508672309,0.005461303568859494
0.00642321469344038,0.003937086866035878
0.006859565897007508,0.005895235292946055
0.0033292495963816076,0.0030460912350229455
0.014887809209723577,0.006949682316037122
0.007767964834283016,0.005970781829262629
0.015628071983561684,0.009204610713048057
0.00962064733632947,0.004316736967417183
0.009979032085539217,0.006721568080090507
0.005244688045846115,0.00595036112785124
0.007726759392011321,0.005599246489715232
0.005388733282802048,0.0001772487889652322
0.005933154605929084,0.0006645197325676842
0.009466784383105626,0.005168900420061769
0.005903895704865068,0.0005224029997761368
0.0024084770111374564,0.0014712650252799407
0.0075148966865553,0.002340605691543862
0.008886685335934584,0.008572806541671502
0.012368518980187631,0.01228199369881644
0.003959072889026621,-0.0008740918374661403
0.005557912743955934,0.0026644127571648
0.007659292708028847,0.0019830472231427273
0.004846961891821981,-0.0014077362573116812
0.0054531807261260536,0.005305548990104351
0.010811493658098281,0.007038127041542207
0.0073779054627860115,0.002098959070833575
0.001946918698836935,-0.004092278468465497
0.00828152820530004,0.0059766000770274524
0.005913464644428562,0.0054498867076047215
0.0028814063180015483,0.002819041817908142
0.011519253019841282,0.00743470339761053
0.00829094629654803,0.007275186639393213
0.007431916670285152,0.008442103113544567
0.007592104926783635,-0.0006513410270100762
0.0032246870640750894,0.00410509996256749
0.005136523394400359,0.0008982673116127845
0.0052711518433925355,0.005916187240974923
0.00646059231748273,0.003431536862667845
0.008114198069175058,0.003944596949880169
0.017344927557566003,0.009569602571948853
0.009927474874704231,0.005140940166333416
0.0066139359631295445,-0.0005649874072317347
0.004570408734276076,0.004292746728722776
0.00941331177186857,0.0037326086331778245
0.007727548482321597,0.002975019496697883
0.014207190717496548,0.005028041870478784
0.004856941514094026,-0.0025897822986412893
0.015975619604169156,0.013145164530814829
0.004004807724229574,0.0032607427748281926
0.009942105414104587,0.0058212919146996955
0.00931371028360468,0.007195215264795649
0.006830670749669376,0.002530445862513206
0.005653216842652128,0.0037247206851386584
0.014839384861489422,0.008916738597191175
0.006603127151522844,0.007728338523251491
0.007238062363604909,0.004320976895833765
0.004598260451246432,-0.0014419143468614396
0.005729269384325095,0.00195861584574027
0.005125352998378305,0.00124911652315281
0.007229493661297277,0.0008416577858335458
0.006191726962117734,0.0037635209195846266
0.007975529818809614,0.003574909471829052
0.003563022945959579,-0.0024055758967064488
0.002423789710115403,-0.00432569805026024
0.0060664703743064366,0.0029896998988559083
0.004006568454070836,0.0019983437105526676
0.01208833578673648,0.008970620458282222
0.0028741957408618367,-0.0038984268683651636
0.008365599628145304,0.003731011451915386
0.005218021144173043,-0.0007783704293697243
0.008341281726686758,0.0061880841247950805
0.00889306170346996,0.0014846406861343548
0.005690775152614194,-0.0007344970579573401
0.005369119708865824,-0.0027925723587899683
0.003523999707202458,0.0009097025746184562
0.0070008056430361666,0.002850172279625705
0.005007729246755609,0.005773743120659401
0.005166002562290336,0.005082441757113656
0.007143642475368092,0.005226383182764335
0.0025187317722857715,0.00161209549134015
0.0077537574647646565,0.004405458334688877
0.005420781681351135,0.0008418700989255637
0.004472665582576368,-0.002830142480312477
0.004077429264538143,0.004350832972150355
0.003289580782262949,-0.00012170892673653115
0.007695155584063694,0.004266537727880033
0.005718562617767815,0.0021812602825126122
0.007960976741015301,0.004871720267200036
0.0021845026579422923,0.00018553869140646058
0.00216864725784534,-0.003952095828021619
0.006491998177588403,-0.00045822215417095323
0.00674493113499293,0.004778207567800795
0.004730396796222565,0.0023790425549743404
0.0040609604499356414,0.0011484612051944768
0.010069285162733374,0.007524887988181262
0.006792327700687791,0.0035600385387751206
0.003548079073409179,-0.002162294216997711
0.007381416269027349,0.00697191997037745
0.007969134778933365,0.004581773947921495
0.007180835533800369,0.003217400386289401
0.008151267390775823,0.004741161740537322
0.009927474874704231,0.005140940166333416
0.008205097227613724,0.007234683464134157
0.009413402648865574,0.0067722418691216766
0.00822612846911907,0.006231698171575598
0.0030656575747757117,0.002282727848211965
0.005268450776137653,0.002348853660821916
0.0041050639178280505,-0.0018000224094993902
0.0056782797606506116,0.0014301812828017516
0.005921186123212767,0.0022260745594638804
0.006437757326534699,-0.0006490999391908937
0.005430372478408628,0.0015328183407539876
0.00682494777606591,0.005779166583659532
0.002791861684192933,-0.0041381141381031505
0.007097496829624232,0.0023455559078393662
0.007527817515210314,0.0054888161646008205
0.004981401233877082,0.004791737431296025
0.005179018653908538,0.0029412785646141587
0.006995540212344457,0.00398322236392075
0.011359226390112082,0.008439892806983415
0.004669042363750165,0.0022648818301182856
0.006083341515626485,0.0014488637061800744
0.015119035580505983,0.009458225091032783
0.007935591010601914,0.0022764606066242614
0.0024528865874615547,-0.0042282954417679295
0.0071727792648328004,0.005427311196258784
0.005960952850428727,0.00044785431666972703
0.0037553525567169555,0.0019662053447806783
0.007125766870823864,0.001156374041976744
0.004976644872226289,0.001910869457988659
0.015217546753281387,0.010615146101114407
0.008135233239912068,0.004420402620780865
0.005609975440166758,0.002089825888613942
0.0059095328029196235,0.0066945326927490625
0.012554601361141308,0.011156196084524487
0.004122130131573334,-0.003759103030328911
0.006695130209266696,0.003154476933966965
0.01015957648492861,0.0051781640978782045
0.007245403545897413,0.005220240392338661
0.00896220853485359,0.0028415900047847635
0.003934206420674271,-0.001498492498431276
0.00477596911686058,0.0010745917891851718
0.006406228462034683,0.0013946956088991668
0.004077429264538143,0.004350832972150355
0.0063394157463300205,0.004870509101923496
0.010151444193128991,0.003369823797010818
0.007736243131896869,0.004133621951017782
0.005333183956989061,0.003229873641195629
0.014383927305258835,0.011759573566834035
0.0019383126208122308,-0.004667534155624224
0.0036625319169278567,-0.0022416380554364686
0.007568588069747125,0.006334996872296901
0.015136172646628483,0.010125365676256406
0.01563618727623534,0.011613139713453544
0.006512513167411714,0.0034089323637127023
0.008816733240235545,0.0028771885956744513
0.007188524644585516,0.002574089996848915
0.006731537477270587,0.004764419457389223
0.004458455409735523,-0.002117079559872219
0.0036970944512849883,-0.0035943220623095833
0.0029216612934622284,0.002632433058175573
0.007440338836966478,0.0008034889520540135
0.0038651443814603816,-0.003387086373464441
0.00196025909545533,-0.004300884711087959
0.0020850974373137453,0.00028959514870766437
0.0037685265861682167,0.003735134479897733
0.004880412253864312,-0.0010770649899536702
0.006404386018151157,0.0027758472822089937
0.00643520747756534,0.003750906518150553
0.008034414708178034,0.006707068484733644
0.008474103219505931,0.0029021710315201826
0.007780730506193209,0.0019685072558093203
0.004546931365847314,0.0016084926606413233
0.004926642642821128,0.0005739573088727173
0.0021610240632441,-0.004084627095568414
0.007398120351489573,0.004167418182294691
0.01080110617864129,0.007096630794273444
0.005339865090790004,0.005279479903010124
0.009265689967893039,0.005220825727290849
0.0071008121395949916,0.006885833880659848
0.004914875975755492,0.005463065801344134
0.009869777200874475,0.004981578276537514
0.006965431196530031,0.0060315317595054894
0.01585147390334211,0.009017271354190691
0.006025838922677005,0.0035693596803546244
0.007247143531064192,0.004012595615570307
0.011020405505073704,0.003998348090093962
0.008163463111456354,0.0022997776462679474
0.005451396171872245,0.0014128903789679603
0.006489348213397989,0.0038971486326468676
0.0006802123602335126,-0.0058178413158349145
0.006744171093785681,0.0004798880750149694
0.006852087361145351,0.005408824969157396
0.009109615888853277,0.00903736822763428
0.005731936164493442,0.004412725450334513
0.008530750290775725,0.006130638182020507
0.006287528152152902,0.0012482553289136786
0.004445913538202677,0.0023075964869406366
0.01692195274097364,0.014583756132424047
0.007024775253814418,0.0033586148457141075
0.009046047884488663,0.005121553992562278
0.006648457557928232,0.0018330216091613036
0.006757893825324102,0.0053745608945831875
0.016726847607170865,0.010132864754879864
0.006667590848912672,0.0040417745906693395
0.006051500556008995,0.0026341538097228185
0.007933936696463325,0.005303440863885513
0.007283103352011923,0.0033732609940624646
0.005291898230016731,0.0021870855700134913
0.007358932045879993,0.004463497145454734
0.006461806463950951,0.003018657468214975
0.0078113222294548534,0.004183457699118712
0.008011365964750166,0.004728868369523697
0.00729258394151006,0.0031239650889082213
0.0074547432900944665,0.006898843487051686
0.014677918227338476,0.010165352737285891
0.004490224636900832,0.0008250347843008262
0.007078035205993183,0.0033991647361182797
0.00495200716580737,0.002971227715383576
0.0024872792150252305,0.002972831391040629
0.005494698517263647,0.0001684822520294964
0.009510576607887945,0.005399845493097447
0.00509079274736845,0.0021428420388156944
0.0063151350300833615,0.0020913835666108048
0.007366501206214054,0.004138996152450274
0.008150660652087818,0.006953654596498736
0.011991620265420763,0.010056693345293417
0.0037962229447303956,0.002204460312985713
0.005861330372531124,-2.5433430187743987e-05
0.00731734956234943,0.005215994057361836
0.008336052490904643,0.006477087360853618
0.0068799054685677275,0.0029757983016711932
0.008300215508413877,0.004004374047589693
0.011539964035503938,0.003554007700298919
0.00496886412433705,0.00479319769994357
0.008088579793561129,0.004780665676159201
0.009327609206052294,0.006734287645254459
0.0063151350300833615,0.0020913835666108048
0.006610762754672001,0.004280467352093118
0.008273499382829907,0.0003602837764791651
0.009158048304953873,0.004683404664316141
0.002776992996995884,-0.00425372355557682
0.0037581264787884434,-0.003903383562402921
0.006301564981965081,0.0031875459064007513
0.006632343221176969,0.004909884292312919
0.0069935113289724795,0.005377960863167191
0.004164603945719379,0.000817350721080197
0.006385013444650602,0.005942054545232199
0.007231436721759364,0.005465382627938406
0.005139966839027834,-0.0009973191268680967
0.005759835196961058,0.0021956448753773766
0.0063441149766064065,0.004875868606456633
0.006594815712165934,-0.002105685459982352
0.007631056302051338,0.004859646408907842
0.006459486513046313,0.0025793466421510976
0.0025786809906472863,-0.0034289561224328177
0.005056254313647843,-0.001471366367366441
0.006026374354091432,0.0009500855016580404
0.0045796527438280825,-0.0015225467991356843
0.005215229035601923,0.0023709265311981113
0.007762919379919311,0.005753056383325815
0.007395313993414242,0.005289416254602186
0.006841997636919037,0.007568208319385962
0.006824959170559317,0.0027475957734405688
0.00755971533293268,0.0029706858353801815
0.014718083474710542,0.011421598766038625
0.0063151350300833615,0.0020913835666108048
0.01144640070666918,0.005655243501642732
0.006212394957351079,0.003267031877531512
0.0019505547653040373,-0.005217780298100012
0.01579608164702498,0.010890082735319898
0.014461141372407267,0.009895068174069462
0.007963822293780875,0.003019735459816769
0.009240117985876635,0.004028389871446141
0.0034541492393660705,0.0012236629681983344
0.006924880398643986,0.0033241765704912427
0.006390189034018815,0.005146477076310358
0.006092742083496616,0.005302117410450301
0.005340907618906843,0.0014137796173458632
0.006757341165274666,0.0038882329013592105
0.007317452301675582,0.004852419404288034
0.0037108049092195363,-0.0023597870543212007
0.008001410912689327,0.0038106749395111794
0.004507808819694911,0.004916569754810006
0.008610365625544548,0.004855394773951931
0.007820588696883735,0.0068524256171582885
0.006262548217574334,0.0033200035294361956
0.00839247385402512,0.003613099401888541
0.004850672876990246,-0.0005031431842006089
0.008075960532268021,0.008283505273749646
0.005803741256475891,0.005749532077951275
0.005204192366211671,0.00175723501253935
0.008593100950920411,0.007611540012424044
0.00514790935930361,0.005312164719363183
0.010269890707457242,0.0066309550103158
0.005154349206226333,0.0031079143049636956
0.008479361550612253,0.0037009492440367373
0.005794360549318308,0.001848703582032393
0.005913997839688132,0.004715635721519042
0.0059988917163369985,0.001929160568008655
0.004538079353086557,0.00236823772750922
0.006598213258812755,0.0024952012631035553
0.01029364718328385,0.011216508059674703
0.006198818819672239,0.0011466993691538448
0.005044173613857528,0.0011934446614907702
0.0028577288884175317,0.002850861029110692
0.0036301126818861105,0.0009877962623161584
0.005106054128497437,-0.0013612557829489197
0.006051500556008995,0.0026341538097228185
0.004110922662966105,0.001038217192113649
0.00820387447083823,0.0036394264266018097
0.009614341918461843,0.005646130516337717
0.006733516111831896,0.0011447410804679582
0.00673009775117083,0.0007739331182442912
0.0076163371180265355,0.0048750865451122755
0.006354100114350653,-0.0006231149609003325
0.006603127151522844,0.007728338523251491
0.00681374323407591,0.0011980533637319865
0.0009919507577238612,-0.006193655933717294
0.007203093473589425,0.0015744804632093204
0.007745217808210231,0.005798220224662692
0.005018852641786023,-0.0022989896080751557
0.0057471030648210955,0.002226846610799578
0.005545374873651303,-0.002030409383365469
0.017137776428555705,0.012755004329891679
0.003010373381396459,0.0023940140959883205
0.005359298013105186,0.0015053077422101735
0.0022347575585424436,-0.004556628207102321
0.003577499881697594,0.0009188168972755423
0.005985866454502073,0.0054227368058036044
0.006092742083496616,0.005302117410450301
0.006082314374969324,0.00554571464084611
0.005966666299261879,0.004302990689818581
0.006015860422987944,0.003828342527057385
0.005091857138371177,0.005210768247472986
0.0041315554308301115,0.0010142297019700881
0.009012711892832695,0.008619322368940953
0.010665758879031359,0.008157228339168592
0.006207317842562418,0.0014624884488066356
0.00255752728946701,-0.0036806579186802867
0.004938147345518864,0.0001649096746671186
0.006504712917135001,-0.0020605256382097425
0.005333252616270729,-0.0009517659461747213
0.010068325419936106,0.0055530298960515395
0.007044024515922891,0.005359134296837844
0.007501792636600923,0.0060957025140414255
0.014842502691887496,0.00825463765886637
0.014931233115044846,0.008213441701141945
0.005082317263394639,0.0021688536954492937
0.004516564151289475,0.0011038598627755754
0.008149002682167554,0.0035180684609688703
0.004077429264538143,0.004350832972150355
0.0068050900051393705,0.0006589123502660542
0.0069189774803255725,0.005153320073472833
0.007161713940012553,0.002366225310672419
0.0003231346755814008,-0.0014418001616025786
0.003972605946876925,0.0008600115525731478
0.004087754935455774,-0.001992641844037333
0.006200571692731572,-0.0018013301111905076
0.003299137666217429,0.0008635859999763257
0.004574870825498553,-9.519581883392705e-05
0.0044387836942075464,0.0019369890218681072
0.005845865966567479,0.0020933264654293786
0.003999068399724519,0.0003824761754858356
0.006813034036564235,0.0041546623597955926
0.013416537021247598,0.009419230133270978
0.0034534107811404835,0.0011657352538967155
0.007351179736688523,0.0016477241168206128
0.004484311376215407,-0.002094140917259525
0.006072953705288146,0.004427794356782245
0.006142410041932767,-0.0019285661594172403
0.005980009513909271,0.006727858930601051
0.012333650009660975,0.0077041147704202395
0.007782317362114907,0.006364579800620517
0.008031654389844614,0.00827040357952763
0.007637106281773217,0.001188392260489956
0.004157513786133099,0.0006370182974569632
0.005408445968126961,0.005904457767334884
0.00400960287604348,-0.0030164933241160815
0.012269650552971339,0.006280803811638562
0.015122884723211516,0.008044923222338799
0.00544588468692176,0.0020239457729144686
0.007925502433551338,0.005529441731398737
0.012876564343905873,0.007759661554620176
0.0065167499757271775,0.002699456805498146
0.003703472339072004,-0.0014951477414676204
0.009163137114904511,0.0033191302732992036
0.008496405029037037,0.0030004907804854278
0.0009084499064210515,-0.005537983846697729
0.006545884157982447,0.00603645942595811
0.00548757933269662,0.0028110031965688925
0.006166405678904343,0.004615275435693321
0.004441207247026222,0.002259827791490812
0.0042418655942756695,0.0036154835628462167
0.004772081774792646,0.0016346584822217805
0.008653476554548418,0.0018561139227925398
0.014982985722682113,0.008872485916515052
0.007431295529450995,0.005100706991390138
0.007006796926987727,0.0017966402079192083
0.005935381559149281,-1.6508808577023193e-05
0.011587863655616593,0.007469212478929808
0.009144684628102695,0.004581421438933643
0.003964656568577354,-0.0032653441796308916
0.008765856537608913,0.003772559259753383
0.009908171103983308,0.004514541830998363
0.0063218541058464054,0.002349359075872368
0.003448627309739988,-0.0009727106423243273
0.0066833912367119,0.0038946504633233115
0.003882625904080299,0.002856945790008678
0.007056491557813746,0.003766270399543721
0.008845753553895564,0.004446519420415062
0.007576874898948982,-0.0009205564710134534
0.015477276978157812,0.008791386607549237
0.008011080062435033,0.004581788237019749
0.006769957360816724,0.004506983551075023
0.005918239135917395,0.0021935733428836346
0.007945316953691148,0.0017969414690934427
0.004485474491453032,0.0024919265520084834
0.003548079073409179,-0.002162294216997711
0.008687738676673825,0.006358823700342614
0.0025535381598906625,0.0006941671870211389
0.010034448472223428,0.006770862267242272
0.0065935981389437775,0.005763436740483572
0.013184281965333108,0.00976494304711243
0.00452196266509935,0.0005909766202537477
0.006926044740437527,0.006773150668285966
0.004226357255822386,-0.0015138082779361378
0.006992155048735713,0.0058430997739559384
0.005457124702118256,0.001984784829222027
0.005862526286790084,0.00032348700382384046
0.008486890966157063,0.007130069332534126
0.006519162511418218,0.0009658025370200794
0.005239873827104006,-0.0009194160465769794
0.0036902799641821086,-0.003786760410308279
0.0014939142750488472,-0.0052650720886342865
0.005422261636994049,0.006090237309786341
0.01149909338425744,0.007434122969092271
0.012371150334846877,0.007354892182298183
0.00902008783827375,0.0041012938441188015
0.006428792536788633,0.00080376377177127
0.0073150311236707104,0.0074332790464410655
0.010013620313347786,0.006662729526122249
0.006693084313286447,0.00482153780720242
0.00779438892004649,0.004430084629493156
0.008258964630145431,0.00608877993239209
0.0050351589329279064,0.00017617530382215384
0.008672385270241998,0.005783787827380725
0.01170047182280034,0.006467776367478794
0.006176331177861565,0.0025484675544248997
0.0039061726748998637,0.0014374050041889444
0.004918354891731132,0.005008298443968567
0.006600022105588879,0.0034772835412739548
0.004816353620627026,-0.0014239745899552536
0.007899472338296222,0.004660592508501843
0.0068280166937255745,-0.0003016532600752242
0.011268995276672397,0.008987502492851442
0.016727118014786824,0.01157304473041465
0.008190425209692489,0.008257969564970106
0.005270220892308056,-0.0010424380155886915
0.009005532230713341,0.0050888386163354515
0.008225507552982795,0.0053444093787406435
0.006750516705037542,0.005872982326361555
0.005270040753555294,0.0019124773218041485
0.004660943434563188,-0.002945427251178966
0.008533624742455441,0.005654995558652795
0.0025187317722857715,0.00161209549134015
0.00758093360105187,0.0007976825436924106
0.012875066990140814,0.007793458561028702
0.004731609074175315,-0.0014988313026848693
0.005097399836479897,0.001969285803689938
0.00561396437050955,0.0025529120792416636
0.006357090715607773,0.0009337041532929153
0.013893113764226963,0.009377566863287687
0.017613213802463595,0.009157032088032212
0.005494155736527569,-0.0004757633027449087
0.012447347076431628,0.008720276346473772
0.005760010358670714,0.003267103343950197
0.003659089476182594,-0.003991161843440962
0.007534860766541395,0.00428911399318426
0.012831344018696626,0.00803530325989896
0.006989995809107457,-0.0009236601327429405
0.014498514942226355,0.00980990981190649
0.005870277465474406,0.005187840834130654
0.0051724305451991,-0.0010073839143991828
0.0037088654822039924,0.0017846972409157318
0.009303002401979206,0.005356563330269639
0.006193915322471082,0.002415600928295872
0.011049349186522289,0.005944611956941353
0.006653225839188013,0.005362135979912502
0.013911917516794336,0.008940609226047076
0.008407658970410264,0.00719683401353667
0.00921477835525651,0.005290870694356841
0.009510576607887945,0.005399845493097447
0.008633182942171837,0.004908859799617032
0.004279096235466191,0.0008173539017430446
0.004476356451003619,-0.001849422599955717
0.003775649049787208,-0.0015454775961556005
0.009237869197214955,0.006273473433224378
0.011841829072188717,0.011990616655225628
0.005431707012164021,0.00217615120313068
0.0031437419832018466,-0.0015187994015041792
0.00459787292416184,0.0002796987619460081
0.006385013444650602,0.005942054545232199
0.011875545365438299,0.00868382620766437
0.00990054633952072,0.0077318223610392455
0.00872021264867055,0.0033607365409318276
0.010268553268424137,0.0052641916148188595
0.005995289743669597,-0.000638255486343756
0.004406192973908276,0.0013168957424879628
0.0007514594292102796,-0.00555202053215852
0.003627973709704379,0.0007985940624786018
0.0020850974373137453,0.00028959514870766437
0.009627181827176362,0.004632900647617345
0.007911885220293303,0.003338464294114345
0.008116888814763327,0.0031711454625234004
0.013335750436703753,0.0047322639631062376
0.004486094694646626,0.0009044769629771264
0.00863463598212783,0.004340250075536225
0.006111242465737508,0.0030907749074413965
0.005308188948450157,0.005660858161602741
0.009705180797934873,0.006711832890336189
0.005034884953406966,0.002412991329984371
0.005825808005618877,0.0011926762538752318
0.007693609580731187,0.005465499087961487
0.007899472338296222,0.004660592508501843
0.0022548432850282626,-0.004970888842114374
0.013140710019424497,0.007325755388884785
0.005746230397144205,0.002192451218516589
0.004629542918515527,0.0028072043149946742
0.003367773439035395,0.00414394381483084
0.006144358930641873,0.00236488576226105
0.0070460716191591884,0.003764603651447626
0.008855245680694894,0.005141342828004095
0.008434550459576483,0.004899017609683892
0.0013682265024105474,-0.005297505648537187
0.006791330365172375,0.003177573181612259
0.0037153041710358,0.00012271788803158452
0.00701388846946004,0.0035809478131774296
0.006812025319771388,0.004915736100080438
0.00677743135313901,0.00533287942788711
0.007730594043713194,0.006402799322505546
0.004757131932847839,0.0009779277792840834
0.006993744893585577,0.0019306420988255135
0.006227290472431346,0.0030222879838122593
0.005107520907312266,-0.0036773077428629893
0.007028470496276234,-0.0009701872703407142
0.0065080531214019455,0.0032916820507198716
0.013175914387999341,0.010637961409976818
0.002802791137541576,0.0014523848899623843
0.0073468924857083276,0.003543811733950213
0.007537760387313238,0.0027543992127559975
0.006610629091346073,0.000568484522275558
0.003964656568577354,-0.0032653441796308916
0.0038438918959529085,0.002835241422752411
0.005426478560747738,0.001388842696692429
0.006950373161405022,0.004515550445139878
0.005980009513909271,0.006727858930601051
0.0059517687643644525,0.002409193056024707
0.017106388496084944,0.00978261472169351
0.006527259075123972,0.0002347227415816812
0.0036142350522801433,0.0014285397474639036
0.0006297627974382516,-0.006570143985922594
0.005483839154024644,0.001790470675992836
0.00809493529680947,0.004361999269854034
0.005225242539397626,0.0024126887775020077
0.005028677301691713,-0.0005769227142286898
0.0023770316114229764,-0.004815503109240718
0.009577436651409593,0.005566275038625898
0.006370072290070354,0.003436087489541691
0.006130172730330075,0.007458759010900891
0.005921186123212767,0.0022260745594638804
0.007307095707872598,0.0020506755816822276
0.006859957292684883,0.005067026806045833
0.0038217477753788986,0.0054372357032010845
0.011069203514330652,0.004806654129477605
0.005985866454502073,0.0054227368058036044
0.007460447236487816,0.0036782064667527157
0.008150660652087818,0.006953654596498736
0.007468450299220464,0.002981782697758927
0.00793976042088936,0.005299227965539619
0.006856541462863226,0.005213541094277251
0.016032962959118338,0.01023672560159478
0.006271370381464941,-0.0018035932199070752
0.008942216878857243,0.0019839367033462644
0.005760010358670714,0.003267103343950197
0.010044050390257667,0.0067439903111893365
0.003350225567758767,0.0005801763254472871
0.006965431196530031,0.0060315317595054894
0.0034565142756979826,0.0006078022285017654
0.006749711392265802,0.0028271654781242906
0.004700148553036789,0.0021938593478414313
0.004935799591431388,0.002079421640132091
0.002536361487439097,-0.003996058253861476
0.00957165356477945,0.006441951845063208
0.010539690100349837,0.005164232223384988
0.018921893545240986,0.013524151628732906
0.0068838794066945,0.0025263744485708815
0.005888965355707351,0.0038254732555197167
0.008476746424824317,0.004642827915236382
0.006846491868804054,0.0005404174032964506
0.006834660179010321,0.00205938792393135
0.011871007538282833,0.004380893758613773
0.0033854769133560584,0.0015474786692278916
0.0024846065973550997,0.0005299373577739557
0.00661226139461254,0.0022856881310892325
0.007162278686342582,0.0040216069261271
0.004555873232398219,0.0023440240821968883
0.003563022945959579,-0.0024055758967064488
0.006102058266851959,-0.002312580748553024
0.009011199457682643,0.005219932999853067
0.0077621361255121885,0.0041902832300781
0.004572904050775603,-0.0027651536036634346
0.005830769098413499,0.004632276579900636
0.006820539146055224,0.005504263808480313
0.01328746664182556,0.007327942040728556
0.006913419817344389,0.003299119764502434
0.0053667712825215185,0.0007417918129768893
0.014213344425583994,0.008068291587273083
0.005737593448377695,-0.000800689148862074
0.011582615932849358,0.008936122274162768
0.004144044302274762,-0.0022564064333360553
0.00966372433636786,0.005624189663673812
0.0051684273432970294,0.00121524448234195
0.006309359941855319,-0.0002045404506455916
0.0048691777069195166,-0.0027366653439756484
0.010415949902700098,0.0051194653786846445
0.007220706703921366,0.005534013858232529
0.012103240830730463,0.007534445278226163
0.008133597783378018,0.003601029712897136
0.007087644789380877,0.0022964760695328695
0.004757824462886592,0.0008174678290802694
0.007975643167792534,0.0014736714948713299
0.016978605728115943,0.013129601450332255
0.003005125205617621,-0.004114081371341588
0.00709245040312809,0.005392833649919236
0.003438380755976898,0.0030217824526007344
0.003623896572017729,0.0007382940983817294
0.00465097220526604,-0.0042259051108924205
0.005167277296068261,0.0028425248249026166
0.005408090391645097,0.006916219495052103
0.00879145000543077,0.003607493176366907
0.007653270737567638,0.005608723048162851
0.010830335936117822,0.007323052531035149
0.004967842096513217,0.0035859373992565722
0.014618902216072757,0.011016366733707175
0.009689850222024746,0.006637422417445176
0.005591788730590253,0.0023783659222198494
0.005056399872237645,-0.0018704517631389552
0.013473650503425914,0.011546668417647824
0.006508018357711203,0.0033852006229698655
0.005883249863187056,0.0029009722955505926
0.005371514455087402,0.005334880405408026
0.009707508425414155,0.004231176017621157
0.00573202037211263,0.000222266497750331
0.009856751734257723,0.006640272160798524
0.006899483575523295,0.005167153915566172
0.0051709046000953576,0.001436850422374231
0.008895639950679567,0.004902681005655192
0.00646200201802107,0.0074377339184865665
0.011154861441037065,0.00488132071073829
0.004848306326865918,-0.0014557665803784274
0.005456939960724392,0.0036927652007293747
0.004554828391002293,-0.001976027865642771
0.008009017008854626,0.0030430572132321004
0.008330130180106808,0.007625152972783428
0.00773055791560842,0.0020630713062782663
0.004832718310338575,0.0048222857146168275
0.006222243714779866,0.0025680636840549843
0.01182932009070737,0.006395131879744454
0.006654236010410902,0.000544340207578221
0.008260461784920781,0.004014181071950456
0.006600315835746777,0.0016355074433672461
0.004024555533824168,-0.00397375361621688
0.007671798647958453,0.004579473824395965
0.0064610303272393975,0.0038179837820635177
0.006086992217181291,0.003367820525438831
0.007658902447660257,0.005285486682633791
0.006368157091229409,0.0009269135539542433
0.006130323004193106,0.0026330262846866823
0.008947165088056295,0.006731873525605194
0.0013019972772440967,-0.005858323034855987
0.011549092005652007,0.007783355159963267
0.00481919063710432,-0.0017928982043436455
0.006735023344812514,0.004343151890722126
0.009007804944697401,0.005211962872610299
0.00322080403235395,0.0011148274559347401
0.005766922102702668,-0.0006956724641818384
0.005978334529138351,0.007010814418327514
0.004331198187238459,-0.004118606763162927
0.009176246122124365,0.003253944048113102
0.007363805113889151,0.006627234942863089
0.006151359011370748,0.0012852845277085377
0.0060664703743064366,0.0029896998988559083
0.004968456307393225,0.001275256986771574
0.005214390593507728,-0.00271175636160365
0.005316030715653207,0.0011428723577520854
0.006045767946856125,-0.0007026414439578682
0.008207525957989504,0.004685505997527186
0.013511435734969898,0.010611076383621723
0.005333375472162214,0.0019451542208602651
0.0037230914114863185,0.0006547729837959072
0.006581843340440331,0.005589909481447828
0.0054847487989724,0.0020182154140236178
0.008132991077222285,0.00314832894851843
0.0052733684091562285,-0.003172661903838748
0.0058214076210873445,0.0009470462593354932
0.005776027277552184,0.00155065089143782
0.009136445423246238,0.00415936952961905
0.00813101899435778,0.0022870642768896077
0.009630883949553382,0.007007837070061217
0.007969134778933365,0.004581773947921495
0.0036653532314965785,0.0006284629915247614
0.0050757871847404165,0.0005667180176007766
0.0059771392796745945,0.002209548780063909
0.008655905326623303,0.004226891768177648
0.00632637107955121,0.003127110979547697
0.00810046812441467,0.0038887342511520332
0.0060434267713364315,0.0023121628037706347
0.013934890371363716,0.010943173188022425
0.003956035696375452,0.003217954319637983
0.0056586723795157695,-0.002229119060330381
0.004430538684682108,0.005760995926638183
0.006429949670523481,0.004495095554383235
0.005706831659681888,0.001588214500504545
0.00847262532230348,0.004978725609899976
0.004048459355963416,-0.002048341403461773
0.0028710080139825525,0.0030580282754719395
0.006989440529440668,0.0035149943856067874
0.00834887727836341,0.005770934184093812
0.0058849207223357096,0.0032672151497067673
0.007395033922653349,0.004736211886364738
0.004482765304051414,0.0011359200113624183
0.0069671718912668375,0.0069411354771510975
0.011073207770387849,0.007010716157499271
0.0045148081912011325,0.0026928457062605606
0.003327139332358158,-0.004210957440779682
0.006577662989387008,0.004865070283558004
0.006060690924758331,0.0035480969906472003
0.007868784383363654,0.005430432174929632
0.0059907815511224495,0.006102570225340029
0.014190075743090218,0.010043707652955855
0.006299876386934554,0.0021393588834893546
0.003532912784480669,-0.001990487317942106
0.0058778351896096636,-0.0006501604538302732
0.0049057460834601736,-0.0010765018899016095
0.006697829427976413,0.0036628725655015225
0.014600897153219498,0.008922349764783483
0.016390733023390617,0.008705207845476667
0.006519162511418218,0.0009658025370200794
0.005327033791092237,0.000860728046846719
0.006849471364092311,0.003133998386495628
0.004629542918515527,0.0028072043149946742
0.005371741953067593,-0.0016487600359219607
0.005905099369609126,0.003259605004338276
0.008232169002096655,0.004729773889656688
0.005456939960724392,0.0036927652007293747
0.007641484242160232,0.004376117127380928
0.004083958371749845,0.0012218767524470892
0.0054428958026001405,0.004386041613679481
0.007386858736239058,0.003987923109962762
0.005788341885409196,0.0012252179587389205
0.006420584820636197,0.001976067658667524
0.004268056021494777,-0.0032113675102886444
0.005680328388067056,-0.00030496836557918766
0.01149909338425744,0.007434122969092271
0.005837197937908125,0.0014688173078386138
0.00773055791560842,0.0020630713062782663
0.003471410542217508,-0.004058069322164638
0.0041057923773415595,0.0011869635178226833
0.010005199166851438,0.00392271690076176
0.005870277465474406,0.005187840834130654
0.005205065546051477,0.004628459891178511
0.004504950113338996,0.0013916261606731093
0.006105597954188895,0.004982440446851274
0.008514436096797329,0.003772671896370682
0.0020850974373137453,0.00028959514870766437
0.004148405233528879,0.0013985180116896116
0.006608899275009533,0.005990909076822994
0.008189282611065921,0.005292724360348368
0.007761872521883491,0.005075227670545763
0.0061874497800734896,0.005760281329110108
0.007118491415236407,0.005175338495271635
0.003171303974918502,-0.004155933703367821
0.012573999702829321,0.010349281835483748
0.0037685265861682167,0.003735134479897733
0.013950803426992354,0.004688303073348828
0.0063359247710969915,0.002547364114931912
0.003691213103179424,-0.004163649149932159
0.005037367854955578,0.0013810801229968833
0.006357206429637623,0.0029896289865929335
0.00701388846946004,0.0035809478131774296
0.00623946602179456,0.0030570667939193268
0.005513553057505988,0.0029749346340750193
0.00629850842708066,0.0004006118228897775
0.00761564068246956,0.004925438573369729
0.004346709183436379,0.005552559584854548
0.008934699171220545,0.0038080890683706
0.005231646511447257,-0.0025062721120254587
0.005412982869933831,0.003296042991970384
0.007195722311354127,0.0012659876721106108
0.0073616941480085345,0.0006065024810436425
0.014444803121951625,0.012104659148752518
0.007364481378879214,0.003990148189001723
0.007275054901470937,0.00324524245250185
0.006609547195637431,0.0032262029667147352
0.006068939104298631,0.0023653631960884047
0.003192077510219724,-0.0013796824684659415
0.006437127147880074,0.002989673548748425
0.006963477016460504,0.005075189448350066
0.005013731139310346,0.0075061497204788165
0.019232698119995194,0.012259240938734487
0.00746665805578451,0.001727389722623241
0.010207403694173774,0.003681143367135608
0.007376174870147331,0.0009070991368341332
0.00830493288058671,0.004663472829307285
0.005036182405222959,0.000985504546605044
0.005947460735804928,0.006700710836838187
0.0050022507435840465,0.0021532248454313417
0.005068085482822025,-0.0025932584356607134
0.006371682734144716,0.0024821377290269505
0.0070726771215872015,0.004373747502581189
0.011630429133959905,0.0035982498566699845
0.006464125274961593,0.0054731519348392415
0.007613193095722369,0.005168260967273126
0.004945504035212351,0.004204150711219732
0.011478705942215074,0.003223633669098948
0.006039140188394468,0.0020034094250906288
0.008499978118174316,0.003714727245973994
0.0022338731454753635,-0.002161136371571157
0.0068694863079764,0.0020111230122740595
0.003759256384616605,-0.0014733805331156504
0.007559567371155534,0.002772896083667601
0.0041105352758381425,-0.0029959875697364007
0.002656771808513832,0.001084048370560889
0.007389199357683688,0.003297692548528277
0.006305343432949111,0.005661602704160304
0.0030551797845117887,-0.003796982603286407
0.005121104433238536,0.0023540040633590687
0.005184265547351121,0.0030140345064556436
0.005920795845907188,0.006686964019769516
0.004031740727855185,-0.0015456722809592364
0.005159707206464475,0.0014375366073757015
0.004677620841770258,-0.003218043147295937
0.007583033937151552,0.007014538761437079
0.00784667673077769,0.007949192436362976
0.007882754624655656,0.003874665787185326
0.003447076444793312,-0.001051173800032476
0.0072397500559053625,0.003057856712592499
0.006092742083496616,0.005302117410450301
0.009627923513059567,0.007964655009464118
0.00945445391248492,0.0041555850947626
0.009510993163596743,0.006613642476361314
0.007429700199644966,-0.0013987265714909148
0.008408953039457507,0.0036313845402816897
0.009223460916273707,0.00294641771896483
0.005246176026309465,-0.0030015086427166056
0.005385111172339413,0.005285380754245993
0.006774897304644017,0.0032088329279971253
0.00968262558148078,0.006084194809835402
0.004764107488796866,0.003025430699355406
0.0061498108940344935,0.0025315509477254203
0.0056526002130163535,0.0031836827257018794
0.004627361314994322,-0.002411741324705785
0.017691695978247258,0.009458004313467733
0.011274440110138565,0.005720694714292398
0.0092534084783605,3.1525354165638786e-05
0.008528822923142552,0.00482940121518065
0.010937983559284744,0.00515459071650522
0.005412982869933831,0.003296042991970384
0.009105931628994379,0.002968433883661102
0.008259044823794005,0.003628399169413613
0.0061619524787904995,-0.0003034653968481309
0.006351912154344966,0.0006736915651013604
0.004838403108623478,-0.0038054351825053886
0.010228034080897747,0.004469191339041653
0.004791417163584969,0.0016495372460313424
0.0017110302309919613,0.0013656865778590528
0.009878817670332081,0.002548227514254797
0.008848558722536991,0.007606040639669886
0.00825648488451831,0.004968983652453195
0.008030577692159292,0.004703822958130964
0.005995730662407083,0.003101623506218439
0.00952800637314117,0.0071365596303063295
0.007464358131139886,0.003817535355221177
0.016646771059084756,0.01232541565268749
0.004795380846489177,0.0003268070848727895
0.007405516801049344,0.007142036198285136
0.007466789913597064,0.003286365138684311
0.006036622378402164,1.3133983727162471e-05
0.005030404503200771,0.002041599921842251
0.0060664703743064366,0.0029896998988559083
0.010952375278158087,0.004959333122730119
0.006313923826506411,0.0037093438232603786
-0.00029195530263296555,-0.00635122144661975
0.008543146924013645,0.005903504407722166
0.013102012058785806,0.01014774600148146
0.00412633438124341,0.001431273348249047
0.0074614322500702645,0.0020091961400528205
0.007547085658297544,0.0038921172221123308
0.004972799355026342,-0.0013621044309780669
0.005570678234864746,0.002881579076464704
0.0043991067083141745,-0.0024342169272014644
0.006224794924842994,0.0020761882064508023
0.010238296989357926,0.00686390039250729
0.007279858898943921,0.005496566490345597
0.004527052660877077,-0.00010103196309801249
0.006608831113949869,0.0034736988513431695
0.007395313993414242,0.005289416254602186
0.006085401322566982,0.00541862553394385
0.017459961804689377,0.009014030871525937
0.004530160137416867,0.0014735708676418833
0.011634446467623906,0.007424603233382173
0.01078636015641329,0.008870819274482283
0.005830769098413499,0.004632276579900636
0.007920495687495106,0.005833871709587886
0.0049049468701540845,9.66948300712674e-05
0.0016785964494970725,-0.00013067001198787884
0.008059418480147004,0.004695463997892032
0.008108634114343897,0.004769483427870497
0.005433204440389648,0.0018423335423198165
0.006282869190197525,0.0022489757029681102
0.006221372237626029,0.003026451278026381
0.0034502304159647447,0.004193667632853425
0.005924658422132007,0.001705893674167712
0.009779116934682915,0.00526189239496292
0.005019022759972867,-0.001628385233599052
0.0066686391544271105,0.005425917057694388
0.005665887640246813,0.002029329044091939
0.004052494791864198,0.0014733312926695843
0.005980009513909271,0.006727858930601051
0.00646059231748273,0.003431536862667845
0.00459740840444206,0.0015188857487890466
0.00680670213523253,0.003069818132357165
0.016270518784475232,0.01205533960402302
0.007613017752858035,0.004152439917570068
0.008863174636261725,0.003323810722701866
0.0063151350300833615,0.0020913835666108048
0.006957934693237841,0.0038995067317129564
0.004906587831239517,0.0007049892383258378
0.005385111172339413,0.005285380754245993
0.005055522921437303,-0.0009759787516391959
0.0017110302309919613,0.0013656865778590528
0.005098487798356888,0.0024333268788589504
0.005919953061264286,-0.0005769753136351191
0.004611991797005398,0.0016403015642486472
0.005453348107590756,0.003163847815041419
0.009054561940234454,0.007118561988254035
0.0038675705750501055,-0.0035164509519118
0.007819348310204935,0.00792232361613679
0.005955470868536047,0.0028400068841701554
0.006523165990150525,0.001921254563523738
0.005977142297737197,0.0034878108346769084
0.005897048244168956,-0.0019695460476183754
0.005697372560575625,0.004841239391140241
0.006582258077780855,0.0033019578276622585
0.00953033719202421,0.004584338863384233
0.007938148596407138,0.000729073167576616
0.003191012360729474,0.00029678847783501904
0.004277862619426585,0.0016630230038815821
0.011795876960591969,0.0076688456256498345
0.007903806815646008,0.001459728253238467
0.005827598597302697,0.0010572524756616098
0.006605316454824786,0.00523215210857085
0.007118078136422776,0.00606937257445391
0.0031477117545624187,0.0012251275291786413
0.00713438415389926,0.004497899347945623
0.002002760399250762,-0.0011543454238426218
0.014216661857450286,0.010609708968715983
0.0037491223435752686,0.0030884362497183926
0.0069240497563992035,0.0056950189133336115
0.004658968743058451,-0.0005399558322473665
0.005821485989261932,0.0018248855808260661
0.004308203203497165,0.0005929610387234458
0.0056597610248058875,0.0023192029374673132
0.0028577288884175317,0.002850861029110692
0.005091857138371177,0.005210768247472986
0.007150705745653138,0.005664122568351043
0.0050181110926420126,-0.0027481395684195407
0.007376689442328844,0.005447805230013411
0.011324060170019978,0.004470615000791184
0.0075629458692336084,0.002794038475156348
0.007157076001758607,0.002495184327090362
0.007671798647958453,0.004579473824395965
0.010557933517291673,0.004290113590511185
0.006615477169504455,-0.0016451195857569174
0.010268825043881316,0.009367429349953374
0.005482832265605722,0.0018633553174268779
0.007878168017958135,0.004143525252276936
0.004626717925721533,-0.0006603917895916783
0.001572616901904366,-0.005389129467975214
0.007595200128394431,0.0012771762134829853
0.0033046443830352656,0.000858956481577992
0.007122152301115153,0.004005206832539807
0.006236621473335399,0.0005629140305307952
0.018007819914925557,0.012996428519144197
0.007592883260023004,0.0017618000362514073
0.006680295881475108,0.0076417939618220925
0.008208433360811241,0.005253162561633067
0.005700755433186406,0.0022922367575690878
0.005943865699849953,0.002167868687208081
0.007320062952503453,0.006864379950987017
0.007112560020520122,0.002524772298261928
0.006633774676652663,0.006050360469214141
0.0065361876406382965,0.0020718212687700997
0.00782823991801523,0.005822916044279568
0.007064801006692678,0.0012410276061661282
0.0073746717400566516,0.004911372548060709
0.00546621462183656,0.002421094181255242
0.004224586619162585,0.0010489014885676409
0.0036870605798326253,-0.00017532677678503382
0.004569355412839493,0.001443363367580685
0.0024974338954495317,0.0003878958479361901
0.00617325095761362,0.002807535246962204
0.008694994442516639,0.003744595973936387
0.008585489766496424,0.003356808650222913
0.007090597382580939,0.002299965970916803
0.007549522147477497,0.005041973177336631
0.011379041248209968,0.0033746747159072747
0.00437636784867936,-0.003095216985999738
0.005987198081757692,-0.0017896399875975463
0.008606020608324152,0.005682087327575094
0.0062047121143503,0.00212105504594911
0.00829905164403821,0.0019940456975453304
0.006800766134891603,0.0031582934291354845
0.007727548482321597,0.002975019496697883
0.004788519657948946,0.00629508790143958
0.0027769087487341144,-0.003723230198179198
0.00633514730824254,0.00451114204018619
0.00560708967561794,0.002390871387526518
0.004588515652702396,0.005197649508858993
0.010352335158049349,0.004795666576170086
0.013863152088358066,0.012303366269480179
0.006017362472828011,0.004104666173655239
0.013961938988116221,0.01223507032556839
0.005803354003690933,0.0017393921483510174
0.0058723532578810085,0.0053374221111922235
0.006489194051104631,0.0014460364195046467
0.005139966839027834,-0.0009973191268680967
0.005102201354954685,0.0014980401782688753
0.009583120209376891,0.004461488723225699
0.00829094629654803,0.007275186639393213
0.004310400805620116,0.00041914558927384944
0.006483915207627731,0.0032423169008154503
0.0021752669110732103,-0.005588203663487095
0.00742093799008115,0.0016448799913828024
0.0043699098183192335,-0.0020667365132104303
0.0049223309321303615,0.002307459411817186
0.006376200830706032,0.005152287725326825
0.006139423556341075,0.0030314698974910365
0.006744420624634669,0.0035942697700815747
0.004937358803902865,0.002954222481423967
0.0035252351625399553,0.0010805695832516449
0.003755474120644104,-0.0034733402857212107
0.007010425167319282,0.002182414235293824
0.0070348455028263705,0.005440684655928235
0.007533737970772506,0.004739262818789079
0.007604148999734836,0.004233436176365514
0.0064869365166911105,0.004887916655247394
0.0057971271024727464,0.0022233769336914583
0.00638380525674466,0.004233399769127136
0.004645588777035319,0.00028813895512273813
0.007438172006476386,0.006087571991594247
0.006962641458766756,0.0056694016366334345
0.016645071831854513,0.01229784664322246
0.007297460416981087,-0.0005568371620961691
0.0006399970582193597,-0.005844321623482549
0.005389293095276082,-0.001913050059754483
0.007313548965160179,0.005459667923462455
0.007608277253170823,0.001592815373163194
0.0065008217466089,0.004770513598119671
0.0014996227262083894,-0.0052502526973449894
0.004012044027275688,0.001243247732649673
0.0057658274039709525,0.003904120568862972
0.003952751963525637,0.0022753206329483855
0.007868784383363654,0.005430432174929632
0.013022992397463002,0.011401302800274555
0.007584136101452614,0.0035440559649738933
0.0073016552512556775,0.004055816946195587
0.004326551047796241,0.0012417660025812183
0.0035726859512741384,0.0011575903364607464
0.012390077923447679,0.009418779877471925
0.009239158701931642,0.007114410554955088
0.008557587894954994,0.0018510840915865797
0.0046415683417548575,-0.0029640234781695297
0.005433122896002746,0.0011017395952105016
0.007846401302615113,0.005555924810631546
0.004487100745734285,0.0021746142718315617
0.004840597393824517,0.0016282605749570528
0.005719904584378676,0.00543502092413031
0.007417726032538641,0.0007965973176627958
0.0018354547226616322,0.0008063441817940317
0.010403912767999787,0.004307435649265172
0.005015458834751896,0.0059315021833050265
0.005629166223396766,0.004862601605687408
0.004620088933410358,0.0015575209221498137
0.004860036864544235,-0.0013750852086486668
0.005537210486966377,0.001828763799084217
0.008322689299858787,0.0025986497738902177
0.013487950849963926,0.0045767323502690065
0.004970405540333914,-0.0006241091535517402
0.002432218075815361,-0.005224719899611463
0.008238940344116723,0.004712177194415649
0.017805586112923363,0.009742250515705512
0.007974712506239968,0.00459827866806716
0.007783117905862018,0.0049174083206174925
0.0053961241055180955,0.0019337195588065995
0.0048999935086079666,-0.0010092619555144063
0.007577266683794796,0.004381477132723093
0.003482896176961318,-0.003771430686764419
0.004993519931294167,-0.001261586313451666
0.0034565142756979826,0.0006078022285017654
0.00633514730824254,0.00451114204018619
0.004220244609444061,-0.00212801829628518
0.004992021194385215,0.001845821448282387
0.0060012921842380555,0.0024889598526234846
0.006195064351388761,0.006932515667469121
0.008140736353776792,0.0012174531652615036
0.00424602873760113,0.005153946491179274
0.004593298474880949,0.0033631849822722123
0.00809582667175918,0.00314986295162096
0.009672550129329344,0.0052823521898665154
0.0071727792648328004,0.005427311196258784
0.003208268591338284,-0.0017948528312900034
0.008152202871793844,0.004404416259896517
0.007813449952905194,0.003318191979614294
0.008423298719222006,0.0015145661050195462
0.006276440190192223,0.0047085019014066415
0.005464474075965341,0.0031087320632107304
0.008546308521363531,0.00795314794381356
0.008375926286547965,0.007936319672562812
0.010782077490051717,0.0047343933528633374
0.01353209770253355,0.011388671347980175
0.008090865542056304,0.0058415317689998175
0.007230652561518096,0.0045264753634134975
0.006672822960085879,0.003153984167594088
0.005139966839027834,-0.0009973191268680967
0.006190827789036208,0.005597314567122854
0.007755715346051552,0.004236204672700054
0.01590918704571817,0.010915081480586715
0.004486167287623343,-0.0017552406013048938
0.003438380755976898,0.0030217824526007344
0.005290042199960749,0.001800823695671347
0.006373842867282183,0.00315555249775005
0.004968616132064356,-0.0027153834272247252
0.008904964050187609,0.003504289864623364
0.006798711164166878,0.0017691603512300655
0.007547085658297544,0.0038921172221123308
0.00895642051355242,0.0050836849996385635
0.016424041839377155,0.012082529141663498
0.009470260929418321,0.007975317608986413
0.005091857138371177,0.005210768247472986
0.00075190812608978,-0.005738707620278184
0.011841829072188717,0.011990616655225628
0.004932524310700568,0.002366242033246778
0.004620862736009577,0.003450470404984558
0.007585410045520216,0.0032622821974137937
0.00939954054937958,0.007352858244477185
0.004831920871503952,-0.0034947435351871383
0.0064188996529237095,0.0018881582612078193
0.00803283990890158,0.005641293798982663
0.005438522095316617,-0.0009440244508451519
0.006238886927987063,0.0040093412481261425
0.01368648871218972,0.0053926017277951665
0.004442751257483387,-0.0025186179319879034
0.0014657320085808712,-0.0045728848031839405
0.004694594528147264,0.0016776628850945895
0.009811653254414809,0.004851271002184074
0.007348839979711872,0.001897884929975658
0.005507340189556031,0.0010455060373309307
0.005764809893976803,0.0020159605627666204
0.006616941473729595,0.003930087288306582
0.004197051486173843,0.0001419367833278961
0.0063151350300833615,0.0020913835666108048
0.007817530329705703,0.001538787958985586
0.0018043058335787746,-0.004567680997952543
0.00461637448513605,0.004464420458432552
0.005627584079304239,0.005323044607257036
0.006025219688489376,0.0015225832677244104
0.01390513852627502,0.0038110123369873693
0.011524649858377823,0.005755352273565745
0.009154853065814369,0.004591971361391958
0.0036421948308608433,-0.001161261046209821
0.007567911208438518,0.002721372318088831
0.00848141252635717,0.008347669901192142
0.0028890466211357047,-0.0004648734570268896
0.007256028700960173,0.003128126674059338
0.006633774676652663,0.006050360469214141
0.007205207182852366,0.0029866958883303435
0.0049166565274140345,0.002195968548577891
0.007621552297949889,-0.001050975567107302
0.006287620304949167,-0.0016093513862048357
0.005000002350299274,0.0007726857738336972
0.00862793079588011,0.0025966584525522526
0.009614341918461843,0.005646130516337717
0.006330105470181792,0.00541062884071202
0.004512928292954871,0.002317193040016519
0.009961379950714052,0.0032258331301603113
0.013326875728614896,0.008718859537261717
0.005716995066396275,-0.002425862509711288
0.015332444174708663,0.009986588201962925
0.004402842420031679,0.001507410037406909
0.001625171359521409,-0.004654735141348253
0.007693859466084456,0.0027060922133619663
0.007172283369720802,0.0052496685360195056
0.009299437443129777,0.0038307964144628833
0.00689509117427371,0.003742386684922238
0.00839161875592117,0.006218482845401663
0.007072422144049403,0.0040542895922761266
0.008691165900112648,0.00506981773573976
0.006524838727767964,0.002485178344078659
0.0023936350760978223,-0.005037207160074541
0.0063929416574777095,0.0038705319511789437
0.004892500570715505,-0.0013851499961797511
0.004243786618690827,-0.0036119109900087255
0.00850504457379283,0.004844013725171395
0.009877831388180755,0.0034316356594073895
0.005339865090790004,0.005279479903010124
0.008519629078484057,0.0017368488698850625
0.007240091526069126,0.001878645847815318
0.006085401322566982,0.00541862553394385
0.0026718162993170595,-0.005003986643714717
0.007899606572891358,0.005504840416616783
0.005589479652518718,0.001002619577022545
0.004149644212219739,-0.0011437142545045829
0.007466789913597064,0.003286365138684311
0.008346351481208696,0.00212949042186483
0.014125244720150303,0.010763924873723945
0.01971417777470697,0.013758342242528523
0.0029216612934622284,0.002632433058175573
0.007498208825579848,0.003609596319867104
0.006244623535944899,0.002088863217905622
0.0060974026513734,0.0007753677549831653
0.006415284244821745,0.0028859563669162216
0.008917911679113391,0.007551987241718539
0.005230480079102218,0.0022265571834788984
0.007215839207454644,0.002165823036058225
0.0069496820485037865,0.003270462231995161
0.004650328450965002,0.000483567641876197
0.011032023925102155,0.004849199188381956
0.007617746933400298,0.004158976148856469
0.004787606732277902,0.005447427544762187
0.0022765436532901154,-0.0038954308244376432
0.006121902657973749,0.0025779841412159835
0.0061979765414636335,0.003153038947706301
0.004216850352458456,0.0028831522086248673
0.0013945740750044115,-0.005623894574642293
0.004287726392181557,0.0013615803918571433
0.004485028801000093,-0.002456506671975286
0.00861243109192077,0.005185014446810933
0.005072310599253844,8.077923089916134e-05
0.013097510172709843,0.00765750747280082
0.002237879086350679,0.00016115252154411813
0.004578743261775865,0.00169037115819519
0.0034479874012209207,0.0013707761239349515
0.00603682728152694,0.002995004709089837
0.003486233051496003,0.0008699141369811489
0.009910586148582621,0.002872778898567442
0.0033208900526521742,0.0012597475726815362
0.005309809548043033,-0.0011157631414342988
0.004958045578359977,0.0050642905622048096
0.004308792166694116,-0.0018321357634596717
0.007671798647958453,0.004579473824395965
0.0066451323385126855,0.005546963845074152
0.011290632800377388,0.006690217361305002
0.00439509586746094,-0.0015628086106756114
0.005236210043148063,-0.0011391761953920242
0.004343379454431489,-0.0018618346258366435
0.004468631313645762,0.0022216244018299384
0.006624146531692429,0.00767067471209705
0.0056210732733942646,0.0036548828203516095
0.0057013122972065,0.001447244512727608
0.008587422382335608,0.0038764817965436685
0.013317033588718606,0.00578921637980174
0.006997965113553981,0.005693849683062908
0.007783510574110281,0.008003045304446427
0.006648457557928232,0.0018330216091613036
0.014144541041684569,0.011459360978434373
0.0045202999441734375,-0.0039472377354601625
0.004226916346205361,0.0015641827556657434
0.012657196061438725,0.004779094088522135
0.01357073674897422,0.009667520516751717
0.009705331803144568,0.00687801759924247
0.007775564145812699,0.006325299581499971
0.006157237127207442,0.0016153769844275793
0.006615235979291041,-0.0014745043137795073
0.006831256594142823,0.005438388539709002
0.007923082198192604,0.0032839106604275045
0.005546568626905033,-0.0003307096123688121
0.00979473745488749,0.003908223984418138
0.006363289399155676,0.0020000789755236547
0.0064675921686012565,0.0029243909509318183
0.010976014272723602,0.009379375132560451
0.008122459746409169,0.004275802377479531
0.0068104718102399014,0.0037443036961795034
0.0020918189161819693,-0.004051462572999239
0.007376689442328844,0.005447805230013411
0.011902436727043521,0.00968187149769886
0.00827633764527115,0.0018355099151988455
0.006417471060747646,0.006485106288469548
0.008691107002910047,0.0032857727059011636
0.0032277282109337436,0.000973753050534468
0.004548171420513803,-0.0013128538129832763
0.0046597405844968865,0.0004970846194442364
0.009583120209376891,0.004461488723225699
0.008487171280522041,0.0037671289651421366
0.006568640237905488,0.003683733735477831
0.005975112675962313,0.0009489972953550998
0.005367504285201778,0.0032965455622261585
0.013042399268421847,0.00957245189803094
0.003659699447598394,0.002361297190541967
0.005303172922039545,0.001697602588084002
0.006203240213598354,0.007542212681595952
0.0035680071927251724,0.00018325358952686784
0.0017454096323008652,-0.00027000972676356674
0.006028139581355253,0.0012441893071248227
0.00626821110084408,0.002383552577116703
0.0028710080139825525,0.0030580282754719395
0.008150660652087818,0.006953654596498736
0.007061486354536444,0.004085161446648793
0.006451749967937223,0.0032697135067242863
0.008013888683283952,0.001913499782140943
0.006130323004193106,0.0026330262846866823
0.006142533293949589,-0.0018670259244438336
0.005011034476682254,-0.0005590717950828446
0.005303456603025968,0.0021318755212279715
0.005199634501443009,0.0027458795072388296
0.0034477687290481,-0.0004917192789381433
0.0071247372697478065,0.006057878705020399
0.010937866811884986,0.008345179782482458
0.007286348978520922,0.004684986129851633
0.005669335853071562,0.004754212388366963
0.00838073090810986,0.004852033364578926
0.008300215508413877,0.004004374047589693
0.006535544434829484,0.005387949470059649
0.009432306441267179,0.006052819208424636
0.0072520001134779724,0.006828491309217029
0.007989085580311538,0.003332672883707046
0.012972698396350648,0.005526676294990793
0.008120170322143811,0.00753309468036778
0.004730542013726469,-0.002930309193648572
0.005511423830183999,0.002482399387266682
0.005674219695730721,0.002852992914556437
0.005977292209934211,0.0016199835972989674
0.006180110225748111,0.0034014498618034515
0.0034479874012209207,0.0013707761239349515
0.004676100357021864,-0.0036892124962927507
0.0037317530520621497,0.003663654173373907
0.00958108641724872,0.006540811913169512
0.005512928106768295,0.0015351529264174772
0.012481155768634157,0.008059004976986415
0.0042397983836255215,0.003229509146408873
0.005080628381307661,-0.0023592373241059627
0.006105597954188895,0.004982440446851274
0.01166198087127307,0.008447174334854014
0.0038836215991981723,0.001567503340154177
0.008127126485975257,0.006956473280034509
0.003876123574403638,0.0008593196768614791
0.008474093138372218,0.0046059346410840096
0.005197398870902771,-0.0019259904437762022
0.007423772029591241,0.00272404597379999
0.006570088964859682,-0.0009317946986307276
0.006557544222420838,0.0019498315549757823
0.006296016663133907,0.004240725316793136
0.00586499492563268,0.006238520354501644
0.011836573561079027,0.008630651068882361
0.005798895729480185,0.0023884151942815054
0.010246645974959289,0.004526067763533195
0.00558774937592352,0.0025772121247117285
0.0068411673521087185,0.005338706443718475
0.006965431196530031,0.0060315317595054894
0.006156730992186396,0.0018848739338361824
0.007093100791191274,0.005171549037800052
0.006732871032624559,0.004848608187400252
0.0030038945212462875,0.0012592265730699374
0.007620695755593763,0.00619794447353606
0.006057348964072488,0.00048618010157784435
0.00290334529844297,0.004347002084386976
0.0025075656424291236,-0.004212349346423612
0.008926073098189252,0.00832320791630325
0.006351983709273136,0.004013318781557972
0.006281947605946416,0.005707980035977615
0.010725368339735735,0.009689326499169794
0.0054213145689784355,-0.003344452237259068
0.010456974562682369,0.0070972821224807026
0.005445032624139075,0.0020006112378559504
0.0008538846221728177,-0.005518792752643937
0.007605144069903347,0.0068622885604707985
0.0021116110285245016,-0.003898541893102051
0.007803088037856588,0.001199068493012657
0.0028814063180015483,0.002819041817908142
0.005663205963467363,0.0022560854620887628
0.005501708849807696,0.0047010767086931565
0.007807965608865147,0.0010946543674679758
-0.0009993236177722326,-0.0068275956527221494
0.010750721214657309,0.00626829236300009
0.006259673771223298,0.003025944013954879
0.009233083512827192,0.003397616605723604
0.008780290233193402,0.005082283602510542
0.007119359549955108,0.00458817992429576
0.0066723013236240115,0.004271581725716235
0.006003075590230612,0.0035007637991408104
0.003915087600889457,-4.6793898600074393e-05
0.005427527666412224,0.003405192867905098
0.005775578722283899,-0.0008209624220229623
0.005752003153406695,0.0023325997299231465
0.005492624444410932,0.0020383792865921015
0.0046883630207631526,-0.0013960676379130635
0.005594043040346479,0.007365337976138181
0.007144190387703314,-0.0025553771370680958
0.00524479611868245,0.007050289112488127
0.01961004412448984,0.011971579802764618
0.0058693871335782225,0.002460827476513887
0.004222953670117681,0.001444720600253289
0.006413977137259093,0.006038776961052056
0.007059989111385981,0.0022837276382732296
0.006047469065483738,-0.002945204545263074
0.0040602933199568115,0.005325582298241006
0.006911156113946356,0.0031875779752667645
0.005253349392082942,0.002458226890809642
0.009227645943357626,0.00835927599919367
0.0051724305451991,-0.0010073839143991828
0.01028705831015387,0.0024815350689505467
0.005519332099861938,0.0014508074781506824
0.0022761095425226432,-0.003968897397335684
0.01312244183563425,0.007960302901575953
0.014597566889970581,0.007725139433416371
0.0028577288884175317,0.002850861029110692
0.005438483431842223,0.004359810513940132
0.012185561865888204,0.009382868167282805
0.008777409988022178,0.003887196152089486
0.007731282675063032,-0.0012254667500471682
0.005134070652966873,0.0012338454001299005
0.005036987036428658,0.004223192115512319
0.016200659123945062,0.010338159702743328
0.007476239903779375,0.0034173133229052255
0.007048736829798573,0.00527133968623675
0.007997431773239718,0.0035765530846574014
0.009406968246854684,0.0020079169529271298
0.006017699374117322,-0.0016900032009778358
0.01498877643147706,0.009768813988628923
0.008400314342275516,0.004833154581114635
0.011251496611121955,0.006942508730981162
0.00761564068246956,0.004925438573369729
0.005333012214894522,0.004609721158064064
0.014131165913559727,0.00999941996622863
0.007041348774945316,0.003809955092482071
0.009255389997751785,0.00531085766060695
0.004507477665047873,0.0016222659854948631
0.011330280557176237,0.00904555253158362
0.003732609648160414,0.0017747064812288441
0.006426082503705893,0.0010519928482913008
0.005456954153427803,0.0025210566635825438
0.008749833040528947,0.004236705978110095
0.006121420913812422,0.002919895564408921
0.0035017185012280946,-0.0017333678131567836
0.005352074105222723,-0.0009479901869218418
0.007301330976846791,-0.0005865189466445053
0.006786338096301369,0.004573506037002515
0.005406349686191128,0.0019774506829203006
0.004523971250830351,0.001394535257828686
0.007280312565414275,0.006141534665646171
0.011580647328665077,0.00617056589463426
0.006568640237905488,0.003683733735477831
0.004580402845343584,0.002326356067680519
0.005182736141212446,0.002624965562857352
0.0036026766217055178,0.0014006903991917244
0.004023682537938236,-0.0010383514438872758
0.008720508405212319,0.004129842858306506
0.009152257982963466,0.007635611100618566
0.007846945896965668,0.002838656713690421
0.0018153189393271072,-0.004697555034641631
0.006602907255067063,-0.0003266133696444998
0.004346388143650262,0.0015143609862290248
0.003391686298793644,-0.0021387519247732835
0.0035950650595814055,0.0005384941699494005
0.009629411114206418,0.004773085406869824
0.005451640740648413,0.002364262212061796
0.007792904439124148,0.0031076604423926216
0.005993931018692053,0.0022893741121147717
0.0053326707538579946,-0.001603858497386491
0.005570678234864746,0.002881579076464704
0.00946490952262246,0.00356524862006049
0.006041703257807516,0.0027663838159573857
0.007014035005121526,0.002720624249060763
0.010628058017785708,0.008862672065002545
0.00626073990898282,0.007555836862291208
0.005533095544054765,0.0028741136654573413
0.010233438122059763,0.0041055458004714915
0.00792581265760643,0.0038357329554671877
0.00699352271477858,0.005434296417860224
0.006926044740437527,0.006773150668285966
0.008232366774977802,0.005402640882110759
0.005568439732364177,0.0013933621226749583
0.006584748623791752,-0.0017183763755911161
0.006188538809042166,0.0058621708135048025
0.005327777751753123,0.0032352118774727065
0.005181567639997695,-0.0016393671736227786
0.018450219106281113,0.014006127159754505
0.001075594654737052,-0.005340920943655968
0.009661984580524167,0.003644922771372924
0.008926073098189252,0.00832320791630325
0.006916860490466488,0.0038712027455100667
0.007148898489568707,0.0007159710777591612
0.007339581574115187,0.0051322002420825935
0.00461846896911667,0.002739518173178656
0.008530750290775725,0.006130638182020507
0.008858057295298849,0.004395012738536027
0.009366828553693224,0.008674070939219292
0.017940761600108386,0.013065616630456817
0.0030741031805381425,0.001172700871495973
0.007547085658297544,0.0038921172221123308
0.0036151166484502343,-0.0035398086405569514
0.007189810563607051,0.004814957416505672
0.0028710080139825525,0.0030580282754719395
0.006847968190323016,0.004221600547275367
0.008014159819627865,0.006575029247969143
0.007464653276001349,0.0037871372844239058
0.010523903072622487,0.004092932510877981
0.007500892310467831,-0.001346387000997571
0.006568640237905488,0.003683733735477831
0.009046047884488663,0.005121553992562278
0.004969379847121182,0.006085949663652543
0.011550840636412112,0.010562572951369264
0.0036195650485723206,0.00135120022696893
0.0060664703743064366,0.0029896998988559083
0.0004186680236718133,-0.006054536408511226
0.009093869338848037,0.0023818066340221726
0.007839648251010047,0.004039489513507149
0.002002760399250762,-0.0011543454238426218
0.00690475774259361,0.006678241304527718
0.004185255156895804,-0.0031649779196287597
0.004515184493594978,0.0006719259871235637
0.015444223297193551,0.010641511981360745
0.0056586723795157695,-0.002229119060330381
0.007251221799605685,0.00104537302283829
0.00895642051355242,0.0050836849996385635
0.01090234260859792,0.005614258459578747
0.007226762791347272,0.005398448471409535
0.00455059873076942,-0.0009357588299292955
0.0006435536328632582,-0.0007827814804478583
0.007848595923824619,0.0034424654353477496
0.005255778098451341,0.001386800892881489
0.0059411407755407845,0.0037528172062604526
0.009046047884488663,0.005121553992562278
0.0040375997853240204,0.00046904343251034757
0.005911791792752869,0.003785296244855665
0.0033225752243404173,0.000929208554458898
0.00524995653875617,0.0033932426704349986
0.006127144360201435,0.0009709637207635617
0.00675490018969542,0.0023222312120605715
0.007897011347500819,0.004777615270038868
0.008493910287094031,0.007087368039781855
0.0066131075574423,0.0029878853083130175
0.004645588777035319,0.00028813895512273813
0.014183137523662463,0.0068752399289100635
0.008434550459576483,0.004899017609683892
0.005143206494886594,-0.0011109266816126551
0.010564802264986304,0.005116568368657579
0.009112312803505645,0.004964614629760532
0.006925801265130742,0.0023987659325387864
0.00602706969749742,-0.0020208899107450762
0.004098407033944432,0.004777654594561356
0.005002322351568286,0.0008301603699835906
0.008059068352373609,0.006796969466047159
0.008436460614019986,0.0036475842694089562
0.008884532052227681,0.006526818223856008
0.004402842420031679,0.001507410037406909
0.005789727293728539,0.0012509919743559708
0.0060664703743064366,0.0029896998988559083
0.0019751024038213855,-0.00491628065452022
0.006416562975444218,0.0025035103561285516
0.001931311442385942,-0.004619265250677462
0.005936469312043758,0.002776346568450724
0.007310547540160923,0.003370174360750949
0.009806694869390316,0.005696314221224788
0.007769153371089077,0.00419384595346744
0.01214388716646879,0.00923266473769525
0.0022823336314900453,-4.7537013625070096e-05
0.006489977834869085,-1.747990906084823e-05
0.0064418977225457925,0.00494622806368198
0.006175586546569745,0.005407911950226508
0.005188062477981523,0.0012319224431922371
0.005968322303431045,-0.00013022516302713377
0.006681724779380371,-0.0017627207197534328
0.00526272359723455,-0.000610472826877137
0.0028814063180015483,0.002819041817908142
0.0058143577237054385,-0.001147430222543832
0.005731259164744096,0.0016638845727351415
0.0008582576698662608,-0.005498192397848458
0.0038469784129049178,-0.00393680122154032
0.008055417560427876,0.0035718672877021055
0.008528822923142552,0.00482940121518065
0.011128713002695488,0.0035506069641550644
0.004454891503076298,0.004232143807424002
0.0036266463179339273,0.00408836076666669
0.005008464665084101,0.005643742509223141
0.007648929548654967,0.0054590125737929976
0.007346208309168439,0.005796476596298811
0.004203195934869053,0.0016818781295364843
0.0022755244121054046,-0.003994619804461183
0.004008301673830062,0.0002726803147614764
0.013441098266685558,0.011270573692241343
0.007388838814745451,0.003724105323505698
0.005965703280272174,0.0028137842109207814
0.007711880888476982,0.006223498872315358
0.015539896027843803,0.011991606549397047
0.005174354745078096,0.0014666688090584782
0.0050745922169744585,0.0038552351392574305
0.008975628555621996,0.002303350691275011
0.005646094934302168,0.003792749421939825
0.0077699034972550825,0.006655257737642082
0.0049526026658432455,0.0013469911656727625
0.006048001260091295,-0.0010191863387424673
0.008022074266303083,0.00347996929878505
0.005870277465474406,0.005187840834130654
0.005734265889665243,0.005252058504063942
0.014947348225373351,0.008319943149208921
0.006550358217224248,0.005135962041935338
0.006461806463950951,0.003018657468214975
0.00669960750128844,0.0005115529447730881
0.0038874875877159733,-0.0016430601113643101
0.004249387658016395,-0.002240273096256915
0.0062846994824134255,0.0019937692556520033
0.015966484986069687,0.013401588448333517
0.007487843147221463,-0.0014930568003902675
0.0052012392957708035,-0.0006175305170328469
0.012114126505552976,0.005224057990424262
0.005895961730510239,0.0059802929772352735
0.010861926269053487,0.0073113386048715475
0.006938184169560488,0.0013428648522739216
0.01503175482504357,0.007649595520812129
0.003598704460711819,-0.003156403955347875
0.002885119507845006,-0.0019991076428468105
0.004323920726197133,0.0020023628075903155
0.006822832984681121,0.00413514202965523
0.008735844837216166,0.004242516627126561
0.0037723543567914474,-0.0033588164972777057
0.017117936939365128,0.008355934236870812
0.005246539197949845,0.0012784409644888504
0.0034711421619592142,0.00398705215690483
0.007066175738540798,0.004016128698026496
0.007585726538450104,0.0019126641071824076
0.004977733519048012,0.0024275472392582187
0.004067488310592926,-0.003049217828210598
0.0037962229447303956,0.002204460312985713
0.008365392960514742,0.003950354570476619
0.008230961402067409,0.004447888079555761
0.010707445147764425,0.007493570116486627
0.0029283454228062923,-0.0038735377258416366
0.0055100462703201545,-0.00249483964829671
0.01035389408420792,0.004178163211185963
0.011144901639623696,0.006662542738775025
0.0036069732165066055,0.0002548608959192754
0.007524253123990177,0.007773969586385066
0.005901046236901644,0.0036643748653098964
0.00688364703590734,0.0036982855502694176
0.005106813377472201,0.0006013811234780505
0.005897988142957933,0.0016963984658206182
0.009995137973021179,0.006749422666102002
0.007275054901470937,0.00324524245250185
0.0034502392307591166,0.004293748409516422
0.005803786637006623,0.004420180960675195
0.00856012023100849,0.001841998484503585
0.003948396424944099,-0.003145253162333007
0.006732215426868831,0.00031744144075807664
0.004960817871602555,0.002238239165325319
0.004546708270292906,-0.0012232199228624126
0.005065303344948624,0.0009593370468121056
0.012794653082871796,0.00854119484936089
0.004574779414383917,-0.0018148439555866437
0.005346296286918245,0.005617100993809297
0.00511308254749058,0.0022885749284909957
0.008238100106514497,0.003310200280669597
0.005426434896124972,0.002475883756484422
0.0030793053435661548,0.0026932059456308685
0.00419710204446248,-0.0035143126731709967
0.007664336657114999,0.005153328402596469
0.005336885888169669,0.0017957087106922637
0.0028814063180015483,0.002819041817908142
0.008014159819627865,0.006575029247969143
0.008773952670166838,0.00512996616743268
0.009315776058605695,0.005466951186817989
0.0095337911835202,0.0061465962543523715
0.009774325328164598,0.005746707141910719
0.009267454601692421,0.004667229682113307
0.0038578233198641714,-0.0031153047273975087
0.008003740613511891,0.004584870476883699
0.016949442954083994,0.013915764469844095
0.004600578666015597,0.0036488394875453913
0.005098487798356888,0.0024333268788589504
0.006768027438622171,0.004108791927256859
0.010087301837016617,0.0058542147392021664
0.00594877697470892,0.0014133393019359003
0.006296162476363833,0.0058132954729653765
0.006745175080463768,-0.001133575788162533
0.005685161572457773,0.0002596757340146
0.008260310469526447,0.0036174213917297064
0.003254871575574014,0.0043937016321702145
0.007287966531431048,0.004122914578203813
0.004828828941833712,-0.0028975291977218756
0.003994002165679007,0.0021888896252718754
0.007376689442328844,0.005447805230013411
0.003944574126622165,0.000685354614941935
0.0011438420084968846,-0.005021499764488981
0.005550263838488107,0.0032908120861511927
0.0034220812288830206,-0.0036376828070739413
0.009614341918461843,0.005646130516337717
0.006249863727851442,0.0055348062935006385
0.01679224406121301,0.012070332066749016
0.006006699124900502,0.003077267255718009
0.002144806928651816,-0.0010896107479935087
0.005181085178547377,0.002963509954175136
0.017088745767261722,0.012796529323891394
0.00872148162446798,0.006315926565093066
0.007820588696883735,0.0068524256171582885
0.005611982105367356,0.0017231400252054347
0.015804066044920302,0.011931283956543528
0.006302256258081971,0.0035041755552670225
0.005210948105513024,0.004419735213349589
0.005731923049387728,0.0038770495803364443
0.0037996095000981042,0.0003773011053957061
0.005587223730463412,0.005070026639732913
0.007696432549224094,0.005011740750675525
0.006672437131040819,0.006005379545069446
0.006130676522664187,0.0035348462402573924
0.003998249373063711,-0.0003492467278943829
0.00481919063710432,-0.0017928982043436455
0.0059361735751774685,0.001520251473752684
0.005451773154027644,0.0037622161777155416
0.006839041893644568,0.0020667662790944067
0.005352285522085065,0.005781897966876718
0.006055179561188177,0.00540198212561485
0.009051614191123365,0.0030319002594581144
0.004069732374139266,-0.0030089001075520178
0.004659733977618194,-0.0025293245058104815
0.00842043143316303,0.008242972406759606
0.005766922102702668,-0.0006956724641818384
0.00825808874720316,0.0030828967896620197
0.01052294988669239,0.007330971022457404
0.00536576341105795,0.0024307774024625523
0.012621734699425475,0.01087340687548903
0.007879935760720883,-0.0014538177005670155
0.008308763037538951,0.004492369553259568
0.0059168262921297995,0.006082071849617336
0.0072767414259537,0.0031301200492768032
0.007597653408504683,0.0013097404867893044
0.005454809889919676,0.0020361366208084732
0.004376382551045832,-0.00204014152282188
0.008308763037538951,0.004492369553259568
0.00705953860246299,0.0040728497778758435
-0.0007701264031069171,-0.006995833224222433
0.006647938948922805,0.006119531605268013
0.005403743015918463,0.0020271918167824336
0.006302786576019472,0.0008881606787910301
0.005656599211981207,-0.0021738006415011465
0.006372418690505811,0.00516513829520718
0.009897749304725997,0.0042032112820204574
0.008976893518071787,0.0041773811487621215
0.005238329950885504,-0.0027310283225828935
0.009294949892312158,0.0037869884407474353
0.006466863495020728,0.005869299482465591
0.006524183352911599,-0.0006163203188780169
0.006264218202952793,0.00166382580446093
0.004090334006648888,0.0011699075800164216
0.004137844169950385,-0.001886076328978946
0.008749833040528947,0.004236705978110095
0.012617224907542747,0.009427293492046374
0.006364997363550924,0.0026474017742702
0.005367107097267432,0.0034633662817839363
0.008109036249254005,0.00496274115425592
0.004121920164003551,6.532964456009826e-05
0.0032565554793100287,-0.003963475475678885
0.006786110238112685,0.004257345548366637
0.007515168682799977,0.0020670917568957345
0.005526627951685167,0.0023913625655410647
0.00656823860979361,0.0017372564055271496
0.008057733576810423,-3.13418197433607e-05
0.008906250484274668,0.005061197735661585
0.008926073098189252,0.00832320791630325
0.007636916788606328,0.00517329370990143
0.01177255712449738,0.004094030553199407
0.006280828665232408,0.0008297817306937016
0.00736989988491043,0.0032470388821810225
0.004757131932847839,0.0009779277792840834
0.005102167805367078,0.0021826925332689272
0.005799858288843812,0.006069884769995387
0.008817714120210146,-0.0006551291277484012
0.006431507617312276,0.0015583215803113134
0.009069407132232856,0.002814745024783324
0.005844417230585444,0.0017975883620223393
0.005246176026309465,-0.0030015086427166056
0.004043610587843978,0.0016090057941814187
0.00976614947655633,0.00427355741144885
0.011399013593307635,0.006754693096251788
0.008279193306989186,0.004584599755030659
0.004310915748260218,-0.0018517698383055548
0.0064314044724799934,0.006687257988887867
0.008972762158782935,0.00534719548121575
0.0037912139483483927,0.0010100963831537139
0.008204422760568762,0.00337486000153437
0.006907789272819398,0.004684682797776214
0.005174070335804396,0.002244170388229959
0.006943440112871397,0.0007296914443477237
0.007283603851088275,0.0036546343180719806
0.0057599031783577715,0.004715917324930789
0.006262666751335723,0.00012894446106896489
0.005111759072048574,-0.0011830018526734036
0.003382030375118506,0.0008374042553760171
0.0029478747815076924,-0.0001388466288403242
0.004764978525277632,0.0030198743139410646
0.006059262931152116,0.005760257445316185
0.004878865193493856,0.005371975023541189
0.005654535728456197,-0.0008904459928126985
0.007298462179083276,0.0039045549355305447
0.006902781178826443,-0.0002118229384131757
0.004678813519627317,0.003916645160192838
0.007194925955231513,0.0054586409326456056
0.010119164048922316,0.005723059691831904
0.0053961241055180955,0.0019337195588065995
0.005153331866860662,0.0010755847021542194
0.014839864960034536,0.011389728078645408
0.005193430543592781,0.002603151462902832
0.0054413139679637896,0.000572087203137236
0.009761234606878727,0.00486434702927414
0.006993969049630724,0.0025714019620202457
0.006340688866276868,0.0025876643154054526
0.007426186878433622,0.003286138499570247
0.00573177718872374,0.0023634819903758583
0.002237879086350679,0.00016115252154411813
0.006896868098097002,0.006110172786645949
0.0069671718912668375,0.0069411354771510975
0.006025838922677005,0.0035693596803546244
0.0071238720786956046,0.0038778824881807814
0.007833835760832375,-0.0014637354313506174
0.0025877736208410806,0.004392523808246539
0.006632343221176969,0.004909884292312919
0.007362701239016062,0.005453615879029877
0.006163699543081221,0.0035916979406987373
0.0053257504030458725,0.0012576365930742697
0.0015140084867920674,-0.00525774796559218
0.006026501864180886,0.0028355067294010316
0.005401268746223584,0.0023405817902555047
0.005345193492513837,0.001893387783188696
0.004648643110031632,0.006534543407571319
0.007041348774945316,0.003809955092482071
0.004561514983851751,0.0005882598183346924
0.0067221933029461955,0.0034206710014290913
0.009873755365253829,0.004729967398756612
0.0056421137732254,0.005619883559911612
0.006393108518052368,0.0057835585432701574
0.007569085348537825,0.006305711970850137
0.009059587996249405,0.0035487447899776557
0.008229168448252031,0.0036230999001388405
0.005267184044621228,0.002622066851878789
0.0034770323551874278,-0.0016963860996464571
0.005317394557759009,0.0019620250121557513
0.010219382545231595,0.0008404388618621457
0.0026346775639082137,-0.0026655561707937163
0.009187114560235507,0.004817902328497324
0.006193280415030802,0.0003241221913708233
0.007929309409663441,0.001786657716708221
0.009583120209376891,0.004461488723225699
0.0016505835503714782,0.001363235117546267
0.005860978771106577,0.000988366848910874
0.005456369172621372,0.003495276249983495
0.004810402256142738,0.004018755706952377
0.0027579855279995426,-0.004696100445691485
0.005698966639750271,0.0023061673118826244
0.004425933788183333,0.00216756267666093
0.005894899886507733,0.007029391749062243
0.005698899542880978,0.0024416607729030922
0.0071298208002575966,0.004547875940997423
0.0051268646078506935,-0.0012742649360528886
0.0051724305451991,-0.0010073839143991828
0.0053455730949247314,0.0014151244907967125
0.004721729852870687,0.004850527666411319
0.006912174974290059,0.0016639619601094306
0.006611432916781621,0.0032987670004604045
0.0073232896188807585,0.002612488970540695
0.0075112756501007055,0.00494545920746849
0.009134868990506289,0.006771349483823512
0.005339523351394022,0.0022149202661111353
0.00939208860045541,0.0028390923419419076
0.00428464912205484,-0.001979773537379847
0.005445257418182052,0.00014317882863290957
0.004926974656316365,0.002621750941403529
0.015489428476479161,0.012264388592876263
0.006506526103563894,0.002910623266033828
0.007244185015208179,0.00336717115049027
0.0037326254304976252,-0.001378204131718564
0.015121366461055287,0.008487409816668763
0.015808206038758387,0.009363388669193187
0.006796568990219616,0.001671421030783075
0.005318775652528476,0.0018045887081856822
0.006123759978292199,0.005150694026066999
0.007285844140411076,0.0032265578628780742
0.004629362604837553,0.004564802377907578
0.008104383318449622,0.003944508042477037
0.004770324846886639,0.006285643405687086
0.0054629635830826025,0.0033164339993704984
0.004241907044676124,0.0011418177069192842
0.0058312311887417255,-0.0005280673974653108
0.00389786224517911,-0.0007076782873537682
0.007178707884784559,-0.002100228846634005
0.007180047632518071,0.006682997852365442
0.007417726032538641,0.0007965973176627958
0.007048736829798573,0.00527133968623675
0.0046473106488576135,-0.0012836111916445124
0.005790560751844268,0.0010871563608731089
0.010290509419459222,0.005972884636305215
0.009776578774491921,0.00776349754433015
0.004657404899159409,-0.000632273456785017
0.006374286772079822,0.002044809879349926
0.0055098792461026865,0.0023111085319189473
0.005723202000081771,0.0016301632584263337
0.00223386989139596,-0.004175285042836504
0.010510201717741573,0.0043685730027926955
0.005864887213035336,0.0015886882448886471
0.004512567424387592,0.002778924301060603
0.008614976483388357,0.004875139314266212
0.010827903932055197,0.00654565987378245
0.010206962411755486,0.006321595527747307
0.0029632975369850226,-0.0016220702369168522
0.004010023675781056,0.0009789335969354763
0.009795064690530673,0.00468883833404737
0.007008434781452988,0.003327729096906385
0.00798647542963076,0.0038175518239975275
0.0070503231024731244,0.0028926038121028386
0.009843185589602723,0.006253513174988706
0.004204294266931116,0.0010069797282152883
0.005838959877059721,0.0073499791736617425
0.006385013444650602,0.005942054545232199
0.005296709766958255,0.003948871190837771
0.003984464608825435,-0.0032072479228381634
0.004515371286654411,-0.0010582139305030658
0.009489725549528935,0.004564351897134124
0.008257743322369624,0.0029960652800325362
0.005690748993510778,0.002183512667117818
0.006044435788910129,0.005381493609573953
0.012498289386746516,0.0067866541088408535
0.010554030133642058,0.004324787496399204
0.005354675095244607,0.006247068917796963
0.007822378174444958,0.0016355907367097255
0.007923988362902475,0.002847217581850408
0.014947348225373351,0.008319943149208921
0.004000629891141778,0.003473417958501041
0.005512478486297159,4.383334299324065e-05
0.0063872535599206574,0.006700425721418102
0.008375926286547965,0.007936319672562812
0.005980009513909271,0.006727858930601051
0.01020936180640071,0.009162803305493392
0.005658920701226317,0.004317640096470946
0.005985866454502073,0.0054227368058036044
0.008877500441749238,0.0026955860343332817
0.006171380627069851,0.0018181427630809335
0.004782501088533871,0.001525950250551843
0.007819664227253144,0.006656233810839286
0.0077735247542502425,0.005069855087714259
0.005141163696443554,-0.0005724351473845209
0.007839558219453866,0.00429142575836771
0.005504579274805093,0.002548891359680186
0.0038452208780096215,-0.0005748273122811749
0.005383862716227173,-0.0010207268414573747
0.007481128758784919,0.006477842996831266
0.007899472338296222,0.004660592508501843
0.005978334529138351,0.007010814418327514
0.009627181827176362,0.004632900647617345
0.006506614448962273,0.0025725958305914016
0.007841127040727616,0.0054084216838344145
0.0015387141966186346,-0.005751569352555205
0.007391438049160845,0.0025748390140977783
0.0038541590606512577,-0.0010812690076151708
0.004020099406057881,-0.003188006568834895
0.004546482175688414,0.0008566835811422624
0.006290054422483989,0.0018922603607533714
0.00628327289802456,0.0038830379446806542
0.010878729212176768,0.00656006745485652
0.0052012392957708035,-0.0006175305170328469
0.014690157689908728,0.011500746450384581
0.007412893572161045,0.002669805548091547
0.005371056247090047,0.001892268657084477
0.0035562542533284225,-0.0037816790925677326
0.003577876062637865,0.00459951831629058
0.004563123718015689,0.004153776336589728
0.005266572856492148,0.002266173016064069
0.008232366774977802,0.005402640882110759
0.004273766718693313,-0.0026428006233216207
0.008308180737246023,0.00456243239181694
0.0054804132642059895,0.0021832558791722986
0.0072360376817429805,0.003998404513000899
0.007489248999443843,0.005734332015923423
0.00451428945523887,-0.002216932289903186
0.00420840931440553,0.001241751990267906
0.004135172766405795,0.0013686360225389476
0.0061327335398719,0.004006157948338966
0.009485685959555191,0.006162451001786581
0.008753258204464511,0.00250252991644363
0.009785436671573626,0.005303175428340231
0.0043991067083141745,-0.0024342169272014644
0.006005372348221461,0.003408022994730785
0.00797320236775303,0.001791388284454097
0.005507122639754515,-0.0009076491793031712
0.004345091523043508,-0.0030230439091405246
0.011178680523602966,0.006613194128264953
0.011357665155620653,0.007349358406122728
0.007510346255689856,0.005174943113053153
0.011890759840126164,0.006688687636886869
0.004244643905398228,0.0035097394753309686
0.005413563535174826,0.005175261075014899
0.006987503130459306,0.005640464877606393
0.007495503925974395,0.005010003583330584
0.006008360756963967,-0.0003072170265764696
0.008300215508413877,0.004004374047589693
0.006017362472828011,0.004104666173655239
0.006697333699923463,0.005473068221989364
0.00921566905930974,0.004625143865106028
0.015505312580144634,0.012709861001392389
0.004268292793797134,0.0021590158693134756
0.010145124280490766,0.005814515968308716
0.004853374250588027,-0.0006181978916242649
0.0051527847607329615,-0.0012911007785202117
0.004856819935631475,0.004799418696415441
0.0076163371180265355,0.0048750865451122755
0.004280111501777762,0.001083191428774991
0.00519161825638876,0.0013225351700791328
0.008572065383171956,0.003280123008296535
0.008068503623947036,0.006817804050761062
0.007940182243911688,0.004566118975605455
0.007107540966406358,0.0007492233975780584
0.008653091159250687,-0.0008560440509858807
0.004110922662966105,0.001038217192113649
0.005841465300398537,0.0019023289728775147
0.006811822719867869,0.0012233912375062463
0.006374470301416801,0.007583364279188438
0.005073204715045403,0.003704422236737715
0.004894517003223601,0.0005928661069559121
0.003846139496707969,0.002888730008636921
0.008408953039457507,0.0036313845402816897
0.0039896273813159275,-0.0015023457124507845
0.004582978065683711,0.004071268465525969
0.005107670503520956,0.003150279791890684
0.00769347705305081,0.0055490272871676315
0.015566706269488917,0.008934105145394625
0.00542462966948165,0.00515043362590015
0.002778552696597549,-0.003254534065733939
0.010815546088226562,0.00596143396917191
0.00695775548525529,0.005097852851512739
0.007388845098894429,0.0029382224274199756
0.005454972535754193,0.0066506038982959426
0.009109615888853277,0.00903736822763428
0.008313226458822324,0.003502066894802121
0.006951216059087583,0.005154317749151746
0.00704089277975984,0.00288709234367214
0.005986877285357119,0.004423108282660334
0.00799972931733222,0.005475899387076168
0.005538950355970334,0.004869686748442842
0.00915740582489813,0.0053300971613191635
0.012353301866297354,0.009297641154541264
0.003444710624778833,-0.00403760818667597
0.008262226744754433,0.003614305886953427
0.0064314044724799934,0.006687257988887867
0.008830041656468415,0.005149932909494755
0.0041922804706594815,-0.003568236797952651
0.006994562298877065,0.0062449580274827245
0.00535838602294808,0.0032514502101162806
0.00545861814780799,0.0014930914583402323
0.004849564584805984,-0.0020344569175041348
0.005403164246315257,0.0038008069742309757
0.004381072714873455,-0.0023384223761498497
0.006716738565754846,0.0022842073506726887
0.00835026633741902,0.00367586782129698
0.005429832680199064,0.002452951875320915
0.008505534467870007,-0.00028267085251078815
0.011895777139230785,0.006921605905477
0.0076163371180265355,0.0048750865451122755
0.005492431652283424,0.0020008106708068255
0.00547234561161165,0.0033056943975150934
0.005677542328816924,0.002804460096044575
0.0067093153189834685,0.001631720606098024
0.0064023749330134,0.007411515974702928
0.007308680244711179,0.00419640287993341
0.005573157364607963,0.0051260386997861946
0.006505366488096846,-0.0015046168480917005
0.007931059911417918,0.005768953614349949
0.011850675232271199,0.011196076347200887
0.006058562390349458,0.002710460845945027
0.004617067831494896,0.000767389356333345
0.010169797058174893,0.005847427668810822
0.007173683870847029,0.0032971515742166004
0.00526272359723455,-0.000610472826877137
0.007820588696883735,0.0068524256171582885
0.008441778129106898,0.0043854547589421925
0.005665887640246813,0.002029329044091939
0.0076432945053320055,0.004107010005443373
0.0035197157798699894,-0.0030576274695200143
0.006207883573188538,0.0021578552461428927
0.007339581574115187,0.0051322002420825935
0.004790513436856886,0.0013978560144511194
0.007269946209993084,0.0012625678797390238
0.003394910705560963,-0.0012944508930634036
0.0028577288884175317,0.002850861029110692
0.004615379341295104,-0.0012479549429275693
0.005716366500841728,-0.0024047136161614007
0.0033208900526521742,0.0012597475726815362
0.007335196639545219,0.002811508789800305
-0.0006202119668787358,-0.006662958417335047
0.005385111172339413,0.005285380754245993
0.010268553268424137,0.0052641916148188595
0.005891943408301275,-0.00036106427954048573
0.006547728811786802,0.00363842625473987
0.004169201790512353,-0.0018192928136665874
0.006072146584204039,0.00552947132101102
0.01365394450681335,0.00843201238111013
0.005123503161212415,-0.0013261416624735026
0.0019412062350810232,-0.004795614176509438
0.010322937710815881,0.005268598672298816
0.006392174869062534,0.000596630314417727
0.004845215833539918,-0.0010175764946124917
0.003650886935667546,-0.0020569846311489677
0.0025187317722857715,0.00161209549134015
0.007152997234057511,0.005486396327040805
0.006591806219335199,0.00555984114525422
0.009638610772948376,0.005580052659529781
0.005865660259463539,0.00322839692391722
0.009927474874704231,0.005140940166333416
0.01413703204657414,0.005535971097212095
0.0052667180851588115,0.004945556862959139
0.007853630547492375,0.0038571693602736604
0.009189980030828037,0.004865983085030408
0.006721904591338521,0.005251972576236982
0.005144649468922335,0.0044032568689675155
0.0039967330338245895,0.0018529684469435499
0.009008210786829672,0.004486394456125765
0.005380178774633239,0.003333491699887576
0.006876925212346556,-0.00023476158102587498
0.007315884983168371,0.007631330392583404
0.0042511633608908195,-0.0028264705308203904
0.005769476770165585,0.001130972037205945
0.004000629891141778,0.003473417958501041
0.006093941348298276,-0.001895397631063305
0.004904148570770357,0.0012231645594142793
0.002880514814892817,-0.005019258102199605
0.011843871049766481,0.008396377616372044
0.010196739316367248,0.005020311772384824
0.007765764207137504,0.0030977682608116534
0.006949301467098096,0.0057312796889788685
0.006553598695725175,0.0022882246779339184
0.0054263015910256075,0.0032806336188928613
0.0031481526576687593,-0.0022199040557192903
0.006133545505610042,0.001005394791155685
0.007831717692762901,0.003960176561771893
0.007015153571841828,0.0053583995477532705
0.008725274199526446,0.0045097282935923095
0.008452690851456227,0.003729786368542696
0.004128399830331928,-0.002968521664635515
0.004118038341305002,0.0006504718187616424
0.006115170210098223,-0.00162525307058288
0.004372011734760572,-0.0032938336738200453
0.009801731035679995,0.003584737222945354
0.013173225358049732,0.00688916740575782
0.01105458149704821,0.007248312168188461
0.007266406568470604,0.003114809955339592
0.00393173145909682,-0.003415151883990596
0.0075787762890865955,0.004889338036058531
0.004268056021494777,-0.0032113675102886444
0.007788981885043228,0.0064085257211111794
0.002237879086350679,0.00016115252154411813
0.005110878822427216,-0.0013040660194812183
0.006083637125432829,0.002803184943128743
0.004845215833539918,-0.0010175764946124917
0.0065454598510494635,0.0011838215428285545
0.007004052588696911,0.0056186065306840765
0.004985205877220173,0.002223714876503368
0.009378124327985142,0.003388130327117563
0.003937826844550817,0.0005217505198159365
0.0067530996216700855,0.005671612021343279
0.005054328756420372,0.005543262405145033
0.004263418672960403,0.0013491903440140379
0.005126464788420967,0.0022191904652443875
0.006137526268067403,0.0032508576670626883
0.0069935113289724795,0.005377960863167191
0.0028814063180015483,0.002819041817908142
0.005000138882940302,-0.0003327250183321074
0.004243335391591451,-0.0020880739208431077
0.007516008802713485,0.004355273688489651
0.0051658007434586695,0.0050109322076621245
0.00693874343542668,-0.0009600291211672544
0.005038363488583343,0.001055719317495216
0.004282162759424156,-0.0015177516535291782
0.0058769790073076944,0.0027163501299419775
0.006200903567554784,0.0015436028619682908
0.0021794621375788945,-0.003902419885385833
0.012191275850094392,0.010423864679713542
0.007614870443234081,0.004473948213433549
0.004772295361761743,-0.0013131961823414778
0.010352092031673626,0.00615161204093935
0.007445371618619037,0.005040661212485328
0.007645631175179391,0.0051853285385112914
0.003010373381396459,0.0023940140959883205
0.007326047823139596,0.004753996367623105
0.008886269207670886,0.004479234796641888
0.009608597208196918,0.004047917989525762
0.004601505596834661,0.002470085659481356
0.006518323407505848,0.0024929139373828955
0.006131478508628666,0.0037980217607398656
0.009970663272608675,0.004756619170772334
0.0049245772703827035,-0.002696034913931408
0.009208125670558127,0.008267515244002207
0.004626984818851385,-4.6798814741446856e-05
0.01261923779032845,0.011016277598104264
0.0032727939341616885,-0.0028699119490171853
0.004490224636900832,0.0008250347843008262
0.0051724305451991,-0.0010073839143991828
0.01692195274097364,0.014583756132424047
0.0069250764512007535,0.0030228104035318407
0.004647658119467392,0.0021272830324159725
0.0052760673673669925,0.0016123497576770998
0.00997205188063039,0.0056299971018505136
0.008906250484274668,0.005061197735661585
0.005809365676761055,0.001988952752635811
0.012078230463746821,0.003870609678934501
0.0073777012768301235,0.00397582848702056
0.003794365455461442,0.0006466689528451686
0.004230458474393706,-0.003132791315409231
0.005470571945523162,0.0005142726536821567
0.003590209881289698,0.001327653722106411
0.0010150020407730734,-0.006087440167531741
0.004740968356945839,0.002080755125785193
0.009908562908444322,0.0024209532296300225
0.00868578497851116,0.007462916998895939
0.005163560224894693,0.001977340011165064
0.004147289030100294,0.003044589304122861
0.006753943294856693,0.003968286593387049
0.006239663077595721,0.0029396045759058614
0.007896792328346783,0.004821445270267943
0.006865423225636563,0.004350318248449056
0.006092742083496616,0.005302117410450301
0.00576375227812335,0.0018324652493888188
0.010101234410231894,0.004575675329862452
0.00761564068246956,0.004925438573369729
0.007776164300464152,0.0014331926956591776
0.008326152669966806,0.004765079050994851
0.006751251305579278,0.005394257897905473
0.017517858089335283,0.008992050007514135
0.003752430028719115,-0.0029765554885596065
0.008115211818238136,0.0041918356999843375
0.006321647774787414,0.003317660529488983
0.007846401302615113,0.005555924810631546
0.003997018513321118,-0.0007646129973181209
0.007310316626324932,0.005139032700890412
0.010221016377511136,0.007195164199943925
0.0016785964494970725,-0.00013067001198787884
0.0051570515343680335,-0.0010739684427443982
0.016159412841958747,0.00861479740762345
0.004845582144185132,-0.0017604919571886611
0.010830260578576755,0.005446062392411124
0.005317966285650233,0.007203480065343798
0.00646059231748273,0.003431536862667845
0.004523070205756097,-0.0025597865273800195
0.005719191785923805,-0.00042896414715176256
0.005477826119019832,-0.0023147796447985126
0.005642733359623149,-0.0005659518728698661
0.007548558122518011,0.00413341682667719
0.010904156399517357,0.005372417929086451
0.006046615350226773,0.002253129034996453
0.004463498813446159,0.0012044229140766739
0.009299437443129777,0.0038307964144628833
0.007738000476583911,0.004692047797523455
0.007854962448567187,0.004574663389401718
0.004376915750066606,0.0023499686596097566
0.007048736829798573,0.00527133968623675
0.009520117496258251,0.005415357131270088
0.006761336505328994,0.0037554603779496806
0.006899800029644783,0.0032796561760061373
0.005262594104396305,-0.0027956702701706125
0.0035680071927251724,0.00018325358952686784
0.010389659268867141,0.007921214953904587
0.009544273952694908,0.00429553089310156
0.008803058390704587,0.0037842903577251594
0.0038396879395971723,-0.0007263085097935062
0.0073324736529005235,0.0071562911899433
0.01287101951010142,0.007228192588630789
0.00851148452174202,0.005202440273411385
0.007198541092714753,0.005457009088204058
0.007493324805731129,0.0019827193718666347
0.009767250274401703,0.005407008118344589
0.008530750290775725,0.006130638182020507
0.00607902378172006,0.0017863787927956433
0.006258070860551205,3.043898973166797e-05
0.004762336758989253,0.0022094689898145376
0.006981229768733128,-0.0011186202303265416
0.005911055461200501,0.0033362870670596593
0.005923548377661694,-0.0020626616201751997
0.007229985736401189,0.0028011335955616485
0.00606173257203459,0.0015651942163640003
0.008281088585490714,0.0038338392740806613
0.005432412568928175,0.005216435219966642
0.008451639700462345,0.00360105148510171
0.004246657761601926,0.004971178929234109
0.004043797396397391,-0.0033256574803789875
0.009257175296928504,0.005151392115210001
0.004650139120546407,0.002032303478140667
0.0049923772375302655,0.0013130838557558885
0.01330673740739325,0.010837570508398522
0.002885119507845006,-0.0019991076428468105
0.0077459257473212265,-0.0006190590832479727
0.006827504197374216,0.003291929862608687
0.008467603319531097,0.0034384373862975585
0.0050718858929608155,0.0016024692129325635
0.0055962896532442945,0.0022737675742936555
0.0027729076846154284,-0.004169734194951263
0.005333375472162214,0.0019451542208602651
0.006724812970516447,0.0038737909373684157
0.006435665641127277,0.005221562501531176
0.012118143284805184,0.011406154440123523
0.006832653153220165,0.003183961419680269
0.007820629444032594,0.003497373691606812
0.008067198459358722,0.0036501738603792926
0.005297614337799252,0.0036008820403722963
0.006646050320207446,0.003544339065079281
0.003563022945959579,-0.0024055758967064488
0.015467947363296085,0.012549290075319793
0.004877344495896046,0.0014339684771070135
0.0021109739474870874,-0.0046606494203287
0.012713922238990863,0.009143354839353477
0.0052911538172542225,-0.003749621476884594
0.006379438340347937,0.002462559733040345
0.008603989355022122,0.004815032756242749
0.009605155395458302,0.004612185016732222
0.008205097227613724,0.007234683464134157
0.007402433073439638,0.005491640477657728
0.008530750290775725,0.006130638182020507
0.007607686666438185,0.003993518520153158
0.013658746731335256,0.0091119527880732
0.004197680385906686,-0.0017508179865514195
0.006550358217224248,0.005135962041935338
0.0070846429717785165,0.0028717269967905752
0.00469717357524961,0.006438115257884903
0.00540196983530361,0.001268277853254264
0.0033053480517800816,-0.00397751384384632
0.007395313993414242,0.005289416254602186
0.004787092726460081,0.0024573210192842306
0.01185840224100179,0.005153774194688949
0.007623180567186419,0.007504617391440417
0.009792279170472415,0.0078355340669634
0.006028922399500072,0.0034008255895846195
0.007028142166788799,0.0026058347633036386
0.00827726337054149,0.0034420319948897235
0.009476942664064805,0.007031713841013631
0.004490224636900832,0.0008250347843008262
0.004831920871503952,-0.0034947435351871383
0.0055342876960412166,-0.00359291665640288
0.01923107190873349,0.0151504784255868
0.008532483407713839,0.0016361628168725002
0.006748347548318254,0.0016533018885298602
0.0054185435486939024,0.0033347902771868054
0.004897909195556258,0.0022124986577869935
0.00861714632130265,0.0014788048920410142
0.008059418480147004,0.004695463997892032
0.006130323004193106,0.0026330262846866823
0.0061075090700214805,0.0016713987741464199
0.005310515736239726,0.0030855366361279444
0.010952748529327625,0.003957781824906979
0.00766206192255472,0.004063321408631157
0.007445174992093861,0.0035450915640036704
0.0062996141283025555,0.0028505721760450986
0.00475314397614108,0.0016595295440208916
0.006027249049217296,0.001677557917653773
0.014029532527335445,0.009559525903528553
0.00481253162939899,0.001055498700209114
0.012188993861783709,0.004776649045402031
0.00873955940086187,0.0072202439426697455
0.006911926011519938,0.004015969507373684
0.010118081901652374,0.006809592660759315
0.005940012880788728,0.00471661341533685
0.0037317530520621497,0.003663654173373907
0.008941879512001764,0.005203663104268986
0.015237592195767109,0.006553700548137545
0.005331242645695972,0.0043306669840580715
0.005778172232099846,0.0028147399081988765
0.0084440571911941,0.0014007167670782358
0.00796475633439744,0.004293482900543459
0.0031611262742517604,-0.0037962362351058434
0.007631056302051338,0.004859646408907842
0.010931446046886836,0.005819563892225154
0.004832718310338575,0.0048222857146168275
0.0021172914122352428,0.0029383433699217663
0.006055776740508695,0.0018208560947858537
0.006166405678904343,0.004615275435693321
0.007361940277673202,0.0066823978047660425
0.005202986663846435,0.0013092787084790771
0.01076045731028442,0.008197336952253172
0.0037226777468060976,0.0022576795799204063
0.008595917379494491,0.007539804447053067
0.007558542779150698,0.0040216292224427306
0.008357367747829456,0.0077891583944373725
0.006847968190323016,0.004221600547275367
0.0034307182116532185,0.0011828642408110955
0.009771600164924623,0.005723932425134485
0.005300313130461628,0.0012397831358717621
0.009440806799842208,0.0045893169872169275
0.007899472338296222,0.004660592508501843
0.004662397177808253,0.0057572561956209176
0.008801849663632736,0.0032629144017105602
0.006475303946294375,0.006716193259104385
0.00698207089395588,0.0056564050294849524
0.008434550459576483,0.004899017609683892
0.005649704452314098,-0.0009842183817098272
0.0069553665543281,0.00046492568733803863
0.017227883721135713,0.008397802299387054
0.006226923922454586,0.006320973893438968
0.008585489766496424,0.003356808650222913
0.0062314555317991025,0.0025168547066161664
0.00707807747642938,0.0020092824612185705
0.007973836083042694,0.0030544338275731225
0.004041548323835513,-8.403568192845087e-05
0.007366409811284569,0.0037101250707711197
0.012170402269645709,0.008232323727764316
-0.00027119713610880905,-0.006384569209240246
0.005382464188333647,-0.002324998517384304
0.0063390073219325984,0.005860269521857466
0.005960765373191575,0.003357489265541247
0.00512544834458597,0.00015175021752644562
0.003976980398254459,0.0018907855712294013
0.008487171280522041,0.0037671289651421366
0.006541467806432798,-0.0004010054942811467
0.006729811904471376,0.003307689881904766
0.00438520164060317,0.0016284808745509827
0.008357110556058488,0.0054285048105156275
0.005980009513909271,0.006727858930601051
0.006696078671488293,-0.0001827349375021223
0.00573233995438732,0.001576933369683977
0.007120581173383156,0.006399531132942584
0.004642330846860477,0.0004922119722509553
0.01146365935777497,0.0037634912284988803
0.011094525532802824,0.004971720927784021
0.006315765135513151,0.0025467836864136546
0.0115431202803857,0.007055302929080383
0.006085826786045799,0.00132862057657255
0.008255042779487567,0.0071026561143951745
0.009278723206463241,0.0035776815981604345
0.005246133322595658,0.005444059565499571
0.006171374627284504,0.0019219864188713565
0.007367347265177283,0.0032963523927891716
0.004125342022573589,0.004489973955606508
0.011951190682418674,0.008717047665208415
0.006795821865632253,0.0006338371920897113
0.006671602615253641,0.002693723338860053
0.010965049775031252,0.006533370846667044
0.008483896292458317,0.004881404015368846
0.00712638590719443,0.005022005964208143
0.009422289420087498,0.0027067141390835162
0.004620732950724016,-0.0031295038340702144
0.004222953670117681,0.001444720600253289
0.012678280604465911,0.005421110535196541
0.015310648299406721,0.010274344311614825
0.006822482019405206,0.00432503295068061
0.004926216969085994,-0.003375909828280005
0.006790625692452582,0.004891412647531513
0.00910506487533461,0.00488064795226534
0.008499560394146875,0.005711864224934334
0.007045725603349337,0.005156586987356585
0.0072418553736461055,0.0033089326425185146
0.008443380638682996,0.004848688639142019
0.006271224577976887,0.003204473813487681
0.007727548482321597,0.002975019496697883
0.0041746884282373945,0.00012112104460445736
0.007927532785841546,0.006699906939136369
0.005996876482889466,0.0030559113016460585
0.0054538894909436425,0.002851690957728523
0.007569085348537825,0.006305711970850137
0.012173777017718077,0.004160904067953642
0.005298910166797948,0.002466415161035354
0.005226262468488337,0.0004835937284582998
0.006613360379845962,0.004409750117446187
0.007230308363248232,0.0020083048295988478
0.01346315549395797,0.010480452637577707
0.006533349648675642,0.0035587874106981724
0.004460724534629338,0.0007211413251631479
0.008336899569963249,0.005308387217673875
0.005737292937408271,0.0016332472053982054
0.011683733617460338,0.004015907008138368
0.007382722549336989,0.005839169689809893
0.005682631805709361,0.002208613216217202
0.007738000476583911,0.004692047797523455
0.005994510269113787,0.005407207321560699
0.004757131932847839,0.0009779277792840834
0.006201677580006121,0.0019583543561823838
0.0033854769133560584,0.0015474786692278916
0.007753186969457105,0.0031617848981401343
0.007301257660229663,0.0012959535741755134
0.007376689442328844,0.005447805230013411
0.004961758278928988,0.0024036796757168372
0.005226262468488337,0.0004835937284582998
0.008898991094338267,0.004269019703745821
0.007015153571841828,0.0053583995477532705
0.0030656575747757117,0.002282727848211965
0.003193578372877214,-0.004298736866457492
0.011531034612792299,0.006257217883991502
0.007200055081634562,-0.0007704141428582275
0.005631013526158993,0.0026290782429398236
0.0033225752243404173,0.000929208554458898
0.01752801341364562,0.014069107232228229
0.005640554414529297,0.0026445898811124652
0.008112478604619222,0.004376889101420415
0.00834451564646662,0.003774827128248222
0.005721839414865088,0.002248421081236251
0.007535800063659055,0.004377870145418519
0.0058950693378453,0.004978350526790227
0.005495367410869719,0.0021149266733782894
0.009100533790699607,0.003375030125674989
0.007060520397565805,0.002259456031669221
0.00615931446711546,-0.0020505054919642265
0.002807350783918189,-0.0020308820454039613
0.009504714984340929,0.00871157970489531
0.0046706725261043275,-0.0006589865106743269
0.006711328421197975,0.0026111119150714762
0.0035213981781693224,0.003460324552840988
0.010547745940698405,0.007543223559158061
0.007081676983842686,0.00726158566321904
0.00935430826427239,0.004732741503780086
0.005171395982485251,0.00046351744758919237
0.0029540547939879667,0.001654201391080334
0.004659337580676163,-0.0013423607873095586
0.008530750290775725,0.006130638182020507
0.010255815073813755,0.008632367798922218
0.006568640237905488,0.003683733735477831
0.009830637095309052,0.004751031294837739
0.004604975637916267,0.0027854294856991153
0.005110705646637579,0.001563611575421826
0.006398399684778355,0.003107453617334121
0.005101393282595974,-0.0012541522541870565
0.005080667458544149,0.0016594039692204177
0.0073809491042235486,0.00194790885591497
0.007916347059529205,0.0036188328035811667
0.005442365976194458,-0.0009391556256371589
0.008357110556058488,0.0054285048105156275
0.013702509628416279,0.008519652545194613
0.006422510463792403,0.003324972741165888
0.0029540547939879667,0.001654201391080334
0.012305091979956842,0.008883489841169281
0.005091453671990636,-0.0012859143219024049
0.0064234856430380625,0.005493548418927781
0.006109130521916266,0.0025398159274670163
0.013605354409763841,0.010610218522049415
0.0066451323385126855,0.005546963845074152
0.0048327156477678,0.0030141603929507666
0.004039702097361804,0.0005233663616243953
0.007741889702641877,0.005328535762224576
0.007645395122429909,0.0049257668973666825
0.00043941246878375154,-0.005867874412663541
0.010252362183165262,0.007631098145009656
0.007221468826871035,0.0004351471853965604
0.007238375294562725,0.005457582306279292
0.007394932390647395,0.0047879740016970275
0.016332838131375784,0.01150621190699533
0.007662375614513841,0.005567565082289102
0.008542711875401768,0.005593335665909099
0.006218653802952736,0.0015154092430873884
0.009675090634008654,0.0062742412708690284
0.006015781683581767,0.0026193728204819793
-0.00027119713610880905,-0.006384569209240246
0.005648445068277084,0.0017001827620914591
0.006355504766263151,0.0031808421679886184
0.004744912533766981,-0.0029277273898846677
0.008072212341289187,0.00014762909748259126
0.00969305024470542,0.0066612572594032665
0.005935887376759837,0.002671367045142322
0.00588354351208226,0.005692140318545858
0.014535969370397512,0.007553140829859648
0.005570497324041631,-0.0021945934374455684
0.004791417163584969,0.0016495372460313424
0.00590616303229981,0.004735563284042566
0.007854612401600406,0.005762173645845727
0.013671717783186866,0.006950558257404165
0.0026792821039344755,-0.005041272967964831
0.006500217423195503,0.001054844786028737
0.007535926046627176,0.0032580044741162967
0.00514790935930361,0.005312164719363183
0.01617173864207664,0.008847721941910454
0.0039867549849803945,-0.003605034820863857
0.003698404761514902,0.0008621285560354523
0.01143042136572333,0.006943527126595013
0.007984149560100861,0.0027944818443512128
0.004670581469649498,0.006142920543416178
0.0067345614948441735,0.0015071689633422225
0.01321481219149044,0.009459787413455902
0.004513489778951198,-0.0013390327690581353
0.007402005016810095,0.0016621316978946803
0.005722635368307911,0.002954937861405208
0.007831179821322249,0.004858750322806601
0.006430454412982123,0.0003663454654576062
0.007316173867328253,0.005908307932472098
0.004683397550599622,-0.0011928065655889015
0.012019793247498736,0.0037753625185090976
0.006256119467905707,0.0017700885005710728
0.007195679571870802,0.0021652426075399692
0.004943416549147766,-0.0017145124915076328
0.005050542417200508,0.0007051511876489877
0.005442283940589496,0.0015460439015557038
0.003201491522904035,-0.0014137245915214498
0.005967214903379879,0.0031159147124967318
0.00780193938903685,0.0033036972383177644
0.010832520427517414,0.005210777965977636
0.005670576305612253,0.002655355131552786
0.0049923250677687495,-0.001647620812458281
0.015465568150441783,0.011236498581153156
0.009554811043351565,0.0061073159235713395
0.005528887408697847,0.0014208798761159245
0.013204857988393583,0.009941343172813852
0.0070017483676575315,-0.0013141913619650605
0.006154305998666119,0.0013177857442887818
0.013402018510879934,0.01010922569551062
0.012558256931726753,0.007907892313469911
0.003577876062637865,0.00459951831629058
0.006934929048209772,0.005138029862176789
0.006114143522346121,0.0048439241201703705
0.008340049546771259,0.004497376288359883
0.004695528672666895,0.0013734874871034301
0.005495729635240865,0.0047887532281713045
0.005820320107736368,0.0014357935222045525
0.001044372657739219,-0.0051436247560529905
0.002695484199989301,-0.00275067584666873
0.004648066186012495,-0.0031003960003019044
0.006088978938024276,0.0029210361104025345
0.009251096578732448,0.005034697744613915
0.007816606161043915,0.005187923179696234
0.007548558122518011,0.00413341682667719
0.00560250517880001,0.004125217866800675
0.0051155602950654555,0.0024506780228285433
0.006417471060747646,0.006485106288469548
0.007648702969332909,0.0025783231700294944
0.0038438918959529085,0.002835241422752411
0.0059196530167941325,-0.0019500490589929335
0.005607646385661261,0.0017120477520866442
0.009044812230584204,0.005124093130179692
0.00682494777606591,0.005779166583659532
0.004862655405843599,0.0004185720780479846
0.011959965794138768,0.008818867688201674
0.005420570963536015,0.0058101184884740255
0.0055078485585390085,0.001497639895095917
0.009908171103983308,0.004514541830998363
0.007157095413551702,0.0064422242264536664
0.006689069566182358,0.002304559541674204
0.00865535849558214,0.0020117681185078586
0.009781355325272731,0.007311412721961662
0.007087181486116532,0.0038725309107709854
0.0090041244418428,0.004620419724328328
0.0053961241055180955,0.0019337195588065995
0.003319953475987727,-0.004117180938418365
0.011135540623998838,0.0061702339792089585
0.005528326230575198,-0.00028834772824999806
0.006175390913640496,0.0035381754167001494
0.008880059043570594,0.003074631934183861
0.0041725600120422705,-0.0020211117620731814
0.005541957934355424,0.0007329138979933767
0.005760010358670714,0.003267103343950197
0.009993626670234328,0.006230565637399961
0.0074138348127554985,0.0023692241826756746
0.0075026451258623054,0.004253290463107153
0.0034113040139881817,0.001882901782188493
0.007230082090158059,0.004541403699365242
0.008668449735070884,0.003803580116310816
0.006079233849329434,0.006170966684179403
0.00477348184682656,-0.0008526259675354139
0.007287760407222997,0.002105031377514309
0.008628486699041349,0.0037109738800400094
0.004326551047796241,0.0012417660025812183
0.007025024390547122,0.0004120188400708333
0.009906824150345071,0.009944544684342513
0.00518213949349805,0.0022159142825849618
0.006605157205736275,0.0032914826825511277
0.005163614577964933,-0.0010836089570438051
0.004082321372982123,0.005137583137591388
0.0051288315274752114,0.0033841605432454232
0.007321252628465956,0.004191487550992198
0.006471734586999994,0.00639074122697051
0.00502971224184595,0.004985395762215227
0.0073471361077009426,0.0054967645653130545
0.005134070652966873,0.0012338454001299005
0.007696432549224094,0.005011740750675525
0.004757131932847839,0.0009779277792840834
0.006026225155411115,0.003443662215187683
0.013744551741699074,0.009623267812982863
0.010531334832551746,0.009644739578656737
0.006134777605359538,0.007107921947199329
0.009918663507296619,0.009974972968733248
0.005193883714731254,0.0023365272639920996
0.010570342991448383,0.006947312214644315
0.00829094629654803,0.007275186639393213
0.007998045922605085,0.005829633326711331
0.006417471060747646,0.006485106288469548
0.013761724698395213,0.010493276489617278
0.008140267021143111,0.003585488099195661
0.005873146519148785,0.0024555926137329537
0.006560778277890341,0.006018275684993491
0.009702755074714985,0.004767928296491771
0.014661531254714007,0.007326202831926101
0.006121420913812422,0.002919895564408921
0.006654921737564079,0.006554493176727716
0.007671798647958453,0.004579473824395965
0.008180322541120508,0.005222805794770562
0.004628561262449066,-0.0014556551200863342
0.007078572494252972,0.004663409991673523
0.004462038141538695,0.0022404273381376573
0.01158521085832498,0.006803654475250777
0.0060926883713525075,0.005556705986549784
0.007801452073313994,0.0034037046245346952
0.005327053036532726,0.0026658773912172197
0.005935887376759837,0.002671367045142322
0.016184202176149992,0.01197133052791349
0.009789543643404716,0.006158614691072661
0.009993626670234328,0.006230565637399961
0.006723179253432188,0.005294825776475946
0.005403743015918463,0.0020271918167824336
0.0074528640386337785,0.004119215059826417
0.005752590257119408,0.0037449899249050083
0.007672350903553546,0.002993480776402626
0.007030142992655634,0.001466968326667096
0.014600235301306748,0.010441976642731905
0.01568811948144963,0.010254227655994423
0.004772957202002583,-0.002916650949192613
0.00629876578020919,-0.0025791820051712447
0.005165811991236674,0.0023461405799612596
0.005721956936589348,0.0013611932085625033
0.008441417840109273,0.003765768357616159
0.007473527126622131,0.004884000545551505
0.007419713491405832,0.005616937794909118
0.00829915619485861,0.007331912433563707
0.006407938370658376,0.0004530289545698228
0.004083826971386343,-0.003929643366769196
0.005530581079292215,0.0067121998143738724
0.006891623894725207,0.00028012626128207617
0.01360154024003107,0.010306874647760908
0.00774574851142919,0.006049745620689907
0.008357110556058488,0.0054285048105156275
0.0076772190992688925,0.004512551542976639
0.005321557927879147,0.0016123298715144526
0.00799502330364768,0.0047166977260033865
0.0036205403549662476,-0.0038016752877586546
0.003980934510244999,-0.002888269147412248
0.010329373744389898,0.005684379493759699
0.005900004548342415,-0.0024543263862327677
0.006786026676761067,0.006661199803744556
0.00809834081750407,0.003948725805514199
0.0100061142467422,0.004418393860425049
0.005790248484695466,0.004453497909331274
0.007718903604157014,0.007266318281819264
0.007634476865392691,0.004854915896717039
0.007899472338296222,0.004660592508501843
0.008535428192134924,0.002963067352511491
0.0060369375507729126,0.0002827507060901074
0.005277059566553566,0.0033723972784017965
0.005353678067149958,-0.001807841578842266
0.006421149240417183,0.0055894533652208174
0.005985103956275623,0.001240370496627877
0.004606902063496402,-0.001959304911992911
0.004745075252926077,0.0021992542377839656
0.008186551213117434,0.004972309464914639
0.01715434682095976,0.012533293274975578
0.004446062901419669,0.002216559774596276
0.005102435098456976,0.0031485871402415697
0.00532811863096529,0.0033249214017140143
0.005774760812860669,0.0016340008866778466
0.0006774786503117268,-0.006561703792745869
0.005487487011827704,0.0060849916185923576
0.010539067218636476,0.00437370354842007
0.006896048652455283,0.00685120948952098
0.0059816023814288416,0.0015586853882127456
0.017874778974245168,0.01263440196830539
0.014607751546416916,0.0071244734922583045
0.0068880191307139375,0.003201349603328951
0.0074138348127554985,0.0023692241826756746
0.00518263878353729,0.00252889580096728
0.009159977762345253,0.005035414372506258
0.0011108372049577955,-0.005585211460828832
0.007799472687765498,0.006000112623094327
0.00580995739394841,0.004927143634305671
0.008604709791390459,0.008482580983576942
0.007304268617412086,0.006114505296066304
0.007421939995640342,0.004086263142877696
0.005142920845247563,-0.0029326023726724236
0.002585504663573556,-0.0007564271445619844
0.005507801054270659,-0.0014910768627438842
0.006669980757436269,0.0011700250286218808
0.004469471757737306,0.001082706678181871
0.005690748993510778,0.002183512667117818
0.0025606793818889004,-0.004006892779274803
0.006029589397866148,0.0030359021661609947
0.004792875667330894,0.0014501991073694355
0.004278151690040586,-0.0036513169654229733
0.005950170147086307,-0.00020682857558402233
0.009709914886479326,0.004322541575807953
0.003820896448498841,0.0004904550748833312
0.00943089958138503,0.0060801924612851905
0.010556982265958774,0.007323802314401563
0.0069088204418364975,0.0057741971648672535
0.01430034820290917,0.010789605831054615
0.009002352328708909,0.00734613968261267
0.006747188845191762,0.003140006880352969
0.007273299554156223,0.0039347518324212355
0.004757749385912389,-0.0009203902735894012
0.0039896273813159275,-0.0015023457124507845
0.0037517232666862263,0.0015444817133886905
0.00621888517832099,0.0048974300225633136
0.007541782019320072,0.0038158488783624684
0.005315931408035629,-0.0010788604561117604
0.008243381064510594,0.003669117310575461
0.0045513572713081355,0.0004477068628902991
0.006384501709236611,0.003067906866682647
0.0029540547939879667,0.001654201391080334
0.004520352802969926,0.0005453823428724532
0.006092742083496616,0.005302117410450301
0.009567209166879444,0.0061435342660214
0.015182002636939237,0.01069202738943157
0.005424228776554425,0.0018549444742104147
0.006630820041954149,0.0018480205367586069
0.0091250258447337,0.004607643411369164
0.0032315340764612335,0.003535628633087811
0.007048736829798573,0.00527133968623675
0.0057315641309391985,0.004243597286200447
0.004606677222233029,-0.0005233079396593232
0.00713891100488656,0.004698356543086627
0.004706739484505274,0.001619745354391338
0.005419111033591605,0.0007505223599288202
0.004478644406594278,0.00100487581516066
0.0070072522481751075,0.004360552933970172
0.006701342355173306,0.00310537325188815
0.010699169457077015,0.007866541990935758
0.012479582696048075,0.00786789379010462
0.005965121344988253,0.0027088046876123833
0.007461187815491821,0.0016252886984389993
0.007830669110001251,0.0016815266785560473
0.008783960310827028,0.004627414415181413
0.006149094513544305,0.0019463736311006834
0.007466268316667185,0.0043250146997730705
0.005503974914067412,0.0008662241627156739
0.010089908452501588,0.005538178715974304
0.006850209956155644,0.004560231565253065
0.006680567594563876,0.002123991111103434
0.008523292151050748,0.008156566698493383
0.007242694021151909,0.002774097413342895
0.014626702799276586,0.010247454010551221
0.00412407003948592,0.0012675992264322127
0.0058096914810022654,0.0023455763983398032
0.004649573357613795,-0.0031761474829756203
0.015583410992119951,0.00821622631894399
0.0061434270771071175,0.00014601217464777026
0.006098202845543299,0.0019902307641892275
0.005046713507243811,0.006560801983876487
0.014079207949861405,0.008921666367546814
0.003807394674335031,0.003957598778511906
0.01134217266493231,0.005816478911439814
0.006503820280722486,0.0015770462731689132
0.007605825391914963,0.004698555050431139
0.007669162176581582,0.004427041050046486
0.007403569948684792,0.004052447547400888
0.00847112869954252,0.0038215868559809203
0.0029415031124307702,0.004502329348918445
-0.0014265389683232564,-0.007036490006067358
0.00713438415389926,0.004497899347945623
0.004814165500502144,0.0029927332014161485
0.006794794522253445,0.005120520797730907
0.007743939296405331,0.004940781144839965
0.004461730259108046,0.001183954868669148
0.00894415532025846,0.005026643986930777
0.007907145911674941,0.0038328919210579944
0.005472427578542405,0.0031347789304740498
0.005462633762094236,0.00036857771252065546
0.0075026451258623054,0.004253290463107153
0.004882417594308275,0.006267379832769214
0.0015820804684900536,-0.0052207812989286916
0.007318221919101366,0.003943915003397272
0.010658324434839089,0.006452427233997649
0.004749164002835099,0.0021131628425572835
0.008081320663669274,0.005478757508843619
0.006216078387215151,0.001972627660397951
0.005072614822532282,0.0064904162864787415
0.00918593500921381,0.004671248813613978
0.00540196983530361,0.001268277853254264
0.007257060759077687,0.00010533356604449512
0.0068104718102399014,0.0037443036961795034
0.006121420913812422,0.002919895564408921
0.006649051150778699,0.0033765798055883896
0.005126176447238111,-0.0011893332434592205
0.011585457503232215,0.0058858902833048305
0.00986180571662944,0.0060366709517298035
0.005836346079063559,0.0025811625768260415
0.004894494464162964,-0.0016268716145562516
0.0065309488942450625,0.003569109003525213
0.007879676080487083,-0.0006245524368288166
0.006769073580217985,0.0032130458263430204
0.009573826264686522,0.00561341514011089
0.008306895002214747,0.004808677244201245
0.010840379307879783,0.006560107039619097
0.00423689473219775,-0.0010439715727875816
0.007143642475368092,0.005226383182764335
0.01179256539566094,0.0064923764594028415
0.016026450149784315,0.008837190714870616
0.005819469299360696,0.00238634533483231
0.012870388297075352,0.008017675735152307
0.005870277465474406,0.005187840834130654
0.004888180567080881,0.0016004866327567861
0.006770224025985987,0.003003436513411408
0.008598090565928616,0.008460145918179725
0.007267829079229359,0.0030030277074429707
0.007336406314166303,0.00318256253462798
0.004927042307001797,-0.0006818223014169828
0.0009303625890713305,-0.005253023309571957
0.007108014827024615,0.003882011343814811
0.005804265099073671,-0.0030623774309348362
0.004277225230675006,-0.0017032655964829765
0.004029542197217295,-0.0036229947356463104
0.0072996108926736665,0.003227011268452186
0.004775649899813151,-0.000302908499064951
0.0068687048569678255,0.0032153598011776616
0.007746034248271647,0.004162325340534961
0.007379589310487663,-0.00032770404705837353
0.006333489692151093,0.0020037277894014386
0.00661418849893178,0.0025190688266449384
0.0065019095216560146,0.003768737108313081
0.00867569380460655,0.006840045212382754
0.0068785757288879435,0.006195302669022505
0.005113648460021512,-0.0026902048999531015
0.006990347161452485,0.00428612816935854
0.015804929069337188,0.010370236810866486
0.009230267994714832,0.0038388475095442447
0.007891820786331414,0.0031616389653472236
0.009801632488109372,0.0047271946720190295
0.005504647777765256,0.006723009069459114
0.008686327295123865,0.0034865477048838535
0.009031881062205323,0.0051094098816706615
0.008258584269889124,0.0068573582556486845
0.0068280166937255745,-0.0003016532600752242
0.00666935751829895,0.005162678258925063
0.00733492180219393,0.0016897408971088467
0.0012847850275796834,-0.005582546884735608
0.01073498659205779,0.0064294821816773436
0.004700148553036789,0.0021938593478414313
0.004443030650336182,0.002319871126046651
0.0031298068481747897,-0.003960100761214594
0.004292477781577255,0.002535284188016876
0.008068724990162722,0.008717682464285476
0.0038353734464574834,-0.0037452367858809756
0.004670581469649498,0.006142920543416178
0.003916561806781394,0.002427210038280626
0.00442397254157434,0.0019463433580164868
0.006374470301416801,0.007583364279188438
0.01341459756641369,0.005365648054006135
0.005070895276757352,-0.00038339767381907926
0.0063002524428902775,0.003535412444294605
0.006427572096842436,-0.0018807685113475282
0.006664385832265059,0.002227335323994061
0.004103308491080345,0.0004185658679779613
0.012963591166427703,0.0071849255177077916
0.0048348443487529055,0.0017907328996334638
0.00516694178961527,0.0004874050402354701
0.01570240497705628,0.01114968266710913
0.01439542230576407,0.008510635775281447
0.007892959907620721,0.006651164627914765
0.0025187317722857715,0.00161209549134015
0.009031881062205323,0.0051094098816706615
0.017231861101475558,0.013812605142778897
0.007851418224845197,0.004535452399970261
0.004335300646395921,-0.002128751566733837
0.006035991667193619,0.004771604623143636
0.004139820993301083,0.0012731000928879709
0.005897141482168934,0.0013644279639133672
0.007453815237225513,0.004879730530367224
0.004602492315837507,-0.0012014527145104426
0.01544714304082732,0.01075562871008908
0.005117041523025707,0.0013135110332665647
0.004226916346205361,0.0015641827556657434
0.0034943264270221354,-0.0036018431855401696
0.013783056786438683,0.008517702920254878
0.005217910850087815,0.002255392718928318
0.006300281379717351,0.0029585270480586307
0.008661271688697582,-0.00020700127604314153
0.009697457816303134,0.004770688354385501
0.008641010563044482,0.007041791177576433
0.006967803326171152,0.0033031028021021035
0.0024713873453819767,-0.004550985798682394
0.0026134458871309996,-0.00359390084982332
0.005745255158731681,0.0014245111338543849
0.009588042535783391,0.006086153914552329
0.007630716716845979,0.003959934735221304
0.004326551047796241,0.0012417660025812183
0.009200938838679685,0.005639999927757912
0.00798004062444837,0.0029720347743345116
0.008350926437216554,0.005422164928087466
0.0036329836094893047,0.0009451372426049123
0.00835026633741902,0.00367586782129698
0.005159601473172096,0.001469664852785082
0.014444876774771532,0.010953012642872172
0.004271141012904541,0.0011792553493893444
0.007203880584100359,0.003174580710201757
0.0049057460834601736,-0.0010765018899016095
0.00438719666444925,-0.002599444927526386
0.005332005370417851,0.0016413185867425158
0.0007013032259698595,-0.006135061981887805
0.009884158076819449,0.0036875038950542906
0.005225910108864534,0.004018135073651721
0.005693030738068179,-0.0004949776693129633
0.007925189061422814,0.00579248932816561
0.005473284631283672,0.0012482138998747274
0.006271712453622594,0.0032891099568100246
0.00573177718872374,0.0023634819903758583
0.002885119507845006,-0.0019991076428468105
0.006366910270410727,-6.625729019483356e-05
0.002943207449867709,0.002140055078703516
0.010327016581831456,0.0060072602110708175
0.0074925048976457135,0.0007992068951396831
0.00856251298935881,0.004792502648297507
0.007294612837423503,0.002109778534575407
0.01775323364135481,0.013031909875630614
0.005722723939670921,0.003565863486544983
0.006721904591338521,0.005251972576236982
0.010842669640777156,0.0066722112159866755
0.008742489027513348,0.0050733252186594855
0.004066303446897414,0.0006063887420078911
0.007690055045340529,0.004884041806811278
0.005350579404384587,0.0017583455072873897
0.007831794276137763,0.008127449124232832
0.0077597812316158145,0.005700160702183912
0.009562636797629146,0.006075929506994992
0.005889530467295862,0.00492740750431501
0.0028118645000645946,-0.0041684827505079555
0.005670576305612253,0.002655355131552786
0.008614112789322777,0.0031380519260659438
0.00788405234980258,0.0019967254218549524
0.007056233336277766,-0.0013940651660363113
0.0046988586964867565,0.0024790405901327197
0.005307926835165131,-0.0007008768667649502
0.01073499461407279,0.0030318309729082727
0.006157614286131487,0.002748386141261532
0.013042399268421847,0.00957245189803094
0.011631972028417502,0.00877388324253469
0.012613489944706532,0.008856933189826437
0.014700574751959414,0.00839327699891765
0.003949475552745005,-0.0015296573771107162
0.0031054409245204907,-0.003751360728903065
0.003735936045243273,-0.0015052125289987065
0.0034502304159647447,0.004193667632853425
0.005960030096212435,0.0017260560442951146
0.004292565445046071,0.00014988460821626325
0.008095840803321562,0.004943592048139649
0.004541694739463949,-0.0032321642311109525
0.006188425194705565,0.003130164007816053
0.010161095764028783,0.006072937523919391
0.005450361858697966,0.0007630073545289761
0.009356426695148714,0.009098038208032129
0.008333519455717534,0.0035822770037155166
0.014944826548970997,0.009488905735555267
0.008280170075234437,0.006384131017704976
0.008323822596805374,0.0036863365092292106
0.005942522603153544,0.0015962062113168236
0.008717615588256764,0.0036701823611684364
0.002041887324494819,-0.0013795877587233513
0.01124262949010546,0.0033684387676251775
0.00722389337789493,0.002371860408046559
0.0048099991971715,-0.0010305610567931658
0.012277602960835235,0.008151253347547861
0.007783971376999465,0.005537745849398729
0.0032100111642310095,-0.0018473672731706917
0.007954524141178167,0.0035330656209325503
0.003537833219715349,-0.00021244202574167113
0.006984180604543667,0.0004033881296249481
0.006643146598076414,0.0031665965350879243
0.0039041610138982573,0.004389592028899526
0.007502859678424453,0.0050052454973696665
0.005278742691858051,0.001127746327722539
0.003650580140842877,0.002843486469009977
0.0071727792648328004,0.005427311196258784
0.007395562295623001,0.003837809618648368
0.007045323646358912,0.002074961435840082
0.006570088964859682,-0.0009317946986307276
0.005391446780703516,0.0018107806159991273
0.003377711933996101,-0.0017505596727099646
0.010104615638359925,0.0069311093973701094
0.0036748002294993126,0.0002777989694802887
0.007445371618619037,0.005040661212485328
0.0088329519418567,0.005108274536425518
0.006191921029378895,0.0011427325817822166
0.010004726698423921,0.007129676172983728
0.007225284631499625,-0.0008890836489173059
0.006721474881327377,0.005482756831661105
0.005925612796347601,0.0043171903703593615
0.0031102506409409775,-0.00365690636012284
0.006385013444650602,0.005942054545232199
0.007720174488882619,0.008052405272877271
0.006877938214883779,0.003516746506786461
0.00543490211537459,0.002045904896971455
0.0062678631485834375,0.0006307733932412584
0.005143051308324511,-0.0011725228052043906
0.005044548249758998,0.0028851352391735356
0.005207023312548994,0.004150880193959295
0.00941331177186857,0.0037326086331778245
0.010090637441727337,0.006181097589907695
0.004976312420265457,0.005451856769087853
0.003860445488841721,-0.002316876409277309
0.007079112587878494,0.005177359686816518
0.014699622375309777,0.0051180165257162895
0.012647899250941598,0.006556385793046097
0.005542674477942983,0.005146817916928708
0.007347571600262916,0.002505642204335614
0.0037701501128225255,0.0018279453004417627
0.0049459740480868935,0.0012234676910528345
0.007099025846298125,0.004075810856808663
0.0071254441751953425,0.006014179557682261
0.007882663005773958,0.005069458069138372
0.00848141252635717,0.008347669901192142
0.0046789645451082475,-0.001314400852232207
0.006820810275127593,0.00328745072193051
0.009356426695148714,0.009098038208032129
0.006950774798485545,0.005814517360015101
0.0052562284534503085,0.0018146175962470232
0.004513489778951198,-0.0013390327690581353
0.005444070630819844,0.0017880638720470252
0.009305000829989248,0.00398563193096353
0.013375235468315197,0.011204968874884088
0.004609078087534596,0.0029863542007721863
0.005935461118124983,0.003449496658431698
0.00974767278607175,0.006247748168096425
0.0066843874319675485,0.0003555003665913197
0.005591364510205803,0.002914708481030674
0.006381419810422797,-0.0005078288038407059
0.004796395782144162,-0.0010934695338782512
0.007355936784723536,0.004701128406484219
0.005328750595781584,-0.0025064714801942053
0.007395948239364078,0.003855551579876081
0.007921194381734949,0.003744329873626196
0.005388733282802048,0.0001772487889652322
0.0052661289100085044,0.0026358945731647567
0.01062486969405602,0.004729547752273278
0.004362632161289669,-0.0015527438231445253
0.003693204094768355,-0.0033853907449950746
0.009046823770320466,0.005256060539070894
0.005333375472162214,0.0019451542208602651
0.005691131922226947,0.006794752566919623
0.0041057923773415595,0.0011869635178226833
0.0074222979385353315,0.003993176629971195
0.005352178931257163,0.0020923389934459176
0.008695306893447573,0.003309427965644443
0.00803062705171431,0.0034314362650927546
0.004541076604579167,0.0015132357152188363
0.006789377670428207,-0.0014663712347101595
0.009298857508644193,0.005287934010588816
0.006622553707526933,0.0005038598013521935
0.0061327335398719,0.004006157948338966
0.00543030623631949,0.0025459816226577813
0.00585290514813409,0.002313188339022861
0.005129820489959789,0.005694452487000893
0.003340168875172302,-0.0035540938870740587
0.00530536069277307,0.004490771752440697
0.0071995851914462014,0.002082098268876207
0.006197475420482224,0.001409494152624302
0.0034502304159647447,0.004193667632853425
0.004977879403305794,0.0021334102719146684
0.00847790794248309,0.004925947020143892
0.014803021660236603,0.00692188905608648
0.004694994937576093,0.0018762862692732413
0.007859372029098987,0.0029335250187411573
0.01005002306327142,0.00935844893331778
0.004548171420513803,-0.0013128538129832763
0.007467682710769244,0.0030035069348630554
0.004677923078803351,0.0018019093885739247
0.014513322654245408,0.007584449432562064
0.012743215558091133,0.005104127051103616
0.007223077535061641,0.00495743885674449
0.006458934724933181,0.001976028073904944
0.012549116894306588,0.003674528547214008
0.007699606069297343,0.004302397565836592
0.008621285507380925,0.006247809614023146
0.005329114342276382,-0.0014624953940735475
0.006061055138061695,0.0038516642804727174
0.006115058644352785,0.005425089296795744
0.007169633867863955,0.00345140659822197
0.007745217808210231,0.005798220224662692
0.004467041265399247,0.0041723228916837425
0.005333375472162214,0.0019451542208602651
0.011412235331566416,0.0037218423527630006
0.0042543805753785515,0.0010331023689109046
0.0033611268795371574,-0.003984077857845305
0.010754014014212016,0.004080125037429068
0.0009576782760377846,-0.005713843823438005
0.0060606831136405855,0.005535445685590437
0.005071576346835709,-0.001054160830634988
0.009927474874704231,0.005140940166333416
0.00764912548138433,0.0021584547681599633
0.005087348754772278,0.0011849379194415373
0.0025187317722857715,0.00161209549134015
0.006109042334459065,0.003279707551095157
0.007109086986316081,0.0014564197204432845
0.007512727611063114,0.001990489055366771
0.0020850974373137453,0.00028959514870766437
0.008467648801603769,0.00481562359427677
0.005486773555804287,-0.002892056008355773
0.0036260748129370354,-0.00020460111752221982
0.003547765935715229,-0.0035940135795460666
0.006809369232063656,0.005159298917249177
0.006148046011322136,0.0027665124401206054
0.006365544298459703,0.003969507392159733
0.014771084254718696,0.01059889690455775
0.005948242504955124,-0.0024138990752680754
0.006939682235096825,0.004391999798661374
0.005150285891785019,0.0024826963877824628
0.0017110302309919613,0.0013656865778590528
0.010241052351188934,0.004713285120759277
0.006782009573697479,0.000367853990789418
0.007395313993414242,0.005289416254602186
0.003966170690125232,0.00202680891090017
0.005412147131686343,0.005959616962003589
0.01130406617418338,0.003938133167941943
0.010355423956921196,0.006867876218841339
0.005370336911157475,0.0042987489915232565
0.007850901797853617,0.005533178806027132
0.009381759458768166,0.0031172030093301545
0.009783882354960638,0.004096903664579822
0.010257156826204109,0.002551039090312221
0.007494567989295706,0.0015564030716882643
0.004295659991528847,0.0015974695593065314
0.007484419445373623,0.0025850773507719426
0.004824776107291903,0.0028737191000563324
0.004724215018047707,0.0020718409554069854
0.015975619604169156,0.013145164530814829
0.010145124280490766,0.005814515968308716
0.007966867865713888,0.004079317944193725
0.005413734173076054,0.003114489505087155
0.006264877365141419,0.0010297468342455804
0.0069833516869793055,0.005226608016261413
0.005131234000278718,0.0019744472749808548
0.00696364438948526,0.005486707695575367
0.0060664703743064366,0.0029896998988559083
0.005470300828610648,0.002349416409629098
0.008150645185185764,0.00385436519174642
0.007707247308521443,0.0020847352066156273
0.009615660901801411,0.006097536297640817
0.005142978221511926,0.0020950602563879935
0.00473696679136913,0.0018728856487112214
0.015785102549940172,0.007011815672042456
0.00880655854920551,0.004874932441061116
0.007738000476583911,0.004692047797523455
0.006025838922677005,0.0035693596803546244
0.005865923403000854,0.005249353312191754
0.003751890776652676,0.0028468992224479706
0.006640807997617544,0.0029790885372851595
0.006112575430712153,0.001250846243119881
0.006342507143575161,0.005003817052218208
0.006385013444650602,0.005942054545232199
0.004077429264538143,0.004350832972150355
0.00757350465720968,0.005518283772309877
0.006580037681536552,0.0035708011792595787
0.0065074716512378795,0.0013764465771378175
0.009031881062205323,0.0051094098816706615
0.012292676131354277,0.010889492537831908
0.0051998131103450085,-0.0005715941872715263
0.007255453717118577,0.0054771345421881605
0.00625214579029026,0.0032010055563967575
0.0073619350900356205,0.005466913864780958
0.004204513031127633,0.00290627657906842
0.008305546980649156,0.0046665797255423915
0.010224852572197518,0.005199122879168606
0.011788155264981129,0.003832375452908508
0.007943593027685648,0.0037426601629242384
0.010104533318962773,0.0054369763589067555
0.00944889517321474,0.005287300105948701
0.005890374565729656,0.002958091682354556
0.007402005016810095,0.0016621316978946803
0.007374015794092919,0.004978635633688961
0.006281312494852816,0.0052337799157203616
0.006374286772079822,0.002044809879349926
0.008153077736311517,0.005632904929376466
0.0040181001387984885,0.0012178705021380735
0.010570967714870535,0.007956106009607925
0.004547999974202863,-0.0012364115480195791
0.007782317362114907,0.006364579800620517
0.005007587697082652,0.002420177751742786
0.008926262983173016,0.001640489740679021
0.005235760425963532,0.004303438282831854
0.009230267994714832,0.0038388475095442447
0.005032875408942764,0.003037576043069784
0.0044719085388700095,0.003959055560140371
0.006795183575674685,0.007920131733865394
0.007645954206801557,0.0066320988475688444
0.0054542834140221125,0.003884958118902238
0.005161145591106589,0.004119784258621571
0.003806115393316987,-0.0023066670594161284
0.005793930201152863,0.0018228789571088436
0.0072886112712392676,0.00545074314859873
0.010953914469339607,0.003753127018594502
0.006237619054782541,-0.00013562868136108002
0.009145917406101309,0.004630429282013734
0.005985905449722733,0.001895459076785318
0.0074304926793276865,0.005545088820533468
0.005439357499227685,-0.0007483611767690364
0.007100678313068099,0.003469244744572219
0.005143480169337183,0.002743083224074621
0.007310101634178395,0.005132027379866641
0.008912296797508365,0.0038081838580794653
0.005453485778728386,0.005262115634882624
0.000600755631753427,7.3203654691276e-05
0.0057261098992835505,0.0021686193038494787
0.006045767946856125,-0.0007026414439578682
0.004371081836742958,0.0024551059175209914
0.006016020508444608,0.0012002302906544554
0.0006581045354999704,-0.005728157347690745
0.004934424016892328,0.002021576980554258
0.0066833912367119,0.0038946504633233115
0.005043051300583419,-0.0026444787013624807
0.00561396437050955,0.0025529120792416636
0.005052968471932342,-0.0007679230403234332
0.005144794263293872,0.0024881156652986035
0.007684120739244352,0.008056642564106122
0.006986401979311182,-0.0009555610016157446
0.010032668006565194,0.006281527988688148
0.007256028700960173,0.003128126674059338
0.005869300293153414,-0.0023276393243668687
0.012325453160036243,0.009008168453854125
0.006237175508113156,0.0003369379067416859
0.006426082503705893,0.0010519928482913008
0.0049408076454920125,0.002290832840337891
0.0035266757320416044,-0.001718838547593477
0.007152997234057511,0.005486396327040805
0.0034642973181975845,-0.0009979575282295424
0.008104400312454393,0.003661904958351066
0.005988678007066542,0.005504769450835675
0.004502152653043937,0.002246752097216427
0.007492521949055012,0.0004672387759668724
0.005822391493327085,9.25761520653625e-06
0.005206412385953941,0.005030919173912235
0.006916447698566787,-0.002013291414440026
0.008453910306585481,0.003477690235628158
0.0075879695834235854,0.0017140497923543892
0.00821608849549245,0.003126793681277492
0.0010885753892792525,-0.005116435334540223
0.0044309747848150175,0.0014980751129233007
0.008247199009798941,0.006750341206964272
0.007373173025275377,0.003941388449297181
0.0071889926200729625,0.005632592842575366
0.005427894705849213,0.0021891466445516598
0.005189251460249956,0.003148185040033621
0.004230426832524663,0.0014393324364003375
0.008420646582448673,0.0024560082248397865
0.006132708170455104,-0.0022441985712802863
0.0026828624798449965,-0.004976744522792629
0.005122150864956129,0.002819970084033295
0.0028373316428352254,0.0031850422678343484
0.009105469422758871,0.007582627809261234
0.005263621207450909,0.0024618757391754653
0.006822880459967949,0.001697585939545266
0.008577397847657108,0.0034143885381561134
0.00877056178306481,0.004158521660145316
0.007671798647958453,0.004579473824395965
0.006751251305579278,0.005394257897905473
0.006423621964328125,-6.470667406874644e-05
0.008134693653832325,0.004543646600122475
0.004900591419121549,-0.00044889249718585433
0.009620681341141468,0.006346043646670014
0.009663189327327746,0.004936390295341464
0.006346574253235265,0.00023944942929975295
0.006993669461107207,0.0024457997378326468
0.005826603006217436,0.00602636388956153
0.004706719982076472,0.0002691361891877988
0.0043300631385389645,0.001524886836773878
0.008514806009423632,0.008376347995099304
0.0085494050844063,0.007888136303767881
0.007079992332859473,0.002730694169537678
0.0063151350300833615,0.0020913835666108048
0.004784484788109682,-0.0037493053687510033
0.008133241437794838,0.001173580288525009
0.0085691721976856,0.0023643820583738933
0.007917775153664701,0.003360082126200503
0.012682487625952782,0.00860161046068051
0.008030951971362554,0.0012837108822341525
0.003850135590828906,0.0003399300520571715
0.002010950794171542,-0.0040622442830139435
0.0020850974373137453,0.00028959514870766437
0.005559801123435566,0.001879544763121293
0.004757131932847839,0.0009779277792840834
0.005036311340671231,-0.001417278672123528
0.004452994497543354,-0.0012533045350458611
0.004521821921196573,-0.0014486972921012049
0.009175154717253274,0.0037299617548811905
0.0066505980876280756,0.004110722236688772
0.0076432945053320055,0.004107010005443373
0.006278727290054724,0.0025766875716251546
0.004491152451342032,0.005964221550968477
0.00695595076492621,0.0005601285971782739
0.006098598121539681,0.0008497214351963905
0.004906987417314779,-0.00019147209876137564
0.009583609490871042,0.004346640852628682
0.003254871575574014,0.0043937016321702145
0.005271843886513033,-0.0018236284355538004
0.004285628758658221,0.0008126422347540701
0.005715176895344619,0.0027787656324170682
0.005786978210162053,-0.0005100084985511424
0.0018879646533831833,-0.004505156095636637
0.004522384865082342,-0.0016419883639000018
0.004214798803179157,0.0012635446005914153
0.01124628151004411,0.0068058176061625095
0.006345121600008654,-0.0005607271343499908
0.008657002918004938,0.0015898466850415962
0.004668435808416976,0.0004342552603467057
0.009698580562621361,0.004765034311788463
0.004179620160226715,0.0034923587346176446
0.003421951074273377,0.0007290581211139985
0.006088596069553592,0.0029578001249102454
0.00822954526738965,0.004096324177989552
0.008519644911320833,0.007315398000887872
0.019427966244309765,0.01152923561475625
0.0030741031805381425,0.001172700871495973
0.004462038141538695,0.0022404273381376573
0.00510638457717977,0.0035301829662872626
0.004337721276321133,-0.0003119230157578503
0.003886837167834373,0.0027165365632447003
0.006691311225528318,3.5463055261601185e-05
0.012999382763390657,0.009362888496514218
0.0047205450626252535,0.002485076682027217
0.006590767601507172,0.003950032469921234
0.013531855438030229,0.007126109978260579
0.007304122307854992,0.004023321331609352
0.014325751968528875,0.010332629417843358
0.005540916087658767,0.0018732498225616772
0.0036388021266043156,-0.0034756645664756405
0.0058054243773533794,-0.0003398476827553452
0.005053577263289531,-0.0013735025805532725
0.009442701438083295,0.004258304656519644
0.009124045966482365,0.003768697270393315
0.008149072477092466,0.004138394252514402
0.003595868931512633,0.001104071614865542
0.005468460185351463,0.0020752190582148475
0.004606349463055649,0.002332324672630024
0.0020850974373137453,0.00028959514870766437
0.009711018911921103,0.0052804308254133
0.0056930485208586765,0.002824075192653411
0.007514862638831292,0.001956864574620497
0.007468711988492959,0.004988460509295443
0.009843032294511885,0.0035103739696747812
0.007585892429560953,0.004988700752071062
0.008579950611778011,0.004084340696225798
0.007696432549224094,0.005011740750675525
0.005267022889414646,-0.0011457521351611122
0.015076985566125932,0.012523319982600211
0.006067139612735596,-0.0022793270847162057
0.008462752678824018,0.003952146612475253
0.00581458535779374,0.002258637746916819
0.0035456606905624726,0.0011696334969128423
0.008119913228481854,0.004981669115647737
0.008324211262233107,0.006206152142951071
0.0086844591598597,0.005531752790337578
0.006598540755224605,0.0004269623471581576
0.006648457557928232,0.0018330216091613036
0.003421951074273377,0.0007290581211139985
0.005994483206967342,0.0066052216540589915
0.007966867865713888,0.004079317944193725
0.008008415694850928,0.005201136768939224
0.004541051621805652,0.0034934155766455166
0.005550263838488107,0.0032908120861511927
0.008853883814180388,0.004976854299757037
0.004469703453807917,0.0016881381026110833
0.007696432549224094,0.005011740750675525
0.0038438918959529085,0.002835241422752411
0.0058769790073076944,0.0027163501299419775
0.004415673957160136,0.0005633507171992694
0.009109615888853277,0.00903736822763428
0.006174530371587557,0.0018691945632100491
0.007171092497333245,0.006139437706131981
0.007899472338296222,0.004660592508501843
0.011133979953226321,0.003731939369535099
0.007376783427210859,0.0051439313400543675
0.008544741322007207,0.003789394808168906
0.00619015306436513,0.006655593768676766
0.0056301314938585634,0.0017668971593339088
0.006873605286093833,0.0025548102295214186
0.004459107951112405,0.002207780866263327
0.007325480872689288,0.00371471275649638
0.00948647815577889,0.00560876079686871
0.003299137666217429,0.0008635859999763257
0.006641110369862465,0.006192425160153865
0.0036661512752450068,0.001071681169612499
0.005251226841810576,0.0023422782536065626
0.01413703204657414,0.005535971097212095
0.0071332428167210325,0.005029962488121178
0.007817597607639764,0.005538449637986179
0.0022674619103031264,-0.004422643669739963
0.005066187258793207,0.0012034631466651697
0.012874417631794552,0.009939018117842473
0.0021172914122352428,0.0029383433699217663
0.007815525209476527,0.005015265418783123
0.005133625694687097,-2.9114698110191406e-05
0.004585129759147818,0.001086588881643655
0.006263789003348123,0.0013952196550323787
0.007084174355878154,0.004748387387600687
0.004900972614159576,-0.0007420455171925164
0.005409178577879461,0.0031380439054662567
0.007158132759958304,0.003024497477681883
0.005803786637006623,0.004420180960675195
0.006112575430712153,0.001250846243119881
0.007411761057325903,0.0046104864708659465
0.0057019950960481465,0.0020225785658641617
0.008652178336484032,0.0048868704122379866
0.013361434467375144,0.006976648456404746
0.007921682139451013,0.004871075492749166
0.004004164093341304,0.0013164449765918516
0.0050022507435840465,0.0021532248454313417
0.01025087440176585,0.007834134007812217
0.00844224306344952,0.0048053991867194334
0.0036908552727403067,0.0006029707760961504
0.0063213017778708525,0.002163947401161227
0.005545950683016387,0.002071933580064961
0.007346208309168439,0.005796476596298811
0.005922078421328819,0.0019464623525188175
0.005985866454502073,0.0054227368058036044
0.006883033148347244,0.003045343494943351
0.008523292151050748,0.008156566698493383
0.008201514008864562,0.0027628125052337506
0.01327155803621027,0.008643989252378812
0.008452486736103352,0.0037154127734009795
0.007058019946735799,0.005847530496547056
0.014081739767964507,0.010729253872275746
0.005233182144859785,0.0027935735716074443
0.014763973172777101,0.010080051744705896
0.01624362293892884,0.007506243447392914
0.007595410465838645,0.002926142085706432
0.003821723947302154,0.0008325147348636278
0.004061102061780253,-0.0013710107568840144
0.00811107963269952,0.003338107792079545
0.005303044676963648,0.0017312127695867027
0.002517808792036221,-0.004700432713386174
0.007856171717213176,0.003518173361891797
0.0045715702873944785,0.0012207740287959422
0.00920742119299294,0.0038414988837149923
0.00808184874201372,0.003792124201044817
0.008434550459576483,0.004899017609683892
0.006844653488978022,0.003217510595771937
0.005365128488181198,0.0015189903906575762
0.0031935989978553597,-0.004305899270564437
0.006568640237905488,0.003683733735477831
0.004397414100667173,-0.001896455284396443
0.0035127175748399363,0.0008820339157271963
0.006603127151522844,0.007728338523251491
0.005026268156302946,0.0014789182671819103
0.005716995066396275,-0.002425862509711288
0.006388218680892521,0.003994876036479835
0.009927474874704231,0.005140940166333416
0.005108062960585043,0.0011592207398530537
0.0055798920424051995,0.001914006222693416
0.011374699218008143,0.006388868151564956
0.007671798647958453,0.004579473824395965
0.008848558722536991,0.007606040639669886
0.0028577288884175317,0.002850861029110692
0.010817351572721689,0.005708160259329274
0.006871381619265766,0.005957603742769554
0.008574796660438467,0.0033163143793231943
0.008075177185976869,0.0038876197714907057
0.004086330059549602,-0.003807960531029003
0.010525675863808011,0.006421633440411257
0.005439382002195677,0.006373443618259866
0.008401610600757592,0.004824383190502524
0.006395163681952502,0.004509491265089493
0.007843575023989156,0.00442325909853377
0.006930128849234914,0.004594022402815019
0.006087749304458495,-0.0007790673961644845
0.014168452188410582,0.006980724461001354
0.00935430826427239,0.004732741503780086
0.006859406806129063,0.002568218576226749
0.010099744759231812,0.004761161837284327
0.001959331433289895,-0.005105794291021055
0.006765238376782537,0.005272900549618107
0.006971842899079289,0.003917821750027974
0.009587764819659816,0.005190506904339176
0.003393752522634923,-0.0035175594545002395
0.008040091798040909,0.003552744663547065
0.004609281753236277,0.0022327990209692356
0.00478431140115996,0.0017666537417591653
0.008917388217680159,0.003814484671276533
0.015178835913925107,0.009902191902151115
0.004525922266707366,-0.001100857900142558
0.004363186751527064,-0.0018611312532718551
0.003806115393316987,-0.0023066670594161284
0.006181021935776049,0.003503953464105175
0.007909983946193456,0.00456903286084056
0.007164214366709031,0.004888831804261317
0.006780173240927183,0.0013562836522817406
0.0067997026073067885,0.005896750718589221
0.0048159367019794345,0.0021706744270756015
0.0073620541718364,0.004177943436920297
0.008534313369463555,0.003925984747118423
0.0061198463014544655,0.0003704271182988685
0.009647751055583879,0.00440234361613334
0.004984086616749848,0.0056480465746735105
0.007481859926183437,0.0056023543854827095
0.007856732569176031,0.005153107470405356
0.006393872004536841,0.005515285922705578
0.007528460900518601,0.0007127249763509416
0.01136778799679787,0.007203401830368009
0.0011438420084968846,-0.005021499764488981
0.006397361471858736,0.0019953171541150522
0.00403603098010364,0.0012881225750189813
0.007782317362114907,0.006364579800620517
0.008205097227613724,0.007234683464134157
0.003438380755976898,0.0030217824526007344
0.004271141012904541,0.0011792553493893444
0.005686621825743178,0.004679324498487474
0.006665405431793035,0.0052362469078059935
0.0061327335398719,0.004006157948338966
0.018376161709321086,0.008702766532298546
0.01995957437631003,0.012370000494220202
0.00843850703599329,0.007183868678464834
0.008300215508413877,0.004004374047589693
0.01571608480903792,0.010478221528700545
0.006648457557928232,0.0018330216091613036
0.0073853884232782255,0.005377563530219014
0.008530750290775725,0.006130638182020507
0.007595631939689707,0.0006269167524791423
0.003616665188380776,-0.003775453434441028
0.0060664703743064366,0.0029896998988559083
0.0035352963189674187,0.004029158239196851
0.006568640237905488,0.003683733735477831
0.005102201354954685,0.0014980401782688753
0.00670630436327352,0.0031808898471303634
0.005098487798356888,0.0024333268788589504
0.007994541334411263,0.0031251452683051153
0.006204412166514331,0.006818492841016526
0.006933083076965568,0.0021755148240822
0.005456282038458569,0.0029261240988376685
0.0055623503187894685,0.002061991192516298
0.004234610546168429,0.00483394843772818
0.008348182578081013,0.005113252307184646
0.007893102375980577,0.0033271704256983953
0.0030741031805381425,0.001172700871495973
0.00848141252635717,0.008347669901192142
0.012971017629621245,0.009045582112934346
0.007013650038588737,0.003310847943335954
0.011315019846197916,0.005410769607137333
0.008526172338771358,0.004981737654109279
0.005557805362553694,0.00621793229921184
0.005658389880743913,0.0033004123887972314
0.005825529258518478,0.005495958851016113
0.0026085534533616863,-0.0023251570670597306
0.007369679773159956,0.001608251337563535
0.011284542309044547,0.005861736450116001
0.004784841257162223,0.0007644255804002348
0.004641964326279981,0.0010084984048848947
0.0033764256763726998,0.001333872281688176
0.0055623503187894685,0.002061991192516298
0.0062010809257799,0.005578245677987804
0.007292992834023718,0.0033691744398699737
0.006640989785916014,0.0009566948207215212
0.004949237649244447,0.0010962294056497159
0.011194573741679342,0.006932071681456267
0.006846596308489637,0.0016592980540906166
0.004355967672374755,0.001591043232080926
0.002791484500793533,0.001203970473276709
0.006617194372910984,0.0004595651266297695
0.005165188174923089,-0.0036471535214057348
0.008621285507380925,0.006247809614023146
0.0048327156477678,0.0030141603929507666
0.006761336505328994,0.0037554603779496806
0.005831427266359844,0.0007604477642521399
0.008569259549835869,0.005428290723590747
0.0061810058861392625,0.006152636294025994
0.005319836696173173,-0.002091218872753143
0.0058743008571288825,0.001345015296331617
0.007370067544842554,0.0033255371005516243
0.003916806299475118,0.001230700138877847
0.006624831878069991,0.005338274677970465
0.006502621344896631,0.0008813444655383588
0.0021486491651666485,-0.005605294658782716
0.009619495889430186,0.005264932996878217
0.011111741325425679,0.004489918284466692
0.011178731134366012,0.005249537808426793
0.008204422760568762,0.00337486000153437
0.007801406165623382,0.004433647352882496
0.00774574851142919,0.006049745620689907
0.0088329519418567,0.005108274536425518
0.006624140994224888,0.0035336823215987934
0.006752487108683212,0.005725551814250443
0.011150204404134313,0.006175703910445174
0.005823606155583116,0.002495817324467282
0.01754685129485522,0.00904619346162442
0.005581242479852623,0.0027801609742348432
0.009410796971225217,0.004753238942950339
0.00747589262805444,0.0033828029522855827
0.007614922738846881,0.0011720826471816811
0.005729269540856396,0.0022794989881633866
0.005244088783966886,0.0011492406154742993
0.006430351427316044,0.0006734887624839951
0.006799632006865096,0.00406794827413878
0.009054480239868453,0.006565688446391259
0.00894717454704513,0.003822536234207248
0.01082192594955772,0.0055692068151118905
0.0012525444228390992,-0.000928651138791755
0.017225476376292365,0.014252382872399764
0.0074304926793276865,0.005545088820533468
0.0038910707081062958,0.0007428496257661805
0.004048459355963416,-0.002048341403461773
0.0045554993575754425,-0.002010677408401774
0.004278925926418952,0.0012139313064835752
0.009900244514286482,0.005737011345742834
0.007073296700162652,0.005152016741856303
0.006109042334459065,0.003279707551095157
0.00696364438948526,0.005486707695575367
0.007129745661882809,-0.0011250628234317807
0.005035124404390033,0.002007288190771027
0.009307406192012256,0.00491028077739389
0.004641913362557733,-0.0015104622631188641
0.008962213277695842,0.005177392035257638
0.007727406944105287,0.0020853156351338838
0.0034908522716405087,-0.0007464940284251306
0.014009621697162475,0.00983396058657356
0.00694446701594097,0.007749134840276825
0.0045554993575754425,-0.002010677408401774
0.005867031055073456,0.004208486872516331
0.007948165536007717,0.003117863097051971
0.002237879086350679,0.00016115252154411813
0.008523292151050748,0.008156566698493383
0.005359654382362168,-0.0021950676661000312
0.004489019079385181,-0.002509540753768473
0.008630660962335033,0.0027592914021598363
0.007410188959043835,0.00136575138286202
0.006195122539814606,0.006881423472891986
0.005404070855440263,0.0017243994434115095
0.0056293944105720445,-0.00013492450464171364
0.005135306111952596,0.001461343841802392
0.00529935724783098,0.0016666652705668384
0.007361755191399424,0.001681722990838486
0.009090205767572725,0.00430825812483362
0.006870199633477245,0.004600733053879178
0.006028736798784218,0.0034832690791585423
0.008752293385852044,0.0027672383372733212
0.014321046037983162,0.009810642493047304
0.015469940680278765,0.00808100875958947
0.004122505541213749,0.002753181054943028
0.005149583850152914,0.0022038370465657826
0.004473801173466624,0.0033994059320004363
0.00825028119663063,0.004041183633254354
0.006724600627317377,0.0016319534114408807
0.006390189034018815,0.005146477076310358
0.012948570758312166,0.007104938500857622
0.006092742083496616,0.005302117410450301
0.0033485453314028597,0.0007533589137805972
0.004535558384533951,0.0014078644933166852
0.004471493085781711,0.0013853840303362308
0.010939223268210493,0.006593479365953723
0.010216677769947504,0.005908498753131316
0.00428971025928264,0.0014611837420424123
0.005983050261255325,0.007523567574905347
0.004996301537838928,-0.0017468967717672946
0.010098455995965979,0.00514476000918427
0.0050333442776353725,0.004404251625717728
0.005053577263289531,-0.0013735025805532725
0.006184510992082133,0.003274305368485244
0.009341519995922396,0.0040954661216698485
0.008604709791390459,0.008482580983576942
0.008803058390704587,0.0037842903577251594
0.004178047452004209,-0.0019689245586785803
0.003612793011513238,-0.0036356774653997894
0.006419285460026068,0.003138219139864707
0.01092738799058324,0.008617886094408448
0.0030880098354175572,-0.004324336181755
0.0029280130671572825,0.0022862950369959946
0.007099319523160483,0.0006888038358209307
0.012954411538757201,0.009179679005438118
0.004879849614608894,0.00048229453139651476
0.008930723629602361,0.0026753127758735937
0.01153882578580629,0.008631469776766165
0.007607686666438185,0.003993518520153158
0.007899472338296222,0.004660592508501843
0.014365524284998129,0.00858090701861045
0.003943235493294487,0.004812170306953465
0.008332869282124044,0.007372775606374038
0.004243918324107644,0.0029485357003028465
0.015846314185327927,0.009195928012455399
0.009189980030828037,0.004865983085030408
0.006963186148608293,0.005166698620345983
0.0026374549092342357,0.0017012247366696804
0.0083550695113086,0.0040696054112021336
0.004240868197008224,-0.0006370663921410405
0.014090858200448617,0.006991634195347065
0.01179672665387708,0.00545780228758473
0.006172124135294614,0.001980334883330977
0.005752590257119408,0.0037449899249050083
0.00684946033314111,0.0018351337587180026
0.006549435221407812,0.005673161768752368
0.005978375930317759,0.0023468520827527135
0.0068708255845327335,0.004006251512246576
0.0049079138476756795,-0.0014616563388077358
0.007893102375980577,0.0033271704256983953
0.007181063191652782,0.004325899107227461
0.005428684231460004,0.002300698266045226
0.003993018021777005,-0.0019219804477077496
0.006065718249993121,0.002820050989344133
0.009136288245841647,0.004528217472357477
0.009458047362460505,0.005804098431230905
0.003508194795338546,-0.00011415445536013848
0.006490988808016554,0.0034754244574390462
0.013961213849566417,0.008909225355105799
0.006690764109055468,0.005313731971103375
0.00675409397467914,0.0006593606559986082
0.007198238039484282,0.002661978934923111
0.008280004282820955,0.006675602885238018
0.005278039443399652,0.0020775811383228924
0.010268825043881316,0.009367429349953374
0.004467041265399247,0.0041723228916837425
0.0051808469850715775,0.004408169607441902
0.00831716078531498,0.003980307173583333
0.005483938249832112,0.004754450354963189
0.0047500548810016545,0.0024872249044957306
0.003829639737587538,0.004277970471134577
0.004085626483051259,-0.003778910653633824
0.004167584038535296,0.005783028087638471
0.007097046223760417,0.0007564504478808666
0.004362632161289669,-0.0015527438231445253
0.009490651309713917,0.005213126811846854
0.005252183458247489,0.0017502815208873517
0.005766922102702668,-0.0006956724641818384
0.008045871277428916,0.0038441414692979296
0.0071712513756758325,0.005374046442393766
0.010293102036000111,0.004118239634384489
0.006869638546814369,0.005260552767962971
0.013407918451472977,0.009559857804841329
0.00499332190222967,-0.002354578007238951
0.0042725275422322,0.0011379943202519983
0.008934661742899789,0.004111291377553067
0.005889240743470414,-0.0004053476112437825
0.005507648980896719,0.0018178833387195161
0.008141289799270996,0.0032679067447394135
0.008204422760568762,0.00337486000153437
0.010050747442324124,0.006827123647597178
0.0066509449947069485,0.0037799330693255645
0.005465837320661592,0.0022667414564498667
0.003388279671261752,-0.0037623035347749793
0.006025838922677005,0.0035693596803546244
0.006985023316615201,0.0024952194041579596
0.0049548720136822905,0.001889938109144276
0.009031881062205323,0.0051094098816706615
0.004220434450220636,0.0026338047197310846
0.002651825419796321,-0.004938414270170955
0.0054780381351064895,0.002477240987249706
0.004421753170147903,-0.0015795899302384585
0.008106342657366367,0.0035418768820792046
0.008799265932470525,0.005300469900956224
0.0073124054827182535,0.002409879439903696
0.007208062838925383,0.0031107889993021633
0.006083637125432829,0.002803184943128743
0.005327053036532726,0.0026658773912172197
0.007255325781230593,0.002820124090768033
0.010041333225421703,0.004872976322091857
0.00518910864715819,0.0011923897657593937
0.006227993806740069,0.0006169892989957085
0.009867539648701473,0.004489915536194083
0.0065008217466089,0.004770513598119671
0.005825955057843,0.0013350789006169065
0.004578150894782435,-0.002060619285788424
0.005385111172339413,0.005285380754245993
0.014960367148581103,0.010936295895712796
0.005291574461658566,0.0020408748085723747
0.004670448187782595,0.003604591130876263
0.0065008217466089,0.004770513598119671
-0.000778431792045493,-0.0071402116127660025
0.0057013122972065,0.001447244512727608
0.008947165088056295,0.006731873525605194
0.014387762730123738,0.0100782017445128
0.005853149383201027,0.001497670023298093
0.015113105157759833,0.010985828386281602
0.006426995839839726,0.0032375402485181797
0.006628070157792532,0.0017389494483967313
0.004670581469649498,0.006142920543416178
0.00575463093851065,0.002075608644091614
0.004389440727995589,-0.0025591272068678063
0.011967051854860819,0.00416649056249541
0.005319951225838136,0.006177567097089675
0.005840729423694796,0.0005290550460062046
0.006554803544998696,0.001722153749811584
0.009167836753596302,0.004449627790628429
0.007134787231419804,0.00048620657983544473
0.005074827458467636,0.00345859475980736
0.006221664264310854,0.0034310988470588237
0.008917911679113391,0.007551987241718539
0.006094789235033893,0.007524457620925289
0.004455940938604783,-0.0005346839977131475
0.006090975696900657,0.0035908556321184912
0.011970825878781255,0.0038295790462405336
0.004072856320914727,-0.002339869942193807
0.009142768352874713,0.004584536943709921
0.005575811832031216,0.002092827441335072
0.0042331287702869844,-0.0019893114837729736
0.006176086631333265,0.002256486785504124
0.0075574113011200785,-0.0017401113495419084
0.0072594648574610295,0.0025948952788268
0.008024472503004889,0.005646023683468655
0.00836443611518143,0.0028982528794880454
0.0005166823095889232,-0.005870546285764815
0.008875391882357043,0.005104903902721605
0.005609990564650533,-0.0019887975105687683
0.0036798797491164013,-0.00014770734989255976
0.005369841153561,0.0012359509231234123
0.010974575517683566,0.006642317090460944
0.0061513995505644925,0.002909396788731617
0.007502925888934012,0.007835749454987363
0.007504915359264495,0.002645145132356832
0.008958915922082472,0.005075214650754469
0.011517289195183855,0.006825193203341338
0.00622620716033865,0.0037966927675755213
0.0038942903692893516,0.0018186529668149714
0.004813593524850256,0.0005920376207063675
0.004489378828218401,-0.0035907343642362817
0.005408142080799589,0.004663464142264252
0.004520352802969926,0.0005453823428724532
0.007882804125033999,0.00482725591928441
0.010145124280490766,0.005814515968308716
0.004408302516524111,0.0004547795028635483
0.005034220929500206,0.0022429555663857617
0.00751209993645578,0.005679469815771725
0.005388165289185674,0.0061120868209950975
0.006456668569546055,0.0014271005555740266
0.00626073990898282,0.007555836862291208
0.011767343433659897,0.004736255393750671
0.0050792711711406605,0.002744068217188377
0.005820334086456955,0.002330948121651748
0.004687031896041747,-0.0013615194900532786
0.0032151013823119388,-0.0017826873055895656
0.0040315017171394865,-0.00012775840690780818
0.005760010358670714,0.003267103343950197
0.00655119541683695,0.00743814535238004
0.0030678354955993425,-0.003783898437219892
0.008103053050691226,0.004827838390574114
0.006773970808460768,0.005940861380806786
0.005656888789201779,0.006317930383381205
0.005740851534992452,0.0036353351726308193
0.005194831185723184,-0.0003559584478276239
0.003678429090184239,-9.404665687031376e-05
0.00975636100064076,0.007173944048687177
0.014969242608011921,0.008660004808212973
0.00884368984598642,0.0038089166525294405
0.00604215741144984,0.0013496357550821158
0.008552360587970277,0.006531053292206055
0.005357483278065425,0.0031117050285003897
0.0037030409708300373,-0.003248432450362413
0.005333375472162214,0.0019451542208602651
0.004043797396397391,-0.0033256574803789875
0.01252714268470147,0.008454284625933787
0.007464358131139886,0.003817535355221177
0.006532282847519096,0.003620180232204221
0.005168877507434425,0.0009127061981691453
0.005729269540856396,0.0022794989881633866
0.017531504073776072,0.009131375855735575
0.007410874794917386,0.0026283484754721738
0.005397250381159224,0.0016393296541026515
0.011780710159877824,0.0049846283877053995
0.007706101118145401,0.005550271856850475
0.008699312295488721,0.0032656120210786564
0.0068351282009477985,0.0004112920720240826
0.006515393432300478,0.0031436580965833443
0.005539878488783625,0.0023905106283771084
0.006204412166514331,0.006818492841016526
0.0036203074321016467,0.002560837007772745
0.0023436369172110047,2.5932184919343938e-05
0.007083170537389306,0.002646746990881353
0.0026822295746796714,0.00023123729084595195
0.005222771611688204,0.00408133141939658
0.005532189833430555,0.0008843645092469574
0.008523292151050748,0.008156566698493383
0.007702530011721463,0.0017725518059681323
0.009995096835315288,0.004617320258454214
0.004554184624381046,0.0019380402804998927
0.008675707927395613,0.007030301595765891
0.004089321519653664,-0.0016233827791197033
0.0055530160729046155,0.005881123075625072
0.005569384926664655,-0.002906254077076552
0.003996082935590645,0.0011830767908946726
0.013771859666680455,0.010711933102605256
0.005246584286954055,-0.0008259533047023197
0.00946108254536662,0.007701035455747466
0.01290816549451241,0.010992497294930521
0.005315931408035629,-0.0010788604561117604
0.005242857305749053,0.0011326558308065622
0.004914875975755492,0.005463065801344134
0.006985023316615201,0.0024952194041579596
0.0022755244121054046,-0.003994619804461183
0.006859914107649604,0.0020877457342453713
0.005719904584378676,0.00543502092413031
0.014035316662596345,0.010813782423581494
0.005849649725245962,0.001582722704948335
0.008150660652087818,0.006953654596498736
0.006835153878506678,0.002509573494640714
0.004745170270346821,-0.0031005953684706475
0.006052344817051208,0.0016202103991958998
0.0066451323385126855,0.005546963845074152
0.010194616129604555,0.005248904707674288
0.005300128870605,5.0970496341132265e-05
0.002675498973481549,-0.004216943799016517
0.004605976939855176,0.002088968856170761
0.009761234606878727,0.00486434702927414
0.004145826231807912,0.0011055372545884243
0.009837153965046811,0.0033575231950662672
0.009706772343549957,0.005623384550094555
0.010321283547115957,0.006936943615099017
0.00694258694835215,0.006012068532297239
0.005754515897807763,0.005688516968264904
0.005580377834011087,0.0016798079443841743
0.006118266603077615,0.00373671297002648
0.007319872164299824,0.0024268516158533456
0.011241290345112846,0.007674680554822988
0.004554828391002293,-0.001976027865642771
0.008435647513669719,0.0020479603955629155
0.0041404435229149845,-0.003405934948855917
0.006356554563250964,0.005857294311137028
0.009668091084051133,0.00644815831306178
0.008140883780775371,0.005046255092696433
0.003864992130448776,-0.0018063433037979679
0.005058824498037002,0.0017607551400510395
0.0070072522481751075,0.004360552933970172
0.004982289834982442,-0.001027419478537803
0.004371880503166727,0.004159388964062526
0.0060177588937280965,-0.0020549961055985264
0.016720873226702036,0.008008374550800246
0.006332567274624162,-0.0004274244544357408
0.005091857138371177,0.005210768247472986
0.00557091563862083,0.0029702629327960023
0.007503402400463521,0.002004273928659128
0.007697489042822581,0.0013646774414697756
0.008026872933593941,0.004708540024982099
0.0057199530784911926,0.002227161867395836
0.00942150595498618,0.006233375636963662
0.006689843827367697,0.003887180447751459
0.005597052874443727,0.0030954048405412837
0.005453619561631274,0.005290483557322352
0.011809970023084745,0.010414184697760145
0.006822533691568634,0.005931806353610049
0.009036360028802787,0.004263718681664705
0.007786185198555849,0.002720405095646956
0.0037247022622376395,0.0015030735881677634
0.006966936957691447,0.00385222536394866
0.008468750545390782,0.005409771104752416
0.004056176793739867,-0.0034941567046408734
0.004434391446953297,-0.0015071090512511695
0.004878865193493856,0.005371975023541189
0.0027460604196092794,-0.0005097035153350388
0.005711929839970185,0.004804128435887817
0.0057817896981940675,0.00528069215600515
0.005027759573143556,0.0029399057263249173
0.007930915428649932,0.004360050596877127
0.007413746871019902,0.004234996987040674
0.005700755433186406,0.0022922367575690878
0.005960499348336169,0.002968458130600004
0.006463276690477677,0.003766924705983238
0.004896268381370094,0.0023016345732008985
0.011268453006413815,0.0037405484735391938
0.0030656575747757117,0.002282727848211965
0.006172124135294614,0.001980334883330977
0.013548194520115962,0.005229558312382447
0.006226923922454586,0.006320973893438968
0.005860978771106577,0.000988366848910874
0.01595675365357361,0.010847269317912925
0.007874596779591896,0.0055335274265924835
0.009356426695148714,0.009098038208032129
0.006935093553442635,0.0032422614392239035
0.010370739333760672,0.00794827416383639
0.006832850405979315,0.0032668339092159996
0.005973179187423454,0.00014704710022479112
0.006256513116657102,-0.0012576818511601988
0.005986877285357119,0.004423108282660334
0.004347758800606116,-0.0013986907243892727
0.012254830985330459,0.004284670931250627
0.0057833791830425255,0.002479499627923267
0.007799607414902576,0.003391790276736339
0.00819437432881119,0.003333356179361084
0.005508883908146626,0.0019037591227986728
0.0030741031805381425,0.001172700871495973
0.015713829804621056,0.011678503640233134
0.007085583653855094,0.006009633212267009
0.006116289900905075,0.002900379933546148
0.003193915264969153,-0.004778548229138632
0.004177000579795167,-0.0031865524066852294
0.008123231490684984,0.0013306101325362705
0.0017154003057723993,-0.004956684636556257
0.006118553691174051,-0.0023034566227343994
0.01336095745941395,0.008164901859346683
0.006343131818108302,-0.0006619221619581445
0.003528441829443554,-0.0017195501533332335
0.015103573536419184,0.010562157676021422
0.007475705716254694,0.004767612080103685
0.003577499881697594,0.0009188168972755423
0.006089679712985856,0.0027337667099793005
0.006139152010379454,-0.000727694899755626
0.008463357621243275,0.0022303748869965147
0.007786522977689149,0.00393685480835656
0.007563216459688589,0.004239375859075261
0.0051335426144157505,0.001221493055968843
0.006154806120048327,0.003112759500600688
0.004902825821513937,0.000622514563332708
0.006198661120967049,0.002343939483803222
0.004456787035562071,-0.000735453730407138
0.004578494637667394,-5.659803711378225e-05
0.005476132247889804,0.005109489587551112
0.00799265401967476,0.004967194617013398
0.010068374219702405,0.004700117509390764
0.008848558722536991,0.007606040639669886
0.00677743135313901,0.00533287942788711
0.009363560528087473,0.0038214975220667137
0.010929188816844489,0.004045058124397217
0.008631646133755048,0.004949152879891202
0.011786793640330808,0.007333580743040044
0.01754685129485522,0.00904619346162442
0.00574435842470161,0.002238691955856585
0.0063510458093122835,-0.00044779956515885507
0.006120275451650593,0.002996930626322534
0.008917911679113391,0.007551987241718539
0.0037654961258228817,0.000998813224144553
0.009858204785688149,0.004281065564856534
0.004784841257162223,0.0007644255804002348
0.005464759276778593,-0.0016863899882262785
0.0030594774342834856,0.002090525740238257
0.010145124280490766,0.005814515968308716
0.004226883337629914,-0.0013922894203484831
0.0069035448231661075,0.002497001999868735
0.008030577692159292,0.004703822958130964
0.0031259437786681317,-0.0011855964733966246
0.013044430544677443,0.008051410422775069
0.01209076756853654,0.009008885467758132
0.0019712334136812535,-0.005366179324189367
0.012656404453069335,0.00787431169931093
0.004099619536042842,0.0010710316225245016
0.001491270766384556,-0.005598426300468244
0.007376689442328844,0.005447805230013411
0.0053507311295621016,-0.002168134239124488
0.003382570815052603,-0.0005275529521849408
0.011183213158222937,0.006523814637429244
0.004454177141901798,-0.001382511533416687
0.003982086660211855,-0.0030598782941067236
0.008030577692159292,0.004703822958130964
0.006702416277967456,0.0052890455280686696
0.007859103406261551,0.0015849686547610492
0.002263392334355392,-0.004478200436367199
0.006381419810422797,-0.0005078288038407059
0.007030764385101541,0.0007451146443982672
0.006026225155411115,0.003443662215187683
0.009975928781268711,0.0039179542234302886
0.003484170882748286,0.004707572620239705
0.0063390073219325984,0.005860269521857466
0.0074515811026299355,0.0027912064958114857
0.00568882903347394,0.0012374490429701967
0.006651631896825621,0.0032869409751731336
0.006949488813147721,0.005081000097366533
0.0030594774342834856,0.002090525740238257
0.011220187521662057,0.007262075598699421
0.009003611811113978,0.0038745495227362394
0.010146373842300126,0.004957470480210658
0.008066453115045932,0.003128416576799016
0.0018354547226616322,0.0008063441817940317
0.0072956405366990185,0.0031522475978096485
0.007245403545897413,0.005220240392338661
0.005126288266067081,0.0016689331790854713
0.006677656927708846,0.004274688354478622
0.0062454021369013,0.0003944726066695218
0.006049866546494534,0.0016490027976559319
0.00783574880059652,0.004038511648687492
0.005310678799284388,0.0011753541899992654
0.006239663077595721,0.0029396045759058614
0.005778441887341645,0.001946039725816185
0.009276127719370138,0.005072036258562316
0.006180110225748111,0.0034014498618034515
0.00531732953738604,0.006738230106476883
0.009109615888853277,0.00903736822763428
0.012002823573531713,0.007325493847558371
0.011120753984911321,0.00887418731360654
0.006622642071851411,0.004999389154533647
0.004158863558212699,-0.0037147293539880766
0.004526414432664231,0.002546087474346057
0.005117448734501633,-0.0029128993961523323
0.0071247372697478065,0.006057878705020399
0.006201033494977044,0.0023700141792073956
0.0082718490487,0.0028140778465094345
0.005086889780752646,0.00041964384792424984
0.004012197390707632,0.001487779196570521
0.008242237315060016,0.0033771026673179994
0.0074881811911878295,0.0027839138371145086
0.006793031164406641,0.0025314889267933956
0.006003744617965819,0.004592267041557168
0.009900244514286482,0.005737011345742834
0.00928937409031402,0.011327522034542552
0.007521496868865749,0.0050207797794408
0.009706772343549957,0.005623384550094555
0.01272220135679979,0.009698271031744848
0.006025328425140673,0.002025872680438646
0.006679550471704942,0.0042760974459029825
0.007516644718303491,0.005021366322197447
0.0023649437479805052,-0.000201056096376084
0.006337419002562676,0.0013067427353378397
0.004416828933191254,0.0021791221321262174
0.00566944854982393,-0.0006701153344741521
0.006977103856942878,0.003124069636164138
0.0034908522716405087,-0.0007464940284251306
0.007030522969763597,0.0022126886074000773
0.0031762617596956203,-0.0037409403016856833
0.003923581096097545,0.0009784480608398998
0.008606020608324152,0.005682087327575094
0.005825223089625309,0.005624398402708169
0.014614212589996173,0.007924551992536676
0.00788269657065055,0.005083606642267072
0.00928023967796708,0.004845581039233488
0.008107951054818211,0.004398699491043823
0.008652054399086322,0.005268086526692326
0.006424553615873383,0.0031919478067519123
0.00960817976480644,0.007063585304431111
0.0073757617070108385,-0.002080445221819594
0.00517967065877108,0.002173725234501895
0.011797712498759796,0.0073509620024798245
0.00774574851142919,0.006049745620689907
0.012486941498021499,0.008559460242516916
0.007230488307088216,0.0025838326952321742
0.0041519567208349265,-0.0005121900838250225
0.006517155026553182,0.0004822760950929676
0.010145124280490766,0.005814515968308716
0.005618309347729365,0.003167666204707243
0.00766206192255472,0.004063321408631157
0.003591411915021589,-0.0023428741725225032
0.00693059151916455,0.0009864255646721094
0.016258411378482714,0.011249342832835192
0.005288123040284937,0.00158687571031285
0.005307591249418722,-0.00025238626827815084
0.006026225155411115,0.003443662215187683
0.00718585314931865,0.0008836629297316774
0.007120581173383156,0.006399531132942584
0.007429233549902129,0.00549005869545143
0.004620644027134106,-0.0019027662806771154
0.007112560020520122,0.002524772298261928
0.005264700504714002,0.00013638151275112767
0.014548611882918023,0.0076326168297067044
0.007746779412711559,0.004778191671525774
0.006523165990150525,0.001921254563523738
0.008351450932054595,0.003758897429756436
0.002786176150999218,-0.0046990578117868526
0.008604709791390459,0.008482580983576942
0.007286058395254277,0.005453470519709753
0.005390169805278418,0.0027600061354566873
0.005012923049688617,0.000763747770557089
0.006475717185586841,0.004576788293467132
0.006315414402218604,0.003184905592084227
0.008514808413310614,0.002481350440292571
0.003025220257907687,-0.001357974067136069
0.006078309719877767,0.002206379889850672
0.006411949200397225,0.0005131466629141341
0.008098668180982736,0.0076363782543089585
0.007205683686096166,0.0037450792635421023
0.006533327990434978,-0.0005052374536231993
0.010184132663685983,0.0022029503261880015
0.009473987620879393,0.006091133384669847
0.008300215508413877,0.004004374047589693
0.0057155138872468725,0.002294520046104356
0.00868578497851116,0.007462916998895939
0.007157147673435234,0.004002091295264328
0.013231863630018267,0.010153974150333173
0.004756464675141294,0.0010985056959921316
0.008708471401885876,0.003729299087800896
0.0026949861964959652,-0.004330908563132162
0.008155384792754272,0.004390322977436332
0.006095205919226392,0.0029441956098789843
0.006435061614172119,0.0038018245915366145
0.005474105949438717,0.00235219619211381
0.004739831655590476,-0.00130313139481039
0.004063294522481712,0.00035490201537628514
0.005999411971041641,0.003982240047761414
0.001572616901904366,-0.005389129467975214
0.005495637260412284,0.004578197311004264
0.003859014262654517,-0.0032868810491825757
0.011516533015482973,0.003926832650590467
0.006622642071851411,0.004999389154533647
0.0045999976319817,0.0025826641990221626
0.002885119507845006,-0.0019991076428468105
0.009046047884488663,0.005121553992562278
0.006963477016460504,0.005075189448350066
0.004570143369483033,-0.0022420187582605985
0.0034767765786428793,0.0004996009171378026
0.00977845749429591,0.006174522862306411
0.006012845831576459,0.005564239513121153
0.014975007933588072,0.0035442857079621
0.00916482779368911,0.005216185184628019
0.007220794713701277,0.002369515977346504
0.0047231988419736085,-0.002822292330951999
0.015383336087843105,0.011843853923971921
0.003896302419353525,0.0011466990524180085
0.004731240667329256,0.002342969479683395
0.004460879501905344,0.0017273733482652672
0.00586407421639827,0.004724328492787412
0.004266078610412049,0.001051653658829206
0.006336006449839755,0.003450199815237076
0.006436148355411022,0.002971112725617722
0.01514252812598566,0.007856319869115768
0.0070503231024731244,0.0028926038121028386
0.0031044136295433223,0.0023026362075386393
0.0065187923589445935,-0.00021714225149909068
0.007916397297609306,-6.702476868204049e-05
0.011175598223559645,0.008828014103770692
0.004683076253134213,0.0026156047621074714
0.004717679225189212,-0.003126646045603792
0.007120581173383156,0.006399531132942584
0.005174354745078096,0.0014666688090584782
0.00633514730824254,0.00451114204018619
0.009504714984340929,0.00871157970489531
0.0086561047511115,0.004517779388673672
0.010435240675870172,0.004108578824688277
0.009247055524030854,0.004372831745770552
0.008053242343118883,0.0013833712673495101
0.00536422605512671,0.00213325394353555
0.007155163281251806,0.0054592465319187045
0.010003071535247892,0.005192796311095616
0.006204412166514331,0.006818492841016526
0.006317334774247028,0.003427569851703929
0.004346121319144811,0.002698594547166455
0.010087517994955008,0.007263993512505149
0.004773871360376743,0.0007863938050835882
0.009349640484577334,0.006367754347264375
0.0063390073219325984,0.005860269521857466
0.004325280391805335,0.003111691916919534
0.0069933755147686145,-0.00016419309052036202
0.005456954153427803,0.0025210566635825438
0.007178448684133898,0.0023185164286394656
0.00600582083465487,-0.0007924821227357683
0.008672385270241998,0.005783787827380725
0.008386735920395346,0.005231387681634284
0.0038305108274882737,0.005374042755869851
0.003391367739127729,0.0007349142175037768
0.01727823123190308,0.013824063587870125
0.005635793064432641,0.0019707744595179886
0.006413977137259093,0.006038776961052056
0.0069935113289724795,0.005377960863167191
0.00683178698052963,0.0036047119477892976
0.009275904266995587,0.0021615428320061305
0.008115795808574081,0.00430634057105669
0.007540688780316233,0.002447263036157779
0.008101538488915549,0.007125708260816591
0.006750516705037542,0.005872982326361555
0.008004082222781567,0.003140656906477756
0.006516851082353589,0.0005728013570108605
0.003289170602232541,0.00016753093036774198
0.00519161825638876,0.0013225351700791328
0.005963951679056551,-0.00164036636658876
0.005385111172339413,0.005285380754245993
0.00902188298769296,0.004310003410172456
0.005451396171872245,0.0014128903789679603
0.0050260197430281525,0.0016221456363985868
0.006603127151522844,0.007728338523251491
0.008434550459576483,0.004899017609683892
0.006494556672730812,-0.0016755094633829253
0.006746162022916672,0.0036870981828881974
0.009096822485249111,0.004647069721899202
0.006305272860334314,-0.0005466533976162058
0.0025361252219107643,-0.004371400461630625
0.012207202779347332,0.009790612169836326
0.00690475774259361,0.006678241304527718
0.008231021015177885,0.0035931965009778576
0.007437155295661859,0.00540275158876884
0.00633514730824254,0.00451114204018619
0.003382030375118506,0.0008374042553760171
0.0055983914921863345,0.0006652020847062439
0.0061887510510446565,0.0032445001686856488
0.008446753319080742,0.003594798363239663
0.008495571501840212,0.003307055791220471
0.00799502330364768,0.0047166977260033865
0.009005684086925956,0.0038230770779629267
0.012573421819492338,0.0055636236293799025
0.010668151343677745,0.005291046753222683
0.0028920203206609105,0.004897379634099399
0.004265242329245977,-0.003658828738993567
0.0035746861744765284,0.002711845690431167
0.007643096955192619,0.005179606742123448
0.006315765135513151,0.0025467836864136546
0.005024834204068096,-0.0010736830706681733
0.007926371609575988,0.005172832778331197
0.0038296779574836896,-0.0039493361137109655
0.007426186878433622,0.003286138499570247
0.006447926863976854,0.0031060576433640163
0.008258584269889124,0.0068573582556486845
0.008682830835967098,0.0038602414995481805
0.004523971250830351,0.001394535257828686
0.006550358217224248,0.005135962041935338
0.006235803849189609,0.005700882461987
0.004684644242142939,-0.002222931997572999
0.005985324793355583,0.005036837238344971
0.005826365853795801,0.0042038035741503626
0.00979473745488749,0.003908223984418138
0.005741714813892101,0.0009584265042078327
0.00519126393849166,0.00121753016928726
0.0028710080139825525,0.0030580282754719395
0.00567101865315416,0.002048844674954712
0.0064127401131178555,0.0032647737844686275
0.00499688041469068,0.002426829803595482
0.01173286314940558,0.0069513224778591075
0.005237316446018343,0.0022552139452178986
0.004364609774087787,-0.0033571034948370413
0.00848141252635717,0.008347669901192142
0.008450713823928578,0.006988017601661281
0.002100869863185426,-0.004269772441824319
0.0027906646066875908,-0.004260115087438046
0.007470774244047141,0.0037941673947961257
0.004805766593006182,0.0016215823556186247
0.004652309896283168,-0.0011007018365747114
0.004179620160226715,0.0034923587346176446
0.0053717314595602,0.002044758355787879
0.005435302618416132,0.001892871914999806
0.005841404089415054,0.0013919778458717164
0.006141634092252024,0.0048501215239230705
0.005394893648192766,0.0050988963437190865
0.006819461093409288,0.005361352197934703
0.007429760157375651,0.005469875797085863
0.004330210186425027,0.0014321635360111011
0.012231992919462177,0.004685749414519804
0.015376557820228553,0.013857152324738558
0.008543127873617364,0.0031230639164736163
0.015638805396772572,0.010267106614572532
0.0072954137392035705,0.00330004993135168
0.005188062477981523,0.0012319224431922371
0.005108856266773213,-0.0036766191878221683
0.008051726061012973,0.004677609100931603
0.005164024185539436,-0.001844747810463787
0.007249335969145968,0.0030440786862366053
0.011688011574870079,0.008866924718285747
0.003373219367774705,-0.00035866912512583053
0.011467947953502968,0.010337140282695445
0.004573941776271851,0.00578703053693093
0.005071576346835709,-0.001054160830634988
0.010990159305481279,0.007454297688902493
0.00474377769559599,0.00147306998793445
0.0039613686977930575,-0.0029172387835021373
0.0034502817923808358,0.0033328689474979665
0.008461541553212989,0.003729403306570359
0.009361110819582802,0.003759711404039704
0.009820379789100473,0.005748880050585613
0.005251241151225389,0.0018768992454872057
0.005278039443399652,0.0020775811383228924
0.007086813526172324,0.0011518781626126632
0.0069928487819566855,0.0014603636044884785
0.007706179288899685,0.0072362407127100235
0.009118075766322198,0.0053699643892488776
0.005494615767036193,-0.0002539918368697231
0.007261443419897228,0.0040086289205582375
0.004224450618697166,-0.001348740106886178
0.006902206144909375,0.002593373307811405
0.0038527460229751424,0.004297698052115522
0.00703219790318325,0.00518618869994651
0.00698899235352825,0.000839794195404287
0.0096437421868009,0.003857536624787889
0.004825231355678409,0.0022510826765042647
0.006167430466726391,0.004052184632796814
0.005799964065045549,0.0011280559698535007
0.00675582508810915,0.002650913436648524
0.005100421260206346,0.0025264886570531874
0.005237841032163917,-0.001073282029193363
0.005742489173992676,0.0018153832572690362
0.006779457214551477,0.004396810743020591
0.005978334529138351,0.007010814418327514
0.007882807388922958,0.0030103285915418472
0.012870227925922002,0.011381134776009745
0.0041274243205022265,-0.0030607652598214925
0.009510102192081343,0.005583806025463764
0.008149305578296627,0.0030233687560421497
0.01413703204657414,0.005535971097212095
0.003717485348640152,0.000731704642686847
0.008243381064510594,0.003669117310575461
0.006568640237905488,0.003683733735477831
0.004483508610786028,0.0011519953413863492
0.0023450053637501574,-0.004440317976881464
0.005957782651309138,0.0016801069254025807
0.0037226777468060976,0.0022576795799204063
0.005186261524906521,0.0016869829396584423
0.006669597938893691,0.0010636220594115835
0.004351982439651063,0.0020740630077447555
0.012639478827826872,0.009047687770078895
0.005703877067881892,-0.001991608912374686
0.0072920582364664425,0.007640065119102219
0.005625459757251809,0.0011824643842391503
0.003963975804450856,0.0012337876166566928
0.006295661587122557,0.003257828073734449
0.003969090108263797,-0.003599491530163529
0.009864953784703536,0.004878756037345269
0.0009906123884029748,-0.005635614327395564
0.0049034586566519735,0.0010725501707202403
0.007878349389467926,0.005898057600182925
0.005719904584378676,0.00543502092413031
0.004806185595966529,-0.0007274053283471806
0.010190044260236657,0.009465422419264066
0.004795874222063524,0.001793103326491019
0.007312195473820284,0.0033191396566350094
0.0045058826091731105,-7.612424096228518e-05
0.0037362292553870923,0.0007040185262684011
0.008072092418002805,0.005380158477327186
0.01753886789819573,0.013447747651517145
0.01153003127231464,0.004601118586899993
0.008335798217788236,0.003521917848007476
0.00494116285437041,0.005560256708042799
0.004821066846957845,0.0013064285095247367
0.006804461553098486,0.002890158349663733
0.0051699482104687585,0.00171049246713005
0.005088590053626196,-0.0029599913646074965
0.006446532701944405,-0.002057395113257597
0.007143609184125399,0.004639324501717021
0.004432643579640462,-0.0015775207737210514
0.009583120209376891,0.004461488723225699
0.0023717180838722512,-0.004758300420814867
0.011383441018880778,0.0032655289631722505
0.00788843138192487,0.006871194539408883
0.00798409553725249,-0.0015637043736745296
0.009956868896685046,0.006005219339890727
0.004708605184143769,0.00018222489349275714
0.003290377094503854,0.003516090228643299
0.016451221536018086,0.009690635545829468
0.005065334918513964,-8.670955583387364e-05
0.0045757374389301005,-0.0005851339557091098
0.006918820256867679,0.0021665615258012107
0.0068911030738599685,0.0035055320096719416
0.006972759331579511,0.0024939550941547386
0.00668444019255,4.397083091291394e-05
0.006003270020746257,-0.00048183359303821324
0.006611668044039708,0.0016154387773384777
0.009661897674620794,0.00674919722883884
0.006831256594142823,0.005438388539709002
0.007547085658297544,0.0038921172221123308
0.008577397847657108,0.0034143885381561134
0.008125619184546358,0.003939778938644733
0.0058666733252475895,0.0018672915094970904
0.013917002773385041,0.013458366144540282
0.007735447788766168,0.005660461291259118
0.01252753375338105,0.004950998109723501
0.008519497625933702,0.004401007568867211
0.002262713006078826,-0.004317268364966699
0.0067720205082610185,0.0017008587204075318
0.007073721547130443,0.005403266747380496
0.007933514147210007,0.005840158281504706
0.009929340484560883,0.004750230932704323
0.0037878098400781542,-0.0008500138437840593
0.0035229399742150464,-0.002566998722419875
0.018754389484791318,0.014422120445664936
0.0088329519418567,0.005108274536425518
0.007378826127019966,0.005423203216580561
0.0029216612934622284,0.002632433058175573
0.0046200796108114015,0.002493596814346087
0.006314212502159444,-0.0003625167322048933
0.005084725548154253,5.188412865836725e-05
0.008673348099490583,0.00397263935522286
0.016064626422673624,0.008133614606400856
0.009398601049485283,0.005482271889152555
0.0032363420352930806,0.0008169059874300177
0.006852289897988823,0.006591330062813285
0.004318468604454508,-0.0017905338984852606
0.005656888789201779,0.006317930383381205
0.0066912751354206304,0.0025654101540812787
0.004551259635175229,-0.0012424840210247638
0.006869638546814369,0.005260552767962971
0.008036467667129489,0.0038322042673419954
0.007313034741072904,0.005413329237950291
0.00883797373455536,0.00513560565710757
0.008855245680694894,0.005141342828004095
0.007010626685039023,0.005459565065644273
0.006746064642819233,0.004249117368266778
0.00682911212790779,0.000944829722324533
0.004817699906577287,0.003990428787956562
0.014122650035199396,0.010627714676393441
0.0008648680817360289,-0.005703640841621611
0.01140581620804912,0.00416967728234106
0.0031475701647338244,-0.0043246233182439794
0.004766419511740531,0.0007852126124005734
0.005958121818174408,0.005209551634877103
0.006329164586579545,-0.0013803780538159342
0.006436007115319175,0.004272542581218817
0.005300128870605,5.0970496341132265e-05
0.005860842399877674,0.005377222127006696
0.008783472154153826,0.005068190320050356
0.00948647815577889,0.00560876079686871
0.011075069822091194,0.005706302633176766
0.007479724785853927,0.005082898000304372
0.006932289196884715,0.004256945687389645
0.00435963307379658,-0.0032496641908207266
0.0058181547833649466,-0.0006546411576675163
0.007144516359680441,0.0021031731747863727
0.007811785918427247,0.0055084700429303465
0.008785963537725046,0.005268499139995055
0.004090334006648888,0.0011699075800164216
0.004467041265399247,0.0041723228916837425
0.004036757075686956,-0.00040748254284617754
0.00701388846946004,0.0035809478131774296
0.014383927305258835,0.011759573566834035
0.005799176812443963,0.0022009372046112663
0.005128799543306242,0.001631782098862387
0.005547509502125461,0.00100754178841624
0.007178450138254866,0.005156918080863678
0.006356982051840432,0.0010839623765254748
0.008433443835144754,0.004834620330147027
0.013805447068564498,0.00873208147022076
0.007137472496399052,0.003291649241305649
0.008926073098189252,0.00832320791630325
0.0060974026513734,0.0007753677549831653
0.005760010358670714,0.003267103343950197
0.008298416858651129,0.003676112101671874
0.006267799204424853,0.0020568825893727636
0.012812065847381381,0.009629716317485722
0.0066833912367119,0.0038946504633233115
0.005390169805278418,0.0027600061354566873
0.003895575235845102,-0.002519690707068638
0.009401204012381514,0.005500463319771461
0.00514790935930361,0.005312164719363183
0.005251241151225389,0.0018768992454872057
0.0045810656306361965,0.0017150378752459894
0.007537171575053882,0.0031548238682883225
0.00666935751829895,0.005162678258925063
0.007770408943734824,-0.0014352010407485127
0.002532604322926974,0.0014914655741654
0.00932412086685061,0.005194186937124739
0.003419532614792574,-0.00392073432905353
0.008655905326623303,0.004226891768177648
0.0048792398880020136,0.000853616172220662
0.009911993664027808,0.0043489615334450765
0.0077758077183323155,0.002846815222251703
0.01805199492233806,0.00939404851935918
0.002237879086350679,0.00016115252154411813
0.004192184150742818,0.005048605300334199
0.004343379454431489,-0.0018618346258366435
0.007528819657232096,0.0032124206618552135
0.00633514730824254,0.00451114204018619
0.004732925066477799,0.002841419630002417
0.006475303946294375,0.006716193259104385
0.007893102375980577,0.0033271704256983953
0.004976644872226289,0.001910869457988659
0.0030656575747757117,0.002282727848211965
0.008434550459576483,0.004899017609683892
0.008059365185832074,0.004376562415849428
0.003532912784480669,-0.001990487317942106
0.007226158078697298,0.0029066146396599787
0.004832718310338575,0.0048222857146168275
0.009084844020043645,0.004147848584249765
0.0003231346755814008,-0.0014418001616025786
0.010914287654667572,0.0028365198741716136
0.007651876535950338,0.0054915137903732425
0.006680331089336828,0.0031115004966779146
0.007903170436718562,0.004982938251982508
0.004797519804776897,0.0020399374540609793
0.007360636620607505,0.0032451851097362715
0.008926073098189252,0.00832320791630325
0.0067810667030466145,0.0016543384425094596
0.005095751972967509,0.0027280010331321982
0.008318300021411502,0.00592363060571679
0.004706719982076472,0.0002691361891877988
0.006236420824318323,0.003971568036981196
0.0016343502537397182,-0.005560937921346243
0.005379867075918226,0.0030059353205162407
0.009629078406665428,0.0038520666935516743
0.0024491976264534032,-0.003983604307807702
0.006654213735503437,0.0058573991415144435
0.008327640840822876,0.003798598350233793
0.005120006993718037,0.005184949047819055
0.008015330645668334,0.00564411926730034
0.006930137060779954,0.0023682652560365553
0.007759597420017205,0.004579844567978542
0.00885897858713507,0.0015809297945411516
0.004668786779282487,0.00045056434154616513
0.005625139952519634,-0.0007951895317047366
0.009583120209376891,0.004461488723225699
0.006415535137319567,0.002275753732540112
0.007657023784829181,0.005077128548239595
0.007337530039339752,0.0063139271218979765
0.0030656575747757117,0.002282727848211965
0.007854146696223781,0.0039741568145064705
0.007727095962732657,0.002603356247662919
0.005297614337799252,0.0036008820403722963
0.009979449144392269,0.004851346863753134
0.00592666770153045,0.002739131742279308
0.0040100972312865826,-0.002075338004402909
0.006498845721698141,0.004597269186363087
0.004816428707300606,0.000656878053935538
0.005088839374865258,-0.002284122485998274
0.00406138067391084,-0.0018489117908059788
0.007824713461573672,0.003137801518696798
0.003774531250430358,-0.0010877861557480745
0.006963477016460504,0.005075189448350066
0.001730415751264298,-0.004998376927902889
0.004203195934869053,0.0016818781295364843
0.005556477246141132,-9.283823089990817e-05
0.006696078671488293,-0.0001827349375021223
0.006270217222560975,0.0031194718027688847
0.0051155602950654555,0.0024506780228285433
0.0071465124452206805,-0.0009106482923631112
0.017682814522075,0.013038582519526623
0.00732683378225017,0.005532764902829491
0.010022478076731858,0.006660503867474677
0.006719926252161288,0.00353130910249895
0.008483896292458317,0.004881404015368846
0.006406228462034683,0.0013946956088991668
0.009370165515943383,0.004728612648146056
0.005727484391812747,0.005052659285835502
0.002405556977520316,-0.00387521769756349
0.006704451863562361,0.0017336859983636405
0.00739134949420059,0.0024675338871264618
0.008796066609658744,0.0042311896138582435
0.016401666204506407,0.010176541417860138
0.007940182243911688,0.004566118975605455
0.007831227654964051,0.001622579768502463
0.005259439516550666,0.002331107886295777
0.0024974338954495317,0.0003878958479361901
0.00665107459974772,0.000828243149893269
0.0048423051959311375,-0.002680435919465719
0.013294432792333267,0.006784646781362869
0.003877725037998093,-0.002576191255259652
0.013081782239941503,0.008628314869026269
0.007203880584100359,0.003174580710201757
0.005153720902879032,0.0020947346027379845
0.00470720171993224,-0.000977699721707445
0.0069731910606147885,0.0026083613174037327
0.0044726488037947175,0.0007391138706138011
0.0068385551849999456,0.0034493640049210786
0.005879285793027533,0.0003741999670999448
0.01008776275877906,0.008603950320741217
0.004989661276878218,0.0018892443976525758
0.011139278652426475,0.007017287852083895
0.0029478747815076924,-0.0001388466288403242
0.0098697171377461,0.007592768366662332
0.006880798030143745,0.0019925929849925585
0.007652371018875187,0.0037676099596860068
0.006820539146055224,0.005504263808480313
0.005550263838488107,0.0032908120861511927
0.005192843344270383,0.006019234243557139
0.008262226744754433,0.003614305886953427
0.006895982653409186,0.0015702926116154241
0.010317637061854758,0.008348333659788276
0.006425125261013223,0.006916144059457982
0.005867256137358696,0.004710235210327225
0.010268553268424137,0.0052641916148188595
0.0050354366394600595,0.00048543668099714377
0.005614800568077393,0.0034505791288324374
0.007960976741015301,0.004871720267200036
0.006752487108683212,0.005725551814250443
0.005646599739268444,-1.377922173442965e-05
0.008886269207670886,0.004479234796641888
0.005022476708267001,0.0021223425849786265
0.00522273873596095,0.0017203694412820675
0.00829863686370697,0.005038102514954184
0.00599033807991512,0.0047824837210745244
0.007850406403282141,0.0032501097745417096
0.0025548125853770386,-0.005084697828218838
0.008450150762312456,0.0036050037465793737
0.0076639989313374976,0.00862173215837747
0.005089463690285881,-0.0024269105309181064
0.012105528924114827,0.010568439101709251
0.0036419872720796186,0.004985318035174401
0.004578795103476415,-0.002075911359928356
0.007966867865713888,0.004079317944193725
0.011561930621885368,0.011705289881631092
0.01374589823536065,0.008028305243281264
0.008922299522493118,0.004599991511466068
0.007119399345745384,0.00405354892996122
0.0065575852108452175,0.001965597795662837
0.0036367654078611512,-0.0038510567227879097
0.009017892858892538,0.005115220530687128
0.0062437143951894255,0.0027812740849279816
0.011559260057971275,0.008684026695030038
0.0070190560315245695,0.0005865560524635927
0.006307250703698133,0.0030508229746030874
0.008433094202889306,0.00461483164230042
0.0058872301288759605,-0.002466912267266458
0.006826958218112182,0.0028415932225150237
0.010194616129604555,0.005248904707674288
0.0031334256784323125,-0.0018796850272862799
0.004319526280018903,0.0022003103031443157
0.004551191099462115,0.0018634671792841524
0.005029972251932735,0.0019291056016115934
0.004572707694249185,0.003986490696209434
0.008408953039457507,0.0036313845402816897
0.006734925153043111,0.005415521425447403
0.0101125085311305,0.00249566749959517
0.004987129720461202,0.0030256296231311137
0.0036147188302182217,-0.004209264046481949
0.007463191236004276,0.004188081904313447
0.0088329519418567,0.005108274536425518
0.004577717012104127,-0.0012610073810993012
0.0055808896759293415,0.0009386561616655026
0.005058502926185156,-0.0012728171877043632
0.006333214693917899,0.005741783104299099
0.0066586175404575575,0.002068136232147317
0.012564237509795125,0.008146852111172415
0.005506855354752549,0.0018185058436049036
0.007826629736801656,0.0031346860139205186
0.004998367655321778,-0.0017170390456077225
0.0062542730475103735,0.0028756015853726464
0.007102871249780795,0.0021636512057893144
0.009031881062205323,0.0051094098816706615
0.0044214028454051466,0.0016214661776396515
0.0064213808491477235,-0.00039653422388316855
0.005737382349537672,0.006606827264867655
0.00511022405280828,-0.0036060976619234214
0.006021706685144949,0.003552747864031557
0.004163508247263607,-0.0030159168008447434
0.010041221329045334,0.005621946006769154
0.007285047176086782,0.005018392836232172
0.011241291298600856,0.007514180650865538
0.008126395516154995,0.0020044504490537842
0.005245799820471599,-0.0006582974388637374
0.0041193875966709734,0.002403960953314523
0.007468184582807644,0.0019674741699932203
0.00817610934348537,0.003615497657801094
0.008483896292458317,0.004881404015368846
0.004893857947091455,0.0023562118644070845
0.0067118519567735575,0.0032216578002713034
0.00882415147316384,0.0033612341506758063
0.008483896292458317,0.004881404015368846
0.00572605741836317,0.0017714423739050404
0.006130595487105151,0.007232549211340907
0.008212878461606735,0.005439713833942449
0.0057669169482653035,-0.0019517861218500574
0.009804036218147695,0.0062351920748730146
0.006198595019241103,0.004158833775310766
0.007836144483744586,0.007061060705097283
0.0038664609515287,-0.003469641724731397
0.006869638546814369,0.005260552767962971
0.012861209507183273,0.007066300368008297
0.007686824160683642,0.003040653490817542
0.0070296220793512176,0.005437575678265229
0.00573177718872374,0.0023634819903758583
0.009795064690530673,0.00468883833404737
0.004694463599370021,0.0016552792990508223
0.003344715512814029,-0.0021027919099212916
0.005561815331865886,0.0034014103520059206
0.009087721686213513,0.0038258540370198655
0.004157811772859911,0.0016330500197844836
0.005739088765013863,0.0022322825918975643
0.006094827985483676,0.0019993022889485453
0.005434611730566404,0.006286255082598506
0.007613193095722369,0.005168260967273126
0.005018181034248635,-0.001624682169845586
0.002976113010907524,0.0021748497899074133
0.006757913958371876,0.0010781547835636016
0.0060664703743064366,0.0029896998988559083
0.0048792398880020136,0.000853616172220662
0.008749833040528947,0.004236705978110095
0.007595997989192327,0.007820367273131767
-0.0009063642890590751,-0.006742543818425207
0.008983659126354664,0.007149574690455136
0.006756672624063777,0.0018132603287002872
0.005379595906153554,0.000858943236417286
0.006120251440986821,0.003574216979224794
0.004231237600776646,-0.002290576660792241
0.0035693277918140264,0.001032421242435062
0.006756379847371912,0.005703379877149414
0.004949859782308715,0.0030314231376552207
0.002451174454602181,-0.004676811059133059
0.011807228124063304,0.008189448170708671
0.006772974910466192,0.0018058676910817986
0.006989415720360436,0.002585121568735589
0.00651461444586315,-0.0002164838946482582
0.006335070538356193,0.0003366374114848712
0.008502546532591762,0.004288958177300504
0.006624111984985164,0.002539746791486181
0.006938749222640794,0.0045049464947655845
0.007826629736801656,0.0031346860139205186
0.007657810444645674,0.004585284473412433
0.007842850583427215,0.004910942978763734
0.0070296220793512176,0.005437575678265229
0.008621285507380925,0.006247809614023146
0.007019250722837143,0.005583560018479265
0.005695458536129321,0.0021124436441868595
0.00643974680464302,0.0035637899666841714
0.0036599711760969527,-0.0035715454308114913
0.009812996820880646,0.004780690387228236
0.01111928615846517,0.005774760690734708
0.004514234279503778,-0.001457394227423029
0.0072169694349870405,0.0030587669682516205
0.006476788630312868,0.006278469291879856
0.010967996762326626,0.00656587206324729
0.006210849611653002,0.005184361144542418
0.006089679712985856,0.0027337667099793005
0.006274879518597868,-0.0018961030974187732
0.008531182128189622,0.004055964047375488
0.01402515228498842,0.011277245830722447
0.005387779292252491,0.0011545130172845057
0.006728089818586051,0.0027386071894031205
0.003784589059314866,0.003605628222890845
0.006593735855093286,0.0038817414910328214
0.004355967672374755,0.001591043232080926
0.008403655781045656,0.00363414459817542
0.00438492331253772,-0.004038685949885134
0.005921105612594111,0.001968439582803061
0.0159334886569416,0.007847529769536725
0.005629929599619009,0.0019817211682138817
0.005228892315047504,-0.002310660484920528
0.006318210019989916,0.0018454765421876658
0.007329104023738864,0.0026460429087098013
0.004177744461770241,0.0013834153942418465
0.006182391773704866,0.0051631729091110475
0.007960976741015301,0.004871720267200036
0.005746049757746729,0.003778694581928554
0.0088329519418567,0.005108274536425518
0.005359185432798695,-0.0003704360729624972
0.006257333893136826,0.003495012384290984
0.01657006654162712,0.011821618509771365
0.004499907702169844,0.003749995583651548
0.00626073990898282,0.007555836862291208
0.005459744510071625,0.00268991561910428
0.005307472525605216,0.0018374031385965314
0.005785696288850773,0.0022261771514778487
0.007406542685569516,0.004162571042090394
0.002926612011414668,0.0003393276798120577
0.004440439038170159,0.003057527627218141
0.014122578129503028,0.009569567082175831
0.004324512493105737,0.005639147279330664
0.0039496489968299815,-0.0020143670210472954
0.010375117073301686,0.005955046755040026
0.007455544826197819,0.0015938264996622035
0.0070771686271886135,0.005168950257203623
0.009775913293587067,0.0071952369720836434
0.004725003504854891,0.002221279841615794
0.00964129533290698,0.0056102094109392354
0.007485306811955091,0.0057341896619976535
0.006568640237905488,0.003683733735477831
0.00936521645259191,0.00637390148755187
0.005923483838768173,0.006110919221101253
0.0068280166937255745,-0.0003016532600752242
0.006751251305579278,0.005394257897905473
0.005258007515391792,-0.0009403591031875869
0.015870951136797602,0.009391194031655947
0.0005892370570900387,-0.00656954470096532
0.017016814127881252,0.011951977017015017
0.00832738644367091,0.005583088407158186
0.005024834204068096,-0.0010736830706681733
0.016012711976636347,0.007042819796980429
0.004615537308326474,-0.000995433991438966
0.006705685585852586,0.0035183879773473536
0.002237879086350679,0.00016115252154411813
0.013119268819272492,0.008627120336322078
0.009755146256596108,0.004527957902778913
0.007009448674970854,0.0011451330198616327
0.006504630014059685,0.0028944870657203192
0.005425861616384885,0.0036211620015657517
0.0050607077275814025,0.0021585554964031178
0.007465202049782122,0.005058034038876096
0.010746008950118301,0.008473447567973146
0.0047696879436747094,0.0007315762188792249
0.006593904676523951,0.007730102943242714
0.011680073716907565,0.005972900498045955
0.006759665302433598,0.002235328786182842
0.019076767360210363,0.008260259933139183
0.006003866854459428,0.005841959332016926
0.004452426238249182,0.002632713678861905
0.004964847841148938,-0.0018593388108368095
0.0073472292072904325,0.0033026147599219706
0.004187127728747528,-0.0032688685465704316
0.01406444853228795,0.007345730751058294
0.008236652617693166,0.004500051616654101
0.007678952369922711,0.005062218536508899
0.0045699013196037535,0.0025621366505526088
0.00701262125463404,0.0018065532345449336
0.005482832265605722,0.0018633553174268779
0.006999960881602156,0.006264018940492103
0.008855245680694894,0.005141342828004095
0.003993018021777005,-0.0019219804477077496
0.013465174749361916,0.010646273355019628
0.007592011901726625,0.001259217382791009
0.007826261948993612,0.00195544043314322
0.004212820623901435,-0.002876124955738085
0.00732700349804202,0.001642258962498343
0.001955371908102653,-0.004249660465454131
0.004048459355963416,-0.002048341403461773
0.009802530332934115,0.008083912386268568
0.01053557398541163,0.007994481821296301
0.004949933031872489,0.001663488558737089
0.011550840636412112,0.010562572951369264
0.009370165515943383,0.004728612648146056
0.015172856612103162,0.0063181887062728655
0.007899472338296222,0.004660592508501843
0.007974712506239968,0.00459827866806716
0.00470720171993224,-0.000977699721707445
0.005123503161212415,-0.0013261416624735026
0.004401937341462018,0.0022733466071275348
0.008387350892674329,0.004977755384487738
0.003739360616500648,-0.003622266407037179
0.007825022186686502,0.005637209407919945
0.006881297416295293,0.005032452565555961
0.009133421286714375,0.005739462685325837
0.01050025333579579,0.007563429982349264
0.0045808672172585555,-0.00282067462580984
0.005943701606187893,0.0024009766045745727
0.006585583861701404,0.00048457939440855764
0.005752238218175942,0.0016330468185115857
0.0059912832143603125,0.00562525324910251
0.007220331693385759,0.005468865340202942
0.004999387137705208,-0.0027092340100439575
0.011908931734111994,0.005394414688958067
0.00910506487533461,0.00488064795226534
0.008436460614019986,0.0036475842694089562
0.00495014438612143,-0.002436297767248254
0.006166405678904343,0.004615275435693321
0.0025108851504017787,-0.004573484191834292
0.007019437677526767,0.004949084061376886
0.007873428574135146,0.0031821103125617978
0.007541470461069914,0.006847193941432845
0.0063390073219325984,0.005860269521857466
0.009237752411269892,0.0038163118974406775
0.0006504719129365715,-0.006029056331812772
0.00656090931861103,-0.0016038183892393637
0.0053805217644846285,0.0025603124166509077
0.010627693794553401,0.004213392194243128
0.006334631234060845,0.002274307783494801
0.00805788163060284,0.00434058058290864
0.005418259772757513,0.001679124616100051
0.015237566816463717,0.01007037509245226
0.006238521393486207,0.0004203675494218913
0.005700519302279783,0.002998538634955282
0.008099809519019462,-0.00046551042322628706
0.008149002682167554,0.0035180684609688703
0.0020011418938200454,-0.004316565871102342
0.0076163371180265355,0.0048750865451122755
0.0047738087394218545,-0.002594996859245878
0.00518213949349805,0.0022159142825849618
0.005752590257119408,0.0037449899249050083
0.004766295655426967,0.0021842459231927605
0.005774156521906376,0.006495320498518887
0.00669324606743533,0.0026364291282782223
0.008079773765252308,0.004093254263913662
0.01328746664182556,0.007327942040728556
0.004456010999080745,-0.003443579070852655
0.003553721537362201,-0.00423248201631511
0.0026881892638969864,-0.0042172420040760255
0.00895642051355242,0.0050836849996385635
0.0029540547939879667,0.001654201391080334
0.0038989582751999315,0.002957211678177177
0.005987186807948627,0.0015214908813166927
0.005685098044978102,0.0018340417967724655
0.006586934378481137,0.0011612305138718254
0.006633303675810885,0.005783700554136857
0.004326704950234668,0.0009812108187631941
0.00774574851142919,0.006049745620689907
0.006151561685708943,0.004858971996455234
0.0067828988956455585,0.005635640164102349
0.003917969485207968,-0.0028348136454502716
0.011767487638486361,0.006496143460929721
0.004721249966050382,-0.0013311529250750742
0.009878141588704625,0.0025180585033750973
0.005275921558506574,-0.00015586707061385728
0.0052468333991385775,0.0015749121152070413
0.006977750206547926,0.005970940730797522
-0.0012878047236849783,-0.0074693557601956
0.005918239135917395,0.0021935733428836346
0.004359723776027889,0.006697506324577487
0.0051793126696491765,-4.9608832874921405e-05
0.010633761438603555,0.008343514654304576
0.010865544858526345,0.006034849778823055
0.008310198952996986,0.002814038261746854
0.0074865668003441035,0.003476989051168977
0.0051451584785047536,0.0028420243238823414
0.004762336758989253,0.0022094689898145376
0.005083009627095848,0.0012337470232553173
0.009709914886479326,0.004322541575807953
0.006432340557224408,0.002097300555716352
0.009950517616472417,0.004712686050510849
0.006575968326495534,0.004576720347043243
0.0063151350300833615,0.0020913835666108048
0.011982770474103045,0.007417308717742956
0.00895642051355242,0.0050836849996385635
0.01179483371558552,0.009553858839324608
0.009401204012381514,0.005500463319771461
0.00970336692041536,0.006643365887915798
0.0033854769133560584,0.0015474786692278916
0.009178490185670707,0.003294261768771686
0.009694382507468494,0.004305641822902419
0.0022168058810847404,0.00025191880585942374
0.007773983179657332,0.005464682362639431
0.005694999152534674,0.00522584744806072
0.0028710080139825525,0.0030580282754719395
0.0068640173878067486,0.003916598545053164
0.0048275854301201996,0.002953758106567151
0.01403202361162408,0.005520503646640534
0.007533318806348973,0.003906321536265328
0.005818337177444875,0.0009278395771679243
0.006328928846578341,0.005806522624887169
0.00944889517321474,0.005287300105948701
0.0142693928881969,0.013582411205163614
0.01118695866218021,0.006149636410244168
0.004763434942615783,-0.001830336618283586
0.0038651443814603816,-0.003387086373464441
0.006624661189385095,0.005211997727879258
0.006949010576764756,0.0007809492755214472
0.0045634780094583605,0.0009621997055473328
0.007395313993414242,0.005289416254602186
0.008282618187627367,0.0034858285621585474
0.008430010543837905,0.003988141479943063
0.011841958187467106,0.003533542661464867
0.008544985561156532,0.006897959133685415
0.00633566199434926,0.001265240927676525
0.008022468120407442,0.00723485476488205
0.005792724197056757,-0.0010696006393375711
0.005076823774806184,0.004114548843209009
0.005809222260341777,0.006913622352604655
0.005747526542897925,0.0012658153869013096
0.007903170436718562,0.004982938251982508
0.007455544826197819,0.0015938264996622035
0.010237651562618792,0.01026944387516018
0.005071165141860731,0.0012890289620371082
0.0011561256753085478,-0.0060693369163613495
0.007954443250509518,0.0038483088261943017
0.0039332873046663,0.001136396778348368
0.004442154290923033,0.004159783277785816
0.00861223804653511,0.0062707598739299136
0.006176331177861565,0.0025484675544248997
0.005434886171779332,0.004368572476122311
0.007811772104506938,0.0055056264787545365
0.007347390179185876,0.004196811248881946
0.004582297826251374,0.0014441769972793703
0.0053602087456523385,-0.0010229105188038039
0.009067626075196936,0.003365052495748871
0.012159593012847861,0.007723828164069172
0.012507370077103206,0.009367379240018061
0.005783976486820911,0.006031241564201305
0.006603127151522844,0.007728338523251491
0.0057199530784911926,0.002227161867395836
0.0067118519567735575,0.0032216578002713034
0.0066833912367119,0.0038946504633233115
0.00511554013612037,-0.0006439378260124319
0.007873195795052204,0.006051662013209815
0.013277233877642944,0.005065977963810836
0.005682088606745781,0.001492835351364536
0.002237879086350679,0.00016115252154411813
0.007550570464276989,0.00020173096683546218
0.005978334529138351,0.007010814418327514
0.0067727770619790805,0.005341969806926633
0.0057658274039709525,0.003904120568862972
0.012003967103873447,0.003698202151911836
0.004792379102478679,0.004889739861209834
0.009039079465057873,0.005321792547817538
0.0023407972643661387,-0.005126275420143021
0.0045148081912011325,0.0026928457062605606
0.00817685035320256,0.005317244912016447
0.01548569816999553,0.010600243364108988
0.012730415374557902,0.008649465530354207
0.006881675241678905,0.005425312512618935
0.0006121189712410911,-0.006119569630550008
0.004048290894264625,-0.0028153852094104995
0.011039001758758544,0.0032293452141714564
0.01699286436680922,0.012844672155452291
0.006480068674527647,0.004819417589851812
0.009066448552837128,0.0017740325139868913
0.011216372249260052,0.009283979193914757
0.011896526743909973,0.009412587074516691
0.014558844945531257,0.010698442340611578
0.005092342395356588,0.005892312513485207
0.0066833912367119,0.0038946504633233115
0.0028914549534869586,0.0023511500957289237
0.006847857388709369,0.004436412093522439
0.01405413675403248,0.010626503515612666
0.012277174439225517,0.009762415065209107
0.0067194855736477585,0.002614383919975089
0.003910941507869661,0.0022172164274654703
0.006600315835746777,0.0016355074433672461
0.008593209313530642,0.003517208814356495
0.0065464838672602875,0.003337032959045457
0.007675180046149966,0.005623479405521272
0.008543146924013645,0.005903504407722166
0.018735795045635023,0.014349380574425408
0.007712441755584533,0.002920230823778956
0.00642834685896892,0.0025294514120896977
0.0012021076242964002,-0.004729210992347632
0.01675043596831723,0.007037997331391597
0.009614341918461843,0.005646130516337717
0.005895524022315991,0.0018136593776951595
0.004982490294159179,-0.0028047483502080042
0.006731131892816666,0.005236323457186881
0.007205683686096166,0.0037450792635421023
0.005752590257119408,0.0037449899249050083
0.00690475774259361,0.006678241304527718
0.005215495493134936,0.0017244205821285025
0.00547602437208609,0.0004645207955798281
0.004976644872226289,0.001910869457988659
0.006787456131401779,0.003613177096457941
0.002324456201424338,0.0008521281417713054
0.007402579197828876,0.0042701500673318835
0.008335475184099835,0.008294324903674004
0.0036053647953949042,-0.0002804812272059476
0.003879880475247465,-0.002361874462308234
0.005051592198365332,-0.002224139456507169
0.006027249049217296,0.001677557917653773
0.007847327008269307,0.005049245508578903
0.010214211829850882,0.005498337729448354
0.0018354547226616322,0.0008063441817940317
0.007241449363139147,0.0023702854096693815
0.0033639145682599902,-0.0030935890351614283
0.0034908522716405087,-0.0007464940284251306
0.010052870629385202,0.005383043212408708
0.008769401877309811,0.004996488361540046
0.007718476250074371,0.005902831184522634
0.005758658356486059,0.0027727926282226836
0.0026740372904432846,-0.004254985601438099
0.006060144793330357,0.0031993785420985814
0.008156281736202182,0.00811373938771842
0.0040966033155382785,-0.003731225962187233
0.01053377540081388,0.00804666708449945
0.006818276113072669,0.0050287126298006225
0.007125716444042218,0.0016762243852285691
0.006440064219558039,0.00016438986027289288
0.007702598003831769,0.004357850777008832
0.005538950355970334,0.004869686748442842
0.00228110454527943,-0.00027001836994163496
0.005560730040345502,0.0009380757331472469
0.006198661120967049,0.002343939483803222
0.005439127332355968,0.004203794134965435
0.003882625904080299,0.002856945790008678
0.008523292151050748,0.008156566698493383
0.005035124404390033,0.002007288190771027
0.005230250320754844,0.0007983756753816729
0.007010714504007765,0.001134687090258513
0.008758371010649415,0.004971089292864759
0.0071009722461806805,0.004285641175379523
0.008385828997983043,0.003636625584514969
0.00960720390830531,0.005729152244900972
0.004418394562725671,-0.0013879688014160401
0.008994698501258601,0.005080671918753821
0.005730538992412963,-0.0012401127040321518
0.005724850870906713,-0.001983055479339714
0.004148553278320262,-0.0031798488568155845
0.004520352802969926,0.0005453823428724532
0.005684252634767729,-0.0016532774180061157
0.010059568237010269,0.0049232017834433175
0.0037723269893046515,0.0014697594440173274
0.008498981196748781,0.005598548458479883
0.007046924555885246,0.0018522861221266246
0.015224252165148416,0.00994609289279583
0.013629700425695286,0.0048386031529680865
0.005391728177536905,0.0035510085304042887
0.003751890776652676,0.0028468992224479706
0.007782317362114907,0.006364579800620517
0.004401957631235761,0.0004372500559328644
0.00975557973457349,0.004760112100394768
0.004516113673101941,-0.003249107731496095
0.012938062774180588,0.004966893081060629
0.00799502330364768,0.0047166977260033865
0.0087912561857929,0.005810613007314483
0.012076434098933022,0.007141555058888297
0.008663899950832476,0.004196895923649918
0.006209021393438438,-0.000666154874722825
0.012963658484494883,0.009099832889261042
0.00594877697470892,0.0014133393019359003
0.0066764126032595955,0.0018194194722076394
0.005542674477942983,0.005146817916928708
0.008749833040528947,0.004236705978110095
0.0030673183718233927,-0.00422676158641389
0.005133338526015179,0.0010924508749502043
0.01365695926241612,0.00979339370974586
0.0088329519418567,0.005108274536425518
0.007490362825127671,0.0019947061934233795
0.0076418591050901865,0.0038679064585367623
0.0057199530784911926,0.002227161867395836
0.006516142837371253,0.001955674168973758
0.0076025855956257694,0.005399154510801278
0.0038377473238164024,0.0011186692174915336
0.006020650798014179,0.0045616681342030155
0.0059577313418527345,-0.0005044198541701399
0.0071849582805407165,0.006413170568950659
0.006537885388587994,0.0018173123884474354
0.00496710169218631,0.001939109395011615
0.008406430612582318,0.004885264748870775
0.0019374238294973863,-0.0045404550478051545
0.004734504267445093,-0.0011711057963156423
0.006151359011370748,0.0012852845277085377
0.009496026612699136,0.006127071675289196
0.013650932973426313,0.00771362304388351
0.007164084567830645,0.003002460008640505
0.0038113394452810086,-0.003443980141094106
0.00737400440354709,0.00342044994166234
0.010180542855962807,0.007437443763114273
0.012197198002171285,0.008019102931317782
0.017092694231700588,0.009768576288233447
0.002551839663423674,-0.004612592126172963
0.007831179821322249,0.004858750322806601
0.006191004245277026,0.00464898986990909
0.0067069165694881635,0.0025840217575991723
0.004876206094796434,0.0051826306475040145
0.009142768352874713,0.004584536943709921
0.011558680726792095,0.00964666744096572
0.008276286731019792,0.004792438911557671
0.00768796531141997,0.00315328528743685
0.0075787762890865955,0.004889338036058531
0.0053415146930873795,-0.001875590079940908
0.005834381256812857,0.005374828382367207
0.007049180279649608,0.0050883902519859876
0.013264291595006944,0.007782309741007963
0.004672015014357074,0.0006350526754104573
0.004832718310338575,0.0048222857146168275
0.008749833040528947,0.004236705978110095
0.009843185589602723,0.006253513174988706
0.010135708775119906,0.008462473051810726
0.004511279865555443,-0.003098411476450324
0.006003744617965819,0.004592267041557168
0.004437767788104202,0.0013583584588083338
0.00875680625742446,0.0024634268786654055
0.00699352271477858,0.005434296417860224
0.005640385809738367,0.003751567113794602
0.006524216379133524,0.0027752216512423834
0.005445221448695841,0.0032970406676492963
0.006216312768275045,0.0017986056674141725
0.007453293760398962,0.005106760742380739
0.007540676537866911,0.0040683502555510205
0.005756209410662089,-0.0004158704865404577
0.007532287505805152,-0.002297180514436118
0.008702147970569025,0.0029056153104220226
0.007734307580840013,0.006212295348415217
0.009031881062205323,0.0051094098816706615
0.00685382034060184,0.0032509971301864504
0.012644282072875752,0.008483593544991926
0.005352285522085065,0.005781897966876718
0.006668378029281596,0.002579355789567757
0.002926612011414668,0.0003393276798120577
0.0066451323385126855,0.005546963845074152
0.01734265922089138,0.01194826999308975
0.00842941609994005,0.00839630583925832
0.006580993379000701,0.006076736783353272
0.005528999395708747,0.004920075615786551
0.00474386229712211,-0.0029765267663336096
0.009848227242982805,0.006098142949092217
0.0041867790437526324,0.004125206307846542
0.011060675331045298,0.00796268906198723
0.005318775652528476,0.0018045887081856822
0.004471412702382081,0.003699727742441126
0.003966170690125232,0.00202680891090017
0.004024519146923759,0.0033447801430529726
0.004515692416289803,-0.0012135822664279504
0.005282263206367797,0.001354394239165382
-0.0012878047236849783,-0.0074693557601956
0.003996082935590645,0.0011830767908946726
0.004337739172963732,-0.0010400847683873877
0.003812880097139657,-0.003359415782234981
0.012730822799170668,0.011744657478156246
0.00666935751829895,0.005162678258925063
0.01555424002735083,0.006984043751115069
0.009494749713363303,0.004569343715805965
0.012090079472798325,0.007186470414151644
0.0072131045828415855,-0.0021418794090567427
0.005121492532042209,-0.0029937537493058986
0.004757131932847839,0.0009779277792840834
0.0010272995722957045,-0.0049321219754153885
0.003722886593238682,-0.00011294335581987086
0.008120257564125384,0.0036577761027170373
0.006345084577669672,0.006402439730197747
0.008604709791390459,0.008482580983576942
0.00514790935930361,0.005312164719363183
0.011825851235201768,0.00882950720508851
0.006025838922677005,0.0035693596803546244
0.006844898803689003,0.0011114245662433922
0.007632526741790362,-0.000828083815030304
0.005043320422756707,0.0024644635610536186
0.006213120108346253,0.001738389481230257
0.0067690812424309596,0.0016499162895173228
0.006568640237905488,0.003683733735477831
0.007093100791191274,0.005171549037800052
0.0057700571545489625,-0.0008107539363931627
0.004848143979191093,0.001119780917315712
0.005897570169734779,0.002382421040056956
0.008830999753579077,0.001771859292948338
0.008317657574517945,0.004396032408123646
0.004727235861694114,0.0012026452366150275
0.006257333893136826,0.003495012384290984
0.006384501709236611,0.003067906866682647
0.015127300667247826,0.011775858753247355
0.008304512369324555,0.005139467969884603
0.005579544879310809,-0.0017795168632232742
0.0064147890686657655,0.0031929565043484574
0.005434975978982461,0.0031380542501255083
0.006052865003250343,0.0004924278912637999
0.005646780074893514,-0.0017774298559205919
0.008367768795722454,0.004846230608204702
0.003915126838776088,0.0006322055991081731
0.010047232311218091,0.00672989702872915
0.009598717633484476,0.004062324651570893
0.005088590053626196,-0.0029599913646074965
0.0011621456682994191,-0.005772924230662502
0.0156758898945246,0.011106073891493786
0.0020850974373137453,0.00028959514870766437
0.0055555927493227625,1.0179090375547241e-05
0.004437164725556091,-0.0012450654292223504
0.008181910165984654,0.004349894248361316
0.006785105609686973,0.0013879447285240149
0.015687915446287202,0.007453141443838134
0.005931392843642965,0.0055001631769036954
0.008858057295298849,0.004395012738536027
0.009317821553307572,0.007911225866444094
0.006396299866463738,0.002145991302906907
0.0033963316800075423,-0.0038112523167863985
0.004648589519726076,0.0018370698456175553
0.00753196536112284,0.003127109818610363
0.006841997636919037,0.007568208319385962
0.01544723366707354,0.011720323130731673
0.008368097554520622,0.0022233252571321757
0.006410466663404846,0.003978670563135772
0.00605434110489285,0.0027935304807820407
0.010066842559213944,0.005696943111984259
0.006238820148409849,3.5946334722362916e-05
0.00493158390337414,0.0022008015228552587
0.008419102471635328,0.0025576777108409932
0.007454813330419068,0.006176042173716197
0.008906250484274668,0.005061197735661585
0.009370165515943383,0.004728612648146056
0.009230267994714832,0.0038388475095442447
0.007377263363476868,0.0016669656326882805
0.005333375472162214,0.0019451542208602651
0.005054765529000199,0.0013556682853836516
0.003577876062637865,0.00459951831629058
0.009394717929691569,0.0026516707308496482
0.005439298646018638,0.0017213095531014924
0.007376689442328844,0.005447805230013411
0.005121104433238536,0.0023540040633590687
0.00811107963269952,0.003338107792079545
0.005719904584378676,0.00543502092413031
0.005284990205126684,0.0016142819276352355
0.006766203421995083,0.0016483859528938893
0.0022719443064218806,-0.003970290419027463
0.009640806971913314,0.00431731739593544
0.00424602873760113,0.005153946491179274
0.013392520504944943,0.010945403151471333
0.004551278337853194,-0.00161034966923461
0.00694847772634149,0.0005968930857868484
0.0031746736985830883,0.0024551886749877155
0.0043713286604734145,0.00224281257284804
0.009647751055583879,0.00440234361613334
0.008136227674603373,0.007708563798337769
0.004562876740120203,-0.0030138131872400244
0.006660343323404781,-0.0015777275721684803
0.0047205450626252535,0.002485076682027217
0.010216396131677801,0.005586879093737302
0.008593953153738936,0.0031374714975476855
0.0025715383192587444,-0.003517058422950456
0.01036234407369814,0.003935321055656288
0.007824869551120855,0.0020335684213106334
0.007631056302051338,0.004859646408907842
0.012910496411817605,0.009836323473848626
0.003848674746568025,0.003762961559099766
0.006275280729140187,-0.001517662223215155
0.008965134932543473,0.007641248111209957
0.004783328512148317,0.0056072451191138805
0.006333214693917899,0.005741783104299099
0.004846860225030881,-0.0016784120351553966
0.013573351493549905,0.0048132119503150935
0.015081621427649149,0.011673515118283347
0.005438133930065517,0.003347087679463085
0.0045810656306361965,0.0017150378752459894
0.006415284244821745,0.0028859563669162216
0.005289688870040495,0.0020897619617719597
0.006276051865159699,0.0021994169446294884
0.007048736829798573,0.00527133968623675
0.009057333800489488,0.0026357705663174556
0.01260786491365784,0.004460214166074552
0.006977750206547926,0.005970940730797522
0.008107530163245318,0.004461182192125197
0.009777592289457413,0.006022203145705009
0.007970968201372903,0.002949809392839749
0.007522356854701252,-0.0019579002565567483
0.007817597607639764,0.005538449637986179
0.012298074460339536,0.007023738871715254
0.007051972655232916,0.00339333989750199
0.00677743135313901,0.00533287942788711
0.0031273513969300587,0.0033448251118736207
0.007990279581516622,0.001561066218654432
0.0072971518525691515,0.002045616039650461
0.005583145212475842,0.002050778194300362
0.00690475774259361,0.006678241304527718
0.01148251616334911,0.009111073631947231
0.00974553357100643,0.0024535412378732515
0.005809199038566188,0.0015154844150618105
0.005921186123212767,0.0022260745594638804
0.007554065350355935,0.005249743577132412
0.005749480410886329,0.0029486540121333926
0.007240411984239654,0.0008744804075470677
0.009300251554914988,0.004098032714140584
0.008086525664334031,-0.0005913610383266408
0.004776789639300569,0.002831625196698438
0.005270433277078631,0.0016050149358447351
0.004699377135015134,0.0007693424087111302
0.005670576305612253,0.002655355131552786
0.0040839732122161816,-0.0021004423446164674
0.01477433313099472,0.010483975874959675
0.0058339318711020886,-0.0007421802410271378
0.003953602128566014,6.424586981455642e-05
0.008098380009315636,0.0066359221475014146
0.008611165802027403,0.003105550709485699
0.005374152537900462,0.002980181940589457
0.005351155844446736,0.001996068430223463
0.005727010868039124,0.0018623230348691656
0.011078324809273243,0.0035495542150074935
0.005568174872803253,0.0019393948066405977
0.005012483881247183,0.0038200161786923533
0.014018779272336673,0.010560676913669634
0.0073472292072904325,0.0033026147599219706
0.004513489778951198,-0.0013390327690581353
0.005468473818457602,-0.0024289676840577173
0.003772172723788849,-0.0020005173696739636
0.0039540529082993225,-0.0033964855657459252
0.004403676479327772,-0.0012976434563458181
0.00424602873760113,0.005153946491179274
0.009709914886479326,0.004322541575807953
0.004878865193493856,0.005371975023541189
0.013948859870665426,0.00771135932521305
0.007731305209891572,0.003043053040966235
0.007489248999443843,0.005734332015923423
0.012310789240163909,0.007751696639512656
-0.001482329399231503,-0.007666952184695899
0.011633224847460223,0.007925426589960366
0.003387824153923892,0.0006509292834979818
0.005033141546494983,-0.001490101235061032
0.007704355479639088,0.002690588372094232
0.00499688041469068,0.002426829803595482
0.0034532172234362293,0.0014027365897278758
0.005634469233485853,0.0022018893501513466
0.004804046293782102,0.0002461669185737734
0.0041655455717970824,0.002295433082842237
0.008343779967329582,0.0037644625711208937
0.008668511411423403,0.003640897311559493
0.005515711225021071,0.004232165009115586
0.008917911679113391,0.007551987241718539
0.007660584077775305,0.004175097384478153
0.0052012392957708035,-0.0006175305170328469
0.007969134778933365,0.004581773947921495
0.006678920649169211,-0.0020939316107066175
0.012742235768798519,0.00850466200453292
0.005302275511996144,-0.002356149795761718
0.006600022105588879,0.0034772835412739548
0.012057452218123195,0.007729210607841819
0.008406430612582318,0.004885264748870775
0.00169684490912639,-0.004749111247210556
0.005495729635240865,0.0047887532281713045
0.006948106312552765,0.0034171278086532588
0.00661391979892925,0.007880907767134513
0.0037419173432690616,0.0024283493476616076
0.008517318274285056,0.004769180894882175
0.004375475991216401,-0.0012740320234962202
0.005372577449931106,0.0007991868768771719
0.005702154501444371,0.004754115716807769
0.013043134355713592,0.009559945569378493
0.006719926252161288,0.00353130910249895
0.0038438918959529085,0.002835241422752411
0.010918502361050273,0.006203871508352267
0.0029084398472183394,-0.0019672756469637526
0.0027913741160149,-0.004132669073574197
0.0057298486028306535,0.0011970102895647238
0.006453804733938115,0.00288007948464625
0.0063218541058464054,0.002349359075872368
0.005986918451810884,0.00238983734321259
0.00894717454704513,0.003822536234207248
0.006677011192088949,0.0031653473138236864
0.008011365964750166,0.004728868369523697
0.012421802475050736,0.004077206166472534
0.008134787933514773,0.003858494047380449
0.014589116769810194,0.01009688034442607
0.006373209640115898,0.003240804429586206
0.0033348011095544385,0.003852528073651324
0.005303456603025968,0.0021318755212279715
0.005280837791353841,0.001713819886593952
0.007185440003299478,0.005392060233341522
0.005824309813792704,0.003314308555613499
0.009843185589602723,0.006253513174988706
0.00799502330364768,0.0047166977260033865
0.009927474874704231,0.005140940166333416
0.007730635633795214,0.005529394172816754
0.008917911679113391,0.007551987241718539
0.0037445352657318664,0.00027915439821179274
0.0036630927950355215,-0.00315570709972157
0.0063151350300833615,0.0020913835666108048
0.005672439708708728,0.00571623566375743
0.00514790935930361,0.005312164719363183
0.00954687448537009,0.0030545875747013777
0.003972312405874938,-0.0020871659972372765
0.006390790357436535,0.005972847713624913
0.005887230044353566,0.0031648263432848267
0.005112842745812255,-0.0027003867501638468
0.011179665486537906,0.008521079949330553
0.00808676935894017,0.003797924380913564
0.00519870225528536,0.0044109517269497744
0.006860907700356496,0.00626283089653255
0.007239681110132441,0.006116908370841889
0.004520352802969926,0.0005453823428724532
0.006056559312651467,0.004779417195382801
0.005268737139227075,0.0018101857400825323
0.008855245680694894,0.005141342828004095
0.0037685265861682167,0.003735134479897733
0.0039018929662396062,0.0020589263896327852
0.003781115514770639,-0.0018124301080469692
0.005186261524906521,0.0016869829396584423
0.002103423822253477,-0.004626560018213459
0.01574418068254999,0.010506689937383643
0.015281401054553688,0.011700080357173261
0.0076163371180265355,0.0048750865451122755
0.009812361819775307,0.006586572675154181
0.012986161271944673,0.011398360209599044
0.012393533692259536,0.007388992913302701
0.0035266757320416044,-0.001718838547593477
0.00996239952173692,0.002553301215720221
0.004146569974566264,-0.00360571160031529
0.005204015064327156,0.0020093393616065942
0.006949015574486034,0.005384450052243811
0.004232531312379308,0.0005461725955825288
0.0040181001387984885,0.0012178705021380735
0.006517353145329578,0.0034665820881350767
0.005050542417200508,0.0007051511876489877
0.0064246146793643846,0.003083153571864056
0.0058965504257694375,0.002465571014532604
0.006564777459081121,-0.0004756989535379223
0.007482369679558043,0.003814269711005819
0.004436133918515184,-0.0028926121185823637
0.0059313787619505575,0.004032593694410016
0.004097515668280347,-0.00014715698024814552
0.006326230455001665,0.0004888897456170049
0.005550263838488107,0.0032908120861511927
0.0026988447563448623,-0.00508668715964671
0.005978334529138351,0.007010814418327514
0.0035651711063467697,0.003350702759007098
0.004619803957052044,0.0024093721591677414
0.0072582842094423,0.006141962869920509
0.0042564720599310175,0.0016911251431956844
0.0050180863784302695,-0.0015884226396558308
0.004246657761601926,0.004971178929234109
0.008704435516644553,0.005144016577720319
0.01697040079508294,0.01189049432780773
0.007448027614663935,0.0033606322601048228
0.015412946530079998,0.009260380915993524
0.011218440710643306,0.007647762017590855
0.003956035696375452,0.003217954319637983
0.003783556859109959,0.00356002354681742
0.002827232029397367,-0.0016568521431054055
0.005488279378082406,8.719047607740841e-05
0.0037491223435752686,0.0030884362497183926
0.010041333225421703,0.004872976322091857
0.004491152451342032,0.005964221550968477
0.007256710358570715,0.0032754485066073674
0.012510723256083621,0.00461351852895924
0.007999433345657926,0.004060625306234653
0.0071238720786956046,0.0038778824881807814
0.011430453938092559,0.006089517054921487
0.0028814063180015483,0.002819041817908142
0.00513844273333737,-0.0021342011183020067
0.006270702614249778,0.0022136144885875194
0.006195064351388761,0.006932515667469121
0.001997594315261088,-0.004279392802312724
0.007344208642531777,0.004721804305290669
0.005898612510712842,0.0016157138164165459
0.007968393401430199,0.00461212129219973
0.0066451323385126855,0.005546963845074152
0.0060028183824573575,0.0015890464150187123
0.013512044360481808,0.00568174433956424
0.0028710080139825525,0.0030580282754719395
0.006383086051048678,0.004739756677093389
0.012558031169704087,0.003943898049570875
0.004615116612023618,-0.0032080680943631854
0.00946267536516388,0.002295404158725224
0.004125438354182503,0.001065066712554994
0.013045033163315237,0.008648099063165667
0.005781584520040298,0.0015363978927446916
0.007700857508902223,0.005549465765456679
0.00801057731557367,0.005552924991393638
0.005686621825743178,0.004679324498487474
0.00848141252635717,0.008347669901192142
0.007830409622207076,0.004873102430581276
0.017458146426048718,0.013102894772383893
0.006461076898880446,0.0020737673943519346
0.006867484176066403,0.006049229478446988
0.005514402421765051,0.004695906356877663
0.0034902459165558064,-0.0017444854212986293
0.00832738644367091,0.005583088407158186
0.005809352734041321,-0.0007550543769687191
0.01223090988507811,0.009840347970221021
0.0064246146793643846,0.003083153571864056
0.011731530882309197,0.007634094289463876
0.01611157538950618,0.01230601450100841
0.0070729950623238695,0.005939638324950273
0.004914942372906678,-0.0018689636287359092
0.006531957050280183,0.0025921976747042344
0.007737963406092414,0.0035660983895466013
0.0028349041142533265,0.0007569621322822025
0.014698638285780701,0.010094641457463754
0.0073472292072904325,0.0033026147599219706
0.010212717118933519,0.0036051963802796296
0.015350571764682835,0.011058448746352072
0.007133367938365051,0.0033753154134145086
0.0033873617235432047,-0.004024052511581269
0.009803558579611238,0.0019481252239025018
0.0034699899348309693,-0.004382082427119155
0.0009654745132659914,-0.005160669371474962
0.008300080646020256,0.0037065732316335243
0.006276521443780349,0.003853362938665298
0.0037685265861682167,0.003735134479897733
0.011181950450909337,0.008402959288294057
0.007940254232781451,0.005590636385080926
0.006977750206547926,0.005970940730797522
0.007074409201369949,0.00450247633994548
0.008822009299216576,0.0032634948302288167
0.004348080355411746,0.0014523458148162326
0.005864887213035336,0.0015886882448886471
0.008338963146240937,0.005553250510137482
0.012828743935948815,0.009871665003035504
0.00590616303229981,0.004735563284042566
0.00720053253892239,0.002544211114117942
0.00519126393849166,0.00121753016928726
0.005026664040427335,0.0026410137285068757
0.007229271173558718,0.005471473732164285
0.0067224169034598505,0.004996736222835351
0.006010786199470814,0.0024322255768028257
0.007839956992879213,0.005112561123261167
0.004787092726460081,0.0024573210192842306
0.008001410912689327,0.0038106749395111794
0.004344649506188635,0.001495102584554233
0.007261679409020838,0.002748781224236345
0.014850748691398224,0.009613838023446567
0.017173246098483932,0.013823146359686775
0.00378639052583748,0.003989332590911183
0.009587764819659816,0.005190506904339176
0.008523292151050748,0.008156566698493383
0.011070288643690508,0.0035209784936858926
0.010092676163498127,0.0067993682532019786
0.013312031276456823,0.0093393821580413
0.0066764253022735184,0.0034730690473126994
0.006313330056567248,0.0020031473608831812
0.00567780689647306,0.004649892450525752
0.005327053036532726,0.0026658773912172197
0.010334479641790304,0.002735030336251122
0.0076442395337166635,0.0031764411861283388
0.007368895207283805,0.0016777162139224953
0.0064246579887712214,0.0030901201200650777
0.005326081377128141,0.001057646712100048
0.014224784231100206,0.010176835963392094
0.005000111696557081,-0.0017112966652104641
0.0044011768807221945,0.0016523484380923676
0.006344931879345074,0.002923917937869617
0.007049180279649608,0.0050883902519859876
0.011290405702500318,0.003696034589559604
0.006744171093785681,0.0004798880750149694
0.007224653697962617,0.003950128496739059
0.0064602873638465045,0.0002490687816968625
0.005417370029536571,-0.0009589820909494499
0.0034020426796068683,-0.0003980552891721112
0.012098197980234506,0.005172703907590496
0.0005769344791291733,-0.006156279479829919
0.0033900919498400846,0.0005610670686605809
0.008614946455931987,0.0046428581304511305
0.006518030785407642,0.003349886851997522
0.006850046004368964,-0.0005513548074244324
0.014131256492482373,0.007270114387020821
0.006647314577554902,0.0014018921682845313
0.0126192453216219,0.007061671774893757
0.012718463779001541,0.010835927017320869
0.002909547675194947,-0.0035629564032768563
0.007152329536471552,0.0038521389748435047
0.008749833040528947,0.004236705978110095
0.00761564068246956,0.004925438573369729
0.00648370781939503,-4.883075404125536e-05
0.0036419872720796186,0.004985318035174401
0.00018899786465593343,-0.00592802963731595
0.00851148452174202,0.005202440273411385
0.0063390073219325984,0.005860269521857466
0.004467041265399247,0.0041723228916837425
0.011096895919270666,0.003377991846533931
0.008996940216951152,0.008405832574768683
0.0068024847781478805,0.003373072397636777
0.011679182160413642,0.0036506487911960993
0.006831668620061078,0.005048403763835991
0.003548149940872502,-0.003755433783162944
0.006991971123720994,0.0011064862565711743
0.016180351952295252,0.013972812511300028
0.0028577288884175317,0.002850861029110692
0.0032256162416373644,0.0004369593883125954
0.0036646902070505537,-0.003512832000152004
0.011534763685328908,0.006210389360653718
0.005536189257692602,-4.40874936737971e-05
0.009605155395458302,0.004612185016732222
0.004077429264538143,0.004350832972150355
0.01071421493876534,0.00672441383089739
0.002675435244039583,0.0011337921398171585
0.0020850974373137453,0.00028959514870766437
0.010253277254624615,0.0039171050022693485
0.005555545227232314,0.0003998989286865956
0.004860427015961905,0.0011472649000374173
0.014829169112398718,0.011191713392789227
0.0035220388613425475,0.0005083793289618922
0.007818154209300002,0.005139851956109242
0.009241956523339024,0.0046460591469682806
0.002237879086350679,0.00016115252154411813
0.006613360379845962,0.004409750117446187
0.006123759978292199,0.005150694026066999
0.008336729748582425,0.004047067141100771
0.002237879086350679,0.00016115252154411813
0.007107462587749361,0.00242666765047246
0.005175536684590316,0.0014449026140321416
0.003922283250787953,0.0006840861330135607
0.006450976486773511,0.0018035991189800458
0.004646709598742906,0.0013850369244620313
0.007586155394473137,0.004114337988592764
0.012319742201909562,0.0067894001638366275
0.007685735137906992,0.004226142071970856
0.01462622780691411,0.010200818713781746
0.012617224907542747,0.009427293492046374
0.004019009466958217,-0.0038352685793427484
0.0028118645000645946,-0.0041684827505079555
0.005490167724118655,-0.0009550784724819909
0.007291561355841013,0.004301638131370014
0.009481645389404214,0.004402024469931497
0.007143642475368092,0.005226383182764335
0.005711929839970185,0.004804128435887817
0.005984764762317383,0.0031310057515809425
0.0030445796775285527,-0.004459205580434918
0.005428082104773039,0.0018003624458874353
0.005270347875654955,0.001138853234559264
0.005798459111761523,0.0024944418795632218
0.004395307247707606,0.0019917096253303877
0.0016785964494970725,-0.00013067001198787884
0.003972554195710642,-0.0037507381636488505
0.0021172914122352428,0.0029383433699217663
0.004641913362557733,-0.0015104622631188641
0.007402493086205798,0.003747491186103225
0.0046427533292834715,0.002843618319233465
0.006165091643423191,0.001143093456446002
0.0012763649359329703,-0.005834641576650327
0.004462038141538695,0.0022404273381376573
0.006587186360704001,0.0027027105200888484
0.006951219249183461,0.0016469056226951105
0.005349689486693885,0.00587832127940571
0.004198350618680164,-0.0029130704207704847
0.0028710080139825525,0.0030580282754719395
0.0048540276222569755,0.001273197018175764
0.003065869796330946,-0.0019370649996616092
0.004855984779343493,0.0018657227466680245
0.009109615888853277,0.00903736822763428
0.01158547612897962,0.009081188424703948
0.005805014794028496,0.0008334271889706701
0.006704035306375475,0.0026177445386544474
0.007700044813570871,0.0025294038195621113
0.005266764892162765,-0.000781291334676173
0.007570233963388568,0.00548605294525252
0.005581196684349234,0.002136558378907782
0.008396119817428103,0.004537366947195054
0.012280399613107345,0.00784814220559404
0.007947862384490422,0.003020502361132802
0.005768610524576607,0.0012219997105684752
0.0034502304159647447,0.004193667632853425
0.006521860405854564,0.004622968267170647
0.014192014683042833,0.009657744527710259
0.0050867164945325935,-0.001125233784020083
0.008442418343206765,0.0053972850542123516
0.0075797128390735595,0.005062217984053912
0.004881422730484397,0.0029120516767412296
0.005188764973024655,0.0032159865266911383
0.009721876330957856,0.006617046489013303
0.005028614001103255,-0.0012366754548200874
0.010462900596808683,0.0033718630254120857
0.008249574970769035,0.008292087410214968
0.008340049546771259,0.004497376288359883
-0.001922582211952021,-0.008035439612238635
0.007319559055609843,0.0028537796569828872
0.006592851981450863,-0.0005211717308988978
0.006786110238112685,0.004257345548366637
0.004672985043584326,0.0035396553807849063
0.004705874935043098,0.00024103228001273128
0.0052190400743540345,9.160584884578427e-05
0.0011188078262582765,-0.0050727200301907485
0.009455158785364749,0.00669806857501983
0.008022472261509407,0.0033719530007218857
0.007091901548861166,-0.002475987612611915
0.01121913992182343,0.006616397269901629
0.007420964992553971,0.0028784424309786843
0.004961758278928988,0.0024036796757168372
0.006608079150199519,0.00450426431875613
0.004526414432664231,0.002546087474346057
0.00600372808088293,0.0014108127478358063
0.007569489026142233,0.005476076737142937
0.006775430630003038,0.0025457939204426346
0.011648659371178718,0.009445123889693968
0.009299437443129777,0.0038307964144628833
0.004371935209805389,0.0012905941123332217
0.006670003584579957,0.0003347853838673561
0.005832275327533542,0.00801150505845573
0.00464525196779339,-0.001959344496755491
0.007786522977689149,0.00393685480835656
0.005688644524226545,0.0022204904804887108
0.007787660792779781,0.003198737611717033
0.008205097227613724,0.007234683464134157
0.003781115514770639,-0.0018124301080469692
0.007804037904285157,0.0006998413399120383
0.007413804772660643,0.0040498553540186995
0.010015268339760984,0.008827837588797688
0.009820379789100473,0.005748880050585613
0.005771470765466193,-0.00021689255657345897
0.007671798647958453,0.004579473824395965
0.0060974026513734,0.0007753677549831653
0.005218584868265161,0.003054177107352939
0.00514790935930361,0.005312164719363183
0.0033896269338873596,0.0008256501859145275
0.0060636651330580665,0.00048814939836578416
0.0067417935524603945,0.0038136338578810616
0.010490540505029917,0.007182858680246902
0.003956035696375452,0.003217954319637983
0.014173560443049807,0.009490454264219185
0.005451396171872245,0.0014128903789679603
0.005626012871938317,0.0012010162247575295
0.006824959170559317,0.0027475957734405688
0.005376257869104993,0.0012294797052479272
0.005911590658297288,0.0012687009989992785
0.00742093799008115,0.0016448799913828024
0.008268751151240794,0.003815278285217055
0.01658903946599019,0.01233978005392751
0.007415642311932362,0.00299504845258142
0.004798338079974759,0.006461771442241629
0.006841997636919037,0.007568208319385962
0.010539690100349837,0.005164232223384988
0.0037834043946057177,0.001507386453345823
0.00601888037348687,0.002849382872433941
0.0041494015570772876,0.004019810983772245
0.004435898774083508,-0.0015359481245593738
0.0049892356954471945,-0.0029482491360289095
0.009927474874704231,0.005140940166333416
0.0043350736764236324,0.001359610434625973
0.013133971854429317,0.00991215217093595
0.00626073990898282,0.007555836862291208
0.005628608048478433,0.002039922683174187
0.008999084452616404,4.912452663853942e-05
0.010035563676660614,0.0027022416371189567
0.009208944983731066,0.007353262480299367
0.009117857834942563,0.005678324564906813
0.0024846065973550997,0.0005299373577739557
0.005782536923213738,0.00459686970588317
0.0042331287702869844,-0.0019893114837729736
0.003158877652708919,-0.0039953305771145186
0.0020850974373137453,0.00028959514870766437
0.006350249780800754,0.00192480231739184
0.00506517599224382,0.0009706565995614164
0.009010484693293321,0.0028848323305157818
0.0056113545480171115,-0.0009841787969472491
0.0062203257443508965,0.0013718101593210366
0.00922244013205822,0.005212018428174983
0.006751251305579278,0.005394257897905473
0.005161003472769557,-0.001066782857939647
0.007939233500266435,0.007989415701139714
0.005193051711735515,0.0009605592609472496
0.008135641708534983,-0.001239881361577112
0.007631056302051338,0.004859646408907842
0.005253898861493014,-0.0012931006771248633
0.007591103670573886,0.006322271822562275
0.009046047884488663,0.005121553992562278
0.0067317798883717184,0.0022408819708221875
0.0062514252962016965,-0.00012487041813576995
0.006701615317700875,0.0050266007577884474
0.006530427600618264,0.005523571725240309
0.007961642180454892,0.005417959822713516
0.004324512493105737,0.005639147279330664
0.012567559946987026,0.004882449529667007
0.005014818217079987,-0.0013773674189866102
0.007231098377101909,0.00026991325443694383
0.007762919379919311,0.005753056383325815
0.005922815282972164,0.0035016143523460717
0.006876756430840797,0.006668641030076091
0.010987764399268605,0.007980133057580517
0.004141974375682221,0.000305216494180742
0.01146365935777497,0.0037634912284988803
0.010407747577239916,0.006362573043441009
0.0057927408648569215,0.006922951673096112
0.00544686983706155,0.0030347867457507054
0.0031983842796967643,-0.004411823742132394
0.008731735011524161,0.003815367132449802
0.00844878937712669,0.003578719298707441
0.009583120209376891,0.004461488723225699
0.009414363790864973,0.006746031625138519
0.005139815157692324,0.002760321890791252
0.009610739511979587,0.005499872259390984
0.0055952080491977136,0.004542877851320653
0.005133338526015179,0.0010924508749502043
0.005709192551685778,0.0022223551037280883
0.0042101395027911845,0.0011751534437884062
0.005656888789201779,0.006317930383381205
0.004039172141228292,0.004952653483306863
0.009065130927918743,0.006575516914642294
0.010057458511646161,0.005502763755884861
0.008439054885519277,0.005327650073485897
0.01214217666177619,0.007202311581134514
0.006226923922454586,0.006320973893438968
0.0005385276475964752,-0.005826879908695894
0.006568640237905488,0.003683733735477831
0.007257744549379795,0.00550410997302103
0.003968370856446501,0.0024496980310814067
0.0060012921842380555,0.0024889598526234846
0.008369230740796799,0.003563881655369663
0.008873349953859563,0.005770180312863303
0.007385271260283297,0.006674713944942621
0.008222242892828842,0.003357730391912776
0.004822452919768769,0.0011696341761449035
0.005806272729782051,0.005086584912248342
0.007690982659049694,0.004337371417181152
0.015910931901569943,0.011880503232282243
0.0050050760536701905,0.0031598593770303437
0.004677275599508936,0.0025047017038626997
0.003649071386462968,-0.003992194638617873
0.01450433671379071,0.010827157852755613
0.0057235832885491125,-0.000552675490604634
0.006350249780800754,0.00192480231739184
0.0034578908483331224,0.0005354587837364463
0.004041355533067444,-0.0014865920796093297
0.008863174636261725,0.003323810722701866
0.006550358217224248,0.005135962041935338
0.014077523639823333,0.008728232350551568
0.008855245680694894,0.005141342828004095
0.0036113756070272184,0.000193739530573174
0.0056503404587593675,0.004776201775746008
0.0075148966865553,0.002340605691543862
0.009031881062205323,0.0051094098816706615
0.008523292151050748,0.008156566698493383
0.005995289743669597,-0.000638255486343756
0.004835679655606384,-0.0029518674359203974
0.004817853225797184,0.0024042055500664876
0.014604521967557777,0.004906674657207904
0.004219889841468282,0.0011070239956758867
0.005078669099672705,-0.0025952705646075406
0.005963008130926255,0.0031178915045913247
0.006651815773688044,-0.0002597216905951497
0.0033952231180185716,-0.003415597067391183
0.005791083098042464,0.005602307115662121
0.005913938179503718,0.003715344441612683
0.0033225752243404173,0.000929208554458898
0.006358168848210684,0.0032895578260345717
0.007907624914698746,0.004711044292644675
0.005577765288348907,-9.908158700852945e-05
0.012086238788241698,0.007648256474361724
0.013746844756349871,0.005576021160218962
0.011234862956596463,0.009612226752504935
0.005415275076244929,0.0058962825922943725
0.00863206820840337,0.0034691741320966416
0.0001565520698514431,-0.006232378300985386
0.004911749789449783,-0.0018639448528095523
0.00521846706712902,0.0046298437115127496
0.002076417269753263,0.0009482745748746633
0.008848558722536991,0.007606040639669886
-8.836796919877571e-05,-0.006757493047476026
0.004679243989933891,0.0002935668056049546
0.0029216612934622284,0.002632433058175573
0.005341652132842642,-0.0006738512952370549
0.014433572835796077,0.011288310407764117
0.011520047851022053,0.009134487671632042
0.006410793944033502,0.0037036293351574937
0.004256018944969129,-0.001998753140004716
0.011349611804511998,0.008472729561965816
0.007762077456384222,0.003500268915640865
0.005636659973608586,0.001803974201911653
0.0020850974373137453,0.00028959514870766437
0.009434677085643432,0.0035215333157110106
0.012783874733035046,0.009925755092763364
0.002556746799404201,-0.004029329394035438
0.008482854800873154,0.005622779318005493
0.005223658732639478,0.0008572862764691736
0.009737034595507194,0.002985008667920748
0.0057755891076079705,0.005734197383180888
0.010030693285171182,0.0070400226420784294
0.008739701635498255,0.007189892448058245
0.0043618358755042955,0.0017712546171570615
0.0033199674498855317,-0.004747874770225669
0.004606349463055649,0.002332324672630024
0.005481895039243638,0.005315936557417076
0.004763434942615783,-0.001830336618283586
0.005123676079049072,-0.0013393268401775682
0.0023886438677831554,-0.0008002958788893809
0.006110622604225086,0.002493570007851262
0.003700637219650917,-0.001931853474594911
0.009172044127276631,0.006653164927169872
0.010503647507836035,0.006422061644685595
0.009656626182540755,0.005429925673144462
0.004784900112061813,0.0021329419261572283
0.0034908522716405087,-0.0007464940284251306
0.004508242784005917,-0.0032138478521319368
0.006280122990823444,-0.0003859402800464708
0.0024846065973550997,0.0005299373577739557
0.00774574851142919,0.006049745620689907
0.00983750634358867,0.0036237748674137612
0.007235873359468211,-0.001157577578996127
0.006467206511760387,0.004206481915186902
0.009114241423319095,0.004571984395141848
0.003541679696769804,-0.003575062170909929
0.0033581395046735924,0.0008837067320204822
0.006791037610477935,0.0041109692283600036
0.003313495266749001,-0.0037932629759873625
0.003993730411690155,-0.0015144267757069736
0.0074225544245136235,0.003643724890357485
0.008375926286547965,0.007936319672562812
0.0056801158557732425,0.005657697140337579
0.005307472525605216,0.0018374031385965314
0.006745870746543757,0.0030068616721825236
0.005539352886951133,0.005939997375466216
0.003569953482617308,-0.0023943016482872725
0.0030056721588353954,-0.0036120298064057895
0.004388318082385552,0.0059751087869478765
0.005114706059343948,-0.0011505006360931578
0.008725274199526446,0.0045097282935923095
0.0012021076242964002,-0.004729210992347632
0.004214907369762288,0.004199659811601949
0.0031481526576687593,-0.0022199040557192903
0.00811906489164509,0.0009653293071556768
0.007072091922123425,0.0023582606131129537
0.006822763165680796,0.0035706029569754372
0.004618989179087362,-0.003163929297102689
0.007747208741748021,0.005069757739309547
0.0067535885748637005,0.0028272379644875304
0.012417292171636837,0.006630258171301782
0.010292859796960728,0.0073699198313659725
0.00568882903347394,0.0012374490429701967
0.005333252616270729,-0.0009517659461747213
0.009711965285720006,0.00572656656225876
0.00720053253892239,0.002544211114117942
0.008369382471448222,0.005886276695801738
0.005987440203105511,0.0034018071938216867
0.007641306292240397,0.003438771537566548
0.007758490111956241,0.0031749086448583253
0.005014390786380512,-0.0008647547297778065
0.006374470301416801,0.007583364279188438
0.004843603352202026,0.0031525466939626243
0.0099765226484974,0.004225114557266402
0.005490512316204139,-0.0012925374446143834
0.006550358217224248,0.005135962041935338
0.004987264080205512,0.005678470758300502
0.009095886136557844,0.004609961445756424
0.005485866130118283,-0.0022514205789807232
0.009013352606923618,0.004251285638149372
0.008787006207963792,0.0071117986680366094
0.012678766910510175,0.01007907260868813
0.006963477016460504,0.005075189448350066
0.003975639314558884,-0.0025735596384250468
0.005485688794380632,0.005180484098226855
0.006133844577615781,-0.0004337046850773803
0.009900592315125597,0.006457997586355584
0.006600022105588879,0.0034772835412739548
0.007009067630440835,0.00231710436291274
0.0057976298145268924,0.005648621933389046
0.0071227211448590495,0.0009301598237853497
0.003388215528622172,-0.003328090453106184
0.009795064690530673,0.00468883833404737
0.004520352802969926,0.0005453823428724532
0.005998646589577324,-0.0019602796360304008
0.003482896176961318,-0.003771430686764419
0.005099099545205839,0.0004347152679700095
0.0052770439503446185,0.006225477581041624
0.004554045729248508,-0.0009208560353347797
0.0066833912367119,0.0038946504633233115
0.006495418256065207,0.005035812128118562
0.009499875699835146,0.0046661802140040756
0.009459683544545256,0.005596882052553831
0.008990924082980582,0.005477334169963619
0.0031475701647338244,-0.0043246233182439794
0.0041910060754286335,0.0012083248052823957
0.00935430826427239,0.004732741503780086
0.0060664703743064366,0.0029896998988559083
0.004762336758989253,0.0022094689898145376
0.009717213586938991,0.006782711506125652
0.0037491223435752686,0.0030884362497183926
0.004371081836742958,0.0024551059175209914
0.005131450315191449,0.0046588644108692635
0.004448846742792442,0.002144737319990874
0.011143401318731025,0.008306721735402322
0.005980009513909271,0.006727858930601051
0.005297505177982823,0.005837829127904881
0.014564242903640588,0.010115939923676808
0.005113336081094554,-0.0006822731614005897
0.0023446169149061707,-0.003699905485408609
0.009189980030828037,0.004865983085030408
0.006701488330323444,0.003836494322629275
0.006741765832198267,0.00274820606494799
0.0052786711590074005,0.001517041887069688
0.005725219940263197,0.0013539577804448687
0.0054391761958398135,-0.0013394000690037152
0.015288290595704837,0.012071581846979993
0.0025187317722857715,0.00161209549134015
0.005628608048478433,0.002039922683174187
0.005729269540856396,0.0022794989881633866
0.007095752146941397,0.00027483475856643087
0.004762336758989253,0.0022094689898145376
0.006113688106377067,0.004073146591453069
0.008886269207670886,0.004479234796641888
0.011535264297746794,0.006987609218416348
0.0054833041216156885,0.0014535252798246337
0.0055623503187894685,0.002061991192516298
0.005991717082303821,0.005462136148007562
0.0040325887416021045,0.00020319938774715843
0.009868144591825835,0.005346022569741876
0.005374194565159394,0.002736138571915304
0.0043172657037599035,0.0011929186173192542
0.006107767847833895,-0.00044031652829136167
0.005259197464145186,-0.000536754995474507
0.01091024915007987,0.010420319559442939
0.003809557705064928,0.0004206755692344379
0.006864349310854301,0.005693727255696858
0.007742768099705559,0.005736434106635683
0.005562868339913362,0.002394715907392894
0.006711366095657121,0.0048017156159799144
0.00920135757266601,0.005793909857633672
0.010840317311678588,0.007084762223081569
0.004325285577852396,-0.004150542638884617
0.011694117746495813,0.006745577626350717
0.00495598306475812,-0.0003891103329395655
0.0070348455028263705,0.005440684655928235
0.004958825201352379,0.0012285520463347025
0.003464195440339912,0.0008224205676107179
0.008593953153738936,0.0031374714975476855
0.010407747577239916,0.006362573043441009
0.010828329388889885,0.0051900359955785805
0.006250606205854444,0.0030638889204964376
0.003451261810787778,0.0003705381024755802
0.006949656186172481,0.005492518344591832
0.011321507497065817,0.007805032578975869
0.004187961860443104,-1.370377147417827e-05
0.006648457557928232,0.0018330216091613036
0.005574824817892393,0.004614917614267793
0.013494098238958014,0.00708517784164458
0.011249544072690982,0.00921604353122562
0.00451200868462873,0.0017876985211520216
0.011123630089014772,0.00730942997544411
0.005254317392713005,0.0032084039279145606
0.007048736829798573,0.00527133968623675
0.008920890489648054,0.005171003797189627
0.00833423752417653,0.00456325493255572
0.0040181001387984885,0.0012178705021380735
0.007227445227691645,0.002379401117353132
0.007014233550876328,0.0005221805302140945
0.003030150794000234,-0.002674965131211904
0.00626073990898282,0.007555836862291208
0.008232366774977802,0.005402640882110759
0.01000145105755908,0.006358549555028793
0.005481895039243638,0.005315936557417076
0.0054263015910256075,0.0032806336188928613
0.005114706059343948,-0.0011505006360931578
0.005635783681472259,0.0008828287726890798
0.012353882714146234,0.008683278817698247
0.005885271773560372,0.0046744899969027335
0.004813512984240707,0.0018497299748147806
0.004880257020290931,0.002346155850719265
0.006252619771389707,0.0002407577795872232
0.005760010358670714,0.003267103343950197
0.005845151186199299,0.002735655251169547
0.009527592784194116,0.006077012257838382
0.006100396833177894,0.0035175730568464837
0.0065008217466089,0.004770513598119671
0.006312144232276629,0.006247256536186279
0.01139040844012501,0.007382897212579167
0.007787465199879386,0.004187447765435634
0.005029715096814959,0.007103191979873773
0.004420197841865956,0.0018074791476551978
0.006141193938788402,0.002865159975223747
0.009466883051389532,0.007297086874835221
-0.00023056009464323193,-0.006155770397787768
0.004364717055126048,0.0015201436222654127
0.009174267699013222,0.005499533336629842
0.005189932150394063,0.0023779730032207763
0.005188534630765756,0.002535911997640702
0.007021973985707289,-0.0012662457249349515
0.005774687044165027,0.004117531343036207
0.004757131932847839,0.0009779277792840834
0.005555545227232314,0.0003998989286865956
0.01971417777470697,0.013758342242528523
0.0032012289909442073,-0.003733384970832072
0.0068694863079764,0.0020111230122740595
0.006229422930559799,0.004302661923506745
0.005132824223373342,0.00579290377292899
0.004238484621848679,0.0040335330528952235
0.01120552502633714,0.00540801830405529
0.0063571767056676476,0.00343087917458378
0.012219409866709214,0.010387057750833458
0.011257676733514245,0.005264993181053392
0.004123058646927422,0.0036519676488146104
0.00895642051355242,0.0050836849996385635
0.017041653024380217,0.012444866726070036
0.005723849371159179,-0.002201149825707153
0.0037636654017677816,-0.0003300618137747884
0.007758490111956241,0.0031749086448583253
0.009647686122637823,0.0044701787564831955
0.008211372386119582,0.0032985642258756874
0.006847144533932315,0.0017752830268286243
0.007568188553309596,0.0040141916284826325
0.00565918164783101,-0.0017127702245857013
0.003964656568577354,-0.0032653441796308916
0.007374157705786653,0.0034252577659737923
0.00660949092416306,0.0036253614318912126
0.005861094496435135,0.004556954527099182
0.005339865090790004,0.005279479903010124
0.00882554867364383,0.003998600744815674
0.006937062984943308,0.0015531586379383148
0.007017689282351117,0.00042538411930960994
0.007061972155340702,0.005403053621348502
0.008533676303417745,0.006158937716621648
0.005748213185076699,0.00465067604419752
0.004932236912144428,0.0030592441733501346
0.005259408558578397,0.003609905921998377
0.004546807011614244,-0.0004943514906037231
0.009720366017816662,0.0032994074552937444
0.005175137323362392,-0.0006222993778130011
0.014350946744824088,0.009508090265018834
0.006848833421945057,0.003014675884657904
0.004748722824316792,0.0025611543647955162
0.0046456852022843,0.0018774932358380392
0.0072785303053988625,0.004308710892274325
0.006120378429958643,-0.0017450115938017555
0.0059429205372087636,0.001311860426361164
0.0060974026513734,0.0007753677549831653
0.004281933022160527,-0.0029768643317447004
0.006049178464783091,0.00547522536529196
0.005126176447238111,-0.0011893332434592205
0.00699352271477858,0.005434296417860224
0.010790033982539148,0.0064930782208456345
0.004230426832524663,0.0014393324364003375
0.007533318806348973,0.003906321536265328
0.009114241423319095,0.004571984395141848
0.006106657871690358,0.002627438181338259
0.01231706851624266,0.010792198320482949
0.00514450178181055,0.0021307898796258298
0.0147359489131616,0.009949867211767684
0.006636154296674077,0.0026871709328727253
0.005232839569391849,-0.0009682837410915617
0.005622110134533175,0.0019819529959053594
0.0017895617603916024,-0.004953467826640508
0.010032896145102214,0.007429345709506193
0.007295301658085437,0.004053987069973309
0.009048779260345481,0.004142783983636392
0.01896255296175699,0.015084917995073867
0.008098721339184113,0.005726090940836542
0.018913957649782702,0.013842026778269246
0.008460569023320316,0.007317315941247513
0.007994388196844443,0.005328620495999321
0.006651815773688044,-0.0002597216905951497
0.006648848670383545,0.002897765120010997
0.004215780655224282,-0.0007505302994023685
0.006285166140733855,0.002323498137113517
0.0033270430672227335,0.003830495091396587
0.007940226170770514,0.003615110036572617
0.00679233340890918,0.002161950057787641
0.007254651480432966,0.0035376910224869376
0.004442472454190035,0.0011855649680277197
0.00662160925801031,0.005133717919140293
0.007372758470538285,0.005969977431616351
0.005921186123212767,0.0022260745594638804
0.0051322326293601565,-0.0026524762116626995
0.0010366136539117568,-0.005776358523230049
0.007402005016810095,0.0016621316978946803
0.006938020333965136,0.003533735583549141
0.007405516801049344,0.007142036198285136
0.006148046011322136,0.0027665124401206054
0.006233152208836919,-0.0016512717376289494
0.005809352734041321,-0.0007550543769687191
0.00960720390830531,0.005729152244900972
0.015188432825326677,0.007782514523940406
0.008258584269889124,0.0068573582556486845
0.014404458130208806,0.005746350323720348
0.008284152116296028,0.005647473138016752
0.014078933049239904,0.008647516941279956
0.005179018653908538,0.0029412785646141587
0.005318344695618992,0.004694631514106288
0.0049733810462629195,0.0012952890380536252
0.003648110770332138,0.0040317082494026445
0.006853627961360301,0.0038748638402533032
0.004808919784984652,0.0005533791738896836
0.008589997414974921,0.003045515044866236
0.008530750290775725,0.006130638182020507
0.005683162613377079,0.0022017332394869762
0.010407747577239916,0.006362573043441009
0.005760010358670714,0.003267103343950197
0.005140037926059965,0.002047490199031155
0.0046318188051477326,0.002803259370005461
0.012362697043717681,0.010813787880783118
0.006204412166514331,0.006818492841016526
0.003340620383742769,0.0013364148647361743
0.006554803544998696,0.001722153749811584
0.00404877007972218,-0.0009248875366259478
0.0034113040139881817,0.001882901782188493
0.015235423556771304,0.01089679458126069
0.006807390049196801,0.004089981256393517
0.009371818123047385,0.002816331251063734
0.012497750599014737,0.007236463178801236
0.012605195018053317,0.008014525228623908
0.017150046343678955,0.012975348752670035
0.006586637080089393,0.00040858077976417984
0.006226923922454586,0.006320973893438968
0.004221955996458874,0.002876609845953203
0.004967193095702692,-0.0014052021150842541
0.004464792447705238,0.0016057974107456085
0.007828771034385685,0.0033491605402708353
0.006619881571035202,0.0023708058418814865
0.005971815061501549,0.0017466515188579324
0.004314947565869405,0.0064478604247203124
0.009217430804808599,0.00571091564249364
0.006736162032367291,0.003270365088793948
0.011485743074148775,0.007284491965746138
0.0075948084283917715,-0.0011980642712570329
0.0033616597803171533,0.0010777939519604138
0.008228583517290158,0.0035810340012035415
0.00782369992012235,0.0030357157506192764
0.005562423670180394,0.007292119821102274
0.0030656575747757117,0.002282727848211965
0.011008525329150635,0.006532834664606325
0.005638543049091565,0.001706267138641005
0.004981093820242559,0.00013551942384676732
0.00866351964892148,0.005880303379185531
0.005098487798356888,0.0024333268788589504
0.01186877579971828,0.007282404102514959
0.014309407485333655,0.010089244993575164
0.006028766549025889,-0.0005799618986384036
0.007381325790101459,0.005295226903618652
0.009173981160723281,0.004370153647697956
0.015276958756741609,0.008328167712330992
0.009917999881951906,0.007674256485440331
0.006711818349208889,0.005093330019192946
0.005635793064432641,0.0019707744595179886
0.006085401322566982,0.00541862553394385
0.00809834081750407,0.003948725805514199
0.009494749713363303,0.004569343715805965
0.004697093746100255,0.002587686380427977
0.00457085069348602,0.0003924470683492696
0.010455332553877764,0.00564446543624405
0.00742747037873433,0.004007910076212873
0.007168914739606872,0.001968165083469753
0.004590170430186355,-0.0009717884597799688
0.008424206874155253,0.0008866333240999617
0.005872022588103945,0.002271888967076117
0.00589368163230485,3.566969121189881e-05
0.004757131932847839,0.0009779277792840834
0.011415959106291146,0.006426778412036116
0.007120581173383156,0.006399531132942584
0.007738000476583911,0.004692047797523455
0.0033046286967204214,0.0033731785793712447
0.006040452587832459,0.002006422631263793
0.010789228786325692,0.00925587038748844
0.007431295529450995,0.005100706991390138
0.01062250124238353,0.005298310960293036
0.0023726894031699183,-0.002844902054058655
0.004871970692922497,-0.003135613092138505
0.005383224463607477,0.005888676838423716
0.00576615005948998,-0.0028466535562267324
0.014744267206416885,0.008997222846007413
0.007862423009229345,0.005019201235190923
0.003698689998610804,0.004771258033199266
0.009908171103983308,0.004514541830998363
0.015318162929439962,0.007697656719081444
0.01063019960138392,0.0031321709694619756
0.007261988645814189,0.002987950057148992
0.007183997600997719,0.005031595719423027
0.007003412936559036,0.005464274917190716
0.0037283945629929,0.004773041130463682
0.0067321307326269585,0.0015228217459362335
0.007502380912727161,0.0047049407141732825
0.0056160074320133245,0.003774892795479325
0.006966019257608217,0.005928570694788064
0.007053078343654127,0.004516359271162005
0.005586283238112714,0.003204211051903597
0.004460632044893199,0.005202584728322178
0.005015697867537149,-0.0018990491896558413
0.006809789613470116,0.0018760446982036714
0.00386844121507067,0.0001692092330262962
0.0032264102912451156,-0.003986707488638597
0.005875479700948947,0.0014121641209599986
0.0081882395361727,0.007394540756453163
0.006963477016460504,0.005075189448350066
0.01770153665272304,0.013776070956051161
0.009758364561429006,0.0025311886085609466
0.005461788793961927,0.0031310730470879644
0.008523292151050748,0.008156566698493383
0.013648857890203507,0.006790321415394752
0.004240868197008224,-0.0006370663921410405
0.00974767278607175,0.006247748168096425
0.006673462403213547,-0.00042447319702481646
0.00691560325835695,-0.0014500175599959165
0.0035742468202177823,0.003730658061802082
0.010535483936412855,0.004803902792037054
0.007027086784134471,-0.0013441552866613176
0.006951216059087583,0.005154317749151746
0.005184092097744253,0.0054418152086875525
0.005104787081587247,0.0015389568829938857
0.005430372478408628,0.0015328183407539876
0.014079207949861405,0.008921666367546814
0.00828815311322683,0.003148676020283612
0.007630615076948025,0.005456178778940564
0.005789289452472648,0.002650154390909495
0.009688565884766477,0.005589664064743734
0.011949522883657589,0.004481173882313796
0.007405516801049344,0.007142036198285136
0.005901669827907868,0.004002512648525562
0.008666032024258936,0.004568354018211169
0.005306311126922969,0.0005424176991610102
0.00428464912205484,-0.001979773537379847
0.006038012885062168,0.005510534136416518
0.008514436096797329,0.003772671896370682
0.005940554020237069,0.003954869842419298
0.005364817488795884,0.0015186149965259075
0.008161810484470594,0.004083409553374459
0.0050607938633712365,0.0031559149262506154
0.0076432945053320055,0.004107010005443373
0.00451428945523887,-0.002216932289903186
0.0031044136295433223,0.0023026362075386393
0.0062706695498706035,0.007154921568228832
0.013390628240285153,0.008913653766603778
0.0033583120776682074,-0.0036128253462264833
0.009031881062205323,0.0051094098816706615
0.004366049903251908,0.0014384267034626835
0.004862365185680445,-0.0012422488822853121
0.006009684115770621,0.0012618395930250196
0.009619495889430186,0.005264932996878217
0.005838285782941934,0.0029015943572790756
0.004241907044676124,0.0011418177069192842
0.008039371801518485,0.00251065028165427
0.005010029921048995,0.0024657701935090533
0.00851940122925878,0.003977657474698302
0.015435380347409275,0.01205209862990239
0.005319110250854765,0.0025972936584545787
0.010249220219319833,0.005466836706831744
0.003390538139024542,6.804611085063639e-05
0.00545861814780799,0.0014930914583402323
0.005107952312181131,0.0001935577660496816
0.006625996597389053,0.003293549695577341
0.011420806818747069,0.006550652960607537
0.0021461076443915587,0.0009992251252491898
0.0028710080139825525,0.0030580282754719395
0.008926073098189252,0.00832320791630325
0.004996301537838928,-0.0017468967717672946
0.0044811419341329204,0.0025199257346596926
0.005284990205126684,0.0016142819276352355
0.006533240653342925,0.0020393200521898547
0.007541249998886846,0.005187594608827662
0.007084323497546117,7.047268548996365e-05
0.006419285460026068,0.003138219139864707
0.00400575115142628,-0.0031739061231126978
0.008805429335979855,-0.0002598848666717935
0.00575802869827924,-0.0005254892988216346
0.007627208071765958,0.004684124843126742
0.006790034073686443,0.0032415138813082587
0.005454809889919676,0.0020361366208084732
0.009811653254414809,0.004851271002184074
0.008160545452649225,0.004799073873708263
0.0003231346755814008,-0.0014418001616025786
0.005155408162970266,-0.0017071956407541857
0.004805881888580542,-0.002789092497923149
0.008150660652087818,0.006953654596498736
0.004132817134448027,-0.0007522183762352155
0.011190860781993259,0.008343496296727076
0.007899623166552721,0.006327997207272392
0.005717411712128089,0.0027162765388543666
0.0076949182548996615,0.0027926159734105475
0.008578530038418249,0.005675889923822392
0.004968616132064356,-0.0027153834272247252
0.013846549761142555,0.00845859324968722
0.008446420358624952,0.00842035985753623
0.005825343298576146,0.0019252220740868234
0.00466448813564887,0.0006664205107667024
0.004762385437958117,0.0012688337058136476
0.006761553493640052,0.0032243178130333386
0.004189281570273329,0.0010907856630323126
0.008397551493449775,0.005896756254098991
0.008942216878857243,0.0019839367033462644
0.005985163297392411,-0.001605151981316822
0.008553202999532446,0.003863183116556003
0.005540580744172293,0.0013784478082081433
0.0069053833508787126,-0.0017766329731880616
0.008666724528361591,0.0038764545925131953
0.006743839662744175,0.0009091469624127567
0.007466789913597064,0.003286365138684311
0.008258584269889124,0.0068573582556486845
0.0036675323843033698,-0.00020121624392434138
0.007237760780240084,-0.0015343170357735945
0.006755246949615356,0.005132178054409273
0.006240469273717851,0.006704165094234486
0.005065330727394765,0.001208479612642737
0.007254286884199143,0.004254221959549394
0.007093100791191274,0.005171549037800052
0.0045513572713081355,0.0004477068628902991
0.0036998521239706133,-0.0038561864207061125
0.007489415426355026,0.00400595272501514
0.009614341918461843,0.005646130516337717
0.012398391115082143,0.00891233457819532
0.00604208613507291,0.0005573900369712087
0.009009769838343616,0.0016522883954266394
0.0006082187397892253,-0.005801521231684775
0.01568859181905137,0.01000620504176102
0.004461261176858709,0.004985058085338216
0.004481269997975501,0.002136245578776887
0.008523973261029872,0.004031104297572357
0.007346208309168439,0.005796476596298811
0.004439890971104438,0.0052265625966067195
0.015100673749597374,0.010259897075317237
0.017164216113281592,0.014433645530282004
0.004757131932847839,0.0009779277792840834
0.006358632710672847,0.0022395205831191286
0.0037974070622053026,0.0011411800785902189
0.0020618367920772224,-0.004681718915763894
0.0031283958062234924,0.00526128679280403
0.009734050710592242,0.005614437683225088
0.006822818762827368,0.0021783460771705758
0.0040768365564297585,0.00041488417865370546
0.007753635116227436,0.004362956460662402
0.008048405967701483,0.0038912716438235947
0.006593116313183508,0.0014955162468669988
0.0038775225592106617,-0.0021512617898566608
0.006426082503705893,0.0010519928482913008
0.005074511308254913,0.002742661294521928
0.009624314762977206,0.0073631562851745585
0.012170413263531285,0.004317136052818717
0.008749833040528947,0.004236705978110095
0.0064806876816933786,0.00331863004313268
0.013326077242456932,0.004510454213553746
0.009294949892312158,0.0037869884407474353
0.0057700571545489625,-0.0008107539363931627
0.006292127953663645,0.001998521878936178
0.002424009384179861,-0.004303566363348398
0.007766747723983743,0.0021072879828549704
0.005879496810666256,0.00503657460179518
0.00882415147316384,0.0033612341506758063
0.004257756994625618,-0.00018876611310555437
0.0038716784877120287,0.0015093707203153468
0.00690475774259361,0.006678241304527718
0.006825126880848876,0.0011851045430251485
0.011391229286615196,0.009216943218221309
0.005987549706701876,0.00018653487447314356
0.008212878461606735,0.005439713833942449
0.007008221176023249,0.005238624310009924
0.0056801338304061245,0.0046750962429213914
0.004554622493479518,0.0022076768319959873
0.007377263363476868,0.0016669656326882805
0.0021172914122352428,0.0029383433699217663
0.0068489656656599155,0.004770341129914669
0.006374470301416801,0.007583364279188438
0.003319953475987727,-0.004117180938418365
0.0016785964494970725,-0.00013067001198787884
0.0059525245680714725,0.0037301113070993697
0.018931095970786998,0.014739784382817485
0.006353448888682745,0.004227115340330309
0.00829279810743411,0.004042120247307986
0.00641215455071413,0.0035585581886772907
0.005995289743669597,-0.000638255486343756
0.004817617076164724,0.002249032729072336
0.00619015306436513,0.006655593768676766
0.005282363538403359,0.0040377969830151855
-0.00023056009464323193,-0.006155770397787768
0.0029911445485459095,-0.00361222917232025
0.006909421090789259,0.004276227463765148
0.007787988206072697,0.002910159437056032
0.005978375930317759,0.0023468520827527135
0.010949619521228637,0.009503445453636844
0.004366508961918163,0.002225363551454508
0.007003576915955999,0.003124995250561159
0.0050013991067125235,0.001980262619243128
0.005411775535889363,-0.001860104448715377
0.004706719982076472,0.0002691361891877988
0.006315680943233687,0.0033111644831196165
0.006049553292244105,0.004214458273089557
0.00835771128506638,0.0035402549076340188
0.006628362101983013,0.004805888537556962
0.0062874741674196835,0.0055817149118082415
0.005098949771420692,0.0024358337633931327
0.008605239562285476,0.004330000895714459
0.010898888847760614,0.006560647883374775
0.00447149630040377,-0.003259524284169731
0.0014703115912381125,-0.0052261536174333986
0.009659309518467796,0.006391223556773929
0.008100349723287499,0.003731858524291408
0.005216422257246658,0.00207296626318681
0.005169739243862572,0.0016860125917424595
0.005179018653908538,0.0029412785646141587
0.005586659792649792,0.007365458285823811
0.006250606205854444,0.0030638889204964376
0.0019383126208122308,-0.004667534155624224
0.004288469584730422,0.00168459204384897
0.016550745208062042,0.012945266685749888
0.006849859915280228,0.004370586328463662
0.007238427449445132,0.004451431950566734
0.00903357995417426,0.006496702577493387
0.011694122952612808,0.0037034574996913897
0.0029216612934622284,0.002632433058175573
0.004268838384427019,0.0006178157766305098
0.008059365185832074,0.004376562415849428
0.010118081901652374,0.006809592660759315
0.007048736829798573,0.00527133968623675
0.015327859986640621,0.009416195037044018
0.002892099178405154,-0.004392409570009833
0.006025838922677005,0.0035693596803546244
0.0052489129254530715,-0.0014517044143804022
0.006296390138524131,0.00040606878720323217
0.006025838922677005,0.0035693596803546244
0.004690394027364842,-0.0022619383478901557
0.008258584269889124,0.0068573582556486845
0.006489977834869085,-1.747990906084823e-05
0.009614341918461843,0.005646130516337717
0.0061327335398719,0.004006157948338966
0.007648929548654967,0.0054590125737929976
0.0078377298662256,0.0031161764583607157
0.00755737379685849,0.006264962697664514
0.009229964368534349,0.006450879033804356
0.010151889961872341,0.008881690389263128
0.006913107327182831,0.004372004939862208
0.005579232490904645,0.0031929018372645526
0.004810663634146731,0.0026478525635707535
0.0063151350300833615,0.0020913835666108048
0.004297039739076952,0.0012238008777719694
0.00652208711386907,0.0051350625654838725
0.008749833040528947,0.004236705978110095
0.004000629891141778,0.003473417958501041
0.008849507875096654,0.005110243783997145
0.004461188316247866,-0.003003516421072336
0.013849631137997333,0.007710599642554914
0.007395313993414242,0.005289416254602186
0.006453804733938115,0.00288007948464625
0.0085494050844063,0.007888136303767881
0.006003744617965819,0.004592267041557168
0.0053702076786575955,-0.002034041746507379
0.004920368369037149,0.0016801051481623377
0.010155509888635759,0.005200074259264669
0.003942313522998791,-0.00016747100669089326
0.00736998196504976,0.003888725700785945
0.0063867762370233465,0.0024187279140673113
0.009266483236046058,0.005246729139563323
0.007395313993414242,0.005289416254602186
0.00612410056775708,-0.00016014232310195865
0.009215157175182802,0.002430392335655486
0.007502132734012071,0.0025383653454153074
0.006415284244821745,0.0028859563669162216
0.014149900886769508,0.006370888306922452
0.007249373760266711,0.003205732603928889
0.0061327335398719,0.004006157948338966
0.005752003153406695,0.0023325997299231465
0.010675393649381328,0.006900191768986937
0.009614341918461843,0.005646130516337717
0.004339087673360003,0.0036881804560232097
0.00884368984598642,0.0038089166525294405
0.005710517768195339,-0.0016659076001963712
0.0014129833927366206,-0.0052699377070645655
0.00669324606743533,0.0026364291282782223
0.005391179261104555,0.0019544348320288006
0.006528805020703974,0.003770367303618059
0.005980009513909271,0.006727858930601051
0.013624253612663836,0.0119942516752169
0.01406633489061981,0.01071963718699672
0.007783971376999465,0.005537745849398729
0.006706541689856901,0.004309089809229463
0.0064314044724799934,0.006687257988887867
0.004431129126914271,0.00024908731930507917
0.002151403746383016,-0.005876490777903733
0.007120581173383156,0.006399531132942584
0.007424521017666665,0.005119703183182304
0.009774325328164598,0.005746707141910719
0.007536361293068623,0.003083041523010431
0.009897289958715305,0.00687717161004128
0.004168002699877686,-0.002866681780700893
0.01572016690683938,0.010381793911534164
0.0016430950252959362,-0.004393372542311756
0.007405516801049344,0.007142036198285136
0.008543862330819786,0.005046525633548007
0.004845215833539918,-0.0010175764946124917
0.0031338888467943565,-0.0015309869518649218
0.0066729548636722405,0.004929871258563032
0.005344960596930977,0.002698700929445244
0.00643385423574252,-0.0019321634242557336
0.009639014696145965,0.0056790422168398235
0.006284748607646472,0.002237537489782884
0.004835276930616264,0.0009279380298264171
0.005302248812129266,0.003130005220990415
0.0027562996394677186,-0.0045516029118548886
0.004821236340343717,0.001297888391695195
0.005379986446511671,-0.0009387908762905775
0.005451640740648413,0.002364262212061796
0.006641383333621249,0.006971935265478117
0.0038938886359897174,-0.0024538148642780783
0.0031557695081997628,-0.003929176337014601
0.008303182672684548,0.003946063650557947
0.01095330022376723,0.006654352929100908
0.009120447124472486,0.00463591312456804
0.0045903286595693395,-0.0022847973510252365
0.0047099025215302185,0.0020261562430213074
0.005115099689479903,0.0020740485707265496
0.0065676880683305195,0.001869707751093905
0.014707581849953402,0.0033339064814538327
0.005100421260206346,0.0025264886570531874
0.014611173253276585,0.0093523318973671
0.007645395122429909,0.0049257668973666825
0.007162278686342582,0.0040216069261271
0.006804192793227457,0.004335100795640766
0.0012525444228390992,-0.000928651138791755
0.004417798210908028,0.0023750224293805546
0.007672413128593332,0.006788231345008668
0.008439838677430832,0.0018246290651315533
0.00436046300132022,0.0010991371888403722
0.005550263838488107,0.0032908120861511927
0.009020916835890626,0.006795093777397999
0.007069752853407773,0.0014221828176303655
0.004614329839449289,0.0013743620330012671
0.005441776494998347,0.001701680666113441
0.005394893648192766,0.0050988963437190865
0.010056057779965662,0.007830065094851887
0.007673660185139548,0.005731209926763171
0.007385768951524834,0.005557994166400373
0.005980009513909271,0.006727858930601051
0.00682494777606591,0.005779166583659532
0.005406256393434053,-0.0028051044097551076
0.004153100965192242,-0.0025431286010199235
0.004998367655321778,-0.0017170390456077225
0.006552277014561561,0.0007087711815486931
0.0037226777468060976,0.0022576795799204063
0.00517982743785505,0.0014387825923323659
0.010749994737198584,0.007880949572009827
0.0070996544895187055,0.006651376110101279
0.007370628560840789,0.00669806932783344
0.009594779602689136,0.005500639160707019
0.008886269207670886,0.004479234796641888
0.0078160195724262,0.0028210716635760497
0.005919766948526834,0.00304378367408096
0.00417160415680487,-0.0035544913346135226
0.0067524299917041605,0.005113316985443055
0.004611242841709513,-0.0016746363903571444
0.006251921747516533,-0.00019403304452901993
0.008640882785193406,0.002865290388290467
0.005467676270204825,0.0059101678308081905
0.004627361314994322,-0.002411741324705785
0.009746940850005319,0.006734547784551814
0.006417471060747646,0.006485106288469548
0.005338907863548205,0.0016125645367441538
0.0024084770111374564,0.0014712650252799407
0.004696623861557191,-0.0009216885265460649
0.007381914826983264,0.0016823034193567425
0.005575913822384404,-0.0026731417573917365
0.0056245770863565464,0.005975038590965613
0.004639800715186017,0.004781434206922771
0.007696248561630863,0.002216351666700242
0.010464469302191207,0.004359176714326641
0.004456487503213845,0.004262185706757018
0.00860561980262532,-0.0009485128177368404
0.004169201790512353,-0.0018192928136665874
0.004146626560778145,-0.003192400699520941
0.005890960037656065,0.002254380079321985
0.0070097998769164185,-0.0006585847978392307
0.010066842559213944,0.005696943111984259
0.005905099369609126,0.003259605004338276
0.007631056302051338,0.004859646408907842
0.003612755375146654,-0.003459869377447837
0.00686343298572875,0.0016416355576328529
0.004415505460141295,0.00017290003172510358
0.005896405970445044,0.0024270131683387227
0.010981757444580721,0.006440851732205309
0.012246179320072274,0.007332203012579955
0.005512939706315756,0.005514770817663706
0.008243542869570727,0.0069251680119134075
0.007786185198555849,0.002720405095646956
0.0052744917944083135,0.003243257980552138
0.009401204012381514,0.005500463319771461
0.005566908515108941,0.0014685514095015189
0.0015411934685885705,-0.005543030226445454
0.00689201533870622,0.0016633815315911732
0.0037394237840978617,-0.0001337407389781272
0.004073022502395475,0.0019366659702967134
0.008300215508413877,0.004004374047589693
0.009159977762345253,0.005035414372506258
0.004520352802969926,0.0005453823428724532
0.008059365185832074,0.004376562415849428
0.007966135976671665,0.004405824050164009
0.006226923922454586,0.006320973893438968
0.008483896292458317,0.004881404015368846
0.006105597954188895,0.004982440446851274
0.0044022554919455475,0.0008355146894115772
0.0051238376881797615,0.0029496949711147044
0.0034469724430111967,-0.000976234813349683
0.011615160398257643,0.005056883327006609
0.016871108501134435,0.013691379874744176
0.010212314419164951,0.0049259316336453494
0.00829094629654803,0.007275186639393213
0.00514790935930361,0.005312164719363183
0.005388328434921809,0.0031042650975298203
0.006282099097694412,0.0012504200744861615
0.004952703658119586,-0.0020598782194469114
0.007632318216719883,0.0038523948203641207
0.005489648806277838,0.0004221435167797577
0.004412342176503338,0.0015479783183630531
0.0039775325898858205,0.0011697816033139812
0.00742334572627611,0.0019231475882814566
0.006551320815281181,0.0024008979727234954
0.016477787308142408,0.012307715312526363
0.0031400402976743957,-0.00046148889104915235
0.005588279349390393,-0.0013716534961959372
0.006205945501601534,0.0056852996280003475
0.0055808896759293415,0.0009386561616655026
0.008080190702291058,0.0037548674467955214
0.013023348587369095,0.004342601476984287
0.00438606001477874,-0.00335658045738863
0.003807284549211618,8.829394491458031e-05
0.005393506462864763,0.0015967579651222225
0.007087295281766221,0.0021575040655018194
0.004638255330290051,-0.00025839918911259654
0.006210579862243291,0.005440923513933831
0.00677476709778326,0.0032377331924858107
0.003984365233039364,0.00011794881918398246
0.012998278749675008,0.011652750504400892
0.010783000555585395,0.008665810218732358
0.014636733305726318,0.00836045842360417
0.007735349671824008,0.005488786405091049
0.005000090426058382,-0.001628278078465874
0.009363829139364135,0.003524967800771833
0.009299437443129777,0.0038307964144628833
0.008140736353776792,0.0012174531652615036
0.007313548965160179,0.005459667923462455
0.014125244720150303,0.010763924873723945
0.007738000476583911,0.004692047797523455
0.005542283995434107,0.0028985907335321373
0.0038315123169035473,-0.0017798295618540582
0.008205097227613724,0.007234683464134157
0.007416061562051881,0.007553005176626893
0.006966575483836413,0.0005556740141808517
0.0063510458093122835,-0.00044779956515885507
0.007584317865493557,0.004701002790822794
0.005339172061556116,-0.001934190574687229
0.011278329144059285,0.00748427676565404
0.006475303946294375,0.006716193259104385
0.008742489027513348,0.0050733252186594855
0.0065360174406744916,0.0038870395983817917
0.007467844903550885,0.0022996910984729637
0.00929854909299033,0.0039588974429205556
0.00800656567935174,0.0019987656776645248
0.008604709791390459,0.008482580983576942
0.006120275451650593,0.002996930626322534
0.009620098979689615,0.0018944834930349425
0.00935223463290394,0.005359419444840062
0.01181902416941938,0.008970507645086797
0.007779323802367304,0.004198369263333663
0.007936053987219423,0.004261996992015325
0.008782631946703917,0.0021839240630664508
0.003789494532809268,0.0015399013925479956
0.01017151981799016,0.005238453194200915
0.007856171717213176,0.003518173361891797
0.003285272204815729,-0.0042193979683541084
0.007440820113362419,0.0012339761610570526
0.0037226777468060976,0.0022576795799204063
0.0106869886611956,0.00706513818819012
0.006307912776127942,0.005924068717593253
0.007769592752897009,0.005016944277973627
0.009414671478669067,0.006514584102713897
0.017701338159937963,0.01314403400734654
0.011025558902018196,0.011122521248922034
0.006127866220387426,0.005239366419010469
0.00842739704595488,0.0059708797647445855
0.0088329519418567,0.005108274536425518
0.00493307090688829,-0.002289693715152417
0.006574354706956925,0.0013747399735439007
0.005404096050297581,0.0030121650064621024
0.012983229020669777,0.0067273550646385
0.002926612011414668,0.0003393276798120577
0.006648457557928232,0.0018330216091613036
0.00905285514181442,0.0037793742575924164
0.00803283990890158,0.005641293798982663
0.007855089351466792,0.008309688699372332
0.010662658084324376,0.007892442777348345
0.006738353821340763,0.005007751261064126
0.012440407201558912,0.010846315307737286
0.007815704705162902,0.0034773416403247608
0.007949841699056851,0.003777315183488635
0.0055447010294009105,0.0029833953473723312
0.008051723206628185,0.003163389721201698
0.007899472338296222,0.004660592508501843
0.005474105949438717,0.00235219619211381
0.005660831870912778,0.006219625329702129
0.004460632044893199,0.005202584728322178
0.0051416706318669425,0.0013994127799041725
0.007996546357877393,0.008049125247504374
0.005156283527018163,0.002192975639972264
0.008014159819627865,0.006575029247969143
0.005204386058827776,0.0051918696320984725
0.00599033807991512,0.0047824837210745244
0.007197507633804312,0.0029782321873402604
0.008489946985221555,0.005879732259329845
0.011831289481279957,0.007137276386265228
0.0055040990171789355,-0.0003234190751316285
0.004551259635175229,-0.0012424840210247638
0.007960976741015301,0.004871720267200036
0.0046359161506017025,0.005267986099223306
0.007696432549224094,0.005011740750675525
0.005431707012164021,0.00217615120313068
0.005775246522594225,0.0017888624871787327
0.005333375472162214,0.0019451542208602651
0.004416987993700192,-0.0008606426446769802
0.006655944746488303,0.00527282773175423
0.015772087127021103,0.007719326722806497
0.008137497769089539,0.004577366393011347
0.006633010325161791,0.0016922463388304027
0.009090584407915232,0.0030536162777722586
0.009031881062205323,0.0051094098816706615
0.001112162084544661,-0.005721578724203225
0.008194307751429368,0.0010477727663944997
0.009840747170268152,0.006938325958012576
0.004940786782781369,0.005072401123944457
0.00678968873913779,0.0025756330575759023
0.004916011996917355,0.003126240431149385
0.008756555065194543,0.0019321531167537766
0.005299668061639788,0.00034683694448104773
0.016646771059084756,0.01232541565268749
0.005125318479623714,0.001317271485465404
0.007364568829722645,0.005614888480680761
0.00691533951027368,0.003308664932318602
0.005579719072653173,0.0021388964786119057
0.005438522095316617,-0.0009440244508451519
0.005091857138371177,0.005210768247472986
0.006818430840372954,0.005150920963323143
0.007696432549224094,0.005011740750675525
0.0077699034972550825,0.006655257737642082
0.004216687874201997,0.0017502840268707473
0.007135821425072355,0.0029459256479744496
0.005583489606858552,0.0011873865956328446
0.004219889841468282,0.0011070239956758867
0.007816424569929686,0.006010241468972693
0.006282240539834085,0.004600969416841424
0.004277225230675006,-0.0017032655964829765
0.006074225526415166,0.0012508858278824598
0.012773027191063324,0.010870944084908095
0.005287052861722195,0.0029210593865562377
0.01119864405325732,0.008798638989420446
0.002532604322926974,0.0014914655741654
0.005948242504955124,-0.0024138990752680754
0.007368580656809406,0.004305971779379514
0.002622804473694588,-0.0004343739394602874
0.01824719174857889,0.009193230358700441
0.0055798920424051995,0.001914006222693416
0.0021422573407543864,-0.004576445903164881
0.013781314659723994,0.008700726404556321
0.006778073943717588,0.001926531945284307
0.006232147877536959,0.003096892220826473
0.0026564631983487796,-0.002656722208791179
0.006542945322427093,-0.0017986210982322785
0.00666935751829895,0.005162678258925063
0.007220606630948345,0.0016166895862092193
0.006654563937445905,0.002178070197746451
0.01473796999500471,0.008963238685831869
0.0129932369532244,0.009761570379120076
0.00796184399928656,0.005489469372165049
0.016873985169460076,0.012772774865875459
0.0034010772281090826,0.0014041843008959082
0.004548161214961386,0.0031631988525843303
0.004047598910907451,0.0019312631058657648
0.0022603970526073065,-0.004199371789628024
0.0037071223995758986,0.00043264090518284077
0.01485548291495117,0.01324798067801626
0.005900886498275708,0.0015910457353830896
0.005981678520391198,0.0028376517744621646
0.00869122895615971,0.001784485609781612
0.003953588699982236,2.5326349653012267e-05
0.005087884334961848,0.002987776240975606
0.005231248923041982,0.0023371225628501403
0.0058695388108422,0.004203794120266298
0.004880228510762051,0.0018395610093854698
0.00690406859531603,0.0032376249870805524
0.006479656762792648,0.0020801271639452647
0.009910449625748392,0.003610375568703131
0.007516008802713485,0.004355273688489651
0.0063697307689176514,0.003394182300420697
0.004565482731557256,0.0030676542991273396
0.003526585287558181,-0.0039303065440833024
0.009048779260345481,0.004142783983636392
0.0036855762718371633,0.0006157584639625794
0.008611965657347462,0.004398224167289566
0.0049151366610085435,-0.00031410162071740175
0.008160545452649225,0.004799073873708263
0.005826603006217436,0.00602636388956153
0.009218690744174815,0.0035000276908810682
0.004206941119020233,0.002679716032251542
0.006802283490303487,0.002526385996893122
0.006069010301099505,0.005491391979323245
0.007988095189253428,0.004297250275425001
0.010206962411755486,0.006321595527747307
0.0095503749955256,0.002711682888904665
0.010332639966277408,0.004927224954195423
0.009233633264298428,0.007639238826799752
0.0036659075826165535,-0.003778495980629298
0.007256741429162211,0.001613498343511952
0.0026435914106848757,-0.005414922437865864
0.014076277776917674,0.010140599766261325
0.00935430826427239,0.004732741503780086
0.00799502330364768,0.0047166977260033865
0.0070941023588955735,0.005220408280205322
0.003308041565221907,-0.004460129439704426
0.0005415261463144715,-0.0057727363368144935
0.006494755395454423,0.004168597314209418
0.002937190473426823,0.00045138495434532324
0.00910506487533461,0.00488064795226534
0.008550781129618878,0.004771219594996891
0.0070701688580559275,0.0018952430044941668
0.005583489606858552,0.0011873865956328446
0.006003928264043484,0.004331810807899138
0.01028561074375664,0.009510702881711144
0.007024775253814418,0.0033586148457141075
0.008406430612582318,0.004885264748870775
0.0015910003654074304,-0.00442195582870405
0.003726092238028003,0.0006378230741805463
0.007239622059969631,0.0030273911752428384
0.005832923416264113,-0.0005967683768344414
0.00633514730824254,0.00451114204018619
0.00696364438948526,0.005486707695575367
0.011070300513663124,0.005411155624950235
0.009031881062205323,0.0051094098816706615
0.01935725200814124,0.0131949572674455
0.0038507329727535382,4.910561130352584e-06
0.007735661637114437,0.00463704520260657
0.0031334256784323125,-0.0018796850272862799
0.006620944671018448,0.0023780418135910288
0.006017362472828011,0.004104666173655239
0.005703776454102273,0.005367442172803179
0.01389079211809809,0.010142566498389132
0.010451853144250269,0.007598260121333472
0.006357304021487334,0.003078085583084759
0.005235121134244958,3.4829722227346614e-05
0.004762670484466654,-0.0011204951054061482
0.006026047331221382,-0.002007395820330606
0.005529149951770814,0.004731334675026804
0.007320745749628703,0.0025242065697302796
0.005752590257119408,0.0037449899249050083
0.010145124280490766,0.005814515968308716
0.004520352802969926,0.0005453823428724532
0.015288496418413844,0.008038505098657556
0.00825481061589995,0.00404328619553672
0.007592253275954308,0.004144429129103377
0.007911217399614385,0.001633365658853531
0.011510540025486089,0.009028344845405272
0.0047748815287153475,0.0024787086946848353
0.005218525592494017,-0.0010687768925545602
0.006568640237905488,0.003683733735477831
0.008310372119500704,0.005269861192430581
0.0066833912367119,0.0038946504633233115
0.010237651562618792,0.01026944387516018
0.0071028131844430905,0.005670075208563599
0.008720557887691566,0.0022374566133185397
0.0011000569534331314,-0.004909855114552662
0.010921439588198054,0.003431149536112215
0.006632751527082724,0.005483489947410849
0.005586435012119735,0.0015095696460651568
0.006215852801011961,0.001951013697472706
0.006385013444650602,0.005942054545232199
0.010095491356819357,0.008325874142840542
0.003572341260926309,0.0014857643540447342
0.006322119951227485,0.0034093498467529636
0.0044769131896230975,0.0012500032202476634
0.006711366095657121,0.0047255259754312336
0.005225268636048151,0.005115222841184955
0.0028710080139825525,0.0030580282754719395
0.008337720472379255,0.004051283418284023
0.00970673098866193,0.00921378983419887
0.0164472469449855,0.01266148147443392
0.005308891591909729,0.0018323419662688717
0.00477589641528864,-0.0012980667941970177
0.008269531279262075,0.005405985024971741
0.006252169277932752,0.0018611954860812858
0.00707806298023846,0.0035802746857200663
0.0053961241055180955,0.0019337195588065995
0.008157006395293018,0.0033745292982613126
0.005326224064023668,0.00433874788802117
0.0026988447563448623,-0.00508668715964671
0.008413173543863957,0.0024927727134483636
0.007790394904715112,0.00395378832370388
0.008425420113331625,0.002985502770893104
0.008785963537725046,0.005268499139995055
-0.00024669979196825786,-0.006699987211282374
0.01541598879556759,0.010659299065650654
0.007891668247302495,0.004338526885330625
0.004819963172046221,0.005079567611557145
0.006909421090789259,0.004276227463765148
0.012611699843220567,0.011406926154994907
0.00377523162473563,-0.0014495129695742681
0.006426118228883329,-0.0024194176778670126
0.004896101624242399,-0.0013700206080352944
0.008068503623947036,0.006817804050761062
0.011802634632321753,0.010654767802810394
0.008585489766496424,0.003356808650222913
0.0069849875955185345,0.0037313222088755137
0.007648702969332909,0.0025783231700294944
0.0038468325840415518,0.0015899014069621032
0.0057068456927540125,0.0014588883411059935
0.004366357922295178,0.0033643648725928546
0.009761234606878727,0.00486434702927414
0.006279729648276535,0.0056248126672195356
0.008300215508413877,0.004004374047589693
0.007848450637661089,0.006713416279825496
0.006721904591338521,0.005251972576236982
0.008367768795722454,0.004846230608204702
0.005259408558578397,0.003609905921998377
0.008886269207670886,0.004479234796641888
0.004414868212315617,-0.0013620942851862317
0.0035341718114493305,0.004696341323115593
0.0020147260676155656,-0.004918248625697088
0.010064666664390065,0.005476637775075923
0.011782087215140818,0.004131706651844897
0.0039182311040904284,0.0021592025719841673
0.005289635326374137,0.00041726309337576824
0.005785189886828612,-0.00233652873090001
0.006770062263933995,0.005304320337837554
0.005301220346073709,0.004442577747613196
0.004883844916569965,0.0011663188976416194
0.016801726841433315,0.013345441079106816
0.0046825978638147655,0.006250231187125488
0.012467269288323111,0.008965407665598009
0.005345619955464836,0.0012669396001790956
0.005157096955075352,-0.0027586136637743576
0.0069671718912668375,0.0069411354771510975
0.009301986589979612,0.0028794249352285797
0.0047231988419736085,-0.002822292330951999
0.013126516405280713,0.005101821923826425
0.008906250484274668,0.005061197735661585
0.0057298486028306535,0.0011970102895647238
0.007688080162303961,0.004876887266278259
0.005900981435036204,0.004737260781855125
0.009516841448118287,0.006779475057508352
0.005208760595448713,0.0025050297371879866
0.007342849897050085,0.002354236173083349
0.008795530031841983,0.00880571579918351
0.0055924987487921,0.0023993102348660493
0.009509133088173048,0.003230106874572497
0.007162278686342582,0.0040216069261271
0.007769592752897009,0.005016944277973627
0.0032931155173741428,-0.0018058385604662868
0.005741494406928113,0.005359608339910092
0.004822452919768769,0.0011696341761449035
0.008121218143060351,0.003444875079697471
0.007307693381297659,0.0016916345828623149
0.004841050320102767,0.0032639075304828537
0.003486233051496003,0.0008699141369811489
0.007410006893738542,0.004120655354374366
0.010454966797273075,0.004920126961078385
0.004262147256186318,-0.002699670097494831
0.004533080279944154,0.00609064245451302
0.004645716226288489,0.000648362011528656
0.009356435571182991,0.00467274994941792
0.005011106891430095,0.0002513994075525605
0.007523429256426307,0.004204984329636517
0.006303539289554528,-7.647341404328802e-05
0.004842043832634091,0.0024547944651841375
0.006502570981283361,0.0034858431484550614
0.007016930668174505,0.005745679348053539
0.00747022773601525,-0.0013132207007392552
0.0049581602381424845,-0.0035269675503982433
0.004843960777131434,0.001694984844790407
0.004003146492899547,2.373195275871126e-05
0.004153539873213728,0.003936915794250867
0.007323964703250895,0.0019318935016511872
0.007097496829624232,0.0023455559078393662
0.007413358641915913,0.003985591351689034
0.0069229613626851805,0.00504247407212324
0.007589212766988159,0.0012877334921760153
0.003510848507650318,-0.0003980083836671762
0.007629473884238465,0.005474443624125169
0.006300100751630335,0.002014179487487725
0.010830335936117822,0.007323052531035149
0.011949671764653252,0.005954506521873448
0.005625679457661917,-0.00037428273494032136
0.006521321109141557,0.0024586315913968943
0.007683276442633656,0.0034338493261728527
0.009614341918461843,0.005646130516337717
0.0031935555287117764,-0.003793060679612552
0.0033631182826274033,0.004093097634603661
0.008388594353939356,0.003530615559455953
0.006021913305699226,0.001513863658438662
0.011080333103846119,0.004965478258149398
0.005139966839027834,-0.0009973191268680967
0.005748969840820272,0.006998905272683358
0.008375926286547965,0.007936319672562812
0.004099619536042842,0.0010710316225245016
0.005366860303485517,0.0027258165229181643
0.004449823385766627,0.003988284690479557
0.008079686961667654,0.003159414364551625
0.006533231542423233,0.0007145262522746899
0.004684644242142939,-0.002222931997572999
0.010317326333028906,0.007716594937982895
0.009189980030828037,0.004865983085030408
0.006114540119922109,0.004160332351387472
0.005415349972633081,0.0018315641813096374
0.00626073990898282,0.007555836862291208
0.004217106172040177,0.0018792393290075846
0.007489248999443843,0.005734332015923423
0.004117720627097544,0.003424213281100947
0.006656062632421153,0.0005644976066817679
0.01330398129612552,0.00918037194259005
0.008231906910969913,0.0032294906662704514
0.0048999935086079666,-0.0010092619555144063
0.0060974026513734,0.0007753677549831653
0.004267105085102136,0.005792524105616016
0.00696364438948526,0.005486707695575367
0.0018354547226616322,0.0008063441817940317
0.004023469574157185,-0.000639959510662153
0.00799502330364768,0.0047166977260033865
0.005752003153406695,0.0023325997299231465
0.005476944863318384,0.0044754765635162405
0.01383730410026072,0.007616151407250651
0.004833667133151377,0.0011181264134073098
0.007266310366941309,0.002504042106408833
0.0065226884609223615,0.005195288460332022
0.008604709791390459,0.008482580983576942
0.006017362472828011,0.004104666173655239
0.013855355216526498,0.009588389004850421
0.004570143369483033,-0.0022420187582605985
0.0016785964494970725,-0.00013067001198787884
0.006094883939211966,0.0033831011149712785
0.006195064351388761,0.006932515667469121
0.005776764806133579,0.0054816118959348506
0.0061810058861392625,0.006152636294025994
0.004292425216799093,-0.0018687460536224096
0.008369381751678714,0.0027771952622911737
0.005468902329507291,-0.0010540541655456419
0.005179018653908538,0.0029412785646141587
0.007323399144121218,0.00019723725054521073
0.0071269435410860095,0.0020467909249850137
0.007033748298869138,0.0020256482328853574
0.006002573307255718,-0.0008679125397841898
0.009729197340048311,0.005614290359548016
0.008590984103409891,0.006598204841965787
0.005811825256652271,0.0024175107517900958
0.004554785706402765,-0.0014889621438556166
0.006255062611112015,0.0017077025744818607
0.0034113040139881817,0.001882901782188493
0.004876269158102674,0.00546839833607018
0.009923939854372852,0.007681220014978929
0.007235598410914177,0.004890856553496985
0.006021773972657555,0.0050052535507490725
0.008803991837579996,0.00336065372215755
0.006926044740437527,0.006773150668285966
0.00715146411085906,0.002596759053796003
0.004606349463055649,0.002332324672630024
0.008093949591410177,0.003412635271995002
0.010575091913025168,0.008612600208905708
0.007711841255984217,0.0028713348432805284
0.013441794495609994,0.007452666812292502
0.006641110369862465,0.006192425160153865
0.015480182754834055,0.011057939547843072
0.007971242692256244,0.00350722034974184
0.009413402648865574,0.0067722418691216766
0.005485710291692552,0.002782629707097471
0.005461479951345104,0.0016030124320254085
0.003814398286206777,-0.0032445532030406727
0.005449857542093149,-0.001362836808545308
0.011492315575334054,0.0066985092731800654
0.007245403545897413,0.005220240392338661
0.007498287248346868,0.004956761176055795
0.0078085309810116445,0.0014813744661629595
0.010268825043881316,0.009367429349953374
0.003335572433631532,0.001241234626577943
0.00717040578382348,0.003345411528203007
0.007239653775294965,0.001611274132530603
0.004661123735641377,-0.0012257866637668162
0.0038198778548443387,-0.0034559261079511704
0.005756022639659235,0.004301473215141995
0.005588267281881557,0.004481162343858402
0.005527281081854989,0.002478270531632653
0.009921606928885595,0.007423814818191319
0.006315354109289591,0.002052445523050328
0.004184833054012451,0.000670960506347856
0.0024084770111374564,0.0014712650252799407
0.004186077826749332,-0.003476686965417304
0.0064238743213470405,-0.001571040378363947
0.0027293039096609184,-0.004160050031386852
0.008749833040528947,0.004236705978110095
0.011383070499937923,0.007009089757010334
0.006257478976554442,0.006277037091113817
0.00356203846672881,0.0006900100427330337
0.007631317798422147,0.00198203729453648
0.005349400903090869,0.002707642344360518
0.0073620541718364,0.004177943436920297
0.006989155290199999,0.005478185178677158
0.007523189945293479,0.005029487126796566
0.007753635116227436,0.004362956460662402
0.006973306422353956,0.00714616560434902
0.003784589059314866,0.003605628222890845
0.008614976483388357,0.004875139314266212
0.006705901081100744,-0.0014611479071933355
0.006368673987339093,0.0037723366947998204
0.007983361877312242,0.005328165240062469
0.002329336630212094,-0.003756338702290864
0.009785995996012485,0.00900850628568816
0.006361171314513465,0.003920365460089069
0.0057193354182774716,0.0060647595896853495
0.006745081853241509,0.0034673627514925478
0.0063151350300833615,0.0020913835666108048
0.0033581395046735924,0.0008837067320204822
0.006385013444650602,0.005942054545232199
0.011613856581514634,0.007411292618838916
0.006598106505078667,0.0009552539307962696
0.0073602080602686,0.0036273110603931404
0.007907319143088823,0.004237835388591871
0.008533309435100224,0.00399597249301332
0.004235628461902532,0.002913344329502722
0.004643911095948574,-0.0004945508587724679
0.009282628751667958,0.004132186898396561
0.007197771736972601,-0.0009510332532109804
0.007673950963585439,-0.001748877930954523
0.004798338079974759,0.006461771442241629
0.011908186997756318,0.005015477529727428
0.004584996441790655,0.0006717287164073275
0.005073653545470288,0.005762672820896018
0.005826603006217436,0.00602636388956153
0.01497669561119159,0.011941943085722854
0.015525814169805058,0.010553390056470689
0.008046861536728836,0.007781132452078565
0.005259700004661409,-0.0005190126083684885
0.005391774004443236,-0.002616854312627992
0.0074222979385353315,0.003993176629971195
0.013085622360090504,0.010047804468287931
0.005394893648192766,0.0050988963437190865
0.012457587602693661,0.00665246406900513
0.0037286051656786837,0.0003346927371099505
0.00790934922554921,0.0015371573877119996
0.0055798920424051995,0.001914006222693416
0.004584804053290269,-0.002624420788835377
0.005986877285357119,0.004423108282660334
0.006752487108683212,0.005725551814250443
0.008886269207670886,0.004479234796641888
0.0037143933596080177,0.0047387329153465085
0.006568640237905488,0.003683733735477831
0.005804724445675672,-0.00019615297214765123
0.0035680071927251724,0.00018325358952686784
0.0048436873167147804,0.0032962532228933746
0.009900244514286482,0.005737011345742834
0.004536410330109071,0.0002719556643960633
0.0032339435270399572,0.0028387394950718818
0.013276231112990011,0.008111083237868804
0.007824514070614045,-0.0013044636006717802
0.005856400100668643,0.005680965298169532
0.00691934060080669,0.003511756226699948
0.007459041179962319,0.004622089394153834
0.0070503231024731244,0.0028926038121028386
0.006993755546688396,0.0023382700936415467
0.005778055134812396,0.007395990280279822
0.0045331158198551194,0.0019396562547774774
0.011504671298326946,0.010566913599255193
0.00755991681651728,0.0005216264374072735
0.006025838922677005,0.0035693596803546244
0.007177714233143329,0.004042705076237687
0.002826797095261043,-0.004485897824309386
0.01205989146356584,0.008989125163904632
0.008994698501258601,0.005080671918753821
0.008733446111109582,0.0039247119156048385
0.006878988298967448,0.005389053348077359
0.007316920200632722,0.008431336520734826
0.012054581481359959,0.006284672877050954
0.01144640070666918,0.005655243501642732
0.00682960772307692,0.002897357812199427
0.0033128750934032416,-0.0033950314249097165
0.004446062901419669,0.002216559774596276
0.0061810058861392625,0.006152636294025994
0.009990199735051376,0.005797545971245579
0.011854928591043437,0.009235811900494707
0.0062717947068670135,0.0031221454616376394
0.005076031245165405,0.0027599023542575537
0.011262638196141657,0.007469368291581182
0.005359079015852902,0.002392591339253421
0.006021913305699226,0.001513863658438662
0.00309473514984613,-0.0019584923932618407
0.005656888789201779,0.006317930383381205
0.009580318734787686,0.007733218537150804
0.007195876427347954,-0.00060733877995454
0.0024974338954495317,0.0003878958479361901
0.004208288535214663,0.001350019300821602
0.0009465813045723779,-0.005358257657948564
0.0016785964494970725,-0.00013067001198787884
0.015828848229780985,0.009599394640557089
0.007403537073552604,0.003340569069365875
0.0048378213287091475,-2.9971322369950343e-05
0.004243179634800634,0.0014138383398005737
0.004047013499200726,-0.0026444975112462164
0.006155437851121199,0.003293148862292289
0.003484619327961822,-0.0035682089808502637
0.010081964680703536,0.004897602616896139
0.0068104718102399014,0.0037443036961795034
0.013089469502208233,0.009920520908804433
0.00402638440783706,-0.0017336784335733853
0.010098542871090722,0.004781267651534914
0.00710865677747043,0.007339580019304955
0.012414319468532385,0.008840390044513667
0.007498571346822957,0.0018967420706099743
0.006313211935342327,0.001954706202603339
0.007639630941206485,0.0013163482503324364
0.008503925748403175,0.0037293956580890415
0.004825183822599885,0.0045053817010437735
0.005034535858674549,0.001733426709903933
0.002789410250236754,-0.004333761106570213
0.0051724305451991,-0.0010073839143991828
0.004846213927314114,0.0017770730076663724
0.01008783594568998,0.003931704079275104
0.004853061755532762,-0.0009351682615469144
0.004224849928692178,-0.00148496920462793
0.0035328197090894412,-0.0036214342872019573
0.00885904876346696,0.005125755422169786
0.006596792802108812,0.0022935098071893614
0.0066258424076503526,0.0028797895016584125
0.006638910139396041,0.004632009872778219
0.007298905174593991,0.002555192075202782
0.006130521666205048,0.002809302470374081
0.006694548874607598,-0.0006296635816355842
0.00674002220997035,0.005070033757396367
0.008434550459576483,0.004899017609683892
0.004381072714873455,-0.0023384223761498497
0.008134787933514773,0.003858494047380449
0.007484419445373623,0.0025850773507719426
0.006931466933439323,0.0001336034692728501
0.006733825684894652,0.0008009117756558508
0.0049057460834601736,-0.0010765018899016095
0.014232470272580296,0.009534741950946411
0.007753635116227436,0.004362956460662402
0.008889092258713392,0.006656181773979178
0.007844932555270773,0.004226658340842002
0.005760010358670714,0.003267103343950197
0.005902061959718916,0.004850472685590347
0.006221372237626029,0.003026451278026381
0.005378669187220034,0.002515724061317665
0.004179620160226715,0.0034923587346176446
0.00951328038442003,0.005767562309050813
0.01017386185918646,0.004989906450900156
0.012442809650843267,0.008932166884150383
0.005307472525605216,0.0018374031385965314
0.00422270829288492,0.0019176139662459412
0.004317159049495298,-0.002528892530302804
0.004436438458969189,0.001170370060207552
0.005970621151983685,0.004732851747980424
0.008067810718055155,0.005182173864250694
0.007060589610986299,0.0023326236187716553
0.005764809893976803,0.0020159605627666204
0.004257115758324244,0.001295251341125559
0.01583133673895783,0.00900004444240858
0.007974681779214822,0.001683402441148214
0.007048736829798573,0.00527133968623675
0.0028914549534869586,0.0023511500957289237
0.007277182208381537,0.0031852508981396813
0.004602823270894227,0.0062598741934685375
0.004103373382865226,0.00014451171413112224
0.004111672504373815,0.0028488609430374423
0.011397074396304092,0.007848020277410911
0.009679561252452798,0.006264751820539754
0.008225636378898912,0.0034639623178632367
0.006840760015409203,0.001537575453091201
0.009683105461617162,0.004752283797734603
0.005181073645216188,0.001675797955101717
0.004473499924720566,0.0010651663534092127
0.0037654961258228817,0.000998813224144553
0.009988404161897354,0.004714947266528222
0.0036394436167995533,0.004172907827349189
0.004416828933191254,0.0021791221321262174
0.006782172019255459,0.0009278294283320962
0.006468776839080528,0.002191442654718828
0.007901861488884318,0.003054190348155035
0.005174354745078096,0.0014666688090584782
0.0071389954577471635,0.004953132590902111
0.0061327335398719,0.004006157948338966
0.00790919404740019,0.004462482286773501
0.0028710080139825525,0.0030580282754719395
0.00700460118727335,0.0003385610309218027
0.005960093124846827,-0.0003911118276783525
0.007456828987709204,0.002715459202728575
0.009657650752193554,0.002256554326849915
0.0014237642282680946,-0.00451919243548916
0.006236672031883075,7.391138001337175e-05
0.0035523398940987445,0.0016501041531157591
0.005272753169855548,0.007469292167170006
0.008094963586711584,0.0036741026291800065
0.006732871032624559,0.004848608187400252
0.006972403935349358,0.0022678681333417527
0.003935112709093261,-0.001615225415266668
0.006528751929754507,0.004453705153982865
0.008976148864022489,0.00882675440415759
0.00607811726768154,0.004572257875318716
0.00536576341105795,0.0024307774024625523
0.012090903848438478,0.009897461494938229
0.003180243974372772,0.004745382281338465
0.006724324163797924,0.0030812522649736676
0.007467234414839876,0.0032924268990519494
0.0058214076210873445,0.0009470462593354932
0.0044954665127730714,0.0015224284510479509
0.007966804701000908,0.004846846783921231
0.007376689442328844,0.005447805230013411
0.002036845908342442,-0.005142219146457445
0.00686072007778714,0.001532440549551076
0.0061327335398719,0.004006157948338966
0.005773024954648605,-0.002233348297749506
0.00721874838702782,0.00311567792610299
0.008906250484274668,0.005061197735661585
0.006967082575740522,0.001783966973413007
0.010381501134292837,0.004818968323571761
0.010053709214356922,0.0054071106010970356
0.0026718162993170595,-0.005003986643714717
0.005859593461554235,0.006947334091919046
0.005653188675883586,0.0026957056053774154
0.005471010985141753,0.005542526212058908
0.0065689792905843395,0.002457763620633495
0.008985524451342116,0.0038224966494446707
0.008669647207654702,0.00119500248862669
0.006732020272171408,0.006047902967415049
0.00701388846946004,0.0035809478131774296
0.0021760713398743976,-0.0047872243978391675
0.0037513900335269185,0.0016363296912758419
0.008962213277695842,0.005177392035257638
0.005530837541504149,0.0014749949909236316
0.01394034107201034,0.012412219704901096
0.004123332171242005,0.0025010597451346414
0.004156734958810025,-0.0034962910110651266
0.005014818217079987,-0.0013773674189866102
0.007308367726180737,0.008134696625277753
0.0054860347080796035,0.0012987861950116376
0.004193530390679162,0.004213163099592222
0.010096418575984022,0.004370784626890025
0.0041732977986573706,0.001331393680593325
0.008340099452828023,0.004827407069774643
0.00512544834458597,0.00015175021752644562
0.005781068029449915,-0.0001541915820899029
0.0025877736208410806,0.004392523808246539
0.006459486513046313,0.0025793466421510976
0.01944677422844753,0.014590568553241534
0.002107169505353737,-0.005155651905919015
0.0071823858334915695,0.0011100040343560236
0.003023288645035595,-0.004851487379993048
0.010976597366711915,0.007153934836430115
0.008232366774977802,0.005402640882110759
0.004096407138929059,0.00012436609032838442
0.005882965899555641,0.0038584162221521586
0.006965431196530031,0.0060315317595054894
0.00962064733632947,0.004316736967417183
0.00511901609743408,0.004535101101299495
0.00803002957422539,0.005522100154773784
0.00600372808088293,0.0014108127478358063
0.005862749105922543,0.0015452044985143996
0.0008432946621047422,-0.0051488455507684595
0.005667505609424993,0.002579828853464179
0.007082863766892928,0.003830966656322107
0.0008724141988453917,-0.006118048937662495
0.0035145972974135863,-0.001746396460219386
0.008218259282760076,0.002854384560500872
0.0051502247754440945,0.00500478506737463
0.005695955997715777,0.006037006781958846
0.0049518364407229575,-0.0015635716159055138
0.0064380343965694115,0.00041648758964280344
0.009589082216964228,0.004558546670228412
0.0048372907206474525,0.0010121631751867765
0.007054703207000525,0.006077881631740219
0.015820844520358368,0.011658629698273883
0.006245139350922595,0.0040852405067985445
0.011810288911082115,0.00876044789363067
0.007020883827389482,-0.0017727828127012592
0.018845741827405615,0.014391248636941648
0.006851540704287471,0.002532029770549073
0.006682556553523303,0.0034462353796736456
0.010163862663238255,0.006746164966136507
0.007412538523913105,0.0033627275513313706
0.0060664703743064366,0.0029896998988559083
0.008483896292458317,0.004881404015368846
0.0037226777468060976,0.0022576795799204063
0.008488739677649371,0.005549382408583095
0.003779492012898773,0.0004534861554129285
0.010063162560846016,0.0026022562158556353
0.005857772626902014,-0.0023713223491954516
0.010004726698423921,0.007129676172983728
0.008630634757183078,0.006181962346709885
0.009919334729127203,0.0029169804442357086
0.005344253886640989,0.0014683709783815321
0.006927938380871518,0.0007198777169172658
0.006803479124815116,0.005102225451302558
0.007473976241735872,0.003811968772106736
0.00997205188063039,0.0056299971018505136
0.005241479611074459,0.001235135685400908
0.0048352193588537,0.005629542217964499
0.006195064351388761,0.006932515667469121
0.008800943724130431,0.006940681174900356
0.005980009513909271,0.006727858930601051
0.00545979560150043,0.0015438666419474957
0.003681094742572593,0.000535802806605163
0.006000159534867135,-0.002198685100278282
0.007671798647958453,0.004579473824395965
0.007782317362114907,0.006364579800620517
0.008434550459576483,0.004899017609683892
0.0012590442316508573,-0.005561762050107265
0.003955363567034903,-0.002361874462308234
0.007854404134038082,0.005489902087840307
0.0038676543266418176,-0.0015618654552639038
0.00526272359723455,-0.000610472826877137
0.008098668180982736,0.0076363782543089585
0.00829094629654803,0.007275186639393213
0.006648457557928232,0.0018330216091613036
0.005032519115297927,-0.0016336445343624042
0.014079207949861405,0.008921666367546814
0.006195064351388761,0.006932515667469121
0.0010510377483487314,-0.005507375076566975
0.005069669570855898,0.005618929986149778
0.0053359146611803064,0.0014846968025777948
0.007671798647958453,0.004579473824395965
0.006209021393438438,-0.000666154874722825
0.007769592752897009,0.005016944277973627
0.005069371359327789,0.0011695388669456337
0.010364456203491766,0.008811095548405892
0.009217430804808599,0.00571091564249364
0.007289092711644354,0.0027341154647131617
0.006277388202905039,0.0003941643587227943
0.0068426541302931175,0.002868997786962233
0.013004734479140825,0.0100773047272649
0.012028780762132287,0.008046906509321043
0.008375926286547965,0.007936319672562812
0.009017468766116699,0.0022044530536131073
0.007589957869480207,0.00581158647316563
0.0070348455028263705,0.005440684655928235
0.006293773821571688,0.0050385431288497325
0.006412247903922592,-0.0008500209988684809
0.0031914186937314695,0.0005629240225821317
0.00617198225174552,0.002527058187475206
0.006142404808448624,0.0035223708810866007
0.004974861034922424,0.0016247610717221505
0.0075872793476396555,0.003172447143479715
0.0031757161833281663,0.0027057841748956936
0.004356384628074602,-0.002172567243066673
0.00732542040284976,0.001224623434667756
0.005268450776137653,0.002348853660821916
0.00557195457251081,-0.0017028214122624345
0.00974767278607175,0.006247748168096425
0.0050624467867962505,0.002875623485121193
0.006366946493359445,0.002375747466089659
0.00548154848489233,0.0014200538572823208
0.006882228578967798,0.005982643470432005
0.008326548878349254,0.007184516505939126
0.0074138348127554985,0.0023692241826756746
0.006525066875671025,0.004227566661055398
0.008930752902206995,0.003249352649846019
0.005616935815504945,-0.00024026100841571287
0.006029906370096608,-0.0007628646165621471
0.006147237456642555,-0.0002174145172410694
0.01060165769697521,0.0064951914512361465
0.005719904584378676,0.00543502092413031
0.006622898950176715,-0.0017091549538590664
0.01341147531859109,0.0099028867957589
0.0068332936031790656,0.0009885472964295166
0.00883601206458752,0.0047837595836632656
0.0074048559648437155,0.0050079458362585014
0.008340099452828023,0.004827407069774643
0.0074590527615716,0.0019446892460230581
0.00335124942885093,0.0020897263433279625
0.007376948023490621,0.006938422467193951
0.005068702858282073,0.0001701029109068596
0.0041405101314855265,0.0015865871587231349
0.0056549306265141,-0.002362624908373988
0.0051410910917903075,-0.001131578431033611
0.0034592760041120066,-0.0013784183707253334
0.010937129810231995,0.004495430726948914
0.007570233963388568,0.00548605294525252
0.010880080366013505,0.008576995555048619
0.0028814063180015483,0.002819041817908142
0.011138893471984579,0.011088380409978718
0.003471163269388214,-0.0014087844446234142
0.00900683108364856,0.005959922208847517
0.00598007918024288,0.005132323854658282
0.006839041893644568,0.0020667662790944067
0.006351860059618543,0.0002504466967359212
0.00634354513587633,-0.0018716524535749637
0.006364997363550924,0.0026474017742702
0.005159707206464475,0.0014375366073757015
0.005542325606069706,0.0021768721856129805
0.0034502304159647447,0.004193667632853425
0.005011106891430095,0.0002513994075525605
0.0063510317229800144,0.002027410285350249
0.005971774110901651,0.0033377547774288523
0.004714700778763012,0.004004358368610254
0.008443819395252674,0.004379778922533243
0.006300100751630335,0.002014179487487725
0.007801406165623382,0.004433647352882496
0.009031881062205323,0.0051094098816706615
0.00537243719854187,0.0027147055009692214
0.005434284355286574,-0.0015761749220695783
0.0077804888951931135,0.0014950911535018688
0.005710262364765526,-0.002169141298198741
0.00844512249907536,0.004646676289477291
0.00621240010256202,0.0056808010108375115
0.011446095671406128,0.0055767553752300745
0.005047106046693768,0.003756007081526347
0.003968984717795226,0.0021306058393207993
0.012421128972000307,0.01090561815259649
0.006327896553327365,0.0031887155447661124
0.0070660963000442984,0.0026135507590839815
0.01035720986131079,0.007362206699834571
0.010171214324525597,0.006770308742808767
0.005264764240443731,0.0016451641880879508
0.009389265957981917,0.0036124539819555653
0.006864716969276286,0.0031688229538458504
0.016135946582544983,0.012764027616503061
0.006003866854459428,0.005841959332016926
0.011988412510740077,0.009737916680945471
0.0033764256763726998,0.001333872281688176
0.005826603006217436,0.00602636388956153
0.008755420389444102,0.008220165507898166
0.006789793545563032,0.00414423765261049
0.006176086631333265,0.002256486785504124
0.008090699621874819,0.005008882168468331
0.005642733359623149,-0.0005659518728698661
0.005756089584008547,0.0029205773781261143
0.002166330324534018,0.00015639629408107595
0.005988611586864551,0.000741750666298762
0.0037602528238466536,0.0012753199107304212
0.007738000476583911,0.004692047797523455
0.002654926171747396,0.0005055227574465304
0.014044869153010188,0.00923064690901704
0.010058767443512534,0.00502121215283665
0.004421306649880612,0.004005142205403244
0.004896340178971424,0.0029577470287266905
0.0077253558777876175,0.0026380913763870842
0.0040511236162309935,-0.003290605844611219
0.00508720279075205,0.0025510694517687504
0.013161740214130593,0.004431984417631333
0.009927474874704231,0.005140940166333416
0.007631056302051338,0.004859646408907842
0.005897141482168934,0.0013644279639133672
0.005988945045844169,0.0023231678007729585
0.008555977570413844,0.00690566531381039
0.009984246756634538,0.006641283151300305
0.0037191413459819155,0.00038836800682922473
0.007141267322385116,0.003395766283998667
0.00530342627654553,0.0023655927538161906
0.004091988945105799,-0.0018326734581624047
0.0068645650139875425,0.0005104084991783249
0.0055798920424051995,0.001914006222693416
0.004291598308743951,-0.0014571975299849929
0.006314212502159444,-0.0003625167322048933
0.008530985645725747,0.0059150244853562566
0.0069794529658946,0.005791394938729
0.008989360051511722,0.00670674656330914
0.007463191236004276,0.004188081904313447
0.005306431226972213,0.0002956616330674509
0.007391733367360973,0.004161477432154187
0.011353370594666585,0.007412801097790668
0.009046047884488663,0.005121553992562278
0.00794046100542986,0.0030488438180588167
0.006716812434589912,0.0025426932462768777
0.0025459649052012832,-0.004944161660771257
0.006070652382992972,0.0062147164860626245
0.00895642051355242,0.0050836849996385635
0.006911444742120852,0.0015138863781082217
0.009658531394197808,0.00552100765150961
0.004347874562924502,-0.0034293002282581014
0.007168599532426917,0.0034979346051284945
0.004705055756804095,-0.0021569217032517893
0.003300409541571705,-0.003839813219215311
0.011005302581983357,0.006095109771184416
0.00455960150332901,-0.0016267702974257095
0.00789881056285183,0.0038105800995726314
0.008274733317552978,0.0035913147503579585
0.009313857032890855,0.0019621736848321686
0.004847658685305278,0.002105579277999676
0.009682836742614588,0.004254654827312031
0.007074409201369949,0.00450247633994548
0.007255945492351249,0.0024099059130848434
0.008857477997507678,0.004606205087655774
0.007162637869680286,0.0052043937953852905
0.0077056474185593655,0.004169785790907848
0.009031881062205323,0.0051094098816706615
0.007605610595568892,0.004017854197163318
0.007865406428157974,0.004529641750953793
0.006374470301416801,0.007583364279188438
0.007209146637551162,0.004754756123875325
0.009643096682884229,0.003066415686008386
0.005369274737188511,0.0012302332258171513
0.004341466981508156,-0.0019350305858887099
0.008221420513697104,0.00443237644138312
0.007998605625245696,0.0040930736505584864
0.006421844762270486,0.0034425793045131797
0.01054785185067255,0.005766048462855553
0.018626932314448206,0.013534718977127751
0.006324524500962149,0.0003181130903893584
0.0052624099110560145,-0.0016193441286120186
0.008374167588389962,0.003961051660150273
0.004520352802969926,0.0005453823428724532
0.0032214348335393413,0.0008111940990362795
0.004764185765243483,0.0013930583108781583
0.0021714481783542596,-0.005226990066744978
0.007939557946130084,-1.1971181052040925e-06
0.006239663077595721,0.0029396045759058614
0.003896890233598769,-0.002501496486655713
0.006226923922454586,0.006320973893438968
0.010155340315814065,0.0038290527296552237
0.003920128811624728,-0.0026375333236370556
0.006929362120750575,0.0034433595303155094
0.006897339892794802,0.002836022786561903
0.016475062033949224,0.011226508297065821
0.01094696973650699,0.002458266635495447
0.0034849638771853025,-0.002922289581673959
0.006594181043888047,0.0035653779616355904
0.006107214380480596,0.005062804083144686
0.003432993615130003,7.110058162552481e-05
0.005120314415787051,0.002518231028460811
0.006968098468486524,0.001950409581953142
0.006676294061800052,0.0016592263294226677
0.007229271173558718,0.005471473732164285
0.0065675995586499695,0.003968561349186848
0.00604545244347522,0.004147365397475655
0.007768388366613867,-0.001014110121975954
0.004099619536042842,0.0010710316225245016
0.006568272093192444,0.002527339175079542
0.006923132299993721,-0.0010663573604534297
0.006899483575523295,0.005167153915566172
0.006313103136908783,-0.0015806290142908967
0.009019427108631517,0.00409836101690448
0.00439912740697466,0.0024626610907387114
0.00395243923489377,-0.0030951485372855587
0.017163745334391044,0.00990288149915156
0.012110789728607869,0.009691805689124186
0.007494567989295706,0.0015564030716882643
0.006288369729627293,0.0008490472570874628
0.0034908522716405087,-0.0007464940284251306
0.005999411971041641,0.003982240047761414
0.007671798647958453,0.004579473824395965
0.005502522860702038,9.581670291488632e-05
0.006123759978292199,0.005150694026066999
0.00718601309866483,0.0030145182258360234
0.006964847463418654,0.003665409446699209
0.007925189061422814,0.00579248932816561
0.0072395065503431414,0.0015286678079177354
0.007244185015208179,0.00336717115049027
0.012087415186749637,0.008972743514540605
0.006762828137403693,0.0011805745206143609
0.007464358131139886,0.003817535355221177
0.003711228796968358,-0.0015131648514590118
0.008032370054707357,0.005734833257906309
0.006927938380871518,0.0007198777169172658
0.005352285522085065,0.005781897966876718
0.006835575470314711,0.0031914081763179305
0.01196717276494441,0.007598764746168862
0.008259943824238721,0.005904060193826865
0.01320507860868373,0.007881027921388607
0.008469385550696339,0.002190309096830088
0.00736774770921088,0.004045738206394435
0.00833035858858083,0.002814618690265112
0.011375318748928573,0.00780899021207606
0.005359991845226891,0.0015687488604113177
0.0071577814006369145,0.0037790996840387434
0.005223930595842765,0.0016023827205396942
0.0059465655743511595,0.005557596928536692
0.007968920118350955,0.004740677346852715
0.008277221101927534,0.002084306244878459
0.009172228002422367,0.004164826797618403
0.006412371930789607,0.001553200855809584
0.007899472338296222,0.004660592508501843
0.008019320397300887,0.005564828541447816
0.0074244322601290545,0.005967687080815941
0.007924615589289547,0.0034426654377465657
0.007028140392269472,0.004510255709839483
0.0036292177614041226,0.0014723407716222027
0.007459137007631022,0.006241860404030217
0.006753545920014817,0.0023426846892167256
0.009101380489994617,0.0049981904823178805
0.004650681016585285,0.002620126144704772
0.00823148362711848,0.004160846686298554
0.00566473356814916,0.002130799661617779
0.014002156968136142,0.009406591148532022
0.011600537266950855,0.006185702829530985
0.0012525444228390992,-0.000928651138791755
0.008305175317213647,0.004970386344393979
0.004969012783061303,-0.003041523551866515
0.0034565142756979826,0.0006078022285017654
0.006810515906306396,0.005283332571137427
0.004867932555311705,0.005394418309381074
0.003201491522904035,-0.0014137245915214498
0.00481253162939899,0.001055498700209114
0.005101644020605253,0.00546357903214465
0.01312669880007437,0.010521342368239355
0.00774574851142919,0.006049745620689907
0.010777150680641855,0.00783366608064838
0.0036419872720796186,0.004985318035174401
0.011767136859537595,0.006857112547487684
0.005794268569788002,0.0015694310244479372
0.0033673495082961937,-0.0036957061394861847
0.005147843633701656,0.0028832140213913143
0.006413244694449699,7.975192712884795e-05
0.004088882307188063,0.002480288122928851
0.004350387348920083,0.0010169591276208874
0.0067530965281677215,0.004099802739426433
0.004308203203497165,0.0005929610387234458
0.006733895588734265,0.0016058274287486275
0.006539020785957013,0.00617084503081943
0.005737025012636483,0.0023183338898460923
0.004546364846971315,0.0001217758416253694
0.009645729468611981,0.008711333941313466
0.00847112869954252,0.0038215868559809203
0.00632851011667584,0.003415254106530876
0.006285922426874622,0.003113236111581189
0.009697457816303134,0.004770688354385501
0.007751867268843861,0.002099372619990267
0.005684025722046176,0.0012536287759418018
0.004285364959854952,-0.0030140962513086136
0.006176522310046632,0.0009158639115985764
0.010860635848671071,0.0052293402452911805
0.0033044803193390607,0.001092124494735976
0.007378848505082466,0.0008641859534500281
0.009784837651894704,0.004445468611990012
0.00662550914411987,0.004614741294283871
0.006888527690801418,0.001826929765033629
0.007893102375980577,0.0033271704256983953
0.008604709791390459,0.008482580983576942
0.0072789878591210996,0.0031874651305211278
0.005980009513909271,0.006727858930601051
0.007303194052322102,0.00723459063699001
0.007310752551635859,0.003169191759677388
0.007706899250741277,0.0015515149811012423
0.005160982739009275,-0.002399057474759242
0.005901237033138553,0.005340784600318666
0.007697425625831465,0.00339937293658517
0.006951219249183461,0.0016469056226951105
0.0062738630138105935,0.002356312567524368
0.005509904760223931,0.0009236681520731769
0.008727605824248329,0.0042817903204779816
0.008562233218522942,0.004889206050344597
0.007564647930336395,0.0022517168026549746
0.014870873997165229,0.00960699515969727
0.009412061265569635,0.008739367671520122
0.004520352802969926,0.0005453823428724532
0.004517467539184285,-0.0016930588638302702
0.003950069202955382,0.00301061326814326
0.0063151350300833615,0.0020913835666108048
0.004913536743235446,-0.00042818749539065906
0.008232366774977802,0.005402640882110759
0.00658385211218001,0.00545039925523031
0.007200310466212082,0.005018401719564525
0.004672015014357074,0.0006350526754104573
0.004396382216869292,-0.0019528249145379338
0.009733737161570229,0.0047709036004071935
0.006030441495637432,0.002595755861864964
0.00493274174862134,0.0028688494691966717
0.0069115775670393325,0.007860178049246696
0.009005960017415444,0.005075093599333879
0.004425193807734302,-0.002777154292036066
0.008434550459576483,0.004899017609683892
0.004213409200637909,0.002377924601911113
0.008533309435100224,0.00399597249301332
0.0036691778999481256,0.0010325516339956568
0.007727406944105287,0.0020853156351338838
0.0033277421959963345,0.0010083564096670713
0.0061327335398719,0.004006157948338966
0.009614341918461843,0.005646130516337717
0.007498649453970694,0.0041700908302073625
0.006430535917835058,0.007214079999555313
0.007890197634659696,0.0035808998417789758
0.005796672817271164,0.0014060827977803647
0.0034294072338101403,-0.0017242207957440976
0.004398645224029026,-0.0016429865312845068
0.013181208452494375,0.005051451230719924
0.009576012340764006,0.0020157171478421216
0.006573222088633125,0.004155121475362086
0.005270220892308056,-0.0010424380155886915
0.007159838535690002,0.0019623519968962784
0.006663619781573793,0.0032516104033780196
0.0061727656915848365,0.0013295493917792525
0.00628487228594316,0.0030009097819173013
0.006704407527528343,0.003736978276571592
0.0136557574070484,0.005322504421058698
0.0063753207872049595,0.00044922682501690337
0.009468750676254961,0.004648783479156293
0.003986669509160687,-0.00031741076992757456
0.0088329519418567,0.005108274536425518
0.015036831608439247,0.009684269756459779
0.0019455512911869845,-0.0014068476322098272
0.003227587088587713,0.0012717547627104338
0.005194386194608198,0.0040286729720973545
0.004985181557969394,0.0030084824420069925
0.006977750206547926,0.005970940730797522
0.007395033922653349,0.004736211886364738
0.00782369992012235,0.0030357157506192764
0.007937067408678592,0.005844409187464972
0.008848558722536991,0.007606040639669886
0.0034461479614210557,0.000640839666324132
0.001740069949260084,-0.004930778824391963
0.0032972092110385327,0.0007064962893912653
0.009784419136970144,0.003893769207080509
0.004965072340643323,0.0028635392596365493
0.012720682900059564,0.008882253702043614
0.014996810917845865,0.008853888459062943
0.004467041265399247,0.0041723228916837425
0.01129157531164442,0.007336642791405405
0.00799502330364768,0.0047166977260033865
0.00492260904566484,0.0002030881153118596
0.00545836997246328,0.0013307459714709292
0.007281728712494346,0.005068126631986667
0.007065217599278174,0.0008844092556337339
0.004972299951003294,0.0006642613888832782
0.004343379454431489,-0.0018618346258366435
0.004268258668989434,0.0014921706399258303
0.004211859659539784,-0.001632210193052555
0.008434550459576483,0.004899017609683892
0.006714615182631832,0.003855638489471736
0.006017362472828011,0.004104666173655239
0.0016785964494970725,-0.00013067001198787884
0.010756722440576572,0.004196882991564024
0.004231196434151156,-0.0008695136952755703
0.014186959495215727,0.009166667588866508
0.008232366774977802,0.005402640882110759
0.007825511578644494,0.003338483102608914
0.005395967729967748,0.0021366415352931396
0.004715115297909791,-0.002333145421979977
0.0025541216205850516,-0.004186154230967993
0.006255932172505441,0.0022860604946434594
0.006242574827796871,0.0020699223224172987
0.0076688974042244595,0.0020847747913782053
0.008838945677059399,0.005044010426073707
0.004323920726197133,0.0020023628075903155
0.00877608595936328,-0.000897720575920009
0.008007320354776231,0.004879562160148056
0.0031940257584003274,0.00269127850764437
0.009503261200071155,0.004227971601339664
0.008281722537896037,0.004696882153041456
0.007386660400723365,0.003752137056404015
0.0063735161671020215,0.0033418821021533604
0.005692134800053655,0.0040975168953212154
0.007782317362114907,0.006364579800620517
0.006516397027221056,0.004181844679914491
0.005607549346110955,0.00036487115800625837
0.0050704254658938235,-0.0015770127371901909
0.0037118006642546802,-0.0033775377206414613
0.006740797683840836,0.0016381615453365528
0.006424376302687404,0.0013192460009106323
0.006783834979999692,0.00042745634401046735
0.008543146924013645,0.005903504407722166
0.007385994172084043,0.0038655021615837063
0.004846814916337787,0.0011494415981615743
0.010187540733491256,0.0068114789733630466
0.008162534206087828,0.0034829732968543903
0.008398447320558014,0.0034632539614774215
0.006601358713531943,0.0029586348733033367
0.004869119211574639,0.0007509286805680035
0.008434550459576483,0.004899017609683892
0.0049036698995103154,0.0010516879324950906
0.004335300646395921,-0.002128751566733837
0.003382017663095706,0.0026819064029353825
0.0011540202204398439,-0.0054039993133390045
0.015153702795973948,0.012010396094932893
0.005936304592856854,0.005142716917142281
0.003142255045246018,0.0006548730936745432
0.012999976067468926,0.006019340711733169
0.005323660381611654,0.0049012455007807305
0.008080489596015915,0.004280724588873226
0.009794724403402927,0.005299595055160478
0.0030361426482667323,-0.00403740139145187
0.0079468721241298,0.006991917748811082
0.0045757374389301005,-0.0005851339557091098
0.005501913440437664,0.001428551449103913
0.007176420228298427,0.004766816412530842
0.006087364832258169,0.004184926012725912
0.006702416277967456,0.0052890455280686696
0.008551843854882061,0.008346444109887807
0.00851148452174202,0.005202440273411385
0.0028497735131054296,-0.00452131066086979
0.013023848928181371,0.009582439627983446
0.007826629736801656,0.0031346860139205186
0.007994897082967155,0.003529422910131735
0.008886269207670886,0.004479234796641888
0.0049235925480139945,0.002022572919606346
0.003627494205187088,-0.0015606863805563403
0.003981108317478946,0.0021258147951694296
0.005297614337799252,0.0036008820403722963
0.010820064737102779,0.008760934672908848
0.00799502330364768,0.0047166977260033865
0.007101711274036651,0.0004253028570928852
0.008486395951501503,0.000882859735460699
0.005782863608033101,0.006564946411939158
0.006037125972435607,-0.00017101301132043441
0.00529939880526237,0.002448434088766092
0.0030030558835370657,-0.0016701219928075012
0.015583690569914457,0.008223748257614901
0.0042644237184853145,-0.0018346405653539514
0.007596526364315315,0.00161577897314431
0.016696766204367088,0.007020881077336906
0.005636637350889081,0.004633846433870729
0.004691211434266925,-0.0004276303291132384
0.008341314776576852,0.003641824720230781
0.008237834080069941,-0.0007922368351588474
0.00540025453169196,0.004967713456939504
0.002296228815629793,0.002928529481134504
0.012856511741909653,0.00963541156255689
0.009046047884488663,0.005121553992562278
0.00737034463850751,-0.0015503016904256962
0.010899896404677673,0.0072080647778587125
0.016720873226702036,0.008008374550800246
0.005762844537241153,0.0006760329098122924
0.005871208013342218,0.004854961109854515
0.014125244720150303,0.010763924873723945
0.006723206927290879,0.005144170098775408
0.00608881947253166,0.0016290421144901767
0.0064726410495581765,0.006152852281885914
0.0146990109492843,0.008591571798799071
0.01602880272183848,0.00816925653484727
0.003010310760048384,-0.004762003383719026
0.006479922994427896,0.005435851168957221
0.008611165802027403,0.003105550709485699
0.003407228068303571,-0.00021679766242599027
0.005516163659210006,0.004308249808607973
0.0025877736208410806,0.004392523808246539
0.0064980416488367295,0.0034203346332781345
0.014294081918538792,0.005399798692844982
0.005555545227232314,0.0003998989286865956
0.008199334455449753,0.0015361265799195218
0.0059077839088740106,-0.0006823069790989501
0.004875671810495526,0.00039694701771190045
0.00839604229511397,0.004205114573137254
0.010726377280121576,0.006381409482335539
0.006724324163797924,0.0030812522649736676
0.00720053253892239,0.002544211114117942
0.01127926455326303,0.007122704416648795
0.006966334054203962,0.0035281559436205973
0.002509424466851552,-0.004342637877472016
0.005264764240443731,0.0016451641880879508
0.00528025517040622,-0.00043534561164296735
0.016983565154210862,0.00982796721612117
0.00543148783760446,-0.0009928921453597316
0.007080074647892058,0.004208443869225002
0.0047205450626252535,0.002485076682027217
0.007853630547492375,0.0038571693602736604
0.0031334256784323125,-0.0018796850272862799
0.007316920200632722,0.008431336520734826
0.0044595003250881456,0.004237950934470935
0.006613787252030165,0.00527774517878307
0.005916516190877685,0.006413605397885543
0.01023152749348612,0.00684596384088346
0.002338757262886385,-0.00480147593716565
0.00698308709582183,0.004220088183027008
0.009880756005737797,0.0027301911008633913
0.00451428945523887,-0.002216932289903186
0.005920884921956034,0.003150451138922419
0.009702755074714985,0.004767928296491771
0.007782317362114907,0.006364579800620517
0.006805138641516321,0.00171103251445403
0.0031273513969300587,0.0033448251118736207
0.008962213277695842,0.005177392035257638
0.005517365967451266,0.002559692893565605
0.004065836403549123,0.0003018908856081467
0.008833648817872668,0.003249552018014765
0.004967352283789941,0.00456054605414374
0.005298906373053913,0.0021302839236206125
0.005984382588922518,0.004418839221907184
0.006647603533687518,-0.002765978722319316
0.005526405556174684,0.002672332821315076
0.011460743479960449,0.007434162553854853
0.008066459021504274,0.003406437868242302
0.00626073990898282,0.007555836862291208
0.005729269540856396,0.0022794989881633866
0.005705523703529179,0.0024153219137639697
0.008301671085470152,0.00512789389581053
0.008163463111456354,0.0022997776462679474
0.0005385276475964752,-0.005826879908695894
0.004157094210543938,0.0010603439831295795
0.00577542695483811,-0.00016920939093548887
0.007582329095218389,0.0019024587238426968
0.01006723080460404,0.003024311674251339
0.015387685052474644,0.008476875536988174
0.006027466695086626,0.0005767250798014972
0.0071476482097059795,0.0016645077453929288
0.009489155637966314,0.0047870673651783146
0.006098893870733756,0.00043862786438581946
0.009109615888853277,0.00903736822763428
0.005181567639997695,-0.0016393671736227786
0.004353013225566742,-0.0032388896297031932
0.006026225155411115,0.003443662215187683
0.013021704184462171,0.008289883656274179
0.010395841961357045,0.004837335015154256
0.004364735488366344,0.002261615509155759
0.005608526994488692,0.002661703015829431
0.003972554195710642,-0.0037507381636488505
0.006458188297151743,0.003656883192729962
0.007715623676544955,0.002906137541318769
0.006238886927987063,0.0040093412481261425
0.010952621818355178,0.008626004383169052
0.006715272082146143,0.003858279299195776
0.011662858007821556,0.00944067182197849
0.005251932787076603,0.0007136983242701581
0.011517316683966945,0.004198464833587096
0.01181736609269193,0.00956391253385194
0.004514151897062668,0.00028567667085294644
0.007641306292240397,0.003438771537566548
0.004467041265399247,0.0041723228916837425
0.010873699438322885,0.0064713323689165395
0.0012525444228390992,-0.000928651138791755
0.0060664703743064366,0.0029896998988559083
0.000982808717732389,-0.005833252290859713
0.004789863081678592,0.0008314279309687466
0.006364370721272137,0.0033346971787647974
0.005700755433186406,0.0022922367575690878
0.004919189093287671,0.0014111350894029711
0.00839247385402512,0.003613099401888541
0.00907691740234128,0.004531852629128972
0.004213835199025644,-0.0035715507951332793
0.00502494544909436,-0.00245371370261118
0.007474359135487492,0.004483167212271549
0.005004914237818555,0.0020774892381111585
0.008814529807299335,0.0037610375233919397
0.004969364809873129,-0.0025801851058678826
0.006002573307255718,-0.0008679125397841898
0.005670576305612253,0.002655355131552786
0.006727136565824977,0.0030678142439507982
0.012353068004001752,0.009361633082564606
0.005921105612594111,0.001968439582803061
0.005978334529138351,0.007010814418327514
0.016910746187991516,0.013676390293006458
0.006656287862233649,0.0005560285851213282
0.009587764819659816,0.005190506904339176
0.006757786247837488,0.005962876698712585
0.005867824062673308,0.004711009263887907
0.0069671718912668375,0.0069411354771510975
0.007162398013253038,0.003960766744909177
0.004271905536846447,0.0011679094742268036
0.0094260563391503,0.0038058380239177616
0.00514790935930361,0.005312164719363183
0.013425104033668834,0.009436916952601791
0.008906250484274668,0.005061197735661585
0.0038178862292771922,-0.0016802815469797762
0.008306895002214747,0.004808677244201245
0.004333159356810676,-0.0034141238774897577
0.0058984449859256095,0.007437537257629821
0.009768995828094233,0.007048143348461166
0.005089836837760708,0.005566683555568469
0.011001043521934418,0.009941968219132118
0.004976217411711628,0.004463980961322677
0.007466789913597064,0.003286365138684311
0.007538541984392799,0.001475689492262013
0.00696364438948526,0.005486707695575367
0.006648457557928232,0.0018330216091613036
0.009927474874704231,0.005140940166333416
0.009878389698287558,0.007112548418709822
0.008485358627188907,0.003505409139977008
0.004986470065309507,0.0026312488301552606
0.010958417876068924,0.006662516014677099
0.00974767278607175,0.006247748168096425
0.010041221329045334,0.005621946006769154
0.005776963029242057,0.0032676890795317005
0.006374470301416801,0.007583364279188438
0.005457627491561029,-0.00255367925411714
0.0038835532103154557,-0.0036359758910838903
0.0036456587704715767,0.0013026256304033632
0.008434664884562359,0.0038286875168178033
0.005249779966443232,-0.0021493260654942437
0.0070833308737160185,0.003990113103033072
0.00683163611478636,0.0011204052276498795
0.006923508019088117,0.003573267333317544
0.003643060437595713,0.000614435583954678
0.009811653254414809,0.004851271002184074
0.008344743114475603,0.0014773723608315671
0.006666478625525077,0.004482373578351079
0.009929251152291457,0.006474430105983899
0.009702755074714985,0.004767928296491771
0.0018310187046967075,-0.00482572397746568
0.005878342995825477,0.0016702169417267534
0.004095303322892249,0.0007177923402198975
0.006847108791909581,0.0017061103030603375
0.00642834685896892,0.0025294514120896977
0.004213599807835845,-0.003055803870724156
0.0070589100042734755,0.002518994378022771
0.002250515311635686,-0.004832382283382985
0.005683656738150971,-0.002022220134444388
0.008367768795722454,0.004846230608204702
0.0089502468830776,0.006678736626078475
0.00811107963269952,0.003338107792079545
0.005760010358670714,0.003267103343950197
0.004943278352277161,0.002358787673780201
0.0063390073219325984,0.005860269521857466
0.00651952909718176,0.0054378816662852625
0.009425238786285046,0.007275670726830373
0.005057404488766672,0.005846148291822573
0.007788981885043228,0.0064085257211111794
0.0038595171003370995,-0.0042707535109344184
0.008508060247302052,0.006422205003768522
0.008563989734773519,0.005014231561501643
0.005007153079572636,0.0010812433772682383
0.00682494777606591,0.005779166583659532
0.015639417654602594,0.010804245373181903
0.00684463130491016,0.003345140481893185
0.009252618878660773,0.0028576840976987407
0.009168121539417252,0.002999100211657964
0.00014456333661388293,-0.0061204757090325135
0.003267109039623373,-0.0025378912405046566
0.00851148452174202,0.005202440273411385
0.003893207612888608,0.001083856038089216
0.00408904122494703,-0.0020858866106267197
0.00461222877450174,0.002475063625083646
0.006648457557928232,0.0018330216091613036
0.005098487798356888,0.0024333268788589504
0.0075022062551438305,-0.0019191812040745323
0.004153102672605306,0.004252220300208948
0.0058714270006028114,0.0018458389043500122
0.013705909232167421,0.009172272983330725
0.0064502096959985844,0.0009462391999980118
0.00646240854507736,0.0055311297681851996
0.005359423975608832,0.00421723874382302
0.0025877736208410806,0.004392523808246539
0.004095303322892249,0.0007177923402198975
0.006738429880899706,0.002455356683243176
0.005291554130330069,0.0017634971680218188
0.00554406232010011,0.0010744463503156417
0.008533055427434447,0.0016142079190800832
0.006356279892332579,0.002933406809875489
0.0063332173522399286,-0.0004322965499223277
0.007445371618619037,0.005040661212485328
0.0063201423795176785,-0.0004649475985853404
0.005854997787803524,0.0021161113893995416
0.006508018357711203,0.0033852006229698655
0.005981837222304137,-0.0018079454167216676
0.004880744667122341,-0.0006987345860022696
0.0046418849212816376,0.002796540536646022
0.007304122307854992,0.004023321331609352
0.0011840781910463487,-0.005961148313546747
0.004862646824071923,0.0022772870365793613
0.01004363331648241,0.005521361213336971
0.011382777738711016,0.006710441646259821
0.004772633051062871,-0.002970853264405716
0.00831716078531498,0.003980307173583333
0.006502961028844562,0.003423828757891813
0.005400821442886529,0.001215268635213906
0.003045626421964721,0.0003992985842693718
0.009132923871762743,0.005448100314395146
0.005032857667779463,0.002555211189418558
0.0054403401763906895,0.0013056761572448608
0.005403743015918463,0.0020271918167824336
0.007013325573020264,-0.0011802760258857372
0.004867433937786403,-0.0039630948644665855
0.00566840462146775,0.0032034448854929747
0.006137471815656352,-0.00043863329648377407
0.015358122541074028,0.011577975801705602
0.013321321171034363,0.009850631208018932
0.007882804125033999,0.00482725591928441
0.009614341918461843,0.005646130516337717
0.005241315816160301,0.0019592492700966687
0.006745175080463768,-0.001133575788162533
0.006074178077958039,-0.002048474299328938
0.008004124153426936,0.0011748211806539548
0.0017467305519595598,-0.004900403481555647
0.0071695076670653226,0.0011246600875519921
0.004651751384551379,0.002331349658540073
0.004140702713883969,-0.002291498852770019
0.00807366959215923,0.0013616805236327358
0.009412628809109369,0.005174589191854236
0.0036271836297195655,-0.0028417318698782685
0.005150894048439816,6.370174001601569e-05
0.004478916859126447,0.0037673962099937083
0.01587742935457291,0.010691540035761492
0.005217259638406831,0.0007054429641413975
0.005106302458495072,0.0007915013849275655
0.0054905974504611006,0.0021564179532473794
0.00399718558348745,-0.0031172772759891047
0.012706903254870151,0.0077609788848773155
0.0002824770461050518,-0.0061343966240161255
0.007492521949055012,0.0004672387759668724
0.004578395105189016,-0.0015911654910631349
0.005352285522085065,0.005781897966876718
0.005462454921912642,-0.002277100903423075
0.005742938596796615,0.006503472015432631
0.007454813330419068,0.006176042173716197
0.004246657761601926,0.004971178929234109
0.005585820598905639,0.0021689677377656185
0.004227230626604916,0.0011875924295177073
0.006718543915462706,0.0037707981542471005
0.005569607865208364,-0.001961010391164692
0.005832419012629831,0.0015877742812502368
0.007772372337786066,0.004304875161044459
0.008777252050345397,0.005819728714998238
0.007527817515210314,0.0054888161646008205
0.006529075326069289,0.002976403855223288
0.005435423885729838,0.00023713372644143353
0.01840823753167103,0.01424509570589964
0.009828958951245961,0.006642572466131492
0.009916137041160667,0.003034966836239516
0.0061327335398719,0.004006157948338966
0.005363020426668089,-0.0022499064534660645
0.0061588606121593305,0.0010753146342950808
0.006025838922677005,0.0035693596803546244
0.006381818916423837,-0.0013198028702204375
0.010500213776332402,0.006446658273066205
0.007631056302051338,0.004859646408907842
0.01273715095474361,0.006790061699368022
0.01145039747480412,0.006876131485408986
0.006234443700143176,0.0023493967518025743
0.014707581849953402,0.0033339064814538327
0.0064457099027072735,0.0038101350764956103
0.004810514362465973,0.0015496301804149007
0.00789881056285183,0.0038105800995726314
0.0076289959978002135,0.0033755479377617827
0.006692844338879584,0.005186980183141026
0.007210323975330617,0.004386781500053334
0.007335640279856129,0.0012864851534918707
0.0052468333991385775,0.0015749121152070413
0.006088351618012931,0.004695063784251656
0.00953033719202421,0.004584338863384233
0.004553251953362498,0.0024919825424164557
0.00953462937143764,0.006885620681121467
0.004770100333915455,0.001101736691542692
0.005760010358670714,0.003267103343950197
0.0103206714492704,0.007143170697597113
0.0028997798194875662,-0.0042452711830969405
0.006181125545251624,0.0021558311294991124
0.006285574653181646,0.005231964729821743
0.006237332146916482,0.003025684376710346
0.005164641230655619,0.004670149837719543
0.006085924535231532,-0.0020225352857849606
0.008493809524151144,0.003721801011468991
0.00560589668857724,0.0021886238482371418
0.005472598524218354,0.0023575380662945586
0.004110922662966105,0.001038217192113649
0.008041173071885113,0.0030973615334820605
0.012520684600766097,0.004326768141213054
0.005376982682102552,-0.0010271582786009013
0.004670581469649498,0.006142920543416178
0.004271388284212351,0.00013753675582656166
0.0069210783724247115,0.003296395640319571
0.004824514759277157,0.0006512185412165042
0.003959444763594187,-0.0012705141700156287
0.0035950650595814055,0.0005384941699494005
0.004442845004148531,0.0018859552911443533
0.006449358207856932,-0.0009686061634629935
0.005533095544054765,0.0028741136654573413
0.009568269631995687,0.006139169681970032
0.0071646717929178235,0.004317839690971844
0.00826924142463703,0.0031226132113866727
0.007741520552842503,0.003097239738031001
0.005097399836479897,0.001969285803689938
0.00799969238688019,0.006725091703543403
0.006977750206547926,0.005970940730797522
0.007711029183882114,0.002878612520740625
0.006912174974290059,0.0016639619601094306
0.0067727770619790805,0.005341969806926633
0.00759411527772197,0.004296138666183182
0.00692308949998172,0.002975077290279125
0.005174070335804396,0.002244170388229959
0.005250699574665774,0.0016542912389523705
0.00819806417664926,0.005349659116636222
0.011215624955488245,0.003153548881127578
0.009679357517501815,0.0035340193164565045
0.014493011977876521,0.010347899751349107
0.007310467170138875,0.005512804822989172
0.007024346758261416,0.001443862805680143
0.002106825925335133,-0.0048951958947895755
0.004483229533478522,-0.0013425859095910764
0.011139155168175163,0.003674570065969439
0.005876656221564669,0.00484024827803301
0.005562520620167032,0.0005394349682492803
0.0024846065973550997,0.0005299373577739557
0.005703776454102273,0.005367442172803179
0.007408760349130798,0.0015185275127932172
0.004080093880571073,-0.003811360060642457
0.009826191086310785,0.007308081395348711
0.00337127708655177,-0.0001448259195923514
0.006073168802433545,-0.0005563892151046745
0.009795064690530673,0.00468883833404737
0.0036288100183593484,-0.0032004691246841094
0.006369211199688382,0.0004417599694856115
0.005207251879598146,-0.002466301571519596
0.012746717268762805,0.009927584088186378
0.004000629891141778,0.003473417958501041
0.00433625526795756,-0.002073825622532891
0.0051557178490167,0.005488674090171789
0.0059284690357999945,0.002885210106138501
0.007752273727136801,0.007836412333238816
0.00739039740572482,0.004695449754818866
0.009189980030828037,0.004865983085030408
0.003262602762966714,-0.0035682570638064116
0.015928981016440222,0.012211591914931427
0.0036792573509752333,0.0015555512186321927
0.003860592326189861,-0.0007392743893098238
0.007313548965160179,0.005459667923462455
0.006208235463043334,0.003925198612439876
0.014052435232540446,0.011397755344505408
0.00561396437050955,0.0025529120792416636
0.009927978095190255,0.005390076279972384
0.007698840947120532,0.004340227484515185
-1.1617771641840927e-05,-0.0070117449864333815
0.0035348887924279496,0.003435665690192458
0.00786717289300009,0.005348341019265797
0.005682798528127091,0.0021513687265012913
0.009610739511979587,0.005499872259390984
0.009518553908934453,0.008456417702585413
0.01146950015373339,0.004393012775613313
0.00820911131765501,0.004726651067766152
0.008483896292458317,0.004881404015368846
0.0077496594471498335,0.004331076367675403
0.006320200122999517,0.00232454888492601
0.007115091073375638,0.005176919051679928
0.01101725072731702,0.006506268075805167
0.00741519355823719,0.0047367923148829965
0.005606560451571715,0.0021239556365258315
0.0058056483700350365,0.0011920958253569761
0.00776279930959207,0.006863846830054258
0.006256117622752818,0.0032033695881197033
0.005183928619723572,0.0013417625918115336
0.008855245680694894,0.005141342828004095
0.007402005016810095,0.0016621316978946803
0.005719904584378676,0.00543502092413031
0.005225242539397626,0.0024126887775020077
0.005860978771106577,0.000988366848910874
0.005766390032728047,0.0021930316470348465
0.00846001972017424,0.0043048262654917565
0.005318467010482972,0.0016725755153405878
0.004179620160226715,0.0034923587346176446
0.004843583413699771,-0.0025499943142090597
0.006349624724283248,-3.223925646273721e-05
0.006226923922454586,0.006320973893438968
0.0034860059339798816,-0.003698432985620141
0.00564108222114457,0.006661233902563809
0.007682961144609856,0.004480434574931334
0.003267742007327063,0.0010199688171250026
0.005429832680199064,0.002452951875320915
0.00022077771105582546,-0.0067887054477267
0.0023077812789138175,-0.003892177720130125
0.007898659314622799,0.004867547191600078
0.007385463605635443,0.002540088413737632
0.006997392914823155,0.004662217191702367
0.009696162234816709,0.004361839876714619
0.0022577513717889717,0.003741816349647561
0.006798190138109986,0.004545434854888841
0.00776639558480043,0.0028332982446836645
0.01678654215677693,0.012241272237689185
0.013654214305764134,0.007431226292105593
0.007426186878433622,0.003286138499570247
0.009702755074714985,0.004767928296491771
0.009042243995166463,0.005101532092129624
0.006977750206547926,0.005970940730797522
0.004549143142175538,0.0025478192530245932
0.005333375472162214,0.0019451542208602651
0.005860047095657515,-0.003055670409072354
0.005131540179182811,-0.0006275036887882779
0.007281728712494346,0.005068126631986667
0.009356426695148714,0.009098038208032129
0.007316920200632722,0.008431336520734826
0.00682494777606591,0.005779166583659532
0.004055133283031245,-0.0020895412643991973
0.009614341918461843,0.005646130516337717
0.00846395118392589,0.003653781673161657
0.002838017969231105,-0.004225784747735521
0.007886565790402495,0.005920896459128698
0.0028577288884175317,0.002850861029110692
0.006778470273642158,0.0023265724140358714
0.0029216612934622284,0.002632433058175573
0.005144989597651281,0.005891829184413917
0.0012833070389976966,-0.004987986562324332
0.0033540673505784574,0.0009455655432083071
0.012428542382704705,0.008675982775430722
0.0028349041142533265,0.0007569621322822025
0.004505668670188923,0.0006469644205972826
0.0070671480564406825,-0.0015201939357443253
0.008414625418810256,0.0016341360331826428
0.0072950522119975825,0.004874974265068832
0.005097448056984193,-0.0011932955788452413
0.0098574176345589,0.0057189761653741135
0.004094151259349799,-0.0012607471103133483
0.004461551009993183,-0.002218999009601907
0.003984236659225534,0.0027194608795010223
0.003913326086459149,-9.76137052696481e-05
0.005174912068322098,0.001682099493861602
0.01047019583743762,0.0060083153729010765
0.008222862802512866,0.006829080668449281
0.0027293039096609184,-0.004160050031386852
0.007346208309168439,0.005796476596298811
0.004012044027275688,0.001243247732649673
0.005598891132896388,0.0002744951047726268
0.010221412564810125,0.0042356368817145235
0.00760136902698374,0.004956916985564485
0.0040077317123364785,-0.0020870014320169186
0.0066542392718667905,0.005144238849528405
0.004742400614083842,-0.003014568568755192
0.008875211883134285,0.003824457388330313
0.007651876535950338,0.0054915137903732425
0.0066362758052787305,0.003319092553734783
0.006778776744379883,0.006155317852622777
0.006662513263931549,0.00037935108557497245
0.0027691689399032132,0.0001000607343052632
0.015289548325849008,0.011840018891369482
0.007569619936842057,0.00183464043764824
0.005683884250349247,0.0027528745768763494
0.005903814048468499,0.005206108267169121
0.005312982211695415,0.0021432698936806544
0.006453804733938115,0.00288007948464625
0.008926073098189252,0.00832320791630325
0.00956769287002997,0.00595678483379475
0.005309999513578768,0.004108164465233645
0.002854180304066284,-0.004433624523472296
0.0037243918484335652,0.0004482487265003183
0.0071632647194553,-0.001836447371607295
0.006161736983493886,0.002455500026006639
0.005786734832126371,-0.0018134609682289218
0.0035398242386606117,0.0006346860737948086
0.008040137702599797,0.0036770990580617105
0.006641507195459126,-0.0015938859957160718
0.005333375472162214,0.0019451542208602651
0.005568819360958061,0.00549909248983526
0.0052135340283745845,0.002616288931639633
0.010063641627744016,0.007528184867077218
0.01100709929238165,0.004248056730056854
0.0018354547226616322,0.0008063441817940317
0.008543146924013645,0.005903504407722166
0.004747122276352469,0.0024094377247539005
0.003477363307136109,-0.0036456749078680817
0.007811831482431315,0.0025632245214308657
0.006333214693917899,0.005741783104299099
0.011351092144658665,0.0029942337486266518
0.005234193076498642,0.001625496602901155
0.011945578518195476,0.006957542326536244
0.006120275451650593,0.002996930626322534
0.007398972935494046,0.005437009979569459
0.0031983842796967643,-0.004411823742132394
0.007128513150238431,0.006895276338172874
0.004518112562334392,0.0022459851959003956
0.013970569934737288,0.01041720290231232
0.0054178323791214695,-0.002260529788796853
0.005415247346111463,0.0029350476386598365
0.006155929527575767,-0.00011995742154545692
0.004974632070001685,-0.0003046037319656657
0.005746726998387213,-0.00026299319526707724
0.01154061091186942,0.008988830541195827
0.010151239126348776,0.004242440823557092
0.005403743015918463,0.0020271918167824336
0.005010713347046865,-0.00040370345915795823
0.007007317630183099,0.0032622958428795683
0.013067944984384357,0.010165303116053319
0.0031128056776748847,-0.0018487060612426848
0.0077934828195429205,0.003447387841506286
0.006774504862550969,0.0025132279462907435
0.006204412166514331,0.006818492841016526
0.005440138545402921,0.0007436325175048004
0.008813414279677165,0.004792999702852897
0.0061053241405107156,0.0010491889728376476
0.00567746509546322,0.0060348550055494225
0.005242857305749053,0.0011326558308065622
0.007373116131516337,0.004023577590479612
0.006381419810422797,-0.0005078288038407059
0.0041404435229149845,-0.003405934948855917
0.007310236506473,0.004440893964747417
0.00863026653781937,0.00429563243329888
0.008732522127697479,0.004593694971087503
0.00561396437050955,0.0025529120792416636
0.007489248999443843,0.005734332015923423
0.004860427015961905,0.0011472649000374173
0.005746554941657219,0.0028849584890474995
0.0070053369659697235,0.004352628147272851
0.0038438918959529085,0.002835241422752411
0.011519253019841282,0.00743470339761053
0.002833621445808801,0.000283925465516241
0.007767875780351369,0.008275872551639146
0.013558419627615411,0.005777043890396556
0.00799502330364768,0.0047166977260033865
0.004926642642821128,0.0005739573088727173
0.0038332670369248794,0.0005563677451262249
0.0065008217466089,0.004770513598119671
0.0028914549534869586,0.0023511500957289237
0.007727214621215454,0.0038690892053104137
0.005286079512908044,0.002778429393061288
0.0054747442806883555,0.0006338790095136299
0.006724835350228654,0.0037720650980781175
0.006760245847855022,0.0054272284485732646
0.006702967947448129,0.0037646510139596055
0.0023556387749263056,-0.004374757133532885
0.00750907237788236,0.0003846485535911213
0.014422795686813586,0.008785918150857754
0.013213498291208697,0.007850689651540052
0.00944889517321474,0.005287300105948701
0.003960624501828577,0.0049127945995270225
0.0036798797491164013,-0.00014770734989255976
0.004961351721612251,0.0016092824159061637
0.007899472338296222,0.004660592508501843
0.005575913822384404,-0.0026731417573917365
0.007717299045356336,0.0039018588814787045
0.009195795714675983,0.005707824435233273
0.015474948188382867,0.012537063121307826
0.0008987834102144685,-0.005498791682805735
0.0072288479015639,0.004435510526668709
0.009908171103983308,0.004514541830998363
0.007166663887375809,0.005101401248779389
0.006117104207945098,0.0022106719529851855
0.005841191020387819,-9.302629982500636e-05
0.01815230056866369,0.012070892222242781
0.009239158701931642,0.007114410554955088
0.00815705524520692,0.005159413643245225
0.006271266126420266,0.004357889300007366
0.008821764026596672,0.0067208975835574
0.006676193999143874,0.004899356932811908
0.002377440578587268,-0.0002427584964551626
0.007205930692743731,0.0010831201573065262
0.007050460218526145,-0.0011810713056780667
0.006752487108683212,0.005725551814250443
0.0064283497388206885,0.00386573109040315
0.00617459199796851,0.00030578465433083075
0.00348227544082756,0.0005914012896041324
0.006842544620416741,0.0050608107627429805
0.011060855022338537,0.00869134102010693
0.005577326483343302,0.0020865179940557713
0.004086430587097796,-0.0023760486262714925
0.007578864868027041,0.00283825214278412
0.01607949867401408,0.012456636742816735
0.009019474291571482,0.005610125281422384
0.008184724923375788,0.004564114436379785
0.0039321044105072225,-0.0005256146936441098
0.007671798647958453,0.004579473824395965
0.00470683220231149,-0.003042347812539663
0.003502587272110412,-0.003665149591551436
0.005195793199280316,0.0017040900643717502
0.004974963341424568,-0.002516917822025337
0.00519870225528536,0.0044109517269497744
0.007160929596870862,-0.0017199542753769635
0.00622670933556789,0.0012114766895641067
0.004882931363374661,0.002846197215355265
0.00685933911956998,0.005110737572516841
0.003110598563653366,-0.003988659569545527
0.005868007774214686,0.004685937180582088
0.007065217599278174,0.0008844092556337339
0.005261680232519031,0.006668192020934492
0.0056249345988699136,0.0034279949438949537
0.005738063311985706,0.006889312051370118
0.005389606715459702,0.0013014244676995126
0.007529718309613246,0.005453337569025695
0.007403537073552604,0.003340569069365875
0.005458310869930224,-0.00030613362818528427
0.005943912036130329,0.001688869224049705
0.006661472095530803,0.0015662199008630376
0.008368823712970937,0.001764611239827637
0.006889060528418038,0.004482164882428256
0.007711125809410746,0.006827659406223327
0.006177901756278142,0.005956671071117832
0.009463122266611421,0.0033013425485727
0.008604709791390459,0.008482580983576942
0.005233259002275817,0.0003912489814000353
0.004914875975755492,0.005463065801344134
0.006948393677367397,0.0023131564066039903
0.007914719900180087,0.004372903103281096
0.00935430826427239,0.004732741503780086
0.00900489225641823,0.003702920922658578
0.004319526280018903,0.0022003103031443157
0.00442581187221705,0.00024231868594427625
0.0027614899345880916,-0.0044769675696520565
0.00580161234398467,0.0026587821339496415
0.009357068764275878,0.005056386337047157
0.004518497681379789,0.001405451134023291
0.01076045731028442,0.008197336952253172
0.015423423561317099,0.010374469687146703
0.008079773765252308,0.004093254263913662
0.01253734186383753,0.009367903172313789
0.0038119584384240877,0.0021262819474027247
0.0039564622011331926,-0.00047588925836496675
0.004120372955600222,0.0037744072552798784
0.005418556440393779,0.002421962152018643
0.008877500441749238,0.0026955860343332817
0.005477826119019832,-0.0023147796447985126
0.0044011768807221945,0.0016523484380923676
0.010431076436877018,0.010350513568382742
0.01184848826319845,0.006946655080911856
0.007388773411810948,0.0036857893563877883
0.006278266527819567,-0.000430322765791886
0.008483896292458317,0.004881404015368846
0.003403728469026949,-0.003663433289961441
0.007865406428157974,0.004529641750953793
0.015373539291831622,0.009221121219921758
0.006846373283028472,0.004257490238597742
0.005946146817261294,0.005458533434356607
0.0061327335398719,0.004006157948338966
0.006680408713679445,0.007219477000302152
0.0038268522381329287,0.00013644543050158123
0.005307902746727643,0.00018204340097532738
0.010480215747937317,0.0052044192113145545
0.00907535096110053,0.004554111647634886
0.00599033807991512,0.0047824837210745244
0.006282091807062272,0.0029196727652747332
0.006292844913853906,0.001662280123298051
0.005695670947260164,-0.0005618748012358975
0.010041333225421703,0.004872976322091857
0.006445942276719301,0.0036521288446893516
0.0033338783512636815,0.0008963941240480514
0.00646059231748273,0.003431536862667845
0.008463239348097158,0.0048088921135075405
0.007899472338296222,0.004660592508501843
0.01283717096638312,0.007016053994017856
0.006121420913812422,0.002919895564408921
0.008718836163280341,0.003724738879139571
0.0049079138476756795,-0.0014616563388077358
0.00799502330364768,0.0047166977260033865
0.006741765832198267,0.00274820606494799
0.008073547665837925,0.0046991018056807355
0.007146238440510038,0.007155633860507853
0.005809352734041321,-0.0007550543769687191
0.005794303501099222,0.003902109463991459
0.007613871140408544,-0.0006500580634658266
0.004182379655144359,0.0020354245799618833
0.0070381014191043135,0.0033186178452218884
0.006969700603827778,0.0035610513021233385
0.008567312577502565,0.003697196259136128
0.007334364262029627,0.0039758441309380305
0.005792758146842489,0.001317772899574481
0.005270347875654955,0.001138853234559264
0.007896792328346783,0.004821445270267943
0.011633224847460223,0.007925426589960366
0.01302572274089908,0.00797502627541156
0.00457300776821872,0.0017955427109134989
0.007145830187550576,0.003327642122029079
0.005631047852248182,-0.001871237883126319
0.006321381025670849,0.0024957779087521796
0.016726847607170865,0.010132864754879864
0.005456954153427803,0.0025210566635825438
0.007966867865713888,0.004079317944193725
0.01053557398541163,0.007994481821296301
0.006940471223681814,0.002026111021866385
0.008765856537608913,0.003772559259753383
0.007475425464999916,0.00505802357425403
0.0035600510664701435,0.000499993599904075
0.005758538896676989,0.001687932398778483
0.0046381364040604285,-0.0029267915586056164
0.010698649522686272,0.006242890092764871
0.005447154318881589,0.0013901142376487432
-0.0012647341061008711,-0.007856093886146635
0.005886020814996327,0.003348923356547317
0.003724943755952977,0.0006855665336811239
0.00831203223726397,0.0034958426245913516
0.0066451323385126855,0.005546963845074152
0.0034113040139881817,0.001882901782188493
0.009046047884488663,0.005121553992562278
0.006660748549598916,0.005173125944989991
0.005555545227232314,0.0003998989286865956
0.009330621909570867,0.004701109161538966
0.0029415031124307702,0.004502329348918445
0.015443202489848158,0.01180050314881145
0.009142768352874713,0.004584536943709921
0.007727540496428296,0.004793455995617537
0.004543620055631477,-0.0012935897148209242
0.009046947733837489,0.0036930458494556294
0.010145124280490766,0.005814515968308716
0.007848432270210244,0.003918730466681288
0.0012590442316508573,-0.005561762050107265
0.005581244411330793,-0.0005909773504188063
0.0057599031783577715,0.004715917324930789
0.005762370737820349,-0.0006764083660194872
0.009729630071054454,0.0026543228512085227
0.005561485497562763,0.00448392819757738
0.005339865090790004,0.005279479903010124
0.014481744096238681,0.010339743188874028
0.010474349006822143,0.004482927068081509
0.009927474874704231,0.005140940166333416
0.0051658007434586695,0.0050109322076621245
0.005905099369609126,0.003259605004338276
0.004552344118121374,0.0014949032186397718
0.008423277939384362,0.0028877634504461134
0.0067268361138594895,0.0006719445023878447
0.0028710080139825525,0.0030580282754719395
0.004795732383958631,0.002222019631009887
0.007484386585359323,0.004165046572672061
0.0046468410722735505,-0.0020130243322451615
0.006682895498447456,0.004733603220467708
0.005917716248297783,0.0023146821131573413
0.004520352802969926,0.0005453823428724532
0.01013426179101068,0.0031342660935602057
0.008855245680694894,0.005141342828004095
0.008146733517290452,0.0017079116712629657
0.008385634567811759,0.006617230526938694
0.005434975978982461,0.0031380542501255083
0.004242944128084303,0.0037343682388623458
0.0034477687290481,-0.0004917192789381433
0.00685032475488959,0.0057211584152692
0.01066426259284405,0.007210889615119117
0.008135959143948695,0.006269656442310908
0.008886269207670886,0.004479234796641888
0.0018326791751555934,-0.0044868341753163034
0.004777861978723272,0.002152250561289903
0.004246657761601926,0.004971178929234109
0.003440610271409362,-0.004008389529732839
0.0030715619593832157,-0.0005834655063260748
0.0051155602950654555,0.0024506780228285433
0.007467234414839876,0.0032924268990519494
0.006294106961350779,0.0034721028856045735
0.005481895039243638,0.005315936557417076
0.01719059134850514,0.0132360762527663
0.009088819232471453,0.004537419659109316
0.004942904802165107,0.0033859773498308415
0.003895575235845102,-0.002519690707068638
0.005202826127827619,-5.061033650392149e-06
0.004563373330500361,0.0023519112010462516
0.012300470977829072,0.010980263872785095
0.007669188824527757,0.0069886749236492424
0.006575158594179703,0.0040124242251382315
0.006847108791909581,0.0017061103030603375
0.005232161501612679,0.0064894924559269415
0.011771499983474742,0.009526754974735322
0.0046941977569237535,-0.003214473512404307
0.005707057547546044,0.005656875490571729
0.005280356947764879,0.00012465047312289288
0.010686537549949452,0.008959090797784914
0.008635042892363196,0.0032854082067417913
0.006741883272764174,0.005030194829026773
0.0046396063330334854,0.0016266399615036068
0.008218719445457268,0.0029563491518067872
0.005379867075918226,0.0030059353205162407
0.012808943982118563,0.008400517326304102
0.008232169002096655,0.004729773889656688
0.007907269878939426,0.0067785380528548765
0.002854180304066284,-0.004433624523472296
0.006025838922677005,0.0035693596803546244
0.0066833912367119,0.0038946504633233115
0.013348577675634724,0.009073931610203314
0.009267454601692421,0.004667229682113307
0.003925077984667412,0.0021789131266410156
0.00774574851142919,0.006049745620689907
0.005911607097997212,0.0044700836464898995
0.010558753926062142,0.006828893078080329
0.009816686530785181,0.006856920586181742
0.006943558321240413,0.0023385348806991314
0.011509772089489768,0.004082814690098997
0.008030577692159292,0.004703822958130964
0.005471652312407742,0.0019849841951364864
0.006784117142571022,0.0006880172599116833
0.007006487152257719,0.005942206487364024
0.0024603548053984178,-0.00407098990464738
0.008194805230162368,0.0037508494515796856
0.005328880949842151,0.0056123981428692895
0.008229168448252031,0.0036230999001388405
0.005536876063274613,-0.0013892458675219786
0.014554043192423498,0.011405446968247327
0.0059615003009982,0.002019599114638962
0.004424650829639023,0.001340361684765175
0.010733006422585914,0.006538745583554914
0.00018076374563670734,-0.0060594245070896315
0.007648511237461439,0.005986229808879087
0.002606094148033279,0.00046598630019170986
0.0038237433033593733,-0.003086903234970269
0.006637749981651112,0.0035335735479009797
0.007283170991350382,-0.0008756256916861369
0.01090713595551484,0.006611290403274913
0.008769875170279337,0.0044850608556745546
0.006935016412617572,0.004249840082481173
0.007002518898289468,0.005961199839690708
0.00720845995111624,0.0025842608995065115
0.003116299908245421,-0.0018322830546222534
0.014352561275499597,0.008208935408634134
0.007384024813618223,0.003264462859050094
0.016931044084633536,0.009520164314281532
0.013401071705936594,0.010839004707768125
0.005151341052983228,0.002014675768620304
0.00570133692817811,0.0027062951449753764
0.009677632542209305,0.005642504681988831
0.004486167287623343,-0.0017552406013048938
0.009169908073133485,0.004712916384137317
0.009745700227515024,0.004731059562907308
0.0042331287702869844,-0.0019893114837729736
0.005297614337799252,0.0036008820403722963
0.01090576708370078,0.004296987286584438
0.0028349041142533265,0.0007569621322822025
0.005474035443011862,0.0016750657691894048
0.012690125177656596,0.007718099361667077
0.007377263363476868,0.0016669656326882805
0.008108088823892867,0.0039021916746610212
0.0006082187397892253,-0.005801521231684775
0.00751965530879829,0.004205017140222929
0.00794181982763249,0.004075940081517164
0.005809365676761055,0.001988952752635811
0.005826603006217436,0.00602636388956153
0.0028814063180015483,0.002819041817908142
0.004147902915523392,-5.987832770357887e-05
0.007174833291518323,0.0002725516868277182
0.008682760233022472,0.003986156332790898
0.0065454598510494635,0.0011838215428285545
0.005318775652528476,0.0018045887081856822
0.006368157091229409,0.0009269135539542433
0.004617987606038841,-0.0012975157043112837
0.014728516332564487,0.01080743533772695
0.007327987453439696,0.0040683029967356526
0.006374470301416801,0.007583364279188438
0.0016785964494970725,-0.00013067001198787884
0.002328329176709958,-0.004282922887271569
0.0040511236162309935,-0.003290605844611219
0.006371259803671043,4.126296009043795e-05
0.00461637448513605,0.004464420458432552
0.004371081836742958,0.0024551059175209914
0.0017572429914020377,-0.0034010563361880717
0.006239817377855726,0.00046743384425776413
-3.152603761394715e-05,-0.006575428727305477
0.005900656905657106,0.0022889758768494138
0.006116771245271679,0.001753707966608618
0.00601888037348687,0.002849382872433941
0.009900244514286482,0.005737011345742834
0.007220444004169445,0.00198039865734961
0.0069700301818663895,0.0009136288426312214
0.007435459244958294,0.0018122949986705732
0.008418434805234298,0.0025452394219668594
0.01538235973972224,0.010507461091809597
0.005456954153427803,0.0025210566635825438
0.005486237963129241,0.0020958680257664696
0.005901726814594254,0.005358868486014167
0.004402629415319015,-0.00366705518415736
0.005701523197967568,0.002558109495310941
0.007219164599002041,0.004068590210955458
0.007034766846927773,0.001407408686032151
0.007620506233672557,0.002868794567248559
0.00617198225174552,0.002527058187475206
0.0069485978880712805,0.0016273213053223812
0.004975992646250724,0.0014132481172080347
0.004984047372352164,0.0033456271550732835
0.006579377798677346,0.0025410405596387273
0.009388031185448835,0.009661685181880885
0.007125716444042218,0.0016762243852285691
0.014194271877212662,0.010153040778702337
0.005506855354752549,0.0018185058436049036
0.010294427994464755,0.005853567869095884
0.007465474173542258,0.0017606967200031153
0.006027249049217296,0.001677557917653773
0.0063218541058464054,0.002349359075872368
0.004144795160853558,-0.0010809976605271072
0.00622772160558556,0.0016040402946724897
0.008652178336484032,0.0048868704122379866
0.014871133372999473,0.010449392003251696
0.003964656568577354,-0.0032653441796308916
0.007856687265926927,0.0050768835797423235
0.0076163371180265355,0.0048750865451122755
0.007372100056194285,0.004052652846726309
0.008621285507380925,0.006247809614023146
0.0060260133602902215,-0.0005675736957394427
0.009755546907840655,0.004367170146806547
0.009142313477416782,0.00668883258726578
0.005286145859143736,0.005434399675831085
0.005667791351692019,0.002320142139869282
0.006036413677122009,0.0011121504837993523
0.006957934693237841,0.0038995067317129564
0.008008947549702545,0.005113566811767524
0.006546859292364124,0.0014155052742442931
0.005550263838488107,0.0032908120861511927
0.005279723130867252,0.0032186283354718953
0.0052627933084290306,0.001574145213891008
0.005000111696557081,-0.0017112966652104641
0.006002183835377697,0.0015633941969617725
0.011058092719255425,0.0031702320597503317
0.002263392334355392,-0.004478200436367199
0.003077197429438046,-0.0037406944050608322
0.00748552372193287,0.004993052361731821
0.004662562105788417,0.0002907571802635324
0.010460714689617824,0.005208866242992697
0.005732504103429138,0.0019743886111803152
0.0074479809358339,0.007705115934578479
0.006011406130033613,-0.00035640544890221896
0.013015621660890929,0.009628830827469938
0.0077456251192055256,0.0034556491514326102
0.006558261197147999,0.0033500295794718464
0.008262114838939447,0.005612886730140673
0.020283905571122633,0.013022926024188895
0.006343687035257479,0.0052854743969741455
0.005308188948450157,0.005660858161602741
0.003206159116804822,0.002040517733404942
0.007664193708306539,0.004479468509614167
0.0033854769133560584,0.0015474786692278916
0.00383314088675492,0.0006568798943715065
0.0075316963385856795,0.006124212757393605
0.00677743135313901,0.00533287942788711
0.009808822720939353,0.008623541643439788
0.005558294468645063,0.0017849481227513809
0.007610644253783903,0.005305403509709244
0.006726936035957854,0.00032937039248996484
0.00563132135181042,0.003863475452770759
0.008614976483388357,0.004875139314266212
0.00366629855778477,-0.0014434959692321012
0.005570678234864746,0.002881579076464704
0.006616266564781468,0.003322041286623929
0.01652189976962298,0.012425988667437316
0.008926073098189252,0.00832320791630325
0.005148775798873764,0.0014436798297257991
0.0065217636655071284,0.0076848476338275944
0.005215251937851056,0.004587416749131065
0.008167879298505919,0.00456011293243511
0.004895346650917195,0.0019245646481427688
0.008435519750166353,0.0015820944892360874
0.00899838247346931,0.004594323606427709
0.009412628809109369,0.005174589191854236
0.007397713217039824,0.002109463380382773
0.006423215928739437,0.00012056792593290785
0.005463931179835579,-0.0002932215569326161
0.003484824006929633,0.0013590744679296135
0.006307002847229681,0.004429814806829944
0.004053050333773111,-0.0032780540019058634
0.007836082491941138,0.0030376550398677803
0.005721001956994168,0.0015526353258627883
0.006020676420677927,0.005567492524238646
0.003940047691721132,-0.004173705633680403
0.008855245680694894,0.005141342828004095
0.004637092249656874,0.0027564360115640476
0.005102184618030664,-0.0010379224979914147
0.003062071796969549,-0.004024509109899576
0.009323238582471551,0.002133674004228721
0.005590678891766091,0.003620881719681889
0.005006662830139461,0.0014918194418046538
0.013512044360481808,0.00568174433956424
0.004502632741620282,-0.001335440074115202
0.0028814063180015483,0.002819041817908142
0.005297173260711487,0.0018031572186910866
0.004798631187636765,0.003208560520408488
0.006674202210910385,0.0034276244930810905
0.009927474874704231,0.005140940166333416
0.007816695508053965,0.0031766651270663812
0.003290377094503854,0.003516090228643299
0.005154349206226333,0.0031079143049636956
0.001625171359521409,-0.004654735141348253
0.00285517464737166,0.00016911297963533283
0.007353587597619821,0.005021927876815032
0.0074760038792845524,0.003208758433105175
0.00907213959683119,0.006857810538710336
0.0037226777468060976,0.0022576795799204063
0.009689643540154884,0.002464644455162753
0.008295113534771272,0.0051111136913460755
0.007268592797534415,0.003957675078910571
0.016731027274710316,0.012673904310641599
0.006934877115902687,0.006448294422791149
0.006674583129205076,0.001434131975987002
0.004098094021767617,-0.002400267851841378
0.005603963508435723,-0.0002830834885642168
0.005013994964817252,0.002273837826838476
0.006288104834713121,0.003503742977103817
0.005472427578542405,0.0031347789304740498
0.003896890233598769,-0.002501496486655713
0.0063151350300833615,0.0020913835666108048
0.005094526633999152,0.0013330675229325847
0.005512478486297159,4.383334299324065e-05
0.004156785934310043,0.0010414456400203364
0.0042287288123321245,-0.0031018735700538928
0.0030436688398591434,-0.003914594119456154
0.007663685092733698,0.0016119370775604111
0.00575187348217276,0.003774481683582658
0.007482562228780936,0.0029392290630908284
0.010046237402877675,0.003486465340615269
0.005279383677489686,0.002189868068294812
0.009050498960520502,0.003819891859497166
0.003254871575574014,0.0043937016321702145
0.00615152785184953,0.002792480873475685
0.007634517208656913,-0.0009193210454766509
0.007696432549224094,0.005011740750675525
0.006749191617197006,0.0034563874028126418
0.008357110556058488,0.0054285048105156275
0.007033271401368194,0.005461859283398335
0.007020782148933959,0.004389281074530934
0.00845686827669633,0.005522089805537832
0.007159473835595922,0.002057177977412411
0.003698556134323256,-0.003556280259888003
0.010575875487035407,0.005107648663749905
0.006255932172505441,0.0022860604946434594
0.007134826993218977,0.004489917107254936
0.005238999530874085,0.0020848900561015304
0.007327987453439696,0.0040683029967356526
0.006378531396779935,0.00075814189738793
0.01036241626906618,0.006031600260198451
0.004880337175934479,0.003699144371682478
0.00782369992012235,0.0030357157506192764
0.0064147890686657655,0.0031929565043484574
0.012147514574184195,0.006686649356621072
0.005827598597302697,0.0010572524756616098
0.004059189747753713,-0.003121487411970769
0.0035145972974135863,-0.001746396460219386
0.005995289743669597,-0.000638255486343756
0.006055776740508695,0.0018208560947858537
0.006195064351388761,0.006932515667469121
0.008746353842058813,0.0035256916994337527
0.0069671718912668375,0.0069411354771510975
0.008494661001849483,0.0037248641571490026
0.0073124054827182535,0.002409879439903696
0.002460787496511848,-0.003999779842864444
0.006926044740437527,0.006773150668285966
0.0054847487989724,0.0020182154140236178
0.0030594774342834856,0.002090525740238257
0.005367918614724076,0.0012322984524108854
0.0053376595193355926,0.003340433039886654
0.006823783317831379,0.005889778024946703
0.009397443630363194,0.004214849271787108
0.0072768699053521275,0.0032419923964784585
0.005098487798356888,0.0024333268788589504
0.006168784760966388,0.005477466826355723
0.00678968873913779,0.0025756330575759023
0.0059465655743511595,0.005557596928536692
0.0054178323791214695,-0.002260529788796853
0.014997245188739496,0.008621595425807399
0.005581705833958643,0.003650840427659138
0.0069671718912668375,0.0069411354771510975
0.006273233043285283,0.0047460293204710825
0.0030730110925364495,0.002278765144625895
0.0036419872720796186,0.004985318035174401
0.009140889805873761,0.003836090721980446
0.005474035443011862,0.0016750657691894048
0.005761658287705589,-0.00021196482461856118
0.0057697445604341265,0.0014421070630752566
0.002237879086350679,0.00016115252154411813
0.005204192366211671,0.00175723501253935
0.008604709791390459,0.008482580983576942
0.006681070523565975,0.00107473966755343
0.004099619536042842,0.0010710316225245016
0.005790643240330766,0.0013377841861176186
0.009079893823556898,0.0051990249556506055
0.0071498609872819386,0.004497281458818003
0.0141119631970941,0.004502272892087676
0.018754389484791318,0.014422120445664936
0.005986877285357119,0.004423108282660334
0.0077932698656932,0.004172725194343953
0.0037723269893046515,0.0014697594440173274
0.005978334529138351,0.007010814418327514
0.014748273656847437,0.011938069801588845
0.0076293862994905575,0.004088694987128355
0.006681666670588901,0.0004049204735940828
0.015131291740827009,0.007626535022436127
0.005503046489069192,0.0021449848427215062
0.005997665058370872,0.004898886463057368
0.010117496991699908,0.0037616611277316815
0.005906989984459387,0.0032270665857643006
0.005297614337799252,0.0036008820403722963
0.006305343432949111,0.005661602704160304
0.012607141073100306,0.009963088035908525
0.004308196958005311,0.004965334609368013
0.004617285499127966,0.0016016146349038017
0.00626073990898282,0.007555836862291208
0.0048540276222569755,0.001273197018175764
0.006504630014059685,0.0028944870657203192
0.005614863548638261,0.001962492000675109
0.002530393191049706,-0.0037319919826644364
0.004536410330109071,0.0002719556643960633
0.0064784198042047245,0.0016300777558045602
0.006462201981833304,0.003968304801909015
0.00605434110489285,0.0027935304807820407
0.003189811654026542,-0.0037018912530340153
0.00242959801073922,-0.004184013228570547
0.006255932172505441,0.0022860604946434594
0.004314145367770528,-0.002498489711008923
0.006386165921965547,0.004566389185320111
0.0076639989313374976,0.00862173215837747
0.009772543267855895,0.004414486364957788
0.00846743257162125,0.0037278032730640592
0.0051724305451991,-0.0010073839143991828
0.006421757435285831,0.005203247483216158
0.007709959729455985,0.00513575000272268
0.00680844985102625,0.006367891374559971
0.007172487964839591,0.0009348648455994339
0.005172377693624351,0.003502722354087346
0.001863413190683845,-0.005358842696146946
0.004974562377330666,0.005756459486002727
0.002237879086350679,0.00016115252154411813
0.006352609634310667,0.005491826081538217
0.005172208742985937,0.005043620123162136
0.015217044018044357,0.009058274161205923
0.0038651443814603816,-0.003387086373464441
0.006761551877286353,0.003171879000486483
0.007075311549700195,0.004066563989196681
0.007422696867595946,0.005176354548818671
0.014309280579142686,0.0123544794654709
0.0034699899348309693,-0.004382082427119155
0.011074700180251168,0.007589218574038242
0.0069833516869793055,0.005226608016261413
0.003560925627301325,-0.004281366059177127
0.006869638546814369,0.005260552767962971
0.017991422166744056,0.013900693940225714
0.0034621256833272723,0.0034335317319320767
0.005976372342380608,0.000437035086286011
0.006163535004201397,0.00321918325936223
0.004555857371247976,0.0021027860538231956
0.008374167588389962,0.003961051660150273
0.004896340178971424,0.0029577470287266905
0.009180874741999391,0.00464322765365209
0.007625450131217981,0.002715505549904942
0.007755715346051552,0.004236204672700054
0.014361724141797969,0.00541496395461313
0.005923483838768173,0.006110919221101253
0.01305293954576375,0.010700966865621844
0.00868578497851116,0.007462916998895939
0.008926073098189252,0.00832320791630325
0.005174354745078096,0.0014666688090584782
0.008894284413556369,0.004583600564201535
0.003946419906096165,0.00082814121468496
0.00403023969243272,0.003054052071693486
0.006718706359289047,0.00507170535227429
0.009865514507250645,0.007409063418452107
0.004511982758360835,-0.0016660492286590493
0.008604709791390459,0.008482580983576942
0.009046121832892266,0.004704167683938017
0.003278464558956796,-0.0006459266956850701
0.00946490952262246,0.00356524862006049
0.005524272448462223,0.005114295891718783
0.005531232101768499,-0.002856382463532663
0.007073296700162652,0.005152016741856303
0.005434095743654487,0.001348509685679137
0.007564647930336395,0.0022517168026549746
0.00014770023950702246,-0.005959454092196208
0.0051090011157928095,-0.0013287545663686774
0.006504630014059685,0.0028944870657203192
0.006374470301416801,0.007583364279188438
0.007157401115067727,0.0027060551567084316
0.004977733519048012,0.0024275472392582187
0.01144843676159036,0.006213723414314041
0.008154963001397023,0.0035503895738971357
0.005581865261974008,0.0029303513319483858
0.003439807738119506,9.964971731986003e-05
0.0042798423787401545,0.00149498383099357
0.004010958527770802,0.0032346170043589294
0.01049059535778956,0.004782432587285687
0.0074374916821936445,0.002918049854718773
0.006722506513350815,-0.0017031794123743404
0.005385111172339413,0.005285380754245993
0.005558645476837602,-0.0026782124576732102
0.008493809524151144,0.003721801011468991
0.008205097227613724,0.007234683464134157
0.007550452965215107,0.0012052902936771723
0.004058325717526014,4.229138369109264e-05
0.005419927471282038,0.0033133671941122647
0.006651615608793649,0.0040179070271279555
0.008167713648260903,0.004795158323497363
0.0021831655565201415,-0.003645325878126349
0.007727406944105287,0.0020853156351338838
0.0031874150455286415,0.004154926631726068
0.004381072714873455,-0.0023384223761498497
0.00941613450716294,0.006463307108021152
0.012619548563447028,0.011326649754708375
0.007121679162109548,0.004675835416441531
0.009058535810055056,0.004109367188399042
0.0021610240632441,-0.004084627095568414
0.00592793795640891,-0.002125678757945483
0.008479361550612253,0.0037009492440367373
0.006603127151522844,0.007728338523251491
0.010048326690410118,0.0054799788319146985
0.0033053847045311936,-0.004721028203059899
0.010946665186587127,0.006787746909274256
0.004881979341244239,0.0027191624059725826
0.006568032577709173,0.005047557692029397
0.00251404325332061,-0.004147380153656213
0.01001371555385364,0.007050895116261443
0.0070706194573678886,0.003794880712060734
0.00534825809689233,0.006808582801172257
0.01001938761443812,0.00611739662344944
0.004761158862222253,-0.0008201328026178345
0.0074414830661123435,0.0026445868081157488
0.007653829349938822,0.002586560549077772
0.004444747385159633,0.00252082667062191
0.007298429568508568,0.0008785791086981989
0.003689356063187969,0.004119346367771895
0.006337884117021963,-0.00038317022479378727
0.007423196405807532,0.003998259337949164
0.005826603006217436,0.00602636388956153
0.0018984320079281497,-0.00482113540533285
0.005364717550901139,-0.0021668691191547417
0.0030741031805381425,0.001172700871495973
0.012200598811371498,0.004098211445753999
0.004754531026682598,0.005566942104929359
0.005289541684300061,0.001767151065715622
0.005268953465916227,0.0013141180585323348
0.007215502866659025,0.00539191735587136
0.007313548965160179,0.005459667923462455
0.007209229874177379,0.008079577311475501
0.011903279040404108,0.009005861180440332
0.003712916546312511,-0.000152388134172338
0.0051778947982739085,0.0015817185063090608
0.005813771970685614,0.003209540833859336
0.006923969375410082,0.001368065595542826
0.007681380135122777,0.005415222867830454
0.005826603006217436,0.00602636388956153
0.01740095260050902,0.012084482526844551
0.007320923147338294,0.0030869777576923423
0.014097844226339694,0.009672565007557688
0.00742486669221396,0.006302433916559458
0.0057155138872468725,0.002294520046104356
0.00178160343674128,-0.005098770044064787
0.008494262855089776,0.002902751460038439
0.006858766376716911,0.0005035203018759682
0.008377316855548449,0.0030130942873213638
0.00915895690676234,0.004630312451122236
0.0088329519418567,0.005108274536425518
0.0033348011095544385,0.003852528073651324
0.010415227784821696,0.0024463195410101704
0.006721904591338521,0.005251972576236982
0.006433455899342208,0.0030421398439268695
0.013724741888353011,0.008528259217441176
0.007290998046924448,0.004130688856821697
0.005095045905506607,0.0022605340366301605
0.008886269207670886,0.004479234796641888
0.0072360376817429805,0.003998404513000899
0.015571663398992151,0.012275724950803816
0.0023409708504919646,-0.004070889247417189
0.00261478173643815,-0.0038453443489331355
0.008749833040528947,0.004236705978110095
0.007170118298605405,0.0008384913138720718
0.009074792001491971,0.003828301257835441
0.003980485160223306,0.00039000048075796094
0.004485417231817841,-0.002726975093729043
0.005471499898567845,-0.0023130250012856303
0.0032051178874386308,0.0016636358108219678
0.00614751676618568,0.0035423930688694514
0.007772740281955511,0.004163129676853358
0.009618474818442574,0.0053198612333845655
0.005651287142568788,0.002840490602703326
0.006782759399245589,0.0063375817217650714
0.006580709166747908,0.0007096335431107511
0.009366018182277091,0.003301541916741445
0.005198832829651636,0.0011050345702126084
0.014920500478259581,0.009316026993830457
0.01625619688022047,0.01372859012363321
0.0033581395046735924,0.0008837067320204822
0.009046047884488663,0.005121553992562278
0.0051536756595865225,0.0032732969884453275
0.005967540615808651,0.0053370972846924075
0.008072017660105117,0.001616671358449443
0.007917876204770646,0.0060393192563807235
0.004621224641433929,0.0024309031089637077
0.007664336657114999,0.005153328402596469
0.006555474868575051,0.0015262097647778822
0.010542013395970929,0.004761835018320895
0.011761736265392116,0.0076050838612301925
0.005418210048281181,-0.0024066995283879853
0.003438380755976898,0.0030217824526007344
0.009293417451908197,0.0041627496912284515
0.006706072302058896,0.0030296184502469877
0.007765678237904644,0.0058959977170349245
0.005411323807305314,0.0007516700576127387
0.004813109492278445,0.0024465790478814618
0.006968654089074321,0.002281187362241259
0.0070996544895187055,0.006651376110101279
0.0033362291282780267,0.004756898997402725
0.003239572639360872,0.0035320042509801282
0.016385536133259344,0.012460620702069353
0.0068399595516392495,0.003541537707926071
0.005567292562978816,0.0012766671617921808
0.004763434942615783,-0.001830336618283586
0.003708295956060391,-0.0035374723203095114
0.009766285604927752,0.003536580710294404
0.008026872933593941,0.004708540024982099
0.004652669247601448,-0.0012713367482364213
0.009239158701931642,0.007114410554955088
0.009140877884106863,0.002724627223563896
0.0024974338954495317,0.0003878958479361901
0.009767250274401703,0.005407008118344589
0.010146373842300126,0.004957470480210658
0.006069381733423147,-0.00034170715966983477
0.003072825652523259,-0.004341797427152235
0.004606646537914443,0.0028262919966372257
0.004855183212913424,0.0021799042458995176
0.009226775811791446,0.0028920132256148416
0.007148068058584497,0.005844499776102409
0.006992280726399351,0.0006911378955592679
0.008960085970785242,0.005237383589619807
0.00588195952968403,0.0015028494168509076
0.006400372297042553,0.004258707849712346
0.010249607674330611,0.004783454634908634
0.004606902063496402,-0.001959304911992911
0.005041892690286803,0.0017026356357324642
0.0066912751354206304,0.0025654101540812787
0.005986877285357119,0.004423108282660334
0.00471627150214907,-0.0025168342957162726
0.007372066296361404,0.004180312649643844
0.009408694024443534,0.002482490497752461
0.007196019820609483,0.0043975653713170595
0.009683537990437686,0.0019979057409048005
0.00979903795713426,0.0036067464171269754
0.005756209410662089,-0.0004158704865404577
0.005126464788420967,0.0022191904652443875
0.004491639230366282,0.0024056224668696866
0.015554108017477001,0.011390714816272194
0.009189980030828037,0.004865983085030408
0.015886132860659492,0.012323331621599985
0.00895642051355242,0.0050836849996385635
0.0037965916128491223,-0.0004062672092851865
0.00789615191225396,0.004976630562706383
0.00666935751829895,0.005162678258925063
0.006499206027179336,-0.001197374353080368
0.012518557388443659,0.00784310500825167
0.01251211718622157,0.0035863124206082925
0.00787138822309177,0.004332349446734471
0.006940471223681814,0.002026111021866385
0.013015312980517089,0.009453029668473596
0.009795064690530673,0.00468883833404737
0.004119845500725794,0.0010401493620717838
0.004562876740120203,-0.0030138131872400244
0.003335572433631532,0.001241234626577943
0.006148622596805005,0.002994595371624135
0.008917911679113391,0.007551987241718539
0.005974822085646583,-0.002393756108280988
0.0047567821577459354,0.0007672477787504742
0.011509865435578097,0.008475273793854416
0.004997152007146935,0.0010001235186303066
0.0060664703743064366,0.0029896998988559083
0.006763830461097957,0.001917905718446829
0.006282869190197525,0.0022489757029681102
0.007589212766988159,0.0012877334921760153
0.0054185435486939024,0.0033347902771868054
0.005233566301201992,0.0017088575950506175
0.016133073339284917,0.010168070707313518
0.006156417932997754,-0.0006839188081853688
0.004961228783522732,0.0022240717042952907
0.007007324226863387,0.0058715753388677945
0.0024846065973550997,0.0005299373577739557
0.003505883601864797,0.0037166277011013143
0.0028373316428352254,0.0031850422678343484
0.005514482050398844,0.004377006779451546
0.004152386030197324,0.0012633649656973488
0.010262044751862109,0.0042267093362868165
0.0030656575747757117,0.002282727848211965
0.008107564501593487,0.0032408811732115147
0.017103903529887457,0.01271813840922352
0.0055643868966191515,0.00474138442149441
0.006486665845155682,-0.0005822082601415444
0.005232839569391849,-0.0009682837410915617
0.00774574851142919,0.006049745620689907
0.008068503623947036,0.006817804050761062
0.004912527988948435,-0.002700968928623583
0.007669188824527757,0.0069886749236492424
0.00773336755017986,0.002176173609605707
0.005374194565159394,0.002736138571915304
0.007539452355073082,0.004269172708092942
0.006965431196530031,0.0060315317595054894
0.006336498040031395,0.0031996451480421195
0.0052704933430219566,0.003899424826975883
0.00669972151537384,0.003594600381244025
0.01170684855387632,0.007171418896846823
0.00642777222318096,0.0066830844704888585
0.005060724019601375,-0.0022013545325370067
0.008472817488390771,0.0021530771772661755
0.006809018261611519,0.006644451978886773
0.004325808020813893,-0.0016546009331428104
0.0074904929685140125,0.0019677273026488954
0.003993730411690155,-0.0015144267757069736
0.009494749713363303,0.004569343715805965
0.006425163222850177,0.00021995853803831455
0.004110922662966105,0.001038217192113649
0.011568326478499662,0.010770715152866527
0.007694782979816121,-0.00013062059890388278
0.003231577940083859,-0.0020679794725911044
0.007727214621215454,0.0038690892053104137
0.0063390073219325984,0.005860269521857466
0.003994927686022371,0.0004903164588465556
0.01278469187674329,0.005487851446537115
0.007201062610058099,0.004019129269060588
0.015465416891824967,0.008203785306502977
0.004524781118105754,0.0021949139503549204
0.004641913362557733,-0.0015104622631188641
0.008517890640603177,0.003341814669473748
0.006596641697862373,0.0016349273330600938
0.006817524643592346,0.0032477112850609587
0.01541495221938411,0.0069747190017314725
0.004183187287792662,0.0012064554994047514
0.007144338229846311,0.005433548174464293
0.0022819895205926106,-0.004422444303825503
0.004558305317769511,0.0023373554670565056
0.008205097227613724,0.007234683464134157
0.007822478693009446,0.004471118244836652
0.01452102037414023,0.005815848736736054
0.006381977498113243,0.0018585427000781017
0.007402505406639557,0.006137607589700602
0.009740768276595778,0.0067268280379144604
0.009046947733837489,0.0036930458494556294
0.005210102970866512,0.0015800591244385202
0.003198026238591168,0.0034806712755889547
0.001690544052989032,-0.004796577972183449
0.004703471435259732,-0.001892991655371332
0.009583120209376891,0.004461488723225699
0.006022618132244247,0.006227247628326153
0.006991569745164151,0.0006438911458610495
0.0038664609515287,-0.003469641724731397
0.009097108987697984,0.00555484428723731
0.006702967947448129,0.0037646510139596055
0.007693440942574161,0.00827497508099789
0.0051724305451991,-0.0010073839143991828
0.0047512547010097154,-0.0014528658613760966
0.005636637350889081,0.004580082993010511
0.004685650013552914,0.0013757044860034625
0.004846714151215752,-0.0009137564783890176
0.005819497361961261,0.0022769391869395805
0.007041780098254291,0.0034256016065318303
0.009881938255686775,0.006186545435397708
0.006686586243224865,0.004019785203290294
0.005806150444579842,0.004013784636747665
0.005811825256652271,0.0024175107517900958
0.014128299223265191,0.009023979003190335
0.005359991845226891,0.0015687488604113177
0.0041648479739949205,-0.004006680419275118
0.0037226777468060976,0.0022576795799204063
0.004539068640632242,1.4664742451230006e-05
0.004792881295897111,-0.0019264282252437828
0.011491934639799358,0.00822349811185444
0.014168452188410582,0.006980724461001354
0.00718222254599515,0.0007751191285859113
0.007373122452328587,0.0049549241071852775
0.008469908089145538,0.0048872146643853115
0.00828770471901824,0.00411840510938179
0.008855245680694894,0.005141342828004095
0.005980009513909271,0.006727858930601051
0.007595346269540268,0.004357986222495906
0.007450346773103591,0.005074259525800494
0.015595771947005382,0.01217546866844033
0.0027124765858056368,-0.004441621130615281
0.005943949328866771,-0.00233307480183728
0.003442336536463796,-0.0036334549349255306
0.0045729950429067145,-0.0025777032723356373
0.005826661440779117,-0.00022512112830958345
0.0070589100042734755,0.002518994378022771
0.008691165900112648,0.00506981773573976
0.0028373316428352254,0.0031850422678343484
0.009028626528642322,0.005132221208778582
0.002302535232840708,-0.005446994069686647
0.005051270169037905,-0.0008911861600202423
0.008357110556058488,0.0054285048105156275
0.005960093124846827,-0.0003911118276783525
0.014465858876208356,0.00838894900652033
0.005192843344270383,0.006019234243557139
0.017925414379029232,0.013150799024567974
0.008055946232690289,0.0013719280139143494
0.002296228815629793,0.002928529481134504
0.007395313993414242,0.005289416254602186
0.0036180701132832865,0.001206418446212748
0.009189980030828037,0.004865983085030408
0.0037364622201834924,-0.0007867552483831457
0.00796083064192982,0.004281996872932457
0.005288661443104803,-0.0023924408912430733
0.013029693460360156,0.0076436599814943135
0.014042491477713546,0.00711395319904545
0.001877803353613287,-0.0049456269184210595
0.004120372955600222,0.0037744072552798784
0.0035919957081359958,0.0038822802696709133
0.00848141252635717,0.008347669901192142
0.010878729212176768,0.00656006745485652
0.0037685265861682167,0.003735134479897733
0.007127536043670028,0.004626813328736403
0.0052190400743540345,9.160584884578427e-05
0.005914742349004343,0.004220447079209924
0.005965121344988253,0.0027088046876123833
0.0034973706635286674,-4.2432563043728194e-05
0.005392496489360255,0.004945680474684762
0.008514807426531353,-0.00022666780980884656
0.009791308147786403,0.006700143814311976
0.006962617345895723,0.00408029854336963
0.007253858102301045,0.005986399495235853
0.013128421853375628,0.0070627827259564235
0.008862098181296733,0.0036656987664089773
0.008471139375425173,0.003964995921256636
0.0072955867164546965,0.003101251870746935
0.005704074320259566,0.0013986762131968124
0.007747194896266461,0.006249540073354164
0.0017470937498923079,-0.005726681806498289
0.009005684086925956,0.0038230770779629267
0.00747589262805444,0.0033828029522855827
0.0059238353694875834,0.003351166022330948
0.007446234577376216,0.001590508858478822
0.005514120472395226,0.002882653568999371
0.005580346805909605,0.004740617520178377
0.008555603249441948,0.003137511082310266
0.006550358217224248,0.005135962041935338
0.009647105586195777,0.005903659933869215
0.005586435012119735,0.0015095696460651568
0.0039710695071593655,0.0004487648725528086
0.007256741429162211,0.001613498343511952
0.006548036659184434,0.0030609745022185603
0.00564815697095673,0.004822693000288144
0.0028710080139825525,0.0030580282754719395
0.007753635116227436,0.004362956460662402
0.007764626750329812,0.00317910124331068
0.0070097998769164185,-0.0006585847978392307
0.001207813313298653,-0.005412037732066943
0.009136472182359617,0.007135057134124854
0.003959446975078697,0.0012370015006623238
0.007969134778933365,0.004581773947921495
0.009336518455731002,0.0036683787282767895
0.004783799635291707,0.0009405385048974679
0.006040591858013106,0.0010245243130481262
0.006431507617312276,0.0015583215803113134
0.013465174749361916,0.010646273355019628
0.0088329519418567,0.005108274536425518
0.005182361311873738,0.00292710214124513
0.0062155820235224426,0.005666707728377325
0.004454553111480602,0.0005915474655548243
0.005080134136265388,-0.0014185282358130501
0.006269427183967327,0.0015649948504495408
0.012472817945531017,0.007733647478702884
0.004618467555956532,-0.0011775851509690603
0.002472734428380495,-0.0021516290964221597
0.005359091361374358,0.001879443713778471
0.013601904834743479,0.010938837029937965
0.01189499391953499,0.0037016449740986303
0.008232366774977802,0.005402640882110759
0.0065675995586499695,0.003968561349186848
0.005980009513909271,0.006727858930601051
0.006077318562026262,0.005424900406195829
0.012313744888371404,0.004671187279288192
0.008337056774688512,0.003999417161776096
0.014813022675267795,0.009814189623433237
0.0044763461294530585,0.001366700561731042
0.0074304926793276865,0.005545088820533468
0.015638805396772572,0.010267106614572532
0.014874620329886113,0.01043228619344657
0.007550786235623568,0.0026095904304126796
0.005597991283725467,-0.0022608235489241764
0.010151239126348776,0.004242440823557092
0.007121642950230066,0.00047963409477277605
0.004364735488366344,0.002261615509155759
0.0020910019924724466,-0.001146504515623174
0.005936271522531542,0.0023651813449731343
0.003002344905387126,0.0022711219653882555
0.014849730022591899,0.009915617488880361
0.0032122163291615578,0.0024447862619710447
0.0063442547967784094,0.0031510251199199472
0.006681595475005035,0.003148286743833312
0.004731240667329256,0.002342969479683395
0.005565625468570207,0.002331440184943803
0.009709914886479326,0.004322541575807953
0.004033524740914175,-0.0006337847874428176
0.0038438555071582583,-0.0018549776604332505
0.005565009264995538,0.0023023014817692014
0.003010373381396459,0.002317824455439636
0.010145124280490766,0.005814515968308716
0.005391826008510438,-0.001219467505305787
0.00875122451510055,0.004755966323712621
0.005970621151983685,0.004732851747980424
0.0025320200403054216,0.00040632720958670276
0.009003611811113978,0.0038745495227362394
0.006064292072517786,0.004590855332770831
0.007019250722837143,0.005583560018479265
0.007947862384490422,0.003020502361132802
0.005016393513972928,-0.0024935133004655823
0.005422166123793716,0.0021606395649580393
0.005342361599884004,0.002407871319548288
0.006826432688187001,0.005603250464748671
0.0034401400236538093,0.00031720972787510973
0.006407687669176717,0.0023929540931055667
0.004605399348638314,0.0010185604369403016
0.006018457881017309,0.0059041883171133645
0.008275590421605611,0.0037162891123359255
0.0032224781518281984,-0.004646638060671167
0.005745449900110099,0.006314649350948566
0.01076045731028442,0.008197336952253172
0.004509700128534371,0.002198513661019948
0.007318712939082095,0.0016857252394620204
0.007185679143671652,0.003191542832434794
0.009486864805705096,0.004760091934345445
0.012115466243634812,0.009769511458740766
0.01035712338250375,0.011137977294226543
0.017922967089450115,0.01263488787139063
0.007166990282281284,0.0011159946525408715
0.004959116930527559,-0.003710937702884609
0.009858657583107321,0.0062205226731259135
0.004093655290870437,-0.0031890690901040814
0.0028814063180015483,0.002819041817908142
0.004657511430871536,-0.0017506858981843863
0.0075474167027548365,0.0076875133509565746
0.007044299256895789,0.0015607153114238917
0.014699983825759707,0.010064836177324194
0.004590797448641956,-0.0038437875250774863
0.006147187891350958,0.0025260772874824474
0.007279839430579334,0.005429303248921033
0.0018403531215657118,-0.004646334768939862
0.007098374418199015,0.004226896515790027
0.004349475778274596,-0.0036475660929177383
0.006070156762351254,0.004809439252649954
0.008814529807299335,0.0037610375233919397
0.0047788480371524,-0.003238104733490307
0.007395313993414242,0.005289416254602186
0.011588360934407294,0.007439927577483044
0.004227636964609167,0.001446755081827714
0.015180194349346266,0.007892754634180515
0.00978552380216037,0.0046733266958747305
0.0042331287702869844,-0.0019893114837729736
0.0066764126032595955,0.0018194194722076394
0.012920917278254281,0.007628893146205931
0.004786317320650443,0.0018036857401946922
0.004353382304193139,-0.0027832494840170034
0.011986591148631156,0.004231955310791798
0.007043882084831183,0.0020513479019176285
0.0038911425955486688,0.001428190987020665
0.005826603006217436,0.00602636388956153
0.007833807780547763,0.0022733755390459583
0.006351796334196277,0.003040067015160643
0.004243859780094568,0.0038657013191588027
0.007048032691121311,0.0015500737307485545
0.003868792691260399,-0.002684395948026389
0.00470126674159437,-0.0034582704169038884
0.00686169541013823,0.004969106454380499
0.0028577288884175317,0.002850861029110692
0.005212047162463749,0.0016280877327204861
0.0068027215735910265,-0.0021637231116111485
0.004451708168523902,0.003004023398527905
0.0061763143417122605,-0.000674841978511297
0.0077992876212385175,0.0028574259602039357
0.008305958184836267,0.004673322963773913
0.008311123726292141,0.0053111039616628225
0.0047933853943696834,0.001964623109964982
0.00646059231748273,0.003431536862667845
0.006811079774234152,0.001770218426215251
0.005696841908716976,0.004332486175089332
0.008175972814718008,0.005529840847162447
0.0012847658227590625,-6.978028447224109e-05
0.006549375459057571,0.004982593455948498
0.004977733519048012,0.0024275472392582187
0.0075141342423638135,0.006308238524950228
0.008845068006204767,0.005140220942326139
0.009677842275376535,0.006037676224942754
0.004175093203713853,0.0030383206446403487
0.0043210266443971575,-0.0012871031137453469
0.005980817436893545,0.0032277919646914437
0.006198818819672239,0.0011466993691538448
0.006899411906481523,0.003994343080426888
0.007516008802713485,0.004355273688489651
0.013370533963633345,0.01065447661204398
0.007553434596725866,0.003823896936809691
0.0038874875877159733,-0.0016430601113643101
0.007641306292240397,0.003438771537566548
0.00895642051355242,0.0050836849996385635
0.003680325323599897,0.001820703865060629
0.005163571338195454,0.0021793734686699233
0.005983329052509425,0.005268508456651224
0.0038046926418355484,0.0007132629205871422
0.007820588696883735,0.0068524256171582885
0.006648457557928232,0.0018330216091613036
0.006886911578925247,-0.0019836464617220637
0.0043646541149246106,-0.0017004159727614801
0.005383862716227173,-0.0010207268414573747
0.004201902626006052,-0.00029241188980189993
0.005920296709344429,0.0016338942684636292
0.005201318384935645,0.00623383805525386
0.00195581260249624,-0.00494399236477509
0.008621562585664362,0.00385823777954989
0.004635529281868025,0.0057171320420469005
0.009996407565509768,0.008084128185972905
0.007782317362114907,0.006364579800620517
0.0060205058772419585,0.0026804069692651505
0.012207202779347332,0.009790612169836326
0.004757131932847839,0.0009779277792840834
0.00696006697272742,0.0034935480107848443
0.008543146924013645,0.005903504407722166
0.004866622186032368,0.0008040669388772667
0.007330850881383553,0.004694316307437331
0.0036419872720796186,0.004985318035174401
0.0065720191087844495,0.003920924117330545
0.0032322718984570432,0.001889203356442778
0.0077054906014502045,0.003987247183235388
0.006493228168618246,0.0013678203503003396
0.004850553852548872,-0.0023689022336532053
0.006474725005370692,0.004091235475213688
0.007444897623106378,0.004441617021376694
0.0026018512036828957,-0.002366380202049336
0.004042498078281345,0.001587925181510073
0.007874377575506419,0.004276060940663464
0.006226923922454586,0.006320973893438968
0.0045796527438280825,-0.0015225467991356843
0.007045725603349337,0.005156586987356585
0.009324940072070385,0.004025088882155408
0.006220296047678397,0.003524916269502483
0.009124045966482365,0.003768697270393315
0.008467648801603769,0.00481562359427677
0.010626370967462936,0.005642464432224405
0.00628273273907988,0.0035639139954944114
0.005556859462287286,-0.002286276293711053
0.004878865193493856,0.005371975023541189
0.005713436054117009,0.005951343224273685
0.006187121084680734,0.0014721305638878543
0.007959183215576378,-0.0010422589652642165
0.01003904543422145,0.00540164066986082
0.0067042076565445655,0.006047054457447437
0.004836001018541597,0.0026069664106444304
0.005057558020155647,0.0027357749995277894
0.007602546389552002,0.004139336834787831
0.007440478295744575,0.0039706607627688455
0.004367268165695945,-0.0025186179319879034
0.01592292316963217,0.010382677823307495
0.017858513916632485,0.012747990246061505
-0.0006705340916480385,-0.006414357328491807
0.010578849298718856,0.005831307630725096
0.007384523478698435,0.001861799082183817
0.006817992797165842,-0.001973546606895943
0.0038438918959529085,0.002835241422752411
0.006467682283768527,0.0015643176124774307
0.005208758897070348,0.002053278968367477
0.00524061410229121,-0.0009214538906912925
0.013556287078067188,0.009665147858710952
0.003492409033047379,0.001241269449108521
0.004261969248023358,-0.0027238561911745902
0.005394893648192766,0.0050988963437190865
0.01220819929151758,0.009421229746999708
0.006823269003758235,0.001733564409609879
0.007555786882499421,0.003758740708939263
0.004371935209805389,0.0012905941123332217
0.005566657642551648,0.0021686846009277925
0.008329245223444815,0.003951888489174235
0.0038968618522718396,-0.000153519979722792
-0.0001288526524500528,-0.006205404075836214
0.00819240593979988,0.0035418443943025756
0.0019115646352353168,-0.005516332354254404
0.00666935751829895,0.005162678258925063
0.00614751676618568,0.0035423930688694514
-0.001482329399231503,-0.007666952184695899
0.0035443259698154112,0.0010361141317730103
0.006001076011654991,0.002726801502152181
0.001045961854555126,-0.005758186914655737
0.0029742149880066238,-0.004174366457234698
0.016531689865954876,0.009774086231689794
0.005157096955075352,-0.0027586136637743576
0.008332189876739303,0.006353672522262153
0.006422645235195841,0.003742298411178958
0.004992021194385215,0.001845821448282387
0.0008987834102144685,-0.005498791682805735
0.01684317625257989,0.011943844927347059
0.006925426110701534,0.0015873181710152513
0.008926073098189252,0.00832320791630325
0.004878159062356644,-0.0030455866082480278
0.006972236699272244,0.004012016612120325
0.008657719011560311,0.006078835435933606
0.006166405678904343,0.004615275435693321
0.004437164725556091,-0.0012450654292223504
0.007824890774382653,0.0044969263747269665
0.008816844909445152,0.0026236221716318
0.005028614001103255,-0.0012366754548200874
0.006901782035809979,0.007301948366836453
0.004620660223832735,0.0038473098347996107
0.005489640120281643,0.0012674047529527555
0.005906452833248236,-0.002313139598763751
0.009247915787978438,0.0028523025191413568
0.008819662268050522,0.0051299965347688025
0.01049059535778956,0.004782432587285687
0.012729283726575842,0.01143357598890541
0.006075927803399783,0.002753883386549417
0.00642834685896892,0.0025294514120896977
0.0129752611180331,0.007438505888258694
0.0030361345861288315,0.003962367987250558
0.006137035068793378,0.005694041640933855
0.003128211955202421,-0.00190019880555649
0.005651401599776762,-0.002540074812768703
0.00536422605512671,0.00213325394353555
0.013520108940591436,0.0069131102098178125
0.0004494924366413534,0.00023094993337730105
0.008544741322007207,0.003789394808168906
0.005371241610636996,-0.0028800283829208493
0.005255731852798529,0.0007271813455334061
0.005153720902879032,0.0020947346027379845
0.0044034566882202,-0.001965873517545887
0.008059365185832074,0.004376562415849428
0.004102071836483197,0.0012609258016069774
0.004194513360765698,0.0008017889481728964
0.006031274541440223,0.0054760292681222756
0.00896220853485359,0.0028415900047847635
0.009599291390644105,0.005872571646023688
0.005973280233692376,0.005743728839035228
0.007204418757482652,0.004379847828974123
0.006929340037741863,0.0007990463954706019
0.005868641357822622,0.005433437565600469
0.0023754483287947645,-0.0042089023710940796
0.006711748291091656,0.0007643511432795548
0.00659396958830173,0.0031903779268428797
0.006139152010379454,-0.000727694899755626
0.017373798734958,0.013000029049576329
0.009237752411269892,0.0038163118974406775
0.009049363574695159,0.00010369545371040692
0.007879529886697104,0.0038582233594587753
0.008941879512001764,0.005203663104268986
0.004109909148725258,0.0013557211387355272
0.002237879086350679,0.00016115252154411813
0.003664588836512375,0.0015917345805255279
0.006210579862243291,0.005440923513933831
0.0038110577710101286,-0.0022582745349117948
0.0039540809749063575,-0.0032889875035983507
0.014642258781074089,0.008758550812026682
0.003799430055205248,0.00433091233105554
0.004077429264538143,0.004350832972150355
0.0041631345046769545,0.0007322732956947962
0.0053961111244210875,0.0009627737754897758
0.0035511935295411898,0.003586740032997046
0.005730738631197881,9.486631612902127e-06
0.0034902953321617365,-0.003642495151435691
0.00562000695806258,0.0024834938460922195
0.004670581469649498,0.006142920543416178
0.009331868527287259,0.002259395764959265
0.012309633039425595,0.003722113598070482
0.006486665845155682,-0.0005822082601415444
0.008123170437885147,0.005016596632834034
0.0038405093108832347,0.0012589166399711981
0.015430831891020711,0.009880066922226906
0.0026537361406149904,-0.002682880143167329
0.00883843392820106,0.0036366481545821294
0.006607586659823857,0.0060944235911776935
0.006459486513046313,0.0025793466421510976
0.005530581079292215,0.0067121998143738724
0.0046666377632288,0.001412796617016862
0.007955674286638435,0.001338972339340697
0.006226923922454586,0.006320973893438968
0.008932466010795543,0.002731220401184083
0.01621190226194242,0.008909081365729222
0.010628058017785708,0.008862672065002545
0.00927237486265216,0.0062238386430412355
0.005211430062146248,-0.0021492864807316613
0.007386858736239058,0.003987923109962762
0.004110705114424861,0.0006617274654455441
0.0052502977452276575,0.0010154132144851629
0.006025219688489376,0.0015225832677244104
0.003965236985240012,0.0025952626313467493
0.008445586511852484,0.00399428862023056
0.014656406618857042,0.011127380541247775
0.007453333404868229,-0.0020159997193489147
0.006374470301416801,0.007583364279188438
0.006963071145201376,0.0016744940197372972
0.008369381751678714,0.0027771952622911737
0.006825126880848876,0.0011851045430251485
0.0009361019191998013,-0.005340474401743509
0.006585366202792003,0.0005640906303184005
0.0077166453695649145,0.005256016543093706
0.008464025287644308,0.0022428131758706485
0.005301286855922499,0.0016557934107140565
0.009241956523339024,0.0046460591469682806
0.007059369192444471,0.005384862190729598
0.004981093820242559,0.00013551942384676732
0.005063005337832783,0.0012175564291253584
0.00809615091320623,0.004522405073258883
0.002532604322926974,0.0014914655741654
0.0049198396821409345,0.0020801885414481226
0.004037708944297495,-0.0022898643999463356
0.007941191732269998,0.005209818273674119
0.005403743015918463,0.0020271918167824336
0.00462180033826958,-0.0012551826398647607
0.009391086416081081,0.007562204045218457
0.006361220109712287,0.0009804010294379578
0.0028577288884175317,0.002850861029110692
0.005277464068840961,0.00019062003252118525
0.007803902700919171,0.0073388769258808575
0.004219889841468282,0.0011070239956758867
0.002943982551027598,-0.004218081761584173
0.008059365185832074,0.004376562415849428
0.00574327003475113,0.005617812699679055
0.004715602134290023,0.001584059796611784
0.0023773976862521903,-0.003839779470977644
0.004969310396372354,0.0020940735341424092
0.007165789179943232,0.004528978161062114
0.006924221841150204,0.0024494182237317893
0.0023407972643661387,-0.005126275420143021
0.0072011033391912015,0.0007004638006806539
0.005961089034099288,0.0016888265346883292
0.006680408713679445,0.007219477000302152
0.003986998078314459,-0.003320216313939351
0.003630740315082824,0.002608310524696817
0.00556098541205843,0.005181405416011153
0.007611396927905873,0.0043174028538607075
0.005870277465474406,0.005187840834130654
0.006015055212190333,0.0061212570526600705
0.0060664703743064366,0.0029896998988559083
0.005267578302358576,0.0009654458651762367
0.012084713215472817,0.009238245528109071
0.006776050651938335,0.0026807040943912144
0.006204412166514331,0.006818492841016526
0.009583609490871042,0.004346640852628682
0.012683503609644365,0.00897187013628039
0.008780290233193402,0.005082283602510542
0.009697457816303134,0.004770688354385501
0.0035741392439458536,-0.0036918936239207917
0.00646059231748273,0.003431536862667845
0.005692934303310787,0.005418323621857376
0.007241454460281525,0.0037398913525154244
0.0033854769133560584,0.0015474786692278916
0.0068980119052785,0.0026976624590414116
0.006275420907264574,0.002567967962339406
0.007124498108524601,0.004490126319433959
0.009031881062205323,0.0051094098816706615
0.005789232495885829,-0.00014049801332319083
0.006102394530719461,0.004045660225224685
0.0074068281681502,0.0019961794796418434
0.008018700302706388,0.003755544583243611
0.007398342654224953,0.005109287296480829
0.01789857450104769,0.011655853902595112
0.006649272838612825,-2.6212505341256104e-05
0.008802570950546883,0.006735021235913216
0.008166824797003428,0.0029149218350162974
0.009867539648701473,0.004489915536194083
0.010092676163498127,0.0067993682532019786
0.006226923922454586,0.006320973893438968
0.006152037667086534,0.00507925322514894
0.005781790717370606,0.0056136467118544295
0.006760070708148883,0.000615003042839549
0.004364735488366344,0.002261615509155759
0.005256105892383448,0.0043574437620364686
0.009089899806990412,0.0016701079202310707
0.008148181812190477,0.00503114900369059
0.008197523020956755,0.0035437223875464234
0.008497496318429242,0.005208250922427851
0.008793327891398948,0.004588175102573251
0.00537704649621601,-0.0011320088493735198
0.004319489066156245,0.00034961678813577764
0.005082317263394639,0.0021688536954492937
0.008433310291376457,0.005921819331400855
0.005098882889353024,0.0005991199095542535
0.005212047162463749,0.0016280877327204861
0.011840015377528046,0.010315183606488424
0.0012621576127235367,-0.006846815093820076
0.006715795201407227,0.003178954354118757
0.006989415720360436,0.002585121568735589
0.008699567807156555,0.005014044567714411
0.006828761125392638,0.004595209515658265
0.0056007180121234275,0.001246369981438046
0.005628069989996682,0.0019007060543031378
0.0038571584927555823,-0.0018215640865949997
0.00940927887402709,0.004821748236953993
0.00740152067328859,0.004476467253257899
0.007620628199519605,0.0011158291880016252
0.007772372337786066,0.004304875161044459
0.0020850974373137453,0.00028959514870766437
0.006239663077595721,0.0029396045759058614
0.007353462481598282,-0.0008102697392522191
0.014366214505491252,0.0066209025745687265
0.00829094629654803,0.007275186639393213
0.006620930779092055,0.0032951342124216618
0.009927474874704231,0.005140940166333416
0.005384719183873829,-0.0022609965436943737
0.0037685265861682167,0.003735134479897733
0.013697099697459875,0.011423140002041213
0.00989294684159937,0.009621042577707142
0.014893839614032296,0.011416946034189896
0.0016505835503714782,0.001363235117546267
0.004324512493105737,0.005639147279330664
0.0051724305451991,-0.0010073839143991828
0.005607090218160075,-0.0023884374968262644
0.009076606707628693,0.002066969841508358
0.004517467539184285,-0.0016930588638302702
0.0028577288884175317,0.002850861029110692
0.006963477016460504,0.005075189448350066
0.00424602873760113,0.005153946491179274
0.008298876976317421,0.003427215747460368
0.0061784826629219065,0.0018537217155839706
0.004872327081051465,-0.0025264229408956673
0.009774110921061957,0.00297223782705984
0.01280359096548878,0.0096154803643855
0.004077429264538143,0.004350832972150355
0.004235634871106992,0.0016168748237329975
0.005142978221511926,0.0020950602563879935
0.0023366904541820745,-0.0044582592868450495
0.009356426695148714,0.009098038208032129
0.007600808314666714,0.004976165815200864
0.005659701002810002,0.001612087191820575
0.004670581469649498,0.006142920543416178
0.006330169991233023,-0.002136224774170966
0.006802545277870504,0.0028932738544400136
0.008713314799634393,0.003930760391830296
0.011262550689460157,0.009888000809837883
0.008014159819627865,0.006575029247969143
0.008914023567687586,0.0024517068751610423
0.004075583157657804,-0.0004228288470933218
0.007746113555011512,0.004062164004441781
0.005918139222568043,0.00013075674272606305
0.004548062061833363,-0.0003459373745988911
0.007994541334411263,0.0031251452683051153
0.0062127877989725765,-0.0007795433965275293
0.008357367747829456,0.0077891583944373725
0.011874190484218434,0.010172050688902734
0.006395725911691089,0.0031331604142258943
0.00890438033782592,0.0059874371481130955
0.005045160299766968,0.0030966464303008624
0.002955615014029669,0.0031608250181664336
0.007969134778933365,0.004581773947921495
0.005727614435097342,0.004660759048301541
0.00667775593888327,0.00495619116389978
0.00759411527772197,0.004296138666183182
0.0022762067601842535,0.0004377498585901793
0.006162323673293976,0.001781760520489283
0.005757113669370632,0.004804825279056694
0.008749833040528947,0.004236705978110095
0.0069177686693197085,0.0031913943065942
0.006090816671330092,0.00406420369105179
0.004519465959317319,0.0022212761756567195
-0.00031619637974647334,-0.007307147775090615
0.006768181082466351,0.005118156190560805
0.003401162599815778,0.0005123397663473906
0.00692118762518441,0.0046802173394351314
0.0027418239462474302,-0.004629165452045362
0.006206836678404019,-0.00020011133027120816
0.005749987210859201,0.0023215235152321545
0.0029216612934622284,0.002632433058175573
0.012220329642837709,0.008007237067057884
0.0054905974504611006,0.0021564179532473794
0.0009123468285377329,-0.005100143791172094
0.005381431442418191,-0.0027216391929106454
0.0028710080139825525,0.0030580282754719395
0.008348416070741608,0.0013440993657088578
0.006002398375275793,0.007079107741506143
0.011300557295030971,0.0037924217595585582
0.006410793944033502,0.0037036293351574937
0.0042029561076210135,-0.002892791264026799
0.005674058010063463,-0.000254122353664411
0.015151225927397032,0.008173826093861303
0.008140594034596032,0.006056205467956077
0.006568640237905488,0.003683733735477831
0.003616665188380776,-0.003775453434441028
0.015939487033804073,0.013047838611614402
0.009927474874704231,0.005140940166333416
0.005934075435882199,0.0033655068985481273
0.008406430612582318,0.004885264748870775
0.00667971756300266,0.0004964160098763623
0.006614400750927942,0.00015294646211814512
0.006774925012398445,0.00218670512145788
0.005680946506693003,-0.0018275114389970492
0.004769653585971349,0.003865796162128202
0.00815592625731467,0.002964600695086265
0.006000781093587556,0.0013783115312555622
0.0050447464912950725,0.003680569236525798
0.004305592415853059,-0.0009679000862988733
0.005409213774456665,-0.0008017530225651361
0.007570233963388568,0.00548605294525252
0.008120170322143811,0.00753309468036778
0.0015568624338663621,-0.0044824890067081714
0.010149915298513279,0.002448448888771276
0.0034502304159647447,0.004193667632853425
0.0060850635263484856,-0.0006469418845334264
0.00944889517321474,0.005287300105948701
0.006413244694449699,7.975192712884795e-05
0.006196817164242358,0.00016747803271349813
0.0177981681146075,0.01269168888237622
0.005512504691153138,0.001172398586040519
0.007671798647958453,0.004579473824395965
0.0058558552182231445,0.0027245681761357624
0.009065184693505032,0.005298180459900485
0.010599448587831541,0.006408695766512539
0.006531312689792073,0.0026413853087324333
0.008175663353143129,0.0033579207727615127
0.007739977924057037,0.0036368595789011615
0.005403743015918463,0.0020271918167824336
0.006641110369862465,0.006192425160153865
0.013259226914467827,0.004531369675290345
0.008294285513748308,0.0054753781862262145
0.006336498040031395,0.0031996451480421195
0.0056489914200423125,0.004767493099265465
0.014937101672915728,0.010716306167031779
0.00447149630040377,-0.003259524284169731
0.0076195823365250714,0.004131510079005607
0.004304615929933232,-0.003045473186315227
0.0058863221606888436,0.0061767404858993485
0.007422699517886402,0.0041802192305008656
0.0069012344964602965,8.988816492337421e-05
0.0074861393869119,0.008530554761861164
0.005918828237909412,0.005483148856024545
0.017166981084871753,0.008868880086006566
0.007426186878433622,0.003286138499570247
0.007201616886557725,0.0028411888044189253
0.007524973023691221,0.005322044042355035
0.005482174531127013,0.002420327279939209
0.006157331276044668,0.0019024289133051254
0.0024476613332687393,-0.004658061830797018
0.004927565467482371,0.0004907347245732413
0.007845866478312822,0.004050580448920659
0.009231772373854991,0.004087270911708423
0.004161126054422702,-0.002712255708926894
0.005003379205949703,0.0027628798749831226
0.005352285522085065,0.005781897966876718
0.0063201423795176785,-0.0004649475985853404
0.009815973315173582,0.0047455613636015245
0.0042598378859812795,0.0012120697798001937
0.006301455219606212,0.0033048286757715465
0.015939487033804073,0.013047838611614402
0.0037194049466872173,0.0017711100059769579
0.008423298719222006,0.0015145661050195462
0.004437164725556091,-0.0012450654292223504
0.006424949835169347,0.0021663597787099616
0.00848141252635717,0.008347669901192142
0.015353979159382063,0.01037438402369276
0.004816353620627026,-0.0014239745899552536
0.004878865193493856,0.005371975023541189
0.0046646546558861204,-0.0032529534155503973
0.006236240164089799,0.0018116856706440329
0.004926974656316365,0.002621750941403529
0.007754009442791126,0.002197111940437254
0.014587046760503073,0.008486912389377373
0.002528716252352386,0.001101285073773283
0.009377579976079064,0.005525418091176407
0.0053711684544276135,0.001771049559957616
0.0132721997465542,0.006998634091003982
0.009677376942461607,0.005356627971486842
0.01025604849372442,0.004479070986250909
0.00987076385972456,0.003034951043758554
0.004148678461582119,0.0008169472069461097
0.007683276442633656,0.0034338493261728527
0.005696683341150947,0.0021756965942066435
0.006867478038533551,0.004553134708377565
-0.001922582211952021,-0.008035439612238635
0.006831668620061078,0.005048403763835991
0.003762147960568278,-0.0017003874190542698
0.011801505909220071,0.009054020843864466
0.00791420786490122,0.005206776633815937
0.009401204012381514,0.005500463319771461
0.007345445612169587,0.0020506359969196513
0.007781607709961278,0.003918149477301108
0.0031334256784323125,-0.0018796850272862799
0.008078888147603332,0.0076194736295787414
0.006216647848932731,0.0018172098517388506
0.005325802934670977,0.00022883252344640254
0.005567358652094966,0.004556109338661947
0.008297001486706276,0.007061201902643097
0.007007266982053979,0.0007393555882488486
0.008433310291376457,0.005921819331400855
0.013792358765402926,0.0072247438689409995
0.012316733467682448,0.010427401294826642
0.008917911679113391,0.007551987241718539
0.005269997179032197,0.0021129821425528474
0.005794193014439038,0.00442846530786613
0.004351936926812355,0.0012659430298028046
0.005402977818467663,0.0063442557580453505
0.006096203732463624,0.00043398902399439856
0.003754691259802507,0.001136485289244418
0.0070759904598925935,0.003189380322907048
0.002845675967851999,-0.0021390252512024513
0.0049060888119980516,-0.0028196508755764793
0.007692401731414174,0.0016590888754806788
0.012546281405452997,0.008732278967347188
0.006180516660760284,-0.0018076562762885913
0.011442927857502455,0.00675711114754558
0.008354219335169843,0.007204613770193501
0.0011438420084968846,-0.005021499764488981
0.004551835108843119,-0.0032557421608568754
0.01228915694492859,0.006666083343254612
0.006130521666205048,0.002809302470374081
0.008007320354776231,0.004879562160148056
0.010145124280490766,0.005814515968308716
0.01545857276054043,0.008811833632163913
0.005462129673174093,0.0032207825713292714
0.006991357268671172,0.0031029837488050762
0.006627774557149236,0.0054185328159672376
0.011376904682911363,0.004925793585230116
0.014775117866453219,0.008322368694733998
0.005705025756220884,0.0009478961105581609
0.007057741059486661,0.0008046103290683497
0.00617256558857298,0.0017182140269755598
0.008751024383511162,0.003248506820636491
0.0033583413235052572,0.000955216281472015
0.007099025846298125,0.004075810856808663
0.005342426113657626,0.0032522171114323147
0.0011939841555696044,-0.005476051422247717
0.0074304926793276865,0.005545088820533468
0.008014159819627865,0.006575029247969143
0.0051731349982705455,-0.0003918533052421208
0.007266406568470604,0.003114809955339592
0.00579512598626637,0.0023492182132737347
0.0038183962482945116,0.0015954070069524873
0.006878550663039924,0.0007784795912827809
0.014365789184015031,0.011585232609262737
0.011178103531926034,0.0075810563931432064
0.004984908634750269,-0.0014686511685323917
0.006049553292244105,0.004214458273089557
0.005834130023483973,-0.0006307735941261322
0.005550263838488107,0.0032908120861511927
0.004313374534500724,0.002347847674362683
0.005606361329711077,-0.0026697722644964837
0.003290377094503854,0.003516090228643299
0.0051724305451991,-0.0010073839143991828
0.005192843344270383,0.006019234243557139
0.0029515760755726298,0.002333736398772935
0.006553648645165723,0.0021627719471966154
0.015400622159806698,0.011613772123603715
0.006355564918306131,0.0012149087795102608
0.008855245680694894,0.005141342828004095
0.004645769745305503,-0.0009517186870894876
0.00888806859302055,0.002525585776158938
0.011166683724115146,0.009328746644218431
0.0060664703743064366,0.0029896998988559083
0.005278039443399652,0.0020775811383228924
0.0040427514109629085,-0.002747045459370737
0.0066382755108677655,0.0033061388627882993
0.009728964360733271,0.003894283713036297
0.0074433450900781815,0.005139145221769302
0.00945818079129419,0.0040975779936820245
0.004355967672374755,0.001591043232080926
0.006844898803689003,0.0011114245662433922
0.004271141012904541,0.0011792553493893444
0.009226934727555206,0.005124904534124541
0.004634388963935716,0.0008245205351588274
0.005472427578542405,0.0031347789304740498
0.0028130257503222638,0.0040884466073327465
0.007516183731352284,0.005592913130687623
0.011671808207838159,0.007654941411087745
0.0088329519418567,0.005108274536425518
0.014283222546720542,0.010115116040223852
0.009716486073543477,0.006520364976641374
0.007403135821718355,-0.0017585898126889852
0.0051477946486085824,0.0019951191471484046
0.00826924142463703,0.0031226132113866727
0.0028710080139825525,0.0030580282754719395
0.003762147960568278,-0.0017003874190542698
0.014881859595628117,0.010208096082060636
0.007896792328346783,0.004821445270267943
0.008327592090398947,-0.0003878511678706998
0.006231090362627583,0.005425733583783814
0.0067847100051734235,0.0047883099921400465
0.005413734173076054,0.003114489505087155
0.006843320376928304,0.0036581708885007084
0.003818284341862245,-0.002289272637971001
0.0034502304159647447,0.004193667632853425
0.006134777605359538,0.007107921947199329
0.007376174870147331,0.0009070991368341332
0.004670581469649498,0.006142920543416178
0.005717314523635105,0.0016344293589542497
0.004585129759147818,0.001086588881643655
0.0066695549483452845,0.004949126433104079
0.007950237665414295,0.006010319223623883
0.005123211599912057,-0.0007968801650121964
0.007551968393662858,0.005531619133586099
0.010520000839613627,0.003924541446162801
0.004310915748260218,-0.0018517698383055548
0.007671798647958453,0.004579473824395965
0.005065334918513964,-8.670955583387364e-05
0.0074968548508944355,0.0004956869822735199
0.011883923106563696,0.009365303229502124
0.012936835060642717,0.010754057066311128
0.004211072999621856,0.0009541578208923651
0.004054462028196787,-0.0031560236476751453
0.005110678280283839,0.0028088524758914475
0.007383428864404342,0.005024342761404449
0.008066458268945819,0.008052165085017085
0.00657206896626378,0.005554114149704748
0.00441130101019292,0.0020028850078823365
0.00910792612097128,0.004858803150364243
0.006374470301416801,0.007583364279188438
0.0145425721077453,0.007349997699393165
0.007211707627223599,0.002700531106249123
0.005174354745078096,0.0014666688090584782
0.005378669187220034,0.002515724061317665
0.010878991988029135,0.007313917077289421
0.0031246256690348985,0.0036793584483429164
0.0029216612934622284,0.002632433058175573
0.006299074099662065,0.0031900664722330227
0.005385477047092187,-0.0012059787486738294
0.000378981369869422,-0.005907339911739112
0.012311791936306814,0.009081550174719623
0.004864106623150253,0.004052774088112787
0.00630838439240804,0.003847897140551689
0.00844861480907739,0.0036984792580536593
0.005258568015840357,0.0016630355010117948
0.0039061726748998637,0.0014374050041889444
0.007820588696883735,0.0068524256171582885
0.011403752856901074,0.004255043859946525
0.005870355336942121,0.005048304511824772
0.013644644021928398,0.010650338553346596
0.004878865193493856,0.005371975023541189
0.004131212185694424,0.00024436736384205945
0.0068467586118207595,0.0032851489275310163
0.00681742028543484,0.0016271084550676896
0.0076224921373454,0.005534039277575305
0.007193424830812162,0.004369986515280718
0.003954094120137438,-0.0033715401910200176
0.004829983577579137,-0.0032550658724391033
0.0038930048204265013,-0.0021891555594492074
0.005980009513909271,0.006727858930601051
0.007865406428157974,0.004529641750953793
0.0033225752243404173,0.000929208554458898
0.005055037688463178,0.0016768052036961927
0.0028310689227948917,-0.0043122390290275606
0.004346121319144811,0.002698594547166455
0.00474433499764692,0.004500638195938299
0.004841611052272039,0.000530563437390919
0.00619015306436513,0.006655593768676766
0.004661256222423676,0.0002820927467735391
0.013624253612663836,0.0119942516752169
0.011500796455979168,0.004775496500144449
0.00531369746283138,0.006377991741029727
0.008846544429577304,0.003968478337405013
0.004299404698751251,0.0034201484088276692
0.004048459355963416,-0.002048341403461773
0.003743508249187495,0.0002551360775511404
0.011357963318054987,0.010830711903265386
0.005825871430642121,0.0024260539530402293
0.00617325095761362,0.002807535246962204
0.004737101256673941,-0.003065537018984297
0.009098763552664159,0.004396607076098194
0.01411033796050654,0.009305543787084643
0.006081546590538207,0.006394705479767473
0.003931259710953074,-0.0005426965159933874
0.006226923922454586,0.006320973893438968
0.01119178156066904,0.004456268253647487
0.007737942919613206,0.00323629620002214
0.009436059508242807,0.005621836823958778
0.007298429568508568,0.0008785791086981989
0.00599033807991512,0.0047824837210745244
0.013572093520330614,0.0076210269425586235
0.00944325753147508,0.0019263890307201536
0.006435037896517845,0.0018164113020119272
0.006437837373421884,0.001997332997578167
0.008621285507380925,0.006247809614023146
0.0062127877989725765,-0.0007795433965275293
0.005658506059976572,0.003046656686809409
0.005737382349537672,0.006606827264867655
0.00817771189175524,0.002973434657088805
0.012652161140688043,0.008131054091191758
0.0089405836088365,0.004260831351984372
0.0037226777468060976,0.0022576795799204063
0.018507308534437602,0.009277563876717876
0.01362688920619728,0.004867176815085911
0.010702548160405386,0.005278107793759886
0.009332762381440157,0.005325771427866566
0.008749833040528947,0.004236705978110095
0.005577326483343302,0.0020865179940557713
0.003486233051496003,0.0008699141369811489
0.0031949474144727513,0.0002632033543228853
0.0076505963315777505,0.0026885208278761424
0.008207691620845477,0.0033490517107255657
0.006423812220093509,0.0013247657579296924
0.006889060528418038,0.004482164882428256
0.007996604849979803,0.002810365854350701
0.00920930922855407,0.00407979746127118
0.008483896292458317,0.004881404015368846
0.007411497285015495,0.005567078207912513
0.0028577288884175317,0.002850861029110692
0.005828121664618874,0.0017851483646114368
0.007484419445373623,0.0025850773507719426
0.008845068006204767,0.005140220942326139
0.005500930152652143,-3.1017387214251485e-05
0.003508174950872519,-0.003468844773021798
0.0053917198868290855,0.002526570922972449
0.0035562542533284225,-0.0037816790925677326
0.006994021907967452,0.0018564184107186651
0.004990804943046665,-0.0005553693063696952
0.007583819689350684,0.005903807119673691
0.007899530181651472,0.003491079758090178
0.012478855322302368,0.010097872092758042
0.00833312900287816,0.005051011549492612
0.009255608014041052,0.0026409615537252356
0.007230877640828487,0.003077081986566637
0.007112560020520122,0.002524772298261928
0.010268825043881316,0.009367429349953374
0.005841465300398537,0.0019023289728775147
0.014177892700311742,0.010528333702322324
0.01121344365652525,0.00647080141792955
0.00528654925264156,0.0017220886437680771
0.003164223357851279,0.0008251320426625984
0.0005415261463144715,-0.0057727363368144935
0.010983773502840605,0.003401464471799673
0.008150660652087818,0.006953654596498736
0.005717384956191725,0.0041810728020137645
0.007057106578499325,0.002530347577603667
0.0061810058861392625,0.006152636294025994
0.01148552192311619,0.010463210294716363
0.004368511253122131,-0.0033977299435098115
0.004198496375353099,-0.003145588874403367
0.007582612040660454,0.005703073055816631
0.0070648528791817464,0.00046753360321526074
0.005719904584378676,0.00543502092413031
0.011738369913189519,0.005073546611037056
0.005091857138371177,0.005210768247472986
0.011449225713338285,0.008299313627037747
0.004405853395230283,0.0020281238290194023
0.0015820804684900536,-0.0052207812989286916
0.005404107624540041,0.002504108433894297
0.008523292151050748,0.008156566698493383
0.004138965066089392,0.0013609382346329735
0.00641441503853608,0.0005057305650029258
0.010811493658098281,0.007038127041542207
0.0068886294481860216,0.0034919257357591917
0.005232161501612679,0.0064894924559269415
0.0071559678977908756,0.002338718846080017
0.004757131932847839,0.0009779277792840834
0.0012242081458018125,-0.005680954641467957
0.006920379020787079,0.003057017212856057
0.0051709046000953576,0.001436850422374231
0.0054915648834421415,0.002907553889345278
0.004120372955600222,0.0037744072552798784
0.006063219952631737,0.0043967706929543375
0.005838959877059721,0.0073499791736617425
0.005475569092144621,-0.0015154973729350554
0.012272405103386227,0.012341112252514691
0.00567101865315416,0.002048844674954712
0.006916594208288069,0.0037714252045466285
0.008621937554495106,0.003293823800982525
0.004757131932847839,0.0009779277792840834
0.005172095250717535,-0.0027872049609340343
0.012862194567379803,0.010001381809452658
0.006890169858637126,0.002548441239736174
0.009510102192081343,0.005583806025463764
0.005255731852798529,0.0007271813455334061
0.006004336536486359,0.0023023474053381525
0.005485109059514587,0.005212073998352618
0.0016785964494970725,-0.00013067001198787884
0.010153577640364873,0.007878332456797654
0.007376689442328844,0.005447805230013411
0.010622289969867303,0.005436183870257799
0.008291274985697084,0.005582187054658438
0.00648133266046783,0.0022335810221394354
0.012088512389058276,0.007861980019136955
0.010500708434869985,0.003711240557363848
0.008913701759126567,0.0027506134331779413
0.00713818849766084,0.00760816014209131
0.007440533440199546,0.004258388695374525
0.0022802572549744052,-0.004024152251802825
0.006062541862502524,0.00011388439589691234
0.011652207782801273,0.0064662204317263595
0.008262460068036534,0.005288492683420424
0.0134967467195519,0.007519550295627871
0.006729732500989263,0.003213285575178403
0.006648457557928232,0.0018330216091613036
0.008798048781811599,0.005137674114268411
0.005215723889350876,0.002050319373347824
0.002444135517832074,-7.526183123242325e-05
0.00669324606743533,0.0026364291282782223
0.008695186584795886,0.003656202108433858
0.0005415261463144715,-0.0057727363368144935
0.010145124280490766,0.005814515968308716
0.005234877199755232,0.0024960767665102735
0.005749987210859201,0.0023215235152321545
0.006448855019796164,0.002138011435658488
0.009081679451607866,0.0020382403870427782
0.0030375317617524792,0.0034572541041118917
0.015271579305455658,0.011906436622468495
0.005398270966328742,0.0023476397435086343
0.005283086583180342,0.005003412094391865
0.008945528945041048,0.004197477356162802
0.007111051341987574,0.002254326552091965
0.014071842763582625,0.005686978756446208
0.005060934032321095,0.0007176156298333552
0.010041333225421703,0.004872976322091857
0.0023042418229820595,-0.002693871691182544
0.009300613216316252,0.00516927329999825
0.0045414360469428,0.0017346058721502827
0.012013728299767407,0.009223257518516744
0.008213821813815763,0.007955048671814118
0.006745744888982169,0.0011024466531870834
0.0018300875007398135,-0.004954067111597785
0.003543818041516135,0.0026538901922679593
0.007071191046626508,0.004726062000806163
0.007178450138254866,0.005156918080863678
0.0065960454442514594,0.002711447000350503
0.00632500719043696,-0.00028258621346954633
0.005169892484825378,-0.002860010307319077
0.003361273701513138,0.00470172899548191
0.008576220505037188,0.005000871555895896
0.005841465300398537,0.0019023289728775147
0.0037266502139295717,-0.0014063701051384384
0.005308188948450157,0.005660858161602741
0.01009897799437334,0.005172894861014113
0.004970405540333914,-0.0006241091535517402
0.0025535381598906625,0.0006941671870211389
0.00705391088728234,0.004979129576606145
0.009310136295511227,0.006313857462106519
0.01393408314416835,0.010099069318057933
0.006568640237905488,0.003683733735477831
0.0050091379998606425,-0.0014941350548334596
0.005794268569788002,0.0015694310244479372
0.010611376649794627,0.009023000453716096
0.006760353333651656,0.0007314015373302927
0.009023488832453998,0.004635479071540122
0.004287277930843333,0.0031225717287408925
0.006429796893563378,0.007200639063855999
0.012758467675723448,0.008618676060510975
0.008125619184546358,0.003939778938644733
0.006744591411310475,-0.0004535778432034109
0.008991154568410058,0.002402510425277859
0.004560749871542322,0.0034121022937960432
0.0098574176345589,0.0057189761653741135
0.006688353720674719,0.0010553725587746522
0.013650854324708129,0.010293995689182805
0.005452606392544433,-0.0023538314318847786
0.008150660652087818,0.006953654596498736
0.005430262559558144,0.003094228229133419
0.008183008001974561,0.0017333879756898296
0.007445371618619037,0.005040661212485328
0.0067321307326269585,0.0015228217459362335
0.0044461447623169,-0.003205676731488114
0.005837702795968807,0.007517527464419785
0.008858057295298849,0.004395012738536027
0.006169116371125303,0.0009711148086243727
0.00575266699866503,0.004479227961893469
0.006879089903713575,0.003088046941095897
0.01695346920197152,0.01006195071544543
0.005651458666368878,-0.0023859326949319856
0.0024974338954495317,0.0003878958479361901
0.002854605379008901,0.001069938578887434
0.008621285507380925,0.006247809614023146
0.007651379257159639,0.005520798691820008
0.0018762607109071728,-0.0048347573071756515
0.00886103246231446,0.0032260714022548757
0.006017362472828011,0.004104666173655239
0.003877917613169142,0.0004989799157446798
0.004512103560908962,0.001056474040656145
0.00574868466992076,-0.002325423025705214
0.006877897628491793,0.003847788634387994
0.006655351064059002,0.0018145561353954927
0.00416309609986574,0.00136641016028224
0.014860204424826386,0.01325039573560576
0.00677743135313901,0.00533287942788711
0.003542507132575843,-0.0009839489565548823
0.010145124280490766,0.005814515968308716
0.010050747442324124,0.006827123647597178
0.0044515674419195765,-0.00019011607982718972
0.005860808008678789,0.002507548422439056
0.013340429352993245,0.011234860710440433
0.007231436721759364,0.005465382627938406
0.007820588696883735,0.0068524256171582885
0.007899472338296222,0.004660592508501843
0.0055408479857661196,-0.0023459905236653273
0.003629123298323057,-0.0038676756984199947
0.006274328293647736,0.0032489225626262065
0.004874235108165098,-0.002860225062548346
0.005900981435036204,0.004737260781855125
0.009840219334434137,0.005507890657340598
0.008917911679113391,0.007551987241718539
0.009808822720939353,0.008623541643439788
0.005980009513909271,0.006727858930601051
0.006379525689309964,-0.002361575146414321
0.005087261565173969,-0.002250314213481012
0.009494749713363303,0.004569343715805965
0.004401961018234252,0.0011417624772132127
0.005501987104441188,0.0024945970580956232
0.007200668828886673,0.0007767054360513885
0.006216078387215151,0.001972627660397951
0.0036203074321016467,0.002560837007772745
0.002296228815629793,0.002928529481134504
0.006312212967397679,0.0018980479280729327
0.005945203220265769,0.002656382853062335
0.00662944052069472,0.00583203113584875
0.008849507875096654,0.005110243783997145
0.004031012112686485,0.002782701952614733
0.008853883814180388,0.004976854299757037
0.008207706890953743,0.004074954610429466
0.007698840947120532,0.004340227484515185
0.004537143313168835,-0.0003467470290124206
0.004415505460141295,0.00017290003172510358
0.010511576839763476,0.004308513152310455
0.007107462587749361,0.00242666765047246
0.007785259852940796,0.005803452984445368
0.0035424202708065934,0.0047178654282979925
0.006561454883934637,0.005458087430391667
0.004551835108843119,-0.0032557421608568754
0.0030049305602772424,-0.0003383241101437614
0.00670525821736854,0.0017487527248502598
0.00542679284411621,0.003878760715149538
0.00546621462183656,0.002421094181255242
0.000600755631753427,7.3203654691276e-05
0.0061810058861392625,0.006152636294025994
0.0035872412555882117,0.0049681077080081775
0.007816424569929686,0.006010241468972693
0.003990426614346915,0.000640684061597379
0.0085494050844063,0.007888136303767881
0.006403208447527997,0.005102356435423508
0.005279688163553444,0.001336102869481411
0.00583588393802966,0.00255620841637856
0.005309470340605691,-0.0012913718285544554
0.006031543857938618,-0.00028340419144483146
0.01381595018876028,0.010336000812252595
0.005215570809744149,0.004536060061468201
0.006572139346616039,0.00501409607096634
0.006582461814915841,0.0016735312003398678
0.003980667771245644,-0.0020248013668171232
0.007174727337112773,0.0021045205451762387
0.007968847806679037,0.0020354663469675316
0.007520583304699356,0.004224401802152702
0.009296024436506203,0.006187623910882147
0.005689742400751374,-0.00033901048863469417
0.010246645974959289,0.004526067763533195
0.004846961891821981,-0.0014077362573116812
0.00512886189284451,0.00586585420736886
0.013584421680727226,0.009149537240427181
0.015765545099748625,0.01104931084798471
0.006905282209465119,0.004122628370265426
0.005818823749725175,0.0073538169814722585
0.005583577417344529,0.0031485570263373105
0.005080652661764724,0.002080575667124572
0.006976453124821806,0.0040607870091449085
0.010274385827082486,0.004294064810698917
0.006192337699482916,0.001958299022982342
0.004637371384179773,-0.0009864467246351628
0.007923389896176015,0.000719358282292218
0.008232572982752952,0.003799806597254032
0.008018537668701683,0.0038799602239525163
0.005872159826006144,0.0027835089276150495
0.003650886935667546,-0.0020569846311489677
0.00597358508832672,0.0018193445195340422
0.006084690935406865,-0.0019727718033718377
0.019431427007368378,0.014675750947352694
0.007824685061182408,0.004663499368922654
0.007456832599504903,0.005473828155008495
0.007090597382580939,0.002299965970916803
0.007524253123990177,0.007773969586385066
0.0062040496375343245,0.005599511515208286
0.006404890909071608,-0.0018257287533806916
0.005126706210327288,0.0039036321433499116
0.006829335935418147,0.0028195912942313986
0.0043826750339238454,-0.0018061350664122
0.008007320354776231,0.004879562160148056
0.005119119229630384,0.002246696942330052
0.008106072789227585,0.003374792962133892
0.006900161131768716,0.0008235924881175982
0.012333650009660975,0.0077041147704202395
0.005168583775258908,-0.001863085203734226
0.006094827985483676,0.0019993022889485453
0.015056435489281138,0.010525827067483728
0.007631350109546888,0.004137659742008095
0.005007551548257778,-0.0011355317686726867
0.005609975440166758,0.002089825888613942
0.0072563072643828195,0.003318477882298624
0.006173087548886728,0.00010869540708113596
0.0045810656306361965,0.0017150378752459894
0.004905738928450076,-0.0006105174543220753
0.005685817683314812,-0.0032503445628550807
0.006123770042901533,0.0028192692688328294
0.006120251440986821,0.003574216979224794
0.009223460916273707,0.00294641771896483
0.0059262677558239215,0.0022719113639284748
0.006067252798494445,0.0026015081147879263
0.00590861984185641,0.0035021197775371403
0.006183265402445423,0.0023231040021180795
0.005253892153178655,0.002747987713158557
0.009067626075196936,0.003365052495748871
0.01293174831373311,0.007230360600289746
0.006000376934956796,3.5865528334563974e-05
0.0037226777468060976,0.0022576795799204063
0.0033925981393010517,0.0031731943620168374
0.005077554862979115,0.005340807041049016
0.007917274336492771,0.004055103863115689
0.0060975042834736275,0.0027910385495539475
0.00712295757093833,0.003408327907094318
0.0050711307754827805,0.0005411267636962706
0.007668445565463693,0.004158054692936073
0.014652248329581601,0.005896459553311015
0.005065848438153109,-0.0017394606246504667
0.005116005729862363,0.0049166401812911955
0.0044989768758117235,0.0022408644713986688
0.005106025467275317,0.00042476457242598097
0.006968218079042036,0.003446545420696747
0.006385013444650602,0.005942054545232199
0.0037731393357660877,0.0015139802777873216
0.006313330056567248,0.0020031473608831812
0.00628285571077341,0.0038222036297985715
0.005816887305971257,-0.0009544197997366777
0.018742026694701482,0.0140899412459301
0.008423454171476582,0.003471189559718197
0.013374443542880489,0.010535574746128368
0.006226923922454586,0.006320973893438968
0.006689048549118042,0.0017750244400811842
0.007703507961930126,0.0027091612275308196
0.007960976741015301,0.004871720267200036
0.007376689442328844,0.005447805230013411
0.006166405678904343,0.004615275435693321
0.005968946151120972,0.001985756685263319
0.004849724682682682,0.0010684021403074987
0.008400453228570567,0.005361602228334604
0.008050412763591714,0.0028789531368888796
0.0070404950805960514,0.0035236415327490854
0.006472146115200338,0.00581652089270951
0.008129621574222305,0.005046255092696433
0.005379867075918226,0.0030059353205162407
0.006741032765410905,0.003040771249020681
0.005403220954183784,0.0009973538204635039
0.014707364093799701,0.008037928953205702
0.006059727516314433,-0.0019120545109771372
0.005087890121948498,-0.0028162966539997973
0.006289521992142853,0.004004374897096491
0.007793798611952377,0.003181771864390245
0.009929340484560883,0.004750230932704323
0.007210880937937976,0.0025520780947200228
0.008749833040528947,0.004236705978110095
0.008780290233193402,0.005082283602510542
0.007532287505805152,-0.002297180514436118
0.007194925955231513,0.0054586409326456056
0.004148580748343243,0.0051305268230362805
0.004222953670117681,0.001444720600253289
0.01275124110715518,0.010158284960650722
0.006741883272764174,0.005030194829026773
0.01423108634509832,0.006280829223966519
0.009452183201525554,0.004846736160585966
0.016270518784475232,0.01205533960402302
0.006942879485118636,0.0013755212560926803
0.0110397731780785,0.006892878622703387
0.010788061026379657,0.004376299119275742
0.007396374008628888,0.005205312903835186
0.0070244858619773,0.0016637013212802577
0.005302425365721231,0.0007300626594267823
0.014779633678093682,0.00965024450167809
0.019232698119995194,0.012259240938734487
0.006814415531720002,0.0007526612532687245
0.006641383333621249,0.006971935265478117
0.0024872792150252305,0.002972831391040629
0.005920811401584874,0.0010663037163582368
0.012308248834862397,0.007010752222981144
0.0021963754713299755,-0.0038678960550419077
0.011838079702972303,0.010119643065616489
0.005758984700456286,0.003254753694214535
0.005352384046004117,-0.002782077388210888
0.007624833519268875,0.004733718167049617
0.009590877255240167,0.006396361006426278
0.005606560451571715,0.0021239556365258315
0.004520352802969926,0.0005453823428724532
0.005349697603641281,0.002776794520981855
0.004933082102345747,0.0023000357887980128
0.008603989355022122,0.004815032756242749
0.007253737315592287,0.0008421863086142001
0.007769592752897009,0.005016944277973627
0.006047469065483738,-0.002945204545263074
0.013544484303763909,0.010339535705625832
0.006003330755474689,-0.00037659009695672
0.004932259504963676,-0.002804310700548619
0.014927742552214272,0.011239751452034246
0.012751590390609347,0.010100440466081148
0.002224474369067451,-0.003789406949444409
0.005328492295671724,0.0028057923357183746
0.005739088765013863,0.0022322825918975643
0.006869638546814369,0.005260552767962971
0.005965121344988253,0.0027088046876123833
0.006110950328319633,0.0027143790377398393
0.010072117139988523,0.006015667475580455
0.014472507805153603,0.007305721644348818
0.00424602873760113,0.005153946491179274
0.005384697471465136,0.00226621339852481
-0.0005081240915368566,-0.007121810667416519
0.005390169805278418,0.0027600061354566873
0.006869638546814369,0.005260552767962971
0.004241611271267426,0.0027510359277870128
0.0028373316428352254,0.0031850422678343484
0.007428526794778113,0.0026405080807045222
0.00426813878926335,-0.002978839178573882
0.010213523913136981,0.0060397811689229565
0.017758522915115347,0.009944782187841122
0.003902090096533143,-0.0035719491000952546
0.007738600173670463,0.0031597717099616
0.0041606248911722965,0.002589538561158059
0.0061327335398719,0.004006157948338966
0.010367337599085012,0.006856335089424694
0.007477099441845724,0.004206396922628464
0.00438539303540692,-0.0034479836767274067
0.005241586738860963,-0.0018536601292219257
0.009091634085697213,0.003126149255507372
0.007220443685809163,0.007754847545704217
0.006745341251443904,0.006368283476151036
0.00735934784222645,0.0036074665528266422
0.0075880280011492735,0.004356617054894556
0.005338416536333602,0.003238917760858791
0.006204412166514331,0.006818492841016526
0.010863972117933083,0.009115027403595145
0.005441216861484375,0.0006437060175812437
0.008749833040528947,0.004236705978110095
0.0018591195417890366,-0.0036863734746935047
0.007535926046627176,0.0032580044741162967
0.003594606339616167,0.0006163026742677553
0.005050910465113319,0.001996545626095957
0.006607911002764607,0.002801466927761974
0.001821979497924564,-0.005021709927059904
0.007071049002283147,0.003458535326585021
0.008160545452649225,0.004799073873708263
0.006721474881327377,0.005482756831661105
0.0037685265861682167,0.003735134479897733
0.008122459746409169,0.004275802377479531
0.008924636145851194,0.003898451348771727
0.004671930287396089,-0.0013632685467467875
0.006593038492347819,0.0009406981968065244
0.007449494803966455,0.002699254996630921
0.004249919505215935,0.0018380334773789187
0.004880358755102383,0.005400437026430819
0.0070427726851704855,-0.0009725651436060939
0.011117442723236943,0.00712406844434422
0.002619594520589047,-0.004323054477278889
0.005501913440437664,0.001428551449103913
0.006239297886856921,-0.002049411033498788
0.005262932084143242,-0.00219648197138847
0.00490341153315391,-0.0025240651850149554
0.005497596588099199,0.0027102333380330393
0.00839528137089425,0.003329525814174521
0.00996239952173692,0.002553301215720221
0.006515510719433701,0.004159898873421076
0.00884263099191027,0.0040091642969945895
0.007405516801049344,0.007142036198285136
0.003382080280593884,-0.003433510702200009
0.00809419697535275,0.004177773847380852
0.006015781683581767,0.0026193728204819793
0.004578395105189016,-0.0015911654910631349
0.008114774864978545,0.004413253236525208
0.006277415231216165,0.0025468232711762344
0.005681967794402996,0.006042817430975312
0.0054428761219621515,0.0038715617111577793
0.0045082863491434765,0.0017325146746129567
0.0074087686400247255,0.004175728667253683
0.015055539484945023,0.00813605330584677
0.008396119817428103,0.004537366947195054
0.007930915428649932,0.004360050596877127
0.005467300405016571,0.00306432434392192
0.006323076562776215,0.004981120880766077
0.010083279003837995,0.004439418000124552
0.005082450745325385,0.0011935664263751245
0.0030515485400003685,-0.0035875477351763304
0.007240411984239654,0.0008744804075470677
0.005343672325225446,4.084225535072421e-05
0.004982703316173906,0.002220522460213271
0.005729159116778989,0.00024096439886275422
0.006487471315593334,0.0035935118973524586
0.010809683506674883,0.004108839743091455
0.005733904495634343,0.0023034904360136913
0.005719904584378676,0.00543502092413031
0.006025838922677005,0.0035693596803546244
0.004604062922568459,0.006220583053853613
0.007241252641449859,0.003668381803063892
0.006321223237769647,0.002086033670280653
0.0060791491754237,-0.00011654849663368314
0.010964211106550041,0.010811000505597797
0.0046520653541358425,0.0015119531185960877
0.006752487108683212,0.005725551814250443
0.005579232490904645,0.0031929018372645526
0.003930856686880981,-0.002046555862835208
0.008243889525088737,0.0019883569697301115
0.006019741487192485,0.0062632949279824175
0.004364735488366344,0.002261615509155759
0.005981096585107277,0.0027326722511537664
0.006742450988579662,0.005693616076458575
0.002962028943120079,-0.00038569883748715804
0.00507580937099351,0.0025008809377790727
0.004769149911125877,0.0008131319528215568
0.007215328148768622,0.003354574699179046
0.0033045569313270903,-0.0038712379952580336
0.00957165356477945,0.006441951845063208
0.015081621427649149,0.011673515118283347
0.011943334213307316,0.007779815103222337
0.005848617933202304,0.0015172763897383975
0.004572048918029151,-0.003286277822616415
0.01483823971982682,0.010384401244259378
0.008206311101022306,-0.0003449086639353456
0.007617746933400298,0.004158976148856469
0.014272477427199826,0.011203714046244106
0.008702147970569025,0.0029056153104220226
0.005514063456290843,-0.0021051836282418804
0.005572765821679199,-0.0012790008205666656
0.003297937219997882,0.00034323846883796937
0.0045337758846571395,-0.002242750172203961
0.009910449625748392,0.003610375568703131
0.005083009627095848,0.0012337470232553173
0.008603989355022122,0.004815032756242749
0.007215328148768622,0.003354574699179046
0.004081688694737687,0.0010007795496435887
0.003182453876214726,0.0015833079889482297
0.00507303533907493,0.00207894495670283
0.0034502304159647447,0.004193667632853425
0.006307866192422583,0.0002277627393091489
0.006309775605364128,0.0009025390678497067
0.0024420599913241303,-0.004120469363637844
0.007385944083890665,0.004592762121284679
0.009739047155217558,0.004817786147921598
0.006825126880848876,0.0011851045430251485
0.005252047893753587,0.004435454303700397
0.01005002306327142,0.00935844893331778
0.00733858161901469,0.0009681651297805509
0.003036494585822392,-0.0012311050150180629
0.009884941726101902,0.006179339880886859
0.0022527244936981217,-0.004151466983836593
0.018241798799632582,0.013999761338220708
0.009784837651894704,0.004445468611990012
0.006019481027899012,-0.00017488645952579152
0.0049841190974011206,0.0017546732245573814
0.005288954073790207,-0.0027698811690357933
0.012191913227486417,0.007535878204693786
0.006599789313338499,0.002607050853959937
0.005363201544375686,0.005213018136400451
0.009793097776186446,0.005488891309748951
0.007770812600885692,0.004620568849618754
0.0066451323385126855,0.005546963845074152
0.008161446896174865,0.005403968477858526
0.005560768740714158,0.002345482997977883
0.010163935303625873,0.0025028911145627726
0.0012784874947391264,-0.0055842789617132835
0.005672590528774633,0.002666138096724219
0.006604681740973648,-0.0017521495622241715
0.009057438445946402,0.005966963000807002
0.008985524451342116,0.0038224966494446707
0.012302865790433729,0.009084946814931605
0.013468811683934856,0.010056326744500467
0.010154418262123707,0.009747025260809502
0.012040121255670354,0.004995887132478291
0.011347395082762838,0.004568155408998348
0.007460549065911468,0.005753976084737796
0.006421964781696763,0.004039760308169516
0.0065947678685724116,0.0043571338490306175
0.004435641083168499,-0.0023979047976097735
0.005148344034218405,0.0026934620282685236
0.005576445035058074,-0.0018286951971962732
0.007936924808563908,0.003986024767176301
0.004499499499498599,-0.0029238746121388135
0.003991505530696082,-0.0013632968441837064
0.0058799895789255555,0.004911895866142369
0.0076163371180265355,0.0048750865451122755
0.010646146450236673,0.007497660681354453
0.0077056474185593655,0.004169785790907848
0.0035944419838049996,-0.0038130374589208328
0.005802378359255778,-0.002517455309941602
0.009283976176475391,0.0060425824635998385
0.006028295564896756,0.0002626243800841945
0.00851148452174202,0.005202440273411385
0.006400431456721549,0.00166025539729742
0.004137527623999321,-0.0018100871970304763
0.003905854082370999,0.0007942635644290468
0.009784837651894704,0.004445468611990012
0.007666903451201755,0.002157442559818849
0.012147514574184195,0.006686649356621072
0.009239158701931642,0.007114410554955088
0.006492016978729843,0.003633675212746883
0.004875671810495526,0.00039694701771190045
0.003983248910088043,-0.003123220649621188
0.007549286297609484,0.0021679088815361033
0.005428702838664462,0.002591713188233165
0.007935216619085066,0.006643924908823872
0.004723742330016751,-0.0033658033931251623
0.003810164473169863,0.0031824169022621326
0.005591364510205803,0.002914708481030674
0.005931948986753303,0.00159001846715617
0.006288612096721518,0.003496945957664606
0.010156232381961472,0.004981262437219759
0.005211149924344691,0.004491244762801119
0.011891611015379572,0.004028964458248583
0.009583120209376891,0.004461488723225699
0.006315412402520934,0.004223125369040959
0.006188212440669898,0.005013433488833258
0.00728219171564461,0.0020614434719951457
0.0052844813144178535,0.00019418275591052275
0.00960507586453229,0.0045702420453671636
0.0045810656306361965,0.0017150378752459894
0.006902124986701759,-0.0008623742789976539
0.00749887706517174,0.0030011881542880824
0.00599033807991512,0.0047824837210745244
0.005205162612593422,0.0022021843430546076
0.008947797062740724,0.00143843417879474
0.007509728578838273,0.0034287320054871336
0.0030741031805381425,0.001172700871495973
0.0053961111244210875,0.0009627737754897758
0.006394724429522737,0.0034072664616131955
0.006416562975444218,0.0025035103561285516
0.006025838922677005,0.0035693596803546244
0.007395313993414242,0.005289416254602186
0.00490169003623395,-0.002809126149451502
0.00930352673604892,0.007402165718534651
0.0064314044724799934,0.006687257988887867
0.008533309435100224,0.00399597249301332
0.0044635912776802384,0.001639977771519298
0.0043646541149246106,-0.0017004159727614801
0.006533231542423233,0.0007145262522746899
0.006680380355718907,0.004503765487958266
0.005598891132896388,0.0002744951047726268
0.006547306616774706,0.00274757617436108
0.004677923078803351,0.0018019093885739247
0.004892500570715505,-0.0013851499961797511
0.00683089417409064,0.005698462243817069
0.005029715096814959,0.007103191979873773
0.007865406428157974,0.004529641750953793
0.009546633068811842,0.003378122265951534
0.0030492468577420365,0.0040068344998398136
0.0069229613626851805,0.00504247407212324
0.008150660652087818,0.006953654596498736
0.004214907369762288,0.004199659811601949
0.005355934444349015,0.005336791710908098
0.0088329519418567,0.005108274536425518
0.00860719191252217,0.0050312797845420976
0.008010003423122929,0.003068739034797913
0.0033594172724345037,-0.004191500298497069
0.007102883924478913,0.005277343036493177
0.005126176447238111,-0.0011893332434592205
0.006206836678404019,-0.00020011133027120816
0.006113762972402657,-0.0022658363789022943
0.009702755074714985,0.004767928296491771
0.0038046926418355484,0.0007132629205871422
0.0049923250677687495,-0.001647620812458281
0.005253892153178655,0.002747987713158557
0.005675230124265409,0.003307959217409291
0.006568640237905488,0.003683733735477831
0.0021109739474870874,-0.0046606494203287
0.004440087051284168,-0.00017742490593741084
0.007302417875332273,0.004687018897977395
0.008291775006267824,-0.00028068643404108827
0.007671798647958453,0.004579473824395965
0.007118078136422776,0.00606937257445391
0.0024974338954495317,0.0003878958479361901
0.00682494777606591,0.005779166583659532
0.006131335049143096,0.0037111307977640245
0.014570439243564624,0.008017014716692607
0.004039289266112276,-0.001864769115431742
0.007474954493966856,0.004057621973964819
0.005032519115297927,-0.0016336445343624042
0.007705492568590086,0.0012815282297519801
0.0038113394452810086,-0.003443980141094106
0.005572144972274324,0.003242948849078342
0.004849564584805984,-0.0020344569175041348
0.004378936530331359,-0.00039250543461827325
0.0028577288884175317,0.002850861029110692
0.009536010600462993,0.002954229785428709
0.010233603081943602,0.002739051389065758
0.006257298937668649,0.003147936908319174
0.0102400240161694,0.009673383379867947
0.00499759054075147,0.0029052974633177525
0.004291306469836386,0.001797998189261553
0.0015781464236337382,-0.004854466649491398
0.0040214347417442085,-0.0033580856757993664
0.005545993774975663,0.0021118709070840095
0.006371418574243596,0.002934776002174788
0.005728086835637855,0.002230866338091609
0.0057700571545489625,-0.0008107539363931627
0.005665092953469212,-0.0023210511796031173
0.009504714984340929,0.00871157970489531
0.004498609880915581,0.001300666973495259
0.0015454422375062362,-0.004811958840123628
0.007004692662506023,0.0005066688920414555
0.005091857138371177,0.005210768247472986
0.00453918332111325,0.002047341385918261
0.006638183321718628,0.0030705722534423805
0.0028580099473583913,-0.004642391057437764
0.004210641210113127,0.001225002766132681
0.004462038141538695,0.0022404273381376573
0.0074581317003825,0.0031959890854506784
0.008143392181727452,0.0028365320667780875
0.006198818819672239,0.0011466993691538448
0.014345431980623066,0.010729659745620236
0.005235726019256663,0.0017552921563948097
0.00966372433636786,0.005624189663673812
0.005290226943793286,0.004332617619821938
0.009993626670234328,0.006230565637399961
0.006967803326171152,0.0033031028021021035
0.0044430883482811665,0.0012566405161342003
0.0069935113289724795,0.005377960863167191
0.0003231346755814008,-0.0014418001616025786
0.0072060221538490675,0.0049544037798904825
0.0035927515570320107,-0.0015962926486187707
0.006450848976768228,0.002797103795486383
0.003868792691260399,-0.002684395948026389
0.0033498535913827066,0.0009202616875894336
0.007649379576006142,0.00277002971227862
0.00847790794248309,0.004925947020143892
0.004145894543204628,0.0002265331804339344
0.007489248999443843,0.005734332015923423
0.005892487186119414,-0.0004674272149794651
0.00870672391702386,0.004498796638821493
0.013573755254241994,0.0077809350241256365
0.005563422619221031,0.0021344583695198467
0.005670576305612253,0.002655355131552786
0.007006796926987727,0.0017966402079192083
0.007671798647958453,0.004579473824395965
0.006863606588957509,-0.0001716031707006318
0.007508234915458714,0.0013510659342874064
0.006069191376442256,0.0018030700290866501
0.005905099369609126,0.003259605004338276
0.004795615701135078,-0.0012813641864584217
0.01588955996669796,0.010446303370419779
0.005376883543328001,0.00161544398548036
0.011251623356736344,0.008712783348046128
0.00731205724615706,0.0011538364336719318
0.0008160768108354984,-0.005582099443901154
0.004609350364633443,-0.002522178311637058
0.007118491415236407,0.005175338495271635
0.008412413232909595,0.0037419317347974525
0.006857154903150303,0.0016279946921546372
0.005035239725292804,-0.000837390112667662
0.006725780734145955,0.003100888227168773
0.0084445092555344,0.00355448064258108
0.009912468405898267,0.004448684954691468
0.01053557398541163,0.007994481821296301
0.01580313356662631,0.01300586993954184
0.0039867549849803945,-0.003605034820863857
0.006193915322471082,0.002415600928295872
0.0066686391544271105,0.005425917057694388
0.009282273495572209,0.002278692735785749
0.0017397153311203735,-0.0050630562187709924
0.0056160074320133245,0.003774892795479325
0.007154502480790573,0.0013442070659595183
0.004414297125962091,0.0008067766631170651
0.00887346058070799,0.0038956934787984453
0.005955049404877118,-0.0019444613958862324
0.009147591513031433,0.007106317922040372
0.007238427449445132,0.004451431950566734
0.006265209943964414,0.0014751642258979585
0.009956257358719493,0.004545941689611945
0.00480993072948542,0.001572243387925225
0.008175972814718008,0.005529840847162447
0.005171395982485251,0.00046351744758919237
0.0041746884282373945,0.00012112104460445736
0.008123007034583931,0.0037801874747032645
0.006013683740100288,0.0016112080505467329
0.00609828862759849,0.006321453470165832
0.00690475774259361,0.006678241304527718
0.0032352693641439032,-0.0035620078102711512
0.0077767087355675776,0.006166799428304157
0.00514790935930361,0.005312164719363183
0.005160769503412896,0.0025119832288399866
0.0062223352333126885,0.0037797592522282
0.00409712220235121,1.9380425337594404e-05
0.005998207784086269,0.0044002417644550705
0.005560768740714158,0.002345482997977883
0.010998165702787685,0.003184336927891116
0.007363749198545854,0.0020052120860767804
0.006088387578068971,0.002750944703611793
0.0016785964494970725,-0.00013067001198787884
0.006531312689792073,0.0026413853087324333
0.008096136929196023,0.006523880906152849
0.002910088305348949,-0.004427804316139761
0.005778441887341645,0.001946039725816185
0.009672228913343572,0.0072380338419251195
0.0062962130813876745,-0.0006276188133993391
0.00662150632540622,0.004636955486275953
0.004770005573894714,0.0019623366751140344
0.0022141068860635285,-0.004530274491432092
0.005271925598213741,-0.0009329180517320644
0.00493307090688829,-0.002289693715152417
0.005916440878537636,0.0015245912685618694
0.004752471913636931,0.0007178054750755381
0.007241252641449859,0.003668381803063892
0.005120769375945711,-0.0008424726067784664
0.008742489027513348,0.0050733252186594855
0.008040137702599797,0.0036770990580617105
0.005239873827104006,-0.0009194160465769794
0.012362276782554233,0.006843131374018017
0.007473976241735872,0.003811968772106736
0.006759380918238089,0.0031027815928044832
0.00573177718872374,0.0023634819903758583
0.009563989832579521,0.00560267013423445
0.0054470994507963095,0.0009636376332536603
0.010548521988443658,0.006575216302941699
0.005045000908249534,0.0039639981967408405
0.007899472338296222,0.004660592508501843
0.006436148355411022,0.002971112725617722
0.006493228168618246,0.0013678203503003396
0.016830102472062822,0.012430532417706832
0.0038643438038329526,-0.004295142908981298
0.006112380969783142,0.0016477190618589448
0.006986790394900322,0.0007653878596997898
0.0037859610943407227,0.0013848174956897774
0.004569355412839493,0.001443363367580685
0.005827601762445668,0.002237012686580736
0.007082863766892928,0.003830966656322107
0.006963477016460504,0.005075189448350066
0.004187961860443104,-1.370377147417827e-05
0.004878909660926975,0.001571316697788528
0.0047146866328970985,-0.0031117321948261186
0.007696432549224094,0.005011740750675525
0.006863267819791128,0.0006057806160894765
0.0040455053144026285,0.0003341263686175693
0.008360308750950007,0.008482950329908649
0.0049786348018010735,0.0008968147766558118
0.007667272177237154,0.0003754170713669404
0.006422645235195841,0.003742298411178958
0.007278268554644374,0.004029992350418089
0.005769476770165585,0.001130972037205945
0.004038732910812673,0.0012255420284434035
0.006427149638608036,-0.0011735741785494505
0.005267768489635777,-0.0008352227504468332
0.00834451564646662,0.003774827128248222
0.009886959220928908,0.005108224790106589
0.003814287502207029,-0.003672360190455075
0.009583120209376891,0.004461488723225699
0.004649818248620485,-0.0012244311018468736
0.01797221859107837,0.013410750242713192
0.010384084035928307,0.007589894054040378
0.008474093138372218,0.0046059346410840096
0.008662386578075205,0.004203562419850839
0.0028040408013553265,-0.004232822780490733
0.008523292151050748,0.008156566698493383
0.0049605180552613586,0.003890375595887412
0.0050132790202278375,0.0009716529340044813
0.014453194212430824,0.007084593376196853
0.005572144972274324,0.003242948849078342
0.0034077207221996685,0.0008949486946590998
0.004670581469649498,0.006142920543416178
0.0070572745062872505,0.005454664908662813
0.005254135245833555,0.0013298084069073065
0.017790614645177387,0.012653854053818532
0.009150537662612836,0.00603384644122705
0.005325385108318748,-0.0029454656676993624
0.007738000476583911,0.004692047797523455
0.005841632715677737,-0.0010027089602882228
0.009587764819659816,0.005190506904339176
0.0050271680265629995,0.001801234308193068
0.00908213856389719,0.004503328329833946
0.00676009883438334,0.006145336208258931
0.0068701419800122725,0.0037459734803050454
0.007078035205993183,0.0033991647361182797
0.0060799108436390865,0.0028281894204713748
0.008274752227905302,0.0045744055940430345
0.005012818863604392,-0.0026881940057119575
0.008126178190986913,0.003824121182691955
0.004059356449923423,-0.002450316631547489
0.0063415108883809945,0.0031771686532753455
0.009546583950372,0.002073775159191156
0.0071672193020887445,0.003389419691176827
0.0053083700199947435,-0.0024435186885147786
0.005592216353626469,0.001953663482988123
0.00451200868462873,0.0017876985211520216
0.0069671718912668375,0.0069411354771510975
0.007079401022951227,0.003851815468348589
0.008494262855089776,0.002902751460038439
0.005126464788420967,0.0022191904652443875
0.00556760601685237,0.004833031015803141
0.008763792704064093,0.00494455208250469
0.0026134273543767066,-0.0037873427969259167
0.002502062148476253,-0.004395057144581675
0.004757131932847839,0.0009779277792840834
0.007363757118689794,0.0035834471931420996
0.007259733576759559,0.0047083918853684644
0.005466495351017937,0.0028548188729017286
0.004545560868265774,0.00108339703403329
0.010072117139988523,0.006015667475580455
0.006557589120217699,0.005665289679203282
0.003977248989196708,-0.0033905059090593524
0.006057422130846795,0.002827484988598807
0.006884690570636192,-0.00021541884703346788
0.009927474874704231,0.005140940166333416
0.0034502304159647447,0.004193667632853425
0.009350898046477506,0.003646145109076789
0.00517967065877108,0.002173725234501895
0.006841997636919037,0.007568208319385962
0.004086034306352853,-0.0037844501931625623
0.005143120923019845,0.0019166766702882225
0.011519253019841282,0.00743470339761053
0.0028577288884175317,0.002850861029110692
0.008298857602384435,0.0037552994001448584
0.005868984088808996,0.0027676421552892613
0.010773168258392297,0.010618438098580481
0.011555653067337341,0.006082348762954061
0.004266078610412049,0.001051653658829206
0.008205097227613724,0.007234683464134157
0.005939916864131937,0.0016686430714254168
0.0028710080139825525,0.0030580282754719395
0.008005187262336887,0.004864921245315853
0.004878865193493856,0.005371975023541189
0.005352285522085065,0.005781897966876718
0.0040644507241032034,-0.0018420755655423667
0.007632526741790362,-0.000828083815030304
0.005043051300583419,-0.0026444787013624807
0.005712696347456586,-0.0021798042492571137
0.009109615888853277,0.00903736822763428
0.009883445727494533,0.005711242793963355
0.003290377094503854,0.003516090228643299
0.011505172774680083,0.002880382351296233
0.007389423109873153,-0.001174924639227675
0.008098668180982736,0.0076363782543089585
0.004546931365847314,0.0016084926606413233
0.010041333225421703,0.004872976322091857
0.013479412172140357,0.00782072414958657
0.005695955997715777,0.006037006781958846
0.007989097471626632,0.003822058946589544
0.010082801482799102,0.004598683516445844
0.006784082479814144,0.002532535373469716
0.007766182874476153,0.004208337794271096
0.005710994480593541,0.0027539004410286217
0.005403059930659699,0.002981863228802401
0.004271912439653546,0.0029397828222984647
0.005844191790811202,0.0024028224697750815
0.002924044813189028,0.0023052883893226817
0.006197475420482224,0.001409494152624302
0.004606349463055649,0.002332324672630024
0.00619015306436513,0.006655593768676766
0.002237879086350679,0.00016115252154411813
0.0111550244537919,0.00897245845059053
0.0074581317003825,0.0031959890854506784
0.005540306998529236,0.006540355906471875
0.007451187885244551,0.00821115047906658
0.007161583194410064,0.0009018445219821812
0.007123547679896146,0.004052232132753107
0.012551408139831488,0.009499891403210803
0.00524995653875617,0.0033932426704349986
0.009196485351096444,0.0003726807337583382
0.013682536407795931,0.008006976785024104
0.007220102000917553,0.003006641043766546
0.004473335287809825,0.0013529798002177643
0.006843149792882889,0.006344747956515807
0.01001378630581817,0.0062311460659182204
0.005504579274805093,0.002548891359680186
0.006144653636569263,-0.0005084603347785769
0.00799502330364768,0.0047166977260033865
0.00923272422076728,0.004642983373277195
0.008098668180982736,0.0076363782543089585
0.0072768699053521275,0.0032419923964784585
0.006248866317082231,0.005578352194421179
0.007313548965160179,0.005459667923462455
0.015988549698446992,0.012535410590291098
0.008585489766496424,0.003356808650222913
0.005346673989409153,0.002686747002496803
0.00490005557195641,0.0030625678637487257
0.006798630496354504,0.0024750719274534063
0.007048736829798573,0.00527133968623675
0.005339523351394022,0.0022149202661111353
0.009970663272608675,0.004756619170772334
0.0032984040186881825,-0.0005982458951885681
0.006018544996659159,0.0022871910870377495
0.003164223357851279,0.0008251320426625984
0.005670576305612253,0.002655355131552786
0.006513037208205879,9.26427502574538e-05
0.005302771402189436,0.0016038809442724573
0.011555653067337341,0.006082348762954061
0.005729269540856396,0.0022794989881633866
0.00642834685896892,0.0025294514120896977
0.005396268689573636,0.005404273566662498
0.005034992186752402,0.004025525431729956
0.008099149254848115,0.003815962108098074
0.006344049024152306,0.0013890605115250265
0.006025838922677005,0.0035693596803546244
0.006446115322422389,0.002407400312019384
0.004630454752371644,0.0018180599831266239
0.01035375890823797,0.005150903402620052
0.005057404488766672,0.005846148291822573
0.011313503843425804,0.006126493428399256
0.008651118980663062,0.003643493664161511
0.00560474893756802,0.0045583894894932935
0.007707968259160357,0.0023971775977786073
0.006344293436935072,-0.0008635855014226907
0.007194587883441986,0.006063549372735725
0.003158234329917008,-0.004290086186177357
0.003238872781599846,0.0013271376514424667
0.006672279446537563,0.0017102570895286447
0.0046789645451082475,-0.001314400852232207
0.007919179144236892,0.006968638758093505
0.004542139289657925,0.00019444852215145907
0.004654568189870482,-0.0013514547025221917
0.014820223525728796,0.01159207517231881
0.008368097554520622,0.0022233252571321757
0.004458859785619718,0.000749195508890927
0.003090818273516576,-0.004272456123165816
0.005328880949842151,0.0056123981428692895
0.008363763744204163,0.003676097935724739
0.00585266008946082,0.004897235409272968
0.00461637448513605,0.004464420458432552
0.007620628199519605,0.0011158291880016252
0.00646059231748273,0.003431536862667845
0.005844562301944576,0.00684696606509024
0.01190233576741587,0.011203309035623697
0.006875470668923651,0.003581423973516864
0.005598891132896388,0.0002744951047726268
0.006456509205539102,0.003021417526108706
0.007578100030218429,0.007878711382016727
0.007359944084444824,0.0019184749976585347
0.003611370839684736,-0.0037731186962586035
0.007237180487354724,0.003730240614251717
0.0074676525967764685,0.004600996420944068
0.00843850703599329,0.007183868678464834
0.008855245680694894,0.005141342828004095
0.011664618474911514,0.008605125644300205
0.0033873617235432047,-0.004024052511581269
0.004759390824753731,-0.002529301271860667
0.009589082216964228,0.004558546670228412
0.005366155739963725,0.0023799522222274104
0.002892159905621125,-0.00425580573551457
0.008082069989841954,0.0050499387614491836
0.007737900213093665,0.004409587190322906
0.005324891634972173,0.001848776103493024
0.007059369192444471,0.005384862190729598
0.006310541091611955,-0.0010023465835216194
0.0046202021356445706,-0.001379022179588246
0.01101807777017951,0.0028853522280895463
0.005175137323362392,-0.0006222993778130011
0.006926044740437527,0.006773150668285966
0.0058781787331180484,-0.002396666420629266
0.012082872932056874,0.00418794936260465
0.010050747442324124,0.006827123647597178
0.00809419697535275,0.004177773847380852
0.006010262920851787,0.0029658416368573163
0.005003509618903324,-0.002159668460406267
0.0038900493238418384,-0.0016207380093608056
0.005656007127003514,0.003849480346560891
0.003164223357851279,0.0008251320426625984
0.0056361910354798365,0.002827102412501375
0.006127383565788279,0.005044730787846466
0.009610655658368415,0.008989235433478248
0.00792281991243552,0.005278084300039421
0.0067825401171290895,0.003292551924337168
0.008693681697125547,0.004563183555219245
0.005484327525117338,0.002835886502842294
0.007521885884745693,0.0030440847852149728
0.0066675094790961805,0.003343576505258357
0.005492431652283424,0.0020008106708068255
0.004284648171075706,-0.0011287049234167384
0.011909990411568108,0.009671054250098288
0.0053546571882431265,-0.0002907257841286842
0.008351830445702106,0.004575682861037069
0.00469807572742875,0.0017958448319752417
0.00784667673077769,0.007949192436362976
0.0028710080139825525,0.0030580282754719395
0.005035330500959013,0.006719263949627999
0.006234443700143176,0.0023493967518025743
0.006166405678904343,0.004615275435693321
0.005817437883955173,0.0064593058088445975
0.005899749131111996,0.0023146684837269246
0.005892383069654228,-0.001974734582054452
0.007701930192582027,0.0027561376478421338
0.006265057781068004,0.004066961788776707
0.003943328080058829,0.0006138214829602209
0.003815894893074533,-0.0032695233137011214
0.007595948853754395,0.000833478328203064
0.00895642051355242,0.0050836849996385635
0.0051570515343680335,-0.0010739684427443982
0.009720557763229986,0.005236314505746405
0.007470350119435597,0.007215137527267589
0.003834448236313147,-0.003203284164976627
0.008749833040528947,0.004236705978110095
0.005344674378700887,0.0018491342365683072
0.004137527623999321,-0.0018100871970304763
0.004578795103476415,-0.002075911359928356
0.0078377298662256,0.0031161764583607157
0.01080110617864129,0.007096630794273444
0.007503402400463521,0.002004273928659128
0.004322778511598244,-0.00340425452388232
0.00023772015577897682,-0.0061619645654887485
0.004234339789841559,0.0013254681023586751
0.017752225894194666,0.013425559621327573
0.005120325616510454,-0.0012542594093202363
0.005837788639796563,0.0033788759596540315
0.004604112413866296,0.0004228573559125117
0.008975147114879328,0.0036611100419121313
0.0119109732616014,0.009462277625060297
0.007471124134609522,0.005569715115337748
0.0037346024393840153,0.0002791523775164603
0.007460063435630317,0.0016944807253818465
0.005117371710593182,0.0027632622323932737
0.005098949771420692,0.0024358337633931327
0.005306535426329204,-0.0009705764480537685
0.008259373672875416,0.0027996306806727864
0.011536272788443592,0.0062127160566607794
0.005514120472395226,0.002882653568999371
0.004359143473767869,0.0015276829968184644
0.009466883051389532,0.007297086874835221
0.006545881299708444,0.0029261136289479538
0.00832738644367091,0.005583088407158186
0.005069372148660554,0.0025724361690005948
0.006568011105478819,0.003929970507291249
0.005232839569391849,-0.0009682837410915617
0.00598151746196884,0.0015309099853189467
0.003422640189798475,0.0009607485620614659
0.005338478774901988,5.093091157855421e-05
0.008553253911216386,0.007029389881533923
0.0021462196826476394,-0.004273630385548283
0.0021109739474870874,-0.0046606494203287
0.009188059544140849,0.0068445444247821115
0.006871355577135917,0.005345766543126204
0.009049092648968696,0.003689589579844628
0.0072511813177076785,0.004497313538612902
0.0074706886915358135,0.0031420936767973763
0.00889320899071801,0.0032608143153560415
0.004065517931796908,-0.003115504093311969
0.010084759112607294,0.009053265954294492
0.007187328341167052,0.005494192384710922
0.005002899768516786,-0.0011165005254127362
0.006054145677781328,0.004331363427368959
0.006367136070326203,0.005217916884963261
0.007755715346051552,0.004236204672700054
0.00804374358628035,0.003845099204929275
0.013030285083984568,0.0097412806999926
-0.0007601790406628253,-0.0072044602932636315
0.009917564116052885,0.006990198862340048
0.01045740202987733,0.0034320712540419976
0.002041887324494819,-0.0013795877587233513
0.007361547104838813,0.004905610904230552
0.006354332044119603,-0.000801024522319083
0.0019455512911869845,-0.0014068476322098272
0.013280481824731287,0.010947588460544224
0.007537760387313238,0.0027543992127559975
0.011420806818747069,0.006550652960607537
0.0037375618044921816,0.00017925380946225491
0.010145124280490766,0.005814515968308716
0.013379650938164015,0.008658474615913687
0.006610219616361893,0.0026516400572060856
0.008183008001974561,0.0017333879756898296
0.0059876749389818585,0.005371521964905159
0.0021815163551338907,-0.00521704014319217
0.0042384953473170485,-0.0026113328616980576
0.008530750290775725,0.006130638182020507
0.00796899876583989,0.003752884570481577
0.00509565663769149,-0.0007629007344197077
0.009583728901267654,0.00509925463004668
0.0032565009510089945,0.0004165145588859911
0.009411335746345999,0.008623250783092666
0.0028349041142533265,0.0007569621322822025
0.005991815913391982,-0.0008142417444706937
0.00393173145909682,-0.003415151883990596
0.006527654956468499,0.00529758185793629
0.007824890774382653,0.0044969263747269665
0.0061810058861392625,0.006152636294025994
0.007093042623032212,0.0035324653409203456
0.009356435571182991,0.00467274994941792
0.009983566810541796,0.008709725703291461
0.0069434395363541755,0.004036358296815314
0.016949442954083994,0.013915764469844095
0.005995289743669597,-0.000638255486343756
0.004604112413866296,0.0004228573559125117
0.0070047126625312015,0.003281235897514817
0.005633259187521822,0.002037821024434095
0.004464528093501182,0.0013883436253558836
0.006977750206547926,0.005970940730797522
0.00607404284367539,0.004496951999502768
0.005344674378700887,0.0018491342365683072
0.01058970755691141,0.009404614208231743
0.005574346270684201,0.0033770325726378584
0.008192011649907653,0.006166428107959124
0.0067524299917041605,0.005113316985443055
0.009520117496258251,0.005415357131270088
0.0023753245405412887,-0.003918933001912964
0.005327402186750231,0.0008872960798790063
0.0084196768001209,0.0025915348330340423
0.005100421260206346,0.0025264886570531874
0.007599143419872505,0.005084914155506043
0.015249409236237167,0.010476668692026795
0.007865406428157974,0.004529641750953793
0.007741520552842503,0.003097239738031001
0.008135302676808976,0.004583601452915975
0.0026740372904432846,-0.004254985601438099
0.005252183458247489,0.0017502815208873517
0.0076025855956257694,0.005399154510801278
0.010187540733491256,0.0068114789733630466
0.0064662801097626985,0.0028945266504828973
0.005332208563355091,0.001672769767884789
0.007489501532899474,0.0028389152486750606
0.005649780691638275,0.003272376066269747
0.011588360934407294,0.007439927577483044
0.0073293641459160706,0.004630198449035755
0.004615682497849913,0.003973850205643716
0.005517252287095337,0.005112253180896175
0.0068357520816936445,-0.000145730444195925
0.0067194855736477585,0.002614383919975089
0.006912678365183707,0.005352154781194214
0.004262864850073893,0.0011424926349361195
0.0034855371272967837,0.0022777153990248327
0.004675071875134978,-0.0010132834640678677
0.005980009513909271,0.006727858930601051
0.007286348978520922,0.004684986129851633
0.004546581753530618,-0.0009775958450887155
0.007953511389840023,0.005064969728063005
0.006784398367682657,0.0009112295336114393
0.005753931504391232,-0.002544884233707646
0.0025877736208410806,0.004392523808246539
0.007547100252445157,0.006179171767192648
0.007122786649159867,0.003664290518869733
0.006239663077595721,0.0029396045759058614
0.011903097377368645,0.006696711651787758
0.007916804496805555,0.007975435448405135
0.0059951424043401,0.002994933832634241
0.005263621207450909,0.0024618757391754653
0.005877812124497517,0.0011576484831948954
0.007155781084428694,0.004641762786335124
0.0042742931729735645,-0.0016303653823076837
0.004517467539184285,-0.0016930588638302702
0.004317252126115303,-0.0014144242343203913
0.0046447196470658005,-0.0016163428026517912
0.00800086005273935,0.008109111365820203
0.004099619536042842,0.0010710316225245016
0.003193915264969153,-0.004778548229138632
0.008065755561725608,0.0028239637630261705
0.006609547195637431,0.0032262029667147352
0.003970084124304326,3.445047547164133e-05
0.008926073098189252,0.00832320791630325
0.008886269207670886,0.004479234796641888
0.006774712125012045,0.004644593012734532
0.008973480788489547,0.0037310352160507317
0.014273988364219798,0.009835234335825383
0.0055359998841795245,-0.0024702812311716525
0.0064348103392393285,-0.0006816011557711395
0.005285118561769043,-0.0010722845163426732
0.006099354892492109,0.0013203122983888732
0.0075447114773508975,0.004876268934430836
0.005729269540856396,0.0022794989881633866
0.0044842520987801275,-0.0014763286313122497
0.0066686391544271105,0.005425917057694388
0.011541067146348213,0.0053424969892765725
0.007152997234057511,0.005486396327040805
0.005483529983544194,0.001695117801089334
0.007487021745005862,0.0026671730692476745
0.0072131045828415855,-0.0021418794090567427
0.004822452919768769,0.0011696341761449035
0.005902709339060548,0.0010553063500797757
0.011198352010011896,0.0034166830529699793
0.005331912594157124,0.0020895533577976015
0.007503431738422278,0.0035069502765568954
0.011702759112551964,0.008747790614709719
0.0056499130596070445,0.0017476189951020002
0.007906683877957184,0.005786457014376867
0.004977733519048012,0.0024275472392582187
0.017033632120221798,0.014280510990715199
0.0057588731095283875,0.004802596864276917
0.009090997798529768,0.0066986002777789915
0.0046306925443769876,0.002712617594951872
0.007250953521879511,0.0030867889733338285
0.005452437869251719,0.0015460076692473653
0.009594779602689136,0.005500639160707019
0.006000229267962608,-0.0007252277050897931
-0.00017692929059257012,-0.005953370708775722
0.0037035086977140258,0.0012741846036893106
0.009587764819659816,0.005190506904339176
0.012081024275322594,0.0030486472744729806
0.004805881888580542,-0.002789092497923149
0.0058054243773533794,-0.0003398476827553452
0.005690748993510778,0.002183512667117818
0.005284899790438243,0.005017081570765656
0.010629666093599222,0.00630515840740326
0.005318731311479891,0.0016031140429564241
0.004533867665330931,-0.002910416074029948
0.005794667059035569,0.0018428924886541775
0.00693007653738333,0.005650032638292617
0.007286348978520922,0.004684986129851633
0.004452426238249182,0.002632713678861905
0.006592851981450863,-0.0005211717308988978
0.00943942483379305,0.007675879806090741
0.005199842882545177,-0.003420080876003803
0.006892287696385184,0.003159318414403368
0.005965121344988253,0.0027088046876123833
0.0067300153567074585,0.0031123040529498457
0.0045796527438280825,-0.0015225467991356843
0.0014091212929688395,-0.0057581401916763615
0.00774574851142919,0.006049745620689907
0.005264322240545687,0.004520502183590089
0.006817524643592346,0.0032477112850609587
0.0034528951177358377,0.0005503990776940873
0.0063332173522399286,-0.0004322965499223277
0.002131001741152952,-0.004638845764307195
0.007857155737368764,0.006362204320112853
0.009670001695272646,0.002895145016935362
0.005432023254984086,0.0016838619776786698
0.004877568366962508,-0.00286450667951504
0.008219562812645728,0.0030000125329336233
0.011313062368162166,0.006703307833946399
0.00725124354158804,0.002589012256710037
0.004554828391002293,-0.001976027865642771
0.007426722318767094,0.004087574577071533
0.005417172425456701,0.004927231865825266
0.003860534324353712,0.0014119526543770926
0.004762336758989253,0.0022094689898145376
0.004318899920022339,-0.0027928467824175265
0.010581348582535496,0.006659674208251845
0.00571025298225614,4.321005998142273e-05
0.009127447492707011,0.006473362616281315
0.008222862802512866,0.006829080668449281
0.009836196904112929,0.003391386882862016
0.004471323073650608,0.0014667504957810284
0.00848141252635717,0.008347669901192142
0.0063789277518617685,0.00760294797247367
0.005202398420341122,-0.0025135463447973645
0.009871772231407934,0.00457850161166473
0.005512587377439494,0.0021604964808941435
0.007200709513630128,0.006253824868039496
0.0025699609788942986,-0.004272129553796984
0.0076289959978002135,0.0033755479377617827
0.0067391127879669905,0.005103923239531927
0.0075830435396812374,0.002755542791650081
0.007940751000611175,0.005836521402060533
0.006374470301416801,0.007583364279188438
0.008981350266942068,0.0032936660210637096
0.004141951740847314,-0.0020373500947167573
0.004887442849859831,-0.0010503145610631977
0.003931142530142871,-0.0020696716425954286
0.004898773444603723,0.0009465568203102922
0.007777924311509083,0.004171936127262993
0.004578795103476415,-0.002075911359928356
0.006573794576958023,0.003480514366064705
0.013226221172575513,0.007755581926749103
0.00809834081750407,0.003948725805514199
0.009054480239868453,0.006565688446391259
0.007597228511883868,0.0015072208482464003
0.005302771402189436,0.0016038809442724573
0.006741239883459906,0.0026994981184054424
0.00560205318537471,0.001319953631044219
0.00836202834683705,0.0051029954048988115
0.004676208216529417,0.001528372100413124
0.008726021449465743,0.0020257287901615344
0.006589249373130796,0.0038184825631365753
0.006371418574243596,0.002934776002174788
0.006590767601507172,0.003950032469921234
0.00935223463290394,0.005359419444840062
0.009577436651409593,0.005566275038625898
0.0057199530784911926,0.002227161867395836
0.012922544108069443,0.004231738829967343
0.006804987501836847,0.00293886629620628
0.00833035858858083,0.002814618690265112
0.010135708775119906,0.008462473051810726
0.00692834672968696,0.0044948348142547535
0.007253858102301045,0.005986399495235853
0.002509125377576955,-0.002162947401675972
0.00420518463194444,0.0018169537860055224
0.015583690569914457,0.008223748257614901
0.006741883272764174,0.005030194829026773
0.008902117052051135,0.004065387880090324
0.00469807572742875,0.0017958448319752417
0.00934420480432723,0.00619965093361519
0.0041317039180985594,-0.002762627083771653
0.010546744206353839,0.0038073282012173445
0.008039336739890997,0.0032871336293457737
0.005274413946550127,0.001906671104286762
0.005316426311120452,0.002300097491038481
0.013846549761142555,0.00845859324968722
0.0028914549534869586,0.0023511500957289237
0.0045614473642769885,-0.0016335435487810426
0.009207988320203333,0.004087499313776102
0.0049057460834601736,-0.0010765018899016095
0.004867100470780509,0.0024734496656023276
0.00786660008153673,0.005341890810640683
0.0059708828026016885,0.0013065229595883247
0.007884874041661136,0.0030494933715231576
0.008471609147729748,0.0046611682528357925
0.010719751380243324,0.006413913385877899
0.005079188664845739,0.003070906836832225
0.005342789297471068,0.0019165138643997175
0.006999760293746233,0.0004750078157991812
0.005102050446021653,0.003234314504089145
0.016045516935338747,0.011970263929375639
0.005128060462224711,0.001118351251398181
0.00439509586746094,-0.0015628086106756114
0.010770044268044341,0.006508841698343414
0.013050052751656467,0.004742735157559408
0.006648457557928232,0.0018330216091613036
0.0006435536328632582,-0.0007827814804478583
0.012428542382704705,0.008675982775430722
0.005439298646018638,0.0017213095531014924
0.008601707877044725,0.00514843520617283
0.007899472338296222,0.004660592508501843
0.017966238356305876,0.008205482749989827
0.007381416269027349,0.00697191997037745
0.0072725812826921,0.00456407944614248
0.005453485778728386,0.005262115634882624
0.005269706376532587,0.002379864858381535
0.009031881062205323,0.0051094098816706615
0.006653505143595591,0.0036626380313113174
0.006844898803689003,0.0011114245662433922
0.014537709228364941,0.011634162236133498
0.011935070892555907,0.005060167148614562
0.009154095282076866,0.006142566457881387
0.004558305317769511,0.0023373554670565056
0.005763823360092761,0.0015140249347551007
0.009208944983731066,0.007353262480299367
0.0068332936031790656,0.0009885472964295166
0.004586275999875793,0.0023985372087650817
0.007332023739290394,0.005545985040970545
0.011907659280530383,0.007392830064996065
0.004210423333333581,-0.00348023443336686
0.005274861614946681,-0.0026685586843130087
0.00426733338042906,-0.001666249478712186
0.006447534265539475,0.0036989342198350834
0.006965431196530031,0.0060315317595054894
0.004189153559422351,0.00039398134706011573
0.01652189976962298,0.012425988667437316
0.004076181977919851,0.0010054090680419233
0.005888811130600976,0.0027772145392141257
0.007783971376999465,0.005537745849398729
0.006385685608412137,0.0020457428576873176
0.007524785945578847,0.0030337283200557053
0.009158048304953873,0.004683404664316141
0.007544142053953182,0.003675912298744538
0.006645002046502654,0.0011453843502073737
0.006612458560561392,0.0011142654354623716
0.0037685265861682167,0.003735134479897733
0.004161746005560711,-0.002907143502592818
0.012784996956462631,0.010066815951781978
0.005262639238150259,0.005423784110322284
0.006571883032504779,0.003946904022638569
0.004073232833199313,0.001299853672990757
0.00898301540630793,0.002881627254636237
0.0066451323385126855,0.005546963845074152
0.005325658414129365,-0.000941398136449308
0.0010366136539117568,-0.005776358523230049
0.00651952909718176,0.0054378816662852625
0.0029490328603141713,-0.0047041401184484775
0.005010863325004023,0.003713644415954844
0.00747155314522085,-0.0018644972090983633
0.008048675330831496,0.001273463391952538
0.018663961796222216,0.014315379501634959
0.003879880475247465,-0.002361874462308234
0.006255932172505441,0.0022860604946434594
0.006810515906306396,0.005283332571137427
0.007953791350261257,0.0050766842115735795
0.007176128330190193,-0.001183580358879977
0.003919553028752301,0.002741590064653473
0.000974476300424864,-0.006086840882574467
0.00793717297946234,0.004406487691388348
0.010262044751862109,0.0042267093362868165
0.007489248999443843,0.005734332015923423
0.005309114128122976,0.002365585681182761
0.006451341911460856,0.0046807125581424785
0.009368414401118595,0.005042549023508909
0.005762516464850417,-0.001154511695204032
0.007577305897089823,0.004920835828793722
0.01279972207895743,0.009048685077889678
0.004186495963387181,-0.0012911607784614094
0.005517190081146698,0.0020145735541543643
0.005347980610536877,0.0016651861502839007
0.005766583891241667,0.0011969415966042382
0.006345121600008654,-0.0005607271343499908
0.004606902063496402,-0.001959304911992911
0.00750225050197741,0.004257441610121165
0.007375885573394285,0.001545459505908225
0.008903919783038682,0.002232509764699765
0.010132689251093924,0.007663451412215502
0.006710735651803954,0.005361542521678646
0.009206731040794454,0.005122806171360458
0.005403167558886723,0.0013556293701283278
0.007974162345613264,0.0048511074379485476
0.0028710080139825525,0.0030580282754719395
0.002532757679741848,-0.004482765007243204
0.007610644253783903,0.005305403509709244
0.005482832265605722,0.0018633553174268779
0.00554353522962867,0.004094359562296584
0.0050977306247434176,-1.909073614256296e-05
0.00481215637939216,-0.0018417658988582278
0.008059365185832074,0.004376562415849428
0.008328380429915077,0.0028808491602185784
0.005541654509351955,7.602294201616757e-05
0.0063390073219325984,0.005860269521857466
0.005847231231804164,-0.0005116332602411551
0.004520352802969926,0.0005453823428724532
0.007958117388393922,0.003848888936501454
0.005561485497562763,0.00448392819757738
0.004641913362557733,-0.0015104622631188641
0.006889565295847932,0.004259083877697901
0.004131337990577601,-0.0003904914669958428
0.0068832774531668575,0.0010725391347184473
0.006091521602693524,0.0019905826796627977
0.0026237098046407795,0.0013603047372962099
0.006341211845200102,0.003943164874692373
0.016748402335313915,0.014317220153680445
0.005819624891412314,-0.0007452040427477959
0.009968139902267609,0.006997514337063068
0.011931228740964006,0.009708700700012231
0.004782098794353236,-0.0028677648345379475
0.009394673738027513,0.006139531813851203
0.00663685964258441,0.005614309887545619
0.007316408930431994,0.0021998813406772693
0.0006506620518516096,-0.005556662253949667
0.012235148168367058,0.007923310676085999
0.005907810636616547,0.002580093238493986
0.008030577692159292,0.004703822958130964
0.015015959166303498,0.013530746952636438
0.0035276596028367066,0.0006402293993561341
0.0073232896188807585,0.002612488970540695
0.006007033015694228,0.003533758138836703
0.0078540665339957,0.0026797153627992724
0.011931907807070555,0.00783647154842977
0.0004751877612709423,-0.005864640021315211
0.0022136199193506408,0.000893535360468517
0.007865708640482558,0.005209818273674119
0.006838148317857174,0.0006838546407892951
0.005756694170292865,0.0033131692248535754
0.007822478693009446,0.004471118244836652
0.008765856537608913,0.003772559259753383
0.004939493587581458,0.002876297581551778
0.004091988945105799,-0.0018326734581624047
0.007337726563796286,0.0011517065478848561
0.003963092824459559,6.093173021391035e-06
0.005091857138371177,0.005210768247472986
0.0023556387749263056,-0.004374757133532885
0.009031881062205323,0.0051094098816706615
0.003299137666217429,0.0008635859999763257
0.005807331104077925,0.002531176700532712
0.004315473485372607,-0.000657893899534143
0.008107951054818211,0.004398699491043823
0.005385111172339413,0.005285380754245993
0.00626073990898282,0.007555836862291208
0.007668445565463693,0.004158054692936073
0.0033090228268546507,-0.0033532492346549933
0.007390018939544933,0.0026722630444952376
0.0029719837738700957,-0.004179811912827107
0.009715547541076465,0.005493129692625505
0.007445371618619037,0.005040661212485328
0.009296024436506203,0.006187623910882147
0.005896028050386913,0.002268935813311732
0.005954756269036729,0.0032807431236033784
0.00511994190231629,0.003924104530923252
0.005665122061146777,0.002433854943023476
0.01439533065393513,0.012031514121846228
0.008107679894119766,0.0035116802229008593
0.005308083779363615,0.004572981373297062
0.009688950729834424,0.003364500791379027
0.011887036538074117,0.004320084139574503
0.017910963679811546,0.00884267018653134
0.007814866984305448,0.0029161749280594215
0.012324823704696779,0.009952757214283056
0.0058468718197716265,0.0020396378849277816
0.008799548171590447,0.001570296644672722
0.004711383368194542,-0.0027972082945750543
0.006023420585736074,0.003035651100028085
0.007035280845308648,0.0026292541718318458
0.008465453344770807,0.003682634225721719
0.010194122913504761,0.001970620512821759
0.004048389790779603,-0.001437724385094749
0.006844346480898518,0.0025565551323723703
0.00837800828238672,0.0042514540022096075
0.0068748766817361235,0.0029757086560222414
0.0068104718102399014,0.0037443036961795034
0.008895639950679567,0.004902681005655192
0.005339722209089666,-0.0002939631636422529
0.009688565884766477,0.005589664064743734
0.007738000476583911,0.004692047797523455
0.004640336099426233,-0.0018901072210938414
0.010145124280490766,0.005814515968308716
0.013998246859358103,0.010248028174945209
0.004102071836483197,0.0012609258016069774
0.00714269827227712,0.004284979738645497
0.006582534544687545,0.00010578195928202371
0.006448855019796164,0.002138011435658488
0.003668677400325204,0.0005893565924367152
0.00573515067320479,0.0017713763978039285
0.009798278373698836,0.00561747185974488
0.009374196395507777,0.006697251317799629
0.005333375472162214,0.0019451542208602651
0.009673505980225575,0.005195399912675508
0.001577219224538167,-0.006425389154721826
0.005187819572711154,0.005624181636175641
0.00948647815577889,0.00560876079686871
0.007791489377316972,0.0021024540480613692
0.01171446298542479,0.00748807767554494
0.005256498338370915,-0.0026392477824802776
0.007414657215478124,0.0026631511735104143
0.004881422730484397,0.0029120516767412296
0.00724482332534522,0.005151236483024867
0.006822283323459796,0.004529812954962234
0.00950478619394724,0.0041398879303437795
0.004531169982099126,-0.002103746056025999
0.012269937257361845,0.006492157950405243
0.014838030940426579,0.012793808693611929
0.005514402421765051,0.004642142916017449
0.006651815773688044,-0.0002597216905951497
0.009364318662650596,0.004723983227648543
0.005444365837015779,0.0013398616791546825
0.00480324006448035,0.003500726248408907
0.0028914549534869586,0.0023511500957289237
0.007250928422346543,0.002633312586396831
0.010132384882604721,0.006052649361318302
0.00909926123528413,0.0023592595420403586
0.004484387076085895,0.0025497059807230186
0.007511755249820487,-0.0010008683768357451
0.006210713288998329,0.0036492325558950345
0.014125244720150303,0.010763924873723945
0.003045626421964721,0.0003992985842693718
0.007738000476583911,0.004692047797523455
0.006599461212459784,0.002503603797577871
0.004667995077382422,0.0018997726015895344
0.008515413262963461,0.00409618950509694
0.004879917923063469,0.003055742038569575
0.006006548344488136,-0.001474534940114314
0.003275584814159586,0.002233282979101873
0.003377711933996101,-0.0017505596727099646
0.009140825171699922,0.0017961548839126908
0.0084196768001209,0.0025915348330340423
0.007034278987639781,0.0023073979825959465
0.004271388284212351,0.00013753675582656166
0.012169702469947053,0.005165442126440168
0.009460849670140364,0.003221815068412544
0.0065008217466089,0.004770513598119671
0.008255414285868535,0.0065211139347832
0.008848558722536991,0.007606040639669886
0.011793687331321195,0.009287732459996293
0.0055788534361551345,0.0022481502007973206
0.009031881062205323,0.0051094098816706615
0.008175111266016626,0.004383038935599267
0.007295530635777583,0.004666255108089906
0.004662324647766832,-0.0013694718125135874
0.005506855354752549,0.0018185058436049036
0.004147431340975397,-0.0031136465037513213
0.005804241671309614,0.0015223964598549654
0.007908378686169455,0.0019092842725742173
0.005357483278065425,0.0031117050285003897
0.007381416269027349,0.00697191997037745
0.0033442705239152045,-0.0040929119516739925
0.00619778567898007,0.002016161025748947
0.004182880371180758,-0.001232229953394521
0.010623938710296332,0.0032743705059723833
0.0072072689560021925,0.005271674418923577
0.00780193938903685,0.0033036972383177644
0.005105308390858626,-0.0018035600840896025
0.007358720345379523,0.00324830061451255
0.0036651805432065844,0.00025063329820283753
0.006889060528418038,0.004482164882428256
0.007684939433472729,0.0040483863835378995
0.011847326561883786,0.004801767973893409
0.0056629004138498,0.0011135620888079898
0.005140037926059965,0.002047490199031155
0.003835187738389355,0.0020152283092103214
0.006349698762911927,0.0009599168542842778
0.007346208309168439,0.005796476596298811
0.007808702025605441,0.0020705332599993825
0.009860274178595415,0.00468648322752227
0.007346208309168439,0.005796476596298811
0.01272070913796491,0.008666514046279994
0.005934597005753535,-0.0001572507345550308
0.007854404134038082,0.005489902087840307
0.004567713555640855,0.0022267473960112657
0.0028814063180015483,0.002819041817908142
0.0066833912367119,0.0038946504633233115
0.006943615573392514,-0.0019706114500703635
0.007344561151433236,0.003809546514670091
0.007390679883897707,0.002068847707601301
0.005133299269820432,0.0015032350652264418
0.0033159284887494672,-0.0017733109059587353
0.003766957639008599,-0.002976356122645148
0.008468372925553823,0.0055823101258363084
0.006831358348469714,0.00046598581395884166
0.0045194398977030665,0.0020209325765255274
0.005796361467053629,0.0030543690566704517
0.004946090448098953,0.0018330033528564209
0.005467300405016571,0.00306432434392192
0.0042101395027911845,0.0011751534437884062
0.013554892725460226,0.007538321267236806
0.008184724923375788,0.004564114436379785
0.004126543251881314,-0.00011165180649511976
0.00765398906506384,0.0007430826635298395
0.0062225237454786655,0.00027729914451423733
0.00613580950195262,0.003173803268154034
0.006049178464783091,0.00547522536529196
0.0051724305451991,-0.0010073839143991828
0.0025187317722857715,0.00161209549134015
0.0031914186937314695,0.0005629240225821317
0.0077391334155514375,0.0026794905025760577
0.0035286871186993064,-0.003908741492424664
0.00438520164060317,0.0016284808745509827
0.004430770934450268,0.0009210899523282301
0.00411036245422493,-0.0017742707228711558
0.007282441391355841,0.0051903365071271634
0.007265479300323081,0.001191139016723997
0.006709542143186626,0.005766790725830992
0.0024194544747126664,-0.004629723639966733
0.007738000476583911,0.004692047797523455
0.0078106995445358885,0.006380119833932263
0.004888373854221438,-0.0011879656859926247
0.005823606155583116,0.002495817324467282
0.007543406269815881,0.0028381996004110547
0.005665561838647078,0.001976133662646722
0.003700028910344091,-0.0018768712864516788
0.007435773302737962,0.0042557126179257965
0.004045939776789341,-0.0038538016025529177
0.010961642176809441,0.0071670176640984086
0.01005002306327142,0.00935844893331778
0.007694878548345197,0.004828701455116969
0.0028914549534869586,0.0023511500957289237
0.008424312637305973,0.004557896886012568
0.004078660934547624,0.0056064822508105116
0.007889323669118736,0.0041401233058257735
0.003217048460867838,0.0007760620089004603
0.004218269903155383,0.0014827096047794449
0.006146723507151074,0.00276900922171891
0.0070531459922851415,-0.0012956887286018348
0.007313468057342018,0.0032206369785120234
0.0028914549534869586,0.0023511500957289237
0.0034956400680993815,-0.0034287099232191646
0.01308944703921271,0.004870966095028236
0.011320618484046368,0.004541877264256207
0.013205381765476452,0.007738022054280738
0.006057121214443701,-0.0019733879405762498
0.0049057460834601736,-0.0010765018899016095
0.007028142166788799,0.0026058347633036386
0.008417653057529749,0.002381435123624047
0.008264673812353983,0.004131725544823514
0.00817610934348537,0.003615497657801094
0.007814652129949043,0.00799220670458483
0.010282916972399563,0.005489710772941321
0.010397967625320945,0.004925049172472079
0.006586777830328088,0.00042468589504846693
0.005472619049494691,-0.002423150695666702
0.006909421090789259,0.004276227463765148
0.009309079423417988,0.006357881069184754
0.009330540334136404,0.006272784006056444
0.0033854769133560584,0.0015474786692278916
0.006820539146055224,0.005504263808480313
0.010980286821047791,0.007141927756392972
0.0075787762890865955,0.004889338036058531
0.00441130101019292,0.0020028850078823365
0.00693060147307548,0.003291371704130328
0.0060974026513734,0.0007753677549831653
0.005670576305612253,0.002655355131552786
0.007031701088166595,0.0032276962367490626
0.0028349041142533265,0.0007569621322822025
0.005569384926664655,-0.002906254077076552
0.003527678654705676,0.003735962889449187
0.007699606069297343,0.004302397565836592
0.00732145945176773,0.0039754221873190155
0.004310628413583685,-0.0019971053642994004
0.004069507336147044,-0.002852880170551051
0.01009376376707675,0.007339535575237208
0.006841997636919037,0.007568208319385962
0.004212301547593711,0.0024844240377086104
0.003382017663095706,0.0026819064029353825
0.007072368001623782,0.003677366545959799
0.007051990861136223,0.005474379595949559
0.014604521967557777,0.004906674657207904
0.004941211436369939,-0.0010665300532509032
0.004842043832634091,0.0024547944651841375
0.007406481213894231,0.0033092992847136475
0.009902684933045308,0.005724512735100424
0.014410999591119928,0.008147215485465889
0.006375653388166548,-3.661498800196401e-05
0.007472798110389681,0.006710462020086546
0.008796835831005004,0.0051701735454328535
0.005309720614045076,0.0017159338102548868
0.004865768943827068,-0.001043076752568919
0.007093100791191274,0.005171549037800052
0.003810473641779025,0.0011312315650824998
0.0034504912154888247,-0.0017680364720769337
0.004407871542983484,0.0013591509608316217
0.007373389216294218,0.004117371485531618
0.004530160137416867,0.0014735708676418833
0.01610703062246829,0.012557297342726847
0.007048736829798573,0.00527133968623675
0.006830670749669376,0.002530445862513206
0.006397048996053058,0.0010119341473430942
0.004770948271737265,-0.000904468043640326
0.005939298393228944,0.002300193117273786
0.007308352474351947,0.005527279397819631
0.006876925212346556,-0.00023476158102587498
0.014495141311627296,0.007789600651317826
0.0028349041142533265,0.0007569621322822025
0.007454148687660957,0.0020856196058706925
0.004433628337451853,-0.003499518191306736
0.004227230626604916,0.0011875924295177073
0.01362688920619728,0.004867176815085911
0.004513304044114591,0.0017213060347596038
0.00625214579029026,0.0032010055563967575
0.0071314330239445455,0.004647109688034019
0.006991883217409533,0.003151691695347623
0.009504714984340929,0.00871157970489531
0.0039309374012057585,0.0009252275925070615
0.00756377419168238,0.005377793198223719
0.00966877701222454,0.006591742002529192
0.004738450359364888,0.0016897641665712367
0.006794641145599055,0.002783976882166815
0.0042948260160815864,0.0022612152213949783
0.006520322724859697,0.0032031004454497053
0.007664198308471732,0.0043153896363386105
0.0030594774342834856,0.002090525740238257
0.00900935642935532,0.002574171477792252
0.00710306854204372,0.004542468612589554
0.0074192176650985635,0.0016302109098326927
0.006736769258145821,0.005015140779486248
0.009285285151489596,0.0041219334159420685
0.004810154331313457,0.005137997229332807
0.005040438903970474,0.0030106389455962067
0.008938923941792458,-0.0004592249133336824
0.013544849203714904,0.008935154135909836
0.00523111551681053,-0.0015463657895788286
0.015491061421098833,0.008013107624762546
0.005096088254385518,-0.0024066386473851533
0.0031292650805813766,0.005092879789131294
0.006158776440040196,0.002160586118656105
0.006641110369862465,0.006192425160153865
0.0069888788757110675,0.0031427760107025984
0.008057187497808975,0.004263926604701679
0.007971242692256244,0.00350722034974184
0.005690476833054885,-0.002219133529774946
0.009509402859276709,0.004151403808099875
0.006701053341978275,0.003901890833094537
0.009525744720340117,0.006003801347682108
0.005471394232920526,0.0032100407720242544
0.005737025012636483,0.0023183338898460923
0.004871970692922497,-0.003135613092138505
0.005645709554007603,0.002422287334552807
0.006870525720481663,0.0017922100633210843
0.0034621505933318357,-5.568686397714427e-05
0.004623248100388967,0.00042797808041423937
0.004402226440455537,-0.00020877518291072868
0.00851940122925878,0.003977657474698302
0.012304837413890811,0.0063944482548849765
0.011215028691018657,0.009501993613866715
0.009913486671391452,0.005146750815349882
0.008231783539970831,0.0036048688431616314
0.002708489892700389,0.0005231755210883433
0.004799677154646395,-0.0010401627557444192
0.008691031660293535,-0.00029618540173853916
0.010222200633595314,0.006181684589275406
0.005376040598941348,8.321840979720607e-05
0.009641764205125882,0.011451567095165895
0.006374470301416801,0.007583364279188438
0.010983031226844232,0.0029793072957893093
0.007216005913946049,0.0032230239804982193
0.007975529818809614,0.003574909471829052
0.007842082199409323,0.002001647633248646
0.006313211935342327,0.001954706202603339
0.00614295212471475,0.005143075862960386
0.009583120209376891,0.004461488723225699
0.0064412087031340695,0.0008178866847340033
0.0060041428517299805,0.0015956964123740938
0.009608876174976456,0.005920197562442191
0.008647026695269254,0.0032751742853148955
0.008514807426531353,-0.00022666780980884656
0.008803356136631203,0.004142160407646429
0.007899472338296222,0.004660592508501843
0.0054178323791214695,-0.002260529788796853
0.00438520164060317,0.0016284808745509827
0.007653500549555706,0.0057306294982449124
0.005033141546494983,-0.001490101235061032
0.006050543318742593,0.004042753458140978
0.0031395816561808863,-0.004313786667114605
0.015765076370399908,0.013343744087442473
0.011282166523689068,0.005801808145554438
0.005269499076360977,0.0003723398728944201
0.0035828368006437603,-0.0038838523499011342
0.007019987488393758,0.005822434025525532
0.0028271470696471807,-0.003008269749913174
0.00566641916628312,0.0034936909231202736
0.006656974389419442,0.0030351125962681316
0.004654159020862154,-0.003022409476974643
0.0060605851855100226,0.006192383026995768
0.005000138882940302,-0.0003327250183321074
0.00764912548138433,0.0021584547681599633
0.007581632541468146,0.007617504634525599
0.002221406546304077,-0.00558302779791999
0.004939205152174744,-0.0008555606647130364
0.0086561047511115,0.004517779388673672
0.012313744888371404,0.004671187279288192
0.00590616303229981,0.004735563284042566
0.007938324604745584,0.0056306747757554655
0.005799964065045549,0.0011280559698535007
0.005113784291053624,0.003816308344166207
0.005715948820879936,0.002981543411242669
0.006851582449280889,0.0018569424568518778
0.010216396131677801,0.005586879093737302
0.008001286576772699,0.0028375568602561066
0.004537826923521469,-0.0022448990862930906
0.004638545496989459,-0.001637318903649522
0.0088329519418567,0.005108274536425518
0.006798744175973285,0.002771895818910632
0.004073896269411575,0.0018956333589164823
0.005459231944532919,0.005837219539959667
0.004507585761900334,-0.001552051400991638
0.013683213226024442,0.005651688000571354
0.004832718310338575,0.0048222857146168275
0.00491968364189544,0.005433951881045091
0.007195876427347954,-0.00060733877995454
0.009859364801483911,0.006586743058951553
0.014172943399620754,0.010562263042954108
0.00771274915296198,0.004358542502830204
0.004511982758360835,-0.0016660492286590493
0.005649594268845724,0.0018909122462184708
0.004502152653043937,0.002246752097216427
0.007571385488533517,-0.0007539955028651804
0.006398452355503617,-0.001201524803019242
0.007028952535440819,0.0027325160116071926
0.0033354674546784025,0.0029085212155411672
0.0027418239462474302,-0.004629165452045362
0.00605434110489285,0.0027935304807820407
0.005054328756420372,0.005543262405145033
0.005903514198672429,0.0019122844966511805
0.006388533710555871,0.0009839992010365027
0.008718836163280341,0.003724738879139571
0.003632420842480187,0.00029778806231230484
0.009406834532283807,0.005113681268826303
0.009223964976606748,0.0037720004311551088
0.007208290684508616,0.0043967813443214435
0.008890498547864641,0.005058891826227971
0.004407216461593592,0.0006516469420695817
0.009454901493988073,0.007083872981712681
0.00701388846946004,0.0035809478131774296
0.00538819714398197,0.0017741407550440694
0.008222860276290678,0.004379883771639963
0.004803359430665294,0.0009955089917061807
0.00612746350136545,0.002850477331259476
0.006511368547420934,0.004053393433484644
0.005162465066339182,-0.0026087609073132245
0.005552619235068384,0.002078565671595465
0.008098485411193344,0.00653987207256374
0.005513230042006299,0.005122001117807116
0.004802694959021209,0.006192687574333628
0.008417554813010947,0.0036681287144255917
0.00772547130380835,0.003155814492210039
0.013820061451461705,0.00859996014322126
0.0031815873418426944,-0.00380542609006641
0.004036489513297706,0.005518226965768049
0.012554314755534111,0.00464948469567177
0.007678952369922711,0.005062218536508899
0.004267127169176776,-0.0010002562684381091
0.00752212058020885,0.005479550365531084
0.006013977141466693,-0.0006296673891527877
0.00788927528679741,0.0053101789600325765
0.008961994865494193,0.0046457941527255735
0.004236897860782541,-0.0013340457405775106
0.009722784846981174,0.0040088091157935175
0.004077429264538143,0.004350832972150355
0.00803283990890158,0.005641293798982663
0.008205097227613724,0.007234683464134157
0.0060974026513734,0.0007753677549831653
0.00733905266781032,0.004147272398822508
0.009503175720333261,0.005479140613245769
0.00585549125558434,0.0013269954574150478
0.0017518280004376538,-0.005001198212783218
0.011184102754078358,0.006196221993529446
0.002485743678925229,-0.004059237603963855
0.008930707564138406,0.004123454747113466
0.005998718655863931,-0.00046256949487586286
0.005987440203105511,0.0034018071938216867
0.006152469443248993,0.0017301421463130334
0.009247120400516855,0.005693545908981348
0.0056801338304061245,0.0046750962429213914
0.00686343298572875,0.0016416355576328529
0.006398399684778355,0.003107453617334121
0.006811933173724947,0.003103148451428764
0.007467844903550885,0.0022996910984729637
0.0020850974373137453,0.00028959514870766437
0.0044363414702412035,0.0018913965801018416
0.009927474874704231,0.005140940166333416
0.010503073411660105,0.005322601203738902
0.004783788816355644,0.004016391099782276
0.004467041265399247,0.0041723228916837425
0.003620411665860062,-0.003548278128216487
0.006528934504993509,-0.0004058747682183714
0.007665573947306466,0.0050554469177355454
0.0028349041142533265,0.0007569621322822025
0.00761564068246956,0.004925438573369729
0.008824957473746616,0.005049821075090175
0.007136076118050874,0.003261936260706186
0.003838206878242118,0.0019465796134382225
0.005136739285600574,0.0027679900946328082
0.0077708254931279554,0.0013548183493284306
0.008697936623353523,-0.00021814436722330036
0.009614341918461843,0.005646130516337717
0.0041121574843349445,0.0018662585510883312
0.01082705648829782,0.006297133441376847
0.008496405029037037,0.0030004907804854278
0.012727969439067972,0.008879227559400023
0.00321853471011661,-0.002058378192588398
0.010119026306826406,0.0020022966921872873
0.005175318234706787,-0.002580331194975201
0.007696432549224094,0.005011740750675525
0.009700156634100504,0.00670684107166435
0.01139451915587355,0.006457033739176123
0.005778172232099846,0.0028147399081988765
0.007093916823509584,0.004347469163054211
0.007087644789380877,0.0022964760695328695
0.010329112548046242,0.005912727454892205
0.011412235331566416,0.0037218423527630006
0.00589147505728691,0.0025363405372019546
0.004962065965224716,-0.0029675147421397343
0.005770991295069319,0.0056541414693785565
0.006864297690275134,0.004606657757128426
0.00522148750212607,0.0010285584992093793
0.010102554675018114,0.005584565232818013
0.008187721591319648,0.004795970092419357
0.006995309158689522,0.004046081506521314
0.013538691418347496,0.013402881737967014
0.004500663699035359,0.0023705893584800783
0.005025575833377708,-0.0014806791494968614
0.010817709769751079,0.005390482485632158
0.00661226139461254,0.0022856881310892325
0.008819062311921201,0.003230993613648571
0.00858537277728904,0.003814021102973187
0.006450100197744617,0.0010711705867493355
0.0069277014037595,0.0021261282211450768
0.006946143476142879,0.0006138633618295248
0.005669335853071562,0.004754212388366963
0.004772081774792646,0.0016346584822217805
0.0002684036027824771,-0.006089624920825712
0.0065008217466089,0.004770513598119671
0.007135907826602187,0.0031810693532993723
0.007370988440367771,0.004024535326110957
0.01165416147830196,0.007090547753204408
0.0009576782760377846,-0.005713843823438005
0.006977750206547926,0.005970940730797522
0.00848141252635717,0.008347669901192142
0.0021172914122352428,0.0029383433699217663
0.008395155915154953,0.0017770972903677004
0.007179556697306277,0.0007576648821614913
0.003500589197239336,0.0013694183961731297
0.004063311224335342,0.0008322876808049291
0.011117039420095795,0.0036740933850075395
0.0040773176019969605,0.0011915326403525049
0.005658492924081035,-0.0023370650004174032
0.006672822960085879,0.003153984167594088
0.0073156847402417145,0.0036029423282700514
0.014669673803605024,0.01010248411761084
0.010457798895264958,0.006769876938959108
0.0020850974373137453,0.00028959514870766437
0.005986877285357119,0.004423108282660334
0.009688950729834424,0.003364500791379027
0.005988736040712783,0.002746515215584712
0.005193364087043021,0.003465781700450787
0.015279379996998778,0.00820777028105463
0.0030492468577420365,0.0040068344998398136
0.00966372433636786,0.005624189663673812
0.010829020398450007,0.00712806048256228
0.004708379937088789,-0.0029522719642442775
0.004848846656780853,0.0025925681268625525
0.0043454462421087265,0.00015321362296420553
0.006061213765210063,0.0028248586034014854
0.006105445921113872,3.611358218658274e-05
0.007043882084831183,0.0020513479019176285
0.003670515726945548,5.6236910423487774e-05
0.006311064866906265,0.002368043665496143
0.00957051346316681,0.005645450209375578
0.006278266527819567,-0.000430322765791886
0.0033764256763726998,0.001333872281688176
0.007865406428157974,0.004529641750953793
0.0040570050950238575,0.00037333199069743486
0.008308915066036654,0.008755535784426087
0.006434156754399056,0.0016872809688253188
0.008276351453007223,0.001322217026702737
0.0052468333991385775,0.0015749121152070413
0.012597721742149293,0.010029283719635244
0.006361387548872343,8.597691358323313e-05
0.006941237153738478,0.002736196020697729
0.005363372755680115,0.005592243382058891
0.005268450776137653,0.002348853660821916
0.007211181450246386,0.003809680377602045
0.00804273591979388,0.004123158149125161
0.005985866454502073,0.0054227368058036044
0.005663966403986026,-0.0014490596183587418
0.005305165303425424,0.0003863702191095348
0.004334428361363345,-0.0018156480560814394
0.007814248647334415,0.005705916808057981
0.009587764819659816,0.005190506904339176
0.0009739367241047084,-0.005240076883896354
0.0041003875401668,0.0011116993210316022
0.007899472338296222,0.004660592508501843
0.01661393341160846,0.009785042529412967
0.007645395122429909,0.0049257668973666825
0.006212075889918245,0.0017054659992468534
0.007894286184260843,0.0047548405532626325
0.006129722651539103,0.003622385898781043
0.00729258394151006,0.0031239650889082213
0.004785618515222608,0.0009409905284012664
0.005761381135233747,0.0031812538592740636
0.007910318203823073,0.004155846664826672
0.004925185006711819,0.00276031788075274
0.00751965530879829,0.004205017140222929
0.005892118784626145,0.00450715659832159
0.005343474776269074,-7.443332757283826e-05
0.007865406428157974,0.004529641750953793
0.007586963684402103,0.0038547535369307336
0.005594043040346479,0.007365337976138181
0.01044380448975126,0.004057596821832045
0.0035266757320416044,-0.001718838547593477
0.006320200122999517,0.00232454888492601
0.011215755045820286,0.006920793581685343
0.006778073386660869,0.00509200104374522
0.0064887780940378215,0.005367500776681329
0.006140431150035767,-0.0014245341855126763
0.005280356947764879,0.00012465047312289288
0.00666457429743409,0.002553943147062047
0.0065211491219090666,0.00328469831255372
0.006565548977446762,0.0016413045809639659
0.006246056220713514,0.003086771235803933
0.006438375753679857,0.0022944041832878544
0.004430770934450268,0.0009210899523282301
0.005583565926142824,0.004832264114487107
0.006926044740437527,0.006773150668285966
0.004794617317300985,-0.0011991472966299162
0.009158048304953873,0.004683404664316141
0.0062011455992122535,0.005492989205142605
0.004762336758989253,0.0022094689898145376
0.005729159116778989,0.00024096439886275422
0.007518441922266603,0.0030565558254739894
0.0027769087487341144,-0.003723230198179198
0.006222867737005962,0.0030647453357619788
0.005352285522085065,0.005781897966876718
0.004497607347483475,-0.0034401536496337813
0.00868578497851116,0.007462916998895939
0.002207195816537796,-0.0029541934170466107
0.005390169805278418,0.0027600061354566873
0.009046047884488663,0.005121553992562278
0.009042609734137211,0.002435727056319092
0.005495448590064975,0.002458531823725299
0.0028710080139825525,0.0030580282754719395
0.006652385008423989,0.00526857769181136
0.005760010358670714,0.003267103343950197
0.005481895039243638,0.005315936557417076
0.0027777618837790726,0.0007682310581829613
0.006794646498057282,0.0014034563666966557
0.006996993959210975,0.003968866437520676
0.007802855494275618,0.008381401467783338
0.006337218847841407,0.0029041083918893446
0.006745883509025178,0.003103917897901336
0.0074414830661123435,0.0026445868081157488
0.002239020170435436,-0.005078839205745513
0.01053557398541163,0.007994481821296301
0.005978084658121481,0.003678062497942749
0.005318775652528476,0.0018045887081856822
0.005518167460142388,0.004607625647388589
0.015396572836084053,0.006137936977307371
0.0071727792648328004,0.005427311196258784
0.004024505733362226,0.0016836483944742157
0.007825458884668717,0.0032548717929982212
0.0069419150879119415,0.001151385839004225
0.007927865502673194,0.007037419476028426
0.005743682500979287,0.0013959046003157952
0.006429558578551171,0.004580764073111306
0.004401937341462018,0.0022733466071275348
0.009688565884766477,0.005589664064743734
0.005161012127923914,2.8583330351126222e-05
0.006036699763988346,0.0025736795347043734
0.005583489606858552,0.0011873865956328446
0.0064968781325222096,0.0015970744554745248
0.004253873168319504,-0.0020224204774474805
0.007032294271258419,0.0009041844724175336
0.006268088176608792,0.003129252318695399
0.0037723269893046515,0.0014697594440173274
0.008033131968833773,0.004070136775091018
0.00622620716033865,0.0037966927675755213
0.008344291017029885,0.0038644556757909967
0.007866021600001062,0.0017690237906008849
0.00561394550290368,0.00559860220987191
0.0019272027618689094,-0.004815461903404955
0.0071347785406202305,-0.0022328356492367883
0.01414613818391517,0.008943907914884546
0.005977386295202801,-0.0008120158001951681
0.005344960596930977,0.002698700929445244
0.0069700301818663895,0.0009136288426312214
0.005637639714932825,-0.0008720302548571434
0.0064481117894155116,0.001679693095028972
0.00590196483400733,0.0018862781319715725
0.006461834952314865,0.002138876931429155
0.0056185929236935205,-0.0007385714850960774
0.007665272582053293,0.0008784775818579098
0.003948042796076622,-0.0011718691369314973
0.004970315234230384,0.002296610723953335
0.004420490096016468,0.0023119701756302586
0.01005330664038298,0.005749044821189055
0.007723191120383095,0.0031751015463399486
0.008425420113331625,0.002985502770893104
0.004430538684682108,0.005760995926638183
0.0077767087355675776,0.006166799428304157
0.00493158390337414,0.0022008015228552587
0.004470682062144552,-1.4990310996136277e-05
0.008973480788489547,0.0037310352160507317
0.009649849020655524,0.007162068240265008
0.006130323004193106,0.0026330262846866823
0.0005769344791291733,-0.006156279479829919
0.006429915313109589,0.004009891705289173
0.01284210725591611,0.010646634358000187
0.006963477016460504,0.005075189448350066
0.011301558595817659,0.008161386624614015
0.010325382725309872,0.006953861744441795
0.0058014607556894845,0.0019128714576858337
0.005198457051847285,-0.0006084926831261897
0.008598090565928616,0.008460145918179725
0.004520352802969926,0.0005453823428724532
0.006407687669176717,0.0023929540931055667
0.004987264080205512,0.005678470758300502
0.008005187262336887,0.004864921245315853
0.0038438918959529085,0.002835241422752411
0.0037226777468060976,0.0022576795799204063
0.007780248091522185,0.005069008965405489
0.008760985696545508,0.007675045123436831
0.010221016377511136,0.007195164199943925
0.00856129643968534,0.004637080210211973
0.006544061189748393,0.0029996663462255827
0.005729269540856396,0.0022794989881633866
0.005488154338973279,0.0033715616182377122
0.0034772743927374795,0.000444969106258292
0.004209057829523729,0.0030090761597525795
0.004739831655590476,-0.00130313139481039
0.005303633878684274,0.0031525899114476326
0.00424602873760113,0.005153946491179274
0.006025838922677005,0.0035693596803546244
0.007979146339218892,0.003973140200647604
0.015440424685259654,0.010469897929419244
0.008115211818238136,0.0041918356999843375
0.004402206026525607,-0.0030335096234532302
0.0054331223208926634,0.0007587304895753585
0.006021913305699226,0.001513863658438662
0.0011108372049577955,-0.005585211460828832
0.006202780795695882,0.001678298248955398
0.009605469439828634,0.004021866473970853
0.0025760470148189062,-0.00031577524988879967
0.0036271836297195655,-0.0028417318698782685
0.0037058860900338244,0.00431915404808491
0.008164328444554525,0.0035371910851239104
0.005301286855922499,0.0016557934107140565
0.005966317134816067,-0.0018787547665073704
0.01215763428350062,0.010809943332461193
0.004067311431044763,-0.001130025593670085
0.005667791351692019,0.002320142139869282
0.003978420343762782,-0.00323410412572331
0.014343332876186068,0.010749950485763556
0.002322976143343397,-0.00510424127690148
0.00715285271254508,0.005935575996804879
0.005379719223991777,0.0008379347566507015
0.00803179381917641,0.005570428983197891
0.005117541913446246,0.002119641012492815
0.007447865473617307,0.004168959280158405
0.005398125807507573,0.0005881278121215548
0.0082990442694365,0.003622042006879128
0.0070751524045131325,0.0032722734010497026
0.007355221446166661,-0.0010646307671125874
0.0042798423787401545,0.00149498383099357
0.018754389484791318,0.014422120445664936
0.007231707915739799,0.005277831308197499
0.006174354987042987,0.0018227357279397985
0.008408953039457507,0.0036313845402816897
0.009019474291571482,0.005610125281422384
0.007939048835519342,0.0021981392345618396
0.005179018653908538,0.0029412785646141587
0.00566731086434041,0.002028403060875523
0.012810338492596685,0.006522953020794331
0.005593895131529303,0.00039985934392401754
0.0068315284099280576,0.0022626408625249722
0.007267830566059878,0.0025444566822881423
0.007739826494089885,0.00512767842566011
0.00622670933556789,0.0012114766895641067
0.0029757095706208717,-0.004820653423574794
0.007310639213727747,0.0053020069589534815
0.004710272746450708,-0.002403286273299693
0.006756806933454056,-0.0012282292676370835
0.0048723549233068335,0.002255007626994261
0.007395313993414242,0.005289416254602186
0.0055985025451881516,0.0021380980558391577
0.004719689823543573,-0.0028955462118077325
0.005911607097997212,0.0044700836464898995
0.009807206318213654,0.005616232001287908
0.010206908296265253,0.0041865478018699095
0.007340625420962445,0.004471240603086082
0.007939008426885101,0.0034814151183243406
0.009122064341849577,0.003103366350380124
0.007806250987542798,0.0042084777858203935
0.004470884489649408,0.0016765322158584983
0.004203195934869053,0.0016818781295364843
0.006745744888982169,0.0011024466531870834
0.0015222914272903527,-0.004780915077634415
0.006981229768733128,-0.0011186202303265416
0.009088819232471453,0.004537419659109316
0.013206878798411991,0.010508426960859574
0.007350050105672753,0.005577565748324613
0.005934495775355724,0.0018106774235821868
0.0053545239800022815,0.001459722971857075
0.004505197836267207,0.0017651753584236977
0.006868990362522491,0.003216256690729866
0.005749987210859201,0.0023215235152321545
0.005939916864131937,0.0016686430714254168
0.005320702243494591,0.0016741330171533668
0.003016164336879094,-0.004072141852208454
0.0066833912367119,0.0038946504633233115
0.010827903932055197,0.00654565987378245
0.005385111172339413,0.005285380754245993
0.011472609849259418,0.00837290354762122
0.004924925142821993,0.000916889065968666
0.009706772343549957,0.005623384550094555
0.008967416775882007,0.0023460128996031226
0.006721904591338521,0.005251972576236982
0.009587764819659816,0.005190506904339176
0.005274541046561587,0.0009359937676336784
0.006623799707801347,0.0028909268308685027
0.009380039883918927,0.007425332225439339
0.007040269619127229,0.005226709272181438
0.00496924591168311,0.00551432535775594
0.0034707344782515023,-9.384729095585596e-05
0.011334940261749745,0.006231527653081851
0.0057700571545489625,-0.0008107539363931627
0.004178759127719462,-0.003842726381107349
0.009045367947613157,0.0038003762286343925
0.005844766563086353,-0.0026099684096454884
0.007329623948425526,0.00517682727265251
0.006687394799798528,0.00043524862172145823
0.01179256539566094,0.0064923764594028415
0.008731735011524161,0.003815367132449802
0.008125459146447076,0.008177698083171071
0.006593847819760834,0.006493567790620082
0.0076874052577540946,0.003663697400513433
0.008564296455242999,0.0022696005697125437
0.007961642180454892,0.005417959822713516
0.005302771402189436,0.0016038809442724573
0.006332863377978975,0.0029939562902653013
0.010311912519058377,0.005379463134105082
0.008884336809610675,0.0019706588223798067
0.007372150411100969,0.007162281037625212
0.005378479786094899,0.0026452872678197773
0.017150046343678955,0.012975348752670035
0.0061810058861392625,0.006152636294025994
0.006570172495156518,0.002063769332231607
0.004723742330016751,-0.0033658033931251623
0.007520332190725172,0.0060271756820605244
0.009225076775180233,0.0040847796709122626
0.006211534575533347,0.0015806203078952688
0.009420292890295476,0.007192240276222438
0.008263647388619184,0.0036601283284160855
0.005542007727569087,0.0026356484844265145
0.011256325122327975,0.00523862807408108
0.010465757531540176,0.0032584115236661037
0.0066208937989309605,0.0032190159914905463
0.004344174561835012,0.0010800634599171782
0.004236602394201814,0.002062547708992497
0.0074266425226492475,0.008200379627587497
0.006907789272819398,0.004684682797776214
0.0057155138872468725,0.002294520046104356
0.0036748435521453543,-0.0009104740660931393
0.004976644872226289,0.001910869457988659
0.01077450644847729,0.010548342912570612
0.006393869451409265,0.0024123186316091358
0.0043604620008429705,-0.002515011451901911
0.007152604031345452,0.007814482412097224
0.007072825294308351,0.0049910386690816795
0.0102400240161694,0.009673383379867947
0.0049773081137107125,0.002001273284625767
0.004241328591122747,-0.002171833972618018
0.004590170430186355,-0.0009717884597799688
0.00460278644128149,-0.0032717193226786227
0.006870823430878382,0.0025904599937964573
0.007102871249780795,0.0021636512057893144
0.007345445612169587,0.0020506359969196513
0.004543620055631477,-0.0012935897148209242
0.006113984215518304,-0.0022052930129046987
0.008199767827094799,0.006323782703569713
0.0049618589513389915,-0.000687219363523851
0.0037905308145455884,0.00229405846467511
0.003231577940083859,-0.0020679794725911044
0.005617585937494,0.002697930794038626
0.00573177718872374,0.0023634819903758583
0.008407768486511083,0.003720623197566658
0.00680670213523253,0.003069818132357165
0.006849217692627926,0.005624424832941227
0.010331382312735064,0.009013230069682764
0.005196355989533875,-0.0003949647061661631
0.006134328897547826,0.000757631635280997
0.005977386295202801,-0.0008120158001951681
0.008490719988834241,0.0016802229568419922
0.011130683209212774,0.008737391051942284
0.004161278682930455,0.002563633471462914
0.008123170437885147,0.005016596632834034
0.006512513167411714,0.0034089323637127023
0.010323499620855537,0.0063172170788308455
0.007589254516663318,0.0038817289677636037
0.011090190451948902,0.00542629255984696
0.005840729423694796,0.0005290550460062046
0.012331632644583057,0.004818097141848709
0.006091029108160005,-0.0022902961281686994
0.005670576305612253,0.002655355131552786
0.005357861314073854,0.0023396291787375467
0.009981133416564715,0.00628569138450784
0.005333375472162214,0.0019451542208602651
0.005362683288436007,0.00041477817039596836
0.012545999191900914,0.009745428678618016
0.009369860137140201,0.007134163969404958
0.006787722550847948,0.0017603066294873161
0.004999899291268472,0.0023848473182192936
0.011948504351862786,0.009596682627262584
0.0028710080139825525,0.0030580282754719395
0.005967926674848146,0.0027678940818082476
0.006006548344488136,-0.001474534940114314
0.011542871461972071,0.00716865992166637
0.006887465994224242,0.0011996089539460927
0.009447056176911604,0.0035931401757422405
0.0076828390294730094,0.0051191184907500055
0.00956339132796734,0.00528351652414761
0.008045401626003016,0.0038823559591785683
0.01773675798445552,0.014677415829204243
0.00794260082845575,0.0049837633408819845
0.014676839180325139,0.011116763385230186
0.002588634186152841,-0.004793373771469902
0.0032772257520040284,-0.0004852615159904889
0.009407328049796418,0.004695961454115778
0.00761564068246956,0.004925438573369729
0.0042798423787401545,0.00149498383099357
0.0035207231873611005,-0.0016173564097140677
0.004845362811115637,-0.0009798580375583055
0.009560986349549355,0.005264392153122538
0.005752816572519283,-0.002175873023457735
0.008740460171306254,0.0037294120648288884
0.0035828368006437603,-0.0038838523499011342
0.004325571557927609,-0.001711725700651979
0.005020493145325296,0.0025375670097361087
0.009019416886243326,0.007587377286127416
0.008388794366942936,0.00412114789564206
0.0058799895789255555,0.004911895866142369
0.007855089351466792,0.008309688699372332
0.006885187795277804,0.005345957377441514
0.0038168743799520356,0.001370393366332513
0.005474035443011862,0.0016750657691894048
0.005300905187886123,-0.0033838427141242387
0.005739746790282564,0.00413754731875211
0.008048405967701483,0.0038912716438235947
0.01001378630581817,0.0062311460659182204
0.004415781090873268,0.006587975585747268
0.0047205450626252535,0.002485076682027217
0.00800349877212362,0.003504944590925713
0.004120372955600222,0.0037744072552798784
0.012013728299767407,0.009223257518516744
0.0070213793025393646,0.005324957206290849
0.009099430671059576,0.005718089483162023
0.005507764415711528,0.0006417081828178333
0.011938211568545819,0.006660344592678533
0.007599888746059533,0.004923132663936113
0.005359276929638187,0.0013008690183613485
0.0069671718912668375,0.0069411354771510975
0.008176453904275797,0.004428658280557798
0.006193007560017797,0.002508781362335926
0.007220706703921366,0.005534013858232529
0.007074794403262873,0.0026621917801874133
0.005071239502359109,-0.00042508033176257357
0.005502783699673356,0.0021761806398522196
0.009227645943357626,0.00835927599919367
0.004832718310338575,0.0048222857146168275
-0.0003256125168684485,-0.006941960116199035
0.0053137279363771415,-0.002875227479066684
0.005488715708434148,-0.0009616972897834994
0.013364776536678053,0.009702289493180732
0.004911160012383849,0.002316186449219661
0.01055382248606126,0.008817911292998441
0.005336846460595533,0.0017890257211077946
0.007248179377718525,0.007396651054039843
0.0052489129254530715,-0.0014517044143804022
0.006636028262587864,0.003492123325040802
0.008687235354983964,0.0016335619893910738
0.005529491342076078,0.006297168017166783
0.006929610035342836,0.0002282458598961718
0.010872231018913181,0.007395237291932243
0.010145124280490766,0.005814515968308716
0.006945514973559365,0.0024920797884750417
0.005451640740648413,0.002364262212061796
0.014167103253878766,0.0051120045366904
0.006995199040230205,0.003434861331131236
0.007662375614513841,0.005567565082289102
0.003026484733969376,0.0018055321454312923
0.013986627267561235,0.010161089116267733
0.003722858139096827,-0.003525993913141445
0.004885296209708589,0.0022478984243872995
0.0054413139679637896,0.000572087203137236
0.007971242692256244,0.00350722034974184
0.0038827196020205807,0.00019819118685891757
0.012293403888312035,0.00423881418599523
0.006142404808448624,0.0035223708810866007
0.015870951136797602,0.009391194031655947
0.005879168088301383,0.0014638950964449204
0.0156425029676491,0.008968943123066472
0.0037755303586875424,-0.00354967057641227
0.007566811479384301,0.003413611753585245
0.00565164729925635,0.0017989211331566161
0.008293174964118657,0.007316771000975615
0.004008413756802462,-0.0028610538365953526
0.0016785964494970725,-0.00013067001198787884
0.004735658471009407,0.0017578292773715153
0.005656884627906267,0.0021839205197124916
0.009282484658886366,0.006550016023210113
0.01562459377921975,0.011964595168768733
0.005719904584378676,0.00543502092413031
0.008735305361099947,0.0017937344305936544
0.007015153571841828,0.0053583995477532705
0.006830351163497895,0.003302962360103149
0.008942237479060465,0.0035131531707463196
0.012629138319579352,0.0040230994459507195
0.0014458864200109604,-0.0053033663275713315
0.006092742083496616,0.005302117410450301
0.008848558722536991,0.007606040639669886
0.006820539146055224,0.005504263808480313
0.0035006094059949165,-0.0016515335920572558
0.0045078305084311175,-0.0009375806970623405
-0.00018278261670592703,-0.007238560273749732
-0.0007701264031069171,-0.006995833224222433
0.009692302829533015,0.006119144952711892
0.005752590257119408,0.0037449899249050083
0.011978045691295219,0.004430013671341841
0.00718222254599515,0.0007751191285859113
0.006423469217202554,0.0031601886337776688
0.007836862374068105,-0.0010499254013395286
0.0033828226313833663,-0.003880851214992107
0.00499451865016866,-0.003233819556797503
0.004654606336939451,-0.00097095580831668
0.007381416269027349,0.00697191997037745
0.011057955297894415,0.005200228591266924
0.005191526745974375,0.0025894468525556524
0.007032993970970751,0.0014531906826692883
0.011922361125838037,0.0042313069489949146
0.001690544052989032,-0.004796577972183449
0.006210579862243291,0.005440923513933831
0.00519126393849166,0.00121753016928726
0.0157573373529426,0.011025111984024207
0.005284990205126684,0.0016142819276352355
0.005418850601657217,0.0018110107084914296
0.006791068216123592,-0.0006279376586184665
0.00490169003623395,-0.002809126149451502
0.0033673495082961937,-0.0036957061394861847
0.007095500708428652,0.005413091186373165
0.004044966031030562,0.005466443244121096
0.00518894349016462,0.0038435422139714067
0.0042673693382043725,-0.0021868851813882286
0.009614341918461843,0.005646130516337717
0.00624442507973847,0.003011928876362243
0.005085070455518212,0.0009755263561671522
0.00829094629654803,0.007275186639393213
0.01592292316963217,0.010382677823307495
0.004672277862164441,-0.0017437366229904432
0.005844766622602009,0.007131128345684705
0.006771289247179423,0.0031141423054586717
0.007753147103856924,0.008632243354464279
0.004615266198020265,-0.001029135978237841
0.004852091181340877,-0.0004947091411431886
0.010050747442324124,0.006827123647597178
0.0060665867004435015,0.002526300286837993
0.011080787366962991,0.004679300508718085
0.004575552717995937,0.0021086610089277955
0.010151239126348776,0.004242440823557092
0.00605445360357504,0.001324565804664217
0.007747194896266461,0.006249540073354164
0.008301332075995819,0.007070616380118325
0.014088230808601044,0.011010797034980471
0.008150660652087818,0.006953654596498736
0.007078035205993183,0.0033991647361182797
0.008540958456123892,0.004140017541412817
0.005044599700412845,0.002638920131729971
0.006318210019989916,0.0018454765421876658
0.018544752197477275,0.01415681816740809
0.007307095707872598,0.0020506755816822276
0.009046047884488663,0.005121553992562278
0.0038842877338297315,-0.0032439344579094347
0.009162102270245824,0.006370667783939084
0.010186251868404682,0.00492010679502906
0.0054448719812103,0.00231475854964375
0.012219798413418248,0.007407361796715372
0.004405118818335132,0.0014751364703106066
0.0025482433233931564,-0.003988030217341219
0.009357463546639386,0.0057168599730253135
0.0060253626294037065,0.0027722812492353413
0.007696432549224094,0.005011740750675525
0.007077522842083524,0.002407873518914393
0.00836163715129663,0.0036885791750128406
0.0036008926954234233,0.001637435532521948
0.005725466518238404,0.00039489031971696054
0.0038164266513946096,0.0004451456795095451
0.014878466520992322,0.009402564618345164
0.015095062138882103,0.009568174093688955
0.006004397496156551,0.00040858749110611343
-0.0002501238942339626,-0.005781525706743496
0.011677860561078513,0.005400659889476271
0.005264840006571956,0.0007560670845737777
