1,2
0.005858824115247732,0.002170985771649165
0.008654690567908924,0.0018114972444044095
0.0076187691462648,0.001741512175672622
0.0037457207091661166,0.0064580529418363725
0.0055407510882062765,0.003046972476784913
0.007483347851174596,-6.4462715737706455e-06
0.006813464537410257,0.004809130121969107
0.008036271382888649,0.004732500892490693
0.007018670330066741,0.0033458179733903953
0.0042835235315443745,0.007545192893285538
0.008992440934044964,0.0014202138910985153
0.007725052307814109,0.0019902198478873607
0.006069119536634749,0.001250929991218742
0.006726554624044178,0.004208693907434781
0.010620077590404533,0.004994474052333091
0.006923432973921096,0.004752812732342514
0.009079519180916202,0.0014562977541624673
0.005944608797692593,0.0024598549018948115
0.002448246851888618,0.0006912638782931866
0.004223739657358442,0.0009178070613371581
0.009035305293637084,0.0023988846621020186
0.008973573753013005,0.0019299217577715098
0.0041435437608024536,0.008239943388132175
0.009932273656506611,0.001680561807525737
0.007806432102784019,0.002306166119846899
0.00837341230082656,0.0013426403538127872
0.007947078358464876,0.002988238929186442
0.010359054812549725,0.004467245930240532
0.006425713997559374,0.0009709721414976006
0.0035021251517227195,0.004472301980323001
0.005703549160216083,0.003641892177843436
0.007147503959490341,0.0019322509955051496
0.007264068400226496,0.00021379780312144603
0.0026125469345999585,0.006174893522984646
0.006146419794189433,0.0011821325299509675
0.001779725667845915,0.0037517807376218123
0.009202443038460476,0.001839367607160424
0.009017498655244654,0.001844485200234329
0.009520910979064613,0.0015526816515992192
0.006694930119787532,0.002084810475325412
0.006656266189372817,-0.0005138268233090045
0.00895283634546612,0.0018304731305506762
0.009874086522907458,0.0013648451056178313
0.0035006942099463046,0.006477188431778256
0.0048190731213705726,0.0035057534543226744
0.0071295196367698686,0.0013747588130026585
0.008431422585112678,0.0025971893391227062
0.00864860545383106,0.002919281625042884
0.0069664199849969344,0.004821931317134324
0.005508222885839446,0.002535461170203324
0.007843377407737951,0.003099272830317381
0.012940388947809613,0.008003310056503647
0.005987507272259674,0.0015559878298423303
0.0029231345856916254,0.004539701801595858
3.3789892587221364e-05,0.0014378435367574894
0.007294496293192508,0.001362989964295896
0.00747773341220509,0.0017438506561374863
0.004727265346744467,0.006165611062028123
0.0071974466369830944,0.0035702377991937134
0.007067340995265033,0.002183982132414967
0.008109110474536598,0.005538521607542264
0.005689274276860833,0.003015189660081518
0.00948447540983538,0.0017978670272557774
0.008497955779760967,0.003152674351034445
0.009421974539489411,0.0014450355059692967
0.005828795212659608,0.004423275676132996
0.009727061627027352,0.0032007933310666007
0.009388961793914581,0.0016044931339290192
0.007824204960794695,0.004424333844851616
0.010032221173250196,0.0022410402917616102
0.003032887057808729,0.0045152599740368405
0.005584502097600773,0.004254030138892919
0.007327935722348173,0.0017339049909300434
0.007398573104653234,0.0006518478708746108
0.0068168842619420935,-8.772510802442131e-05
0.009325985356019459,0.002676499398453807
0.00908312221899623,0.0016999591726878215
0.007724810701692277,0.0037840725738058105
0.006311007654750723,0.0040455395486359725
0.009106979272146189,0.0009412027329965059
0.009373123059095358,0.0012695828183089094
0.009199999423584059,0.001498212016303349
0.009627301135426551,0.0015229728970722316
0.006294482309606287,0.0022521182435869813
0.010245949920479575,0.004092127969490913
0.002766717447762918,0.005688936724991726
0.007804627449602416,0.002075258655447345
0.008963511120389454,0.0031480192929767767
0.006320416699954621,0.004047995540110018
0.005276068793011601,0.006361639862698781
0.0071909159398524675,0.0014356652852631612
0.008823142290279792,0.003517689235172425
0.004076933353879733,0.005053537989764711
0.005568175413507542,0.002079982896560426
0.006519797226223514,0.00496601242127856
0.004177936110855197,0.0066749235897875184
0.006007297335748191,0.0023918283144943424
0.008921744646614983,0.0009842443695380594
0.005290192829127827,0.0013542371145214907
0.0037457207091661166,0.0064580529418363725
0.006401856749107565,0.003992458523953904
0.007419089544630823,0.0013991611112198353
0.007745957541849601,0.00225400933354322
0.005432606186020165,0.0021466883492668514
0.00918459243438214,0.002332229303300018
0.00395000522893019,0.0052730353128726554
0.00502859675302259,0.0029424314046202623
0.0024129651059729565,0.0022390492332760937
0.006091862008985439,0.004501632166399911
0.0036981602882676474,0.004014235513127669
0.008856255582527991,0.002042551175334145
0.006577461108229524,0.005291900613513608
0.009142817139796897,0.010513568717258698
0.008558714623597637,0.0029336306285012576
0.007714599260503146,0.0003972500712099338
0.004704566661494227,0.005071870346623319
0.007274386412698345,0.0014356117171000111
0.008193026426763082,0.0020096519868754307
0.007865850168132993,0.0026287317517869994
0.00711208596207241,0.0020435028792656247
0.007886002794224481,0.002352360012031131
0.005820467005630109,0.004059843163437157
0.007985721753592696,0.0013434744169501392
0.009480933627980996,0.0047195039341171394
0.00771123840649455,0.003881377378535186
0.006076193950644429,0.0030678457505618232
0.004162753688634422,0.005594132823839863
0.006189165264731559,0.0019112234401534945
0.009194429142724891,0.0028140780952395144
0.0031738756015116483,0.004989946022133988
0.008350957691340841,0.0027216253829691313
0.008750922673289658,0.0020691458142521662
0.0020145825047874306,-0.0004979085119313749
0.009494578635334866,0.0051170680213910025
0.0016022717195134008,0.010081044196526348
0.00456532634535888,0.005060021881377788
0.00903169275503989,0.0017221302014302038
0.009288579859772814,0.0020861754810792563
0.008541612687395273,0.0016962614839304809
0.008307774758448197,0.002618580128469279
0.007806552719964366,0.0034630710196703928
0.009789754709295957,0.0013595175848222368
0.007066569669028541,-0.00026070014198804024
0.006280134944304752,0.004735164767807417
0.005339861416986443,0.0042643090779232
0.008713555528017175,0.003388500230021454
0.0075584953284265075,0.002328906947828277
0.008159884425593058,0.009085255476515527
0.00923981371213628,0.0019259154122011615
0.00700590416920484,0.005805756376176514
0.00921046890481915,0.0016715154073708369
0.006566446977402986,0.0027075303877015207
0.008970567730654187,0.0014993203465512271
0.009264266107029935,0.0015375016560633566
0.006156466353113602,0.004566012341212366
0.009951248569719882,0.001761947909596895
0.008609225834749323,0.00208017674673779
0.004391969519008322,0.005334777072638716
0.003979188178856655,0.006311432989115176
0.00797965870263288,0.002409217980848306
0.002848632008731625,0.005143284620840682
0.008339665019693465,0.004062428597519898
0.0064950806172657275,0.0016740338922283885
0.009173728604683108,0.002090214684390303
0.009480933627980996,0.0047195039341171394
0.005069036928316475,0.012728087939294806
0.006263580765377506,0.004067127897951616
0.00897424723367692,0.0009975728239118836
0.005008594323134761,0.0011076118522276692
0.006032030609456443,0.004936577294797769
0.006975610866688496,0.0024151194353678497
0.006615440526624984,0.003573122746863334
0.005802694662410638,0.004510868552391799
0.0028104916140623453,0.004744359261156306
0.004136838292908274,0.007263145997929921
0.005077791479099656,0.006072942117241423
0.009203140679542803,0.0014638061952333137
0.006848869625691268,0.009400092613263657
0.00724446431015415,0.0023307984798625605
0.006513304879017705,0.0008007052510881733
0.005137176769146124,0.0022997882933494217
0.007578233127715575,0.002036740606078058
0.006650598066509016,0.003368871572863269
0.003308832487019582,0.00615088033658725
0.010459227553841327,0.004547140467986785
0.007440820938781526,0.0014326547976075679
0.00914375442050818,0.005763299593646015
0.005572052559726533,0.0042687240156693545
0.008526934120504362,0.0015320080104713057
0.005690715192847704,0.0019967422269508914
0.008972061039188465,0.002475194459219977
0.007868418766837172,0.0021301671300125993
0.008960472957238941,0.0022207603249581953
0.009452223248056701,0.0019631191146515384
0.007142336687111334,0.0032417487855321576
0.008290034932048112,0.0017280522054393694
0.006099744015414269,0.0021584582362822536
0.0072236599884873045,0.005193466949617892
0.00935436144008427,0.002021940793875062
0.0029738399725131297,0.005682073166456145
0.008213151378899698,0.003249123960758905
0.008091060903287374,0.0017884931384047082
0.008374622427295492,0.0037747486067460497
0.009878888394136344,0.001864411815680301
0.009899518554002534,0.0019523630658128096
0.006488808778640831,5.518889877995439e-06
0.004522898958973299,0.007629087601557283
0.007737570688241347,0.002044284929303173
0.006884694333708042,0.002137061330737677
0.00876874402391449,0.0021744663137131214
0.007642029006233154,0.00224927896974702
0.0075758097304290326,0.0021201513239920743
0.009347217755047793,0.0016450940338476718
0.007085491025927985,0.0028815676878777285
0.005974260755303438,-0.0006656727789051886
0.008855679005331917,0.0024292906163667395
0.009527082188878353,0.0015867339158045345
0.007806432102784019,0.002306166119846899
0.007678882579906616,0.0022389616437932854
0.009285598583585235,0.0019119491710881094
0.002766717447762918,0.005688936724991726
0.0031656345258212525,0.006480050651333038
0.012679707903829586,0.0051978271453223006
0.008431509682189215,0.001663013922700865
0.004173208743798242,0.0025525853660199422
0.009076151731480374,0.002712360535374811
0.008482128902903755,0.0014820354805362718
0.008987933583011292,0.002453170237381501
0.0014966255279037438,0.006084184734577652
0.0069776150406536935,0.0022682259841907675
0.01011275982568117,0.0028662185788341146
0.009088204440815784,0.0015222627814169346
0.00842936472182534,0.002416247958808672
0.00925106150057873,0.0025040123774962147
0.003041044759778049,0.0058925939901813785
0.004784572094731542,0.0056271461222537735
0.00914131651438364,0.002237988303792581
0.008590769360907177,0.0009337414783783292
0.007715341311003394,0.0017234611174768884
0.008795117532825377,0.0015335458224177614
0.004629085341740585,0.01225021390952865
0.007463322426080295,0.0037006911226538323
0.006265262182121438,0.0035943253364515704
0.00196581862995401,0.004942108222540743
0.00948583155620752,0.0014575924205725843
0.0077580326019292085,0.0029106763083698115
0.0008152641104104807,-0.0010074524868051203
0.0036638917733910767,0.0035193201481821907
0.0035762009137536915,0.0063187130088559655
0.0063118070294090264,0.001557913333747332
0.009820051160531201,0.0015695936080725899
0.0061283470813395646,0.0024553104473193548
0.008740860185330778,0.001330341151888543
0.01012823625755617,0.00508198059154892
0.004727265346744467,0.006165611062028123
0.005918546029854149,0.004854704437592682
0.0069677183211549094,0.002027584637492561
0.007008141769952559,6.0112732009152264e-06
0.009048079149047903,0.003031863209221713
0.005565122387065165,0.003757855883596983
0.007252101070742656,0.0023541327594227028
0.008444762981322775,0.00241283161534909
0.00990864328048243,0.00436209198945372
0.008961019080491217,0.002725490144272766
0.00196581862995401,0.004942108222540743
0.006909684893042307,0.002208551287702366
0.008981574566572306,0.0063030893757012926
0.008734561333488836,0.0024695365359792077
0.006843254193725905,0.004395318378877522
0.009274662190457056,0.0012297719616021973
0.007843345355063557,0.0017802590108350978
0.006399307624513264,0.001658622640029632
0.005210874462191775,0.005731480192257251
0.009304214709552883,0.005624078331192228
0.009397307549732014,0.0014132207635225548
0.009379617262197527,0.0018284969426778756
0.0062053113736008775,0.00033522857694718786
0.0070414491261712245,0.0003594355911440729
0.005038390838521055,0.0018219283846464835
0.006410136333075094,0.0027364291148941674
0.008251155675708947,0.004396182194372951
0.009181993059082294,0.001610625829150547
0.0058378124416652915,0.001773343821793412
0.0023876441557961047,7.898933587004772e-05
0.00460566479233004,0.005868921099804956
0.00652587492177454,0.0013341167205113006
0.007569846617606667,0.0014706794326296811
0.009141384971681935,0.0014294206962638424
0.008018556736369841,0.002328979864552065
0.008498257562757076,0.0021780707296929777
0.009792573727924133,0.0013879039473270764
0.0064614946271627964,0.0019622208180249826
0.006515457589844948,0.0039640810573155945
0.00196581862995401,0.004942108222540743
0.0042835235315443745,0.007545192893285538
0.006365944492205174,0.004556926780052867
0.0035628524923194934,0.006066495133476219
0.0025783170922560163,0.004188151587465474
0.006968807849267654,0.001709527745094263
0.00854904886222959,0.0020859772524014384
0.001983068376729945,-0.000479531643531224
0.005587524591746735,0.006501997471353466
0.0032196172909799486,0.005526965650316083
0.0037056898015470447,0.0011686757779483066
0.010099073282035593,0.00400513804113091
0.006619972265178468,0.0013358791055209963
0.0060266051443225626,0.0037907054883270603
0.005176934642041437,0.0021901706018335482
0.008816385243501354,0.0022245870846170305
0.000836297475084449,0.0014323320367219256
0.00781531371564259,0.0023540293393751414
0.006539128950040864,0.005439112304358187
0.008103588586801288,0.0020398802506906306
0.008086112629227173,0.0011041658844604353
-0.0005698321770116754,0.001717315490260286
0.009210186238440957,0.002158794240855952
0.009177034055189472,0.00236998832009114
0.0066458452506471645,0.001584852902865877
0.008163566738963948,0.0031988600969362346
0.004334013464952059,0.00511713013534584
0.006088882254274415,0.002415993312092717
0.008663618630863068,0.0059122908290673
0.006738040566612679,0.004459590386088062
0.009419657288588179,0.002790551314493196
0.007055194906292434,0.005310897728961074
0.006959259550612114,0.001048087881956275
0.009177153442274991,0.0012154608327583664
0.009136490679987553,0.0020647796938827005
0.009479783570919175,0.00162927389387367
0.0076112892734517944,0.0035725752959471554
0.004957414044547977,0.0081029390894018
0.008207478526255429,0.0031631568498938596
0.009346080490134252,0.0014014290780757143
0.006363113471338641,0.002035586961140648
0.008189572444559118,0.0014336675661510657
0.007876014997776806,0.0020244397155118714
0.009890578471709707,0.001871843282030221
0.007539803595501047,0.0019505968057093453
0.0025060344051193477,0.004339912230479961
0.0077508628229877585,0.006479254334566734
0.009301242328522323,0.0013301916026152733
0.0023121405224226536,0.004151370595292886
0.0077907152235903564,0.004788843928053182
0.005115740135363167,0.003589748643640119
0.0067929690722434415,0.003983344223152784
0.00903647063463102,0.001422659704090193
0.007087247178316125,0.003754149827623769
0.009639341476262464,0.0015031496247726733
0.0073464363231603574,0.001817819068266776
0.009512550189301172,0.0018274303293392708
0.008916392374653678,0.001369288638417441
0.008079041823310335,0.003737604787907381
0.007754286226836732,0.00015803458044996504
-0.0015868028537904975,0.00510875015191483
0.0080038792534694,0.00271918517971803
0.0034870771643663962,0.007837132794983211
0.006106448235808311,0.008466668267342044
0.007597062980751448,0.0014665563274678115
0.00873497709911986,0.0022574372217450374
0.006824297906938671,0.002862921113629205
0.0046260198499705535,0.004194707752401042
0.005537869298029648,-0.0002049436300862609
0.007623904493138864,0.002513083735932141
0.00553997817934969,0.0058400657343991415
0.007652636227696789,0.0021250036003852696
0.004999339906483977,-4.77698388299079e-05
0.0059415064134250685,0.0018906868108491777
0.005493366297782942,0.00013464042189712325
0.008258669096977207,0.0020796700063784876
0.009437916074832117,0.002548917031167949
0.007565992117102194,0.003491967154414307
0.011552088316033791,0.009043115472956189
0.008528547524980844,0.0019700860749493248
0.0036865249560570365,0.006148264022928381
0.006095527998102942,0.002390226996746127
0.009469070395855367,0.001520514231665571
0.010112473101259786,0.002251236955333272
0.00944602816514032,0.001697664102052715
0.008736715570671499,0.0011249848323061752
0.00781404943236336,0.0012497072200761544
0.010979491997243858,0.00987152369990077
0.00967590829559297,0.001928424289559861
0.009551401301246081,0.0035928911568963353
0.004266943671183845,0.0061674781177738554
0.008039044865404603,0.0014566848249233074
0.006575621997046147,0.0022871462767356
0.00918459243438214,0.002332229303300018
0.005668785020147132,0.001784989419880226
0.00926679714650559,0.006428971810333911
0.008690256760556292,0.002740578236565693
0.004446708366283486,0.007255960241602769
0.006138814484096897,0.0020987860498338845
0.007767308812193689,0.002223881440112119
0.000904628132650325,0.007548674615124215
0.006864820742617746,0.0011991865968542887
0.006663562330131337,0.002064262961758696
0.007974849601667004,0.0038552318836121814
0.006548583652045809,0.0030333651616350306
0.009046837179162888,0.002489111796596717
0.00445470240221241,0.0040886892406706505
0.006502526068079649,0.0030304107736786965
0.01024123962018657,0.002519066923693411
0.007374862370512448,0.0003622933529932263
0.0051064535527249235,0.00677627910534037
0.00640608306863873,0.0030007681130400326
0.008391221100369127,0.002776713652096136
0.008977203041835882,0.0009693185173241785
0.007507721349019447,0.0028250572896593913
0.009088508535546793,0.0026812528057638145
0.00804442673614132,0.004254250122348218
0.009243507364439702,0.002353303344640031
0.010471660054956068,0.008945138575570721
0.005626168225883438,0.003748738953319748
0.008214915938564247,0.0016596640661042973
0.005703851035887427,0.003306749839607325
0.006131534466365169,0.005077817753679901
0.008938598894830068,0.00215751464669197
0.0030943606110604375,0.0053926971290273774
0.0077849428866598605,0.0014428163514117178
0.009810078055821379,0.0014375425499286842
0.0038167184915713255,0.0059910041582221475
0.005995982878881,0.0006790041240922143
0.009344519336124048,0.005194801139462898
0.009366774469015102,0.0019378193386764431
0.009320198326876371,0.0014383304917262203
0.00654050232047621,0.0043385527571195084
0.007070741953232262,0.0012073874449925748
0.006032030609456443,0.004936577294797769
0.00761856977871967,0.002225622506836911
0.007820357636267122,0.0025327021868883585
0.007876014997776806,0.0020244397155118714
0.005846426370506025,0.003557464726439429
0.00838463349582914,0.0013047786575883227
0.00977143654926568,0.0015602350097441977
0.006584553445715627,0.004393207610601225
0.0040283777205140595,0.00345072668590443
0.007152541217102355,0.0011474315405584547
0.0076187519117434585,0.002321916821620115
0.009267882275254545,0.004254884554448349
0.005330649262186403,0.0008323216992824666
0.0036405177395734756,0.006698422080014847
0.008361243703943776,0.0024074143811218113
0.008467634847316144,0.0018420752961483336
0.007197073898032293,0.004402194705633374
-0.0002570499579203703,0.007927215069217921
0.008292597736057956,0.0024698017925048436
0.008462452849299563,0.0018069685998024672
0.007918005945347095,0.0015468476995113608
0.006655318027556187,0.0018982184517318985
0.005380373681408373,0.0028319359829303264
0.00717441786809971,0.00623249264504785
0.006419457081277861,0.0026633579784301094
0.005223722022487252,0.004382589656851758
0.006024410611543254,0.0016695296689479121
0.009707354921443034,0.002316215250114796
0.008349694119862703,0.0013156608260030834
0.008656538931487965,0.0013428140786315998
0.007458217991622206,0.000798092807690472
0.0079051601780187,0.0013438114494618266
0.009388055484842919,0.002503028189185086
0.009165038523749319,0.0016313077489740332
0.006330410105971917,0.002246928799015449
0.0056254022896640565,0.003712040289322812
0.009928875272456375,0.002652384167268259
0.006939034284008965,0.002180548741565984
0.005968318347560914,0.0032975530305348107
0.009480933627980996,0.0047195039341171394
0.009080504987659584,0.0016609104527515912
0.002840992627361854,0.004496037165307927
0.004105264877564056,0.0026518818269321382
0.005900088471951435,0.0019535979869398116
0.005118881934263948,-0.0007721309069172195
0.0053388134741873625,-0.0009440733677503902
0.006273605095384833,0.004333012333801632
0.0023121405224226536,0.004151370595292886
0.0059110816802866815,0.002780321743150618
0.009311291795520822,0.0012521962047420962
0.004915590050844758,0.00495901719558549
0.007223497775395629,0.0017941637861417113
0.006472715082523595,0.0015898744773222284
0.006510331627841539,0.008282391388145464
0.00757957641805155,0.0012965561531515608
0.0023121405224226536,0.004151370595292886
0.007643460106710884,0.001189625812503591
0.00929827562258808,0.001663030357578599
0.006942205624134281,0.003705010191762331
0.006297859388415433,-0.0005880194261351779
0.005400951260177089,0.0012661142378422655
0.007167981899641646,0.0023054479496000795
0.00978000576111196,0.004510060115424592
0.005695081369263514,0.0022962637555555597
0.0020814640761586288,0.0058961541765170464
0.005205420493682956,0.0050283121693992724
0.008639012129946635,0.004277567575278282
0.006927029156656815,0.0028424301031779
0.008771646137460398,0.002420418841799564
0.0008152641104104807,-0.0010074524868051203
0.007776210916106906,-0.0004927355650960405
0.009003065591407395,0.0018524308644525794
0.0076713164716153215,0.0015615895506321843
0.009194341083618085,0.005854542796753379
0.00770669171670619,0.0015635158266851974
0.00550280483428086,0.0007556633769122204
0.005480131084884254,0.0047075608061837035
0.007568515488635794,0.0014027374273948645
0.0063378015308612895,0.0026655605114840365
0.011605099079614975,0.0034458109925122713
0.005393380939544229,0.00016469453928254218
0.004235897283941034,0.007673554391163995
0.004344550293749499,0.0038860026949744603
0.007720142274462531,0.0012987264301837437
0.00582957785089595,0.004438403376271058
0.006454218627043033,0.0017004311218536544
0.007438730813198937,0.00170343715713581
0.005968318347560914,0.0032975530305348107
0.0034652189292398187,0.0033483556384545374
0.006506909230666585,0.0008996289042514666
0.004539568798060486,0.010700554623490607
0.008146852967902974,0.0035652705574518856
0.006074912841644392,0.0027617649952972863
0.006239590742131009,0.0020924137701588113
0.0045041200747146385,0.003246270734688383
0.007124601386590262,0.0013955542986441747
0.005968318347560914,0.0032975530305348107
0.008262182683827984,0.0013126071825246667
0.006664778104245183,0.0008043292931498858
0.005613494107504927,0.0046639090538932605
0.006028785436862806,0.0031502883024483626
0.006528076278700956,0.0025366053398884992
0.002542738378556178,0.005054678824269162
0.00943738701349954,0.011271999168098755
0.003119166481442638,0.004218180039785152
0.008120788011687313,0.0017570213639919643
0.00904772392397122,0.004224771164301369
0.009694636976777603,0.001328972805890249
0.006344720984120218,0.003560671670940219
0.008062062413392987,0.003565823479285959
0.005535683711268342,0.0030823033956755615
0.00931136349066811,0.0013980563780026985
0.006645763182672815,0.0016071782542762033
0.003698475862569154,0.00641507018114922
0.006811214667001792,0.0015198701627439199
0.008975492787479592,0.0026253974703325435
0.006646091980987914,0.001452965779464241
0.006904126389772785,0.0039015660138537064
0.009784528682802437,0.0030395466520187955
0.007192368786378241,0.002524681461376785
0.009083139005138751,0.0014864109826808304
0.006160434833015396,0.004810145486498798
0.0047489531071184185,0.0014094135422872446
0.008339665019693465,0.004062428597519898
0.006965195274337859,0.0032445354043362873
0.0044957807728729544,0.005906124952520695
0.008414237138266414,0.0034233665936000057
0.008669069212218314,0.003291448304424618
0.009618987976781533,0.004252723782124432
0.009020139326466801,0.0011950569216729557
0.002860223378997405,0.005744299673886642
0.010581914237034336,0.005031947662739018
0.005788984542864006,0.0009294218636749056
0.008527713716629751,0.0014727427064775943
0.006965506308619346,0.0008444413389055942
0.005140770735911487,0.0065363268455511814
0.007835436503717095,0.0013709801067214858
0.006662363320344713,0.0037912294973829223
0.0069387787750927275,0.0009208923710928157
0.009782741959514556,0.0015411230236428257
0.0034818730446566186,0.008639731658803478
0.009769425345810113,0.0014376635070158135
0.007735781896406495,0.0025079519249837836
0.00894022558068919,0.0020089465734289052
0.006091862008985439,0.004501632166399911
0.00751402362303989,0.0027363624787146313
0.0051299516613175725,0.005507565694704213
0.006742798916175116,0.0019156536102164527
0.005955283662871956,0.0008686671619870228
0.009255852309220033,0.0014299166686295491
0.006777501595799291,0.005370411726985142
-8.257205292349842e-05,-0.001832824899352689
0.007088303713596065,0.001582872068117679
0.006556023236079777,0.005064293486634971
0.0065688968271072545,0.0045701708724082335
0.0054083109898049805,0.004362485285248964
0.007393370118638833,0.0020438441351715558
0.005376804266151473,0.005561699672294732
0.00629422730605627,0.005571118778339617
0.0053603367814953045,0.00533862759739173
0.009118138524241383,0.0015904312022606594
0.0038834696784885853,0.005052204569477574
0.00502859675302259,0.0029424314046202623
0.006245638194604552,0.0034023109952043976
0.005965596067430055,0.002714192910202237
0.006724570228149122,0.0035275828484103086
0.007118176462746812,0.0018838587171702255
0.00928322922675896,0.0013077596835681252
0.007664292625174534,0.0021692824916787314
0.004316204975993034,0.005192902162309957
0.005458572638856382,0.003157763652569719
0.009294251536088283,0.001642615734661063
0.005837558281044937,0.0017980468471424536
0.006091862008985439,0.004501632166399911
0.008238364132424916,0.0032009006552501705
0.006187787591660375,0.004527592000691579
0.005075735593714064,0.005059258753632034
0.00648420256289979,0.004106439203121557
0.007855627624788626,0.0027720442433323035
0.009899227132780925,0.003714818695691755
0.006617438715535574,0.0016498838926312194
0.002705369583171027,0.0005052391248804751
0.009902978176475317,0.0017723580853528055
0.007514000322760262,0.001603217401270035
0.008411471237358876,0.0036035664397456478
0.008854049121519034,0.0023505527663052776
0.0064698896508054,0.0003487662835971062
0.006657194690707243,0.005173908055621441
0.006771231751325763,0.00237267893123665
0.005435291438909079,0.00465734503495524
0.004141488501619421,-0.0002210372945414688
0.005114367007044318,0.0046520494316798725
0.001963437804802211,0.003978524471601152
0.007843345355063557,0.0017802590108350978
0.005983475918658417,0.0029765139199277486
0.009453843878100531,0.006924911732664482
0.005465792527643707,0.004773470414272955
0.009330239372479582,0.00540691561836444
0.0032131113093689383,0.005289711323520472
0.007048500457075029,0.0012154074349407804
0.008838810946544966,0.001081442197760519
0.005705955968171052,0.00664394682448427
0.005235654614792558,0.0004904973204982784
0.0010006017001418892,0.0020049956442873863
0.00351424158224861,0.00784536537499374
0.00708537124360977,0.0017521884762764783
0.0069691314119476825,0.001010213042350168
0.007169229228110978,0.0013791152082385663
0.006970043134428011,0.0035467303643281767
0.0030202949434669,0.004532850167953701
0.009464252474142265,0.001809210059527189
0.007037903652060983,0.0025042162972897363
0.0068500151191926975,0.0037347282603273106
0.009385306617741925,0.0016010074532026783
0.003039240125324613,0.0059858464712801785
0.008148021559782937,0.0034998366102159525
0.008248437089761775,0.001427386601098802
0.0035762009137536915,0.0063187130088559655
0.005231193491190869,0.004487084186504291
0.009195389568738308,0.0020496328407494735
0.006307439358389324,0.002466519464229099
0.005443710061119884,0.0011035716709323698
0.009478166456517454,0.0032975646082526802
0.003594051945296749,-0.0014147325995351508
-0.0008171544218695233,0.0006619926357052351
0.0033792884620111787,0.0010580387764300104
0.008925405116957143,0.001197122632572289
0.009106791531062915,0.0025916768060515634
0.009899568737859191,0.002529408864314249
0.008277461410001234,0.00219992293225371
0.008031908383589425,0.004722197532199326
0.0068581856075971585,0.0019917585103618853
0.001070243369596247,0.00357120189871629
0.009533021889162295,0.005027218844579719
0.007222455850494755,0.00011538014499018825
0.007490419892449,0.0002952625466914535
0.0025783170922560163,0.004188151587465474
0.007006272430637166,0.002803110510188667
0.003919917594931249,0.007157295460960443
0.008843382340406146,0.001555008551310775
0.010177872937477715,0.004171970304681969
0.006547137816230241,0.002693344784848709
0.008132533882180607,0.00164643146048489
0.005993144550877509,0.0059364177423371686
0.0034779329819245863,0.0061997665954304955
0.007184449365809644,7.646694155236285e-05
0.004173208743798242,0.0025525853660199422
0.00879254831020784,0.0053640806321027116
0.003764243645078647,0.007391812194564149
0.00667889876570991,0.000952407627569346
0.008487272193237642,0.0024961745573060584
0.0068584292704549936,0.003550494289858594
0.0067617776025906354,0.0010831408781672817
0.00976353199291492,0.001955169478906682
0.006934884703704449,0.0029095861788597382
0.006187791655135402,0.004615984568787661
0.0069954788605277474,-0.0003190312989475672
0.008120795621851909,0.0014417908833493538
0.006184880842783506,0.00237034737477183
0.008869749660449174,0.003920044960844923
0.008502420459048247,0.0007552147465675913
0.007237182071424954,0.0019413640405808357
0.009251605685053937,0.0012621978624092443
0.005896410904182137,0.006546003183500968
0.007903670449109196,0.00020422239517482732
0.0008399195465203183,-0.0016685039992836073
0.00708537124360977,0.0017521884762764783
0.006634637824994224,0.002922894370467429
0.00126385843671528,-0.0016254325249541813
0.004251694207849023,0.005541487270781862
0.004562400043250788,0.00620982618498743
0.007888799738372622,0.002520963005851886
0.005774228723017787,0.00048451145032245985
0.006020907353599817,0.005184449382160134
0.007621956658821212,0.0014542452381876214
0.005339861416986443,0.0042643090779232
0.006799718860951043,0.004967638122968047
0.0037146379915587602,0.0053684198440279735
0.004434640932689805,0.007897616755334187
0.004511153152981113,-0.0008823704597761758
0.007847141558828681,0.003415155488035289
0.008954886985172845,0.0025234780453541857
0.004829278608517129,0.003441391213074501
0.009323157154482137,0.0012865809528202566
0.00900298665763576,0.0014657535230424828
0.008048372703776153,0.00322583739027826
0.007637409561503195,0.0013935724191630559
0.007085162778458326,0.003215093964525805
0.006272557219828884,0.004401424679814714
0.003532292277982598,0.005820707424835874
0.008946681445438854,0.0015254937713836594
0.009124990296901375,0.003182175670682393
0.0070502076591269685,0.0016600969090233382
0.011245893580962993,0.0023105112202096594
0.009755147797828621,0.0049204365025664635
0.005724491846040123,0.0013457651792671207
0.0008480502555760243,0.006086056944014735
0.010826809915439429,0.004321204500292094
0.004927498028993681,0.007034114109712435
0.0115663693314558,0.008816645084921425
0.009267915458209354,0.003040583966753195
0.009798253421643019,0.00436138565699509
0.009640233688494282,0.0034957584269631487
0.0065416611947397485,0.0029995017758806366
0.00691895815772931,0.0021163324625845846
0.009034909875016697,0.0021220491512090045
0.007534496808185282,0.0022471032588852165
0.009022556310526045,0.0017564163020918327
0.009328400589664956,0.0019344043310339674
0.005421113415872982,0.0020756037919789916
0.008471616190975645,0.003775878585024848
0.005833106416944298,0.0008597219383073805
0.006151559365951405,0.002503380294915648
0.006960506712417665,0.004831249879496485
0.009396742902565515,0.01099472332708636
0.007311371616419843,0.005172044918430287
0.007076895521467599,0.0032386680732543844
0.008744449352280512,0.002419176382371286
0.008586111637907129,0.0030792690538971497
0.008434322042760454,0.0011526872321764737
0.009484785695539183,0.0033352811480669466
0.008908278434002461,0.002355442333763243
0.0024975874966547693,-0.00031010694449016933
0.0015955856962884835,0.001027288078814058
0.003759181999354738,0.0011236500447790263
0.006925073429123607,0.0011625559602255991
0.0077656185614858745,0.0009170906476000289
0.007745267418322112,0.002505346184574004
0.006591819262351459,0.0034352064004760253
2.469282164099633e-05,0.008204177561596679
0.001816855599266612,0.003990833882472863
0.008427530544489862,0.005272284406063376
0.009458939878427632,0.001788759863943121
0.005949759232252157,0.0014972915558156673
0.00701760971927378,0.001507017051078253
-0.0004301280966393477,0.007918073621840757
0.006825580194415889,0.0015576381651033469
-5.360437319413495e-05,-0.002162698614200368
0.00781183016522442,0.0016817632780745245
0.007084721638361095,0.010021170517686083
0.007527899116766408,0.0008461615461037818
0.007580727402287487,0.0015972144213505929
0.006027515280664657,0.004839763429180282
0.007745957541849601,0.00225400933354322
0.005881299251645747,0.004691180525012473
0.005586759757109434,0.00037003072726818007
0.006173632556813618,0.005155588119424757
0.008746967371754358,0.0019191595975563084
0.00929769241855036,0.0052437300770085855
0.009056869294327523,0.0032280849672713186
0.0068316765277551,0.00177443812386178
0.009626485969417493,0.0033292391266418627
0.005131163433270314,0.002551023727745752
0.005261775384476334,0.003682810405083831
0.008733990737623733,0.003349130335055386
0.0037610720967368675,0.005330525444046389
0.008614484237494571,0.002124273913514511
0.009446104627663945,0.002388674201955936
0.004092814706705455,0.012775522693961584
0.009273423615693386,0.0030484294372517817
0.0036938836978292755,0.004548855294901941
0.0044232349708715375,0.004850843762722136
0.006488808778640831,5.518889877995439e-06
0.0074290666354404535,0.002915698984993163
0.00727840065524166,0.0015803077722311258
0.003928475980643948,0.007897082806945552
0.007620404495557676,0.0036824295479742876
0.004900922698695272,0.0034911259216407267
0.005695184862486431,0.002324786150414566
0.005910672449415316,0.005492499309540122
0.007650564523711451,0.00227572241120641
0.007883933042590892,0.0033894302700212984
0.009198894193093592,0.001547477117655174
0.012001589970541304,0.00920410697325422
0.007365066314467689,0.0012022537411846747
0.009821280899951483,0.0029064640629003474
0.009450301855421832,0.0014510360696074589
0.009476387980750015,0.0016455517536603194
0.010327851290313949,0.004211571968516281
0.008569481451072326,0.0020151834818630714
0.006219353997831905,0.001625789615664233
0.009470284570844211,0.009965550112862692
0.008971769675996433,0.0029432633181716693
0.006978004142174485,0.004607463230417188
0.006019138794551992,0.003799399118399993
0.007975603605631584,0.0016402585151118797
0.0015791361142375388,0.006479590053010514
0.0068607033202142224,0.004111452785859889
0.009758853952093442,0.0015670173263258487
0.007860236596927025,0.0029067218943071953
0.009022181245410025,0.0023656311065803513
0.008160715449591505,0.001304379315242723
0.007913432216704944,0.0031894508466177064
0.007227657051858435,0.0018069954711302646
0.006896735058016056,0.0017984637351821037
0.009716048961381375,0.0018254962476276374
0.008541612687395273,0.0016962614839304809
0.009264117719797078,0.0022252154447926368
0.00803249362310167,0.001318035197352122
0.005718088050638257,0.007867384846428684
0.007954512150832666,0.0013402332073080558
0.0018306268608741265,-0.0005852264257342581
0.003269921090474752,0.006681142702729229
0.0031224443321960053,0.005081374835606894
0.008810664172401377,0.0019119490568868915
0.004179544432263426,0.006650205794738083
0.004775911146425193,0.004422394512581323
0.006038047819433982,0.006556439316753454
0.006764424764364668,0.0034412325813580526
0.00790794985852637,0.0025221988784211377
0.006811214667001792,0.0015198701627439199
0.009182340404907445,0.0022489467399862033
0.005572052559726533,0.0042687240156693545
0.007452845276345838,0.003513582231844465
0.0042835305792771694,0.005433245711917791
0.0037615219886087004,0.006465691269055259
0.002935472238414321,-1.8583372742895544e-05
0.009970738892691825,0.004138200180737944
0.006144341876910982,0.004549629601288671
0.005820467005630109,0.004059843163437157
0.009178505327052545,0.00432596811931339
0.0043746252006299415,0.0018036364870334838
0.008557737003268555,0.0026275471774117017
0.009656163926337263,0.0026963470285847144
0.00804242305923052,0.0020221171523829035
0.006846190466404546,0.004710778191772001
0.0062458809827063855,0.0005012206979915675
0.007068383643374326,0.002778143288966209
0.002848632008731625,0.005143284620840682
0.005210874462191775,0.005731480192257251
0.0072599850150015695,0.001562417183768692
0.012381001626481472,0.009346299172344388
0.00793090071147639,-0.00016872169188786486
0.004728020123179239,0.00528072639087524
0.007566020110063732,0.0011667435976941611
0.00668562067001452,0.0015929383130074398
0.008328743286019853,0.006113056212949461
0.007333046101793183,0.0031273615307292647
0.010074170811949872,0.010270085222322534
0.00624497371853429,0.0018797310872236388
0.009792573727924133,0.0013879039473270764
0.006091083976376584,0.002455883900239063
0.007502150432415748,0.0009494537200123911
0.006430787470188906,0.0008353636214719403
0.004727265346744467,0.006165611062028123
0.005071469135428797,0.0014156712666677663
0.007174411151109707,0.001839421275556097
0.01049117770505305,0.004462531897568811
0.008763976414002207,0.00531663007052426
0.006874473043681934,0.0005594456338107951
0.008162614502871236,0.0028529764620901007
0.008951650933778074,0.0018621283657744622
0.008351785049956952,0.002545355908171583
0.00021016377260443721,0.0011238579943791283
0.008337252902308887,0.0019422468559541625
0.009668565939987987,0.001278950293676982
0.00948457876990326,0.001131013938891423
0.006901843503866969,0.0019733627056359527
0.006624848259468465,0.0008422537507471739
0.001949219431664235,-0.0004934531833839604
0.009103671194567437,0.0019505659109021736
0.00436076211756509,0.0002207929824218184
0.009551452234367964,0.0024465516606279403
0.00969802314498211,0.007658014655787287
0.006212852874594936,0.0019534074269734903
0.0070751878949025775,0.004824121998509977
0.008471616190975645,0.003775878585024848
0.008046932816476372,0.0028754836846196646
0.004960739540334484,0.0031533514104252246
0.009010671192877287,0.002630313827412514
0.006146574716927064,0.0019520052092151545
0.006427482797098122,0.0030701657471729447
0.006189609717581082,0.0031832062136043296
0.010042423529937871,0.004428012966358386
0.008199334574899821,0.0016389182079972467
0.007591226591541214,0.0008154168855121907
0.001975594687825384,0.0042850235487233695
0.004402375253996252,0.0036342989560074106
0.0071830747014951565,0.0020532160232052637
0.009735301017057229,0.0013491209812777167
0.007311371616419843,0.005172044918430287
0.008616063829102238,0.0017998815877904003
0.00774626710254701,0.0016820409978282594
0.005089340663845719,0.0011142238111023755
0.00812274680402822,0.0023500821374010652
0.007580294721180321,0.0028663581236251356
0.005907038424120572,0.006101127959383243
0.008120596677450003,0.0014693973657027622
0.0055221897373661216,-7.137326698998005e-05
0.008388639215562377,0.0031771163558971926
0.007828079435807005,0.002657753222383109
0.008904094800851001,0.0016374319057427724
0.008726096971481821,0.002902564321183824
0.009199589202937586,0.001876716287599096
0.0030914183805466604,0.003581921521730794
0.008942075895135508,0.0018933518349762502
0.005113979193751272,0.0010950835561104504
0.004513610686050421,0.006048105667212013
0.009472063178028758,0.0030201018078514965
0.007085402325246951,0.001718678070665904
0.0059748225937639385,0.000602958489166713
0.0043698979332210015,0.005369384701151277
0.006488808778640831,5.518889877995439e-06
0.004140921735359331,0.0031353672620676384
0.009365195344706406,0.0015810289199423375
0.005993441354542901,0.003697084918767699
0.00974472705537947,0.0018692730823839836
0.008386596596322203,0.001683781249544638
0.00789856079533432,0.0019895694894381073
0.008870215936811827,0.0022328175299339255
0.006224169040858487,0.0018935738903469394
0.009807718730184717,0.001556625412449576
0.008424137708806498,0.002089261444299647
0.007165581775690343,0.0021076130560694377
0.0057142147180738335,0.002745869800754015
0.005967701575737117,0.0016192883773249594
0.004314840852293041,0.0031971940125846377
0.008872457364683301,0.002272201828429135
0.0051477118057195225,0.0008092856417898833
0.007648232733468137,0.0038152102568350795
0.009787332495284753,0.0061302305148612235
0.0026163566513949296,0.0027530826939103446
0.007684711391992462,0.005028237349054517
0.00768881011374988,0.002276482152837965
0.006945298753684456,-0.0006924017059895052
0.008706090297676463,0.002552904530276582
0.00275833631895042,0.014258485720054361
0.009368270645880623,0.0015388210509019278
0.007738434789054188,0.0015289234549700397
0.004542902699829215,0.004169506785353709
0.009792573727924133,0.0013879039473270764
0.00811197469722074,0.003032115457379205
0.008477049247395766,0.0007552444131358194
0.007930128767165198,0.002958885957114796
0.003388016515055354,0.005358048528048371
0.005572052559726533,0.0042687240156693545
0.004714359565061598,0.005559761653409656
0.006851682579969391,0.002618211603225129
0.004728020123179239,0.00528072639087524
0.007772987308353705,0.003674926358752756
0.007730402953570235,0.0022592330209044035
0.004251694207849023,0.005541487270781862
0.004347195476285354,0.004926372418186445
0.009485441919061411,0.001982680866195384
0.009102458890305401,0.002608350503101248
0.007574365670730983,0.001408112897296504
0.00923130215874021,0.0025552371793495883
0.01349597827004436,0.005886727779358996
0.006666122990642962,0.0030809488150504837
0.0080157957476571,0.0008263421916166747
0.0099312103383874,0.0016783749539415619
0.007204143770484579,0.0013453139587703625
0.007371424654446375,0.0026051233701120512
0.006757017305207694,0.0022751583514872067
0.004010373261536064,0.004876283158084349
0.008834119353557941,0.0025798800739586956
0.010597725950108827,0.0036165596591915526
0.009302139974340266,0.0015973210565750984
0.007187763702093873,0.0029035654948342034
0.006447404404392249,0.0026309139722492745
0.00622756536542211,0.0011891403014427492
0.00220701310566689,0.0022956609134238805
0.009332303403332201,0.0015919470247988026
0.004901070485239137,0.005693349579599122
0.005572052559726533,0.0042687240156693545
0.007068141925176661,0.0028716285327258237
0.007108218490663461,0.005881658439489894
0.004870926423182177,0.0062060817256477515
0.0038404664452202928,0.0059549194422137295
0.005843421578233476,0.0015776088194573677
0.009544370124570923,0.0017983936719258775
0.009315438331133349,0.004820983825808546
0.008640407012729643,0.004765741843550993
0.006456679217316337,0.005062259391250419
0.008949038233802024,0.002010366570708891
0.005411342125551402,0.012418077706806224
0.009598121041259431,0.007011625128129952
0.009205461729496583,0.0034900454257353443
0.005251073061280725,0.004131885770844342
0.009253380540934636,0.00251911760908475
0.00864594500302441,0.0033812318235390193
0.007745957541849601,0.00225400933354322
0.008214382422038265,0.0035425161433984857
0.0060235303051983415,0.0035776679340589704
0.00553168471662991,0.0028954296657450265
0.008779056818546335,0.002377822432330613
0.009167680822295311,0.0015747687467606054
0.009074899388626082,0.002044695697699774
0.005419738357692107,0.002862486222457482
0.008140319794320006,0.002445493846911023
0.006553555812675565,0.0016195353689946058
0.002479501174815814,0.004610839171199301
0.005456752391755167,0.0014127931711679191
0.009541074506913744,0.001736794962384029
0.00824140970918715,0.0036761693636447063
0.009465845345826732,0.0021908354867913775
-0.0005450428382615989,0.0032220350692203584
0.008963063954307493,0.002976973796314635
0.008855679005331917,0.0024292906163667395
0.007609950273949718,0.0025401008534025305
0.005584894946738966,0.004451443476016027
0.009368831580825434,0.0017390146638417937
0.007226300048173215,0.003889613980605151
0.004111744820430434,0.006622090514723783
0.008854710014890403,0.0010919746122152402
0.005140770735911487,0.0065363268455511814
0.003844266621212503,0.0030410925505175686
0.007362287431678919,0.00343670362513806
0.006865200024957641,0.004741432555822292
0.005548677536629782,0.005728994516183323
0.004314840852293041,0.0031971940125846377
0.005812197077587134,0.005244802671388321
0.007792296077958496,0.002033863796727259
0.009361859295376312,0.0017558653450495676
0.0075986852199629185,0.0031451046110506538
0.0072215190056348745,0.0014965490216537402
0.008018227886827418,0.003963251307041187
0.007527331009980707,0.000889584852986491
0.007643180804954861,0.0015520324072922738
0.006230113583855619,0.0019225268518257054
0.009244403668296194,0.0028534926543766076
0.0065388302112665015,0.0029938168059780723
0.009399290951600605,0.001757927693897301
0.008751002874411024,0.0018777218746102138
0.0054806111572118805,0.005449111839116012
0.009403578036121026,0.004478389944193754
0.007617609523407008,0.0029267203635236377
0.004133348832282861,0.00238308559044495
0.005965755116348644,0.0005670869717271203
0.005313986779410823,0.0029729278753348656
0.00619676472680771,0.005702364403479859
0.0071284417370645415,0.002548305833251846
0.0007913637399474018,-0.0008462915922830506
0.007594421251204588,0.002097235790586645
0.005864960824441263,0.00350775587435459
0.0036684718383040707,0.006004341886346084
0.0025783170922560163,0.004188151587465474
0.007099418586317768,0.002756873870411663
0.007714599260503146,0.0003972500712099338
0.008318435608980594,0.0019110441267055234
0.006006143257810673,0.002424457100734999
0.004067010371973527,0.0042877252744947
0.0025783170922560163,0.004188151587465474
0.00942237699857552,0.0010578024049302673
0.006453680775348936,0.0021459116167084607
0.006805161533814398,0.004738994602643133
0.007452123676141683,0.0021513312988251402
0.00466988915960987,0.0061976714614717454
0.006563217731659003,0.002063650868227962
0.011688859942791861,0.0028348923957751764
0.006330256442990906,0.0017777220787732742
0.007430897878991897,0.0033097433382160008
0.006901843503866969,0.0019733627056359527
0.004049821591531836,0.006929006028812634
0.008765871243286188,0.0043240602624451015
0.00857154232751296,0.0022414379324836647
0.007268150436001044,0.0014054720150623685
0.007198720314312115,0.0053230317656572535
0.00521320020024514,0.005152960147020018
0.0072747512590600055,0.002813682023613949
0.004606769940452558,-0.000280972823817666
0.007307843890133002,0.0011318622753898125
0.009137119875734474,0.0018794217286606883
0.007198720314312115,0.0053230317656572535
0.007364532788631006,0.0034641276080995547
0.004537881191947247,0.007204773600601467
0.009960931302351358,0.0018493787822465432
0.007566020110063732,0.0011667435976941611
0.008991449714914031,0.002119051922029146
0.006559881802568324,0.0017488736692012454
0.00891468165117111,0.0031195921884183695
0.006314397183408212,0.004652198659668309
0.0066247050563862965,0.001454244007567192
0.008173597020048985,0.0029760032452547077
0.005572052559726533,0.0042687240156693545
0.0030943606110604375,0.0053926971290273774
0.006460501104056396,0.0014436495388697344
0.005884512607998588,0.005598140671840924
0.01054862770302915,0.005668558296161737
0.010284317630156333,0.006307984369471418
0.006702720558724881,0.003407384991482895
0.006951914848257374,0.0016453422960838334
0.006685273492992494,0.005949221846969681
0.007036535616354006,0.002952906356202229
0.010473480302962263,0.004545356907956958
0.009134769942542625,0.002235625484203702
0.00799280647904313,0.0030989316907615956
0.00908312221899623,0.0016999591726878215
0.006456679217316337,0.005062259391250419
0.006110649448137372,0.001995639629837043
0.007113552826054983,0.0042131004713793115
0.004472644542566543,0.0076684905051853675
0.007224033560096024,0.0025577664390564183
0.00903219827212144,0.002270095848102293
0.008803340240568142,0.003502626251740521
0.009506812388770849,0.0017363614716520287
0.0062608223611532845,0.0017404453839528619
0.008069575480798407,0.0009672588748548556
0.008428394394797822,0.0034904863753687267
0.00690135300360009,0.0020176889103735475
0.007316043880139903,0.004020383292987857
0.010456121834122822,0.005739688067734246
0.0030866956005158016,0.004676439514216045
0.008573683776776569,0.003093754609977636
0.009568643652345383,0.0017537480852188418
0.011268932974970046,0.007799110086579613
0.009214103410589264,0.002745528312922643
0.007233557441700764,0.004101656991483439
0.007111274325056683,0.001882403793823706
0.0067789714428769686,0.001039601387721599
0.008780346204937796,0.0024555702948661565
0.006823127065496784,0.0018368298322057755
0.009335965649481442,0.003770145741357935
0.006574404822767841,0.00045443806990634085
0.009085518502014951,0.0014111001836190082
0.009284189550887561,0.0012878852573243466
0.005628847640585486,0.003368506599805276
0.009982804046720948,0.002180557523050454
0.009899227132780925,0.003714818695691755
0.007810682930128102,0.009729657078785604
0.0077749276171524715,0.0016089645209912276
0.00975560513145268,0.004672817914507275
0.0064860247232460515,0.002927007933420233
0.009679686774509585,0.0051145321065777785
0.007449135174774815,0.0022196065157431034
0.009148899817579364,0.0018797388105010141
0.0062280738031252406,0.0025556990002853133
0.008481918287457778,0.003155141898182094
0.0056767076114266,-0.0007719194626532389
0.008978392248488684,0.0042920305328182935
0.009762003919644005,0.0013970684773529146
0.0059703150265394914,0.0054006478323657195
0.0070118243754154425,0.005395770006549737
0.006401178550911722,0.0019479623914547507
0.0066358457524279164,0.005188127966879022
0.007833685324561676,0.0009936541461897782
-0.0029569418972444188,-0.004152135236780853
0.006275358194109815,0.0036098206284883895
0.009130031579224422,0.004215513110972661
0.009226617488047224,0.0032715872809663017
0.008930717325136783,0.002495878361184393
0.005104048144584119,0.005677594030693876
0.0013140756152462303,0.0018926726379934478
0.009764261770664083,0.001352875252140384
0.006452658400071235,0.0006397065744392638
0.007035250127120795,0.0028332190458809246
0.002664327307926628,0.005607708321027907
0.006505783641220309,0.00134433340845495
0.003747666138843504,0.013348480855713277
0.007222485536916455,0.0014952521592890766
0.007992401313172751,0.0021005899533277856
0.011376560250537352,0.0027239684062117433
0.007204412866615396,0.003953130676166476
0.008032362007802097,0.002125479611309455
0.0053344579791207054,0.0031873067949870796
0.006647394708440503,0.003304251159983328
0.008303863677255649,0.004398880195382955
0.0047162499302745575,0.006092607181189308
0.0090009380410991,0.003265740958503631
0.007350642584379632,0.0009667858517608584
0.0063517239369857694,0.0032760175032864594
0.007081871606366698,0.0031377092748243935
0.007878435924194457,0.0024731799151680983
0.00611111631800095,0.004501947776936269
0.009198307452220052,0.00148092821220535
0.002229983732417431,0.0058642319866129165
0.006523679104676475,0.001903750335120382
0.004520755853568943,0.0038417366504048785
0.006245167144910747,0.003949229213661149
0.008343039293683558,0.0020964878704656156
0.004994491854771007,0.0026153976989756475
0.00715453497116487,0.004756883576943717
0.007598657048286789,0.0010518664373997443
0.0010649641714100527,0.0023009871845937465
0.007690640866290722,0.002747115601591639
0.007060983814570572,0.0019454556181281724
0.006316886784330157,-0.0004075348900431444
0.007255983522472121,0.0019493393391947266
0.0072656202372731,0.0018930234677448643
0.003993672186820536,0.0014481771927414783
0.005294114197675373,0.0028644436504469527
0.008486962096295899,0.001380664340936125
0.00699084824856513,0.005398373298118624
0.003280556207879394,0.0059989292752827585
0.006080945956834236,0.003988945884867184
0.003382894383186191,0.006474507782469353
0.008474696073478519,0.0014109032965061432
0.005138332744122212,0.005248601887013669
0.004795426979673902,0.002029876349891705
0.005114367007044318,0.0046520494316798725
0.0077113956722208036,0.0016668148950739923
0.007078920009904797,0.003702707522886462
0.0042907370685537636,0.007386170353330235
0.009608901380585734,0.0014186085474854528
0.00813839321437131,0.002611919835112256
0.004338631061870588,0.007292823096712447
0.0075463664616430524,0.0014790727842912783
0.00872044443736353,0.0019635439946541385
0.009196554386515853,0.0018357907248698832
0.008909850280922685,0.002649822932997168
0.006368366659593819,0.0034979561834152712
0.007045583745446549,0.0047002711413175816
0.003855757543215892,-0.0007275857557514035
0.009273148469351459,0.0029331778154731043
0.009119019071653517,0.001736353085182692
0.009269855657182045,0.0015735514396964237
0.0051593584818899465,0.0038836684904788492
0.00901113048286074,0.0029392551418119016
0.006952898813008742,0.0020283102619935876
0.0071399652645076535,0.003842419995295547
0.007483177632920925,0.0018570224214471045
0.006653528438625155,0.0023012593710663018
0.008866601188672524,0.0027538284596726496
0.007554280739560586,0.001110956449963273
0.006940052675955239,0.004309939417715334
0.009430365993912553,0.0019443238883144502
0.006677809001950973,0.0017924860601875522
0.007469173999672118,0.0012177299654106176
0.006684572951036719,0.004655547906742185
0.0066262809165741265,0.001673029373990242
0.009115484878253123,0.0024781273502449026
0.002281996715315134,0.004214952764113061
0.00885751070701836,0.003124120080181034
0.009265679527847856,0.001561090707345822
0.010213441728846109,0.0037633343342276014
0.009352759607109826,0.001777087593345118
0.0067861331299555565,0.003428326339647735
0.005490336400911584,0.004683715350426911
0.0036684718383040707,0.006004341886346084
0.009341783955124824,0.0017868880616731045
0.009214977225933823,0.0022289051214006038
0.006246015982528337,0.003607614669045158
0.007875326207074505,0.003655594837215439
0.009276276168010578,0.011290620923879485
0.006716937919502717,0.001446377510801465
0.008131440983390692,0.0030773530820678453
0.006187787591660375,0.004527592000691579
0.00936023527653584,0.0013127034699452157
0.005734224179356961,0.006315153060126588
0.008921503268044778,0.002166457406090551
0.00975019832649669,0.0012662260548436197
0.006096663885611079,0.001790365422357723
0.006766283769805717,0.0006412606976904395
0.006445559532320939,0.002045176749552402
0.007203933574139868,0.003908901979923889
0.006775533148880455,0.0008434775548595763
0.006810984992852937,0.0014309458995718062
0.006307234073404431,0.0021677335054663014
0.003221844994233461,0.007341181359412616
0.009781854016584582,0.004186834379361499
0.007219116878798955,0.002137882455722446
0.0069633724695157915,0.00164661641658469
0.009241269471441311,0.0019512160457112009
0.009018928045433097,0.0031429982232211977
0.0097950208670676,0.00144224096135398
0.007218545955088517,0.0028029349703521775
0.007719928827053469,0.003057973897003452
0.007867102674022484,0.002340043097284082
0.006143161986971017,0.004540239189292069
0.006971053269399957,0.0016154587451435104
0.003381651840199053,0.005656119667933306
0.009171536306219204,0.0020005522672841896
0.007488810139208653,0.008455014377253687
0.010909088310418192,0.004300213707318848
0.005723515291026176,0.003737545864835508
0.005717106204901751,0.0031830305664036734
0.005414100533965944,-0.0006092487779465888
0.002887387796879617,0.005752532253897173
0.006519797226223514,0.00496601242127856
0.00871838073156466,0.0018689538858225737
0.00614356346397342,0.0015600422734476371
0.009073848284871112,0.0019551917279356434
0.009499372237667444,0.0014087298101653541
0.007126787495091679,0.0061920433442733255
0.00478265943384648,-0.0001293365709174269
0.007196326400191787,0.00011637167575557529
0.006815236294693205,0.001217078302438065
0.01018930201707538,0.00509272754997218
0.009407679545335262,0.00184107555618646
0.005820467005630109,0.004059843163437157
0.007761741830474122,0.001653983397706389
0.008263016037253913,0.004296236056150882
0.006678900751053208,0.0033113786706948116
0.0061884373329146565,0.0019178450600070137
0.007647469173545231,0.0015506579945935347
0.008936797745613376,0.0023592000165762288
0.008934735386789017,0.0020885814229442733
0.0056777927167650155,0.0017803096060591177
0.008568732453120561,0.003235402826828669
0.009565900997846422,0.0036829768314693475
0.008287043081813881,0.0009690337292617927
0.006333820754105033,0.00325456807451304
0.0068451358119494595,0.0025811505900315557
0.00859176533289515,0.0014763849513254436
0.009285598583585235,0.0019119491710881094
0.009181264815383514,0.0022618134342381763
0.00905247542424258,0.0016201793318868412
0.004901655223051244,0.006114869660397324
0.007494713421729686,0.002851655654837734
0.006552473492905717,0.001317783790667242
0.010084290876287993,0.010553332686728204
0.007068327207376325,0.002900423870046629
0.009644581512993966,0.0013463991026678888
0.007558306990179723,0.0033115516951175887
0.0017142909736317631,0.00593893674716106
0.0037336672048068472,-0.002126520843990741
0.009613731313550405,0.0021894379302282233
0.00553192475741604,0.002342157316323622
0.005727907774213769,0.004833939676913507
0.006818255003187109,0.001786149456361577
0.00813839321437131,0.002611919835112256
0.005329299096299246,0.0048496817657264655
0.006130568817179563,0.0030291652633783212
0.007836691677773414,0.002232186294868808
0.009252988225514968,0.0015875927114898034
0.006399135726471805,0.004588871796870252
0.006901843503866969,0.0019733627056359527
0.00896062979578267,0.0026596987413146167
0.008155895803414756,0.0017620104789873442
0.006143161986971017,0.004540239189292069
0.004719178437258219,0.006387186380772182
0.007897325684212045,0.0017322983226414996
0.0031496087500782173,0.005089607415617423
0.008772940759234012,0.002909148716640033
0.0026780131887768096,0.002920793537411795
0.005051257593578466,0.004032719699999224
0.009848183603227766,0.001469308971373669
0.006356567409514198,0.0030926018766786285
0.008359595690981072,0.007454520611749023
0.007048388555070422,0.002979467811430956
0.0001523252863133524,0.0034586632996646835
0.0039833898368952245,0.004718214536698999
0.007846939318926558,0.0026499356995842963
0.0047395065229852845,0.006749460817172875
0.010181174367228795,0.0043614876192704915
0.0070118243754154425,0.005395770006549737
0.009645950187136067,0.0031682322175191745
0.006820145586148491,0.002640402474809786
0.008049290748942865,0.0008142706216414646
0.0026125469345999585,0.006174893522984646
0.005468797166339419,0.002148647376245397
0.009144713541493179,0.0027455728871113166
0.007636311638949279,0.0005345196017285106
0.009065133823881669,0.0021349925461627214
0.009252519086563427,0.0018163802339718092
0.007102782356311907,0.001903838732474324
0.004235672146133038,0.006831261028586207
0.009369190742337809,0.004547915065081857
0.005196137507044374,0.0015981555070868235
0.007134050595297126,0.0028452611709621975
0.009055362968649049,0.001957865224443165
0.006593105540189385,0.005449381154464033
0.007240325888801365,0.002319307511232617
0.008053693117632163,0.008520887753718802
0.0061117561039580205,0.0045332169085165255
0.00781162296201632,0.0016756210960371292
0.00760276594055236,0.0013030383819785524
0.007035176100929645,0.0016518379563503095
0.006081075051089487,-0.0006344479520587702
0.005684982469495848,0.005120697841799209
0.00685035728715749,0.002028374241510939
0.0077938564296512166,0.0009654131058130433
0.007804040851405755,0.0013920071175147512
0.006695436807839204,0.0030116169136248957
0.009283310421989637,0.001792750708000888
0.009704251117402519,0.0028311789763402024
0.00734029288349847,0.0018189110643800372
0.004291722374632084,-0.0006192124532744172
0.006211671279224523,0.00410628015137359
0.006975256158680132,0.0014300340063047954
0.0047623789660725235,0.0004316020528479323
0.006896084459884036,0.0006889910645283409
0.00837653199897757,0.0017717509543980128
0.009245701832914652,0.001263831258272878
0.005429162320558537,0.005154193587514154
0.007147704331076119,0.0019096950637859786
0.005896223451266219,0.0017122332537114473
0.007937458168368768,0.0028806196838333815
0.009808984039621882,0.0051539172946202
0.009499372237667444,0.0014087298101653541
0.004034159390986454,0.00012954645569194026
0.008827309121177289,0.0012430159464865195
0.008032114717243157,0.002791582169903207
0.004566888000398837,0.00784745609678804
0.007242709260824507,0.0013602922116518592
0.006340016948726162,-0.0005621403466633864
0.006615107747388413,0.0018307240721157384
0.007566670536774661,0.004027999540688367
0.0075387112271859975,0.0019134127690541604
0.009010815332249154,0.0013248941995088678
-0.0015116073228832556,0.0013155079175647703
0.00875953567094349,0.003439590877733661
0.004537881191947247,0.007204773600601467
-0.0005333127984304296,-0.0011068685711145788
0.009024969061036264,0.0023180528939008667
0.006853065339126808,0.002073383436858531
0.002840992627361854,0.004496037165307927
0.00687300312409007,0.0017940870926128633
0.009505188682209908,0.00587636021152828
0.006246015982528337,0.003607614669045158
0.005831112778823512,0.0023358516034988177
0.007806432102784019,0.002306166119846899
0.0080257415550167,0.0029286219997704966
0.006923223852989916,0.0060043590181311935
0.006961181871483898,0.0013139337466544533
0.007756264384718248,0.0022553050367068684
0.007088199642369017,0.001901038873045065
0.0008182093987389449,-0.0019273398634585062
0.006715946858481438,0.003975982985207273
0.005205286387087495,0.0063661193783315214
0.009057837394127657,0.0020002709463941082
0.008920381472808684,0.0024966372418672497
0.007698347318934448,0.0017197511369196417
0.0019661791934974552,0.0005308288197000289
0.008452752767377749,0.001583428598767719
0.007198720314312115,0.0053230317656572535
0.008696686883275462,0.0015481031803732202
0.005604008598930061,0.0029681734050033704
0.006122427538304415,0.002327831425310666
0.00800102702590241,0.0019881114898737968
0.007199027876623628,-0.0002294237342120812
0.0066789521385562526,0.0031153541907252636
0.0008347159416379557,0.011731404881624143
0.003117039244869488,0.005568519945969683
0.006497442216451423,0.002929986712666137
0.006323412607680517,0.0019677305748273975
0.009846946041207928,0.004371901385066543
0.006018936568898885,0.004323188426203894
0.007395690771301596,0.0029845044912482277
0.004314840852293041,0.0031971940125846377
0.009240724831852839,0.0034296608983017908
0.004896559194478404,0.006343587607908138
0.009676948360271269,0.002006686732905455
0.00938543013384197,0.0018999295509383469
0.000456511771011363,0.0028288383343805035
0.008782646208691266,0.0020367555286152934
0.009693958203445097,0.0012856121486047277
0.005196417390093537,0.004389820996832567
0.00629872856421682,0.0018856931511263301
0.005000285982102932,0.005143625631875542
0.004354544287903063,0.006775237772519996
0.009058619999397503,0.001084048181484886
0.007884346289882684,0.0013130275422621115
0.0068835871800348655,0.002928106836405356
0.0018607291823221463,0.011635992953415898
0.006773602468283777,0.0018456631025449257
0.004449820933709387,0.014009172134978726
0.007994214394804047,0.0023344283238193172
0.009381180008830831,0.0018934949441198716
0.0073251780216433355,0.0027673390302999663
0.007156332411597334,0.002050906810532707
0.005082128475941144,0.0016060038760175224
0.0051421766903018236,0.0021203018183175515
0.005426328365223477,0.003389034989963775
0.005724774256084793,0.0031680059255955453
0.00703346365050691,0.0015864253767470405
0.008306187657882394,0.0023470476018724274
0.007220964925683765,0.0023005167329926144
0.00790259118080042,0.002871260142990559
0.008371416478080061,0.001922665665180262
0.0032196172909799486,0.005526965650316083
0.004423874657427598,0.005330604686892837
0.008991538271371044,0.003307474194388596
0.005802323512140793,0.005289795430218283
0.002152030178226509,-0.0010760975962130015
0.00787886027498633,0.0020010817493683027
0.005339861416986443,0.0042643090779232
0.005752375204644285,0.0034369824661942498
0.00854129579469197,0.002908693486050484
0.007034100092054115,0.0017958245091087063
0.008591599267903335,0.002665917238520849
0.006151115890579792,0.004876791980881289
0.007853644410693847,0.0013168387485326203
0.007984496977431458,0.002407289945679375
0.006295375749976556,0.001680398829760908
0.004727265346744467,0.006165611062028123
0.009186132424772474,0.0014848183135430341
0.00906812433302891,0.0015222155908669382
0.0076200455558647585,0.0018973257725851695
0.009217122670016738,0.0011802103382455627
0.007196326400191787,0.00011637167575557529
0.002228203562364586,0.005578776888015065
0.005503665412402556,0.0013933698661424774
0.00460566479233004,0.005868921099804956
0.004987732020142166,0.006292400966906836
0.007058219275612381,0.003245322357489788
0.00958362695133165,0.0028076517807613397
0.0036608765382830913,0.007726563569050071
0.008924691586656503,0.0021394250864806216
0.009491241792843438,0.001536630576074843
0.005068435020824924,0.006404470874595288
0.009252519086563427,0.0018163802339718092
0.009711358068774774,0.0020105970404209325
0.009606479679894503,0.0030188231642180796
0.009883172827114442,0.0014078478304352703
0.00320019478576177,0.007019437443987227
0.007324627086014682,0.0026624884446785103
0.005067900875527441,0.0021916730001166687
0.005009991867266665,0.006044826837227122
0.008519288166609974,0.0010258421081511607
0.009257364633091769,0.0037819547637074503
0.006436657118692446,0.0020503115420461267
0.009055040807506552,0.0020570418631331135
0.009515839821914784,0.0014108914710443425
0.008688187788115816,0.0023145041056633576
0.007556923994540449,0.0017648025073556664
0.005877917015127844,0.004281518801419355
0.00573910827547879,0.004741656680796944
0.007138189840183445,0.004000026286501427
0.005800095072210687,-9.922325865485519e-05
0.009250187025595033,0.0019483668808272254
0.009201065730625999,0.002287863176870953
0.004009447618764583,0.009473872199440611
0.0015339667933728582,0.012723348266375747
0.003029929701503401,0.005977057634387647
0.005384703506110863,0.004779296190956189
0.0026312761985538046,0.0051421692524614955
0.00473115331565495,0.006103158293499987
0.006252744740389538,0.0021241998352241297
0.008232957445970454,0.0027285540193728594
0.0077302151286734785,0.0029684764466679607
0.00790769012015441,0.004535082149928067
0.008533432498589927,0.002037050686730096
0.009431953764365994,0.0026483404013135543
0.004286621738131216,0.003721638296519592
0.007884545718896348,0.002004682283323748
0.0069724035504168435,0.002271513396770632
0.0061562703214325535,0.001292253833029884
0.0096420735310398,0.0018762586967119134
0.005465792527643707,0.004773470414272955
0.00840928016379154,0.0017969550595516694
0.007754660018546958,0.0014951668430430174
0.009956853455441027,0.001429031469188431
0.009484785695539183,0.0033352811480669466
0.004814823443130172,0.002979408551156291
0.008018556736369841,0.002328979864552065
0.007132767867164325,0.0017112157247420176
0.009034863697566235,0.0025632745916246806
0.003654464938969341,0.0016904745898285358
0.005854518160614135,0.0031226757883236487
0.00905067968536069,0.0011493645276844941
0.00701531273604478,0.0017648216860827208
0.004727265346744467,0.006165611062028123
0.0035575189302123637,0.00760439122478937
0.0030022119432243158,0.006095134701037049
0.0048313020593770345,0.0034048834664123662
0.007946496972643553,0.002151186621413572
0.011867767583010433,0.00985461476776605
0.008422536476151554,0.0022248189992285583
0.008670990047510933,0.003119057915329103
0.007036658890097519,0.004350885132307475
0.009101814023708623,0.0069886750333511705
0.00995977802031962,0.010962137354061603
0.005557608767218156,0.005195743724251644
0.007282417686646075,0.0016141144181736327
0.003150942576004295,0.006703870205230916
0.005219018799864918,0.0020721517555435873
0.009641703860062467,0.00186043075752972
0.008605334176190575,0.0005414835728128299
0.0026591364082591915,0.005837681600194171
0.009195018477290887,0.005034635275785996
0.003877091571894446,0.003859824170336921
0.0034338560027199223,0.004743843550753111
0.005790893421055042,0.0019331503885146421
0.002229983732417431,0.0058642319866129165
0.003691049259411606,0.0056812799333548535
0.006837902303594888,0.004134415466358512
0.00796203697712011,0.0024107812506080923
0.007710131366916912,0.00343862223211777
0.007549809176646488,0.0018934547503412025
0.006266036483480155,0.0025241762327262883
0.009109840966182545,0.002045463370584289
0.005918243421512268,0.0023519957764183332
0.007378093803403353,-0.0008859558925951236
0.006822058471695035,0.0011837600732137197
0.005677954566627754,0.0036604413356250386
0.009160803445255565,0.0059144944138855345
0.006467707327423043,0.0011652418126488727
0.009633817313750254,0.0046718004443829
0.007233670832776369,0.002557914773682688
0.008561549519124186,-0.0002750795233574053
0.006097763202737734,0.004248146800836282
0.005895443454789948,0.002384857891353437
0.007987502718237022,0.0018674091245074482
0.010447993923392013,0.004800971939144232
0.0059966498860104375,0.00405081216937403
0.005719210742698333,0.0025543940233616136
0.005314331253032772,0.004852387345261562
0.006552229105315978,0.0031764596604854874
0.0062862765742460825,0.0040872462008475
0.009668836539903768,0.002447874207869985
0.006996902470570533,0.0038095106356422284
0.005821408923765983,0.003121195579838201
0.003532516895020316,0.008119328382440012
0.006928217233139019,0.0005330719514973943
0.007074672093787311,0.004576753795061409
0.009172774875196759,0.002144275557243218
0.007453910233659463,0.0010678075203473334
0.007541419830882626,0.0015241243768362445
0.006843030068711548,0.0026892851690916734
0.008766358428709549,0.0028536952197738136
0.004679038417074461,0.006704576388629661
0.008101000659733543,0.001810588928472712
0.007845702339513608,0.0034628398256558867
0.005305203637382121,0.0021940771888943247
0.007609950273949718,0.0025401008534025305
0.0076188821062456455,0.0015944513124013533
0.006401856749107565,0.003992458523953904
0.0018462272972528644,0.0054240220126075865
0.006230459747694237,0.00033593961383791664
0.007076663326607756,0.0038152257292180863
0.007311371616419843,0.005172044918430287
0.00792384509928893,0.003124976802768354
0.007155761617481938,0.0015814455705746256
0.004767108508655106,0.0018767216620948863
0.005140770735911487,0.0065363268455511814
0.004487557110192179,0.0023741554206661063
0.0054806111572118805,0.005449111839116012
0.008999802841676405,0.0015862980261927544
0.004868547855901755,0.0005288860718389767
0.010053621816382446,0.004513795572382928
0.009446388833710984,0.0019611388147333913
0.003955274594883875,0.006682074025618448
0.008367780193937802,0.002669942464720675
0.006005974332199462,0.0007984808879245523
0.0038532941904508297,-0.000919708148353935
0.007362287431678919,0.00343670362513806
0.009826424816877824,0.00424371217192767
0.0056718220072013185,0.0035438268524055844
0.0038916540789697236,0.005464367278961819
0.006401856749107565,0.003992458523953904
0.008135760139898703,0.003954566825249161
0.003431880883235685,0.0046177662285923305
0.006524543250111416,0.0029195416902561434
0.009153312292553725,0.002097269495700025
0.008007038089715498,0.0014889809171948418
0.0032026295420075667,0.006450231808046462
0.006901843503866969,0.0019733627056359527
0.0074562268059129334,0.004567420676412057
0.006091862008985439,0.004501632166399911
0.008830320939294794,0.002039138979479654
0.007569846617606667,0.0014706794326296811
0.006439260785734638,0.004351871633505995
0.008606059002169155,0.001369863566891302
0.005417535971614159,0.0021827332404696686
0.006471988181459857,0.005722807385773496
0.010079659746720121,0.0015057046714699387
0.009869279156751058,0.0064180030087535945
0.008089014624698701,0.0014615096235909772
0.007069741871556561,0.0010642888862328285
0.009273982594504175,0.0012237256203123355
0.004508989808098603,0.003221444793709069
0.008100698148353989,0.0014218257625349178
-0.000294122117388349,0.0017267751981682403
0.009083482224340276,0.001721417168243887
0.009189144073230075,0.0020390671364902725
0.008311059329636794,0.002734002215312994
0.004044093775819409,0.001504703597370925
0.009381433625960153,0.0018557219301932023
-0.0005698321770116754,0.001717315490260286
0.006246416702406357,0.0010178597606013565
0.004287068717415514,0.006431395037519093
0.007140546638551498,0.0027788325435760533
0.0053189904656977946,0.0017738262086544635
0.010096155203375631,0.002212783962975612
0.009168414315992218,0.0036331406972208487
0.0030741072594388315,0.0027632015612671745
0.008751018531101214,0.00141070957156135
0.009259687330405091,0.0017995707115272723
0.005411218431822888,0.0014911701949361878
0.00903740289295808,0.0017985553758522801
0.007013337552174083,0.0017039310066386624
0.009360566560885988,0.00343165856108625
0.006252487927434548,0.0017707728626554647
0.008675620135400746,0.0020588726703610234
0.006154430178727512,0.0018817029607791974
0.0034809082137391084,0.00952374947433814
0.001824217546519167,1.326051895180879e-05
0.007564402129905563,0.0003008081269134759
0.005821986623663885,0.0020815326860787672
0.007945714186093267,0.0027474267836335962
0.008856255582527991,0.002042551175334145
0.007050885677317275,0.0021866212530155466
0.004871970062667125,0.0005218798491962943
0.007817024877794034,0.002462472073685216
0.008566284783571906,0.0028443107005916473
0.007615699895000338,0.0021070032874255917
0.006376797927199991,0.002555170043271001
0.003117039244869488,0.005568519945969683
0.006629296492536802,0.004341738406190337
0.0071994397138542676,0.0017298960092875437
0.0026434705434302663,0.004699054182320129
0.005710795519803608,0.0025883095302244264
0.007446089380562339,0.0016413600877491557
0.0064414628449558226,0.003434284168597751
0.006037725173615312,0.003608227941521212
0.0058647561723644565,0.001476550422793113
0.004542651205354804,0.002072366374733743
0.009101089315755751,0.0014297297115191026
0.009373462183312201,0.00223421544293072
0.002884439146082758,0.013218193568884581
0.00048091193349749685,-0.002069825991535135
0.007859330742113325,0.001664574218793959
0.002144262978801043,-0.00029673553636148757
0.008879456286458802,0.0014691046266941243
0.009144208835966748,0.0028713616434585445
-0.0009803273828929955,0.00047250700007841605
0.009367929163999613,0.0018581913370116186
0.006290132750506309,0.002235141016229708
0.00967104425489722,0.002362762981663268
0.001786548912308966,0.005785974261739599
0.007651663505781985,0.0020424793272568968
0.0071265881109875365,0.0017545314229230717
0.00611111631800095,0.004501947776936269
0.007224033560096024,0.0025577664390564183
0.006080048152420737,0.002601101204802666
0.009480431586706669,0.0021635212778834323
0.006797078952532088,-0.00040696668973598873
0.00826940058464825,0.0019341322457480555
0.0076777877378854074,0.0038986786850017732
0.0068590917638912735,0.004311727668856419
0.005907038424120572,0.006101127959383243
0.00919584817441665,0.001530684224658815
0.00033230279691429544,0.008872842000841354
0.008696559077069965,0.002418179214982939
0.0092831875595892,0.0014520214445970419
0.006545225212753483,0.002922854175249668
0.006861116459403577,0.0012409392239237328
0.004875556998411141,0.009937547096588978
0.0065413160640676385,0.005234289255426402
0.007434154717840237,0.002511260513847133
0.0005687186652195775,0.006181468395471335
0.007207603326460505,0.0021934630687414566
0.005143581603136956,0.006704637597688906
0.004989340186856556,0.005220744755269076
0.009320198326876371,0.0014383304917262203
0.005689282657887115,0.00395344736680951
-0.0006172566111518887,-0.0014722899894824846
0.007389162563409091,0.007934902671718107
0.007804388087241157,0.0027126857620386876
0.006550432895358183,0.010183116615413892
0.007000658630178253,0.0011885757915629045
0.0059221027531838975,0.00011654340275135851
0.010112473101259786,0.002251236955333272
0.008718777529492128,0.0046705794041310275
0.00874924526317981,0.0022973227118202313
0.002840992627361854,0.004496037165307927
0.009126741014505977,0.0020453520560181244
0.007835001070732555,0.0020254706792369207
0.010068187366973099,0.002803630343864624
0.005321732930859409,0.0038579326472021605
0.005512813761467478,0.005831833154388611
0.009051289303685355,0.001946391603256951
0.005597719025312922,0.0035500634637468465
0.007392590674782894,0.002571246048988859
0.009590229926369601,0.002093892587529552
0.006751556499606663,0.0006553722906692122
0.009336496980929202,0.0037576366376051483
0.004784572094731542,0.0056271461222537735
0.008641065939746607,0.002608630360525381
0.009186170325011959,0.0021018517185200794
0.008064683874664922,0.0032172094832769033
0.007279581293374124,0.0015370448408807292
0.008028915724082427,0.0037998945552600097
0.008959277594909113,0.002611313492796201
0.007462244178255908,0.0012284042091741335
0.008279161341121784,0.0018841601147609795
0.007846939318926558,0.0026499356995842963
0.008893280104756703,0.005854801863110652
0.009416437353798202,0.004388313051248153
0.008836147037509203,0.001313291206454915
0.003552014436551629,0.006585988956414218
0.007145597797892195,0.00190827381393344
0.008497348000411676,0.0016656665933931754
0.007041617841087429,0.0018297365132879028
0.00756438242243425,0.003447730832531223
0.00743140397974299,0.0016431553296626595
0.004343681093305354,0.006902432274677421
0.00921213352268705,0.00195897590169989
0.002848632008731625,0.005143284620840682
0.005520052290494432,0.003367230171516038
0.009541687111946414,0.0012571221549872369
0.006921900844428383,0.0017401088154026306
0.006593105540189385,0.005449381154464033
0.007487218164092969,0.0003123773241005493
0.0053560926754678845,0.0012236157535148538
0.004251694207849023,0.005541487270781862
0.009569230247171589,0.005630666390626815
0.0047591327393016305,0.0007834912449125901
0.0035694598468411463,0.007932014923030313
0.001898913196494753,0.0044129582525155135
0.007349633067907164,0.0033906139539391558
0.00754638925086313,0.002377430916913669
0.005024099160458522,0.0014337590025263452
0.010333644717254144,0.004885838281391565
0.009663509220866022,0.002437037951102421
0.008388832299046453,0.0024408955831884856
0.00813236491873328,0.002130264493461944
0.008892665932107507,0.0010996723436627496
0.006269458716187861,-0.0007858689343370005
0.003653527231351656,0.0038950341509182166
0.009075737576400683,0.0029856584818266653
0.006638469190588592,0.002600380646932008
0.004709690968780435,0.0017899273832335432
0.006786488241350512,0.0022593239801259653
0.007214688436456577,0.005567056123503962
0.009489707290759942,0.002253609604982645
0.006368366659593819,0.0034979561834152712
0.006864562754564295,0.003897949110164699
0.002755165830309974,0.005761298179376133
0.006275627098031642,0.003573605959550161
0.005691328847217937,0.0037935423382866457
0.004960988905719214,0.0021496649212610786
0.005339861416986443,0.0042643090779232
0.0031848504037839892,0.006354236351848605
0.004475708163700781,0.002391678956358564
0.009503862036278515,0.0015490787396442952
0.009954939221945024,0.002109048074289007
0.008696686883275462,0.0015481031803732202
0.008420064043842808,0.0020777878231134344
0.0013303332522474065,-0.0004344362123932825
0.007411305291049441,0.0020220150095405813
0.00568135770491952,0.0030537606252803683
0.007241444515718136,0.0001782604568216599
0.005251194380320725,0.0032110009487973466
0.006511169900316321,0.0022819169738022707
0.007607961972305157,0.002830146303105974
0.0050984322408590185,0.004213089677556259
0.007552292200577345,0.0034388153548488253
0.0008765020447228811,-0.0009057392499982634
0.009058619999397503,0.001084048181484886
0.004960739540334484,0.0031533514104252246
0.006738040566612679,0.004459590386088062
0.0068600700892656186,0.002690923399426809
0.005015310091759646,0.0006697779033841477
0.00611111631800095,0.004501947776936269
0.003117039244869488,0.005568519945969683
0.007085162778458326,0.003215093964525805
0.00830776226853043,0.0012618853179627108
0.01012693942864024,0.0015316042213222398
0.007098492391693017,0.0017948484053437203
0.006880334250293448,0.004604023419735767
0.009789510929655219,0.0016202070123638107
0.009569285875648974,0.0020613757146980887
0.008921192623083614,0.0024926778321163303
0.004173208743798242,0.0025525853660199422
0.004550379857603701,0.0035198728185101913
0.006901843503866969,0.0019733627056359527
0.007477821943821516,0.0014452193340115495
0.007277947063389821,0.0030024804046514322
0.008643221824542994,0.002056983274074246
0.0065413160640676385,0.005234289255426402
0.0094521212095529,0.0024998274812923485
0.006425873414218311,0.002435305724687066
0.009301574947107816,0.0016500434898123308
0.009932273656506611,0.001680561807525737
0.009480399285235898,0.0017497462971988505
0.005788527054032477,0.0013668924229474503
0.006330534822260991,0.0034751995958945125
0.009186954640658768,0.0017916305588653071
0.00694335358222724,0.0018744667842344282
0.005495997224638186,-0.0009702258956444361
0.0014661267408324222,0.0030383244661942935
0.005492570225109877,0.004926873160729716
0.005844794350715791,0.0032943453875901993
0.007858275895568475,0.0024664134383317778
0.007465591186284414,0.0020548174562766055
0.00338187811944799,0.005988516888293113
0.008498257562757076,0.0021780707296929777
0.008056033362980566,0.007402888327326385
0.005971656014891227,0.0023600738320171174
0.009203655851199402,0.006638291340334567
0.008658479130871229,0.00218232690084434
0.009545225371756694,0.0017234965397772452
0.009513817902511663,0.0013256086973785055
0.005501525905820016,0.006592263785674048
0.006758470675022406,0.004924948113688147
0.009363767872882938,0.0020322378591177796
0.0025881306372251443,0.01519256369643942
0.005391273809588197,0.0034801285219567967
0.009753768759603943,0.006255794970841774
0.007614326664690418,0.00032304285864774226
0.005841701267698921,0.003904997795356615
0.007292754695255305,0.00021674544036327098
0.007126787495091679,0.0061920433442733255
0.005674041773621429,0.0035976087676620463
0.005749696300138737,0.004945156754991782
0.006385996127970499,0.003309599919673104
0.010013280465378901,0.002189377821909008
0.005887307752236094,0.0036799911920571745
0.0092831875595892,0.0014520214445970419
0.007628022098716931,0.001494846923250406
0.008109335235444604,0.0015610628089158989
0.010039983949267327,0.0037755765572890293
0.00782400472694517,0.0034106386727174977
0.003117039244869488,0.005568519945969683
0.00839044827268787,0.0014048267561135377
0.006561953378478378,0.0048114285330885225
0.0030960969017157034,0.00438075615774473
0.005572052559726533,0.0042687240156693545
0.00854041828395985,0.0017521532531511608
0.007883112600974199,0.001236183040454769
0.00926680501367717,0.0020476440645537247
0.006687114138194063,0.0016629590227668148
0.0059579663977206865,0.002982790507854931
0.004067266863807811,0.004796648389807783
0.013249405730129211,0.006928611983008209
0.005968355362051917,0.0030600622846776995
0.006782110115040178,0.00220096161386307
0.006069120124826673,0.008225120368083993
0.007636656987235447,0.0014931310981144566
0.008532348628948326,0.0026924739353678916
0.006912238915518573,0.0018642582603924096
0.006923432973921096,0.004752812732342514
0.006350721669942069,-0.00011583661100404187
0.009379879574030373,0.0016683494822676342
0.005779936916376003,0.0038202487489824117
0.008440334588136488,0.009484518579324027
0.005584502097600773,0.004254030138892919
0.008208437476822403,0.0025415505028002295
0.006271667380075029,0.0021696117819315543
0.007398573104653234,0.0006518478708746108
0.007898507482946467,0.002220768851077768
0.009736471768602022,0.0014812178775470567
0.007734153701164858,0.0029129409082158733
0.0052073826855844555,0.003736854499387614
0.006672995629411259,0.0028679098950316374
0.00754367995365313,0.0025280831928717684
0.009670585223335481,0.002213352287457281
0.005435782533845386,0.0003587315720435351
0.009425766715198163,0.003683807424840151
0.007466786531029621,0.0024391055569391827
0.004043146809961065,0.006659991528510766
0.008031908383589425,0.004722197532199326
0.008831184995672026,0.0034981699040790215
0.0077499126251836786,0.004394089383255716
0.008748574852586686,0.0026766279558352885
0.008920980032902242,0.006072312742907916
0.006508323761785097,0.005103232276960787
0.005465792527643707,0.004773470414272955
0.008475459015970199,0.0010146520829230664
0.003514644744769308,0.0070109921064830764
0.006339422961473193,0.004687568627436329
0.007930128767165198,0.002958885957114796
0.008771992721209775,0.001446963601537057
0.008676209491820838,0.003373304138694769
0.007723015603272946,0.003920727613948224
0.009285461704026894,0.001881638102757076
0.007714599260503146,0.0003972500712099338
0.006144341876910982,0.004549629601288671
0.006769355108082549,0.001117893532781198
0.006914042100444202,0.004012772786586319
0.005077791479099656,0.006072942117241423
0.007020635771027334,0.004658959852018232
0.009292984185418079,0.004322586826721838
0.007809760300570368,0.0014079372668799163
0.007156721321107306,0.0015155516067374645
0.00916131278484602,0.0018266848453086853
0.006825292907245351,0.002031097971580571
0.004970992203462083,0.0018101650023819894
0.008920009441910948,0.0014160826162565318
0.005464957477792813,0.0029939383855719683
0.007463322426080295,0.0037006911226538323
0.009527082188878353,0.0015867339158045345
0.010403031552970714,0.00961774596759595
0.006371552870864913,0.0013744547393979767
0.007292867581906013,0.0014067551857068362
0.004712894618010048,0.004457577086557845
0.007923206887611122,0.0033736784977507154
0.005508865925908512,0.0065980239951699765
0.008007033146487567,0.001862606604742507
0.00916481720603582,0.004073215851323968
0.008986809839703139,0.0021165352189913807
0.005921335753993738,0.0020275742727905383
0.010344840587999404,0.005149420660350642
0.008857804702911757,0.0027734824891208045
0.007661581011040344,0.0036336111532116085
0.007752023377432055,0.00167222888253106
0.006156576576008498,-0.0006904737749957365
0.009662085840891212,0.0013960377052694949
0.0090725344099385,0.003486754726985816
0.008367532229392707,0.0018381297639982995
0.007599147908697125,0.007030751302092042
0.009108443030589719,0.0032433997574119024
0.0047214519395960795,0.0030777767250643982
0.005089504377945628,0.005598016700634803
0.005636409439969749,0.001863105460052943
0.006930560465718463,0.002109824280687479
0.011635407869036947,0.003498609163865171
0.0038941688324191145,0.006649149833928164
0.009377952631858397,0.001908832278808302
0.006635184521721875,0.00033813154669600637
0.005378430073612771,0.004342019509159737
0.009155300247096196,0.0021018593112933064
0.006865733789698626,0.0020367934120694353
0.00607587474002959,0.0005902216706952599
0.0041584701842105635,0.00358663331516263
0.004182989564591668,0.0015745949436072387
0.005321324299891812,0.0051725429359900515
0.006267930069175697,0.0019018105390409988
0.009759421661007925,0.004703287732939281
0.009626338155745958,0.0023626283882472445
0.009791240090676433,0.0017126976139942556
0.008153857851087808,0.0016261468882707722
0.006013728124356791,0.0015074704039588008
-0.0014412816325127444,0.0024333225819732802
0.005725307439914872,-0.0005474214268954064
0.00948855201755893,0.0022659974361877696
0.007886301299396811,0.0019349422651763846
0.00848638163306479,0.002801937090361849
0.007702976414808026,0.003758333259523982
0.006837902303594888,0.004134415466358512
0.0027442985385784883,0.005373266741497109
0.007033733010651873,0.0019452714175124657
0.00978000576111196,0.004510060115424592
0.007703670777938531,0.0004431780907950787
0.005746252213347873,0.005041915247994626
0.004116303591524668,0.009412252441770932
0.009293231231198108,0.0023141533846202413
0.007758014456254388,0.0022706336559544385
0.005591485503302747,0.00481235831259213
0.008867726320404116,0.004846367274194805
0.009168862467033915,0.001459499548971452
0.006368366659593819,0.0034979561834152712
0.0067413532878121026,0.009508355730906009
0.009196150951206954,0.002263924416833982
0.006490414843656419,0.0015986911840526353
0.007073416031190422,0.003730573838625166
0.008569896697890905,0.002802994101018851
0.008548322880430656,0.0023986818729430665
0.004704543334915836,0.006076306158116176
0.008902146571384979,0.0014653468601252837
0.0061562703214325535,0.001292253833029884
0.005908235885460055,0.002351017631471222
0.005008042339781233,0.003124028356532311
0.010086683058518224,0.005305467553138151
0.005704123025268017,0.0016502673409219655
0.008700157324189349,0.0030619018379181217
0.006736867309193512,0.0038704279688427444
0.005130993431908845,0.0011389127237738852
0.006194699488164207,0.0027143670609327646
0.007084876409568277,0.002269900458879726
0.005054456565012352,0.001098590673117213
0.005626168225883438,0.003748738953319748
0.00999556618351791,0.0018056734095495885
0.00920989214037319,0.0037227989751808166
0.007845702339513608,0.0034628398256558867
0.008503689529330177,0.0011563272452226343
0.0058461537488872905,0.0043671407696900585
0.006593105540189385,0.005449381154464033
0.008337056905212428,0.0042895560705164355
0.009946118228744713,0.0035942977479001964
0.007618732088278243,0.0035910775021266083
0.009548874690215335,0.0020419885281651165
0.0053411798551838904,0.0028843386831407247
0.008068735328989999,0.0014791715215820176
0.0072606339197470275,0.0005967613760229622
0.00721415438907101,0.0034388693545827466
0.0034291210725966195,0.007610223999306168
0.005982310359153285,0.0015170432042030616
0.006480416408833267,0.0018547500168676493
0.005955715963332509,0.0043819541566000935
0.007214854707337134,0.003892192892327698
0.0032627430119870115,0.004734569189781401
0.0054667555666193446,0.006391951912053683
0.006686208667750643,0.0018412687345007728
0.005281371475810946,0.006478935431367856
0.00580875026437124,0.0014462480412908377
0.006983642040066599,0.005623786753211353
0.007453785503998644,0.0007551100040285932
0.007112881328153469,0.002019504336881476
0.007362840447231598,0.0025552958215255828
0.007249241088299886,0.0018386553483991852
0.006140836720740577,0.002193370034013169
0.00536141978650167,0.002214723435135113
0.008714528598592772,0.002667477059261872
0.006575412923776617,0.0026518059814600882
0.006726047663526743,0.0012154446715117286
0.008595143902882742,0.002783583664370804
0.007589927483407863,0.0016319253695735317
0.008920864074755711,0.0024667313411189263
0.0054806111572118805,0.005449111839116012
0.006605536378023321,0.004283217888823082
0.008286391521761435,0.001535526085077189
0.005578723907440117,0.0006119339677789649
0.006744429702321105,0.0032535092302615936
0.010539303430830115,0.005096539425326249
0.01030632634811133,0.004352433734949311
0.007502699130593167,0.0024921345351266635
0.006165580778352117,0.0013644704553488008
0.0009065462733089721,0.00704889749464126
0.004987732020142166,0.006292400966906836
0.005552759527130127,0.004472995268653393
0.003695216438933834,0.00631941533505493
0.004935951237738659,0.005767204989823156
0.009415670715262288,0.0014214399895188133
0.00881950235577604,0.004561665661838391
0.00953714611954036,0.002312522719466058
0.009688000933079994,0.00198446821400305
0.007981697245521344,-6.723068857053711e-05
0.001816855599266612,0.003990833882472863
0.007099199244037625,0.0021947265515088205
0.005472083979937127,0.0035864781556990146
0.009282628353338849,0.001419900054232522
0.006519797226223514,0.00496601242127856
0.007547975178125544,0.0054862501489566645
0.007508057543261516,0.003489320340416732
0.006794386637390482,0.0019508660138806318
0.006850990492141584,-0.00026239670517521664
0.00832154020495823,0.0022538146736407246
-0.0012010610786012737,-0.0007740117602692068
0.006155010166103448,0.005501555206673279
0.009576448327074756,0.0019519575333089099
0.005643210846027723,0.004547226837732
0.002149090811545789,0.004499213623764364
0.005211559920417591,0.0027725209051038526
0.002766717447762918,0.005688936724991726
0.007172470253792594,0.0016525194762110305
0.007673111132093389,0.0038987167387446913
0.005733722371306258,0.003827807509108447
0.00611111631800095,0.004501947776936269
0.004550379857603701,0.0035198728185101913
0.007369972128948249,0.0010411277605892593
0.009348583387431287,0.00694132164336487
0.007861348241173138,0.006597302462442068
0.007802833489331978,0.0009028299099776375
0.005240370557499583,0.0017312413343267058
0.004314840852293041,0.0031971940125846377
0.006786488241350512,0.0022593239801259653
0.00710795448192181,0.0013319884257550476
0.004671002303247485,0.005364404952242642
0.007658346747266396,0.0017302836177033216
0.005940826304937798,0.004963703350637247
0.0008152641104104807,-0.0010074524868051203
0.005289258993500129,-9.749139449113584e-06
0.008881371209171696,0.0045171335757152545
0.00883697689086673,0.001318268001818895
0.008065262673378877,0.004447029522106201
0.007548142758854738,0.0008986675862529148
0.006593248157982629,0.002665138308423497
0.00837341230082656,0.0013426403538127872
0.009315438331133349,0.004820983825808546
0.005601423510032162,0.0036935114504807057
0.005153601234956831,0.001518516331369844
0.010453638545780011,0.006355654372526024
0.007144745107730312,0.004027841052384646
0.005643210846027723,0.004547226837732
0.0026010932063231544,0.004660547388190393
0.007575937615006,0.0012651982815585485
0.006563572447722811,0.00167912022040636
0.007072911784584933,0.0014961225682646444
0.009619343898339646,0.0017921313702504854
0.009728607057330627,0.001581288817196682
0.0076543359137789,0.00013389959886698707
0.005992437795878815,0.004567757104523899
0.004262426267989125,0.004329169502494434
0.00646350593831975,0.004698634505805686
0.008200165406989268,0.0013383805044371285
0.008776270763348696,0.001496468773345687
0.006217328225108857,0.002273307702620746
0.005572052559726533,0.0042687240156693545
0.004979249956261092,0.0019478272730631095
0.009207443896733902,0.001446642111543721
0.00275833631895042,0.014258485720054361
0.006587666909067187,0.006910034361193737
0.006232833412484868,0.004187794807375608
0.0032860557648640106,0.005585785215370651
0.007099418586317768,0.002756873870411663
0.0056443343505334235,0.004222570851302151
0.008772519142414037,0.0016630335129251238
0.005869679561104616,0.0020134217852609904
0.006285554140761387,0.0026767060343187866
0.007539914903777193,0.0011620767914851445
0.009425971455278605,0.0017046431286972035
0.006031206148663963,0.0021560005158592155
0.007059229525817782,0.002050117683099907
0.009613917637092415,0.006896793026704666
0.0052277914696357945,0.0005808519374681581
0.009881617741349403,0.006356031385296867
0.001956807992048535,0.005543390499129292
0.009995221861264357,0.005058220162096192
0.005339861416986443,0.0042643090779232
0.0069201244509716755,0.0010426201444206544
0.004293299202413807,0.00649339432730745
0.008080588871592777,0.004485134698590469
0.005880837048281522,0.0048224970880906
0.005450333249080204,0.0049607553801101646
0.0030822230918928803,0.01423857345319514
0.008384151974977761,0.0015657994589322512
0.005511661653304252,0.004987467253797886
0.009183110634154418,0.0018926541977020957
0.005339861416986443,0.0042643090779232
0.00644965975866156,0.0025611961746943067
0.006604066658628758,0.0002417400319418097
0.009236186441517967,0.001332715553272832
0.003622588802384947,0.0072851559030930975
0.008285727063245096,0.002759184241650582
0.008181365381179731,0.0015055702995459882
0.00930489475880565,0.001560930313266166
0.009239547928986222,0.0022144178249387855
0.006807903180551998,0.002491718682366588
0.00980118474984417,0.005063809706308668
0.006927258781730755,0.0016601389543708083
0.009050676630953432,0.0035379380591763774
0.005222397556363054,0.0036476224987910715
0.003532516895020316,0.008119328382440012
0.009170841178127307,0.002107727796261287
0.009095087546307662,0.006714769269450457
0.006899542157831741,0.003509525601775253
0.007001545855587755,0.0035629788883207412
0.0080872296562789,0.002634927213373388
0.008187501022978268,0.002844618759829308
0.00881653354788538,0.002884761663596678
0.005072316798846984,-0.00100653940689801
0.009594651409416404,0.0017980476100602667
0.005907038424120572,0.006101127959383243
0.011253257481198237,0.004899776292746409
0.009029114517177127,0.002058661938812826
0.005433025386194306,0.0011678535414937578
0.008222669843071066,0.002547218034016728
0.005285989882855677,0.001776880924048309
0.006456679217316337,0.005062259391250419
0.006385713677966053,0.001501199295661339
0.006486702293747669,-0.00013794548568116412
0.004801144943807524,0.007671384160895444
0.007360967942762595,0.0030932936184938867
0.007221852862305321,0.0028322640895914785
0.008047839799306834,0.0021113710024947205
0.006007234008560027,0.0022963064521362266
0.002887387796879617,0.005752532253897173
0.008175772509314599,0.002971164925328915
0.002479501174815814,0.004610839171199301
0.006851682579969391,0.002618211603225129
0.007409298861676413,0.0027824925863178104
0.0069304309965105134,0.0017254095956599942
0.007461741500341703,0.0015970748936765247
0.005732174609858529,0.004255845923741418
0.0030203906699194398,0.00589029784171857
0.007427114655930268,0.0016977501138245657
0.003026457376151155,0.00487927602963914
0.006356051541649581,0.007031851202653134
0.007068327207376325,0.002900423870046629
0.007848084240638549,0.0027611454090589243
0.005129106542334275,0.0046089270712949505
0.009741766082690907,0.0017689189865612055
0.007553027621195498,0.0029590523753959264
0.004271177312404483,0.005437648335121395
0.00366598725883824,0.0029427763524024347
0.005933550440131017,0.002478544498668622
0.008566284783571906,0.0028443107005916473
0.007341453220698348,0.0029586618392518343
0.006230599474974469,0.0009572759523320401
0.007124986665726373,0.004763487447047335
0.005401595054812674,0.0013665834979851854
0.008509923567250204,0.002695050777603343
0.0049695868422083775,0.0012445811536511229
0.007872860644763694,0.0016906658364054736
0.005990360431990668,0.0021003588620027392
0.009080465696044933,0.002172433880620427
0.0057071102518517665,0.002724836579745437
0.004267657926496855,0.0029031565581939802
0.00318594433832673,0.003503027824232413
0.005500938742525818,0.004533492419030804
0.006714217258478186,0.00405861969510245
0.006870397877562828,0.00151475920634869
0.00956926001493921,0.002251091288178109
0.00818817973507976,0.004517160884633583
0.003208620480962902,0.0013801251537488525
0.00860929361873369,0.0015551083265841195
0.0030526746441751906,0.006584923791805447
0.006258976264236953,0.0004986668879545207
0.006457895918733419,0.003054655191160483
0.007704942323342451,0.0011373693511804103
0.008018556736369841,0.002328979864552065
0.007176967199388762,-0.0005055436605079545
0.008284565424479532,0.0019154417650463296
0.008987873844056662,0.002132156711870839
0.00923502272464341,0.001855804531656507
0.0031251959041499566,0.014099192662610447
0.00967613897166491,0.00253685336389323
0.004292626276907649,0.006036183998561286
0.0074265621129721866,0.0021899579709893317
0.006045299104927628,0.002469850141352115
0.006571872768115734,0.0032716962793087247
0.005517453512561951,0.003300007344129028
0.0077970885109996625,0.001994349000805174
0.0038814615301865406,-0.0014763119947954046
0.007812842277774169,0.0028164582169317217
0.006924412584398466,0.0021176364345144062
0.008026644685398024,0.0023007927400144814
0.00862493751700021,0.003909254677294058
0.0055313738786815815,0.0030081508771340713
0.007105723092382155,0.0015173557572187128
0.006593450115770561,0.0018229683686658794
0.006484966042523393,0.00034762494007542673
0.006949894970757622,0.00324479051626113
0.008806590507437687,0.001900475435700679
0.009582454305140342,0.003714206527438037
0.0035762009137536915,0.0063187130088559655
0.006147606002138426,0.0027025364106961483
0.003117039244869488,0.005568519945969683
0.009275413540329559,0.0011597821860850222
0.007113552826054983,0.0042131004713793115
0.0054408157363112514,0.0017885771623462297
0.009045587875433669,0.002904465243303062
0.00899428526727334,0.00130032618582675
0.005410390016010265,0.007172394247340659
0.007875326207074505,0.003655594837215439
0.006295854196911515,0.0021122506409756263
0.009421974539489411,0.0014450355059692967
0.005127864336477772,0.0033198822063525996
0.0054458232973740705,0.005597773709007615
0.002202636009745375,0.012813395551036208
0.005600608369486464,-0.0008245300400754278
0.008968323352183203,0.0018042359648811927
0.009188297610321791,0.0020957800528363935
0.008100295366279956,0.0012460871559457284
0.006651211593731387,0.0009026479121442242
0.009060970570482087,0.001460851488068778
0.006385713677966053,0.001501199295661339
0.0075647773511536495,0.0015063066070036997
0.006554620092008027,0.0033856264339147957
0.00415153296216896,0.005606702697726425
0.007198720314312115,0.0053230317656572535
0.005305231755647968,0.0020217165669114395
0.005540068203282814,0.0027890681588426487
0.0049769529913358205,0.012998980123009294
0.005545843692860028,-0.0010524276471183067
0.002840992627361854,0.004496037165307927
0.0054171069058771455,-0.00011639391916956447
0.005827286118149917,0.003804412303452258
0.004340763968130704,0.007781841168705033
0.007883933042590892,0.0033894302700212984
0.008855679005331917,0.0024292906163667395
0.007835836777277023,0.002003592431382541
0.009052703447305778,0.002155085759427633
0.0030526746441751906,0.006584923791805447
0.007463322426080295,0.0037006911226538323
0.010398070449863203,0.005409822312245993
0.006923432973921096,0.004752812732342514
0.007255852757602605,0.0028268992103786025
0.006602082025794033,0.00486872716310592
0.010059192559755094,0.0018602445822290545
0.0053544010704923446,0.0025401527331502423
0.0071630121741343,0.00204366197174498
0.006435218771965063,0.0034042251605534432
0.006939396392151168,0.0018917911542721882
0.00519353978840517,0.0018481384697080641
0.004822331352615672,0.0032604052314654124
0.007558186095152223,0.0009055304151522944
0.008628892892793227,0.0022114255316850297
0.005921771713018629,0.002942666330052592
0.004331284602421045,0.0015706262976745867
0.010139724689494124,0.0018294176253401302
0.00855561479474094,0.001192462654715177
0.007325715704090235,0.0014305177262514653
0.006617438715535574,0.0016498838926312194
0.007805570253712155,0.002577014212964678
0.009340370159703047,0.0016639149921651988
0.009884914699403995,0.0014040640960947658
0.00474160521682602,0.0067359130478320695
0.0077564871559291015,0.0020553157576760524
0.008422536476151554,0.0022248189992285583
0.006009488772023843,0.0035698830374392234
0.0056028820132418035,0.008722897618826253
0.006851466439851513,0.001815102908153893
0.009766076980629205,0.003822387331032879
0.009497104888670543,0.001630183681227847
0.008903603769553695,0.0018242528225889528
0.00683835878555632,0.0030010483610124804
0.005075735593714064,0.005059258753632034
0.008228976360393738,0.003472380893669293
0.009444558940650707,0.002967406911437832
0.0067690511082770435,0.0028663075132937116
0.0063760258499222615,0.001460270263197846
0.009978211727139695,0.0018151427753116157
0.005673368338767432,0.0007711223771393466
0.00538324104810339,0.004929161045663995
0.005626168225883438,0.003748738953319748
0.006504153192313677,0.0017455621146123899
0.008075579357258679,0.001239449879584225
0.006654633599891838,0.005634814807382883
0.008735317968648466,0.0052238040364182255
0.009695389931888718,0.002880687141397327
0.003532292277982598,0.005820707424835874
0.008625526677021843,0.001991079030609839
0.0096650430470182,0.004937122605126053
0.0025780777493974606,0.0030629013278848545
0.005906233311982408,0.0008856095822715269
0.009117259171927596,0.005390831745285654
0.005435291438909079,0.00465734503495524
0.006506634923165176,0.0017497033685410475
0.009034909875016697,0.0021220491512090045
0.0037457207091661166,0.0064580529418363725
0.0116510794773853,0.006079549803285658
0.005041650065704402,0.0056596569559952525
0.0008728667640427361,0.0038907977857650395
0.0045766645170609915,0.004045202708617335
0.009087906079520001,0.0023547459636425712
0.004331284602421045,0.0015706262976745867
0.005386990058276506,0.002817079489109482
0.004891149791667054,0.003623975853005102
0.006155848432028177,0.002192305847677968
0.004228780766906207,-0.000568529080137407
0.006065774737658088,0.001756946206624214
0.008282821432881789,0.002067380639277332
0.007792744028037462,0.0009240740659021644
0.006607389215619944,0.002125899327248629
0.0028920990098096214,0.005680820307073462
0.0044295445477318274,0.0072748164237716705
0.00929769241855036,0.0052437300770085855
0.007846939318926558,0.0026499356995842963
0.009217790843698032,0.0023626044946437243
0.006155828966312325,0.005690146989365204
0.005280723345018149,0.0027410883380297995
0.002827660189919692,0.006113311849077704
0.004569807408681334,0.00248148531554179
0.006658472967659631,0.0026282181513459504
0.008505150328573269,0.005767442904010939
0.009892794287854417,0.0017893221483132916
0.009044634493857878,0.0066065188298927435
0.009465586517842812,0.0014791486657345417
0.006826318881435549,0.001827527484998438
0.00748891236442429,-5.813559800950732e-05
0.0035021251517227195,0.004472301980323001
0.009545546721210508,0.0014735282222321953
0.004711400992694616,0.003414355014245079
0.003696607921619581,0.0014481406082320078
0.005188407232091632,0.005107174069904155
0.008748520795534911,0.0031258134356911254
0.0062715158275737995,0.0022011637419515444
0.00929181861607768,0.0019895978774902663
0.0031948755712965012,0.0045265189438076
0.008016172340499736,0.0012243296348045801
0.009230964143017613,0.0022820183677816344
0.008161528399363644,0.0030108723844918077
0.0023528356027741172,0.005419750087354281
0.00442681458688791,0.00538939720305972
0.005604322577030781,0.0008437516035107624
0.005757219854625199,0.0023215597661990434
0.003269921090474752,0.006681142702729229
0.008572630255276933,0.0007230157718541019
0.006368366659593819,0.0034979561834152712
0.00789752590427839,0.0019555873346459108
0.00957962852729977,0.005203334263893046
0.006837902303594888,0.004134415466358512
0.008357188256133838,0.001724145915664819
0.007311371616419843,0.005172044918430287
0.00689619434200826,0.0031813594412554123
0.0035021251517227195,0.004472301980323001
0.005764941214786043,0.0034536373846075817
0.007046929515540142,0.001989843056581846
0.006686886268688035,0.0051499442442974296
0.009565469871852016,0.0015055862835054185
0.0054884206166304905,0.0033289990145684636
0.009654342671100252,0.0016169701710029563
0.006676151775744014,0.00015587946063062678
0.004595596079943721,0.006057910336400628
0.0068595985694875836,0.0018060545253365673
0.006143161986971017,0.004540239189292069
0.0035021251517227195,0.004472301980323001
0.008765194419743265,0.002745689236761166
0.006370039894961318,0.001690356401334375
0.006482181304026209,0.0020569121977746336
0.006944789941682999,0.0031397851190188863
0.009183992199901219,0.0014792524475216434
0.0072236599884873045,0.005193466949617892
-0.0015116073228832556,0.0013155079175647703
0.0047039327241591425,0.0059878675132304235
0.009644756854424043,0.0013795754470550788
0.008559314699253709,0.002866118469129828
0.009881563720254713,0.002356275748043187
0.008623873584933293,0.0018754000903877409
0.008832059266151604,0.0027447160138770674
0.005629219330834988,0.004530041535087184
0.004728020123179239,0.00528072639087524
0.006488288537060376,0.005108940799229927
0.006321455370958996,-0.0003979032031169692
0.0056298600370733075,0.002553125649813728
0.007564402129905563,0.0003008081269134759
0.008858885161093117,0.0027696701997827807
0.005447799218832178,0.004952383439118508
0.006630492684552862,0.0034199151490051927
0.011239071161158772,0.004112315003784362
0.008420351689405591,0.003510005706462132
0.008564362763593267,0.004293173718170643
0.008683379626930755,0.0017112031567820861
0.004692621962371424,0.0048489779374615806
0.006901843503866969,0.0019733627056359527
0.009938577005113853,0.002587694793558538
0.007486562335047745,0.0011373605927028872
0.006979343853150225,0.0019028457154468903
0.008998635407818274,0.0028285765548878477
0.005150126446490934,0.004878069919271064
0.0034067551550759157,0.00534935098124704
-0.0017002915683511713,-0.003014548418042321
0.006072268586876182,0.0030119515999584203
0.00834852249783706,0.004137899359160931
0.008260496350774072,0.002666648858391951
0.0072236599884873045,0.005193466949617892
0.006569942436364956,0.005929303715731094
0.004117252816908816,0.003553501908749929
0.003870450370206847,0.005859680656170343
0.010960510737152741,0.0029061240287584374
0.00965459475308247,0.0017882819572261118
0.007643492923011441,0.002275290939050086
0.009505738502307546,0.002040234222010359
0.0065939795000106455,0.0017514450357041722
0.0025469132514608986,0.004674264845261105
0.009807718730184717,0.001556625412449576
0.007526355464892144,0.003146082588487007
0.008251333698368488,0.00320240399698963
0.005063453862481133,0.0024583878141357434
0.004144328147196556,0.005824685906991887
0.004372580325616558,0.0015454800411195888
0.007197062317013842,0.0018617398484687166
0.010017457975392382,0.0014324931375087864
0.009093916953559295,0.0019990273726877075
0.007024900739411648,0.0013780346228150836
0.006366343431905598,0.0018512354435855933
0.00782433060118443,0.0021530366324759853
0.0057689849760738645,0.003461475057877095
0.006996807487665003,0.0018248138160532638
0.005511551196463484,0.004556866177517448
0.004147681756487304,0.006492958672817307
0.008970567730654187,0.0014993203465512271
0.004235672146133038,0.006831261028586207
0.00899707724049078,0.0013044245708726757
0.0072600118921596485,0.0028009789442441074
0.00894022558068919,0.0020089465734289052
0.009463077107926418,0.0017012670140076434
0.005891561390764391,0.002037838278606029
0.007200295979577866,0.002764176011779293
0.004176773288171979,0.005776075131384242
0.0026714692052802096,0.0034876630957952235
0.007472999635404112,0.0017222159162665184
0.007748591292998609,0.0007712409292150151
0.007069846759062824,0.00038202176388345624
0.0046863873375311785,0.0061586399812118
0.010031211768875252,0.00219134700267507
0.004688033787182507,0.002471560125002499
0.0024036769391588856,0.0051668153887455106
0.005548021764913175,0.004495882577345985
0.006058736028655424,0.0019360181388461961
0.008504564926230957,0.004622355713047057
0.009081921455349966,0.002197734514130468
0.009227819558482304,0.0039801063413587206
0.005330438066123961,0.0016611281924317272
0.007597271732479236,0.0009685303319326181
0.008816818837860228,0.004910890525339547
0.002664327307926628,0.005607708321027907
0.00802146720123342,0.002227878350302786
0.006915629602481217,0.00380832933932488
0.007755178369661797,0.0020412571964137354
0.009709926544396116,0.002285800994016484
0.008465130364051207,0.0022724975319364177
0.0019284385442956617,0.005926817333961939
0.0034461330531661673,0.006174261540360169
0.005254514670822323,0.006431221503898608
0.004631019726994557,0.004801709544121607
0.0036638917733910767,0.0035193201481821907
0.009496832513705273,0.001632876805828595
0.009515705957047189,0.0027535719369851577
0.008258096869591502,0.0025648437948825624
0.007367474796872983,0.001380689733902824
0.004189404913720038,0.0017826244159332288
0.006273086711585349,0.0002446388240426832
0.00948063856367437,0.0019222588561688403
0.00857938006860371,0.0017086773390270005
0.007875493601859556,0.0035948210027832665
0.00839254231479593,0.0035201882279474912
0.0036233405099564365,0.006819040041971212
0.0016699707345579663,0.0038104043129502524
0.009323251746520208,0.0015877377116146549
0.009587291947225763,0.005175740541524145
0.00788984317880019,0.0027115896776192016
0.008217881054252463,0.0027296953628945424
0.00901836942372198,0.0022317702480220535
0.0072258718634011,0.002219428227758522
0.005025353099878487,0.002520636806848135
0.007637408025481804,0.0005965865040651105
0.0116510794773853,0.006079549803285658
0.00930078880715536,0.0037284523303068003
0.006900129616088406,0.0021100980903128582
0.007614326664690418,0.00032304285864774226
0.004814322020383315,0.0010183499008253423
0.007334595208258411,0.0028942875756985337
0.006091862008985439,0.004501632166399911
0.009160532995985595,0.0016434936598183642
0.0060130250325949285,0.00711163266817498
0.007435156693567407,0.0007691269326964133
0.004251694207849023,0.005541487270781862
0.005768383836228791,0.005292742443306735
0.005522909496157723,0.002373915159342238
0.009001166396365723,0.0013238544331797553
0.005415362344877828,0.005301198967903729
0.00829646726457008,0.0018649725851624822
0.00945214567135923,0.0027588824187099927
0.005768383836228791,0.005292742443306735
0.0066774416152111955,0.003576720094351315
0.009807203378020667,0.004475315470711362
0.0056543169642064356,0.002878312115812398
0.008442446632896452,0.0013449755324101004
0.009353910734796916,0.001655746944570458
0.00482192057084121,0.002570012894442645
0.0018826270316511101,-0.001451970115385036
0.007727513655649422,0.0017275712027460216
0.006927874488290479,0.0019055221993290834
0.006342069437886042,0.0021662594488972946
0.00856606846405433,0.001181685028473157
0.008977702861348944,0.003195989744809058
0.009205429717675143,0.0011958195992067319
0.008666607850992424,0.0028752479814963296
0.009252519086563427,0.0018163802339718092
0.006660185227284817,0.0024343043369709026
0.004691655318101122,0.0005355396800825231
0.008615747705594996,0.0029037224857446113
0.009149931751359315,0.0018857643677387343
0.0073691710237649985,0.0025273352272232466
0.0035038616273196143,0.0067282457814822364
0.00755258657292123,0.0018584507839793105
0.006343122685442055,0.00470266019395303
0.007665709845702841,0.0027082483041134062
0.006669677651425534,0.0029002088502496455
0.006738593849718583,0.004127363154813275
0.00836123786814617,0.0024728350073912296
0.005829387936769065,-0.0004046974335354288
0.005916129785295846,0.0025417147123980533
0.009397307549732014,0.0014132207635225548
0.005391503469853062,-0.0011652639284912628
0.003710827788526029,0.007880352773576951
0.0022503860378249576,0.005830624919616985
0.005330621989763739,0.002577925990908574
0.005638949877452847,0.0027842048069863443
0.007059060140561348,0.002831476504211855
0.005288443929849006,0.000750599887680249
0.009017231347134393,0.003181329940098893
0.006368366659593819,0.0034979561834152712
0.005871779448091224,0.005016924998704278
0.00908798446034244,0.0019084025822525361
0.005210874462191775,0.005731480192257251
0.00770335432020348,0.001521082412548785
0.008708168505680326,0.0014564792860676584
0.0069836263630337425,0.0022524782193302506
0.0031618196004392874,-0.0027788388578836453
0.005373174378951851,0.00212587046689981
0.0023121405224226536,0.004151370595292886
0.004728020123179239,0.00528072639087524
0.009049355872781606,0.0038231106541163446
0.0050017644382567015,0.00620787462942183
0.003212930522895725,0.006309388676202915
0.007555686770928425,0.0011531883111865664
0.009978794396041327,0.001970283493078033
0.003891115433931374,-0.0014994163896489233
0.009038471249883467,0.0018280231847939222
0.007944097529374479,0.0022106593616489497
0.00478315377254779,0.010226165921900076
0.007224033560096024,0.0025577664390564183
0.005816505901843071,0.004429884789543763
0.006149381038610582,0.002719330732589951
0.006807560345838193,0.001669830677425801
0.009914518113393552,0.004998050424107334
0.0026847822114261367,0.009438812879388138
0.007599311972917588,0.0022300670178881116
0.006289253509945209,0.004900975656594506
0.006430787470188906,0.0008353636214719403
0.00901833149099448,0.0021595698604041456
0.008368457313923426,0.002686541134801001
0.008603727988218093,0.0013477647202886512
0.009094270760588262,0.0015678695544821073
0.008919026998756609,0.0017095137825046038
0.006949116755164494,0.0027573352483566084
0.01084623276322004,0.008758480327645552
0.007536666430170017,0.0017146543267898226
0.009057698714779955,0.0031791326932528
0.007091639577292646,0.006646692029954453
0.005339861416986443,0.0042643090779232
0.009002196997824497,0.0024257892616276954
0.005054456565012352,0.001098590673117213
0.0064698896508054,0.0003487662835971062
0.007922891081196313,0.002450417346154898
0.005047573753255428,0.001754421882463754
0.003175019306392561,0.00543094662889836
0.003008022676434399,0.00659365301028305
0.006920009276232047,0.004916471186602461
-0.00022711465676386686,0.0017051301765232188
0.009579870163236106,0.0016027383623476504
0.009250091098629589,0.004971555832351658
0.007442881758487754,0.002780646996742348
0.008782218059947975,0.0031379260647243596
0.0079863878311957,0.0013632959928380458
0.006030606704729809,0.001862876912767806
0.005540276304354679,0.0019436148958136834
0.00817153729789025,0.002511143813834821
0.005880837048281522,0.0048224970880906
0.009732213781262291,0.005331218760089594
0.006032409277271176,0.004313144454967507
0.010159192159166604,0.010569975621468674
0.00895807098666318,0.0022985406124159348
0.0062339048813814125,0.0028484357939493913
0.004965138985030539,0.006461670253595385
0.005363923022151912,0.004174852984590336
0.008270040948154533,0.0027458954564211916
0.007347724825734849,0.001820466497641787
0.006701620625380407,0.0006847183123850388
0.009295542738109615,0.003897774710581746
0.005145080815311877,0.0009280439795697542
0.013460308579466276,0.004343014474293562
0.007723259837191953,0.0012765608933863921
0.008962835647422365,0.0017187154958486738
0.008269852004417853,0.002188760634079796
0.00351424158224861,0.00784536537499374
0.010453638545780011,0.006355654372526024
0.0031618196004392874,-0.0027788388578836453
0.007798987212717844,0.0011581321777404015
0.004992347643387184,0.006445994140279778
0.010053621816382446,0.004513795572382928
0.007847052660985763,0.00137666715003273
0.006257859914119775,0.003592315945429186
0.008667050539332935,0.0027750032977784268
0.008001979475862621,0.002316725529147922
0.006295205357148496,0.004145568792255169
0.007158283939678615,0.0016308951239788214
0.007196845049868438,0.0017963842821156943
0.009432558245480602,0.0016498362527490934
0.010407414676685043,0.0019962313931608834
0.009889626877007816,0.0061614003526200755
0.0010744268273179423,0.006924439192664948
0.007624611784110937,0.0012210140001485655
0.005435442817481627,0.0019432739114169737
0.005764519189495479,0.0007978017639555211
0.007578876108712223,0.0010838053385908422
0.0072806324733771105,0.00261217339096885
0.009160013187373257,0.0020642898086485817
0.009264117719797078,0.0022252154447926368
0.006330275475631138,0.0022000974819598278
0.010976536269632393,0.008401829892619523
-0.0009001491220538083,-0.0005883580301201969
0.006562896412549917,0.003384905892393336
0.004944795633796887,0.006369481938334209
0.00934075651402174,0.004074438825696174
0.00573235276849613,0.0031274687055130824
0.006396462913899609,0.000356818683879153
0.005774492444053021,0.0035626414409464825
0.0044295445477318274,0.0072748164237716705
0.006646208529575572,0.0034656216565605246
0.008548850492896748,0.008057320716957306
0.008643383827613581,0.002484377948355457
0.009237833061625619,0.0014646998429664543
0.0010029463678649445,0.003197359087897883
0.010016573211910643,0.0017916827828576495
0.010155632918766578,0.003009386504605446
0.007096481967985591,0.0016663383678954874
0.006918998223510997,0.003713556115282828
0.003163000292139371,0.0058350038074211855
0.009291721185909475,0.0018884412551764557
0.009140840708823646,0.0008834164193590758
0.004380887315298719,0.0014357532445964253
0.0049086394401342045,6.946097426782996e-05
0.003162722796273938,0.005466455284391685
0.005147595165649129,0.0017563892494152295
0.006925532923361856,0.0024655748964025753
0.009597943914149972,0.003870452190023746
0.006919189016418432,0.004319515643271127
0.004027080380939967,0.004697201552468603
0.009906453278006655,0.001806747698330828
-0.00043177362732722564,0.003275250952691958
0.006560434567515788,4.540869727733335e-05
0.009379617262197527,0.0018284969426778756
0.007972533433593568,0.004306003741225395
0.0051902613535422795,0.0016039696052632798
0.003982740771876652,0.002339120779146776
0.007767831833144409,0.0036464465367635284
0.009332646164730032,0.0019434371697566758
0.006798828468614255,0.011945696954693504
0.004712800697769828,0.001242898295751648
0.00860234073463258,0.0010335422604290352
0.008418909373263991,0.0013950454935677467
0.010461917927595203,0.005586329955162009
0.008791531378267901,0.0013287989886658887
0.008941287550033337,0.0014864912402609391
0.005042128768600828,0.005013478465101883
0.006583353285199274,0.0017327722820086608
0.006332969028606138,0.0020676182379242855
0.0012181101145733514,0.005350696464877914
0.006014354342122962,0.004399425159783569
0.003218431520090454,0.004760438837544302
0.007899776425608147,0.0022548527385606084
0.00896094162049902,0.004510958823758874
0.0070771989204095834,0.000821474349931804
0.008951484251454634,0.0017517120833404976
0.004038320645193855,0.007481098784597705
0.006885952123275365,0.0038640449046639636
0.007890331298328973,0.0029579867692154935
0.0065475426881319385,0.0050222754172988306
0.009270416050725983,0.0016682377398960562
0.004333371819072231,0.0016421063708250989
0.006649818964886431,0.007458817202937866
0.00033230279691429544,0.008872842000841354
0.009103671194567437,0.0019505659109021736
0.004271177312404483,0.005437648335121395
0.008903250188832777,0.001729775096772435
0.004965407327782219,0.005752183183384263
0.0061061251304184464,0.002048820031238516
0.008189750955352217,0.0011352577453253524
0.007178281065157404,0.0027969902946193646
0.0064683780675470455,0.001987208440482064
0.00926332761032163,0.00249832846869193
0.009019625931072101,0.0015861327306658608
0.00590488918895915,0.0015402921716230426
0.009180130761234924,0.003994934414460838
0.008639857331979951,0.002263999853629242
0.005515311552723737,-7.029001148564466e-05
0.005285248607775654,0.005049971366485578
0.007154977421437284,0.0006666079828979085
0.0019661791934974552,0.0005308288197000289
0.008530413457942795,0.0018447217503978807
0.007997167544239878,0.002519558286647663
0.006351903036971389,0.001494436418769409
0.008001207323059305,0.002229092098770361
0.0066222041187712095,0.003601895686760871
0.004701982709501993,0.0026306536372151697
0.006251498282915834,-0.0007702004670830341
0.0030408529069814757,0.005122985682767183
0.006368366659593819,0.0034979561834152712
0.004734108404849842,0.006693001165762977
0.00515893555262027,0.0019802080628083868
0.008575167806524099,0.002724724032758358
0.007312588407401748,0.003939517458790407
0.005510023290901219,0.004923906811620126
0.005596742544769176,0.0008397474312018963
0.007224033560096024,0.0025577664390564183
0.009386595016206173,0.0021242535716266024
0.0020149946353538286,0.00311972437992523
0.008122790829114195,0.0015812015806446634
0.0031564340100918003,0.0006153545389300605
0.003576836175477995,0.007418400631346158
0.0037553869915500854,0.00728273102660311
0.007969326667335,0.0005734179411479873
0.008562271024728407,0.002842857758361913
0.007214854707337134,0.003892192892327698
0.0026125469345999585,0.006174893522984646
0.004989228641100999,0.0010808676450680841
0.006959332073627334,0.0018697035837853771
0.007499783926854135,0.002969211864128635
0.005234133120635598,0.0017968672753008947
0.00792625172324892,0.003495694718933384
0.005169777943698946,0.0017100683576418037
0.005913802857259754,0.001257817078914268
0.0060421569425683705,0.0045196450358095976
0.007781492985537127,7.127129141501314e-05
0.009025227987438916,0.0024258604933718453
0.004582885293469438,0.0021180385297867674
0.005191330828275213,0.0031449331126022634
0.0055274946049243415,0.004559466394811467
0.004314840852293041,0.0031971940125846377
0.007958743317648023,0.0033276189903377043
0.007800439995873343,0.0017037170191118826
0.006570990600699195,0.0018192463168633889
0.008976485558291529,0.002205894822956061
0.010133628841533633,0.003612519181605058
0.0018035473064472538,-0.0005782402956968696
0.004111744820430434,0.006622090514723783
0.005363923022151912,0.004174852984590336
0.00864657604549975,0.0013152071860513944
0.007581000273635313,0.003250478641011271
0.0009433827890439877,-0.002812776947792606
0.006092716222806285,-0.0005530476871651747
0.006686482585756843,0.0036337087711907304
0.008738818347195865,0.003663335797578095
0.0034963701637483907,0.0024335575147742534
0.006020805051565288,0.0013711296587719498
0.008497765435495883,0.0023499956945520605
0.006564382734987436,0.002423565203062158
0.00800102702590241,0.0019881114898737968
0.009147398529588681,0.003406530695853215
0.009355769953954304,0.0017863743609471553
0.0031618196004392874,-0.0027788388578836453
0.005210874462191775,0.005731480192257251
0.005490239902060999,0.004899731330673076
0.004832105068043532,-0.00023956725551618763
0.006155828966312325,0.005690146989365204
0.006038077192092126,0.0029415266055386486
0.007299801320513198,0.0017095171275450741
0.0060464981790272435,0.003458063702563262
0.007178011913742528,0.0027845386059452953
0.007875326207074505,0.003655594837215439
0.00884715175512509,0.0024993578177507783
0.0075318065047458365,0.0024707208528083552
0.004550379857603701,0.0035198728185101913
0.00476099942637758,0.004069304667692745
0.005782600627641806,0.003208291151694009
0.007856413848002224,0.0018204684963334808
0.00898481844764477,0.003906334879619727
0.008968726167061108,0.001122225046744101
0.009034909875016697,0.0021220491512090045
0.005668697001533974,0.003049148088310181
0.006789076764157833,0.0036008604810012597
0.0033533565194371244,0.014777310558441089
0.009221896530460624,0.00263530134843993
0.006326501047369908,0.0014368896322838644
0.00888492838597477,0.0024194026074847797
-0.0001283201382754071,-0.0022795295127443884
0.006362971700604942,0.0024831632739262775
0.003698475862569154,0.00641507018114922
0.008755207038940144,0.0031437784217371216
0.00880039323153294,0.0035411407280981494
0.008800305010670625,0.0012159406656849607
0.00245217867368179,0.00025799385298143265
0.006901794777736859,0.005490505292415055
0.005698351846942429,0.0038190458430715614
0.002887387796879617,0.005752532253897173
0.008596174648990207,0.0035410592663022745
0.0068264414389431005,0.005926580978705833
0.00956613444015703,0.01081334970117967
0.005009991867266665,0.006044826837227122
0.009943844709854849,0.0018415813650448486
0.002714294798131996,0.004145917647346475
0.009798693004961983,0.008547425170316723
0.0021046646445243983,0.01076779047539456
0.0076769539496487835,0.0016895559088386733
0.006160434833015396,0.004810145486498798
0.009480472343308767,0.0013620526672008032
0.0011823038415647476,0.01083627199066451
0.006495382791459139,0.005672425835736329
0.008970048772299444,0.002160353343815982
0.008751018531101214,0.00141070957156135
0.009758459772324386,0.0012407734284177662
0.007311371616419843,0.005172044918430287
0.0036349178955804575,0.006781196061436282
0.005135468053112141,0.0064190312768821
0.006666857506262638,0.0009317404662942111
0.0041231456669121435,0.005251034738292117
0.008436038410245008,0.0037493881594517038
0.005028853956079546,0.0035707927318570356
0.008516383555803829,0.002033447774775172
0.008045117413617318,0.002926982734660701
0.006974912983563069,0.002667060797279034
0.007646320644890569,0.002035676234470321
0.008982913459213437,0.001527797348956533
0.0058264575177977215,0.0005414305233593982
0.005847137411894905,0.001084022088978928
0.007039101795452695,0.0031517370377732003
0.005254600663494315,0.0034075513253771506
0.005946818533252178,0.0026016533364704546
0.006639136924519545,0.005265512656580432
0.008889367523519504,0.002195924199414277
0.0037610720967368675,0.005330525444046389
0.009634672662405848,0.003638666592176598
0.0051259327869047164,0.004299184114126067
0.007552998218127385,0.0019006366464277185
0.004614717893953954,0.001039145359552198
0.0069835882587586115,0.0016428115536226478
0.007936287843712812,0.00037126244543582085
0.007106742503388759,0.0015771610433755008
0.005299113312731622,0.0012025333998394016
0.006685273492992494,0.005949221846969681
0.008491368872356585,0.002377284540576058
0.006593105540189385,0.005449381154464033
0.0036278545247569313,0.007483191026866725
0.005664073373757731,0.0036308865683945214
0.009860832373710472,0.0015243967032487525
0.007050736074106634,0.0024778392812601483
0.006593105540189385,0.005449381154464033
0.005313986779410823,0.0029729278753348656
0.00991920710724647,0.012104600384443531
0.0029603147512355463,0.007164420906303458
0.007552902200486791,0.0019537465981840346
0.008190904909868974,0.0035403344131174725
0.006694336360943515,0.0021629378763760526
0.007636323615923127,8.039881632561884e-05
0.005929383715736447,0.006651681357427894
0.007333233340640677,0.002192641189456554
0.004719672750365127,0.004549018035736457
0.006369009603895255,0.004938255812213655
0.007513533472465011,0.0013543257856119123
0.009714298785516077,0.0033545831072810915
0.00799614046870383,0.0015165921082336267
0.005988141276523584,0.0006399240440502843
0.005861789234639667,0.0019686024067588183
0.007004108598939953,0.002396959341210482
0.008554451768367236,0.002343367268964984
0.008414648065411572,0.003581793670097754
0.00723145408728704,0.00214106346600766
0.004831320218691041,0.0010871494018557786
0.004703317544441141,0.0033352575919089206
0.008073788002341122,0.004621468882611781
0.00853298748455441,0.004446389302377411
0.009383190664020966,0.0016718673820378368
0.004973054981097552,0.0036303103696837353
0.008933530090575173,0.0017598123053438313
0.004248568147722448,0.003302325366848345
0.009676258371160719,0.0017929998129437037
0.008190372322914662,0.002057535898494161
0.005528213180754073,0.0031361711470218817
0.0060421569425683705,0.0045196450358095976
0.0015953970059933336,-0.0006627204400051281
0.007966265497581513,0.002734268370026546
0.007906655347648941,0.0021644918524092605
0.007225886139620786,0.001454021028222792
0.009315438331133349,0.004820983825808546
0.00033230279691429544,0.008872842000841354
0.0031948755712965012,0.0045265189438076
0.003657768474540385,0.005385579298536797
0.008520084820120866,0.0014897332119837813
0.007470307907665047,0.003598796581981578
0.0028276482062690052,0.00556566840217026
0.00828992380098887,0.0018939607539795499
0.003772695986289441,0.005724046536209333
0.003061050270148364,0.0064719581899088585
0.010953302424640031,0.011114657005173443
0.009240724831852839,0.0034296608983017908
0.009670585223335481,0.002213352287457281
0.004271177312404483,0.005437648335121395
0.004766445448790917,0.0027186080434445925
0.006569942436364956,0.005929303715731094
0.007579979311438156,0.0016274909545888165
0.011152762505599375,0.0037427786290305494
0.00951874017918931,0.008258227256921304
0.004343681093305354,0.006902432274677421
0.0036963094162024224,0.004528883247379398
0.008733402183526692,0.003456644927228392
0.0009976115535111178,0.002328893230490045
0.007611899254068317,0.0002697434108683925
0.005821612455421281,0.012363234918727295
0.006719589661046366,0.0015149723337155628
0.008998635407818274,0.0028285765548878477
0.009708024941934797,0.006861141294603019
0.007708080570037827,0.007897790305609354
0.008599025368811346,0.003141851128543186
0.006484527668618111,0.0021602150576857998
0.006335296632195685,-0.00013386472278768824
0.009591748895324041,0.0018911061070019898
0.001171869440242254,0.0013234639047513238
0.008471383751937754,0.0008404683576267074
0.006571154168762658,0.003154791242881173
0.007068327207376325,0.002900423870046629
0.0060421569425683705,0.0045196450358095976
0.009902089480759317,0.0017765934259221985
0.009120396261881814,0.0020861699053785427
0.01066634819827557,0.0038981930924901816
0.004227227336423813,0.0073203800913847076
0.010583245051724283,0.006059081884423107
0.00717441786809971,0.00623249264504785
0.008313101774010083,0.0034158604058469703
0.008497681716803769,0.0031546725590601383
0.00952630454604499,0.004291476127473052
0.00603656765762081,0.0008552924636093407
-0.0007804791952936855,0.006257797987888079
-0.0015868028537904975,0.00510875015191483
0.004108884522881335,0.0050678619373816505
0.00791869040529777,0.002787856271212281
0.00490317359087526,0.006540141938142707
0.0065413160640676385,0.005234289255426402
0.007735694452202614,0.0015814554637191012
0.009987744209217964,0.004587974766132609
0.010241097635467303,0.003842020583251355
0.00761444650397097,0.0024449328831327556
0.0030064481713228544,0.005447731553600167
0.009359360211371976,0.0035308463830543355
0.006632503547513796,0.0017862343436348058
0.005929204815331492,0.00018892349446669905
0.008467634847316144,0.0018420752961483336
0.008916401738984656,0.002591786571677767
0.0025652991523703378,0.01293219747971292
0.004870926423182177,0.0062060817256477515
0.006408967116989912,9.32355370173582e-05
0.007224409413780737,0.001963071625457795
0.006962222129816688,0.0011901153643616488
0.005999359681450207,0.00503244257546451
0.006851251062429205,0.001516280222118434
0.009701907266271514,0.005055445476885222
0.006921038694442785,0.001575042271524392
0.005909580036194562,0.0028837375171586015
0.006771974202948727,0.0035612728897369515
0.007921740427178752,0.0004604920708571724
0.0103279095292281,0.008740280622494564
0.007127636386055631,0.0029657613800972244
0.007452102270525671,0.0045742462077173985
0.008165605824941441,0.0039038402025893875
0.006626389085399337,0.0014792159590985721
0.008937172671576054,0.001074545892236661
0.00949531545780713,0.0015481041972610545
0.009481463184972887,0.002287839706465418
0.008899592939717208,0.0021088816903018703
0.006887732198448916,0.0019879557135304123
0.009086066690522608,0.0008830455121118562
0.005823372801005597,0.004896210799017113
0.0030395584816118185,0.004860427357705412
0.007106026947683539,0.00434666321417603
0.008955143375713674,0.002861353637467076
0.003117039244869488,0.005568519945969683
0.00395000522893019,0.0052730353128726554
0.004924920323163199,0.00627083049096403
0.001922233893642291,0.005844928878266126
0.005204301534511748,-0.0009622806370551398
0.004665965229776068,0.0028049934373271307
0.008919026998756609,0.0017095137825046038
0.00578825770455736,0.0007951260516550693
0.005788867846404422,0.005013653963915683
0.008437873890458641,0.002060868999036401
0.004820450258747478,0.005732128835432484
-0.0005698321770116754,0.001717315490260286
0.008945197779228801,0.0033683398280952024
0.00743549311159114,0.001359752879896121
0.005383179227731142,0.0027190121855045378
0.005645243095287339,0.002979457271604387
0.008548460848233179,0.002111097633062429
0.006176812833082319,0.003921783066689123
0.004099731304425056,0.003614399108513429
0.006996517489265613,0.0021201085349347127
0.009058916228655352,0.0026325241073863618
0.00877600982600258,0.0011882844013331789
0.004121074258641336,0.00825365648499519
0.007251110220792268,0.00431998864867655
0.0018011283821857578,-0.001159675979732831
0.00546099438643252,0.0005393773442053957
0.00395000522893019,0.0052730353128726554
0.003042159857113552,0.005909200970851781
0.004359470520457424,0.0032729393920802284
0.005867741694281084,0.0018077701234026087
0.006547129954056538,0.002978339100571538
0.006900129616088406,0.0021100980903128582
0.005858876452272515,0.002001527544448954
0.004956082883034223,0.003919501911874257
0.004891149791667054,0.003623975853005102
0.00611111631800095,0.004501947776936269
0.007784284575555681,0.0012787614537063266
0.008129340894391705,0.0017805110166843382
0.007915110638647523,0.0021111571321859746
0.0047039327241591425,0.0059878675132304235
0.010026261252777613,0.0016204770112320651
0.006965890431231407,0.002025605293833173
0.010033981195571036,0.004334300043385335
0.009170472988099993,0.001998365413700012
0.009401110503092504,0.0037586446026585205
0.007596501547787429,0.0022123633790012733
0.007721351043916969,0.0020461878459214584
0.006945141586178799,0.0021031480847761696
0.008062471695860735,0.0039258577217636875
0.006032030609456443,0.004936577294797769
0.005966180587844738,0.002140960138122266
0.006913926551171221,0.004904511885025673
0.006584553747398235,0.001660694891777616
0.007359200780076778,0.0016106465052579972
0.009816442687696821,0.011335162462502029
0.008731558264514242,0.0020819676945385644
0.007782380685787463,0.0008188650630073756
0.00975059985809371,0.0040226554287793636
0.008285727063245096,0.002759184241650582
0.006880589386303239,0.0036142648919711157
0.0059964888944807485,0.002142325211956447
0.002887387796879617,0.005752532253897173
0.006942119418681183,0.0023105071553982054
0.007604094733810471,0.0024723290485437347
0.008604424258942799,0.0010907715438096578
0.005970958242929418,0.0033611152322661764
0.005514161751883923,0.0011230375454172933
0.005572052559726533,0.0042687240156693545
0.004316204975993034,0.005192902162309957
0.0068902271234977264,2.9361719017998236e-05
0.004423874657427598,0.005330604686892837
0.005830903455246546,0.0017825259712472208
0.006057586759986014,0.0002500473314683057
0.005932943538965715,-0.0005546266734822135
0.0032134264825181575,0.005344877610201535
0.0039633064955319364,0.0037710333388594596
0.008228769075209516,0.0025116382714763666
0.006829209778966249,0.0035901942873048506
0.006821798386126035,0.00011391196745926067
0.009605535147059942,0.0015778776154595133
0.005609801141920253,0.003605171572910331
0.007221852862305321,0.0028322640895914785
0.0063615630470603805,0.0024334235272612074
0.0037610720967368675,0.005330525444046389
0.008916687935793883,0.0029981713772620896
0.0065152990604470384,0.0031375569344662575
0.008821173829316053,0.0014107478288984364
0.009464925412449162,0.0023450839537032964
0.009889436287319982,0.0027520271605819754
0.009460267012266545,0.0017700002765975286
0.008508131708696673,0.0021691720428950326
0.004932417817249104,0.0078100716192290665
0.004803261369960182,0.00343200436539723
0.00804000085945588,0.0015140410436412025
0.009280025658317512,0.0019951363150861323
0.005517453512561951,0.003300007344129028
0.0064050912660574355,0.002024726315668134
0.009111193614127945,0.002099174851738826
0.0055134964945197,0.0011849186440646732
0.004854162999485553,0.0004409469025837831
0.0074870191161794586,0.0022423471352629254
0.0006283759070340204,0.008887579342877747
0.005605472540657909,0.0040417700284787125
0.008769413431123186,0.0019671556353016307
0.009145405443447966,0.0018838390133645872
0.005565724241158497,0.001099960621632881
0.006146396022130542,0.0023024877872922563
0.008019474212541951,0.0017229954509576043
0.007463322426080295,0.0037006911226538323
0.007013817473070911,0.002816871015181124
0.005143581603136956,0.006704637597688906
0.008305155839886244,0.0027890794192906698
0.008693498224983626,0.002401234184157887
0.004891149791667054,0.003623975853005102
0.005019564179979192,0.004144869297669175
0.006172154107183058,0.0016081395304481261
0.00751515310779172,0.0011836224079020182
0.0066294562069153995,0.0026618720732508455
0.00837341230082656,0.0013426403538127872
0.0065624747346766914,0.001850902607055352
0.007320458654335344,0.0027028027080679756
0.00843012157274527,0.001436891235452785
0.008904234961545285,0.0012576955989100592
0.006465547258696711,0.0007949546116005103
0.006038410138503239,0.0029210486529780127
0.005926095633819052,0.0020366890562434643
0.006471988181459857,0.005722807385773496
0.00899293504525113,0.002775455823223795
0.003514644744769308,0.0070109921064830764
0.008111923161721993,0.002185602237875761
0.004946643091103347,0.004786498083691787
0.007929558520389166,0.0017869869211276203
0.005072612477721854,0.0025400854822345293
0.008409205973926505,0.0014853160065403546
0.008153857851087808,0.0016261468882707722
0.008667883651653453,0.0015421695596883906
-0.0015868028537904975,0.00510875015191483
0.008347624113829888,0.002727780718273406
0.00792625172324892,0.003495694718933384
0.00930489475880565,0.001560930313266166
0.006433520984700573,0.003742543562489606
0.006202835866903872,0.001205399800933444
0.002928479852451574,0.009941166807984247
0.008150609645783853,0.00225845567341542
0.005983475918658417,0.0029765139199277486
0.008984924186743487,0.0017495781930018514
0.007342254452273251,0.0027860021455029345
0.00715453497116487,0.004756883576943717
0.006713104188072707,0.002229932226558328
0.008757121444962594,0.0014032684954315587
0.0030655436757076014,0.0014821357828033056
0.006259625402514324,0.0019702847705637344
0.0037553869915500854,0.00728273102660311
0.008859121012747037,0.0015741631921270156
0.010715529275028376,0.004949652169613162
0.00510012537354875,0.000868157410111833
0.005710292923095718,0.006985174886864507
0.004027080380939967,0.004697201552468603
0.006883431184283393,-0.0007312899870386986
0.0067843838231457405,0.00290578084135471
0.00931225391866243,0.001993323135415943
0.0060462908127070746,0.003134664546921866
0.008807919415882777,0.001988645353301969
0.007812940314369604,0.004217542001254835
0.008672386011721385,0.0013673850061102612
0.004177936110855197,0.0066749235897875184
0.0031948755712965012,0.0045265189438076
0.004809333374246423,0.0049605644161878956
0.007609730393516711,0.002193119042362336
0.007000927635269857,0.0003081765703466027
0.009414807288391058,0.001719253287493722
0.007867223605660053,0.0013250767124621237
0.00676246938864144,2.349729025480536e-05
0.008811795106896215,0.0013379649083236763
0.006622530791950697,0.0021974072984435556
0.006397565702886096,0.0027444340349238793
0.005241954172913177,0.004753905408933107
0.009685336124866203,0.004351122236241576
0.006913821270363275,0.0020541530599668695
0.009474991720616034,0.0018370933146966409
0.009008684544409513,0.0016008956336712454
0.006716345835150151,1.9343194180804907e-05
0.006495011631161475,0.001829758927334343
0.009932273656506611,0.001680561807525737
0.0066543479529888126,0.0026750363542649945
0.004728020123179239,0.00528072639087524
0.008285906425208291,0.0017938811088329598
0.009258240983876856,0.0014335170916566593
0.003691049259411606,0.0056812799333548535
0.00490481716764549,0.007586618275570814
0.0077508628229877585,0.006479254334566734
0.006515661035808366,0.0007398247677538258
0.008992954577499903,0.0024137913375568074
0.006864562754564295,0.003897949110164699
0.00862328939179274,0.004685391763931354
0.006550677823042534,0.0016530798496963229
0.008027456872009337,0.0022485448523945507
0.006846190466404546,0.004710778191772001
0.004740681145265043,0.0023961856954640044
0.005285437393723816,0.0012306002359457734
0.007275163465703948,0.0014188149882533238
0.008537042840762607,0.0014537964646808921
0.006024281778816244,0.002895652352318736
0.009291358870739,0.0010292659379845248
0.006401838704532226,0.0032408493591399045
0.009693262479566148,0.001794011304643274
0.00775954831703397,0.0020980188006745858
0.004161176374271647,0.0013180791154580925
0.009293586924234466,0.0028551982356234094
0.0038394404840475724,0.0034086363857839547
0.005824510706697053,0.0032492397355235545
0.002887387796879617,0.005752532253897173
0.007917496823326878,0.0015224779609393094
0.009296395272521945,0.0021863699402040982
0.0028659096749218383,0.013051084440052686
0.008391356256208071,0.005805381408022293
0.005095023391287158,0.001561646932169456
0.009629414175517508,0.0018481508242520102
0.009846946041207928,0.004371901385066543
0.002875615921571089,0.005801589137278021
0.006161762684732673,-0.00031059078794497437
0.005535248073180132,0.0016639464051678718
0.008103076661281378,0.0012887130070615184
0.007734765149737098,0.0021213831880842323
0.009126427240955248,0.002006786557477017
0.006040625469943391,0.0037254719755783587
0.009297581537307701,0.002344791887157708
0.007084408250969615,0.004064574156062348
0.0032196172909799486,0.005526965650316083
0.002294652972564074,0.004168332393781016
0.005146026306185383,0.004155759793195113
0.009979892649718922,0.0018231777845842618
0.0038147776466986773,0.006649347303300248
0.00699174485271753,0.0012037063081519177
0.009258025015717552,0.005431733516071028
0.009213691418385095,0.0015169285359263093
0.0020879974395381844,0.010040539960055763
0.002034229970958241,-0.0006938294447704782
0.007783107506314661,0.0017048637345163757
0.009165954753197484,0.002100602018498799
0.004048008417261633,0.005819237935725805
0.008502318268329003,0.0016398393875747437
0.007934917836705736,0.004897281829921149
0.005521599753380344,0.0031441170301869893
0.008263410544056476,0.002415688271665881
0.004692621962371424,0.0048489779374615806
0.006040625469943391,0.0037254719755783587
0.008716000347583734,0.0009611456415869139
0.006887492612973163,0.0036047194221948643
0.009258025015717552,0.005431733516071028
0.007224033560096024,0.0025577664390564183
0.009058619999397503,0.001084048181484886
0.008600447373654256,0.0020614848080956205
0.00821139625217718,0.0035525729646025683
0.0002848873919828942,0.010346341738452617
0.00866744901425363,0.0016750106802059291
0.008291643465068093,0.003901189877225146
0.003601967907664271,0.006884343662147658
0.005414100533965944,-0.0006092487779465888
0.005105830992587101,0.002453773623916242
0.007279581293374124,0.0015370448408807292
0.005226180712119045,-7.547218524127722e-05
0.004932104410207779,0.003153293669622684
0.006118096788235395,0.0025471490271268687
0.00898814532826076,0.001833392945667922
0.0036684718383040707,0.006004341886346084
0.005976085012556816,-0.0006894652204200331
0.008465431866863361,0.004272928583661752
0.008367511655441284,0.001566131032963481
0.008304691537964332,0.0024326376672175786
0.006800656565336946,0.0027609062277052267
0.008116907498339772,0.0017415124160104116
0.005626356560699958,0.003466987116080604
0.006542298101302467,0.0006648582099589451
0.005746632443223364,0.0010099060310751994
0.004113849787161149,0.007209133652250909
0.005152551456905235,0.0015946545519199508
0.007095902229499554,0.0027704664268329198
0.009155242792640258,0.004247109525521164
0.007901563008729436,0.0011146937257081723
0.005888189783166339,0.001147205501237333
0.006735197773441545,0.0015631384466875259
0.012032214715335093,0.008919000248811915
0.007989569441473676,0.0038704252729351504
0.006901435258772614,0.003834599235376779
0.0070723810871586665,0.0010355173622471209
0.005991048159134625,0.0025842630302817683
0.007990138723057962,0.0020306554272525113
0.008229525667503026,0.00197038058988753
0.009181731289368803,0.006153689431164134
0.009338489307361031,0.002035241141222624
0.0092854176448334,0.0020219900954661597
0.00839044827268787,0.0014048267561135377
0.008173325818595315,0.0018141580122366602
0.005511551196463484,0.004556866177517448
0.009475858350095236,0.00171798344693261
0.007068327207376325,0.002900423870046629
0.0035447698805014553,0.006574685906191925
0.008507929506788386,0.0031662849857933334
0.009373866887353494,0.002500407231130864
0.009251605685053937,0.0012621978624092443
0.005692272604389003,0.003640430425798635
0.0077214593833979705,0.002320443269053012
0.008711827583333285,0.0024422827851994493
0.009212298354012535,0.004905988255299447
0.008564602175658274,0.0029288754144025705
0.0024037491048657673,0.0004763683361057834
0.005105007290053904,0.002469889159403396
0.006786488241350512,0.0022593239801259653
0.009617246829948741,0.005064841726787688
0.0054806111572118805,0.005449111839116012
0.003691049259411606,0.0056812799333548535
0.0049666465521564776,0.004134552815390764
0.0021756457493823543,0.011421266273563636
0.007307024873067733,0.0023970258174963203
0.006240838462170906,0.0013084832335273858
0.007822584656115444,0.0010323562871204107
0.005905128807656729,0.0011064135099082151
0.003264325277486319,0.003411373026509488
0.008715423500398362,0.001527979573407806
0.005775962526875478,0.0018697894417760551
0.0056900522291628165,0.0072035783883200154
0.007966639587207894,0.0016449690532131106
0.007730082201003789,0.0001554925249489282
0.00925806323146362,0.001948950210046636
0.0037184814676102093,0.007272009650255553
0.005798839311064707,0.004667678680198463
0.0054221121727171286,0.002685475762050407
0.0012644720863729392,0.0021614391915362498
0.007675492917073208,0.0020388697295349884
0.0053735514933309254,0.0014710771262480922
0.0028392967690065276,0.006075366077303817
0.007840747381799917,0.0020420243983019374
0.005820467005630109,0.004059843163437157
0.009858926869829634,0.004064654020207137
0.009216728823693524,0.0033486549890318117
0.008984135239602824,0.0015600079440755811
0.006449069016798341,0.001572634020419619
0.008915891054212245,0.0023874796583499055
0.004563454997477296,0.004591764394739691
0.003926142973081843,0.006598214157114069
0.008771646137460398,0.002420418841799564
0.006456679217316337,0.005062259391250419
0.0052212442827885034,0.0012091469506845393
0.005100254543210179,0.004781295957279092
0.007020635771027334,0.004658959852018232
0.008994124104159697,0.0023704200429693406
0.009311328972809983,0.0021169864718604686
0.006311276118421975,0.0019203463635457819
0.005146896698836271,0.006099967157876299
0.01212259424461306,0.009332117784376934
0.00625296572026946,0.0016024246242556384
0.007650146309668987,0.0010770233604381002
0.007039833396902983,0.001969924001563348
0.004919478288243732,0.006430910708655617
0.006267604012414569,0.004644196123219443
0.008630804754531193,0.0018302798224797403
0.005379866971413447,0.003393163486871671
0.005139874827322909,0.0025731242502623226
0.007413774699733724,0.0013130153953075391
0.008928936911328613,0.003911138688780463
0.005300474352765859,0.006389110914469169
0.011792662835421606,0.009531301947493688
0.006949894970757622,0.00324479051626113
0.002800975141312427,0.005507179670025789
0.007020635771027334,0.004658959852018232
0.005392561992439211,0.005045430499181472
0.0071059669839662375,0.0019974460186054357
0.006169277805854377,0.0061831192287004014
0.009846315505099713,0.0028737129600247243
0.006856475081286084,0.005988459764537295
0.009698468777272738,0.0017301150865377457
0.009732213781262291,0.005331218760089594
0.005599684171610458,0.0032416066394478126
0.004261463866590308,0.006537979459527136
0.009678955665900917,0.0024608271521397744
0.006519797226223514,0.00496601242127856
0.009237525652401397,0.0021832029642059464
0.00867815480489452,0.0010040857984349094
0.0054069321437246335,0.0020944843364326315
0.009152861560469003,0.0022441592562030778
0.008541607224560994,0.003211127195794367
0.008007156975378654,0.003690004270272821
0.009287083312500711,0.0017815319916111025
0.004567725814954409,0.006207685657352198
0.006185714742548268,0.004608380885219121
0.00833656314003657,0.003357513077922418
0.008590617389309099,0.003941135499197217
0.006061734853707569,0.003199558732275955
0.008179833560927078,0.001340739881255916
0.0063830342445401,0.0015573287885191937
0.00395000522893019,0.0052730353128726554
0.008768745339707265,0.0025258024444149117
0.007190960435033985,0.00422066814163721
0.009163859820570571,0.0023098055400689555
0.008446009948874292,0.0012329025434475917
0.012149407630438426,0.004791321466027057
0.006901794777736859,0.005490505292415055
0.007624705428166748,0.00043542693646914793
0.006745545612536652,0.0019862138791185858
0.00581162980747684,0.0034498367344911905
0.0005687186652195775,0.006181468395471335
0.007875354089820524,0.001955445838353548
0.007665604366179893,0.002129014162629124
0.006102955122507456,0.001743432383830094
0.005077832123793538,0.0017995562402097895
0.0019789702095461175,0.004204890898564302
0.0031052818792174893,0.006673110660291147
0.0030526746441751906,0.006584923791805447
0.004488093944502179,0.0031503327189906843
0.008303193736325355,0.0024597133727517952
0.009358939280564495,0.0012127091478320584
0.003593415425662462,0.008087047058696971
0.006184608489572105,0.0027023707660009085
0.007311371616419843,0.005172044918430287
0.006817215548151328,0.0034438262271265004
0.009668836539903768,0.002447874207869985
0.00785976654360947,0.00436854306906442
0.009401327759269162,0.005751851342057399
0.009401964438932715,0.0017306835427886302
0.00879914852743969,0.0020570642982191047
0.00920799627748485,0.0013290239515565865
0.007568380426161898,0.0024240321474776417
0.009336273322297965,0.0017632459949378431
0.0028155814711514167,0.003802429154436339
0.007026087723461884,0.002994161030394674
0.004526438946773832,0.0051612361077866785
0.007962320809287545,0.004156407021538448
0.005206336327143575,0.00534335356815868
0.00895706451249765,0.0014300810833959106
0.0032196172909799486,0.005526965650316083
0.008315193283516892,0.002363367747813673
0.007988479168024823,0.0015029494781913571
0.009943844709854849,0.0018415813650448486
0.00829274978661133,0.002796906338924878
0.008662439685877283,0.0017356350456452828
0.009163603208838278,0.0018814293552632168
0.00600837315312595,0.0017681056202646268
0.00271355183895545,0.005571291237643508
0.009473647692303092,0.0017532457374833535
0.010477554924791868,0.01106209860074868
0.007283940465232587,0.0027771000803248434
0.007325122761797698,0.005393452703230214
0.009097943724904748,0.0009229502463150652
0.010130376121263683,0.008672908610807217
0.0036109636124914924,0.005403364557779806
0.003880195893831495,0.005663235819728002
0.007215587387275514,0.004731954021795333
0.006753719041926391,0.004216926487445311
0.004840397719108303,-0.001326719240512259
0.007886301299396811,0.0019349422651763846
0.007351018346570948,0.002605912943659564
0.008042538431154326,0.0033428980823321415
0.008299320608754247,0.004255615612365858
0.007818001094415609,0.0023261682768684544
0.007024323729694967,0.004120500010682865
0.005336966659453516,0.002074276903239334
0.00780482886547507,0.0029024881464302776
0.009064216915589148,0.0014585749041460226
0.007112341990740067,0.0027202018528138935
0.00792412309917475,0.002853386862210306
0.005974828616074944,0.002274445873093148
0.005066703000949694,0.006390363072634523
0.0035021251517227195,0.004472301980323001
0.007106026947683539,0.00434666321417603
0.009606721554407876,0.0013875371859622902
0.010370105475668398,0.001967760808731121
0.008621023171735014,0.0006687070402651412
0.009285598583585235,0.0019119491710881094
0.008490881735563543,0.002408477587995308
0.0022518976899014945,0.004356492374494551
0.0066820838662574565,0.0014804224110061322
0.007497001319846491,0.0016352064115284174
0.009735451786329237,0.0016186554720172544
0.004314840852293041,0.0031971940125846377
0.007050736074106634,0.0024778392812601483
0.004891149791667054,0.003623975853005102
0.00974786822645638,0.003917782429175688
0.006488808778640831,5.518889877995439e-06
0.004880944590000864,0.005533935876053678
0.0056784667714540205,0.002538339335201329
0.008714958027070787,0.0030040826618713667
0.007068327207376325,0.002900423870046629
0.007692226307156829,0.004004219466358542
0.0070219876904578545,0.0016807764098459056
0.008535850499846197,0.0010393702256094638
0.00915763449368931,0.002065011636845847
0.006743475366290839,0.003112697780595977
0.007745957541849601,0.00225400933354322
0.00902107868063955,0.001865703300431269
0.006239175212471358,0.0018998675858693179
0.00338187811944799,0.005988516888293113
0.009475427451494312,0.0012689822575655436
0.005545839747393127,0.00445968604963568
0.008177126420245873,0.003477674600274784
0.007146428276099685,0.0010340629973499076
0.002840992627361854,0.004496037165307927
0.009192715312023415,0.002723249421164882
0.00615937861985058,0.0031737754733870893
0.0036506174883922703,0.002848020024474399
0.007801221175717214,0.0025322774630977627
0.00961359527175455,0.0014973653785438738
0.007810682930128102,0.009893591505015112
0.004908302212453319,0.000296540263953253
0.0016351333598737224,-0.00026898193753697487
0.005572052559726533,0.0042687240156693545
0.008409284478867133,0.002308683805357265
0.009493649086604675,0.0014235851869085102
-0.0013081545920254102,0.002320544981756708
0.005297158467208016,0.0035496632324625516
0.006087788472927381,0.0024765614631448952
0.004243960224384101,0.005489034705080549
0.005643653765595746,0.0022953886917057046
0.008932270727671183,0.0016122406469864436
0.005892877966806427,0.004083594663345994
0.009738832780036667,0.0017253092297240423
0.007486009040460129,0.002791286792721206
0.007815023811051208,0.0021249373032924844
0.005307177027830826,0.0011171842143042673
0.007679894613857933,6.762269332770583e-05
0.009370195897620876,0.010489327380027497
0.009892794287854417,0.0017893221483132916
0.007097340634163851,0.0061459148379787555
0.008367795189184336,0.0035724664083285358
0.008988901164251016,0.002090466214932766
0.0071015494718149556,0.0016968554099586813
0.005630071926619523,0.00259623626889462
0.005009991867266665,0.006044826837227122
0.006707377444225542,0.0029963735923849103
0.0060715949506581325,0.001918648688389128
0.010033881037997076,0.0016796873298940721
0.009612123692903827,0.008250792212688986
0.005525559181708325,0.004631447417304433
0.008427011616572864,0.0018745548456633567
0.005986870933510573,0.006604092227095319
0.008602620890150525,0.0024347626435240258
0.008914571879834758,0.008180813490822897
0.009684562179830183,0.0019317500617531732
0.008689633160930514,0.002796675506809259
0.0028615949814585684,0.00557760219432405
0.0072653304075519865,0.006580919769672456
0.004314840852293041,0.0031971940125846377
0.006294657276965149,0.0067290593987243495
0.004271177312404483,0.005437648335121395
0.00740212058826151,0.004709563324367388
0.010080551729280426,0.0017253305936264316
0.006269787148893774,0.0025815428358363047
0.009973066659450844,0.0013696709651760553
0.006800765092664636,0.0011100306779447287
0.0051974152867962095,0.0006739307503861817
0.009859319178146506,0.0013994866417565985
0.005584502097600773,0.004254030138892919
0.009660609196033482,0.0014000561386700444
0.006180159032168111,0.0037258608232146623
0.008283652749698436,0.0014592080356134827
0.006019541355152755,0.005061396184420009
0.005126506969577018,-0.0004625749116758081
0.007991624588272975,0.0036795664568666786
0.009288885626091283,0.0014566272330639217
0.002766717447762918,0.005688936724991726
0.008805319534449258,0.0027482889142088386
0.006400023761693546,0.005431259039809035
0.006500737977682342,0.002033001173590133
0.004621306813488774,0.008055258695303154
0.0028574975692096417,0.0006854901551613928
0.006155688021253887,0.0038459589755235803
0.005109991414630725,0.00644881519215847
0.0052691086499539715,0.0010897624718414932
0.006144341876910982,0.004549629601288671
0.008168099788654511,0.0017914614004322345
0.008136392863697196,0.0008787694767877193
0.007734167626783139,0.0016381630103100555
0.008675033821523966,0.003322302702593952
0.009266138616803097,0.001448418532642117
0.009106438022401526,0.0018398205950161247
0.006131628244770607,0.002642750402376737
0.008798194306030557,0.002654311027491278
0.005093347384097921,0.0037736507013619988
0.007859909163604215,0.0004431054572903558
0.009772688567373691,0.0012833626510491795
0.006593105540189385,0.005449381154464033
0.005538863740922958,0.002588270068379509
0.009512718428378641,0.001660451661457645
0.006811214667001792,0.0015198701627439199
0.0067900825072653445,0.004791017600725123
0.006938330523971229,0.0018320122108261934
0.004157763381148581,0.00149869941236853
0.00282656170668371,0.00477664301661985
0.003997776240287098,0.0015021959901548717
0.006828658287349948,0.0017183220429840664
0.0006702904040524873,0.0011537575203322652
0.006923432973921096,0.004752812732342514
0.008293591354203716,0.0024103863710033414
0.007743842348708035,0.00332415226125263
0.002887387796879617,0.005752532253897173
0.0012644720863729392,0.0021614391915362498
0.008013730127173931,0.0015318393410053066
0.004573789083083084,0.007604731633798966
0.0034779329819245863,0.0061997665954304955
0.009296738100106639,0.002111166211293063
0.00826322742811206,0.0028837879953509567
0.011547537876633145,0.009992790305740958
0.009121441953851664,0.0024508149880725395
0.006427879287752326,3.7492201827762917e-05
0.007307082431343641,0.0013789500950775555
0.009466041692422277,0.003076953330958772
0.008590769360907177,0.0009337414783783292
0.005341311536419809,0.0033033968330832674
0.0041431077780091285,0.006776279472748764
0.009873800809098499,0.001643381037534723
0.007940613109104922,0.0030537630880684034
0.005644131725808734,0.0025178250612422244
0.006223544408408121,0.0037403514132877762
0.00825903869998305,0.0025255764292973796
0.005909500217168189,0.0017125516647059245
0.007144899073482352,0.01088054755489792
0.009282728470633954,0.001564693619300745
0.007846939318926558,0.0026499356995842963
0.0030943606110604375,0.0053926971290273774
0.00853950184498158,0.0021656982264745125
0.004478589949880696,0.005314351589891963
0.006667495201969164,0.0024323960664348406
0.007558182845210406,0.0009804090891986318
0.001816855599266612,0.003990833882472863
0.007178870062998243,0.0018013085931717502
0.00933602656988971,0.0036585947895487244
0.006947028259493662,0.004937267331312929
0.006223729715377262,0.000390694722270454
0.005624502255029741,0.0064541211379081425
0.0037461650009528134,0.009834264831005912
0.00458286517391129,0.00306296876496622
0.002848632008731625,0.005143284620840682
0.009336273322297965,0.0017632459949378431
0.009409971913260245,0.0021060651539810673
0.00917652435543434,0.0026537180250102268
0.005517453512561951,0.003300007344129028
0.006266468282193382,0.00288387684781281
0.006817748233091309,0.0014281871994240034
0.005879496636934139,0.0038728325777682825
0.0037610720967368675,0.005330525444046389
0.005732538476950832,0.001865831475371572
0.010087728033539918,0.002368370513949618
0.01134413788598456,0.004482756123278342
0.007846939318926558,0.0026499356995842963
0.010110346860425954,0.004528061491914787
0.008192608020256412,0.0016702760724116644
0.004386891336451881,0.003937880075179225
0.01011326416630862,0.0018304246308032427
0.008746499118718219,0.002015055852701843
0.007341846063463021,0.0019198634769499933
0.007463227244251234,0.0029203636837766356
0.010822757885641195,0.004836520342739525
0.006371962019468388,0.0036862955955840214
0.007488949500498849,0.0018747146836898352
0.005429707899507029,0.002849185712161824
0.0089650323095039,0.002327201865781497
0.0013075074466539693,0.006703005781354692
0.0074610381338430995,0.002531956248691297
0.006627183351296473,0.0017466528148660943
0.007108834859737996,0.0015968936649452085
0.00866109359449739,0.0029034092487094446
0.00680302942605109,0.0018112390015576985
0.0056870214326792245,0.004784502870164117
0.007203933574139868,0.003908901979923889
0.003170333735558105,0.004957094046882255
0.009045912963912807,0.0013475264728299782
0.009282242525371798,0.002177624788967546
0.009236186441517967,0.001332715553272832
0.006907621874283409,0.0018987379538945035
0.006989005245926005,0.0020354624406552415
0.007224033560096024,0.0025577664390564183
0.008482978120252206,0.0024466341523925435
0.008450660753457889,0.002268256338347394
0.008502420459048247,0.0007552147465675913
0.006154135360507243,0.0027021532905492024
0.005256157532322195,0.004844043721481007
0.003532292277982598,0.005820707424835874
0.009513817902511663,0.0013256086973785055
0.006992776074860747,-0.0009827622077275347
0.0053189904656977946,0.0017738262086544635
0.005704243418132867,0.0009989560418699082
0.008459741136579048,0.0015096775182389197
0.007175080062428789,0.002108174275216467
0.0033554659747707634,0.0071511484902053325
0.010093305041225988,0.005594180645472279
0.006443065794537415,0.002585747805503521
0.008835592513767969,0.0011356427576700552
0.005004781891925165,0.006283223804219823
0.008395929091822345,0.00188944370539429
0.006170304105276822,0.004632946367275792
0.008747531567054278,0.0019404683227200554
0.003499717498280823,0.006159390790842072
0.006482358701746674,0.0046110489701071495
0.005111619133870174,0.0036346378479801883
0.010082399334362141,0.005043214069526749
0.0065413160640676385,0.005234289255426402
0.006588131772894211,0.0003277679929583714
0.006161945309292158,0.0012648012553361909
0.009108443030589719,0.0032433997574119024
0.00789559486769277,0.0027436900252223017
0.006811214667001792,0.0015198701627439199
0.00527303797862158,0.004091247207797014
0.007806252922254361,0.001556035902155895
0.008123135405254469,0.00186265327959518
0.002571094175911893,0.01555393343309942
0.007203933574139868,0.003908901979923889
0.0026625378306775415,0.010423239487826913
0.008453725929285857,0.0016104247772411925
0.0030180051574981203,0.006258639651082905
0.007785749650372968,0.0023173190823211265
0.006268176895282302,0.0027731187529739746
0.006519797226223514,0.00496601242127856
0.002757463476952161,0.005318834404693233
0.005876421587062575,0.0033173096346109827
0.0062875024176324516,0.001036852481085166
0.0006247202266213888,0.002070385461971737
0.0075868901803155565,0.002128885601984175
0.006285489950834194,0.002636141935973939
0.002986745926201434,0.009964432213632097
0.00871838073156466,0.0018689538858225737
0.00824271399163646,0.0017115332825181385
0.004294925266053449,0.005401563619112975
0.007609950273949718,0.0025401008534025305
0.006701055254441379,0.0042267027111990265
0.008686254344861895,0.002060202644440255
0.007560624004912961,0.002154491114828825
0.007358829908062067,0.002826872977356994
0.0080038792534694,0.00271918517971803
0.0022526753112645168,0.006266731690680399
0.004938556301876233,0.004294722711008172
0.005339861416986443,0.0042643090779232
0.006568477041182432,0.0034715463898520437
0.008372720047329339,0.0040103280088067605
0.006952381188351533,0.001998642884675897
0.007212033849537546,0.003454714922222931
0.00727181472219539,0.002780356515860752
0.009198535998726179,0.0057904338928469554
0.005844135213104579,0.0038774918516426777
0.0036344111455805387,0.006951045387982941
-0.0028981875129114685,-0.002081933162749119
0.006315093623727042,0.0027989158065909016
0.008589289162267125,0.006164008443557866
0.009320988892693227,0.0015986558480766827
0.006880645785835852,0.004049262747392614
0.00976355807451797,0.0020452948862893583
0.00898798455726978,0.001111228253678099
0.0066805673090132,0.002266238307272561
0.00793268086530328,0.0016366986348622208
0.008833434186287452,0.0022281899965719536
0.0054735418511364506,0.004207477041088973
0.009513399872835764,0.0037730253822696623
0.006811214667001792,0.0015198701627439199
0.009390352991337114,0.0021644636054856765
0.008440515936622317,0.00342116297359846
0.009147320233291506,0.0022239706332946307
0.006552229105315978,0.0031764596604854874
0.0038251771976803356,0.004193343098528426
0.009178343887650446,0.0014901500231386307
0.009458244247693568,0.0034995054863799684
0.010186322704066723,0.0034007750678211462
0.007432653719688697,0.00042039117126218065
0.007734806443513858,0.0029734703458563216
0.009988666501914198,0.008925119112293076
0.008937922851735444,0.0026753154246536943
0.007233557441700764,0.004101656991483439
0.009386369935861139,0.0016031943067868568
0.010144749689744187,0.0048369882592237574
0.008709305735657721,0.003644717439807335
0.007357570862596731,0.001289592418785306
0.0099312103383874,0.0016783749539415619
0.006093777806075823,0.0037559618504162716
0.004314840852293041,0.0031971940125846377
0.005009754581395938,0.00526921499042895
0.008528748248301252,0.0009642719953624444
0.00580916664281371,0.0037861318968915184
0.009205568866862746,0.0012757245037772333
0.005174633163646796,0.005580384882363217
0.006650792121336008,0.001629059596099735
0.009010742686342034,0.00572365238323853
0.007171373830521324,0.0013495143208782888
0.007792296077958496,0.002033863796727259
0.009652217100833499,0.0013526985536762197
0.008303479203555258,0.0026968094538568346
0.0077798418362778135,0.001481521623429195
0.004233494911516235,-0.0013351647680960015
0.006518234376977667,0.0015295912153491745
0.0020648112936812717,0.003234491333762332
0.008872457364683301,0.002272201828429135
0.0065980482498871375,0.002413419499149385
0.007368351582055649,0.0017810320642783041
0.003499717498280823,0.006159390790842072
0.009658437288039105,0.0015676303974806781
0.007556980572599242,0.00047535609461540895
0.008910222534925882,0.0016998738190750588
0.003109982478892084,0.006057923929796144
-0.00032726337281540653,0.0025591187327787023
-0.00076701764393173,0.000795470145627919
0.006244924151728908,0.001873359143479204
0.005067195023593841,0.008486274270016029
0.007962739135892086,0.005610686341845544
0.008817709219194263,0.003953038883822489
0.00683667605275176,0.0007190381465525218
0.009542974463571711,0.0020122910294934244
0.008372411551218744,0.002418852384541422
0.0008399195465203183,-0.0016685039992836073
0.008225570019677261,0.004262856078175893
0.0035447698805014553,0.006574685906191925
0.0035035670981052778,0.00585862861068414
0.006992596930828668,0.0023008357639128117
0.007433470667127225,0.0016361265715582555
0.00531589890229854,0.005154159014929888
0.00333278118810015,0.0065212473107280865
0.007212096727576219,0.0003401050473534721
0.009640860756973756,0.0015163121987494732
0.006696695874667619,0.0015278179820048653
0.006118096788235395,0.0025471490271268687
0.005662352541582907,0.001646690846334487
0.006157585079824364,0.004587504220312556
0.009742520339651044,0.0017406026049922186
0.004550379857603701,0.0035198728185101913
0.004958174600599842,0.0036870850646683814
0.01150644189812481,0.006497075303943067
0.008287043081813881,0.0009690337292617927
0.006136883687901388,0.005861959166049119
0.006141694201453585,0.002427713751852298
0.009144398513306617,0.0018929368127981964
0.009868178737124901,0.0036674645949808134
0.00688235720763205,0.0013323982981940288
0.005575623496391211,0.00239361715320229
0.006084160073220207,0.00279392517814061
0.006025323079285265,0.003157586439585874
0.00394138659722914,0.0026814144869613766
0.006222517034725757,0.00735688487057487
0.008675542278243568,0.0006456027973703064
0.009134769942542625,0.002235625484203702
0.006994216793799219,0.003253797911319848
0.009239593656266084,0.006864504529757651
0.007267013152834391,0.0031099940378126927
-0.0011495015583513745,0.0025287435617061937
0.004870926423182177,0.0062060817256477515
0.009056809284200582,0.002118186111130069
0.008632900206117157,0.0007086117744683502
0.006414458307180128,0.002386669556242898
0.005691841677260556,0.004339637650028245
0.006143161986971017,0.004540239189292069
0.007102279995383638,0.0020455627036760704
0.009082354145183635,0.001511788778594517
0.004513610686050421,0.006048105667212013
0.005476264733670877,0.002111526522539122
0.005979217862682799,0.003504074586210687
0.0076882305368071715,0.0013952853812148058
0.006061040679567593,0.0008320738896393787
0.00502955029233034,0.0008859753482319283
0.005026470263569973,0.0064683722923279344
0.009344519336124048,0.005194801139462898
0.004513610686050421,0.006048105667212013
0.00803974587412511,0.004321730498928118
0.004925892828693761,-0.0006677548896138925
0.00895078967145646,0.0019232639956262504
0.009627582757220731,0.002498691451745085
0.008780728933896738,0.0030590687416914685
0.008161801571610276,0.0019635939735751853
0.007875326207074505,0.003655594837215439
0.005858240217867445,0.0015499710501582654
0.006201688579461624,0.002621406527339662
0.005628172270203435,0.005281786489618299
0.009107036065147678,0.003058690841683147
0.00884276117798545,0.004181328071639267
0.006753719041926391,0.004216926487445311
0.0075080106287069666,0.0022068158832525336
0.008234509867447545,0.0019140539185925924
0.006959259550612114,0.001048087881956275
0.007861327039248411,0.0045201293942178
0.008365288269404154,0.0019903541745526004
0.009134608625855642,0.005570184701677725
0.0029071193907850585,0.006224089036248182
0.006553156162832055,0.003947282080527556
0.004854882468832981,-9.193557165301097e-06
0.009151533547623162,0.0030745732325243432
0.008924616547503768,0.0025509433048649536
0.005373224863762572,0.004794689954137455
0.0031618196004392874,-0.0027788388578836453
0.006552229105315978,0.0031764596604854874
0.005814864362068726,0.0017500420127017175
0.009367118393166356,0.004228968259572082
0.009532179658532883,0.002582832544682394
0.011791873790231566,0.007682923339036617
0.0062915240783523955,0.005253344635103616
0.004343681093305354,0.006902432274677421
0.0076777877378854074,0.0038986786850017732
0.0032196172909799486,0.005526965650316083
0.007794860320950819,0.001342882603270314
0.009376945427344354,0.0021132032541441564
0.008018556736369841,0.002328979864552065
0.009931031318577546,0.002332794253574047
0.007485864846965066,0.0023806492708603228
0.0025218943283039493,-0.00240033771888878
0.0054458232973740705,0.005597773709007615
0.007193457279926873,0.0013970885486586128
0.004316204975993034,0.005192902162309957
0.009474020320466757,0.001707448105601318
0.0055355069699931925,0.0012768580590560782
0.009280753153844018,0.003583047742611792
0.0049619280183064406,0.0028382002238135483
0.005849772694549998,0.000920001780853553
0.009002564738887104,0.007890397352766008
0.005026872530107168,0.0011047602826812445
0.0076794503162082375,0.004414505402162426
0.009452420817701162,0.0028741340404886693
0.007326752856026668,0.005282700035219536
0.006844488168235196,0.0020396889718952696
0.009354689702881391,0.0023246638053795532
0.005652390763900172,0.0015176881655695274
0.0056232191011761565,0.0027586119637967622
0.009932774822384296,0.002373319990323106
0.00354398630223107,0.004962796089138498
0.008246718492141937,0.003050942311715578
0.009581067355570905,0.002750584079421357
0.006096177090099972,-0.0002903476894353177
0.009876277213426623,0.0026010051580144826
0.00171855365798383,-0.0005711967701132591
0.008610426673052307,0.0029870203404842987
0.007199579971256854,0.006644116508661528
0.005707966040988943,0.0018669001265286915
0.009771986607728662,0.003187999363855866
0.007635780607065537,0.0004624890965603274
0.00794649975990553,0.0009581417035410622
0.005045612236242981,0.0019338638763016476
0.008777060005958414,0.0014186266433138814
0.006874142933853653,0.0013627551350571454
0.009204366399555932,0.0011936327456225542
0.003691049259411606,0.0056812799333548535
0.0065047684453095195,0.00171496292469188
0.0028827885859884087,0.005672031470180931
0.007203933574139868,0.003908901979923889
0.004965138985030539,0.006461670253595385
0.009747616908655258,0.0046300239386233705
0.004173208743798242,0.0025525853660199422
0.006700456956773699,0.00016418382708317976
-0.0015868028537904975,0.00510875015191483
0.007095533994787957,0.0017867343397654986
0.007864715755000827,0.0026261254192627495
0.00903209323264912,0.0027496276722303392
0.0016303524395295263,-0.00011590315921055413
0.003532292277982598,0.005820707424835874
0.007886301299396811,0.0019349422651763846
0.008988948769072795,0.001622827301768717
0.0072236599884873045,0.005193466949617892
0.005828537847924646,0.001582116267246668
0.007954705840444366,0.002527169711869729
0.0031948755712965012,0.0045265189438076
0.009193963604056858,0.0020502156982561692
0.006843254193725905,0.004395318378877522
0.007690835962532606,0.004426920688979468
0.008067637252678629,0.0025353534802716876
0.0011154189064743782,0.0032854249823638174
0.009142532959197204,0.0021448161563203394
0.0028527077460596467,0.005493552580553275
0.006865311451023598,0.0013408283768309645
0.004986942384742813,0.006126023141923492
0.00733545347138149,0.0017678169951092434
0.006810737885712674,0.004126182886347984
0.008383212181859619,0.0032349909219893712
0.003722672210809958,-0.0021344382151419787
0.0068286492934321675,0.0020096362439948013
0.006287694800006701,0.002603052383502707
0.00822369250729515,0.002192122048707063
0.006990129636475943,0.004404235812194776
0.006489133985381975,0.002803490499115562
0.00929769241855036,0.0052437300770085855
0.006116631992372608,0.0034439304064866243
0.005091007301159564,0.004741164613102096
0.0018147725508935175,-0.0005515953683926499
0.009134282080538033,0.007346728694531337
0.008920231962564444,0.006097337570494752
0.006698751115796799,0.002100021606576719
0.006041015795903309,0.0017046916319948492
0.008689666411619824,0.001630750217359366
0.008643064709952419,0.001436223190762029
0.009045381419857858,0.0024638111630866785
0.006786488241350512,0.0022593239801259653
0.006774078668109503,0.0034181281865045335
0.007615636900063531,0.00014087480672811056
0.005291742442737396,0.0022300889355688644
0.008826622861887085,0.002596902157419122
0.006941216666941344,0.010426881549689702
0.007203933574139868,0.003908901979923889
0.00929438839609692,0.0022995371939344743
0.007091527507799594,0.0006438225140252742
0.0049666465521564776,0.004134552815390764
0.009069969639292236,0.001421272007667112
0.01005018133449327,0.0036014699594412117
0.0035432102806335786,0.003662209551816141
0.005626168225883438,0.003748738953319748
0.007720705504688502,0.002509093268505465
0.008731208275995293,0.0015758916884754401
0.0037952551664886007,0.007479378279902234
0.006091862008985439,0.004501632166399911
0.008425934106810846,0.0017343921405640426
0.0013759792529781387,0.0029910932574683247
0.005465792527643707,0.004773470414272955
0.006322890905509061,0.0015859047457410461
0.009715783045175855,0.005782479273426744
0.004621306813488774,0.008055258695303154
0.00862135295333569,0.006073505901929879
0.004314840852293041,0.0031971940125846377
0.008036703113331187,0.0033447075404478928
0.00800366395968988,0.003375656695690915
0.010081494460432956,0.012916106209087827
0.00989866185368602,0.0015857019407902566
0.007214990872614373,0.0018821598969156672
0.006275983053867071,0.002637194354517404
0.006822143316621075,0.0016826354850301567
0.009204457218194576,0.0015048268471554733
0.008407577866783757,0.001818864936919246
0.0066411618990025465,0.0015436909288582832
0.003514644744769308,0.0070109921064830764
0.006144341876910982,0.004549629601288671
0.007275593451800654,0.0019697973104344678
0.007268735758080737,0.0005669251327262148
0.006719874893911926,0.002199116144605798
0.007684573724105016,0.003005820201771504
0.005504953824878759,-0.0009124092487198861
0.005339861416986443,0.0042643090779232
0.005256157532322195,0.004844043721481007
0.007113552826054983,0.0042131004713793115
0.008335791758394683,0.001993487242861535
0.009624776639874566,0.0013675671208397359
0.007020851204425338,0.001535171757534373
0.007083317002375828,0.0015818696782191853
0.006444411159242477,0.004967305340772376
0.00514195263785626,0.002403323462174453
0.008999595304002654,0.0029045814431430533
0.0067215182034052485,0.002130475865035607
0.007311225777584628,0.0016790752423796532
0.006227718501265179,0.002482670324601522
0.006674507758826931,0.005953877711258905
0.004564086459157985,0.006148520814061251
0.007447232883528653,0.0010505367623844138
0.007334640088917792,0.0015375063881037645
0.004558914838681598,0.003645060075182863
0.005976020967975524,0.0035743803516460554
0.009508007060247209,0.002013157685307929
0.006144341876910982,0.004549629601288671
0.004739521681852442,0.004700804995191273
0.007018579623357144,0.0012186513843579026
0.008646398332889492,0.0028943333112542192
0.006989005245926005,0.0020354624406552415
0.007559534326619172,0.0029335130543202952
0.008970098567613223,0.0023691890182364
0.00903660159271704,0.0025817366301402545
0.0071541695418250615,0.0008801180258725021
0.008285727063245096,0.002759184241650582
0.006957171034262929,0.001491073482961451
0.009414233980584347,0.0028437834963290767
0.009203042480151385,0.0009566279533202307
0.00785218690863101,0.0052463056646526035
0.0063755358966397085,0.0053912646405597925
0.0053323097812586415,0.003396385447686555
0.005820467005630109,0.004059843163437157
0.00038305931460129363,0.01184185025856352
0.010163022441549496,0.001724519184558117
0.005196644779784476,0.00475227207809504
0.00892489784913273,0.0012399021640565559
0.011120538337614085,0.006705416097508789
0.005556055045460505,0.002279630362662652
0.005819801038620823,0.0031404053688072354
0.008626577659668429,0.0030592866320544067
0.004996452257599124,0.008915238643075921
0.006719095345592424,0.0027382548034086823
0.0076187691462648,0.001741512175672622
0.0072255763443933915,0.0015595523651030993
0.008892710774672935,0.0010704854653017896
0.0070856217747480195,0.0018294680182660414
0.009592080248310403,0.0028509125340918477
0.005926448569145554,0.0013828725421597843
0.00310126806244295,0.005296740119069601
0.00912625014760051,0.0024585687840372964
0.0009284108825180553,0.0038975644760730352
0.006151660960011223,0.004407816466288494
0.008595038568318735,0.0026497394375076663
0.008610935553171092,0.0011315077754928127
0.0006565837524265842,0.0023695482227381673
0.0062500690908084905,0.004879199340801749
0.005597134056248484,0.004579811942192437
0.007558182845210406,0.0009804090891986318
0.008770313847221541,0.0015638376189142811
0.008975652293029188,0.0012881483220316516
0.007513545031848986,0.0024969429426485125
0.005392234154296097,0.00229768994642285
0.00503618860296213,0.0010048752860558913
0.009695164887570672,0.003990698794112925
0.005428309895076292,0.0016968681672095342
0.009424288160110521,0.0027624514490780256
0.004515334362541135,0.005365962307096513
0.00894837558270911,0.0021256092857434364
0.008210731096576347,0.0009300895075244576
0.007149081840486505,0.0019783722428609483
0.009089540699262256,0.0024379474056948867
0.008957437184824727,0.0022517316019529934
0.004689433730014613,0.005811507223208841
0.00905165463312631,0.003987634026378197
0.005042128768600828,0.005013478465101883
0.00690991035371722,0.0028531153279099707
0.0069407094716569355,0.0021343250161939883
0.007022588444268006,0.003932489615397274
0.004618928702529047,0.006235653885198327
0.003841180741589747,0.014594164242138755
0.0064690251184186445,0.0022224114918813227
0.008831729391021385,0.002706095003786238
0.004027080380939967,0.004697201552468603
0.005062599651636954,0.0008748307883138309
0.009184015808574201,0.0012702702868281164
0.004314840852293041,0.0031971940125846377
0.0060198501405172794,0.0022827868488720865
0.010595777020316614,0.009478063753920959
0.0050835965930465556,0.0028933888629244665
0.009981192767212954,0.0020298204933165906
0.0067307781376502365,0.0009434945419038113
0.0020304535284589543,0.0008472213824411183
0.007772987308353705,0.003674926358752756
0.009258025015717552,0.005431733516071028
0.006872299812916045,-0.0010464812670251695
0.002397694063089385,0.005441345304657494
0.005823372801005597,0.004896210799017113
0.00921742116592274,0.002400158194142658
0.006811214667001792,0.0015198701627439199
0.006045037719755591,0.00529732724328331
0.009075773202898051,0.002428517918316924
0.007607499417335342,0.0015344001370629825
0.007556742941483387,0.001208665970792465
0.008617201655342192,0.0025638002539748973
0.006603573291515813,0.002736030645129379
0.009664762874940079,0.002436400586683771
0.006206631713109742,0.0023526708766744998
0.0034678642695382712,0.006388755832026168
0.007335046887030773,0.001994662294143624
0.009048102810232573,0.00822353707179469
0.009218455890407382,0.0016039596455647877
0.006742163505624467,0.001668016676923019
0.007837754254545106,0.000941544251816983
0.008856196196912499,0.0020140004458563173
0.009379879574030373,0.0016683494822676342
0.003998381627591124,0.005939347466386653
0.007557381466464947,0.0022336654765311523
0.0070051378232188904,0.003066260993929676
0.0060732050111442235,0.005903914642931221
0.00897864478082414,0.002284575964882086
0.00700847941072685,0.0017524652891596614
0.009112838700257149,0.0024183522943629606
0.005325828243371653,0.0031928631176915767
0.006080945956834236,0.003988945884867184
0.009315105444569975,0.002131587828899658
0.009792573727924133,0.0013879039473270764
0.0028866040777820057,0.005319507630911506
0.008107706006845437,0.001209156190659269
0.002840992627361854,0.004496037165307927
0.007506142507596268,0.0020081189129048634
0.005961799830021705,0.003025917291501282
0.0027662370010234742,0.005510841024498839
0.005895994376502354,0.002638769165020749
0.0049666465521564776,0.004134552815390764
0.009932273656506611,0.001680561807525737
0.006530658779787391,0.002669099394753023
0.005407834761012854,0.00551260806327847
0.0031253405749748523,0.004430081627529401
0.006267698201647762,0.0019128851296700625
0.007761559583072721,0.0019778994524541444
0.0032403964374313095,0.0047198002744969735
0.007813549043195651,0.0002908659964976322
0.009469490966834374,0.0013578606864132975
0.008837171854498744,0.002029863577091162
0.006760750887389746,0.002109038573315016
0.008048174987484044,0.0026431414107200343
0.009148337828276426,0.005455425030517929
0.00037473473162076467,-0.0022120812824528565
0.004891149791667054,0.003623975853005102
0.007431312299040311,-0.00020169757376578426
0.008826670086548596,0.0026760323336295763
0.009184386316327404,0.0013260952072224582
0.00565713826927299,0.004166717932597498
0.007279722087116006,0.002605360614300372
0.008260546618687473,0.0029923695024463336
0.007644435976540756,0.003969640948771794
0.007633264410733859,0.0032027934838064
0.006144341876910982,0.004549629601288671
0.005426430332767559,0.0038966433112519626
0.007974926009050521,0.0018606745767208513
0.003750757877550937,0.00643928819926814
0.00812824383670614,0.004220858830431627
0.004649705312217721,0.00032130473787848716
0.006342352410980615,0.0027587053094465432
0.006952649616384533,0.002585388860028113
0.007683223229530063,0.0023145412290308375
0.00783929137352075,0.0023197391971708963
0.006575412923776617,0.0026518059814600882
0.003566270185064547,0.005993409439855171
0.008025876626403295,0.001738841519206417
0.006488808778640831,5.518889877995439e-06
0.007893384164641203,0.0025073084651997335
0.0027568263281836317,0.005105791428127306
-0.0002605001286722945,-6.111960238353031e-05
0.0075264634512326395,0.0013314516584687587
0.009586244000898234,0.0017928924802743775
0.0039331337222260334,0.004962541077146017
0.008309122197450947,0.0015941770283471731
0.004235672146133038,0.006831261028586207
0.008387539097882825,0.0022436443920711355
0.006811214667001792,0.0015198701627439199
0.0030866956005158016,0.004676439514216045
0.006975976036431672,0.003210042222883012
0.005644147029726624,0.0021792696109053673
0.010273890954089617,0.00214094601860526
0.005881608248602171,0.00504228643637226
0.008546234622236887,0.0019847707191451257
0.006903406166553026,0.001882350142957001
4.707253683485825e-05,-0.002467753873937304
0.010144173899348453,0.0041138013751403375
0.008441297460380071,0.009225874886634986
0.009522794749912546,0.0023874797304109163
0.0067765686315959806,0.0014725490184029546
0.005606148707373887,0.002325222020602099
0.006178531182763404,0.0051960323352783395
0.0037610720967368675,0.005330525444046389
0.006269635576330115,0.0001326716051573973
0.0029131194170733173,0.00436761668675643
0.008302020637720273,0.0011119668168278274
0.006752984090009389,0.0037330210601674908
0.0031948755712965012,0.0045265189438076
0.007597780121680283,0.0018893458095356995
0.007641565866312463,0.0014337812306113393
0.002447809299311113,0.00027152695834370844
0.009244495972933822,0.0017883469176561166
0.008020980555776276,0.007004823083991348
0.0052757794885730245,0.00564766154243859
0.0009672549446541516,0.002168223238520708
0.0080157957476571,0.0008263421916166747
0.0073813342162906805,0.0016191326511679196
0.006842209858331825,0.00267129102000295
0.0055639687769739495,0.003140861460762875
0.007021917242502567,0.0009379627201784781
0.0068162127413485185,0.0018652792417449436
0.010232682817084763,0.003553666538376769
0.006761632666098366,0.0048209925181731395
0.006061734853707569,0.003199558732275955
0.008917210239367694,0.0012498248896787708
0.009800576753431638,0.003995699351541828
0.009919741111234278,0.0022510393271635834
0.010070210930690677,0.002592480551850806
0.00814553519374294,0.0014740896611414832
-3.519108649899412e-05,8.813607499918823e-05
0.00941902039677291,0.0031973028906084715
0.008733990737623733,0.003349130335055386
0.0036288247126528995,0.006932057589616911
0.008384151974977761,0.0015657994589322512
0.008376646633369862,0.0018665627612708185
0.00823392606016422,0.0020041365725235695
0.006365944492205174,0.004556926780052867
0.009158949363753444,0.0016061028041632524
0.010755126487465553,0.0068729463800536236
0.0066346953076891054,0.0032470723841726305
0.006954832985421737,0.001675959341767141
0.006115880487794655,0.003045475019565819
0.008437550773572952,0.0018058441602390955
0.007931218174274942,0.0019026027381190622
0.009807918661618432,0.001422549649291483
0.003514644744769308,0.0070109921064830764
0.008902690208253242,0.0010800105042678143
0.007439044386363847,0.0028727891795441362
0.008121893710966784,0.003668049970700681
0.0054806111572118805,0.005449111839116012
0.0027531941962636126,0.004875288167887877
0.012301713117929585,0.0062769984299093865
0.0062811294772590525,0.0019197899923058962
0.00980135410983436,0.0015542995898053125
0.0032474365999916087,0.006177288586073975
0.0068595985694875836,0.0018060545253365673
0.005124862712431327,0.0018575639183834106
0.006268995836698196,0.0032883829337067867
0.005188315177115051,0.00435645393112089
0.007002089360257398,0.0015474771943383412
0.007067991350493176,0.0014711176333951194
0.006923432973921096,0.004752812732342514
0.0029332179642693537,0.003368388080474194
0.00947577069859163,0.002409797594225975
0.004353054322846056,0.00020424278207708223
0.009256281925286245,0.0032978510305109636
0.008346377627057838,0.0017329562099372012
0.008516482404531435,-0.0007979063795095047
0.0035447698805014553,0.006574685906191925
0.009032894717281727,0.0021469497534302813
0.009290209305663787,0.002225492198905399
0.00621569253118519,0.0021469406283660805
0.009787415657772441,0.0014541092113910326
0.007663726071421688,0.0040067089672432615
0.008222737300109263,0.0021714582949488408
0.0073266213469349965,0.0020279448815776566
0.0072211437757042345,0.0007323408184745171
0.007521902964009304,0.002129517666539329
0.006912448677214228,0.00352069926090903
-0.0006110679255161679,-0.0005643208779388866
0.007607122803229932,0.002891351516495648
0.005065469257230909,0.0028790815298323415
0.007806432102784019,0.002306166119846899
0.009106438022401526,0.0018398205950161247
0.008048382464128468,0.0020786362085544125
0.008151561016932537,0.003067226496380939
0.00887164775088882,0.0018569566033566501
0.009175101507455768,0.003043126601424433
0.008859348180716233,0.0020807002007758877
0.0030825170188881652,0.006033197086679868
0.0071121492348288325,0.0014978296632659847
0.008998749912260885,0.0022853707540466074
0.007186071940519581,0.0008460033552632126
0.01000473161980514,0.0015958952016701892
0.009963723421273371,0.0036958122263004885
0.009482016868580292,0.0019332259396228069
0.004176773288171979,0.005776075131384242
0.004621306813488774,0.008055258695303154
0.006160434833015396,0.004810145486498798
0.005672688404782209,0.002477963821609944
0.009813131200339071,0.0020888851648273535
0.0080411515078289,0.0017087749045662098
0.0073041274658552395,0.0013063569054805992
0.003656331819682532,0.008090508828680839
0.0074899997924988805,0.0013606283930814398
0.0051167305240365285,0.002498202630506107
0.00766406619643101,0.001746213767068485
0.008442886861906994,0.001708087973185922
0.007308762799990744,0.0025730885848115202
0.007723259837191953,0.0012765608933863921
0.011476746150917927,0.0040154759608104825
0.0032958456277385213,0.0037198524983853825
0.007785082164564367,0.0016302521517925226
0.004293299202413807,0.00649339432730745
0.010453395713364348,0.0020516039677625905
0.005237269396630411,0.003328856034765991
0.0029870701003914474,0.0053923334819482
0.006715218581066655,0.0028371095686823312
0.00397733836807698,0.003978340968677232
0.005467989888933914,0.004773424896511351
0.008278043943181348,0.0025217473999485556
0.00422252760584233,0.006591941914885709
0.006243691863081645,0.005535101887949766
0.009473686099540187,0.0015725476438863033
0.008661127877066067,0.001787750800105791
0.007822462744094635,0.0011140560183107587
0.0014193532233506556,-0.0007798940494151878
0.005186918575803461,0.008430116361816705
0.0064232263892490035,0.0018169765616919626
0.007474711384241783,0.000551775752589705
0.00947141267856967,0.0018575724952505715
0.006508807367642077,0.007339967200862127
0.006561953378478378,0.0048114285330885225
0.00562587212082625,0.003591454451679095
0.009148567984209285,0.005167292764647523
0.0036344111455805387,0.006951045387982941
0.003722672210809958,-0.0021344382151419787
0.006811214667001792,0.0015198701627439199
0.007886521932064674,0.003675692205695918
0.006843254193725905,0.004395318378877522
0.00801662887243412,0.0023953421321998717
0.006389148943968941,0.005206325450326969
0.005863154455433492,0.0037688803488102217
0.005222474207162014,0.0027393501461783548
0.006070441694493353,0.006669652865081244
0.006124808179488369,0.00038508848166309007
0.009064881592252405,0.0030189781185647503
0.00920425805691091,0.00509978510831894
0.007311421324420974,0.001755286971287364
0.0056165515034894194,-0.0011140305356464927
0.009358947984060173,0.0016239071207751112
0.002840992627361854,0.004496037165307927
0.0032473206170497183,0.0059629787610164684
0.006133324230086051,0.0019018584485378824
0.007103094526863758,0.0017717102018046972
0.006365944492205174,0.004556926780052867
0.006274322661757162,0.001241275814843808
0.009247346438168623,0.0016757803654933925
0.008969955076869415,0.0038939854660994576
0.005088699273472542,0.002669779452236039
0.00544122583686704,0.0024383060685153023
0.008045117413617318,0.002926982734660701
0.006187787591660375,0.004527592000691579
0.006689576652467055,0.000298532980024269
0.0077919771979726325,0.002066826315773711
0.009197534859459428,0.004523644872474149
0.0075922977622015515,0.0005146978869545061
0.009010191508876046,0.0021376604801882516
0.004634505111289497,0.012294128900207575
0.004935951237738659,0.005767204989823156
0.0033681524646197855,-0.0008104777097359163
0.0031948755712965012,0.0045265189438076
0.00746659473111832,0.002549331409999552
0.005810444469774717,-0.0003920433172406451
0.009126427240955248,0.002006786557477017
0.006719951221838972,0.0020629504452256914
0.009908595359453277,0.004173195474252052
0.008799991220031188,0.0022054481807729344
0.0056273601521976135,0.004088958622811117
0.003150942576004295,0.006703870205230916
-0.0038136655895054166,-0.00230931534884468
0.004891149791667054,0.003623975853005102
0.004680388051272766,0.006383394112620511
0.003546679045160276,0.005509846301643759
0.008285686642478748,0.001056449567573955
0.00927827088564773,0.002526601569874283
0.004891149791667054,0.003623975853005102
0.008610173739887175,0.0022159011545450687
0.006596202250522016,0.0026808726629595206
0.009261194750472827,0.0015984321537597735
0.006143161986971017,0.004540239189292069
0.006438146915516953,0.0023429557725289166
0.007073549936302639,0.0038206429692135965
0.006823546705299766,0.0010714975388455648
0.009332170323961449,0.0031341580226130423
0.007652564090907986,0.004749761536061231
0.008929791116956288,0.0028990950492725895
0.008726096971481821,0.002902564321183824
0.006456679217316337,0.005062259391250419
0.0053062726728761705,0.004651321520729647
0.007654717894737734,0.0019506887898692194
0.006646748746138393,0.001533383263990805
0.009977068948219842,0.0016357620187918039
0.006818857759267909,0.002468063756446711
0.006948872801191257,0.0015239100391015873
0.007381800952649635,0.002676801362439288
0.0037519750066605977,0.014316450856491782
0.008761808812432388,0.0026781835613644035
0.0037953384265926524,0.005227385259293662
0.0061494232408699735,0.002153867615798764
0.005049296516075806,0.004369515899307318
0.009184015808574201,0.0012702702868281164
0.007871716835719578,0.003971669852213215
0.00830963804100124,0.0025975860417542605
0.004820454754868919,0.0040016926226087626
0.009664409314100033,0.003752897144111829
0.006923432973921096,0.004752812732342514
0.007424255612688074,0.00189309143832974
0.007136221683123566,0.000515605529002771
0.009832850347043148,0.0015035461988954805
0.0057856126040673455,0.0009786080046282637
0.00507318159894479,0.0017980269039046294
0.006061795562293012,0.0021396473586505534
0.0050473216781326165,0.002676670563432326
0.010006794101471466,0.0026586826462268584
0.009545937927285662,0.0013264911665055714
0.008646431543032415,0.002896725234873143
0.004900922698695272,0.0034911259216407267
0.005779733901893969,0.0016261131080201755
0.00956583156729449,0.001608422217994762
0.007771926461841644,0.0015108251738817548
0.0088946877250217,0.0027628033477508597
0.0057981084707204094,0.0041442023165307795
0.0065890802691894405,0.0017218151519841135
0.005797146321016627,0.0011419698757858731
0.00860376193948648,0.0022749259620530376
0.008473226764739482,0.0013748899759734416
0.0065653602360686205,-8.164465068835614e-06
0.009873675710521406,0.010361027315737603
0.005223014951073221,0.0025142330259663994
0.005567247454479412,0.005023314174267871
0.0060182847739307975,0.0004257021013757724
0.005690599967662461,0.0017776363961584775
0.010016814841352514,0.0025782942799325746
0.008636983523751286,0.001275067521203912
0.003756508596709513,0.00776995176885215
0.0063226536238657136,0.0024666121303543653
0.00649360845873578,0.004692899445076263
0.009439436539756305,0.0022845718826013826
0.005166992373172119,0.0023107817535017953
0.004043146809961065,0.006659991528510766
0.007151592548710246,0.0013002241462949302
0.0023614660024409975,0.004336823795022646
0.008285686642478748,0.001056449567573955
0.004522898958973299,0.007629087601557283
0.005493063612510576,0.004691000191124454
0.008042502346744066,0.002483984283701668
0.0060251490499282495,0.003907170579791432
0.005071515491104266,0.0015279211052214511
0.007609950273949718,0.0025401008534025305
0.008793055055544062,0.0011238225444940748
0.0018133607572796036,0.007260050976306043
0.006889162794578257,0.0021285668698330608
0.009452510250969676,0.002321545114788881
0.007258640859248589,0.0019540886568702844
0.009118543145444608,0.0015878403602779126
0.006491653343971055,0.002072979700427498
0.004992347643387184,0.006445994140279778
0.007384706149970996,0.0016399403077958143
0.005768383836228791,0.005292742443306735
0.004960739540334484,0.0031533514104252246
0.00784853950049523,0.0013392010062474348
0.005457705487541613,0.004762639340192927
0.0013490032998091442,-0.0011909945591622954
0.0065092361925367425,0.004847941928161647
0.005841864778636459,0.0025566095810548002
0.00978635233965323,0.001451922357806854
0.006143161986971017,0.004540239189292069
0.004446363889469404,0.006190420401916292
0.006990117188145637,0.0034473705054882363
0.006552229105315978,0.0031764596604854874
0.005629595958935788,0.004794504023765609
0.005299738077558068,0.0016416689058217325
0.009820530914106496,0.0037126356143742613
0.008785063458509445,0.008269605734447613
0.009859319178146506,0.0013994866417565985
0.008248479474817423,0.0022645706651962354
0.008271650648466588,0.002706457016059499
0.007362287431678919,0.00343670362513806
0.009685812198418547,0.005320917836436512
0.006266763749316434,0.0027657880352857907
0.005076326559917107,0.004600641460413254
0.004176773288171979,0.005776075131384242
0.0074068929744967454,0.003967302268305786
0.00611111631800095,0.004501947776936269
0.0038725510063307342,0.013951337025853416
0.007113552826054983,0.0042131004713793115
0.009241090726247337,0.0022558061538889085
0.004043903209144916,0.005620875580464998
0.00756922392105751,0.003998460815080743
0.00747802310685264,0.0024970568819206677
0.00196581862995401,0.004942108222540743
0.007215587387275514,0.004731954021795333
0.003150942576004295,0.006703870205230916
0.010663664088552837,0.004249092583692755
0.009378442437227892,0.001441610455133635
0.00752205145913386,0.0021231878496662656
0.008325604148084514,0.0040982331657239135
0.002146756712148281,-0.000698575373376897
0.00802982297143908,0.00024984177457044836
0.008714824249590403,0.0022599816737104905
0.004971957827965084,0.0018060708520835954
0.009499372237667444,0.0014087298101653541
0.009548631785791717,0.0016658353048381157
0.007275554331013356,0.0024448372216420884
0.005497297637198378,0.001394517714226418
0.006147591616582813,0.004166714609474675
0.006349566877890027,0.002381825451590514
0.005339861416986443,0.0042643090779232
0.007137070924495169,0.0021060484564488424
0.0037922089269961483,0.009834108132088662
0.008800094577802276,0.003045110629868365
0.006117367824963749,-0.0005870108715594728
0.009583921517829497,0.0023998756521664937
0.007887223400903198,0.0023766662208031366
0.008197182959147778,0.0017940915600760231
0.003514644744769308,0.0070109921064830764
0.0027727719567743466,0.0029644852800029967
0.005692272604389003,0.003640430425798635
0.009381471823197242,0.0014077640867290065
0.005845831918514533,0.002127189255127216
0.009366948143319977,0.0017250720573737197
0.006525667388005476,0.001543556926861163
0.004499608782224529,0.005934937227977411
0.006572390418755027,0.001918441494896046
0.008724737977920602,0.0012320044753667764
0.0035021251517227195,0.004472301980323001
0.004839360936735754,0.004163926913563393
0.004969752870220606,0.002443022097739893
0.00707915081570399,0.0018379194861315989
0.01000473161980514,0.0015958952016701892
0.00868998067498446,0.0025468485966526413
0.006061628552220118,0.006388615990084693
0.006237985456502465,0.0018946236367486423
0.006425783167403103,0.0020863654954212992
0.0021752960354715616,0.004950933580777934
0.00812238779497202,0.0014311647813331201
0.007197073898032293,0.004402194705633374
0.0062280738031252406,0.0025556990002853133
0.007979773752246278,0.002365821375621381
0.00873679323518153,0.0020613085900189195
0.0025862378360942025,0.0003757940877671846
0.007825422347140648,0.001890142243535931
0.009103514433590351,0.002076510271051939
0.010016814841352514,0.0025782942799325746
0.006058670812547471,0.0008274138926931737
0.008822518368368552,0.0025690213185755022
0.005026470263569973,0.0064683722923279344
0.009187908306158144,0.0017697724548018465
0.005431765657403002,0.004169774935636323
0.007122640304794977,0.0002614987327871892
0.004176843575617175,-0.0012059098611943578
0.009006347204052224,0.0023079765309980526
0.0065612357216231305,0.0014262657263077903
0.00919546574085893,0.0019660690195451988
0.004177936110855197,0.0066749235897875184
0.006901794777736859,0.005490505292415055
0.0056904199190650736,0.0024918710417008447
0.005443976309303138,0.0031611111823389923
0.008977603893261191,0.004523047558758993
0.008171075296731587,0.001295636379209466
0.007254524884199997,0.0017086710557835186
0.005040280636799785,0.0014624237777729095
0.008871711802755304,0.0016453200734829355
0.0031948755712965012,0.0045265189438076
0.005435972943705146,0.003598249195546613
0.008643679831122656,0.004414239319875555
0.007392350861279408,-0.0003900550413132812
0.004903993076965118,0.00425256695898277
0.009313532757531339,0.005768053368418939
0.008971335334565315,0.001995734553898414
0.0027766963144136188,0.009840163801393796
0.00902563474890641,0.00262927276451419
0.0069628453173174384,0.0020231776372706314
-0.0028981875129114685,-0.002081933162749119
0.008668553270225136,0.005283634616809565
0.005722484010435125,0.002160456118561001
0.006316626005072089,0.0022975243205695236
0.006811214667001792,0.0015198701627439199
0.004314840852293041,0.0031971940125846377
0.008348901606184607,0.002371743248787788
0.007294171573881637,0.0027037205762970515
0.005343097171568143,0.003539637658309829
0.003708477027186712,-0.0021599937980257364
0.007516408027880776,0.0001829290995245328
0.0062335575657383405,0.00311914073951197
0.006530371226930523,0.0011716855301283392
0.006711962924170214,0.0029331707346432973
0.006549442956350544,0.002907266209540949
0.0053722659363697085,-0.0006819823822427247
0.009910379366935193,0.0025205985700418668
0.006087146809631058,0.0028004923237236537
0.00879023422372947,0.002405210141258235
0.006186797108377643,0.0038408645570978885
0.007887132556360343,0.0021354361613404108
0.007510729419848965,0.0012350599599093553
0.0059900574663681256,0.004903031876264862
-0.0005361461778809716,0.0033954958019604305
0.008215354739528969,0.003122006234458295
0.009104085969564676,0.0018772265583087647
0.006702398073669005,0.0007376454341067439
0.00776931018419263,0.0018428693604822938
0.0067942190584726146,0.0035929424685498465
0.006605965049003545,0.003330905038705292
0.01049117770505305,0.004462531897568811
0.007007909077589491,0.001261802677862845
0.006876703333320114,0.0018883927619612407
0.0064103599382001894,0.0022011045355056517
0.006273605095384833,0.004333012333801632
0.0066682329221377425,0.002021910099357367
0.00539951372603726,0.0016596817962981642
0.008764891144394604,0.002246227048404048
0.008525412119226819,0.0024855371462940536
0.00366923729369325,0.006298730723822477
0.008990368362585467,0.0013558608144552215
0.004764113374805802,0.0033193461730465727
0.005075735593714064,0.005059258753632034
0.00925073036743549,0.0035267617466241677
0.00635367198485119,0.0019130665393054984
0.006370679900752738,0.002289570649058212
0.003986213600448147,-0.0004975421295510089
0.006582280568492303,0.006169948928435035
0.006941405901028652,0.00184540555255242
0.009354220968164913,0.0018082184402288771
0.008234772049013647,0.0025318246151577435
0.009489482869767848,0.001707043874590355
0.007220113838645648,0.0017903190003156514
0.00588735371095732,0.0038747145852733146
0.002130588047636341,0.000899335099234371
0.005831229239355777,0.004236954464077139
0.0078057936507489765,0.0016661049796200594
0.007107226257666344,0.0037278286355106405
0.006516777808592304,0.0022020913362287573
0.008468186229263524,0.0033716987734385582
0.007068856568142502,0.002890706221671882
0.005997193176752396,0.004145089417553384
0.004992347643387184,0.006445994140279778
0.0088946877250217,0.0027628033477508597
0.0030866956005158016,0.004676439514216045
0.007408954090779826,0.0011848192810775936
0.007682939453246204,0.001999013852335722
0.004692621962371424,0.0048489779374615806
0.007712276879911026,0.001137172433647463
0.003144326829459491,0.004719775788521449
0.007311900655886987,0.0038004823760151977
0.007731645898039921,0.001580862332916458
0.004353245653842205,0.00536321806785235
0.009680966051360292,0.0016904523229937587
0.006660162027340432,0.002861499898147878
0.007745957541849601,0.00225400933354322
0.005140770735911487,0.0065363268455511814
0.00983068370782004,0.0038267109982433444
0.006115986045269813,0.004085386785807519
0.009878888394136344,0.001864411815680301
0.006737688000506687,0.0002311417972513316
0.007563066768213546,0.002021562466585439
0.007443477383717096,0.0023889837779193313
0.007976993056277104,0.002610099007620926
0.007690663557871411,0.002935591178282357
0.0067141759651277565,0.005029305142118473
0.007310712657338273,0.005685920199799984
0.006850947803640291,0.001540313998497812
0.0035021251517227195,0.004472301980323001
0.0012812193345503702,-0.001067163859878431
0.006217619619848076,0.0011975454968188755
0.006648743758836487,0.00014155792634575233
0.0044074037221302495,0.0034154766999346256
0.008778564361679496,0.0009680890424646413
0.006210265041099348,0.005086715507423757
0.005622140623483471,0.0028872241096671
0.0064797160555312375,0.0011419952642780576
0.009340922227371633,0.0016882589983934207
0.005801511367041597,0.003013686481264174
0.01151611499129122,0.004009289916927616
0.0027568263281836317,0.005105791428127306
0.009038987890004605,0.001873593032651645
0.0085384633609975,0.001728103665158751
0.007215587387275514,0.004731954021795333
0.00033230279691429544,0.008872842000841354
0.006968104887200576,0.0018217482050107018
0.009553148657439624,0.0014977655815142368
0.007746574419486514,0.0020710183766291315
0.007969471139948829,0.0018233714206100987
0.003150942576004295,0.006703870205230916
0.0039800993818423685,0.007057888787707826
0.006792069764102071,0.0027562778272835794
0.00940404625736857,0.002827556252211454
0.007429792301243478,0.0015736780079879864
0.005822903342913522,0.0023927893660868563
0.005851355171443757,0.003881893400503096
0.005468797166339419,0.002148647376245397
0.0035762009137536915,0.0063187130088559655
0.006732499228851052,0.002166989150791585
0.004423874657427598,0.005330604686892837
0.0069846599575332305,0.005387537426539208
0.006816492498574614,0.003627842774339753
0.006293808268931316,0.00840134313841792
0.00595669747046715,0.0014086730672864907
0.007479113654042085,0.0038630890189770978
0.007303230603523184,0.0031080579875918096
0.005145309187141184,0.0044084319611829735
0.007344975606702156,0.0020109506750604425
0.005974260755303438,-0.0006656727789051886
0.00898055524064832,0.002325241342051157
0.006482072502780609,0.0034820633605571476
0.009380181818584226,0.0018957549030699733
0.006468810149983823,0.002525682528827444
0.007971556907630278,0.002243056150670617
0.00923200864468754,0.002129012757826864
0.009634386230849407,0.0013212437513201074
0.005707949359176127,0.008547651073323361
0.009319077727045367,0.002048177072843078
0.006167425667964893,0.002257537283185735
0.004611257679603391,0.0028759817169360623
0.0062773413238461605,0.003811557785127576
0.0066579587727341495,0.0007933312122822677
0.007497026525705823,-0.00029293530003193964
0.004003712401239529,0.003284325207660889
0.008447530736890132,0.0022988347700955876
0.008950489333711667,0.0016889362574350614
0.005570721433912403,0.0008853476835823694
0.00590636866474274,0.006529719805146196
0.006368366659593819,0.0034979561834152712
0.005557739876912727,0.00501084055271602
0.008971902220473196,0.0014991474479708828
0.00894022226136937,0.0012091132124261075
0.007927602626522078,0.0013369907968174433
0.004080694712629531,0.010435798993089457
0.004423874657427598,0.005330604686892837
0.011696056925062545,0.005895724508257415
0.00676756965000087,0.0036426138188612525
0.0073552675257082065,0.0028362402103475483
0.007833685324561676,0.0009936541461897782
0.004743020552143376,-0.00020310405705444186
0.006753719041926391,0.004216926487445311
0.008422690553902094,0.0027119233142533887
0.007493848702559416,0.0029212981615297034
0.009714298785516077,0.0033545831072810915
0.0076187691462648,0.001741512175672622
0.002766717447762918,0.005688936724991726
0.006214751460113499,0.0028794373592722113
0.004254540928740564,0.005724711678754798
0.009562048665154855,0.001996500013490973
0.010704885057409836,0.004537519221213777
0.008294661349393974,0.0018504902452654405
0.008279441673637117,0.0012169379581946525
0.008549111676934649,0.002747475666540651
0.007955148031392377,0.0010321863227514862
0.0049935860978539805,-0.001114998984017795
0.006199364082308828,0.006668424176728333
0.0027568263281836317,0.005105791428127306
0.005910721144043988,0.002038708293975059
0.006233144941581288,0.0024362512550268247
0.0065295867205467486,0.0017885453708628464
0.008850355676864614,0.002298847142616768
0.005937183253330574,0.0026010953754711987
0.00864080413680645,0.0022864312000722307
0.0061715714282371955,0.002809122746529666
0.006595953113607726,0.0025615320698437567
0.008316828266662205,0.003073720089729815
0.0072211437757042345,0.0007323408184745171
0.007609950273949718,0.0025401008534025305
0.008740860185330778,0.001330341151888543
0.009216059351897527,0.001178023484661386
0.006245638194604552,0.0034023109952043976
0.00927827088564773,0.002526601569874283
0.003691049259411606,0.0056812799333548535
0.0071830747014951565,0.0020532160232052637
0.00535549842703946,0.0034865669088595674
0.006923432973921096,0.004752812732342514
0.008437996521055396,0.0013789585871004382
0.00618553698438812,-0.0008778387306283362
0.008781326704418814,0.0030715364648729766
0.00548100826253411,0.0016785808690015867
0.0087232611438482,0.003111098432262924
0.01143945389161117,0.008289640365511783
0.0025658522530133347,0.005281572698484967
0.011707939476959407,0.008727749839556403
0.005893565485485444,0.0029217536676610706
0.004510879819116855,0.00589182356052219
0.008018184928234789,0.0018002290960437229
0.0053062726728761705,0.004651321520729647
0.005624502255029741,0.0064541211379081425
0.006368366659593819,0.0034979561834152712
0.007769598318565419,0.002505346184574004
0.0058150089077131754,0.0025202628523661903
0.006395915584429137,0.004028110422984208
0.005235702051182111,0.0030062864162114997
0.00793039357583937,0.0029524166453760332
0.0037307347835863333,0.0006299597746284649
0.005793777551253564,0.0019775037189058518
0.0047832396343786086,0.005585762975155634
0.005164303873294479,0.0048097883637209845
0.006980755516643945,0.002101317144072165
0.008599754439517451,0.0036509331748089827
0.007207151866795742,0.0020436454419007453
0.005904336140458618,0.001985952727230505
0.009140585550903213,0.002061408724890919
0.008820390482064209,0.004887761941501621
0.009675382207556277,0.0033469806756294415
0.003236078254713194,0.004728578103280237
0.008931934399203218,0.0034838941241961364
0.004727265346744467,0.006165611062028123
0.006772993088075922,0.0029243640380478596
0.00551183211538043,0.0003332408413978475
0.007127776116833042,0.0028938327933042927
0.001004235996912171,0.006545488183852011
0.004173208743798242,0.0025525853660199422
0.008925311030190243,0.0027611159920669214
0.004314840852293041,0.0031971940125846377
0.006845546658322482,0.003743222721231923
0.007234068201292522,0.005472974150922795
0.004375074311135884,0.007006323968153448
0.006588581582327522,0.0031701781526246127
0.008434322042760454,0.0011526872321764737
0.007668549045809794,0.0020562759365818873
0.007441445220504552,0.005522068358601685
0.004712894618010048,0.004457577086557845
0.004320962443877721,0.002686098593445909
0.0028104916140623453,0.004744359261156306
0.0098919063138305,0.002542051529826177
0.008466285460389454,0.0039021646135609577
0.0074908188267756495,0.0007670270289929452
0.004924756921278154,0.005673566831183005
0.008874982123577421,0.0036660645445990604
0.006036737405741981,0.0017568107087931354
0.008402745981800826,0.0027379545764232693
0.006139133139592315,0.0036087004873827915
0.008970730447770626,0.002576603619463341
0.009570228167294,0.0017967221764915754
0.006764424764364668,0.0034412325813580526
0.004727265346744467,0.006165611062028123
0.002152030178226509,-0.0010760975962130015
0.007040614596831701,0.002275463735211196
0.006225347701038853,0.0032316654581368686
0.005770345054603065,0.002683663311462487
0.00914675946453516,0.005019813612651169
0.005307363572011076,0.007729463137441606
-0.0015868028537904975,0.00510875015191483
0.0044667460541615986,0.002858141442623794
0.005995396869863278,0.0017913342143528223
0.003912929220378713,0.00872032442323439
0.005027835524829199,0.00110958460717832
0.008919247438054945,0.002341168106894549
0.009212852267334103,0.002331247361230914
0.008761808812432388,0.0026781835613644035
0.0070604804731128805,0.001528941526317433
0.0020110753046175558,0.011688629209139541
0.007833685324561676,0.0009936541461897782
0.0031948755712965012,0.0045265189438076
0.008287653850444044,0.0018457007315644874
0.007276581730792943,0.0021055177306717457
0.007145750666437793,0.0018996791045665564
0.009505594091989561,0.002343424736542335
0.009211591731006061,0.0063228113849987284
0.008356341125846486,0.0026321920618160638
0.005820467005630109,0.004059843163437157
0.00447978917447133,0.003246270734688383
0.00909299069700583,0.0026624233623525643
0.0031948755712965012,0.0045265189438076
0.009114240762725824,0.0015584955257099496
0.002047256318767449,0.010798798227332543
0.00636575545900564,0.0006085193203062816
0.007937091212472401,0.0027084555393147728
0.01054862770302915,0.005668558296161737
0.004987732020142166,0.006292400966906836
0.009689622327711027,0.002496498978266798
0.007594685742212785,0.002105832699594388
-0.000816065479381946,-0.0017547151949794454
0.0063202840048065916,0.004851884047578244
0.008602208955370519,0.003104858640909934
0.00395000522893019,0.0052730353128726554
0.007372432024072894,0.0019629632509526934
0.004351434823112805,0.005122925492818254
-0.0004897584268997706,-8.975444038201823e-05
0.008293591354203716,0.0024103863710033414
0.009479530568418642,0.0025713335629381686
0.008984891785855882,0.0025667380426103274
0.002538104805828916,0.002818823650860028
0.007049858607377277,0.0015755748412276723
0.009181731289368803,0.006153689431164134
0.007355826646313952,0.001901957805437675
0.0027899995947457835,0.005155515603129521
0.002597163347434036,0.002764898473996809
0.007564402129905563,0.0003008081269134759
0.007934917836705736,0.004897281829921149
0.009628324144202421,0.0019222435445336063
0.0017145528505350602,0.0020741963097473445
0.009365997791822872,0.004460216319157484
0.006645387067800041,-0.0005696067543187848
0.00923007939198545,0.0013679561199471018
0.0099312103383874,0.0016783749539415619
0.008018556736369841,0.002328979864552065
0.008876483204642011,0.0026679052739193333
0.007434937970705186,0.003616425617288136
0.008018556736369841,0.002328979864552065
0.007270065324390942,-0.0005080428619362726
0.006185332728690851,0.00033448481161663275
0.006982903434070278,0.0020327847267061763
0.007537300520113879,0.0016746336984878613
0.009359412800882237,0.0023621785007245212
0.005661019877904401,0.004489125017027301
0.00033230279691429544,0.008872842000841354
0.009058619999397503,0.001084048181484886
0.006825793663685784,0.0014272838637981447
0.008507883326084232,0.002249033397602249
0.008640346711408236,0.0038816667738698647
0.009537618377122416,0.0015910046355363354
0.007775550459942513,0.0023591416797667016
0.008134312616931972,0.0018145523452533117
0.007085162778458326,0.003215093964525805
0.0089650323095039,0.002327201865781497
0.007799827329977568,0.0015286715249447323
0.006776635328898883,0.001066302379012226
0.00749186378912526,0.0011132829295424466
0.005426430332767559,0.0038966433112519626
0.009936586156395161,0.0051190495611017
0.009056770276820572,0.00127121307032741
0.00910394546076098,0.001993623352288346
0.0058653430087298964,0.003897370540651258
0.00525106486175661,0.0043103059385829565
0.009982831929886676,0.005441648849631874
0.008850504395271935,0.001458028166870606
0.006653459635599363,0.0030074501348141287
0.009568643652345383,0.0017537480852188418
0.009458401546892932,0.0013452608711335464
0.00896036039764695,0.0017059810322700552
0.005195632321890393,0.004782965536615969
0.008805569546819568,0.0017891752871899095
0.0065390047758833985,0.001322481917400438
0.009237833061625619,0.0014646998429664543
0.007231214046633104,0.0018184083987547884
0.009524099562921908,0.0052087114729929265
0.00906201456787208,0.0016870464339053294
0.004343681093305354,0.006902432274677421
0.009544801025251643,0.0020305149069789023
0.005778014496227881,0.005665054395469361
0.007076895521467599,0.0032386680732543844
0.008921012387775849,0.0017046231817479185
0.007623876283363931,0.0014817425756991024
0.009851956480623692,0.0014327291187833926
0.007549442855779755,0.002660893314550059
0.0014672997331280921,0.006475210229882462
0.006234558733764633,0.0012008965565013215
0.00792512602169193,0.002290439784262378
0.005572052559726533,0.0042687240156693545
0.007640374618473594,0.0015803764068322169
0.004894069140560214,0.0055066707172741775
0.005741678483686135,0.0024843698243883425
0.009972784103282829,0.0016544143192661377
0.007358646886472484,0.001823550805707781
0.006614089248434653,0.0018197574750660767
0.010138032522921284,0.005323330425441413
0.007685933337713291,0.0021173776915846777
-0.002010865717377547,0.004621091349801959
0.011328764759691017,0.004419848031025957
0.008054865326366609,0.002388911718925953
0.001817404915519156,0.0026848456757582583
0.0069205443639349384,0.0021989317255321876
0.0012757536134016855,-0.000960751590676644
0.006746829875768795,0.0018569743869882548
0.009759322233064721,0.0016115351655084133
0.005452814681295416,0.005065511307424922
0.009112815997624243,0.0024928923139543226
0.006519797226223514,0.00496601242127856
0.005328833180106153,0.0014008656418427563
0.012201265220383362,0.006885813218728328
0.006465926235221099,0.0017923681475987682
0.00905326138847248,0.009174223276677936
0.00945797310949866,0.0019092560765250639
0.008793570416597538,0.003280319158788224
0.01014629799024589,0.004828355281286607
0.007783075401513672,0.003951138441676471
0.003710827788526029,0.007880352773576951
0.006804868713539849,0.0014522075718349167
0.006538147215461916,0.0029655213520398613
0.00643164243177058,0.002612122581386724
0.006923065417384251,0.0022034913540152643
0.0038906337572472156,-0.000816561728820657
0.008486631541992872,0.0024706335326711683
0.009717170940419219,0.0020820296486814046
0.009347217755047793,0.0016450940338476718
0.003353183168861215,0.003848896900809625
0.006332969028606138,0.0020676182379242855
0.010341316284630725,0.004108769476389719
0.009034094256421397,0.0018059001904545766
0.002479501174815814,0.004610839171199301
0.009377047951270218,0.002331176799002517
0.006592913155408414,0.0028892458908069876
0.006628627463474839,0.0013253238967941656
0.005096641884521668,0.0085324027763106
0.0051932724240073575,0.006747380467818392
0.0070632577933048,0.0028035210605532285
0.009755309924520476,0.0019381320249830828
0.0060523614466203,0.004781497347765788
0.009544881140803745,0.002812175659934578
0.007315005659506799,-0.0005202645175852831
0.007499161895606037,0.0017054989093123855
0.005593930145143688,0.0013660798441492246
0.007623314927612311,0.0012033133819355007
0.00884992233404593,0.0026481544108665177
0.007712914213652405,0.00137750992567551
0.006462943570575683,0.0014689880997962104
0.009207870891395057,0.0018653877315187618
0.009207130151787,0.0053700050365737525
-0.000493396830225928,-0.0018734703983736781
0.009012908730001852,0.007740067733038128
0.004960739540334484,0.0031533514104252246
0.008540883495179123,0.003251592705983528
0.007819779166541661,0.0009701669379763821
0.007001285294685232,0.0039906739445609695
0.007224409413780737,0.001963071625457795
0.0085082319515803,0.001210460174617213
-0.0006787770760164433,0.0008507464376763772
0.00502859675302259,0.0029424314046202623
0.0063226536238657136,0.0024666121303543653
0.004944795633796887,0.006369481938334209
0.007094158186154704,0.002244718402013293
0.006058601744654935,3.5337093621155835e-05
0.007108834859737996,0.0015968936649452085
0.007304937828933296,0.0014085509824378322
0.007682812312697688,0.001618165360181157
0.008431750117926295,0.00304083597264815
0.006864562754564295,0.003897949110164699
0.009173465528034882,0.0017813297635413021
0.01002985313051347,0.001672001042110188
0.00944589533910988,0.0016783911818696456
0.004902888483711268,-0.0005062303831961934
0.00871973053321538,0.0023816770173952107
0.008564884153265496,0.0035929036731401423
0.005075735593714064,0.005059258753632034
0.009021120304041487,0.0026653058460155412
0.008850123417378886,0.002746647994592591
0.006993549592296106,0.0008574640575744739
0.00588462542101599,0.0053174081875628325
0.00823624731327292,0.0015235622770566224
0.003698475862569154,0.00641507018114922
0.009438917764269805,0.0018520070619725488
0.009225584499369992,0.003099594347055176
0.006179671197279761,0.002311214995121033
0.007493848702559416,0.0029212981615297034
0.0030943606110604375,0.0053926971290273774
0.006864562754564295,0.003897949110164699
0.005763618924020229,0.00451007717625801
0.00793039357583937,0.0029524166453760332
0.009893389491904377,0.004039353002860141
0.008281505242636397,0.002766555474794756
0.007238195312281764,0.0037696843488157325
0.00577187776666698,-1.0197613096615127e-05
0.008477405000899437,0.003463993759176009
0.005426430332767559,0.0038966433112519626
0.009013664382925713,0.002290168289976644
0.008091579791710529,0.0044663081921165635
0.008170511914311323,0.002523032972098568
0.00957571033192724,0.001931767168237993
0.003691049259411606,0.0056812799333548535
0.0050984322408590185,0.004213089677556259
0.009243745928664811,0.002971536534509437
0.005346438038423799,0.0013784700422024652
0.009514872767601509,0.0022053055618281425
0.0018607291823221463,0.011635992953415898
0.009545937927285662,0.0013264911665055714
0.005336799723966964,0.0004255587661277163
0.007207605354016918,0.0018250422435271722
0.009077945281022317,0.0016657025806684333
0.006967452773907795,0.0013928936121805381
0.00850559930938472,0.0037398792083293882
0.007917252118793674,0.0037177071757416094
0.009493436923536115,0.0016491546656152442
0.007745957541849601,0.00225400933354322
0.007352632994149931,0.003170233666967461
0.008414373642326584,0.0025935864271677813
0.005856893795172259,0.002473252769371325
0.0048940797115580815,0.0063270477268543126
0.00939939433237504,0.0021053809503691727
0.007126463084573092,0.0013340316168099272
0.003269921090474752,0.006681142702729229
0.0099259996261684,0.0019524505139334458
0.008991565151021395,0.0018935811469847803
0.0060421569425683705,0.0045196450358095976
0.008303479203555258,0.0026968094538568346
0.009674378811632434,0.0013503829019374507
0.005894424756831333,0.002168075934015517
0.005780246213895832,0.002302061957336821
0.009748058908510498,0.0014353474629393657
0.008954474583765856,0.0049946998151832395
0.006368366659593819,0.0034979561834152712
0.007126049307807143,0.004722126000872379
0.005140770735911487,0.0065363268455511814
0.004341447687649494,-0.001283932239243838
0.006693330619784941,-0.00028597811932834505
0.007933727222564779,0.0013817016027871023
0.00770610059353222,0.001473090698076161
0.009245945723311987,0.0020172697019700415
0.006349632174726073,0.005019254882781904
0.006729401730110225,0.003463467037547946
0.005574197779447088,0.0013811184788152901
0.002229471851746226,0.0066591259334848815
0.00895283634546612,0.0018304731305506762
0.009106791531062915,0.0025916768060515634
0.004450669757873965,0.0038897677395262004
0.004423874657427598,0.005330604686892837
0.010065358769744511,0.009350123079206667
0.009129887643043245,0.0024219552063178846
0.00426756624404474,0.006449513416796124
0.007751169636953916,0.004287634290800328
0.004891149791667054,0.003623975853005102
0.008766358428709549,0.0028536952197738136
0.009434217513992402,0.001318249050167239
0.007075501566873616,0.0013268862281817003
0.005444854605595983,0.0036564294032536164
0.00597687707214639,0.002728669231153995
0.002583564347245708,0.00037692285381497014
0.005745287742895026,0.0029237845485405633
0.005167684432316567,0.004506049795296722
0.004537881191947247,0.007204773600601467
0.005840005264386674,0.008685853403141704
0.0014518542076379457,0.005869160555927362
0.009512133118996366,0.001468422683174271
0.009585419458570653,0.007880291989084505
0.0074826574767520105,0.006129483336378566
0.006155828966312325,0.005690146989365204
0.012643317563744646,0.008792765432116384
0.006898990404746656,0.0037430157224035707
0.007681021621086667,0.0019099269242645297
0.006674507758826931,0.005953877711258905
0.006786488241350512,0.0022593239801259653
0.006786488241350512,0.0022593239801259653
0.008865719078072355,0.0023761941157059404
0.008352564116600049,0.0011288251698079498
0.005431765657403002,0.004169774935636323
0.006159278604877451,0.0023284112433385375
0.006029541963524928,0.0036990826282100164
0.0080411515078289,0.0017087749045662098
0.007313908333500205,0.005323453519205539
0.009213250954385344,0.001180541532713443
0.008949433071458299,0.0014678267816103912
0.009105753874199747,0.0019996187490353102
0.00987562895757381,0.0017776004313853075
0.013130352822764816,0.004219512562267928
0.0020840807075020503,0.0009035994169081952
0.008282249572759227,0.0020818499169739787
0.006187787591660375,0.004527592000691579
0.008747339888073382,0.0026873770070706612
0.008921503268044778,0.002166457406090551
0.007908430096392378,0.0029174745935296887
0.00502859675302259,0.0029424314046202623
0.0068791187191646515,0.0029366012973099723
0.0075379726341099585,0.001802008805812297
0.006889162794578257,0.0021285668698330608
0.005656518377176215,0.00445794152151922
0.003756508596709513,0.00776995176885215
0.004475964548186895,0.007599920893750845
0.008836147037509203,0.001313291206454915
0.008988753812492312,0.001959162201676503
0.005877744194855148,0.0015839461180879241
0.007215587387275514,0.004731954021795333
0.0023991949562564476,0.004794207829049091
0.006669439157000882,0.004103047378205903
0.005487645718365044,0.003988250470103774
0.0019661791934974552,0.0005308288197000289
0.00453035162028455,0.007866865639990412
0.00954622767254916,0.0016906211897430787
0.009460141697487498,0.0016907182079196675
0.006163222857379844,0.0013433640362457578
0.004900922698695272,0.0034911259216407267
0.006280361482926212,0.002058131467202489
-0.00020200965205714218,0.0028761943694860462
0.001816855599266612,0.003990833882472863
0.004537881191947247,0.007204773600601467
0.009168293072567644,0.003582477712315413
0.009348874358898359,0.001673426646872339
0.009158634972890347,0.0021388527574786017
0.007358043277222797,0.0034741963670423086
0.006025323079285265,0.003157586439585874
0.008357401731373594,0.006205882247055493
0.007258775418871626,0.00214841493881891
0.006068176291708844,0.002353119667915989
0.007055577770573308,0.0020527756186113364
0.0065315843056073155,0.006002248341732356
0.006990643176162502,0.0013271849575450948
0.004784572094731542,0.0056271461222537735
0.0068092464045930255,0.0018945196445732063
0.007614657130168701,0.00034360949194784697
0.003440090610326595,0.011608983070915832
0.010705673601385472,0.007970472208417265
0.006400409035019347,0.003617381270412507
0.008347088007077145,0.0030052202100155235
0.007145750666437793,0.0018996791045665564
0.008477049247395766,0.0007552444131358194
0.006174604415783583,-0.0006523043368884662
0.01154817644136149,0.0033845354732887937
0.009810078055821379,0.0014375425499286842
0.008632082281043462,0.0020225089876510635
0.00824506648824699,0.0018989555230532742
-0.0029569418972444188,-0.004152135236780853
0.005657629111064369,0.003933235495308517
0.004015928787752616,0.002909529555492441
0.009700409918882305,0.00571957118117436
0.007638979352420286,0.002191214717277264
0.0038167184915713255,0.0059910041582221475
0.007919559786435201,0.0028352803773968437
0.0057712643347723955,0.0023399511113208534
0.005692272604389003,0.003640430425798635
0.008917510268906453,0.0024466772299335526
0.008251516861746713,0.002344302637228268
0.006143161986971017,0.004540239189292069
0.004757887560107584,0.003225409572971849
0.007846939318926558,0.0026499356995842963
0.008851366148921232,0.002380170373327016
0.004169277145176273,0.007403679795088495
0.008011479241234602,0.0006705287191008935
0.0074150552319303285,0.002726938949180889
0.005475605018207042,0.0030451091735478174
0.006291781638965634,0.002236483852824097
0.005859582333171055,0.002359411410314106
0.0016829449051414223,-0.0002444287248711966
0.00850325332512485,0.0016366441708234028
0.007646874404935637,0.00043717922935619484
0.005254514670822323,0.006431221503898608
0.006389872812523094,0.0014752790295268423
0.009006982869924613,0.0009361007501086649
0.00799720901201771,0.0005285522248299982
0.0077470039074627375,0.005645718569615547
0.0067212434138982004,0.0017090399613151697
0.009111811297614349,0.002204028297378738
0.006727683686951476,0.001762552216634676
0.005660350039002509,0.0022172682076900194
0.006401856749107565,0.003992458523953904
0.006794297515861239,0.002787881461476762
0.007058748851775485,0.004885807857118271
0.007214688436456577,0.005567056123503962
0.0064528920966041,0.005085265619229472
0.005602462986618062,0.004887061452124024
0.002476935137877525,0.0059381049497058205
0.005053829524311877,0.009928091219159215
0.0062280738031252406,0.0025556990002853133
0.008155922296236864,0.0031636982754272257
0.007233557441700764,0.004101656991483439
0.0036638917733910767,0.0035193201481821907
0.009348135439168697,0.001563130617261526
0.006255523159680926,0.0018369985653123025
0.00626232621714102,0.0032428379804896506
0.0043764038506567534,0.00027880587743735544
0.00969419273849417,0.0019988753234929484
0.006842681066276042,0.003290910797365718
0.009095573291258931,0.002441028274866256
0.003163832265214164,0.004983083193234607
0.007614564772075686,0.001073322219577861
0.00771195479954621,0.0020896853845056617
0.009012779944057994,0.010551192981402658
0.0061600786295101795,0.002968090335648512
0.007315482224418942,0.002752671872746296
0.006725835008702346,0.0015965310221670425
0.006786488241350512,0.0022593239801259653
0.009853531631939753,0.005281541441420096
0.008809008314048569,0.002383647352634382
0.008530683922185854,0.0017680331692184982
0.0009433827890439877,-0.002812776947792606
0.006368366659593819,0.0034979561834152712
0.00803668407218549,0.002343287197644193
0.012295327013427818,0.007370673439601292
0.009113010550543215,0.0017609554630325912
0.0060319426716895904,0.0028123172112043413
0.005429162320558537,0.005154193587514154
0.006036853235150628,0.004231225369614403
0.005969899142091815,0.0012090241589396838
0.005369193898226914,0.0017569495037981211
0.0026125469345999585,0.006174893522984646
0.007833485589833584,0.0015606803835030662
0.0042587664269260715,0.004399809481596165
0.009177410700973635,0.0018494871637423941
0.011633362756036452,0.007889070504406312
0.009722401535076534,0.001459678749542742
0.006822432200652311,0.007193584795206042
0.008930094363282763,0.0018852571865061313
0.0057416059419800325,0.0031031975196819557
0.008842696457603005,0.003313337962330157
0.00907468882970482,0.0021758983994364725
0.006365298883406477,0.0021910295855587115
0.008449844148875266,0.009987929681167221
0.006093750588222245,5.652196583825174e-05
0.005843979631751816,0.002053397907246066
0.0065487854661871025,0.002058854848865933
0.006060590785084825,0.0017411419955069996
0.006601873089285041,0.0007890025676019694
0.007411305291049441,0.0020220150095405813
0.009611541909712806,0.001804926006305013
0.008271306539644831,0.0025686007648654434
0.006350721669942069,-0.00011583661100404187
0.0052212442827885034,0.0012091469506845393
0.004406194269901329,0.0013493620849318027
0.005898087838177324,0.0023768948370356206
0.007203933574139868,0.003908901979923889
0.008188491243720807,0.001433781357085659
0.007484376395212431,0.0028270315090695337
0.0030526746441751906,0.006584923791805447
0.003905946504620841,0.0017501730621498042
0.005602303747826839,0.005264000991190333
0.0069664199849969344,0.004821931317134324
0.009043616324621704,0.002576754266248815
0.008578793612021561,0.001650595666997134
0.008101303654326906,0.00192177377522771
0.008487056951718683,0.0018199485314585769
0.007362737322220571,0.005153446094558324
0.00958810360343465,0.0013904921250474716
0.006245638194604552,0.0034023109952043976
0.0027556766794216694,0.00725696466168618
0.008388792983304444,0.001766560973797903
0.012380220660902202,0.004750148647052898
0.009520910979064613,0.0015526816515992192
0.008509120495725386,0.0027450556510888935
0.009532888764700879,0.0014144943829992665
0.0066960770035037805,0.00014653179867241562
0.006984188279424307,0.0028324080829433534
0.008633715007893422,0.00452017584362465
0.008242150754498828,0.0012516118906607697
0.004896679168464606,0.003234947447333515
0.0081334842207129,0.002154945898317305
0.007805570253712155,0.002577014212964678
0.010350108172199616,0.005660030008913041
0.009276297730695911,0.003012613241436259
0.004111744820430434,0.006622090514723783
0.010397349609892678,0.004161817564680109
0.005096641884521668,0.0085324027763106
0.0037724243620386594,-0.00160635909476223
0.00982582555717722,0.0046958627402291335
0.007185342111186023,0.001803513812089261
0.009894775942675401,0.00193202754630248
0.00700590416920484,0.005805756376176514
0.0035021251517227195,0.004472301980323001
0.006594484662014758,0.0013318098981131461
0.008906061985526018,0.0025915357247791176
0.005692272604389003,0.003640430425798635
0.01190174493182071,0.008658697164973653
0.008478131548857881,0.002728381919337639
0.007086832036853551,0.003663611730177727
0.008328743286019853,0.006113056212949461
0.007543874257626154,0.0027645993691643306
0.008428383415183418,0.0012961321313101452
0.009559900579598123,0.0017437937704894478
0.010425319448111479,0.00205294024396536
0.00789855611100396,0.0029948064962586514
0.008211027012526472,0.0011858369887554837
0.007093697773156209,0.002826590278052295
0.004178082429677648,-0.0018044952452576412
0.007688639367625262,0.00034915507216987107
0.008719812243945947,0.0013747979110017997
0.006618207867986289,0.001882626349664661
0.010026261252777613,0.0016204770112320651
0.008664107316911411,0.0025176408657178106
0.008410922417109386,0.004573990294000408
0.007591177932526906,0.0027546364330701227
0.007824204960794695,0.004424333844851616
0.007609950273949718,0.0025401008534025305
0.009575736968718489,0.0023306403787717884
-0.00012279846713295333,0.0068133995208907745
0.008643659070477318,0.006478626280298827
0.004789737950528561,0.00989189159701986
0.008816385243501354,0.0022245870846170305
0.00338187811944799,0.005988516888293113
0.004644394266243346,-0.0004266638796878615
0.005958962223170571,0.004034583812140525
0.004176773288171979,0.005776075131384242
0.005649906015094285,7.511725263928751e-05
0.007114147740187206,0.0042063062287836794
0.006699681515821574,0.00019222859381350793
0.006472232293167365,0.00635107172071697
0.007469236065829313,0.0012039756295094033
0.006914042100444202,0.004012772786586319
0.006465885643251216,0.0032515662209718337
0.009102965918537296,0.002309588335929629
0.007591772203179348,0.002506508821467415
0.004673171435990294,0.007039210239468389
0.009049418844907026,0.0029420853912527755
0.008585452138789963,0.0015950277629960099
0.007665596738979057,0.0004866880566949845
0.009293974514055788,0.0013973445211940402
0.003464252840436631,0.007001187675542387
0.005572094127486534,0.004480603018476297
0.003514644744769308,0.0070109921064830764
0.0054210509084185,0.005255357408875441
0.009874386827412587,0.002472555670841416
0.00899521933620586,0.002054133263205358
0.006975256158680132,0.0014300340063047954
0.0028400952511235273,0.007268923170360147
0.006492358206024371,0.002385123249787228
0.01247340283527001,0.0036435805245371294
0.004550379857603701,0.0035198728185101913
0.006173297321929085,0.0026444285706526387
0.006593996206274969,0.0021899127547670687
0.00778830476696837,0.002291858786754773
0.004987732020142166,0.006292400966906836
0.003504489728944862,0.010516078772630584
0.0038189972538092186,0.00564907634980035
0.0020618173972155006,0.01072903731086176
0.0071830747014951565,0.0020532160232052637
0.009594651409416404,0.0017980476100602667
0.005146602153132785,0.0010153752945520986
0.008207128268998451,0.0006057121050511375
0.004484304387362154,0.0030940688716919636
0.008921653104847743,0.0022306411275733263
0.006147743952925973,0.0025154673098633507
0.004993340929520609,0.000582610203766069
0.010408515537363917,0.0020173657209579627
0.008859348180716233,0.0020807002007758877
0.005107887434071639,0.005278378432532565
0.00847750843695062,0.003089526478541489
0.009227271374602542,0.0025155492675809224
0.0035762009137536915,0.0063187130088559655
0.006048874306212724,0.0023974540141334594
0.009925244478285314,0.0048453743704337795
0.0052802011988882765,0.001235974583145975
0.005780043642937865,0.001959579652601149
0.006398840258977268,0.0021962412665535638
0.008860624632368027,0.001237753430250347
0.003975556226293385,0.0003980426002760072
0.0028104916140623453,0.004744359261156306
0.008693708414732652,0.0017928872060828738
0.0051503687863038855,0.0016722622936822936
-0.00042260807616564637,0.007653963309112264
0.0035543433910215127,0.005237904605150593
0.005820467005630109,0.004059843163437157
0.009643842956702032,0.0031942075425349277
0.00532496252212626,0.003032778151464152
0.008889644633316783,0.0006914794045546147
0.009624776639874566,0.0013675671208397359
0.006400854556488666,0.002761611171760601
0.009677190304003994,0.0019932785082754333
0.009049774904230399,0.0024031258556910405
0.00917535273683178,0.002419455925992974
0.0069511085412616936,0.002164998460900969
0.007569048445320452,0.005521045758035788
0.009547547249888814,0.012612961901153647
0.002887387796879617,0.005752532253897173
0.00908324261914916,0.0022758154272234455
0.008923096911112547,0.002411261431781742
0.009322685997312775,0.002276317197041902
0.006236339057948712,-8.935588996880628e-06
0.006831958021805079,0.005074420494086412
0.00896010481780005,0.0032977546706725053
0.008924387013105488,0.0013144935740822374
0.008200449868892701,0.0011003986725298294
0.008285061107868877,0.0033016278925919436
0.009112838750064155,0.0015636267239115854
0.006377521640761426,0.0047404982696805905
0.0026357930661907152,0.005637087674636439
0.008661098683779192,0.0017719677540318024
0.007565992117102194,0.003491967154414307
0.007730029830953186,0.0013242096027608462
0.006728419204636088,0.003206479536345547
0.0076056493004594,0.002290689241174191
0.006142009877907636,0.0010958875163721033
0.009643656850343645,0.001661981738563999
0.008270386317580126,0.003222819904458344
0.008757055238827912,0.0018941043654181634
0.007285074614752344,0.0019037007365978265
0.006722463861509275,0.00270240768795747
0.009298612833140284,0.0016158267252859649
0.004112443291555554,0.006667202103411736
0.008732065176280421,0.002559552391989842
0.007633040937652711,0.0024787976352705146
0.009217986954544694,0.0016280105169041185
0.008754418700488386,0.0017351258242721554
0.007197073898032293,0.004402194705633374
0.006298572202209005,0.001786634896288308
0.00781570958736505,0.0020935052514040554
0.007303704585867661,0.0006402538407947363
0.006668384342225291,0.0015098844025090942
0.009549538736424293,0.005598219331974253
0.007959576807232763,0.00310070563310828
0.0076794503162082375,0.004414505402162426
0.009505168866879942,0.0031655590483876976
0.00447408477643599,0.004859817828425909
0.009862521652693197,0.0015000097765050244
0.00891481369600506,0.0011681717027302264
0.008594738813732669,0.002803815869341809
0.00866510928386258,0.0026169706156286407
0.0005184846083256265,0.004563415155925595
0.009662351245131613,0.0020431620008134798
0.009178975060782517,0.0022710602886913825
0.005918031085564456,0.0020737960132733045
0.006846230465802478,0.0026312416555725974
0.008929401515063556,0.0016604181210178445
0.001816855599266612,0.003990833882472863
0.008520577112458077,0.00230945503999078
0.007833068357868426,0.0020981821856780906
0.00558318566060893,0.0009179675234808372
0.009257667512186665,0.00203928055350635
0.013249405730129211,0.006928611983008209
0.0068833352677307585,0.0018014375087307749
0.005114367007044318,0.0046520494316798725
0.006046311427792871,0.0021558057587025914
0.006716747314683606,0.002801880990149424
0.002218122602009504,0.0041480641005004325
0.0071265881109875365,0.0017545314229230717
0.00633425245366748,0.001953958827856997
0.0070299523520354085,0.0019201626185114014
0.008821819696237918,0.0009764685354362208
0.0074068929744967454,0.003967302268305786
0.009356833272073515,0.001788561214531333
0.009089904090136389,0.0015877954858623334
0.007925425905630543,0.002389224938312012
0.007838705331590513,0.00026287828725877864
0.007439353755964873,0.0020198535641232952
0.006276213268617448,0.002013288651432867
0.008696686883275462,0.0015481031803732202
0.006086023821307122,0.004169796557646334
0.006537142819291604,0.002382613088339999
0.008766059062422905,0.0018855132670969124
0.007421750075998155,0.0016662597245161795
0.010747778142975504,0.004995431971763182
0.007311371616419843,0.005172044918430287
0.006864562754564295,0.003897949110164699
0.008295854229673421,0.003980295129197294
0.009517532103986915,0.0013677305390690517
0.00860798376009518,0.0022675547289088653
0.005998592820829814,0.0006443681052175337
0.006500766497548493,0.00220844326526621
0.0063972479278849425,7.691655466016134e-05
0.009111589185031521,0.00477771821207818
0.008417657072580187,0.0017510645656323544
0.0036344111455805387,0.006951045387982941
0.00923502272464341,0.001855804531656507
0.001320742809287843,0.00338255449673755
0.004910466673683028,0.0033379771963008365
0.007344325396493747,0.0020732627704633452
0.007806883355202799,0.0025143786017528475
0.006819703094183746,0.006059671355342551
0.00861971967557943,0.005314567570652989
0.0066963334954842565,0.0010815649569869724
0.005072065921234264,0.00165052419204128
0.006590173361671687,0.00661973472719876
0.006264018006811275,0.000345383723218292
0.00415963337872858,0.004714220235625549
0.00700681811114681,0.001734872553581364
0.0036505912407426943,0.007154981467295797
0.006634477479946935,0.002421063214124968
0.0071785013018683475,0.003854569803157094
0.0077826288566336865,0.001162819175336084
0.009451916445190717,0.0013755481612783595
0.0035006942099463046,0.006477188431778256
0.009651628939794894,0.007464642702513174
0.0061898154359970765,0.003595048762851702
0.006583370217039438,0.00482477705384113
0.01002252873910649,0.0018967912657099385
0.004509029784188065,-0.0008015060011988939
0.006237967596086597,0.005107326539245827
0.0054874892095476725,0.0006289437733908963
0.008452443578644931,0.0052411979073815175
0.005572052559726533,0.0042687240156693545
0.006091862008985439,0.004501632166399911
0.006840964328228505,0.00029468294267406825
0.007721681973840814,0.001577317444738502
0.003764355944391248,0.0035141707207264287
0.003269921090474752,0.006681142702729229
0.006135785704582123,0.004735032224635177
0.0068551426111859645,0.002605795902099456
0.00811460765692204,0.001531762195233168
0.007963974295716084,0.0014026485280034182
0.00497922354842017,0.0068945383107902655
0.005768383836228791,0.005292742443306735
0.005928543270155001,0.0024659493304744103
0.005918872848440051,0.0018381732743454962
0.005075735593714064,0.005059258753632034
0.006488808778640831,5.518889877995439e-06
0.007296792688925321,0.002019752755698396
0.006546032152463495,0.0019213634069350036
0.006736867309193512,0.0038704279688427444
0.006825936944994016,0.0019062501943818908
0.007526848113685137,0.0009903494734780222
0.006597154995581536,0.000995774684540457
0.00951738291044131,0.001683659127052299
0.009444425777393465,0.0019643901531187094
0.006840987827261102,0.0014611987667076014
0.010741590448177941,0.004981230571526148
0.0062379407134614834,-0.0004397473452289937
0.005951527645016508,0.0019124079118975823
0.009199463233702002,0.0020611064619356894
0.010370116851278501,0.009174968120290835
0.004177936110855197,0.0066749235897875184
0.006859777570121755,0.0017600596851707019
0.0063216056215604725,0.003519900193259269
0.008603515145175267,0.0035702723534064952
0.007358043277222797,0.0034741963670423086
0.006850885413508923,0.004141482244193304
0.00801627754194403,0.0035797897203990103
0.008806590507437687,0.001900475435700679
0.0031948755712965012,0.0045265189438076
0.005429162320558537,0.005154193587514154
0.011328252672144986,0.007504010320864973
0.006091862008985439,0.004501632166399911
0.007082267326550018,0.0020547288833654776
0.006870107684405512,0.000621360295782792
0.003490677629281646,0.007764004302710008
0.00960830767586713,0.0038186530622113706
0.00835458717481382,0.002517587141436816
0.012109152564768856,0.010786528009896762
0.006369982583117086,0.001829401353449122
0.0074161030646639516,0.0018036644522346369
0.0032156576560155962,0.0025616640045450726
0.005261371855680929,0.0028341098680466055
0.0067272643455487426,0.0037635107254851315
0.0056254022896640565,0.003712040289322812
0.009169628501649717,0.002592554637474863
0.0026583629867636804,0.005593368532601826
0.007346829048092675,0.001813374163771076
0.004728020123179239,0.00528072639087524
0.0075752262176284006,0.0002926684150761274
0.008337109598682805,0.0023050587972657816
0.00956204493648347,0.0013670679849843116
0.008378049626235506,0.001761803863669106
0.008604798190260679,0.002777297896062239
0.008699695067157688,0.001769137715537883
0.009331746618566453,0.0014391918413610696
0.008504391932619586,0.0018260163814996407
0.008268637699692652,0.001052846655619031
0.006197958999038295,0.0026009426009194134
0.005508117368254464,0.0016897145050651626
0.004423874657427598,0.005330604686892837
0.009685915331019843,0.0038542383354648905
0.004255881447865078,-0.0010750588198694677
0.006964491618957326,0.001412787346225946
0.009036510288047642,0.0014138346818916734
0.007886301299396811,0.0019349422651763846
0.005644127304552029,0.0026011973087380043
0.007661920441472039,0.0015120224707851244
0.005435782533845386,0.0003587315720435351
0.003933135380487464,0.003456613419296003
0.003918237812849133,0.012117349012125632
0.006926023809512557,0.0013891700506220277
0.007812380782961762,0.002680402651089776
0.006023621010063573,-0.0008036128220467054
0.007526848113685137,0.0009903494734780222
0.006923432973921096,0.004752812732342514
0.008333111988758836,0.002606084412301473
0.006955492542090763,0.0043997753536283045
0.00338187811944799,0.005988516888293113
0.003594051945296749,-0.0014147325995351508
0.002796178367901585,0.003118755340370841
0.008163519832579227,0.0024069433588733407
0.009393030589316294,0.0020589808856783477
0.005733731952079635,0.0033272156156965516
6.148417034462089e-05,0.0015476827855635013
0.007637192537249102,0.0019948164540534476
0.006103746877018182,0.003570107752475493
0.0023121405224226536,0.004151370595292886
0.006934988781112826,0.0015406843660737248
0.0037176311297001333,0.00826711332693022
0.007404059268304052,0.0005533540697236963
0.008940387421908235,0.0027599746485452445
0.006843254193725905,0.004395318378877522
0.005823372801005597,0.004896210799017113
0.0068525659428594,0.003464882419717718
0.00926113652482816,0.0016309133611473034
0.007735411424829794,0.004312705844500912
-0.0005236984489221386,0.0035140777684225686
0.00910119023286235,0.003015697218391928
0.009280848311056985,0.006221297267306249
0.006522179080104696,0.0018954715633936739
0.0030655436757076014,0.0014821357828033056
0.007182209587689439,0.00097387272922775
0.00876312617085415,0.004199822254576882
0.006442481188915291,0.0009877437964731063
0.007833068357868426,0.0020981821856780906
0.005365728633121659,0.0026309471671803527
0.007097048421861086,0.0037626079353584338
0.01012693942864024,0.0015316042213222398
0.003213071953619152,0.00653829382084496
0.011415503144067689,0.004544639267504743
0.005577337526495859,0.0012309260938786828
0.0024399045433717917,0.004671034300393949
0.009253235384304061,0.0013363184652277586
0.005884513251822267,0.0032483779524415304
0.00981472995120834,0.00914159229626856
0.0004535982764123925,0.004494331638842816
0.006020355009051586,0.000932696787225934
0.004992347643387184,0.006445994140279778
0.006365944492205174,0.004556926780052867
0.006024680958707053,0.002811876278817591
0.006633503856539391,0.0045418847463004
0.006770185747774826,0.002557342066452875
0.005790795856393552,0.004281736688667122
0.008824419608370028,0.005516301556414963
0.008036271382888649,0.004732500892490693
0.008857965245491654,0.00286649079030066
0.009491196207448902,0.0016982387961304458
0.007552292200577345,0.0034388153548488253
0.009943128509685506,0.0018109591254374651
0.008260611796300318,0.0015273404740495542
0.006864562754564295,0.003897949110164699
0.00991925481103992,0.0017883151428501817
0.00875983981298759,0.002251280781391172
0.006346038049659484,0.0031321112965615417
0.005849704190148511,0.0018787922426320774
0.010587007062020194,0.005014390970468854
0.005586033100403407,0.00089955381257357
0.00902078414907287,0.0037135257868389712
0.006945267196266691,0.000750105285168794
0.009671048938322338,0.0037794116135155134
0.0019645946418533266,-0.0005222183403569463
0.009270191736129592,0.0047213516492544605
0.00746541712551784,0.0026024088540434137
0.00578204610572324,0.00040184635095092194
0.008918223813679703,0.0039910443086535125
0.0052559113927574536,0.003562298186565816
0.006524932701168528,0.00274988478147036
0.009433195091426917,0.002878302067269008
0.004067010371973527,0.0042877252744947
0.007153694450444941,0.0009521487372595753
0.005429162320558537,0.005154193587514154
0.00650743782656789,0.002180231424937746
0.007050736074106634,0.0024778392812601483
0.006050004547887554,0.0028105659741575334
0.009388708409989885,0.002289304799917022
0.0063830342445401,0.0015573287885191937
0.009568969545051056,0.001604595952161678
0.004960739540334484,0.0031533514104252246
0.001868668279183844,-0.0014882974827546257
0.003273606476993955,0.002832750649706342
0.007508483713147846,0.001580533769010026
0.005517453512561951,0.003300007344129028
0.008216103838153386,0.0017306253061575919
0.008683309084252633,0.006131067067132732
0.006811214667001792,0.0015198701627439199
0.0018883303004764516,0.0052222129683696696
0.008637270163506863,0.0020243613184445673
0.005564097480125291,-3.070758146465902e-05
0.008766114814146818,0.002467980516017319
0.009223818535852541,0.0024818745252352774
0.008863746791049464,0.0025534793493560285
0.005932357864641805,0.0003119341545478171
0.0023905598345174625,-0.0025097976014152425
0.006577128617372111,0.0040918248405879655
0.00715453497116487,0.004756883576943717
0.009260825328441843,0.002016287827482724
0.008880649722443179,0.0030108302926753405
0.005880805117796303,0.00485885844223146
0.006626497466281533,0.0015538961224303288
0.009854327809744025,0.0013380267310063951
0.003870450370206847,0.005859680656170343
0.00792445159462491,0.002628268756271125
0.006758114869551986,0.0016076973965935765
0.002025766497549406,0.005582714038151367
0.004762881704781038,0.012438401314461996
0.004987732020142166,0.006292400966906836
0.007130051178624998,0.002864213367222899
0.00850559930938472,0.0037398792083293882
0.005019525728426086,0.0023716650359992828
0.007980033238344755,0.002980896832318328
0.007544604784744221,0.0030162405835163306
0.007342526940446535,0.0028951353249766984
0.008813289690858855,0.0019772386975217184
0.008180637378093297,0.002549097116986058
0.006963624431750377,0.0023930082819606864
0.006923432973921096,0.004752812732342514
0.004865757212130113,0.0014882892109500416
0.01000473161980514,0.0015958952016701892
0.00487125614590711,0.006156258121026974
0.008489236622904394,0.002460774695947512
0.0034939018921092135,-0.0012394452029395537
0.007316043880139903,0.004020383292987857
0.00643164243177058,0.002612122581386724
0.0062629452723022465,0.003954036465239979
0.00525588641424929,0.0027924462718478303
0.012357217828500919,0.006983625191670222
0.008766871025657107,0.0020163535106070204
0.0022661329071037885,0.003051238921828842
0.003514644744769308,0.0070109921064830764
0.004179544432263426,0.006650205794738083
0.004460304881951722,0.0050057728784435925
0.007031423556212921,0.0012085212611128915
0.00688854243569143,0.0026612870935682383
0.009538077466077662,0.0014783324608326296
0.005612029027434492,0.004733921589407574
0.008888224812692816,0.0012628271682642916
0.007734048771263809,0.0010053222228607545
0.005695801711286891,0.0049080574962048
0.007866769962398688,0.0025641607285446883
0.006599074995149768,0.0029927408769040396
0.005556233565313974,0.0028279234999148044
0.009373123059095358,0.0012695828183089094
0.0036620553269855584,0.0007903739222897659
0.006576082496465569,0.0010749995927810544
0.003987295068958302,0.003471480704981422
0.005274450340171222,0.0035274368090822674
0.009198307452220052,0.00148092821220535
0.003576836175477995,0.007418400631346158
0.006103325664876352,0.0035980708273636326
0.0047487557506441895,0.007258868828223416
0.006456679217316337,0.005062259391250419
0.010068520969891897,0.002219817587104834
0.011422362816911924,0.004871373717985782
0.007121889015974553,0.0025238309145142373
0.007018191691401634,0.0035548366377628794
0.00527758855696067,0.006056574840748697
0.006563973987277503,0.0034091380580255496
0.009153977192353033,0.003880152162960817
0.005910362327152028,0.0029386149647475848
0.0032067180379451907,0.012201109565863975
0.008634684714702391,0.0016012480709577332
0.00927338912715575,0.0017468122419365406
0.0054464077117506475,0.0048131437808313455
0.007468213566190129,0.002870353838999428
0.009137221353179202,0.002179759835570172
0.008598278807106268,0.0007758189597683171
0.007745957541849601,0.00225400933354322
0.009140384474845978,0.005930402244686623
0.008018556736369841,0.002328979864552065
0.004565792713021086,0.005640171570556896
0.009079435376139939,0.002002155503875405
0.005190753575748284,0.0049182170164313735
0.009763604505546013,0.005045636081272397
0.008512624583245103,0.0033733272725210376
0.0048940797115580815,0.0063270477268543126
0.006060150909050157,0.0008551634492159933
0.006024474354311506,0.0004772276306631122
0.006662520303488943,0.004672571719511128
0.009521462002733542,0.0018194015353741478
0.007744254019625597,0.0007791754042286905
0.010210818582472287,0.004369327447103683
0.008215775507560186,0.0028001675225452893
0.0038651975374322583,0.006635747193898796
0.002966396166396779,0.005052408569722542
0.009010476797396427,0.0022027419341694695
0.008543327556323758,0.00108662062122984
0.006490376089414952,0.008368205619415321
0.0071882164468223065,0.0016377552736368184
0.006901794777736859,0.005490505292415055
0.011683086647277869,0.009517230052838936
0.005965202790817533,0.002143562983064759
0.006864562754564295,0.003897949110164699
0.0074068929744967454,0.003967302268305786
0.009585900122741428,0.0024691145817537733
0.008162438364884766,0.0030364467235571985
0.005742759637271302,0.0013063359377248444
0.006881091240394236,0.0031021446234755275
0.002479501174815814,0.004610839171199301
0.009590256255297127,0.004302321875758826
0.009623223369400368,0.0017467480944501883
0.008718777529492128,0.0046705794041310275
0.009184386316327404,0.0013260952072224582
0.00884715175512509,0.0024993578177507783
0.008778817787015477,0.0018226499780255416
0.0033673512626315252,0.005532905108032523
0.004076427718465808,0.0031529430956640393
0.007838174893455613,0.003541676953843914
0.005500946549910525,0.0013012980900945909
0.007314384754429331,0.0018892097315073055
0.009480888205275751,0.0013638923138995966
0.006829677698356553,0.0017617802781642747
0.006149492678567168,0.002510409053020051
0.004176773288171979,0.005776075131384242
0.0099053961459377,0.0025772001916582058
0.007909963239954864,0.0015663670306047695
0.0063728333543339,0.001690370274540066
0.009202659902640319,0.002153338690051811
0.00738703968978167,0.0014929135799664553
-0.0038354536735292063,-0.0022957926984051927
0.0074352965826474235,0.0020995884505193964
0.006986594618376682,0.002356574084471693
0.003150942576004295,0.006703870205230916
0.00778566654845963,0.0018786481506779078
0.00541615052941822,0.003423814289811568
0.00766406619643101,0.001746213767068485
0.00773426449449357,0.0017536372498584713
0.007050736074106634,0.0024778392812601483
0.009117627605792078,0.002678753326616816
0.00668735205235415,0.004350607631211017
0.005907038424120572,0.006101127959383243
0.006880768072260606,0.0019081736837182816
0.006044834636624852,0.0002796155429967851
0.002734297210722385,0.00479591803039374
0.00940401878537411,0.011105881841209642
0.006598800459029063,0.0035386620585752485
0.008962382159205338,0.0013197766725206875
0.009865862374341765,0.0013576394514163816
0.0024966989651415434,-0.0007051777697067267
0.008469527227395532,0.0025960256275335963
0.006029871271585805,0.004772734481435859
0.007573167382445783,0.0028358976662557845
0.0067917712764277004,0.0038435577190120505
0.008916487905266512,0.0029011283536828107
0.007493848702559416,0.0029212981615297034
0.007934805372957217,0.002958847903371877
0.009437540974092908,0.001391343196598541
0.006223262591753477,0.004820658371908535
0.00837690561439351,0.0032930893904595717
0.008602620890150525,0.0024347626435240258
0.0075755887982771756,0.003282110251720388
0.006459232911558671,0.0001437905974047901
0.009677235893109499,0.001731054333726379
0.005447306499991861,0.0033573877463952385
0.008145276874494043,0.0026786203212637626
0.0053062726728761705,0.004651321520729647
0.0047401079759473224,0.0024021964685045924
0.006743946472879491,0.004311472639867277
0.0025152498553239573,0.007563151139060919
0.011365235886985441,0.0070464727948817835
0.004745468525458639,0.0072308619238679855
0.010313475838927865,0.003985588038056985
0.009347220200075713,0.0027981366561816044
0.009440297046002286,0.00298128703806173
0.0035818903018664926,0.006902890881810472
0.004215863501956324,0.0033778462202513396
0.005874710750338078,0.0011561228022553506
0.007263141094247675,0.001074598777051997
0.008559312723266951,0.002503447062983801
0.006173297321929085,0.0026444285706526387
0.003236078254713194,0.004728578103280237
0.00932453731578356,0.0022695226377822137
0.0077914746602606,0.006269865729985531
0.009001287871514843,0.007361888031192394
0.00543417992095609,0.0014197608158150882
0.005881795615593593,0.003979119724568302
0.009282066633119162,0.001712096360979706
0.007140204077964418,0.001289496980346921
0.003822122457606311,0.006195095204162582
0.010177824000590911,0.0036190741803391983
0.007817342411180934,0.0016915512454022978
0.008361698783796837,0.0014946984247030115
0.0050753444995129925,0.0053007403851066375
0.0055027816971243175,0.004823449460636688
0.0031948755712965012,0.0045265189438076
0.008867810213346127,0.004076547533072102
0.007233557441700764,0.004101656991483439
0.0022998447675253073,0.015689811324457098
0.009651165562379556,0.0019370513641918698
0.0031203877599886272,0.006465356681127244
0.0034618024728117836,-0.0018968233194198427
-0.00011777970075388649,0.006846822765490562
0.004027080380939967,0.004697201552468603
0.00816665647014412,0.0020224336490788017
0.012046379289524428,0.008289940865803116
0.007745957541849601,0.00225400933354322
0.009271073118426463,0.0020279002542159183
0.0034468759428666193,0.004529191371560093
0.007730591835614919,0.0009361381047462165
0.0037724243620386594,-0.00160635909476223
0.010292221118106386,0.0019508987929150005
0.006287290277158148,-0.00022164984692765212
0.009113516038245372,0.005394225876063351
0.002553148764609375,0.004918310055464015
0.0060436228868789845,0.004096002215010724
0.008537477286560393,0.004451917377546518
0.009136490679987553,0.0020647796938827005
0.00473876609836575,0.003371579518039118
0.010172163958752332,0.008074574571548664
0.00351424158224861,0.00784536537499374
0.005545351879124331,0.002437671199612629
0.00857844768532796,0.0009875759378390999
0.007180000057234933,0.000587495002882063
0.006405569454303257,0.0017723336591681073
0.007693653022992953,0.0014742597307512298
0.006123145349144617,0.0027933135084938715
0.006774082548766732,0.0026448211389968877
0.0053497027920088825,0.0014653042984737333
0.00732374873449675,0.0008620276911281838
0.006552229105315978,0.0031764596604854874
4.2536043860843045e-05,0.002992111944464657
0.008980928937066712,0.004963009967546483
0.007860526861454498,0.0010460687667868474
0.008965557962632747,0.002782032151667309
0.009191302291516785,0.0013063962290506522
0.002907165987280634,0.005735189755518856
0.009060922442013356,0.001531629439377724
0.007117023075034991,0.0017287073529133595
0.00853374081878013,0.0016604850300323947
0.005192418645070892,0.002485086727792454
0.008815496806947414,0.0014954144107266606
0.0033229924696659965,0.0063133900438559825
0.0032463185734265196,0.0038082924297065477
0.006208694842455666,0.00329671591776337
0.0027568263281836317,0.005105791428127306
0.00745550795233237,0.0025292128662159474
0.006565705954015428,0.0017412635389509106
0.009668565939987987,0.001278950293676982
0.003269921090474752,0.006681142702729229
0.005679165652122073,0.0008885502338227616
0.006078111949606967,0.002796732015597228
0.003764355944391248,0.0035141707207264287
0.005823372801005597,0.004896210799017113
0.0009354053443980511,-0.001303387678687211
0.007895386005613922,0.0016235957982130827
0.008435465462014052,0.002323911159125786
0.009282599095656614,0.0029396870915992445
0.006114735247124313,0.003166647246567179
0.005900090808044437,0.0025755852493292517
0.00967909164371457,0.0037598922824221056
0.006689110329367999,0.0034248720533211945
0.009493649086604675,0.0014235851869085102
0.002229983732417431,0.0058642319866129165
0.006009531295695149,0.005234745351397176
0.009191135780657918,0.0021541272251862816
0.005720514835609073,0.0033756430587822328
0.007745957541849601,0.00225400933354322
0.007875326207074505,0.003655594837215439
0.006782477074938098,0.008859202774334987
0.008108321422262045,0.0033187880309290055
0.0031580317819272377,0.0050776825772056175
0.005949858152635911,0.001636038837500844
0.006841591268532168,0.0008500140685491573
0.009051289303685355,0.001946391603256951
0.008643383827613581,0.002484377948355457
0.008910594166595023,0.0020663704458669906
0.007907380241115067,0.0029615896811704167
0.005254514670822323,0.006431221503898608
0.008937172671576054,0.001074545892236661
0.006880857149998905,0.0018605527510324798
0.008107943619221462,0.0034022636536710253
0.00134865581050352,0.0033068165982615572
0.005692272604389003,0.003640430425798635
0.008179179955574213,0.0031324938855852545
0.009076690291105461,0.003963461336462987
0.005777246963643423,0.004751495523083733
0.008979248806724873,0.0025465814899445043
0.009895777944592118,0.011102990193621962
0.00906668453477281,0.0017658966346870038
0.007941359301952597,0.0008596573334230199
0.004207240165094297,0.00588613165778552
0.006666857506262638,0.0009317404662942111
2.9521743781004903e-05,0.0031671924092468544
0.009718393892143663,0.00179421079624711
0.006396032019840907,0.0030099847448503796
0.01022710045544803,0.0041777097867282615
0.008045951756689188,0.0037378458225422514
0.00777458893725917,0.0026108194796079977
8.296138294208635e-05,0.011357440440046853
0.009436459285744478,0.006979322847384657
0.006211113809939118,-0.0007327556725940307
0.004918405648181131,0.0015459609629257468
0.006775916694793082,0.004854557182406365
0.007044247633656091,0.004374563063599185
0.00958583457205326,0.0019798190099873
0.006575302508997974,0.0011807456284827055
0.005911001038088457,0.0017090147412039333
0.007590411263293406,0.001559423773122342
0.003269921090474752,0.006681142702729229
0.0013234078832244983,0.0033753962583076324
0.006784388402496476,0.003557174275493043
0.005702756081838005,0.0023296833857493855
0.0071909159398524675,0.0014356652852631612
0.008977340009468565,0.005463083798588303
0.005450492537157653,-0.0002274679513385846
0.0064779551174076605,0.0011768542393820677
0.005130623551237905,0.00725621261652502
0.010350108172199616,0.005660030008913041
0.010006260685899424,0.00513378999731356
0.00665021331343724,0.0024318843808824172
0.00969419273849417,0.0019988753234929484
0.0034939018921092135,-0.0012394452029395537
0.005424388607435557,0.005123388502351816
0.008410079309020647,0.0018775025229276392
0.009644581512993966,0.0013463991026678888
0.002479501174815814,0.004610839171199301
0.007115673060423625,0.0007840775722362022
0.008614487562315283,0.0015279832877701603
0.008791531378267901,0.0013287989886658887
0.005517453512561951,0.003300007344129028
0.0030943606110604375,0.0053926971290273774
0.007315069715726651,0.0021717905695443655
0.004879246758655373,0.0009532830753384656
0.0030503711880582127,-0.0015348389365965028
0.008773761434807162,0.003860738728487325
0.008858419053414727,0.0026659732932038122
0.009559875677657627,0.0018910499117244092
0.004233341643430807,0.0013946874976326889
0.009286342510316643,0.0016952589891620767
0.006958320972619321,0.0009018094256503136
0.006580362689890515,0.002196108682647707
0.0070057537555554454,0.003982179483656356
0.005515942513312888,0.005809073959926664
0.007542575374234806,0.0034139361184931417
0.0062903124712071195,0.005818463472148731
0.005205286387087495,0.0063661193783315214
0.009260364918226197,0.002957811820311201
0.005009991867266665,0.006044826837227122
0.011241047488793275,0.004228759867924052
0.004173208743798242,0.0025525853660199422
0.0025719385054549238,0.001343418873706803
0.002335039056440515,-0.0005422188698605912
0.00686123745481353,0.00010640540586848157
0.008784098240469298,0.0018072033109777352
0.005921771713018629,0.002942666330052592
0.007222455850494755,0.00011538014499018825
0.010026261252777613,0.0016204770112320651
0.002964376890598321,0.0051418875558564645
0.006038047819433982,0.006556439316753454
0.004866603186895069,0.0027119899481508553
0.007203933574139868,0.003908901979923889
0.006750508277235657,0.0008359948696813942
0.005703878957110222,0.0021975774683248017
0.008651272360890673,0.006375438057640363
0.00754956028915832,0.0019747930651899444
0.00611111631800095,0.004501947776936269
0.006901843503866969,0.0019733627056359527
0.00673271279187727,0.004325993781118061
0.010811278461225388,0.0075294529399605225
0.006441847725876141,0.0026391590633763912
0.006512362877253423,0.0037436571198514353
0.005599684171610458,0.0032416066394478126
0.008460014683109723,0.001895391702997377
0.00749984079592112,0.0026310829841250678
0.007990388140856567,0.0036303734345391686
0.0016662257249952473,-0.0005248329594137076
0.008714958027070787,0.0030040826618713667
0.00615769825012737,0.0025045667319802383
0.007334362924558151,0.0012433587072129357
0.007579191826494388,0.006123407911463344
0.0098793258745484,0.004608456030821312
0.008014644381541761,0.0026006991099095265
0.008452251665592471,0.0027831643904847134
0.006224942576198807,0.0035089816260888184
0.0012644720863729392,0.0021614391915362498
0.005961692427521746,0.0012660065281348658
0.006424237135043884,0.003481094328827059
0.005974774008442877,0.004432642916621821
0.006786488241350512,0.0022593239801259653
0.004958427338008369,0.0017261758712387365
0.006901794777736859,0.005490505292415055
0.0072392252772395735,0.003954654874036553
0.004134511201934907,0.004449413899705181
0.006750436078608706,0.0015397047493148136
0.007771565863277035,0.003583077680052115
0.007787491829824674,0.0022042059034990914
0.007592296713583681,0.0023503815392003184
0.007311371616419843,0.005172044918430287
0.005961218755381187,0.0001345651323397777
0.00284211104711058,0.00712223785523326
0.006219300267554906,0.003046555230485807
0.009327965329098381,0.00360255883203794
0.006786488241350512,0.0022593239801259653
0.004155721193939662,0.0025695471645080722
0.010056571112248417,0.0023698722968210593
0.007609187653346572,0.002180520644009195
0.007465591185598405,0.0013924473730356681
0.008334285520101917,0.0019569889541844604
0.007601253080575658,0.0018992844558032573
0.003909863068488174,0.002497543176290188
0.005129106542334275,0.0046089270712949505
0.005584046487101103,0.0006954804596730965
0.006843254193725905,0.004395318378877522
0.0026860919895858966,0.004226361215479857
0.006894024425093707,0.0012338942516436826
0.005970396878767169,0.0025772253233839063
0.007086455074155104,0.0034326515919214625
0.006733959202475286,-0.0003629269157122677
0.006157585079824364,0.004587504220312556
0.008950063224681892,0.001977825813094293
0.008075296422648351,0.001584611768861273
0.008885310584371602,0.0021038027165510304
0.006324671014614392,0.0014018961622215692
0.008512181574650257,0.0018239657504180457
0.006605491855826049,0.003221425617107119
0.001747325486357535,0.00630982566388885
0.004728020123179239,0.00528072639087524
0.004235672146133038,0.006831261028586207
0.008907715513924455,0.002360705277983089
0.009368517821274014,0.002029303603226067
0.009435405245981843,0.005305612328281804
0.006786488241350512,0.0022593239801259653
0.009135330043784374,0.007714327411408034
0.006289563507837774,0.0022577547445344227
0.00851542459608335,0.00036599861951173117
0.010311128213549046,0.0065396154055795954
0.010005861632500886,0.008847856184175915
0.00400236266850392,-0.0012676976331644422
0.0055642668613655865,-0.00016856729745869364
0.0063816334796704365,0.0027493200741421937
0.0058873694509597885,0.0024343864563716186
-0.0009001491220538083,-0.0005883580301201969
0.007463322426080295,0.0037006911226538323
0.006592600541026644,0.0016821422939165389
0.007011923080588508,0.002120131173289167
0.004211147064607429,0.004391570658961405
0.0061412645299525805,0.0013556588695706057
0.007136428097856127,0.0018876049142844834
0.001656481594840394,0.007965218052437904
0.00586288900392461,0.004121935257704729
0.00196581862995401,0.004942108222540743
0.004688240320082943,0.004601768616977218
0.007858619962255287,0.002441168243515958
0.009499372237667444,0.0014087298101653541
0.003474909148288835,0.012552495944643655
0.0045458079029033075,0.004141352788319592
0.006626758921172189,0.0018574735033608436
0.005427843284440084,0.004739651087460972
0.0065413160640676385,0.005234289255426402
0.009826424816877824,0.00424371217192767
0.005875022223206302,0.0024344580200289416
0.00757246788028455,0.0018375193309510488
0.006910349353542278,0.0033228794527179256
0.0056678030258061375,0.0035637155130353645
0.006904305111237992,0.00258917852273053
0.006907621874283409,0.0018987379538945035
0.007761741830474122,0.001653983397706389
0.00785218690863101,0.0052463056646526035
0.005833769543866467,0.0008131458141555862
0.0059654312919162995,0.0024549947383210235
0.0035021251517227195,0.004472301980323001
0.006142639557525765,0.002398045134251214
0.008297336035645652,0.0021129827940892885
0.00639964987491083,0.0037904441980405688
0.0060969131208686595,0.0025877787883133944
0.008291450549618194,0.002033646222155845
0.006846190466404546,0.004710778191772001
0.008393092905316092,0.001781238129747998
0.009661328916170674,0.0014518895642924362
0.005768383836228791,0.005292742443306735
0.009516109220008203,0.0018460606919173048
0.00351424158224861,0.00784536537499374
0.008069103271549201,0.0015797766260587454
0.004902888483711268,-0.0005062303831961934
0.009300975792716121,0.0013513972086737526
0.006454776655660529,0.002973770490703096
0.008634684714702391,0.0016012480709577332
0.00555547589330497,0.002192482686741712
0.009526198174821216,0.001309422558411261
0.009884468208678193,0.011486062261115256
0.0021464689612922918,0.0042617115548833845
0.008817774994701273,0.00238470082141875
0.009311291795520822,0.0012521962047420962
0.005192418645070892,0.002485086727792454
0.003514644744769308,0.0070109921064830764
0.007463322426080295,0.0037006911226538323
0.004629253273842578,0.006233499164654572
0.003724306860221377,0.005538650985184754
0.006079615178551873,0.002756411011867856
0.0032196172909799486,0.005526965650316083
0.006016680038031549,0.002606575731004844
0.004320763539525473,0.0049043890707527946
0.008559723688073074,0.0037981114463863583
0.007026459481971759,0.0027223100194983486
0.005846800895202814,0.0004226924839167284
0.007880269902443934,0.0015470519342552294
0.008438227696872101,0.001641569962195979
0.006837581582552668,0.0022948297345805856
0.006310022586826468,0.003799546759498373
0.005284986010993854,0.004808051783180495
0.007802464565535328,0.004395111137393582
0.009806534334993445,0.00384732131539256
0.006854798429112957,0.004280067582626659
0.003855010849849244,0.001830686338162437
0.005869152413991042,0.002212636735881896
0.007680027609843054,0.0017663019406064986
0.003269921090474752,0.006681142702729229
0.00906350727211206,0.001264925525601165
0.005761306155770617,0.003343036003092885
0.007228076681921836,0.001988021921501503
0.0008152641104104807,-0.0010074524868051203
0.0064090850295377335,0.0013543531307042105
0.006210252679754996,0.0009907943861293478
0.008538622607235653,0.0012792374424229576
0.00514195263785626,0.002403323462174453
0.005672688404782209,0.002477963821609944
0.005410134166758781,0.001765217365014819
0.008792662770641047,0.002063513771847105
0.0062291245252272375,0.0006224811781951438
0.007736305830649577,0.0031107690893029177
0.0097588645470763,0.0027837868330435117
0.006181824033740085,0.003949164716577083
0.009206185195254235,0.0022425933281774516
0.00838188490934387,0.0019387832960134953
0.007543874257626154,0.0027645993691643306
0.009681976829596716,0.0013485918378542206
0.0036684718383040707,0.006004341886346084
0.009657601997830376,0.005256492722099575
0.00700590416920484,0.005805756376176514
0.003474909148288835,0.012552495944643655
0.009837370224647037,0.0017439842638219492
0.007798277703815185,0.0027091446023307297
0.0023004555254604615,0.004790159926601568
0.008817607978540656,0.0014093975165841415
0.008122009437585382,0.004323526632085023
0.010127937312379962,0.0028222527845501904
0.008777149494554073,0.0025255077540866045
0.0030914183805466604,0.003581921521730794
0.009204929636961328,0.0030887595044425745
0.0076665190598366574,0.0014501547922090774
0.005696818766250358,0.000844977844259567
0.009625024588253702,0.0018726557847569894
0.008803726794869895,0.002577507612004924
0.007395980683248784,0.000443316175469919
0.004655356842669796,0.00620773159022806
0.007923206887611122,0.0033736784977507154
0.007362287431678919,0.00343670362513806
0.005160457415625116,0.0022068006306764313
0.006034897055973147,0.003405506269210443
0.006678708579648763,0.0018863507917291893
0.009332515663780665,0.0018769193333205989
0.009432806576490708,0.002775937343934144
0.0056254022896640565,0.003712040289322812
0.007960661646141672,0.0020318138347651072
0.009800929315801513,0.0014527990707685172
0.00930078880715536,0.0037284523303068003
0.007501577783197781,0.0016963102907935337
0.008970567730654187,0.0014993203465512271
0.00730468499361207,0.0022095678201699224
0.007208687410493497,0.0010134395249378723
0.008335681540734616,0.001865217704638141
0.007347525945384921,0.0007366387325333798
0.005339861416986443,0.0042643090779232
-0.0001233284812496207,0.003480184323303986
-0.0005828989054072675,-0.001285542259673784
0.008018556736369841,0.002328979864552065
0.009899234063076856,0.0018591881778593665
0.010715529275028376,0.004949652169613162
0.005484383564974329,0.0036302878741344023
0.00603384257187469,0.004272245840952849
0.00884715175512509,0.0024993578177507783
0.009529200363879005,0.0014881653411241763
0.007823576082790735,0.0021605019342332927
0.009493649086604675,0.0014235851869085102
0.00913348309655735,0.0029356582616948896
0.00689619434200826,0.0031813594412554123
0.00947052115876339,0.0030700962646924663
0.0052065715309899015,0.006362566032674797
0.006682223623136101,0.0038278722837783753
0.007931340118519235,0.0022037476759757093
0.003756508596709513,0.00776995176885215
0.007030103453951186,0.0013252816268620208
0.005754691224942601,0.004817438942056651
0.009142114812351144,0.002167189623086079
0.0063590337937323525,0.001670296872867674
0.006062793509475727,0.003522521778320335
0.008122790829114195,0.0015812015806446634
0.008232957445970454,0.0027285540193728594
0.008118791533746426,0.0008645215483165537
0.006890777721886921,0.0006105783990489784
0.0038941688324191145,0.006649149833928164
0.00884276117798545,0.004181328071639267
0.008901492533336046,0.0031265930844370203
0.009357648526125256,0.002044883817949955
0.00885237751693653,0.0019261793772945698
0.006270650242432875,0.005361853736654317
0.006897596087391691,0.003311024650569961
0.005369916981823997,0.004674455543136517
0.007475557523073105,0.002561373113690254
0.0028276482062690052,0.00556566840217026
0.007613286998126427,0.0012497017574307151
0.006917155497708388,0.0036388006056634076
0.009580437515759706,0.008808859303543127
0.006652163581253412,0.00201981641112667
0.0056298600370733075,0.002553125649813728
0.001920304726556206,0.0031807150936479676
0.002012341898638666,1.2942133885205168e-05
0.007159592916405464,0.0015977186815327683
0.006091862008985439,0.004501632166399911
0.009152228142106283,0.00203768693326412
0.009890183865457666,0.0036901059503750555
0.010453638545780011,0.006355654372526024
0.006489341636249674,0.0048803951515666195
0.008325934579226153,0.002674887530819919
0.006093628768142371,0.004518909575424399
0.005512241409200081,0.004061139303712319
0.006010540261707549,0.00426100756987735
0.007899692227698468,0.0021565349501586114
0.006455180153621282,0.000632908437277601
0.003642431298787663,0.004851996358638141
0.0027568263281836317,0.005105791428127306
0.006233088454223292,0.0013396420582076837
0.009151533547623162,0.0030745732325243432
0.007576884210913419,0.0014685953098077398
0.005846725303709899,0.0014793152392507817
0.008532348628948326,0.0026924739353678916
0.009097118100178908,0.0015887161905964392
0.010117852383332744,0.0037861211523581807
0.012718441631243391,0.005758349088705969
0.006571137830208106,0.0014565963638543547
0.009235211608201233,0.00354022430574659
0.005075735593714064,0.005059258753632034
0.008687816101590768,0.0010922739348820298
0.008205366886181455,0.0016004799516484347
0.008439016887379962,0.0032667203649608357
0.008990541098075067,0.0020369746817735608
0.009373177781477789,0.0052876271735689305
0.00553997817934969,0.0058400657343991415
0.007159026553324978,0.001317867693957823
0.003751108919284614,0.004248480428290746
0.005926993487712308,0.0038518288074555628
0.007082980276562831,0.0024236896172956865
0.009320287566736432,0.0035739559554257803
0.005962418883183409,0.009163449280748762
0.0094843031108552,0.007536154020589753
0.0037662122494267463,0.00874247352511437
0.005993130616096107,0.0032295932667171564
0.006540106602010013,0.00349217364888369
0.006760653268568848,0.0035554329433790475
0.0052187662968473,-2.615149492879096e-06
0.008986805301560381,0.0012929849859233703
0.005530242593495677,0.0015915142916733908
0.009393670915379706,0.003559611567243523
0.006831016162144312,0.0062563912531818575
0.006251069480972919,0.002285678049221085
0.005829383459267768,0.001134990358494771
0.00864377997265061,0.00240214438475475
0.006843254193725905,0.004395318378877522
0.002460779249029263,0.0008823992365615835
0.005658740405603263,0.0030977392843838953
0.007079499837964548,0.002317249126780743
0.007853860247540909,0.0023375054213106666
0.0078951008810385,0.0020276867068030075
0.0067921220617786805,0.0029448936789824402
0.007398573104653234,0.0006518478708746108
0.002560890693683134,0.0004898193323280122
0.005517453512561951,0.003300007344129028
0.007173062655834226,0.002108580576194282
0.008334459690732089,0.0018494754078707855
0.0045166764741205465,-0.000969357016211465
0.011605124212021131,0.006822851182375967
0.006424578476932955,0.0016241374663280694
0.0071139725395827375,0.001777341107117076
0.0058278876209278034,0.004161756870924135
0.003710827788526029,0.007880352773576951
0.004928059745726131,0.004395811022953742
0.006241265313062218,0.0018759053458242414
0.008922254309785289,0.0022342683824094402
0.007690835962532606,0.004426920688979468
0.006091862008985439,0.004501632166399911
0.008161611843233628,0.0006938848942527704
0.009440006927520384,0.0026354422528826887
0.005013458218637249,0.0014312301952300573
0.005354929474305848,0.0034133274429656024
0.002467417293936393,0.006449133120385936
0.008779517217033243,0.0022415225062110532
0.0031866555636220466,0.0014207637167961825
0.007085162778458326,0.003215093964525805
0.006143161986971017,0.004540239189292069
0.007640134297387661,0.000988541214317273
0.002367899580382235,-0.00035254134398436145
0.007069230851481825,0.0009053848951128831
0.0028147831998573255,0.00011902167870535014
0.003984533404547418,0.0033235896200980095
0.004870926423182177,0.0062060817256477515
0.007035162975941235,0.004814749314897263
0.0071830747014951565,0.0020532160232052637
0.0077202741763909575,0.0016013520565451621
0.008656925313532312,0.0020681696588911117
0.008787466871716805,0.0016565705090804718
0.00903169275503989,0.0017221302014302038
0.008069141809135842,0.002608354847150055
0.00973192173882845,0.004241917467520745
-0.0023308799174386434,-0.0012669182849159863
0.009539095525576233,0.0020191610583526138
0.002643796325152512,-0.002045005806421332
0.005014063167389452,-0.0010821245276438837
0.008970567730654187,0.0014993203465512271
0.006160434833015396,0.004810145486498798
0.009407130689990953,0.0017394732351903273
0.005225549808419717,0.003909577217687575
0.0036684718383040707,0.006004341886346084
0.006710777416807161,0.0018606807464860466
0.012064215262672158,0.0079632998255047
0.0076519409570054535,0.0015502618906343352
0.004964265209449321,0.002573360213558319
0.0057958039144068545,-0.0004896329643777151
0.006385522710967863,0.0016588967073031709
0.006827447372528636,0.0023843246434335523
0.006301990428484376,0.0030566046636732744
0.009403513193348792,0.0014624265293783365
0.006204460370165723,0.0005116860986279972
0.007078920009904797,0.003702707522886462
0.008679804277524066,0.0027130371015994673
0.004729763009904582,0.008531297654770965
0.008643383827613581,0.002484377948355457
0.008952824402324186,0.0024107618556871756
0.004688064235269994,0.002973484991441619
0.0022260881510122697,0.007139616935734262
0.009729612796225518,0.0017922027632886403
0.003514644744769308,0.0070109921064830764
0.008964546622202633,0.002232233946144405
0.006901794777736859,0.005490505292415055
0.009169223509541306,0.002366311536476388
0.005575668929995945,0.0032325546284278934
0.0027752110194267368,0.00480196063026413
0.010311335289764984,0.005170621005102129
0.009530271839784913,0.001320896179597476
0.009937389213362655,0.0017978429169350687
0.005075735593714064,0.005059258753632034
0.007200696509309279,0.003809410396483924
0.0073996555919080996,0.002683660734959758
0.005009991867266665,0.006044826837227122
0.007152438457160161,0.0025384323924913955
0.0073317106434131534,0.000973328496991185
0.0077302151286734785,0.0029684764466679607
0.006207270938098179,0.0022568881865091123
0.00826027654779216,0.0011562496538824298
0.00568756987162472,0.004165195973191309
0.010014699251494227,0.0026262441429479554
0.012410065528095694,0.008636646590555623
0.0066537033099706815,0.002695934940914631
0.005943648003109566,0.0027909758765328717
0.005822355909108146,0.0053226433606810755
0.009476387980750015,0.0016455517536603194
0.007301363496089944,0.0015724836886565289
0.010708922957104143,0.004258496085864778
0.006080945956834236,0.003988945884867184
0.004550379857603701,0.0035198728185101913
0.009004579004691676,0.002204762913702499
0.008664773698377365,0.002780933862734881
0.00736291929576994,0.0030807362166319708
0.0054378417315840795,0.0014840683250240865
0.009977384145988769,0.0013393729046007044
0.009427299831185188,0.0026359498852948048
0.00781704836921295,0.002537301438131913
0.008950574361662128,0.0015225574651187637
0.005773104986366862,0.004774505310450101
0.005026470263569973,0.0064683722923279344
0.01066634819827557,0.0038981930924901816
0.009018508051071801,0.0025890174896644616
0.003834285145513751,-0.002128873188796218
0.011653253942471829,0.004597627042246604
0.0075297917642847614,0.0011557075654781233
0.009784298896222971,0.0040808243583209955
0.007556321291065166,0.0021980862139940466
0.006862892669749897,0.005922736290237804
0.006165207257150298,0.0013392472429311257
0.009922744179379543,0.0014653693336362681
0.009950756686549145,0.0018240777695441761
0.008555358607980857,0.00852686381246833
0.004494716205006428,0.007803679395368246
0.00794090634577755,0.002557439898556441
0.008260657352383927,0.005066076150356091
0.009925641086006397,0.0018602775504454275
0.008834495058852407,0.0017790443478531296
0.007020092106823823,0.0017516748256269782
0.009421461136253495,0.005773592211389355
0.007883112600974199,0.001236183040454769
0.006844623872984828,0.002852869744438739
0.003117039244869488,0.005568519945969683
0.005833385568747495,0.0009429014476942076
0.007925506541653407,0.0018120370885054363
0.0022522868060212324,0.004060031757162542
0.0004666774321672902,0.008822746590340774
0.009351737266208335,0.001955599784820466
0.002485148722936893,0.0072176730151048245
0.009783028184804636,0.0033494451863134156
0.002637821138698912,0.005135486364945838
0.009639662470559873,0.004787900707998413
0.006105769051690758,0.003183214776928401
0.0026831046495755396,0.0008309960495638683
0.006011353956846889,0.0014136840744422615
0.008755721408709779,0.005158816993858651
0.006930560465718463,0.002109824280687479
0.005849407529784034,0.001441492713975489
0.0029607710936294263,0.0060937956690212715
0.009345460305876378,0.0028084074201957764
0.006971529251962023,0.001525957845359435
0.008786586615842742,0.006898756578241868
0.003837599302024969,0.005428044388257853
0.006883762380808584,0.0017477227803978168
0.008426281946452317,0.00386526604865846
0.0045639623073347605,0.00716801787025819
0.009319596562698918,0.0026180843842374783
0.0076000322087961935,0.001255224742848165
0.007622906045714866,0.0025577143306975345
0.007201355916462527,0.0011793001953121548
0.0042696214313289365,-0.0010349627127882281
0.007123839342099737,0.005620137148186034
0.008592973328349875,0.0017976663799007782
0.0047039327241591425,0.0059878675132304235
0.00778577192698687,0.0021887806087342787
0.01011275982568117,0.0028662185788341146
0.005135978959481675,0.0028627183058056197
0.009378144585956103,0.0017723553736302688
0.006847996916996397,0.0009159413229755178
0.007868511011013025,0.001963012572962613
0.005626168225883438,0.003748738953319748
0.006400962838334591,0.0031893561645226914
0.007836647816059205,0.003320173692808728
0.0019042975789196758,0.00636478100891155
0.007864881242144925,0.0015396533727098007
0.00854719463301042,0.0028439991018835943
0.005578629628112265,0.008511046395260102
0.005630222489944797,-0.0008335274221941118
0.009532644862454559,0.008338605466726372
0.008125751649888616,0.0022203804105044135
0.005994698264298202,0.0033071894334886906
0.00785913138224811,0.003116638904842718
0.006682411118798652,0.0020665890498335095
0.0071265881109875365,0.0017545314229230717
0.0008480502555760243,0.006086056944014735
0.008439974769542063,0.0014219406573012065
0.009943844709854849,0.0018415813650448486
0.006104440566245555,0.0053303765771340605
0.009097872479134107,0.0018580424286446101
0.006552229105315978,0.0031764596604854874
0.005287993444023917,0.0007991982983581525
0.006510786571121599,0.00019755851668636776
0.004854679495748841,0.001114712400883025
0.007106742503388759,0.0015771610433755008
0.009188674089321398,0.003238197937766382
0.008772865538735963,0.0045352333034223945
0.007224033560096024,0.0025577664390564183
0.007550231106228872,0.002234949738802866
0.0024561690606399768,0.00494095678504788
0.009402638586438632,0.0019261465861385241
0.007027823263221808,0.001288663250327849
0.006869166136842157,-0.0010116811551119497
0.006556600887185352,0.00125837435263437
0.009111193614127945,0.002099174851738826
0.008360286376424733,0.0027743725312703547
0.006836154557997495,6.114918700667396e-06
0.009081906938995098,0.003575349628901302
0.006009531295695149,0.005234745351397176
0.003655770826187562,0.0026000340624001955
0.009402753490946167,0.0017056456119602338
0.003422935802844542,0.0021163880911320614
0.00725327469468314,0.0017864345425879446
0.008617824866470294,0.002037795215319496
0.007605437876540446,0.0017625962965145785
0.008938598894830068,0.00215751464669197
0.009618582004408172,0.0037359587782004678
0.005104048144584119,0.005677594030693876
0.010079659746720121,0.0015057046714699387
0.003505352477138105,0.008111095802429484
0.00425450589702009,0.007450622254033228
0.009433547547285353,0.001836351162445204
0.007238141433815907,0.0028761741286353493
0.006442180954279665,0.0012125020972772503
0.002840992627361854,0.004496037165307927
0.002197501384680862,0.004066696733154691
0.0068758256731774395,0.0013295242419529454
0.008100090536119207,0.002718910583619432
0.007052643273455852,0.0023229245621208565
0.008437550773572952,0.0018058441602390955
0.004987732020142166,0.006292400966906836
0.00805150339176013,0.002828200399578191
0.0031841558894939188,0.004281292737677567
0.005466094833488462,0.0006393220893414885
0.00364618564463922,0.005513959375075511
0.008322470068018768,0.0028444378536997376
0.0076398903310244595,0.003826932654029478
0.0042892035183083425,0.00591990398809414
0.010333342390939887,0.0046556788543788375
0.00758007447332651,0.002185285211763686
0.00785611161777372,0.0014165824055054725
0.009441292015510281,0.001406378184059559
0.007298141500399253,0.0014146973388551318
0.008158806195690609,0.0025923812646831187
0.010134826939431994,0.0068028886306992584
0.012001589970541304,0.00920410697325422
0.008122790829114195,0.0015812015806446634
0.009686754374725898,0.0018533264720706965
0.007158932843404185,0.002028092648376334
0.005348563052425138,0.0034470842176433404
0.008346377627057838,0.0017329562099372012
0.0059636065788328824,0.0026484353091310777
0.008278043943181348,0.0025217473999485556
0.007622906045714866,0.0025577143306975345
0.008018386928869036,0.003043846212438985
0.005873950417153852,0.0032573123207760334
0.003915195098724082,0.005475883081124682
0.005064752742730448,0.00201517266896078
0.006702822452733937,0.0029531751931033664
0.008387487942936738,0.0024177110410197452
0.007988479168024823,0.0015029494781913571
0.0051538013657938244,0.0029570074402467646
0.00885783756970344,0.004180186728117586
0.006310235607383567,0.002577880314694115
0.008467665262404549,0.0017745061685617465
0.009045111144174497,0.0013656261149657097
0.0056806058218986715,0.0017179820198930966
0.008861332900997361,0.002630336278130318
0.00553997817934969,0.0058400657343991415
0.002923864454690649,0.004175539777297248
0.006257363940617593,0.0035526792142453988
0.002483971537411811,0.004360588714448079
0.00812306418807736,0.0020541965332160923
0.005517453512561951,0.003300007344129028
0.0058053091707239626,0.003400221338514068
0.005651925999024447,0.005819995022835381
0.005550489420758764,0.003287553027334032
0.007873145484679146,0.0021955253809573918
0.002830080643907688,0.009159030911062549
0.006059677881069922,0.003611907164000034
0.008774315773934668,0.001295904592888102
0.007752852756313903,0.009386556538054605
0.0030943606110604375,0.0053926971290273774
0.01025081631989894,0.0022106395170958864
0.008667100930208605,0.0024122282627268626
0.008573752515473931,0.0015174437043043677
0.0066443674290101295,0.001432827531685171
0.005311075826853542,0.001093639346789443
0.003257431904481135,0.0006766643346983693
0.006490427617608524,0.002049001479189758
0.0042690559752598285,0.0040744714666835595
0.005108885641579166,0.0017639325384709017
0.005210874462191775,0.005731480192257251
-7.844065172624322e-05,0.003715518910775848
0.00927330250568826,0.0024833044029108978
0.008450669810165077,0.0013376075677611725
0.006004094779840933,0.0022214506737026655
0.009220750638355162,0.0021235986226761303
0.006955025905216845,0.0020089904781510114
0.009313532757531339,0.005768053368418939
0.005919852109000698,0.002394140205116445
0.00728202735838765,0.0015001771572450869
0.005131005701322777,0.001550974278217274
0.005661259519036412,0.0025522989004599997
0.005219018799864918,0.0020721517555435873
0.006622980278809033,0.0017671392996129846
0.004316204975993034,0.005192902162309957
0.003894921748304034,0.008620317973036692
0.013473095343899757,0.0053801105703163345
0.009583751892420953,0.0019307661718541676
0.0064797160555312375,0.0011419952642780576
0.00951835436999907,0.0016259806389805499
0.006381413918612347,0.003126515968295224
0.007010065373234499,0.0015311650884094032
0.004181371824677595,0.00681909779479959
0.006894577616638803,0.0018631055906858998
0.009976005630100628,0.0016335751652076253
0.0030515102147839375,0.0006463133159740533
0.0039247417265784665,0.004386259432908119
0.009955273134696534,0.007029454947078599
0.0021115691130692595,0.004116062504686651
0.006139943801543917,0.0022729289569300504
0.006253707901804052,0.004790881826389638
0.010631289668218847,0.005766750054465825
0.004169823850806434,-0.0005953567125988419
0.007275097291759186,0.001903964223356095
0.007611743790155053,0.0003712742998667508
0.005192364267165379,-0.00043596103871481294
0.005724787031944174,0.0009605997342781265
0.006332701273935563,0.002192644629688323
0.007903960094765353,0.0014056477877711108
0.0017000662303021394,-0.0012517262577338645
0.008733750746787953,0.002523056453415288
0.005537355191643363,0.004199447749696496
0.008274673431829792,0.0011833105442963406
0.007435422461716618,0.0029157995305308477
0.004259124259999234,0.004350953088697555
0.0036072467276983267,0.0069428128079724125
0.005701500272259837,0.002205997962722555
0.007890331298328973,0.0029579867692154935
0.009848183603227766,0.001469308971373669
0.0061432110670975835,0.005663241219742298
0.007113248488554711,0.004751285543332649
0.008876746503884661,0.002472130366259878
0.0036163729342337534,-0.0010327525266974318
0.007467674000297892,0.0013188529717851833
0.007463322426080295,0.0037006911226538323
0.009249303785999693,0.005011175442075958
0.00943645425384509,0.002861119205052399
0.009280023309081053,0.003758546532692305
0.009365195344706406,0.0015810289199423375
0.007123876953632681,0.001674703039128209
0.00929083356793568,0.0014227635117169176
0.008587171871987173,0.0027228363625870534
0.00460566479233004,0.005868921099804956
0.005580908706996741,0.0021406924169539683
0.006761632666098366,0.0048209925181731395
0.0023916619490479112,0.002983326503953194
0.008714660596226467,0.0025227448547072377
0.0017363823508528822,-0.0011758067647109445
0.008746495086207234,0.0013121517944516495
0.012036304206209204,0.005698375307015426
0.0099382629933512,0.0029970048573308592
0.009641479524995748,0.0016791625499943882
0.006723595615148209,0.0034165843612937183
0.009923814776197974,0.002262512948349794
0.006046311427792871,0.0021558057587025914
0.007304706890749428,0.0073168354332089815
0.007558633352377541,0.002181054988179423
0.009533944151117111,0.001494140708805135
0.006502577028895486,0.0009687821997225905
0.006828887281794382,0.0004432796511491307
0.009559011170007013,0.0019871904523062417
0.005323677722979736,0.0012080404606367064
-0.0013081545920254102,0.002320544981756708
0.009560045976142725,0.002109712207498408
0.007783075401513672,0.003951138441676471
0.006677722570572944,0.0037202934926204826
0.006455509710514527,0.004203100570440533
0.0068529250750206175,0.0020956688665114756
0.008783404888369732,0.0035676096640666084
0.004203570671852603,0.0012315963535330181
0.009955941495630144,0.0055070361445078144
0.005278177713179809,0.0006604652521915375
0.0054806111572118805,0.005449111839116012
0.00906019998062495,0.002130380600197642
0.009781491844758922,0.0014713465247724556
0.00665815843658483,0.004028814260915191
0.006552229105315978,0.0031764596604854874
0.010113898686423477,0.002634315954987421
0.006035085917812319,0.002850154655573399
0.006761496226733336,-3.498888218662899e-06
0.007861327039248411,0.0045201293942178
0.009660109388467869,0.004476052765979117
0.005348701878520975,0.003015756975522077
0.009110287509498726,0.0017423162817083475
0.004706645687338304,0.0016979880124796025
0.007103212823362237,0.00264575546925999
0.008069866826416212,0.0027837468320914558
0.006955925427615856,8.847618470197993e-05
0.008154748829534314,0.0018927087141413779
0.008531451151531205,0.004142172042916368
0.005415718212470423,0.0047885484692541235
0.004366267104858787,0.001475205265061296
0.006450807086664839,0.0034215951466591487
0.004728020123179239,0.00528072639087524
0.004965138985030539,0.006461670253595385
0.011235887886317679,0.005009751900862283
0.008285027785535273,0.002438852926028518
0.0053942750979615005,0.0037316631908060048
0.009306649483935923,0.004660999146159482
0.005741152590105261,0.004693970001024152
0.00821214961796217,0.0028134402536433324
0.0071115813477411905,0.0016214187360783453
0.00502859675302259,0.0029424314046202623
0.005484383564974329,0.0036302878741344023
0.006950459759178731,0.0038051175528869105
0.007736187727123103,0.0021748513305656116
0.008768490569257667,0.001927916459232527
0.006968104887200576,0.0018217482050107018
0.003150942576004295,0.006703870205230916
0.00869207172124922,0.002284751605888761
0.007313278824737016,0.0023409827545561894
0.008515494951580917,0.0022076653991423617
0.004714165676561764,0.006873150076833255
0.006617913637535495,0.003222913164416713
0.005925623577585602,0.0025745438582671747
0.0036684718383040707,0.006004341886346084
0.004027080380939967,0.004697201552468603
0.008903020718665626,0.002549855789858526
-0.0005832807429753395,-0.0015270489552829756
0.009604649421341163,0.006922237257202828
0.008653472483873654,0.0029868878323014627
0.008854853621105607,0.001542474781336632
0.006786488241350512,0.0022593239801259653
0.00705021400114427,0.002071590193765789
0.0094603778659204,0.0018354280545578383
0.00460566479233004,0.005868921099804956
0.007187475336553481,0.0018688092483760506
-0.0013081545920254102,0.002320544981756708
0.005114367007044318,0.0046520494316798725
0.007680329975964202,0.0010454451388100102
0.001548732013533693,-0.0008087507261827932
0.004672415591420786,0.0020362224760298872
0.005845737287766146,0.0032892070817977896
0.008696686883275462,0.0015481031803732202
0.005809799058138495,0.005787226711739306
0.004899263089224491,0.004608170273329738
0.006998215473443777,0.0016286117626806975
0.004959188141866795,0.0024263878858343654
0.009511044305081953,0.0015283822713416766
0.0015990342827110846,0.0009221936745108742
0.0069172818532966165,0.0020339783599558443
0.007010598672970967,0.0019306918223623887
0.009061365839070011,0.0009230448887676337
0.006767781514544911,0.0022434247241201882
0.008138140501489692,0.0026681389357665654
0.00870372566161566,0.004234596214484251
0.009884040915930387,0.001789627527554307
0.008926471874694343,0.0019966457649251805
0.0009454178921750747,0.005166668147295421
0.006544299815426949,0.004114227177536266
0.004810941514271707,0.0027293002393810354
0.0056273601521976135,0.004088958622811117
0.007826859778318191,0.002244385629585118
0.010433334230239061,0.004854888917175334
0.003464252840436631,0.007001187675542387
0.00467898192599875,0.006270380404489868
0.00616459786607105,0.0016089352582226244
0.008833434186287452,0.0022281899965719536
0.00815909737028946,0.002608814212501055
0.00663913881102041,0.0014217994448307205
0.0035021251517227195,0.004472301980323001
0.0032196172909799486,0.005526965650316083
0.006353544657848962,0.0037388005811349063
0.009973066659450844,0.0013696709651760553
0.004251694207849023,0.005541487270781862
0.006289467553489249,0.0008392535158019826
0.009485441919061411,0.001982680866195384
0.009611541909712806,0.001804926006305013
0.005626168225883438,0.003748738953319748
0.009697657726293267,0.0025285655624347004
0.009309365089459225,0.0016588245532661366
0.009181731289368803,0.006153689431164134
0.005899396127443967,0.0019530633656209837
0.008931015017204304,0.0024641014290435687
0.005901839119951947,0.001868466546660846
0.007954341076925199,0.0012069430212377635
0.008691529676315014,0.0007557723020940018
0.005118305534151414,0.002473289861562502
0.008262627860970671,0.0036783756442099374
0.007078203733541987,0.0017427175949974666
0.01174901888512295,0.009947364197505477
0.009583751892420953,0.0019307661718541676
0.0008952941927572395,0.0097496122400151
0.005451285751658201,0.0044253367699740535
0.007782911843112597,0.0026431909196528713
0.009124871199532373,0.001987574736843593
0.006070772236661949,0.0053465426178024595
0.008005630532610475,0.002299622152183276
0.001277451043403082,0.009560045276584326
0.00851083569978306,0.0019451663527300812
0.008986026684696717,0.004234580559914192
0.006581301563425256,0.0004783661047198136
0.00493628371825044,0.004755501362733366
0.006903093696108156,0.0017654883067293493
0.005524417226409714,0.0009637055990484433
0.006347374907254675,0.001847774429136308
0.007872987972475964,0.003415981233578634
0.0049666465521564776,0.004134552815390764
0.00022426270237946733,0.0016566031633051944
0.00943067130089775,0.002161152482347872
0.008347515406571637,0.0029288039197667808
0.007094154518934653,0.0019806993784497436
0.009048079149047903,0.003031863209221713
0.005034489195131404,-3.407342828182745e-05
0.006235416169004294,0.0013832624762076633
0.008921283904331388,0.0012612985108649832
0.006889581294017405,0.0036229802182670724
0.009173634031362983,0.0017533565044359958
0.009870135022212314,0.0018647171949213188
-0.0006142854909225899,-0.001285898069333235
0.003891115433931374,-0.0014994163896489233
0.0027590215861228477,0.006968342505105182
0.008230279046252705,0.0016055082013408453
0.0037610720967368675,0.005330525444046389
0.006885184940143883,0.002051355822709445
0.0029502386900565674,0.005398925203862151
0.009211932245510599,0.002018138832111221
0.008501942313897372,0.0051747714747390075
0.003532292277982598,0.005820707424835874
0.008065473290249578,0.006262043427216008
0.006244335963114549,0.00231885769562158
0.0050586155247482854,0.004389534886432492
0.007367646275958484,0.0012136815581648228
0.006874915595188379,0.0012835088006220062
0.007826296412277457,0.0017766560988801711
0.006488808778640831,5.518889877995439e-06
0.007233557441700764,0.004101656991483439
0.0034428335265180333,-0.0013317810179194747
0.008697659278908868,0.0023502101039058745
0.006920579032164363,0.00024256015611001484
0.009266487427146737,0.0020437917239290787
0.008483846921806745,0.0008011567919117921
0.006007439156496979,0.002725565470003859
-0.0007929952521802345,-0.0005631004030253323
0.005268289531678568,0.0047587891057857025
0.005439027353214557,0.0010603048713836924
0.0063893533042561216,0.0036736526026964937
0.00759281142516276,0.002584071164454753
0.009193039462016042,0.0013292388023626537
0.009285459747120632,0.0017528954005620323
0.0039356293059123314,0.006815389208263717
0.005340501202943511,0.004295578209503457
0.008768829081259633,0.0027170642378768492
0.0015140043516738847,0.0036681833982424306
0.008602268216360943,0.0026223182215696908
0.004515418402312206,0.004522932087772984
0.008766114814146818,0.002467980516017319
0.008541569725678499,0.0032769166970299827
0.003932642635793241,0.005092077283152049
0.009434972686005818,0.012371395929770223
0.008684671292679799,0.001902780639966484
0.00551183211538043,0.0003332408413978475
0.00878171269462251,0.0017783498119052403
0.005643210846027723,0.004547226837732
0.009516619106880796,0.0017510904436863397
0.006736867309193512,0.0038704279688427444
0.007455091981615265,0.00047367432506165326
0.005017798955231773,0.0026630796196420578
0.005090252542730421,0.0037803317275362097
0.004865253180129359,0.002061753143234141
0.007652353533839801,0.0038241262814225196
0.007936159557183515,0.004945470314247691
0.008913079792478705,0.002092832164823294
0.009237184000406316,0.0024368425395597873
0.007860828065450446,0.0033756327656047774
0.00494666320434653,0.0027793019615633494
0.007996700483835124,0.0036919484071102713
0.00890383968632931,0.004136883933940082
0.006881186433803553,0.0016322666121859064
0.007000212612637035,-0.00011097114094883384
0.00944146277932189,0.001825708870507166
0.006102700412171608,0.0057571213437805835
0.006190242271377178,0.003150375745690907
0.0012425344678080805,-0.0016051479527400625
0.006593105540189385,0.005449381154464033
0.009859319178146506,0.0013994866417565985
0.0028104916140623453,0.004744359261156306
0.009517937598677213,0.002171567253750982
0.003380558366573535,0.006180938111771422
0.005259528720185494,0.0046615243364477
0.006017214511854421,0.0025766703894247135
0.0069822923583749376,0.0009571507689019937
0.008429202591915541,0.0030101563169545754
0.009672655876754956,0.0017774533775802908
0.009616871622624425,0.002176268169355511
0.0059254959350784845,0.002446848320987365
0.007604213885119634,0.0008041006231771109
0.005801508416460128,0.004936893301824149
0.012381001626481472,0.009346299172344388
0.005776377372957498,0.0036531182862061824
0.004594833043901578,0.0029861084996262942
0.008285100219802027,0.0023427637914002096
0.00715765983828348,0.0018495057052385954
0.008965978481545572,0.002412384930374432
0.009184386316327404,0.0013260952072224582
0.005050149882682777,0.0028382597576826563
0.007374762656105209,0.002697323311468499
0.0037610720967368675,0.005330525444046389
0.008584998147591883,0.002529070041590001
0.007609270678646407,0.0020812019106939217
0.008556229568056437,0.0025365435341739608
0.004179544432263426,0.006650205794738083
0.00947772135726678,0.001764719358669565
0.002887387796879617,0.005752532253897173
0.001155476513356431,0.003411514910705537
0.007651555804750775,0.001956555488059385
0.008233508223377279,0.002219347276608292
0.004207240165094297,0.00588613165778552
0.005098987378821532,0.0019568986437912455
0.006960397783207055,0.0028494936878352695
0.009158831934802956,0.0022933848768926027
0.009406138492578023,0.0016656496856094945
0.005189721515774543,0.0060495051107719204
0.004692621962371424,0.0048489779374615806
0.007123839342099737,0.005620137148186034
0.007198720314312115,0.0053230317656572535
0.010260503868594322,0.002138627322079106
0.009628542107541865,0.00929898580043978
0.005094047879093417,0.006250869800486147
0.005920123581708758,0.004204074532280162
0.007580333412438193,0.004022832438133497
0.006874915595188379,0.0012835088006220062
0.005315119417175443,0.004477059562578542
0.006540295179547062,0.002967795563246927
0.011489532526208653,0.004878751359805338
0.008960510409385333,0.0021320104625184603
0.003117039244869488,0.005568519945969683
0.008595281530583653,0.002722666964978718
0.008741966548554428,0.00212317720748115
0.009710299336119499,0.001500091002054108
0.009282502457618934,0.0018272601210939429
0.008544969293539408,0.001476421307210791
0.004706645687338304,0.0016979880124796025
0.0080038792534694,0.00271918517971803
0.009869279156751058,0.0064180030087535945
0.006004360621132564,0.0037037136724089644
0.0032196172909799486,0.005526965650316083
0.008325981926029253,0.0009367427781506923
0.006872287929730958,0.0062230976671995425
0.0056043747819663915,0.001918733525135231
0.0017525989635894272,0.006105987830600472
0.009032240164104581,0.0017072746323628287
0.008537477286560393,0.004451917377546518
0.009125136493326929,0.0009241455691338593
0.009361967007191514,0.0019074162204375565
0.006561953378478378,0.0048114285330885225
0.008628924464788287,0.0020455017136746913
0.007196752253928055,0.002539848004113731
0.009653911968986711,0.0018566495704144294
0.008794497920831458,0.0014553741428267293
0.006829359390308024,-0.00011311330935187373
0.0059513581377323285,0.002550082859120316
0.007875191531853907,0.002351943704360796
0.005862191625077933,0.0007179896372085451
0.0065879529449632546,0.0033587296165698607
0.00865472239970604,0.0030755772401899074
0.008074932536226372,0.003238994061549683
0.005338671999030475,0.0015756155185349865
0.006786488241350512,0.0022593239801259653
0.009283241678716223,0.001939657644258459
0.007892214138898854,0.001872715160769622
0.006456679217316337,0.005062259391250419
0.004727875957501163,0.006254049706913872
0.008412137032026357,0.003211423036802329
0.012187400025591768,0.003598605809838529
0.01012963843154039,0.002262958672261255
0.006880360767603365,0.001934178612969501
0.005151543732936412,0.0019256003302698674
0.0072217864434069344,0.0021195782280624045
0.007215587387275514,0.004731954021795333
0.0051311636681714255,0.00042550167903454214
0.007389467406909991,0.0015531486657722696
0.0010582394181606791,0.009266215514287211
0.008141510755175344,0.001667642119555791
0.008469296619755234,0.0020840081310751542
0.008881123208044822,0.001551876486585552
0.009336272454725094,0.0015840494486756172
0.008517142008151273,0.0029473916879278646
0.008623571636325902,0.001588751243934654
0.006846190466404546,0.004710778191772001
0.008146213770794674,0.004439273786336525
0.006124338855302942,0.001959073481662045
0.008546668638802851,0.00292837876011997
0.009789552541812747,0.003909184890073313
0.00903740289295808,0.0017985553758522801
0.010350108172199616,0.005660030008913041
0.007950086467230043,0.002573693999540475
0.007556980572599242,0.00047535609461540895
0.00668423182049444,0.0007930805109792648
0.004346623811338412,0.005088228787061232
0.009060885422684125,0.002322728556542486
0.009581067355570905,0.002750584079421357
0.007787643214669604,0.0034510929732053303
0.0083378658026594,0.0037689249557944175
0.006346012152406537,0.0023197293302824025
0.00914754660074013,0.0021270576217539876
0.005289258993500129,-9.749139449113584e-06
0.005877565762229336,0.0028959305150679975
0.007140204077964418,0.001289496980346921
0.006123486145669259,0.00024992630734454666
0.006345254664298005,0.003829581210351901
0.007997706819673076,0.0021580546214785236
0.005515942513312888,0.005809073959926664
0.009423018486879473,0.0022821394602196635
0.006599893880093639,0.00022071341895417082
0.004965138985030539,0.006461670253595385
0.007997951790513004,0.00021225980753674344
0.005155811482334981,0.004206294578943288
0.006748902416991876,0.0014158798790238486
0.00903532272021366,0.0013902432488026497
0.00902511570443788,0.0024217578826638926
0.009069646477794496,0.0018259203187600314
0.009798326216440216,0.005175381016084911
0.012685912713537268,0.008259988491055682
0.002479501174815814,0.004610839171199301
0.005036034372586877,0.0010858380451843402
0.00499620495274389,0.003408160790251911
0.005974260755303438,-0.0006656727789051886
0.007859162448863316,0.003347200070072774
0.007113552826054983,0.0042131004713793115
0.006220423802693863,0.0022683134892439337
0.006522160757878972,0.001465231024441337
0.0076099022833767595,0.0022375927399035794
0.006488460013748318,0.0015398552211646661
0.009503423053268952,0.0026868346717134374
0.005765004072294327,0.0016377348709249607
-0.00015486203516383665,0.004077391653697379
0.007688639367625262,0.00034915507216987107
0.008122129321012103,0.0029575512146671895
0.009192536575461426,0.002350964053158968
0.0040266877765093275,0.0026347615465612565
0.0073565311659365955,0.00038838449574146033
0.006779195876847665,0.003272743201803505
0.009100036608879765,0.0013851434579654704
0.005945639243246523,0.004784946364765941
0.00842472084624124,0.0016093055572569516
0.009580925955526148,0.002898769254622756
0.004314840852293041,0.0031971940125846377
0.004023638752095475,0.0013724615255316696
0.0052584572253302885,0.002667456456232155
0.008685463356057185,0.0026401095530332484
0.006251562228431889,0.0018830794486430326
0.009982387654561657,0.0020433649809495002
0.004903625202461521,0.002763909659848172
0.006006094495757838,0.002567892146165986
0.0020341211776334503,0.004310261823637008
0.008618231550079798,0.0022791671556420612
0.005626168225883438,0.003748738953319748
0.0074068929744967454,0.003967302268305786
0.009054062966654456,0.008241062337226575
0.0056777927167650155,0.0017803096060591177
0.008429937069495429,0.002159934976985401
0.006250062690428331,0.0012149211471666607
0.005845458608427882,0.0028338695277010575
0.004955287644064147,0.00706681949662517
0.0029178281501349495,0.006019360457093331
0.006505248514895945,0.0014547789602627533
0.0082248888194757,0.0021584660095695938
0.004327324778494297,-1.8910901312960485e-05
0.006152137960398604,0.0059603547173368516
0.006329326962418148,0.00483102314198728
0.006901843503866969,0.0019733627056359527
0.008933142495652288,0.006013301376917988
0.0066411688489908735,0.0003029119429305647
0.001970029348764518,0.0007035495695278801
0.009985509150581466,0.0016656576505897514
0.009533783623560419,0.0037069595074963055
0.006267160654302273,0.005269251540141464
0.00777518594251247,0.004213125144950712
0.009544382777793785,0.0019062195095983434
0.009862521652693197,0.0015000097765050244
0.0037875877305465905,0.006670741952840291
0.007782448111648227,0.0020617360414276684
0.006414008829128636,0.0019170132827678772
0.009982804046720948,0.002180557523050454
0.009192158912431823,0.0018965466625800141
0.008652067599975834,0.003224998694813838
0.008823041353790619,0.004946060149096496
0.008757348331292568,0.0026703095746962377
0.0030655436757076014,0.0014821357828033056
0.007457007750176114,0.0016891209308273133
0.004251694207849023,0.005541487270781862
0.008366137296505807,0.0036684796629248874
0.008723764662980613,0.002035562011655964
0.005508865925908512,0.0065980239951699765
0.005336017536663601,-0.0008133861611150971
0.003890619017450749,0.0008759344787420296
0.006584553747398235,0.001660694891777616
0.006482635196056731,0.001484740874599065
0.006488808778640831,5.518889877995439e-06
0.007392200390895078,0.0018686062752498603
0.005572052559726533,0.0042687240156693545
0.00922153038400107,0.0015411445512253132
0.004527673060404435,0.003174905694527016
0.009503773006017747,0.005677621181852006
0.002971411252896773,0.004594128128572
0.0063310699668009465,0.0019512745269130377
0.00483485693335382,0.00945829287331315
0.006441443544640464,0.0018924721318695206
0.0008399195465203183,-0.0016685039992836073
0.00657413060097934,0.0030275665404463307
0.009130497657954033,0.0021234547097990645
0.002840992627361854,0.004496037165307927
0.006901794777736859,0.005490505292415055
0.004933154915309614,0.0016987751808068474
0.0066002571255080736,0.0021246156002573168
0.006831384976042405,-5.7105500326824245e-05
0.008668875724777508,0.002536711095820289
0.008424301427634487,0.0018066921471933013
0.0055358508853822,0.0017035539000595469
0.007638979352420286,0.002191214717277264
0.005661670814606962,0.002295425594523849
0.00793212187098008,0.0021871729409644863
0.0041824267366900045,0.006436915600661567
0.008018731228260896,0.0037266440439818194
0.006967479424408069,0.0024446695409714456
0.004707869314915935,0.005044896281440869
0.005752731581102524,0.00419946509729897
0.007311371616419843,0.005172044918430287
0.006202423259338823,0.003794892862134164
0.0062864705227880235,0.0025663726976269388
0.006730738609705504,0.004971054322002277
0.008930295943699942,0.0019340050114720923
0.009850568008967083,0.001478713682938196
0.0074826574767520105,0.006129483336378566
0.00703494311323778,0.0008210232735383835
0.007215626985558449,0.001753329950847429
0.0051197050521020054,0.003355193887253789
0.0068359791871035434,0.0035107994146778097
0.006628149637236216,0.0022214323998371527
0.0052858729597470705,0.002694438749570649
0.008502420459048247,0.0007552147465675913
0.003386634117403059,0.004603072258386538
0.005984166660577911,0.005014385340044678
0.006328913560213214,0.001653688975251269
0.009550619863097149,0.003112767787713859
0.005748815928382336,0.0028209735614467763
0.00873464829039997,0.0012423823184710917
0.002483971537411811,0.004360588714448079
0.008913702653381443,0.004488127455428301
0.00663799158872181,0.0026392575640693805
0.008428394394797822,0.0034904863753687267
0.005710577056211474,0.001339303939664048
0.008578997965008592,0.003598056866272059
0.007752624292148585,0.0015270829405888324
0.008318013851707048,0.002406716650022878
0.009186231868945606,0.001509831094442601
0.009374942285013916,0.00189954551120627
0.005935916608248574,0.002863596375833796
0.003671311444686942,0.006406837601138691
0.009692573513846968,0.004701926172769838
0.008233859187764897,0.0027860508031862484
0.0092637258487422,0.0017107523128912557
0.008433766519319347,0.00304375051456144
0.007421939150701265,0.00396556670880701
0.005009991867266665,0.006044826837227122
0.008381317346212364,0.002117130083556437
0.004271177312404483,0.005437648335121395
0.007238361257066544,0.003422579825654425
0.006531780292889302,0.0021991712118666403
0.007880789235870832,0.004399446526205752
0.009328229738368509,0.0015804734036125876
0.0015167059158956832,0.006800625630595596
0.009513817902511663,0.0013256086973785055
0.007214688436456577,0.005567056123503962
0.003162722796273938,0.005466455284391685
0.004515323797838464,0.006864822769206435
0.008384475523935174,0.004491817929575946
0.008290544431249554,0.001278611391790434
0.00988315480777359,0.0035108665332648867
0.00829323141357064,0.002685197027123642
0.0072253892619292374,0.00025894264733092656
0.0024095153878520106,0.006610806574377175
0.007614657130168701,0.00034360949194784697
0.008260889723656469,0.0011316006257147291
0.0031948755712965012,0.0045265189438076
0.007872643218955415,0.003520907550894255
0.005059401942703744,0.0035788569558399324
0.00818759422568454,0.001216327528850169
0.005945028893929699,-0.0002574721216367995
0.01010409184378089,0.0024633698470452074
0.008613023573620801,0.0024507376962541435
0.009803922088847193,0.0020504054035915117
0.007068383643374326,0.002778143288966209
0.005797815774949997,0.004276331377381916
0.005108427375893211,0.0042390509594620405
0.0015800222404037207,-0.0015761076889929896
0.006492860112563972,0.0004226121645360039
0.00586183329803099,0.0037470661038404582
0.008007207092008781,0.0013917564987722727
0.0076250377808917144,0.0020944267467091354
0.006202118133595338,0.002575022334784919
0.006540735715080191,0.0019777340982215707
0.004235897283941034,0.007673554391163995
0.0076198570570339234,-0.00026685895140560016
0.0032389311938446127,0.007008885837453017
0.013328632802224159,0.006407837973513741
0.007120005787461698,0.003938102368771874
0.005768216157583593,0.0012714826009103796
0.004854370340825978,0.006664715688551309
0.007120662184921035,0.0020003206817489254
0.008733755868635909,0.0020545076961750956
0.0023796559550748678,0.006698519372262162
0.007686192521427084,0.002274049363091531
0.007000658630178253,0.0011885757915629045
0.007126787495091679,0.0061920433442733255
0.007159026553324978,0.001317867693957823
0.009382706583485827,0.00211455149601589
0.007976333578809837,0.0017432800268149685
0.008442446632896452,0.0013449755324101004
0.010243044603431721,0.0042888631517093954
0.009985153627104244,0.0028155730182072986
0.0035021251517227195,0.004472301980323001
0.008121162920334511,0.0030531816218756103
0.007996700483835124,0.0036919484071102713
0.009101735495820698,0.002657819296351652
0.008936344392634875,0.0016237142681726578
0.007185177268541646,0.0017380381885256022
0.006462768416048104,0.004792191803422624
0.010445185342217212,0.00507696476668193
0.0036379860887924146,-0.000350073712655709
0.00395000522893019,0.0052730353128726554
0.007356556730006374,0.0013596323442805506
0.0063600012667901044,0.00023747232214017117
0.005712330066718414,-0.00023101571551360778
0.009908208694776599,0.005298499391274727
0.006775980745169413,0.0033978408729436515
0.010029191505217468,0.0034238498149283406
0.005210874462191775,0.005731480192257251
0.005855457429703212,0.0031763383006374567
0.010333342390939887,0.0046556788543788375
0.0031856461940545904,0.0051297158604115085
0.006332151081009233,0.0037930465119617686
0.008422536476151554,0.0022248189992285583
0.008590617389309099,0.003941135499197217
0.0037601515476637535,0.003455788705332397
0.007471598799821828,0.0014061495016330057
0.006980893438328824,0.003211939438158471
0.0076187691462648,0.001741512175672622
0.008769657005433841,0.0025311678714568077
0.0057903551862369534,0.0013536925030077796
0.007775281956104828,0.0013654568289697931
0.008810921776976517,0.0019666051829049045
0.009227898567419733,0.003414328434818663
0.0023005245660026458,0.0007669097708868367
0.007769354739415792,0.00355459893292155
0.006518172895435677,0.004077797983090843
0.010216447492718845,0.002807642778907468
0.005572052559726533,0.0042687240156693545
0.005970695286302826,0.0028119725057015503
0.003990780376474721,0.003941560812225548
0.006736869658909103,0.003690539667875646
0.006025983604585581,0.0016151210973189408
0.008957496335794186,0.0026303276046056694
0.005640869320094361,0.004194514387373329
0.007441635696049662,0.0020784090868803673
0.008392723434517205,0.001485092128084389
0.00897864478082414,0.002284575964882086
0.005276978496066889,0.0016930409072627882
0.009267427850097121,0.0014343600882978595
0.007741607720322705,0.0026470722446056676
0.008936519742353457,0.002843830689690319
0.006144780506837368,0.0031807029741417418
0.007840295142416406,0.001637301696316872
0.008864414276512522,0.0019611846337423047
0.008836534445274304,0.00116848711575945
0.008069866826416212,0.0027837468320914558
0.010032319181811676,0.0021554189823152683
0.008739451747106053,0.0028027089052653055
0.009568643652345383,0.0017537480852188418
0.0045488782024893665,0.014015785966955439
0.004522898958973299,0.007629087601557283
0.008581375329844994,0.002297632947873299
0.009986464057699308,0.001910143164416251
0.008936293817093266,0.002220299593226769
0.004010610840158407,0.006584261010312277
0.003756508596709513,0.00776995176885215
0.007020635771027334,0.004658959852018232
0.009051289303685355,0.001946391603256951
0.009073964345516855,0.0015650986050964356
0.0042620515002295065,0.006780978303728979
0.006007297335748191,0.0023918283144943424
0.006134650344181508,0.001690888910985018
0.011272913953129375,0.009237831435527059
0.008081540344985467,0.0007717791762333337
0.008881831166131861,0.008130791131994861
0.007214688436456577,0.005567056123503962
0.005273896155134922,0.005141203634526284
0.009329137832320769,0.0014843832217833518
0.0031576825957136843,0.002653715997113482
0.0062414227740585915,0.004785210546767112
0.007203933574139868,0.003908901979923889
0.009073989444496174,0.002555538178463413
0.008414301234216427,0.005820523928693009
0.010474726948856945,0.010657992734794602
0.0050984322408590185,0.004213089677556259
0.004670378651071268,0.0016920226633769988
0.009062550754588845,0.0010345419213088321
0.008463504735968293,0.003382229403779893
0.002840992627361854,0.004496037165307927
0.008603529967966825,0.0031402125542285813
0.005907038424120572,0.006101127959383243
0.008998574402946758,0.002161150613364609
0.009181066663836994,0.0023139709686151987
0.008932270727671183,0.0016122406469864436
0.005572052559726533,0.0042687240156693545
0.00611111631800095,0.004501947776936269
0.0027735491633442723,0.006994640169926821
0.008282026660000757,0.005079915897880286
0.004960153696143759,0.002581012130922965
0.006552229105315978,0.0031764596604854874
0.006640710420178572,-0.00018768315751965456
0.010080551729280426,0.0017253305936264316
0.0034280960630829645,0.0006386250116337351
0.007826859778318191,0.002244385629585118
0.005140770735911487,0.0065363268455511814
0.009025592479274569,0.00148603012837723
0.007202970368510022,0.000752757020315362
0.010393947935513789,0.004409681867385539
0.010079659746720121,0.0015057046714699387
0.009308616800493195,0.0013084075162922712
0.0080038792534694,0.00271918517971803
0.009614123971039196,0.0028788746961075007
0.005435885193495963,0.004378305672645297
0.006300464009632894,0.002587024662886052
0.0009433827890439877,-0.002812776947792606
0.006626620770682666,0.0011032736615387024
0.007187340835449364,0.001740847220204668
0.0056543169642064356,0.002878312115812398
0.00611111631800095,0.004501947776936269
0.003975265640393607,0.002123744360770478
0.006024680958707053,0.002811876278817591
0.0049832411459543625,0.0023044088921575865
0.004840613730212545,0.004300812100256827
0.009155758219852081,0.0019953875630648616
0.007017495438012275,0.002547600008983305
0.0059040815671989304,0.00392911567987533
0.007206072747842478,0.01008325638997129
0.0064295246072941705,0.001236238007705958
0.00864377997265061,0.00240214438475475
0.00982582555717722,0.0046958627402291335
0.006143161986971017,0.004540239189292069
0.006498118736299884,0.0018944503834527312
0.007119042652087608,0.0047197052520703405
0.008874434099491462,0.003534460742463703
0.009167090021262253,0.002272193525506635
0.009396122457712895,0.0019113475157259592
5.412896752330504e-05,0.0034358305638203723
0.0037034650734415015,-0.0012146015983550825
0.006112974823183945,0.009063601314946766
0.007922891081196313,0.002450417346154898
0.0031428437398358894,0.011021434847986867
0.007962523445683788,0.002605857814031905
0.008244401192080008,0.0016384114769757404
0.006552229105315978,0.0031764596604854874
0.008016172340499736,0.0012243296348045801
0.008668597219971288,0.0027175756975040726
0.007053326160553366,0.00039934032534728534
0.007118388352293027,0.0019269693362511144
0.005143244019969611,0.0005111250141276828
0.009415030416429132,0.004188757223138803
0.007999986886589438,0.0035315738938686463
0.006798828468614255,0.011945696954693504
0.00723357129044307,0.0028256541494915063
0.007426972836212727,0.0006704821469023098
0.005417185071016383,0.006214543940604756
0.00017607328426013074,0.0016851350329431707
0.00625373048128721,0.00162406750127713
0.007067440621918086,0.0012903316347345683
0.009568130751966577,0.001984303320254569
0.006464026798132231,0.0021293676349071295
0.0031948755712965012,0.0045265189438076
0.008234509867447545,0.0019140539185925924
0.009218455890407382,0.0016039596455647877
0.0075787133686892934,0.00031788440871429596
0.00909114127179694,0.0008601124768824195
0.007663242229883633,0.0019116138899368156
0.006721074561698895,0.003412024732810639
0.009232214307402113,0.0022421770182167577
0.00240065125165065,0.005110728104748333
0.002875809954769359,0.006704533418408139
0.003758326852382167,0.007397506380991052
0.008259070168025948,0.0030012525916672667
0.006753719041926391,0.004216926487445311
0.007404038415717734,0.003365217689726239
0.006604527653353516,0.0008796699989653892
0.007677361695744864,0.0026407932085612063
0.009759605504773696,0.005405401596405601
0.00408152392193443,0.001151154284323799
0.0070940944735486695,0.0018691795660604272
0.006598050260965176,0.0036295958610022753
0.01001848290372146,0.0050132445324167964
0.006575412923776617,0.0026518059814600882
0.005124553110917558,0.0037988478781835313
0.009483887293558767,0.0016912311971949215
0.006237130377531223,0.0032311466601491782
0.0076203726803737,0.0037174820620756613
0.00788710457025036,0.002748108699764648
0.009205520536313789,0.0015070137007396527
0.008871475409295445,0.010715034066685707
0.00553997817934969,0.0058400657343991415
0.006502256445832546,0.005502462179146107
0.00976319504718267,0.0031688955391119917
0.002848632008731625,0.005143284620840682
0.0010775666936673565,-0.0010710571877810748
0.00987562895757381,0.0017776004313853075
0.007412232838144515,0.002324491479159795
0.005400951260177089,0.0012661142378422655
0.005835997802873808,0.0020704268489754214
0.010116522409025571,0.008230040752982793
0.009425108025327263,0.0027683454078617246
0.006465077060139178,0.0015602867637894528
0.010755126487465553,0.0068729463800536236
0.005291883724067759,0.0060295223814370745
0.005379450220225349,0.007634088661481643
0.009324994440185821,0.0018679525443557584
0.010672466922941118,0.004494532119076443
0.007653511957912734,0.000712453768201486
0.005330438066123961,0.0016611281924317272
0.004971957827965084,0.0018060708520835954
0.008299298024209988,0.002774526265721929
0.0076187691462648,0.001741512175672622
0.0091036276700187,0.0014075237413325855
0.013316455048515972,0.004331445126260353
0.007009074040568641,0.0018293719346903882
0.0024738699627153598,0.007651766682416849
0.008913892843969096,0.0026142115335285286
0.009773784729597798,0.001927203531940853
0.005439594853808366,0.001669616032092077
0.00902403568924727,0.0013166346229129015
0.003486813273301201,0.0042464241757739565
0.007487851440173261,0.001640632239454252
0.005928290641172526,0.0031372436412985824
0.008709237370954748,0.0034932782862822677
0.0077938564296512166,0.0009654131058130433
0.007120989846323542,0.0008541685953514615
0.009963711738620918,0.0023083154926024545
0.00969907984549898,0.0029327362844970986
0.0061424027817352945,0.0015588091165832374
0.005096641884521668,0.0085324027763106
0.005741031697436697,0.0028538496659744556
0.006972242270497925,0.0036011434938758016
0.008771342957937016,0.0016747564601585314
0.0073266213469349965,0.0020279448815776566
0.006381973604747587,0.005146258122398118
0.0076992802141082626,0.0016671195663547078
0.0019151213209300279,0.00564751555331061
0.003362108126543796,0.005967582760497205
0.00931318997430367,0.001716177366627469
0.009362749288722412,0.0013912054520155044
0.009728607057330627,0.001581288817196682
0.0063908853427410775,0.0022103571865778457
0.006171323176210552,0.0015437608414203613
0.008022964544560567,0.0023966434254344597
0.009664286923200614,0.0038967447973120607
0.008605334176190575,0.0005414835728128299
0.0048317186219654406,0.008683226773555746
0.007207261029044762,0.002039916606341706
0.009641345315211373,0.0016459805301365926
0.005257633585044063,0.001031907078872395
0.0022284491713703003,0.004484337249956682
0.008675542278243568,0.0006456027973703064
0.008605742056438468,0.003043949514700132
0.008311382006149273,0.0022469017061409156
0.0031948755712965012,0.0045265189438076
0.005907038424120572,0.006101127959383243
0.007081871606366698,0.0031377092748243935
0.008776127783790128,0.003543044170248924
0.007275505680569415,0.0027701028919090353
0.006844547809316001,0.004704151397068217
0.007581512533488466,0.002238327703802348
0.009440331366362308,0.0015877172350286786
0.00853950184498158,0.0021656982264745125
0.008587725307926813,0.009692367277832754
0.004944372345248064,0.0041571091328967075
0.005114367007044318,0.0046520494316798725
0.006275627098031642,0.003573605959550161
0.008595157736010408,0.0031481348045887753
0.00851190430434675,0.002406194959871569
0.0042620515002295065,0.006780978303728979
0.008450668382962205,0.0016308952180258051
0.006074912841644392,0.0027617649952972863
0.0074731342966234396,0.001850159592547725
0.0030526746441751906,0.006584923791805447
0.007613348735366912,0.005355963583639831
0.009634386230849407,0.0013212437513201074
0.004173820671288175,0.001529765702203585
0.004251694207849023,0.005541487270781862
0.004121734716215013,0.002441042762447651
0.008349694119862703,0.0013156608260030834
0.0031496087500782173,0.005089607415617423
0.008920697468496972,0.0013760760051767414
0.006846190466404546,0.004710778191772001
0.005479242551466817,0.0037592678848309704
0.010464407998192878,0.00559885158886337
0.007866430183628429,0.0032479618403992872
0.008027456872009337,0.0022485448523945507
0.0061904844389821375,0.0019735663704942563
0.009758258561609928,0.0062613230460108775
0.009036954548671185,0.003220112089023357
0.00196581862995401,0.004942108222540743
0.005655279910917304,0.002343994921015972
0.010009979966099564,0.0051822782183759105
0.007964534326823309,0.003216854805743137
0.0038504704645999296,0.002803411349961378
0.004863985373784842,0.0036157432729945734
0.0054582542317128755,0.0006057894372311044
0.004136327355729268,0.006041916382407373
0.004894069140560214,0.0055066707172741775
0.003576562802991591,0.006075503549043018
0.007021318875035802,0.0026099387195800466
0.007007916527399577,0.0006806058718244277
0.008125751649888616,0.0022203804105044135
0.009244799923179833,0.0023301179452653734
0.003830669912373552,0.0030848556007722645
0.004976582752881199,0.0001529753504512614
0.004343681093305354,0.006902432274677421
0.005046045075372854,0.0036733621682790863
0.005767562300686841,-0.0005867556937196716
0.00902403568924727,0.0013166346229129015
0.009810078055821379,0.0014375425499286842
0.007051344405077987,0.00632303921774472
0.007195663770900837,0.001753085026789506
0.007900492690100982,0.0020930962820696914
0.00985698528421964,0.004582138727652905
0.007672936927910056,0.0024040386793663295
0.00946045280592838,0.004920943704385494
0.009450703639070177,0.0014274070354407834
0.007059060140561348,0.002831476504211855
0.0050133290207241485,0.006512527069478283
0.008326220402030501,0.001915079114230802
0.009064260716757123,0.0014738143507033877
0.0060841323011826395,0.0025285815924246348
0.009061938562354155,0.0017727682327821704
0.0070841038897694435,0.0028250858382079707
0.008173111105772367,0.002689728052106246
0.006251498282915834,-0.0007702004670830341
0.004702647898397265,0.006135819982940794
6.148417034462089e-05,0.0015476827855635013
0.007809741560502626,0.0014729229739237522
0.010017457975392382,0.0014324931375087864
0.0060352102582702915,0.0029978627454609157
0.00873398581243605,0.002753335160906147
0.007497330535647422,0.0017222159162665184
0.009849246921346977,0.0014714958249578474
0.007669084488272174,0.0014461840482210041
0.005652761038878592,0.004201143401465879
0.00924322728489295,0.0021180527533461732
0.007149786332451808,0.0019708155658916815
0.006017733657463392,0.002790498461689165
0.008647978244132973,0.0007991229022449725
0.0076187691462648,0.001741512175672622
0.009680505314402897,0.005274101639061923
0.00895227704118685,0.002007715104367279
0.003551178408754581,0.0027216783807834048
0.005261907999517505,0.004782481187019948
0.0038042748515796096,-0.0009367335721556401
0.008939616908308714,0.001176964720762853
0.0073741300163337135,0.00477995309005076
0.008354957788042268,0.0019480166950289245
0.006583989061406869,0.0040794237421451374
0.007311421324420974,0.001755286971287364
0.00893072606261203,0.0017073846365910994
0.007617609523407008,0.0029267203635236377
0.007214688436456577,0.005567056123503962
0.008484390946957082,0.002981863642414923
0.009561133331156296,0.002732846241434189
0.007524799003048456,0.0005919932387061407
0.00901165037325185,0.0021234394243545597
0.0071830747014951565,0.0020532160232052637
0.007221074691932814,0.0035374071211232566
0.004750935916925548,0.005857652144322197
0.010101325202274993,0.0017343285801709437
0.007197634805471172,0.0019564086303686537
0.009739888277970211,0.001810644648168793
0.006439476345616742,0.0034951853794499355
0.008587171871987173,0.0027228363625870534
0.006144248165601337,0.0024107972383154716
0.009185892901864365,0.0020495931204807423
0.00952630454604499,0.004291476127473052
0.006402685594983384,0.003121040007443164
0.006067914520894195,0.0007325891625983736
0.004733629757555603,0.007455990688937238
0.006071079602252445,0.004688863572571805
0.00729465658538199,0.002810431698402424
0.00789945050580294,0.002375671628282724
0.006543350385131421,0.004392808460015357
0.008381249184694711,0.0025778208827256467
0.009791196885261737,0.0022029926818904443
0.003759181999354738,0.0011236500447790263
0.006077150521028878,0.004689604816457884
0.009845285292426903,0.001609571280072778
0.008345944732535762,0.0023031704301319598
0.004968658302340286,0.001433406827309451
-0.0029569418972444188,-0.004152135236780853
0.0051846824193052,0.0035840733055115493
0.004558194000370121,0.0060988766379135
0.004293299202413807,0.00649339432730745
0.009111009067168566,0.0010347221989777744
0.0056261207352887406,0.0015861261619925125
0.008956163093737696,0.002439516555570795
0.004563031928839427,0.005438518452213698
0.0054464077117506475,0.0048131437808313455
0.004574963662724687,0.005241812242598405
0.008251372521300737,0.0024087604904482283
0.0071271724683390604,0.0014442962393287516
0.009518544275142385,0.005021302288308316
0.007308210851156022,0.002848237229949914
0.008832132135041408,0.0016783298507751796
0.007859132824975834,0.002163770913819479
0.009438282877821029,0.002400550368826167
0.008126202985975793,0.0029690248358534036
0.007914033177310327,0.002496467821898051
0.006623183093205815,0.0016761797779218813
0.004314840852293041,0.0031971940125846377
0.0058093588307435145,0.004154660268445928
0.004987732020142166,0.006292400966906836
0.004173208743798242,0.0025525853660199422
0.007670106672330725,0.0020210152799398735
0.008707301409395324,0.0018951855609947521
-0.0014412816325127444,0.0024333225819732802
0.0038549551404138387,0.002648604197792008
0.004234206657990442,0.0055584490692699925
0.0026889657255917193,0.0031560660022536676
0.00682634095984927,0.0017334483383555964
0.008692250045755502,0.001179427231588085
0.006899569981801196,0.0020228780133731156
0.005756922918186728,0.002366048144734063
0.005900946251149831,0.0026383022814513027
0.0035092031650485614,0.007739775035962624
0.0030743328789196176,0.00508209681279246
0.006461767100664055,0.0018182884137332642
0.007993937160656685,0.001908008532699677
0.009021936481482178,0.0020935985739836075
0.004482855368513336,0.005011824932852629
0.006148610797311711,0.0041605070324078645
0.004801144943807524,0.007671384160895444
0.009605976235864115,0.0023777311300219716
0.008312362166606196,0.002046883565324103
0.005669746919118887,0.004681191605699478
0.007503639057779774,0.002551835008835597
0.0064733078671235,0.0014281396543937867
0.009757472806472302,0.0018401708877877725
0.008546879352641788,0.0012748604116673149
0.008295146245075142,0.0016555748904708272
0.008691646945754507,0.0013457078075124786
0.009349368529280587,0.0012756607073899267
0.006488808778640831,5.518889877995439e-06
-0.0026729824391097173,0.0003136516736969106
0.008987873844056662,0.002132156711870839
0.005460450903965461,0.0022936055057230734
0.006201094723149107,0.00459190546283916
0.008606088627378456,0.000915033967422119
0.006168551883030044,0.0024147958928425204
0.005550711169121274,0.0030027073459498923
0.0035203347651761654,0.007694503846813111
0.005792502319252086,0.001994453304205881
0.00575713760644976,0.003978573901656765
0.008025610943726181,0.0016430183278814403
0.007161057394976776,0.0013551070073750107
0.008098386379012088,0.0008398562733498965
0.0021989162987513765,0.00419792283191541
0.007157640967870275,0.0009458185393865608
0.005347463222309803,0.0016723387906179095
0.007245722400309671,0.0018937463085003233
0.006588168421367441,0.0035579235937513113
0.009616571315672787,0.0031303462506517147
0.007620077595956427,0.002515684826858786
0.007650146309668987,0.0010770233604381002
0.007994214145664615,0.001369758349486605
0.009328229738368509,0.0015804734036125876
0.00500516343913534,0.0021124749346879074
0.009796112220223568,0.005795193331203557
0.007055202084450401,0.0013845063050161605
0.008423579305705146,0.0031623264486183725
0.00936023527653584,0.0013127034699452157
0.010367281471647163,0.010175109061254463
0.01054862770302915,0.005668558296161737
0.008515103957499916,0.00152280070885459
0.005938479029912049,0.001730629329602158
0.005964159213003868,0.0033234732966693093
0.008242491634837366,0.0019231238201418283
0.0014796984048595372,0.003759537107086399
0.00759516418432661,0.0017952986605508751
0.004560787409982521,0.008997663655606319
0.007529651845368326,0.0024617109945715993
0.006131628244770607,0.002642750402376737
0.007705133723635671,0.0012743692858581922
0.008862405617744634,0.0019713600796154107
0.00914580405882132,0.001534574247467147
0.005881957283896481,0.004982145698856483
0.009859319178146506,0.0013994866417565985
0.00395000522893019,0.0052730353128726554
0.006280129227326867,0.001937462884709409
0.009038704237001881,0.0024151873555299337
0.008556755272134177,0.005233469833275627
0.0017965906096342838,0.009582477369811356
0.00920321623525647,0.0014468073098306564
0.00903225054362718,0.002233564877777138
0.006288486937345392,0.004104871550035572
0.006785457980851283,0.002765827669600026
0.008634110966321832,0.00129267916494485
0.00743549311159114,0.001359752879896121
0.007375745834085988,0.001984009726363892
0.00526374961410769,0.0046350456505498926
0.006930721632097734,0.0035566974345966566
0.008995887172639237,0.003213209480398124
0.007105584676685904,0.0028068958505389633
0.007718899674411743,0.0010150705474128805
0.008093294591776634,0.0022189812793255333
0.007304225558523773,0.0018439041812546172
0.0031344030224326313,-0.0003571741743017675
0.009393103037565399,0.0021514669687040366
0.00524276826220711,0.001987121372641962
0.00847965369674528,0.004320038268627843
-0.0023472001929627662,-0.0030570396080426337
0.004397076136696177,0.007291711505976989
0.006843254193725905,0.004395318378877522
0.005852710150594291,0.0026592941925650745
0.009182078019054936,0.0014648349988682745
0.006160133208738969,0.000949062036817658
0.006870751313473591,0.0016274333394706887
0.008506069654675583,0.0031836964098241084
0.008416991830443733,0.002361539327171921
0.005046045075372854,0.0036733621682790863
0.009226357435569377,0.004350401680365991
0.009443569186189573,0.0024706265019589476
0.0026504610051514975,0.009534168449841817
0.009911922235951318,0.0016649855167541827
0.00906668453477281,0.0017658966346870038
0.00976319504718267,0.0031688955391119917
0.0035006942099463046,0.006477188431778256
0.00668562067001452,0.0015929383130074398
0.004883758375225972,0.0063727471503684085
0.007198720314312115,0.0053230317656572535
0.0036684718383040707,0.006004341886346084
0.009034392394917615,0.00473974406370553
0.005145608950159995,0.0030375626247142063
0.003514644744769308,0.0070109921064830764
0.010016573211910643,0.0017916827828576495
0.007236906009590965,0.0024901016306114864
0.0077081309585289165,0.002541621518848087
0.002513634300951221,0.006396778510843332
0.009107036065147678,0.003058690841683147
0.00876277566720598,0.0012852649616240464
0.00628844999643525,0.002355561442261538
0.007582488102724949,0.002865205463490262
0.0070158708979893,0.0005107607889474168
0.008605941474121763,0.0022745667920374777
0.006692930161358885,0.006006322740105262
0.006091862008985439,0.004501632166399911
0.0008480502555760243,0.006086056944014735
0.007149081840486505,0.0019783722428609483
0.009014679278125107,0.0021556961752015463
0.0050773365587065515,0.004197143746190388
0.007539943990502828,0.0006761922879064009
0.006946473172031354,0.0020491080851315433
0.007478305300233526,0.0008034211571650149
0.009431165227574367,0.0015583945180529203
0.004581572722535293,5.378120352545965e-06
0.005304258147952396,0.0017722945345818924
0.003985415921372927,0.002165363336867116
0.008980810780921247,0.003214350823919801
0.006465077060139178,0.0015602867637894528
0.008970871547583335,0.004187597897793534
0.004141488501619421,-0.0002210372945414688
0.00791105899034691,0.002201235952323144
0.009062550754588845,0.0010345419213088321
0.0035762009137536915,0.0063187130088559655
0.0036391380219317074,0.00458263870049832
0.00583462903354719,0.001855878048782996
0.007020635771027334,0.004658959852018232
0.008854710014890403,0.0010919746122152402
0.00589466501669066,0.0034436334209984702
0.0054205205822941225,0.0017407649426861155
0.006783166187794692,0.00223774351330299
0.006401856749107565,0.003992458523953904
0.007958505422081166,0.0018262046019420332
0.003670990542049034,0.001198809625118532
0.006326870168461247,0.002787592361726217
0.004784572094731542,0.0056271461222537735
0.007048922115310179,0.004577521508200261
0.010119077037953065,0.0019018572390637105
0.00762579516671975,0.0025165122602106185
0.006955925427615856,8.847618470197993e-05
0.005996532140631649,0.0024970372438539133
0.009554093299681897,0.001474502764615436
0.008482964738419991,0.002535790673773201
0.008810577633042039,0.0009888977187794048
0.008156846425903013,0.003121368046146363
0.009459112912355393,0.004428669900909909
0.0058738218341511895,0.005568068903919439
0.009393067797700274,0.003778163933751926
0.006339522230906919,0.002842063988521883
0.0043112727514602964,0.00587991595898135
0.005891991946158004,0.0048372571716565615
0.006917807650801692,0.003316882308170498
0.007796572070910177,0.0013393552680954785
0.007311371616419843,0.005172044918430287
0.003532292277982598,0.005820707424835874
0.005446410637010407,0.006646086310542592
0.00857955890826051,0.0023017926839868563
0.009469060643702627,0.012242827125713594
0.005062692089376805,0.0029945667733204465
0.006923432973921096,0.004752812732342514
0.006102663266081605,0.0023548074491504577
0.008643221824542994,0.002056983274074246
0.0031005648158751184,0.004597303893817473
0.005768383836228791,0.005292742443306735
0.0067573721897823385,0.0029723591893658103
0.007085342759351291,0.0018326196763394798
0.00915263502142553,0.002047896821361631
0.006674507758826931,0.005953877711258905
0.004737448161245405,0.0025377246542335934
0.00841631702792172,0.001383779658643807
0.008949762578714701,0.0019029871259344947
0.006064710268076404,0.002642599830401474
0.008794799738803384,0.0023345041814291975
0.007884116683635268,0.0014807408068855266
0.004537881191947247,0.007204773600601467
0.005140930499913629,0.004360667442839733
0.0073155839171824,0.0015276485446288684
0.0026754671855319994,0.005740530381958861
0.00698691883590011,0.0015199201084055832
0.006897327449755962,0.0013043795661076465
0.004414617562892546,0.008726564187755628
0.0044436650989282695,0.0017425946258757367
0.007646558095749438,0.004601158265688511
0.010663664088552837,0.004249092583692755
0.002887138878191001,0.005409031073247655
0.007665596738979057,0.0004866880566949845
0.008490700270496475,0.003286209796784125
0.005698351846942429,0.0038190458430715614
0.004854162999485553,0.0004409469025837831
0.003073419659685937,0.007328440368594351
0.006038047819433982,0.006556439316753454
0.007854576149490318,0.002467891317483096
0.006540017055795542,0.003228371517576307
0.009146744008234963,0.0020061729426191057
0.003691049259411606,0.0056812799333548535
0.006818818248673598,0.0024102852832233474
0.000683683525378953,0.003586323094468361
0.006265279134732835,0.004685205068825112
0.008788160392506484,0.004818064491233513
0.008696686883275462,0.0015481031803732202
0.007597780121680283,0.0018893458095356995
0.004733629757555603,0.007455990688937238
0.009689757477674771,0.0031393663667690997
0.007007401176005894,0.0006945835513622652
0.005493849821630242,0.004091158177644532
0.005993450373147358,0.0023768195481653504
0.00873534712589248,0.0023278990634402804
0.009107096976414514,0.0016535895270825395
0.005272706551328185,0.00602108499327313
0.008611117505126685,0.0012412556256749781
0.009104243064370538,0.0021579268253614442
0.007196584613214622,0.002024125861360592
0.0066574596818715324,0.0026985152299109673
0.008823011917985377,0.0014685583650120727
0.006577047240411704,0.0029364045055326133
0.005768383836228791,0.005292742443306735
0.006739633636764121,0.0018081445175059403
0.004734348039302523,0.0032861659828926576
0.006017642668984721,0.0016905826148258278
0.007368351582055649,0.0017810320642783041
0.0022299037838545803,0.013019557405190122
0.00566054641598435,0.0011691863095123298
0.0043716809317393334,0.0038964347214457155
0.009293929804582667,0.0014430930678152728
0.008147736276563563,0.002980313742816529
0.008622676173481548,0.005443936610694648
0.004972540725651896,0.0019397110233676336
0.005252583173718388,0.0013480374395266129
0.0069664199849969344,0.004821931317134324
0.009191135780657918,0.0021541272251862816
0.006464026798132231,0.0021293676349071295
0.00196581862995401,0.004942108222540743
0.008726096971481821,0.002902564321183824
0.0066323564607852405,0.0029063638267057997
0.006975317948380705,0.002682986236414199
0.007923947231081488,0.0012337583584458292
0.009332830956646315,0.0020972423568384295
0.00307379790026591,0.002884696987984452
0.00903189412207453,0.0020001630800483734
0.009178209024207087,0.001553496278572237
0.0054975645625536754,0.0019090197412146986
0.0035021251517227195,0.004472301980323001
0.006370404645415468,0.001357949970892264
0.008563106821050173,0.0015493655810187058
0.004903625202461521,0.002763909659848172
0.005865172685142779,0.0021380735676351324
0.0046273131232421275,-0.00022289203077058284
0.00460566479233004,0.005868921099804956
0.007866470593927262,0.0023086040730260584
0.006550749313950508,0.002495966205338023
0.006603841069861979,0.004660079085139795
0.007762764618842567,0.0015686199266274755
0.0045868053940659684,0.004719456894249364
0.010820654749828308,0.004080035419265075
0.007735781896406495,0.0025079519249837836
0.00900298665763576,0.0014657535230424828
0.007818001094415609,0.0023261682768684544
0.005648662528106876,0.00016154385568415038
0.006642470061533177,0.0018034338404311788
0.007979512094013739,0.001367735361674052
0.0027568263281836317,0.005105791428127306
0.00532704284946257,0.004784015871752234
0.005629719482243621,0.005290983284528826
0.007052608458038308,0.003716242632288532
0.003250225427092434,0.004272607549090088
0.007745957541849601,0.00225400933354322
0.011293106989709964,0.0033234357354068877
0.004672097388335645,0.006032452645450111
0.005074228693870833,0.001101086080818394
0.007846939318926558,0.0026499356995842963
0.0038167184915713255,0.0059910041582221475
0.002351576088429669,0.0039060669914622124
0.005323085257626519,0.00262707647789172
0.008155895803414756,0.0017620104789873442
0.007880473135651472,0.0037446610551769115
0.008956163093737696,0.002439516555570795
0.006654766234030444,0.004585870538409939
0.006389647038027921,0.0010248943876921927
0.00851741279517206,0.0026970647450762428
0.0035006942099463046,0.006477188431778256
0.008869789287082035,0.001297900801437232
0.008350566918764117,0.002350846720503677
0.007225886139620786,0.001454021028222792
0.0051999789588739066,0.006511343644877578
0.009955742335394452,0.0025994165104865213
0.007071613110749802,0.0016600344914259662
0.0014093009231592188,0.005713411240647523
0.009354573172209503,0.002089679916310698
0.004703317544441141,0.0033352575919089206
0.007840747381799917,0.0020420243983019374
0.009081223932526097,0.0018402207494680658
0.006563433157051564,0.0025189092718419575
0.006865638025772378,0.0028540403322699446
0.008782820823115054,0.003015922320792841
0.009027783376308964,0.002565576088950124
0.008817622064231832,0.0009274003767774999
-5.8144786851788144e-05,-0.002609584520874111
0.00869880285613367,0.001596464116697737
0.008675542278243568,0.0006456027973703064
0.00999122574734428,0.0022512048837360693
0.008632323534037808,0.0036547066736950006
0.01016978129519868,0.0036385935114326027
0.007599692172144441,0.0015356212117499275
0.009437808870034734,0.0014783692888222606
0.006032030609456443,0.004936577294797769
0.007988479168024823,0.0015029494781913571
0.006155828966312325,0.005690146989365204
0.004314840852293041,0.0031971940125846377
0.008293661054177169,0.002471988646089022
0.008580761819187785,0.002669141031684419
0.00661269569830383,0.0018136978462466712
0.007520431765773714,0.0011498778163623272
0.004933721474002416,0.006388327250710554
0.007745581925187141,0.00277153064002975
0.009455653179124283,0.0025059193577598206
0.008077269022571353,0.002753033487969474
0.007316043880139903,0.004020383292987857
0.0036349178955804575,0.006781196061436282
0.003670651032837981,0.0013765141741032827
0.006806567253794821,0.0024611845560716843
0.006463022993131002,0.0014631671759799793
0.005262501153906568,0.004778859608399439
0.0031948755712965012,0.0045265189438076
0.005699392058739461,0.00085793779453511
0.006690887368112659,0.0009579368741774166
0.006524932701168528,0.00274988478147036
0.0036878838033922515,0.004116288147825463
0.008572658918039435,0.0017559579781694108
0.007266509653848899,0.0012101108646645166
0.005987507272259674,0.0015559878298423303
0.007083940939807975,0.0033370322647892758
0.009523854784067328,0.0016251039289453748
0.0066268025636661565,0.0007327347849291031
0.009311829807341137,0.004497410070452129
0.0029397692310488923,0.002353569628990093
0.0066423816923153415,0.0018037692666989253
0.00915441004669195,0.0032114818894253107
0.006942205624134281,0.003705010191762331
0.005213905881755549,0.0025429488407277693
0.0021464689612922918,0.0042617115548833845
0.009423603070980242,0.0030473543818672483
0.008018556736369841,0.002328979864552065
0.011487561079523671,0.002754330051750757
0.004507808190071096,0.0021697440766713667
0.007727760634394301,0.001538280693032387
0.006023569402817876,0.0035131694395672715
0.007834112923065982,0.0024642913063487723
0.009710299336119499,0.001500091002054108
0.009147636119470517,0.004941685255154906
0.005672688404782209,0.002477963821609944
0.009259970336205755,0.004455446453448147
0.006172624838176691,0.00038548385484819293
0.008014644381541761,0.0026006991099095265
0.007159026553324978,0.001317867693957823
0.008651272360890673,0.006375438057640363
0.007622061219037524,0.0012000018847630294
0.006562431973528397,0.004325992714888663
0.0071489112135527805,0.0018681207120935083
0.008623211687592894,0.004258439431076239
0.007617609523407008,0.0029267203635236377
0.009438917764269805,0.0018520070619725488
0.009693566156227684,0.0017902206954391849
0.008432888210451338,0.002685350792968817
0.008491368872356585,0.002377284540576058
0.006534156000140878,0.00038618445384718675
0.008895983657237991,0.002461277725432493
0.003667423147023368,0.003767819793846986
0.007649208455084962,0.0002982139952981515
0.004936827340690161,0.0014345099517779928
0.009640299036815576,0.0016790732379906434
0.0070118243754154425,0.005395770006549737
0.008437873890458641,0.002060868999036401
0.0029633096288984055,0.0051698901224581035
0.008591962144258027,0.0027485723207146843
0.007170703985656874,0.0019292842744371005
0.0060421569425683705,0.0045196450358095976
0.004310675418989917,0.005828574326539172
0.007463322426080295,0.0037006911226538323
0.007034533427399187,0.00339689647042402
0.009091245916501865,0.002362542726750385
0.005210874462191775,0.005731480192257251
0.008489643165574238,0.002047071853243739
0.006428829913127506,0.0030654720045847367
0.004513610686050421,0.006048105667212013
0.011182977833407628,0.004837794228904614
0.008968726167061108,0.001122225046744101
0.00871156345984361,0.002684275815809289
0.006371680160736665,0.0023683047842266818
0.006102700412171608,0.0057571213437805835
0.009159815755319083,0.0017703020189286118
0.006680931661475814,0.003077286779276822
0.0067732607755388915,0.006414116167612874
0.00502859675302259,0.0029424314046202623
0.00813839321437131,0.002611919835112256
0.012032214715335093,0.008919000248811915
0.006841342917350411,0.001589276726072725
0.006812757411808083,0.0039029339224340574
0.0038696031489130747,0.007392189789288285
0.004027080380939967,0.004697201552468603
0.008790896041177994,0.0012022780108648032
0.00969542897939634,0.0015397007502002983
0.008019067969835172,0.0016207459131126652
0.0077241656785861125,0.0012811148851919786
0.009237184000406316,0.0024368425395597873
0.009022472165907708,0.002864003328111777
0.008976549980547244,0.002025871857679748
0.008015900435977994,0.0029926448136225053
0.009280648834922875,0.0023313437910140013
0.005820467005630109,0.004059843163437157
0.007036627296274113,0.003568825818151499
0.006154918010057767,0.0021566834870797432
0.00395000522893019,0.0052730353128726554
0.006453865901999522,0.0034415844155026316
0.00848892035338357,0.0024773917757351556
0.006912906299392074,0.0022945646399425753
0.009480472343308767,0.0013620526672008032
0.006441443544640464,0.0018924721318695206
0.007936620522776428,0.0041332254670950076
0.007647119296846763,0.00022550904902683515
0.008059153091819569,0.0021672824235366393
0.004106218104422777,0.0006784702643547512
0.006960377477949578,0.005318813100569987
0.009973554958681165,0.00294996561897486
0.007106026947683539,0.00434666321417603
0.0072165366430679105,0.003687112518244693
0.009117715550698607,0.0017886407048952457
0.0072942318964907445,0.0023999236150342
0.007203933574139868,0.003908901979923889
0.00725459209517966,0.00261147066954391
0.009629121947623238,0.0016711393250753463
0.004712894618010048,0.004457577086557845
0.008864074265258728,0.001548273574630628
0.008020515721511749,0.002152604896716731
0.00814596471236678,0.001766588088005179
0.009453494402539106,0.0020411999837913336
0.008803593227168203,0.0020746854080703437
0.00939872378437544,0.002219671599943825
0.004060846597560787,0.0033166910369643934
0.007251322333052249,0.0018765633972314278
0.0037457207091661166,0.0064580529418363725
0.009758459772324386,0.0012407734284177662
0.007336013134294226,0.002793081335510686
0.004422341842293765,0.004058206698088076
0.005138936117657222,0.0018313359316422867
0.009656947670776465,0.004509793237643019
0.005330438066123961,0.0016611281924317272
0.009839003490401236,0.0020000973485156904
0.002268423094918119,-0.0004810720498687176
0.009059546757871375,0.0019096377077402055
0.0047603250629611096,0.0016464315858891795
0.009062979459856471,0.001966529105582009
0.006543859805294441,0.0006208383017811282
0.007224033560096024,0.0025577664390564183
0.007274841176362517,0.004060235187318972
0.005993824815146875,0.003046679069936036
0.007562804277547083,0.004697268681504247
0.002549958453005449,-0.0002751628837258397
0.006715529729654446,0.001109988803435629
0.007704092839186535,0.0019360211924527686
0.004891149791667054,0.003623975853005102
0.006763765983647328,0.0020787238029653403
0.0053497027920088825,0.001448957247497151
0.00997901734064793,0.004864581772141025
0.006661415806761372,0.0011135487872523143
0.009303994424006961,0.0012667172391524996
0.009507781280629988,0.008361881515065957
0.008453725929285857,0.0016104247772411925
0.00888589197237992,0.0021210466599549983
0.006049587196193381,0.004313799251713503
0.007135705275364312,0.0020652481365609774
0.007875326207074505,0.003655594837215439
0.004499608782224529,0.005964435753051155
0.007203933574139868,0.003908901979923889
0.008418240417742195,0.0022163261207163226
0.009885281840839906,0.0040687262411783914
0.00889813260861596,0.0014590764883673432
0.002848632008731625,0.005143284620840682
0.006804615577166162,0.002273631313218092
0.004414516697640614,0.008123273473234695
0.006448314139291448,0.0012929775977901124
0.008921744646614983,0.0009842443695380594
0.004728020123179239,0.00528072639087524
0.008080237374796025,0.002613597040661034
0.010761208532912521,0.0072124570137788715
0.0024521153829891555,0.008301726758183244
0.004988290327904909,0.009997915002929264
0.006663192739010024,0.0019995154418212526
0.00847479224100912,0.002323421281103833
0.009309942119864297,0.0023486110866648173
0.007150379392503563,0.003222229454438747
0.008014644381541761,0.0026006991099095265
0.009125136493326929,0.0009241455691338593
0.007854802545768643,-0.00021746788810438414
0.011219858790863249,0.009875216219575014
0.00973195369483253,0.001725033706464688
0.007244223046819331,0.0024435194488969646
0.004673695936923765,0.0033489186019406625
0.006139230087932787,0.002300691121603044
0.009283310421989637,0.001792750708000888
0.005484383564974329,0.0036302878741344023
0.008510403149248207,0.002869724319897582
0.007691806604508613,0.0020028677991707593
0.007196366386796327,0.0022181590329238042
0.009592831967385848,0.0020141395118665638
0.008925040871218221,0.0023518462744598267
0.009025227987438916,0.0024258604933718453
0.008905745378489024,0.0022551451900422476
0.004127543581149524,0.00114724546744863
0.007697941419553805,0.002050515160520114
0.00629548796624216,0.0033786716498905855
0.005259335055469826,0.0005941685750339553
0.009902318621773184,0.002079822603183668
0.007999308036911828,0.004218102188525864
0.0045808449832577995,0.0017034122724287363
0.007192784482360526,0.003848506189192662
0.0060833776168737076,0.00357794473143791
0.003232387861461887,0.004494438200599937
0.007553187170365386,0.0029088237310744367
0.012088544516483871,0.004953099396889614
0.0038514655283802095,0.005240467145476893
0.005392252869844346,0.005398438325951256
0.010017418185129714,0.0015659759609328913
0.008990667153214168,0.0019423834635717572
0.008662372991634793,0.0015056744494812918
0.006157585079824364,0.004587504220312556
0.00895692410878269,0.0029352403632529845
0.0047039327241591425,0.0059878675132304235
0.001140449858086967,0.002856058135394398
0.00547282280238817,0.00676809875498755
0.007362287431678919,0.00343670362513806
0.006534863635858131,0.005118693878841517
0.0016676611247286154,-0.0006996796856528634
0.00866616210449412,0.004115484654984544
0.006187787591660375,0.004527592000691579
0.004134077601809911,0.009350141539200725
0.008842805170965813,0.002659217107356911
0.006199364082308828,0.006668424176728333
0.008603529967966825,0.0031402125542285813
0.00588986315345961,0.0026807392236066693
0.006805161533814398,0.004738994602643133
0.00742093883505323,0.001832042914990768
0.00921588004637101,0.00294670469869139
0.006091862008985439,0.004501632166399911
0.0036320990324802986,0.007528209927840929
0.008934851083402003,0.0025008784354562715
0.004111744820430434,0.006622090514723783
0.0053850099368659855,0.007082903450300377
0.006143161986971017,0.004540239189292069
0.009314515595875546,0.002474228493320247
0.006461145354989454,0.0014459388085377774
0.013219607622333705,0.004684894168791863
0.005077791479099656,0.006072942117241423
0.008433562556653703,0.003121619610981957
0.009122353575991555,0.0019953129362908044
0.00803015710836606,0.0022013403081523834
0.009371918647361213,0.0023805828218684535
0.008679920630109281,0.0024369909098111552
0.0041153044119391375,0.0011115453180864754
0.009488684444105848,0.004172158714509015
0.007746776921565139,0.00045819361163721047
0.006247664620857508,-6.281983634828445e-06
0.004177936110855197,0.0066749235897875184
0.005508534592454111,0.0014535537809639834
0.006840894117901365,0.0022824582952721455
0.005451915356648706,0.002695160188954454
0.007392200390895078,0.0018686062752498603
0.006722917091519027,0.001584430771689179
0.0010163926043769284,0.0033106668233158654
0.006183510620544618,0.0019188552879597044
0.007197073898032293,0.004402194705633374
0.0036684718383040707,0.006004341886346084
0.008860867404160856,0.002621603447309182
0.005397748668594592,0.0007932176046246825
0.006144341876910982,0.004549629601288671
0.006426744066409613,0.0018405228699231594
0.008952844679655944,0.0014128336569389022
0.009681934672996604,0.0029190130647652277
0.008650208957910945,0.0024697583215083424
0.008283189334566805,0.003183439475651555
0.009067487116326486,0.001896727581752816
0.007109884889451029,0.004034790240785979
0.00872728995534517,0.0018519234970639812
0.0035606054027621814,0.010845139280397762
0.008476749693599073,0.0018598358482081077
0.008248643334114084,0.001892783448803951
0.0015744513331102548,0.003419536737947775
0.007324667581928941,0.0035651388011158237
0.006138732065898685,-0.00037608127138813625
0.007753909516981301,0.0015008658548481693
0.009195677199676195,0.002850403638221849
0.004960739540334484,0.0031533514104252246
0.0019294776955403057,0.0028775794349660882
0.009803993833744978,0.005198823425482087
0.00802506592949058,0.0015271503553021112
0.0058873736640045644,0.0012868064298026862
0.00879914852743969,0.0020570642982191047
0.009791485546951858,0.009251801697107969
0.005846024880490898,0.0030897312479180655
0.008941287550033337,0.0014864912402609391
0.005066280597819346,0.004975602556900075
0.00875248649170238,0.003582658847931787
0.008341024928528583,0.0032540873122449184
0.007693174255267268,0.0038794453978196614
0.006226257449989587,0.0020347797696281837
0.004960739540334484,0.0031533514104252246
0.008802042183890548,0.002330023087320935
0.0037565700520580487,-0.001572728037420621
0.008966448396560972,0.0021858413388393897
0.008620451353755783,0.0035349937095570296
0.006972125326984368,0.0021115382201341093
0.0044086433984083405,0.004236457120253685
0.004988390007078455,0.007547369559784743
0.009876086875997489,0.0025568413611519016
0.0065399263476118505,0.003151399296667268
0.0065481286136883105,0.001547245200071469
0.004042503723918228,0.005151397340320634
0.007002724846663517,0.0014852743865895355
0.009781759112076027,0.004896721899528267
0.0063530636335678075,0.002248749559668947
0.007771036992941794,0.0015179060187787289
0.007251110220792268,0.00431998864867655
0.008414373642326584,0.0025935864271677813
0.009056482936797419,0.0019820603880639116
0.006726554624044178,0.004208693907434781
0.009058864455176563,0.0027821017735275193
0.005820467005630109,0.004059843163437157
0.004560501317601162,0.0070661650480042595
0.0071830747014951565,0.0020532160232052637
0.008393175659735533,0.0023554241171548094
0.006080945956834236,0.003988945884867184
0.00667544516934123,0.0015669440980088222
0.007528611853535863,7.188624052962764e-05
0.004251694207849023,0.005541487270781862
0.0056043747819663915,0.001918733525135231
0.006591883035241728,0.0015354283769881804
0.006022498970083789,0.0029498120976324278
0.006865638025772378,0.0028540403322699446
0.0031580317819272377,0.0050776825772056175
0.006525278609072449,0.0008070345549229391
0.007376479316576124,0.005236494187028178
0.008957200512144749,0.0017103699313626292
0.0061094690116520875,0.002978882645066791
0.0056659503900886735,0.0025554161207044348
0.009934996450007734,0.005807690649429196
0.005804920328909289,0.00266517494221532
0.005597618283403813,0.003053388949985863
0.00856525530324519,0.002876768609222401
0.008231766495024825,0.0029865292541403745
0.008913076778634135,0.002616400865709608
0.006103325664876352,0.0035980708273636326
0.00884824182632277,0.002183845528733329
0.00888989755569268,0.002063467018380812
0.00839519851591833,0.0022814186014014056
0.009374368772264198,0.0014301368339474244
0.005266682109366075,0.0017177062249246339
0.008505150328573269,0.005767442904010939
0.009499372237667444,0.0014087298101653541
0.009210858669388197,0.00235045466512548
0.0026420460737971857,0.006819405871698936
0.007784543331989,0.0024488634967599985
0.006355394770282308,0.008289325267759298
0.007449527301852164,0.0024629837047342815
0.007279164278532929,0.001550983341130182
0.004435523740093017,0.0045120975845233825
0.008075579357258679,0.001239449879584225
0.007203933574139868,0.003908901979923889
0.009569766665409622,0.0037909532426285263
0.005572052559726533,0.0042687240156693545
0.00818576437194525,0.002060206242389736
0.006260211692093848,0.004754748330347592
0.006038710725277651,0.0008366605188399167
0.008090526547541256,0.003135107097313224
0.008497607555731377,0.002704798121261785
0.005279327202866337,0.001903849134322332
0.008408171526275997,0.001965428318988903
0.00517436897658872,0.0005967886280942511
0.00636044510818743,0.0021038934186873694
0.007197073898032293,0.004402194705633374
0.010420740192467477,0.006370795568063769
0.005766344434707459,0.0033040677910994524
0.004435523740093017,0.0045120975845233825
0.008803903681417827,0.004349981287973001
0.006744662894102347,0.0020596918423781774
0.0033102216340034126,0.006357502518199619
0.0026165412958307904,0.0008251906020970996
0.009869476896265982,0.004622331148710142
0.0074068929744967454,0.003967302268305786
0.004004651755101401,0.0026502495603891695
-0.002491875861937393,-0.0026800039409969334
0.009107036065147678,0.003058690841683147
0.008374290265856026,0.0031650545637731207
0.0064346200199928965,-0.00043382300297649737
0.006258220097281107,0.011677234038605678
0.009836698972590992,0.0014306034358463685
0.003713364570126357,0.005102597260857068
0.008415953234948452,0.003259988119102941
0.012150324885837664,0.006100581418716914
0.0043467463639709734,0.005563997213479426
0.005572723326562688,0.006631963140453296
0.00952760511518258,0.001677757265102841
0.010177824000590911,0.0036190741803391983
0.006583821568914412,0.0030103149157904643
0.007599105734074392,0.00011823238259997364
0.008201393693547714,0.0026519098312432045
0.006043337407385781,0.0007799145850916726
0.00844527172030855,0.0013044750729132642
0.009153050261557083,0.0018662755555682014
0.006027327336942685,0.0032039411918096446
0.006957064054865877,0.001857477629443197
0.0033502721231476965,0.004203724910901574
0.010381365359468575,0.00309461861455929
0.009932273656506611,0.001680561807525737
0.005292066040522816,0.0012262930855319945
0.0026604742112833193,0.003479745724643985
0.00904772392397122,0.004224771164301369
0.009544886848704994,0.002715414772260131
0.007226859301528887,0.0014810172066962585
0.009263163176611288,0.0018505659307889444
0.005548204635306447,0.0016212475236891694
0.0065413160640676385,0.005234289255426402
0.011405352735853736,0.004170716331501256
0.009150213946070823,0.0014923871430155356
0.0041169383993148135,0.0034849723925657475
0.0074915542450545245,0.004110522952122024
0.00973712413140724,0.0018665620570218304
0.0026125469345999585,0.006174893522984646
0.0064915337671861495,0.0004625212175271018
0.010459227553841327,0.004547140467986785
0.0062990044271853075,0.0020203065704891597
0.009216432985238852,0.002254205754910644
0.005371822678431847,0.0014393156525169528
0.00868998067498446,0.0025468485966526413
0.006759727175319589,0.0010549660470958368
0.006676043366970325,0.004605026737592906
0.006963461648547677,0.0017187156332444282
0.009759648235141465,0.0018769763205243309
0.009480325593068847,0.002872904820051092
0.006653326791106018,0.0020187087907117046
0.00854776752485368,0.0019544151674739793
0.009491977777808832,0.0017674340899822925
0.00851941373135901,0.0018309498354338195
0.005285602961244426,0.0020747924536810083
0.005587734322715778,0.002414255736862202
0.008538306490531732,0.002124416201970971
0.007172076755774957,0.002422622176656196
0.007068327207376325,0.002900423870046629
0.008509419519326388,0.0020714862617287264
0.009560830009748592,0.00450806006747897
0.007230379226406756,0.002422776016268075
0.006546122049930202,0.0017290894491934676
0.00981342622620612,0.004327093666395559
0.009940211566518291,0.0014975453384743608
0.00908710720978672,0.001877600994852219
0.00945851600152453,0.004339363920908153
0.0095661878670316,0.01030207855798691
0.0035762009137536915,0.0063187130088559655
0.005706174105773005,0.0038944264710688388
0.006294088368497257,0.0033080194090652614
0.007072028513922419,0.0029244734926668434
0.007791446801630804,0.0025698963631189693
0.004001180832114842,0.0028041831095007557
0.008478540468914032,0.0029474412858694855
0.008100295366279956,0.0012460871559457284
0.0049832006153305835,0.0003699654737994631
0.007878252779615826,0.001737028525968666
0.008502692061716506,0.0033618491559114687
0.006731468373472882,0.0024732694122367015
0.0033468032977353565,0.007186751118506774
0.009237184000406316,0.0024368425395597873
0.0029173431915678148,0.003463172793016495
0.006566917182520952,0.0023723490825245074
0.005508865925908512,0.0065980239951699765
0.006629605131343401,0.000705486588701054
0.006160434833015396,0.004810145486498798
0.009932273656506611,0.001680561807525737
0.006545807907190519,0.002831527662567079
0.009543586767463474,0.0035459520582476955
0.005254514670822323,0.006431221503898608
0.0033311976673662605,-0.0016441011827197554
0.010163670039331552,0.004311849016668883
0.0043968793297183735,0.007918948915739443
0.008006898498561017,0.0018497548756771986
0.007269332556195628,0.0009894052736972381
0.006117177459028772,0.004541397021278142
0.006769941588690119,0.0030311865304437496
0.010283540219158005,0.0019534164647703007
0.006295621582409575,0.002913634387650738
0.008160785856649347,0.0027882777529777084
0.006414463967816136,0.0032865583112361117
0.008311382006149273,0.0022469017061409156
0.008340303620288928,0.0005736338799799331
0.009402865915834347,0.0020226197600516863
0.0067119271543564524,0.0012757069867829433
0.0054232262645686445,0.0021230995450591296
0.009104246245119161,0.0016828648038792011
0.006244924151728908,0.001873359143479204
0.0060755402973758435,0.00133332896833507
0.005075735593714064,0.005059258753632034
0.008701042604573187,0.003947480976988249
0.00918259209951519,0.002559111014861627
0.006405940149042798,0.0027823987635268565
0.005256157532322195,0.004844043721481007
0.004368601308412618,0.00479833111946602
0.009094208898113937,0.002734373537427867
0.0049694548348842345,0.0061429849404116225
0.006858335908201042,0.002579648938477109
0.007276113137830536,0.001447645573253293
0.007236970079909464,0.0019457785037708944
0.007860828065450446,0.0033756327656047774
0.008575606456376008,0.0011438921060567247
0.007781714172570452,0.004792509202870706
0.008190487192839354,0.002834561938625229
0.008658639279238463,0.0025995318559449004
0.008181089570490253,0.002755420580908526
0.002860223378997405,0.005744299673886642
0.005098594305932217,0.003230517665806924
0.009644436837375783,0.0028406589318066026
0.00514631905599346,0.01064585067504902
0.002249275192065199,0.005064407521079352
0.006275669858125068,0.004294932467122749
0.007168885299944748,0.0018042819745625023
0.004894069140560214,0.0055066707172741775
0.0071830747014951565,0.0020532160232052637
0.006698019950455735,0.002372118217888879
0.009953099425422319,0.0036977534059994205
0.009073108093507174,0.0050178405049121485
0.005006103093054284,0.007775846776715896
0.007883457030834463,0.004747762676208422
0.008213612558218581,0.0029586623405710184
0.009093170196087253,0.0029817930533221904
0.007233557441700764,0.004101656991483439
0.008355590050337609,0.003188236913326285
0.005508865925908512,0.0065980239951699765
0.008817586106743675,0.0052192425771168975
0.007322272409753253,0.002112330456801398
0.008731734332574272,0.002289450680405726
0.003911323497868876,0.006213553282742557
0.0076852844942998004,0.0020436928294409176
0.009606479679894503,0.0030188231642180796
0.008750497704328558,0.0026643842810470317
0.003779325507131623,0.00783590755268086
0.005626168225883438,0.003748738953319748
0.009057644450614036,0.0030222550715612063
0.008489311937152771,0.002039320975864371
0.005869788010772295,0.0037777993931061293
0.005644127304552029,0.0026011973087380043
0.00973233658418891,0.0023579984209864072
0.0057980033157548185,0.004478290281400537
0.008609179939927769,0.001937228102833811
0.008076848363394432,0.00299197662309883
0.006954919452455532,0.001887078516803472
0.01010044420252628,0.0051391780552783786
0.009600799259676704,0.003726540376212507
0.00862493751700021,0.003909254677294058
0.002701188560604139,0.005277083030576771
6.148417034462089e-05,0.0015476827855635013
0.00753501404894533,0.00221185502085304
0.004423874657427598,0.005330604686892837
0.006461659892909298,0.002176827753525382
0.008274811226807503,0.0017348357393816294
0.009828547158633568,0.00443794977960531
0.010581914237034336,0.005031947662739018
0.009132073415405308,0.0020491237260409495
0.007400172614017696,-0.0005232248556931458
0.00657262079813534,0.0030870902801569747
0.008152039691514684,0.0019002656432215784
0.008137636708642874,0.0017304185791504516
0.009048079149047903,0.003031863209221713
0.0051813914173318735,0.00430427756997923
0.009408443037898315,0.0034945917440062637
0.009599497652596139,0.001434502950725623
0.009191349527809785,0.000972237214281399
0.005431885851632478,0.006671163233391429
0.00755727619659376,0.0007715925037266669
0.006708149243036688,0.0037265022203365385
0.0010744268273179423,0.006924439192664948
0.007197073898032293,0.004402194705633374
0.009184108229588185,0.002634070471476644
0.006771004573280918,0.0017983164135861474
0.006864562754564295,0.003897949110164699
0.006311196857991181,-0.0003240105020856209
0.008807495920469418,0.0010447645261093697
0.005093819810821557,0.0006900309215841756
0.006133966146305028,-0.0004912120815953776
0.004245313139449836,0.008428350474362212
0.007544191588459164,0.0020535479501226335
0.009541002811494614,0.0022393365124154215
0.005454174617877094,0.004083797570083807
0.006089207243442437,0.005850749612137097
0.005515412118051151,0.005389590457612777
0.006091862008985439,0.004501632166399911
0.008968881782561503,0.0023972951906686907
0.009185293476722528,0.0021099934079048047
0.005480432199262193,0.002238473375145233
0.008904234961545285,0.0012576955989100592
0.0052559113927574536,0.003562298186565816
0.008778452739584285,0.002821680563613989
0.008423867890108922,0.001974046960572267
0.00786706754639822,0.003427287949268468
0.005452667977084355,0.004800735573052454
0.010461917927595203,0.005586329955162009
0.0057808971764830245,0.002709500788162237
0.002982198475152008,0.0037447388296351896
0.0048709885538646995,0.002392725654148339
0.008411146914247969,0.0023808708196681305
0.0057958039144068545,-0.0004896329643777151
0.005298462841620301,0.003844192678983809
0.0076978004292924465,0.004085533863405823
0.004130384682462552,0.008262445321887718
0.006724393517588964,0.0032071821458130355
0.010162018039857751,0.012198332476463694
0.011325174650390658,0.007670492874779725
0.006909236130114471,0.002376400399205088
0.009179442838170734,0.002479675588898469
0.007589420142255452,0.002063653270427051
0.0073552675257082065,0.0028362402103475483
0.0074453413664894875,-4.535947501159085e-05
0.006735747474096051,0.00884836120582557
0.0038068396676605486,0.008796455183245292
0.006519797226223514,0.00496601242127856
0.0070637395174675596,0.0042955600940567575
0.006080005945518768,0.0020573687035215964
0.0061289647522579024,-0.0007430032814981467
0.008107884324891904,0.0023697752618442513
0.0062412622290180676,0.0005280813017580731
0.006946964164128501,0.0034075437178767067
0.008189001967703776,0.002603968835438046
0.008416991830443733,0.002361539327171921
0.008449378184857744,0.0008495826685658093
0.008780595465575351,0.002947554720857756
0.008973781262392448,0.001955429226051039
0.006574476540093816,-1.3862268867157607e-05
0.007175606710951763,0.001844629675086593
0.009492523901142429,0.0025924353346430595
0.00852447668923644,0.0018798279554424497
0.008210949717450339,0.003457655610152828
0.009623638885591701,0.0043609316318544
0.004909174725845723,0.006661818191072141
0.009597314251929025,0.004483782039218552
0.006957966686562813,0.009909165641369533
0.0069205443639349384,0.0021989317255321876
0.00870410277152383,0.00280091670039828
0.005992861209360517,0.002128186278171452
0.006897327449755962,0.0013043795661076465
0.004747824747348898,0.002536666248267247
0.006244928412213418,0.00329768376973388
0.0048419028173453706,0.0010297671820550403
0.008577065144218809,0.001969940123223571
0.007465594516690835,0.0017447956959370575
0.004936368859816916,0.0007566161599979089
0.006538734255562936,0.004086928968571976
0.004435523740093017,0.0045120975845233825
0.006811214667001792,0.0015198701627439199
0.007463322426080295,0.0037006911226538323
0.006163742940965546,0.005054010972940298
0.010008291571733947,0.004163030850591256
0.008625171259604469,0.002938145446953689
0.009561392105825833,0.0017293614808833744
0.009276041245389739,0.003039156373996422
0.0026158341749970733,0.005520091854645129
0.00395000522893019,0.0052730353128726554
0.005246715198854502,0.0038717515285296945
0.0044774618991974754,-8.569347289730939e-05
0.004714267846506845,0.0054125683546201505
0.007158334433318682,0.002074905909199041
0.008490434480239475,0.002100302604920494
0.005423500934186027,0.00023099692211829212
0.004751760654338668,0.006318214381744761
0.008195101214506118,0.003165830636011881
0.006591878191051304,0.009385195489503732
0.005125700845978327,0.0052742622569563755
0.006954919452455532,0.001887078516803472
0.009287054342890268,0.0019372498045981488
0.008263753594043566,0.0013546322134733715
0.006213258624093328,0.004978888433383217
0.008715802641637009,0.0023395957826625935
0.008514202547362744,0.002688983385069268
0.006822333253333925,0.003523084845504504
0.0038655479619838446,-0.0006271305884725381
-0.000257509823242498,-5.26378087604331e-05
0.009244237499425993,0.0018633039800313436
0.0027766963144136188,0.009840163801393796
0.009627600568445157,0.0017805757176802758
0.009786986957789564,0.004613515773523819
0.007758014456254388,0.0022706336559544385
0.005488403126004308,0.0038918399362775713
0.009330336386046936,0.001370657439529025
0.010890219244932612,0.0043875827793543225
0.009355396806055783,0.0016305104613330056
0.007060160655258966,0.0033471212052485766
0.0023668023136187624,0.012502348983704815
0.010138032522921284,0.005323330425441413
0.003296052185063041,0.003594341800770011
0.009474092791553763,0.0032860909870664643
0.008640708132619345,0.0019057479170214858
0.007526365296796709,0.004275011273779741
0.00577826622409966,0.002735968402721819
0.0061661627171017835,0.0015830564057218235
0.009055040807506552,0.0020570418631331135
-0.002010865717377547,0.004621091349801959
0.005968687007163487,0.00012025727931236178
0.005184289157576691,0.004038015047935856
0.003568799746888243,0.0013884295070966581
0.0065342643731627105,0.005191745986302733
0.005100885893019411,0.005287694440796874
0.00839123371741492,0.0019414805320067058
0.007507721349019447,0.0028250572896593913
0.007541419830882626,0.0015241243768362445
0.005448492001430133,0.00225331692832381
0.006207150167088688,0.0002511745015734614
0.006044523027213014,0.0023544764779669667
0.003695658411429363,0.0074293530060602605
0.006639665684013803,-0.0001432296852668883
0.008651872000774163,0.0027540406091063133
0.00910623493329923,0.002969013971054792
0.00470537532313215,0.003159612102644896
0.006979000166545112,0.004231156771840099
0.009092860565491436,0.001959376205174556
0.0044558055534461806,0.007620896097856512
0.009058430188576681,0.0028762950707846334
0.006448629766857009,0.0013882734119948347
0.009173747150703057,0.0010110690441228615
0.0030655436757076014,0.0014821357828033056
0.008746275883719859,0.002671755514191204
0.007141118268080718,0.0018928469868439027
0.008179745212589264,0.002400294294484109
0.009245633553659356,0.007380779904029815
0.008457521150419582,0.003842511831618949
0.008646306518076565,0.002415636946397022
0.00788634388500582,0.0013850020859485987
0.00920307905403456,0.002985955675365106
0.010042890006487457,0.0020200110977037673
0.005408795643124725,0.0020943148656311092
0.006826420473500353,0.004689844063976092
0.00727181472219539,0.002780356515860752
0.008995887172639237,0.003213209480398124
0.009434217513992402,0.001318249050167239
0.006186581288170411,0.0035855899600001455
0.01011275982568117,0.0028662185788341146
0.011832365338769097,0.00640695015007453
0.006805196869606715,0.0020516567792924966
0.008593165022584549,0.003286805432570132
0.00553997817934969,0.0058400657343991415
0.0050035570223738775,0.0013972002264064799
0.004397997045728553,0.005615324558288791
0.008391356256208071,0.005805381408022293
0.008740332337571419,0.0019471362389488454
0.008675790126566142,0.0020881053285059124
0.0070446261631322725,0.0015625725836590403
0.007081715062285998,0.00021927792495779475
0.006978135280214373,0.002036540347978469
0.00830890033140049,0.001433565753613775
0.006080517518858917,0.0012520977184866293
0.008599518915141468,0.0013239123335505257
0.007162556177934131,0.0019890522438550176
0.009379879574030373,0.0016683494822676342
0.007175080062428789,0.002108174275216467
0.008518467524745364,0.002576725382202252
0.00922718198031287,0.0014033981021877055
0.008376281485802217,0.002679595199064958
0.007404942134837103,0.0015250910656504002
0.008549431811408142,0.0023789055342789594
0.009252965420530918,0.0034681692802069402
0.00394680255539358,0.005976542002237218
0.008889644633316783,0.0006914794045546147
0.008651854114729386,0.003035127155629769
0.010456121834122822,0.005739688067734246
0.00906277869584024,0.0026683549330264525
0.009091457011328241,0.0016865590368534081
0.008927865978517913,0.002147298747651783
0.0031570221938371865,0.007349702655017023
0.009337484497613936,0.0018793952742478621
0.006365944492205174,0.004556926780052867
0.0072236599884873045,0.005193466949617892
0.009152228142106283,0.00203768693326412
0.0023121405224226536,0.004151370595292886
0.0075253521390469345,0.003543351616584735
0.005666660757970163,-0.0002836890182958147
0.009482260054739275,0.004064332090590956
0.0077302151286734785,0.0029684764466679607
0.0039633064955319364,0.0037710333388594596
0.008086971823950611,0.0015241042796908322
0.0038301178718899995,0.0017187820732475542
0.008133664701228734,0.004455989917662105
0.008836147037509203,0.001313291206454915
0.0026125469345999585,0.006174893522984646
0.004684769976406813,0.002385312781236871
0.00228244961057228,0.0036417691657653203
0.004537881191947247,0.007204773600601467
0.00956926001493921,0.002251091288178109
0.0055664366002354335,0.0008352384261761346
0.0029159830404173522,-0.0016280562703547769
0.009417528875458218,0.0017985046101701308
0.00899630936194663,0.0018194703439228426
0.004127088322680948,0.0021802427522382957
0.009499807583156683,0.003677127439205702
0.007200295979577866,0.002764176011779293
0.007218387653102497,0.0014885820319186895
0.010054471224671863,0.005075123004139465
0.0114992531419141,0.005501556708982962
0.006385242012435285,0.003411021940891469
0.0027568263281836317,0.005105791428127306
0.006365944492205174,0.004556926780052867
0.009045625915672142,0.010109398262766993
0.006405239163802138,0.003434606308627351
0.007600742234172632,0.0021933692514932027
0.00622291904691896,0.003320968038167227
0.006291095490208179,0.002986860735929826
0.009252519086563427,0.0018163802339718092
0.005826388502045714,0.0040428284480834
0.006154595758635152,0.0017046055018936322
0.00976233601754196,0.003956638004497361
0.008705278503444226,0.0020836776372435122
0.0020840807075020503,0.0009035994169081952
0.009611981518418734,0.0013829091312148913
0.010340038309986147,0.007562584904148492
0.007622150020240598,0.0029109788289977687
0.0055693664658389656,0.0016902314724855459
0.009971257457046584,0.0019385981178020838
0.00761797357477899,0.0020034360796312625
0.007389604569616236,0.003423363502171155
0.0030404288653999136,-0.0003954027232786726
0.006162353120319215,0.00019120630993048164
0.007482077130610674,0.001965782348376099
0.0088224261353727,0.001942952596860093
0.007270896342888629,0.002775258950481296
0.0024367522556494213,7.371411337017165e-05
0.007860828065450446,0.0033756327656047774
0.009784528682802437,0.0030395466520187955
0.009416580057336043,0.0018691490870127421
0.005709314883292603,0.004840444059600238
0.002064266776446606,-0.0005257280775316292
0.0072753687554847,0.0021935642155771675
0.006655654673002267,0.0015094117618945505
0.00900953972510608,0.010913486255419536
0.006131628244770607,0.002642750402376737
0.006912277969722951,0.002137693100236002
0.007237576764515034,0.0014117536997011095
0.009668565939987987,0.001278950293676982
0.006939396392151168,0.0018917911542721882
0.007136509858748462,0.00024551460464458143
0.009686009947748611,0.0020220474309499683
0.004327332185268615,0.00778895278259393
0.009764261770664083,0.001352875252140384
0.00780616934391564,0.0030036432593099635
0.008726560388748297,0.0013469256358990302
0.006099229882713342,0.001516978737458795
0.006742340599626784,0.0016915036068141844
0.00535994498267907,0.0016042370733868917
0.006962058255415987,0.001214978951981689
0.0013461139613967655,0.0021763070768020185
0.007071359198161839,0.004856906508833662
0.005957113681663335,0.0011861951247671074
0.006737151041378117,0.0034627818182358184
0.008506482120724487,0.0019336683083170762
0.01068113133242709,0.005611541331164461
0.004084569171606142,0.00497202509440498
0.0038167184915713255,0.0059910041582221475
0.007300633086711592,0.006963984271081849
0.00689512917260376,0.002247887236697302
0.004614717893953954,0.001039145359552198
0.004409463818764617,0.0029928427587751077
0.006874421625302595,0.0019058621597452651
0.008909275136129262,0.004224857417375063
0.002811323563652983,0.005135231030915401
0.007297577514273974,0.002831340996546347
0.004856139937291048,0.0026291582515030757
0.008598923077997105,0.0014828889806086584
0.007068327207376325,0.002900423870046629
0.009009078453297924,0.0024595325252085984
0.009315581357558049,0.0012987516522110013
0.009362159967066842,0.001810827277431563
0.006482204771451022,0.003481214300958025
0.0068557590443935066,0.001520856735002291
0.009129774921827212,0.002070219019163302
0.00034565695011612094,-0.002082776251984896
0.0094279136443036,0.006157283789107441
0.006428581233718468,0.0036420756934421013
0.008018227886827418,0.003963251307041187
0.009485823330162697,0.0028504203346739303
0.006717557667382164,0.0012363011840382625
0.008653721131997923,0.0010947381714489605
0.0057144677435228735,0.0010340020779274301
0.003150942576004295,0.006703870205230916
0.004508861937402708,0.0017894192503743345
0.008726884659709493,0.0022073138449662244
0.006707806955646198,0.0063332507736435315
0.00924058721965907,0.0013908684988397889
0.006563217731659003,0.002063650868227962
0.006913926551171221,0.004904511885025673
0.006640819847077829,0.003638486970693319
0.00717441786809971,0.00623249264504785
0.009438085424421584,0.001963009250455887
0.009940659142944942,0.009065305296841037
0.006376757799084112,0.00422255467159632
0.007520157910174838,0.0021602565875026613
0.009610724323503263,0.0019069771644022382
0.007316559536105195,0.002110641210721741
0.0058374896420252,0.0004180961219928687
0.009476664765169254,0.0019956915620351484
0.007230597735371147,0.00199258154998458
0.006284670398883256,0.0020571670658733766
0.008705343511887023,0.004099942094899159
0.007759689029415569,0.004428137236506476
0.006034643122825214,0.001975071188109756
0.0061432273133591765,0.0032319725781644717
0.007538823468855661,0.0009265287158046493
0.007478675415194528,0.0008509978649981651
0.0075374626585990884,0.004000907962894316
0.0037577405967150965,0.006411163847423108
0.004630283210320189,0.0056164944455930465
0.009092978174971324,0.0021079212735100926
0.002637505893730548,0.005167925244102015
0.004202091364764774,0.006023924207293897
0.008981525460160657,0.002157547701409682
0.00658958897324327,0.0003908956621666397
0.009162376102965233,0.0018288716988928639
0.007774068321569161,0.002086839113107644
0.007058648792910454,0.002639052465968096
0.006058818839179893,0.002671325611177104
0.007767732199000054,0.0020805969971708273
0.006942205624134281,0.003705010191762331
0.007493848702559416,0.0029212981615297034
0.006462943570575683,0.0014689880997962104
0.005938762798132095,0.005124182014470775
0.009462183814706215,0.0015381069921411314
0.004974860549120944,0.006884234950498898
0.00525588641424929,0.0027924462718478303
0.00851874794588206,0.0011234334450966141
0.006843254193725905,0.004395318378877522
0.008893305723205472,0.004297703025236548
0.008752576229351852,0.002559389377365837
0.008408482259094543,0.002905821060088372
0.009906925760972792,0.0018144083079754394
0.008108349618043888,0.0014572185983986055
0.008000749631772094,0.003886313951490439
0.0053696397658752875,0.002933513677875558
0.007754928508204355,0.0009068381445938327
0.009926654398862686,0.0028819296955705535
0.004051319558794813,0.006636598775615176
0.008169084072813595,0.001168155735077842
0.004307726085305881,0.005372404076652707
0.011215762460903741,0.0016948782516950749
0.009230941919816445,0.0027069691303972226
0.005325307236176323,0.005550080864880331
0.0071630121741343,0.00204366197174498
0.008046932816476372,0.0028754836846196646
0.006274997386598599,0.0022037917666743534
0.008094692515949908,0.0033265422747291587
0.006878018817346577,0.004295703464798087
0.007967025432054724,0.0029451425342524318
0.007215587387275514,0.004731954021795333
0.00852031276841887,0.002166398986141479
0.006400626495538302,0.002315897268439695
0.00717441786809971,0.00623249264504785
0.003866479252487728,0.0051151685805158244
0.005187554479064931,0.0038717216364925885
0.0065172758361272745,0.0019930316861638524
0.008446094793256104,0.0030101091590556996
0.0053716755316374175,-0.0006115678415807898
0.009511928089262905,0.005296420977783079
0.005177644599628691,0.0050392025923930855
0.004813501202138367,0.0025167317764194603
0.008023155631819635,0.004293049500638023
0.007434661859038962,0.0023502803228388283
0.0078000741865756045,0.002013441011462039
0.007956110960511052,0.0013009284799498939
0.0067667736606527905,0.0015407402508765223
0.005071873212607493,0.005221454470760955
0.00900972688068709,0.0013750948648567924
0.006920930389217308,0.0008458395702508059
0.009044723451644282,0.0019795904202670285
0.005419522565270443,0.001022441858276755
0.006530658779787391,0.002669099394753023
0.009668836539903768,0.002447874207869985
0.005614972411122425,0.0012870215923515942
0.008998057335874315,0.0014563560784174494
0.009312481278177374,0.0026496188961124423
0.007224033560096024,0.0025577664390564183
0.004741790732112413,0.007975951045754683
0.005709995727356605,0.0018008363096427785
0.00895530164734007,0.002116561730877501
0.005693012349868305,0.004279258051664096
0.0088432853024716,0.002475972922232272
0.005122842086223671,0.0012305221104855655
0.006869624830282888,0.0026241105145121584
0.009348146401920308,0.0015774260079874118
0.008805889960772612,0.0031244814611589107
0.006984996708440018,0.0018754118392665057
0.004784572094731542,0.0056271461222537735
0.008315506396887037,0.002402026368817708
0.005899600491630426,0.002517748431469984
0.0035808815728204787,0.006863402118393101
0.005969948129077179,6.069223809925493e-05
0.0029979432513923135,0.004421048101532368
0.0073052683303784964,0.0008418523075537313
0.00907468882970482,0.0021758983994364725
0.003150942576004295,0.006703870205230916
0.008621940481136445,0.002910893994530238
0.007308380833600537,0.002804892229553043
0.011365235886985441,0.0070464727948817835
0.00867514408119429,0.0019772352279768387
0.007238839086530426,0.002157699956708405
0.0077508628229877585,0.006479254334566734
0.006584553747398235,0.001660694891777616
0.009205758237143463,0.001835341378244767
0.008371489852571433,0.001825144943873991
0.00992031617403695,0.002850546888676894
0.011431996455488893,0.004704576297207802
0.0050139522424304354,0.005202482390874567
0.008372411551218744,0.002418852384541422
0.006299842228976926,0.0007173930753445797
0.008799366302723495,0.00262835565583125
0.007845702339513608,0.0034628398256558867
0.006773275036829897,0.001628217978816425
0.0062280738031252406,0.0025556990002853133
0.004995979596635656,0.006405453017705101
0.009492424834292884,0.0019735177946202526
0.006402722344179486,0.0030219809701854125
0.0054458232973740705,0.005597773709007615
0.007224033560096024,0.0025577664390564183
0.009378090735595437,0.002420260318739752
-0.002614146506660366,-0.002102645753436937
0.008169102663635953,0.0010887005087023786
0.006909860616893254,0.00032266136093214975
0.006476159138582984,0.0003058349495838192
0.005590632718879321,0.004709168647949875
0.007059739594251947,0.0013080948373191499
0.007745957541849601,0.00225400933354322
0.009278774898084641,0.0025627034010620173
0.007662620914212137,0.0011243293360181043
0.0027568263281836317,0.005105791428127306
0.0060752017777468015,0.002806213950959551
0.008492331285459792,0.0018343402303865391
0.008447644178466714,0.0018106306355761279
0.005517453512561951,0.003300007344129028
0.006721074561698895,0.003412024732810639
0.009058487709301108,0.0016488515438619015
0.007527331009980707,0.000889584852986491
0.008909857208280457,0.0012439737382120685
0.008839066093351397,0.004081792343277654
0.007552307610655434,0.002715480524828809
0.007986294731997705,0.003172231335976737
0.009294866491797898,0.01009780837124529
0.009269855657182045,0.0015735514396964237
0.005740009880229189,0.003615889420168579
0.007635076926470367,0.003300298969655606
-0.0013081545920254102,0.002320544981756708
0.009297269583617845,0.0023625418415987127
0.007110089216651563,0.0007724922741480043
0.004728020123179239,0.00528072639087524
0.005007711257889875,0.0031435230218312136
0.004298020396518549,0.006871672729737654
0.006057036179546613,0.0009079988757120889
0.009716497432403572,0.003285899804530334
0.0040463325196842944,0.005000086746253852
0.0075940184627715426,0.005013168008808768
0.005313466231703826,0.001936917181430159
0.00963089664383101,0.0022011596471562074
0.008654866380168231,0.001777098627188784
0.009285598583585235,0.0019119491710881094
0.004582885293469438,0.0021180385297867674
0.007124216827187325,0.0022146836226440095
0.005725596255601054,0.002884617497325291
0.005659245787596827,0.0043943825072796676
0.009113516038245372,0.005394225876063351
0.006923432973921096,0.004752812732342514
0.007385422178223732,0.0024294808167933052
0.005942123450514665,0.00235710801189364
0.009654742098405448,0.0022195802859576435
0.004668821499424281,0.005428233064330005
0.008388832299046453,0.0024408955831884856
0.005624502255029741,0.0064541211379081425
0.006552229105315978,0.0031764596604854874
0.008741795516251398,0.002926633316500329
0.008228633399413064,0.0020549282712351274
0.009241090726247337,0.0022558061538889085
0.008151870802059568,0.003098109894690674
0.008259136062991338,0.002145456955783492
0.005564786838352079,0.0016106510412135667
0.00984481827548507,0.002260386446600873
0.010004149633900932,0.0036933821197198064
0.005820467005630109,0.004059843163437157
0.004173208743798242,0.0025525853660199422
0.004903655938780252,0.0049952571237324534
0.00528145757916638,0.0056588871658843545
0.006910008264723882,0.0025855210772934775
0.008971535545500169,0.002179179056357763
0.003381651840199053,0.005656119667933306
0.006843254193725905,0.004395318378877522
0.003269921090474752,0.006681142702729229
0.00527758855696067,0.006056574840748697
0.009037641257745517,0.00316723894111841
0.00821708187826398,0.0014910410402870057
0.006365944492205174,0.004556926780052867
0.009021946631883878,0.0057893258629398365
0.00671387600982624,0.00151708782819685
0.0047834412600137755,0.007311575040934971
0.005643342028502716,0.002082598629644876
0.008146683608894614,0.003687553252527012
0.004685424888906123,0.0031796620113913356
0.006216662622150142,0.002858728854178942
0.0077879710643855805,0.0023261682768684544
0.009506315179294705,0.0017523330943941895
0.007503155712337314,0.0015147758090526603
0.009177384912134798,0.003265366973004582
0.008632725962562787,0.0036419277584363993
0.008675643133957817,0.002132520603959815
0.009216432985238852,0.002254205754910644
0.002523385598230215,0.00419756759475514
0.0018618432397577208,0.004803426884555144
0.009007999160170706,0.0017744066435713595
0.008782218059947975,0.0031379260647243596
0.00525132816382323,0.0027332316225477547
0.006279151774651685,0.003386795232772301
0.006256753299201807,0.0022494592301408123
0.00700590416920484,0.005805756376176514
0.005733241561301748,0.0026116002322438495
0.006594954445525066,0.001480671382881149
0.0041279967214124715,0.008605408378348412
0.00906277869584024,0.0026683549330264525
0.0057839927862148284,0.0028970944709504265
0.003940132703739128,0.008440138927929487
0.0016748230420967217,0.014796293618966755
0.007581036785851106,0.003725043651552359
0.0043152532441275955,0.006610784878101723
0.00802289479004267,0.003186490391748173
0.006079197382741031,0.0012854720172069452
0.007625269084571776,0.0014712648929176902
0.007052795893197509,0.002964957642344672
0.00899948842188638,0.0020403185588822254
0.0073813342162906805,0.0016191326511679196
0.007984496977431458,0.002407289945679375
0.00866240655229884,0.0023254095107443622
0.006373819460587927,0.004477477994633493
0.009251225711060101,0.0016120748378960995
0.009370089992796676,0.001907681663357687
0.0051172477048697426,0.0034756672944427254
0.007817059333625998,0.003588817414529816
0.008523838337470347,0.002323954320968589
0.0036557858532036995,0.0034486707706427285
-0.0028981875129114685,-0.002081933162749119
0.006026718191921003,0.002560392755235788
0.007106742503388759,0.0015608139923989177
0.005027623100263528,0.0023507111141353723
0.009820793668189299,0.0017451229941749004
0.007954806816785464,0.0004890105207144913
0.007000658630178253,0.0011885757915629045
0.005339861416986443,0.0042643090779232
0.009976005630100628,0.0016335751652076253
0.008532348628948326,0.0026924739353678916
0.0064114325414612585,0.0014349728507520457
0.006515260989631828,0.0023581965949949595
0.008957866973022487,0.004323492385224478
0.00922726976257207,0.0014176849318383103
0.0065158648064247765,0.004827068448270899
0.007389467406909991,0.0015531486657722696
0.0061562466555779224,-0.000731957080041765
0.009762092755251377,0.0037611942664311955
0.009599497652596139,0.001434502950725623
0.007442960976735189,0.0013511645519693931
0.006045798923912557,0.003634909094007476
0.005754777974053972,0.001147336637614146
0.00532704284946257,0.004784015871752234
0.005471915196043172,0.0015383849849093297
0.008135326647596208,0.0019479177055703326
0.005572278715905307,0.004704528906622131
0.006172923402175306,0.0019591164234703815
0.007235785189617061,0.002182945197602794
0.009108134628407018,0.001521491665275993
0.0034943036533836664,0.004024167350771363
0.009425108025327263,0.0027683454078617246
0.008674538602201007,0.0021381555540264567
0.008961016338802606,0.0014507057225954306
0.009566051893484133,0.002062813558096583
0.008349694119862703,0.0013156608260030834
0.00728598698051283,0.00364558599968314
0.007131321980088907,0.008798343277331339
0.008780346204937796,0.0024555702948661565
0.007266212687912073,0.0052395281130953155
0.00796539449413267,0.003058234707241392
0.0059095090135674565,0.0044795010650698405
0.006450369525083673,0.0030397697802207945
0.009139074486918572,0.0017195681633909348
0.010053889531211443,0.0013761144096379628
0.005121060578358793,-0.0007575264855115109
0.006142555233534288,0.0024958975671336217
0.0030866956005158016,0.004676439514216045
0.005693619004547576,0.0034068567378073133
0.00583410745119848,0.0028542963731664718
0.007855903483981304,0.001319708861150115
0.009402201271326517,0.0022240611990844827
0.00894412011285399,0.002724721297324948
0.005626168225883438,0.003748738953319748
0.004513610686050421,0.006048105667212013
0.009625624255964017,0.0016778396396124632
0.006378040364068251,0.0031622263262628355
0.009353910734796916,0.001655746944570458
0.008299320608754247,0.004255615612365858
0.006486340856256181,0.003248708104680084
0.00490224589630154,-0.001150443528337695
0.00825588176553893,0.001589910465780886
0.003601967907664271,0.006884343662147658
0.0067265613313360305,0.0003782404901983283
0.007325347635132281,0.0024184626132217907
0.003802209576531909,0.013564517435645407
0.006104585973384166,0.005918906425429178
0.006228986495823715,0.002867616365567896
0.006786488241350512,0.0022593239801259653
0.008501806033116599,0.0014393272708680196
0.009522428034962758,0.0016374542601667614
0.009688000933079994,0.00198446821400305
0.0037336672048068472,-0.002126520843990741
0.00960937606319386,0.003142893516100794
0.009818673173950191,0.001728690245554671
0.006127950544304456,0.0004241643598824358
0.007734220573240894,0.0006917032790836261
0.005517453512561951,0.003300007344129028
0.006410657379462276,0.0018453582729015504
0.0071830747014951565,0.0020532160232052637
0.008922566586163992,0.0021686442596747313
0.007044398704457507,0.0014525518953285438
0.005698978062145033,0.002161584929858392
0.007372913980378339,0.0015140226166879037
0.004742199170233899,0.00150295636800187
0.006975317948380705,0.002682986236414199
0.008762441320218485,0.0028882999121130955
0.0036786594536519545,0.008323083735618075
0.00892055873264334,0.0014724256714834369
0.006422113120207244,0.0028037412180328403
0.005936967724663745,0.0009577908591059609
0.009460866011484562,0.0031923578245092246
0.0030526746441751906,0.006584923791805447
0.007003653978305721,0.0014908441961035144
0.007357388577020702,0.0005077108059913368
0.005250121744988333,0.0031355345019693833
0.006273565422447771,0.002339698048574297
0.009089778751277724,0.0013660542687639584
0.008292597736057956,0.0024698017925048436
0.007788519970747236,0.00259889722025695
0.008950500483078841,0.007742298008144861
0.008823283522239857,0.002437145174213661
0.009880613366964396,0.001467679114178941
0.006717759445102674,4.43848015620283e-05
0.00903067665730484,0.0025527718014972754
0.0062915240783523955,0.005253344635103616
0.004598811705137355,0.002434338995744326
0.005977352489956593,0.0018225408306237235
0.008271650648466588,0.002706457016059499
0.0070830972360811425,0.004127483201667373
0.01360594065803225,0.005441205740609227
0.0050984322408590185,0.004213089677556259
0.005782474093620655,0.0024288811864764557
0.0007165325454849087,0.001611298910306769
0.00905247542424258,0.0016201793318868412
0.00380266258362173,0.002520566007858307
0.007920385828199823,0.001174606518113231
0.006697067400680833,0.009121417133449747
0.0071934197859578304,0.003625147743597265
0.0055968623637094195,0.0031214424978843417
0.008627362373193028,0.004345440107360926
0.00879023422372947,0.002405210141258235
0.009944911872291571,0.0045444046568534156
0.008601019177310194,0.0031167530700812133
0.009083198121472492,0.0017095485820903707
0.009605535147059942,0.0015778776154595133
0.008943036557929468,0.002456713109476016
0.006071919396608035,-0.0003259821960766049
0.009412108167387337,0.001701482126690722
0.008203037040254376,0.002498746711058454
0.007079579373935221,0.0034445410058358055
0.008859348180716233,0.0020807002007758877
0.006930168195736325,0.0037255717962967443
0.005517453512561951,0.003300007344129028
0.008008024984969789,0.007692465276360657
0.006814187490151486,0.0020396763901103163
0.008370812549812957,0.0017558208050328502
0.004935951237738659,0.005767204989823156
0.0057068435283282645,0.0033324620912738214
0.005474080780583322,0.0025606668345360137
0.007350468399966053,0.0018065824599229818
0.004894069140560214,0.0055066707172741775
0.008681442759945177,0.0016346341951382357
0.00899146946032235,0.005381379344844018
0.008396162338176267,0.0017514571418807065
0.007476566243102496,0.0017178970113997999
0.005934330329150003,0.0025747303069033637
0.005150642327818117,0.0017028072021098694
0.005542581691324868,0.0045077745685011845
0.007671182150570068,0.003459082260163405
0.007231046559124071,0.0033158761788083663
0.009749504211217081,0.0014833492318903603
0.006901843503866969,0.0019733627056359527
0.0045666088523451005,0.0024891600378324063
0.004407139698054624,0.006215309240915526
0.007358358253522013,0.002472815243739937
0.007123840905815857,0.003583081281492236
0.0037813314039989755,0.006344013175876932
0.0031496087500782173,0.005089607415617423
0.007838400394266615,0.00425821339317016
0.0063433903616857985,0.0018501918170886443
0.004894069140560214,0.0055066707172741775
0.006160434833015396,0.004810145486498798
0.00692647368605543,0.003222897050821936
0.008189367882343179,0.0023401657241716913
0.006038047819433982,0.006556439316753454
0.008603205620664595,0.0015417336847829283
0.0051038597622153304,0.007919247368618855
0.006091862008985439,0.004501632166399911
0.009062989893619046,0.002643997728572574
0.003298528355113447,0.0025409898005662574
0.008267371736320554,0.002435450694867009
0.006685273492992494,0.005949221846969681
0.008465960081319595,0.0030052901171557303
0.007304584725771053,0.0022574289681757467
0.005745287742895026,0.0029237845485405633
0.008848733802651963,0.002194475269429472
0.007093060666221612,0.005237990714485371
0.005003082480910192,0.0024302175548359057
0.003946650406122682,0.007330202347447499
0.00535676937805704,0.0014494312092544637
0.0065399263476118505,0.003151399296667268
0.011293106989709964,0.0033234357354068877
0.005293705210493913,0.005234684840571848
0.00789849256563505,0.004312683726859843
0.007801945428808405,0.0006517741209373686
0.006240510412225837,0.0022021039854398837
0.00958994266024141,0.0038809102936396165
0.001140449858086967,0.002856058135394398
0.008440004046991967,0.002454554387985792
0.005179436745685744,0.0016003459855512634
0.007698916985042091,0.0027525114115474897
0.007635602952429994,0.001548765930258965
0.005898591351784165,0.00339918170960746
0.006526042135871645,0.0017881691421194907
0.00797616790933629,0.003217391703542732
0.00853242498096448,0.0016051428206053237
0.00338187811944799,0.005988516888293113
0.00900701404795581,0.002283326866349589
0.005296120976210018,0.0033512049396357156
0.008517445103852096,0.001750932023738016
0.0073115879117733595,0.003608454745845693
0.009415079968914934,0.0027249982830612517
0.005769069276628031,0.0037077528524203773
0.0027088438994428716,9.600803413782177e-05
0.006829223691172243,0.001928103244817122
0.0047754693714518945,0.006876230259568905
0.006729401730110225,0.003463467037547946
-0.0028497880273708432,-0.004126877609685987
0.00890585042964887,0.0017827373704596364
0.00622784946967502,0.002551867999973567
0.006753719041926391,0.004216926487445311
0.005746632443223364,0.0010099060310751994
0.003514644744769308,0.0070109921064830764
0.006781612162153818,0.0019887088955991283
0.0027766963144136188,0.009840163801393796
0.0088898325277346,0.002656968182075097
0.00940816146340599,0.004325168471630322
0.007634456661729454,0.0022168688524686385
0.00680972915666666,0.004086694122930613
0.009424054707069546,0.005060724294681493
0.005242653122592153,0.004668280908079758
0.010210818582472287,0.004369327447103683
0.01107923086827493,0.004399336052859757
0.007245733905665584,0.0018935977914742884
0.005974986186266464,0.0022756557326425453
0.008595944073764634,0.0012737513173456923
0.008012271350896744,0.0024480624845593076
0.00921593708313274,0.0017645784829324043
0.007449592320717617,0.0006512593149763969
0.00770548894920583,0.0016449349345097793
0.00839123371741492,0.0019414805320067058
0.009690073395941834,0.00276984136564549
0.007470540558543506,0.0014830616922082082
0.006143161986971017,0.004540239189292069
0.0059799895546812235,0.0023186480393395537
0.00739833995022152,0.001339337971404243
0.005770434810692759,-0.00018785798831335437
0.005572052559726533,0.0042687240156693545
0.00888424726625239,0.002101615862966852
0.007314741426334238,0.002308863659542063
0.00351424158224861,0.00784536537499374
0.006704956004334954,0.0012121529268832518
0.00903740289295808,0.0017985553758522801
0.00547683852519078,0.003228081616071154
0.007745957541849601,0.00225400933354322
0.008984557337012778,0.002107025219765862
0.008621764573371105,0.0027761275394831844
0.008505180160552225,0.003186683165465577
0.005626168225883438,0.003748738953319748
0.007783075401513672,0.003951138441676471
0.0035021251517227195,0.004472301980323001
0.00997973022849864,0.002852784914642189
0.004820467816251606,0.003068168136660547
0.008913339515596013,0.002022863280686801
0.008945171803708078,0.002286838986383939
0.008573752515473931,0.0015174437043043677
0.007950365632152083,0.0029616567339301528
0.0029265547795498904,0.009688263466389596
0.007178281065157404,0.0027969902946193646
0.008637086146447558,0.003913901053328264
0.008448718307815673,0.003106132298972046
0.002577519596683792,0.003941959969288425
0.009182340404907445,0.0022489467399862033
0.009729072168104522,0.009663024584219297
0.007835288464635076,0.0024390107145026126
0.009555953705339598,0.002085448780554728
0.007042920405707232,0.0046811559026809215
0.007423911605868451,0.0011122548175612375
0.003276401861119175,0.00560888961022417
0.0069677183211549094,0.0020439316884691442
0.007609950273949718,0.0025401008534025305
0.00796234755997096,0.001252765434156821
0.007685747059007667,0.0017822320899716637
0.005912713672519262,0.0034664305076339517
0.0062999802906911736,0.0037949198705451827
0.00912625014760051,0.0024585687840372964
0.009908208694776599,0.005298499391274727
0.005527676697297175,0.001225535741442181
0.008692375117388216,0.000601981442242534
0.006079197382741031,0.0012854720172069452
0.005417290403582043,0.002055799957116966
0.008557737003268555,0.0026275471774117017
0.00503436171035986,0.005184753845505975
0.0076648469140669535,0.0017949357462329436
0.006272256539777428,0.004142942728024759
0.00754862330539465,0.0028576109127706247
0.0030397140128395304,0.0018704119874600258
0.009009779663644763,0.0017117239441833713
0.005796267621951889,0.002140885889655871
0.006791501701784762,0.0006877163084982965
0.0034679633382168115,0.006450883533805574
0.00685691780404094,0.004084604644560193
0.008182859780246257,0.0028037699360109304
0.005477763273412846,0.004387744087608487
0.010062692808596674,0.0015640982833612415
0.00805150339176013,0.002828200399578191
0.008349694119862703,0.0013156608260030834
0.00729699416370193,0.0021577715197887625
0.005327679654713858,0.002611646352799186
0.00700590416920484,0.005805756376176514
0.007875326207074505,0.003655594837215439
0.003117039244869488,0.005568519945969683
0.006131628244770607,0.002642750402376737
0.005710678110271431,0.004632631210464597
0.0065595719647540875,0.004199884301981004
0.004784572094731542,0.0056271461222537735
0.012670023270112086,0.009552301676852915
0.012883495947896582,0.00808840651914302
0.008049514531617208,0.005366584287631848
0.007311371616419843,0.005172044918430287
0.009964895803442553,0.010936882185820625
0.006901843503866969,0.0019733627056359527
0.006941101065709436,0.004002093623473396
0.007203933574139868,0.003908901979923889
0.009279859386730135,0.0011814591300881817
0.008396246713705417,0.0014093456332118347
0.006552229105315978,0.0031764596604854874
0.001922233893642291,0.005844928878266126
0.005572052559726533,0.0042687240156693545
0.007843345355063557,0.0017802590108350978
0.003356028165654483,0.003152095459864835
0.005114367007044318,0.0046520494316798725
0.007301314666541327,0.001676548973798716
0.0036344111455805387,0.006951045387982941
0.006394833805729059,0.0007654534328351802
0.0051598041240121075,0.0012637247144109383
0.007430235637551618,0.00273144240019871
0.0016372120517687584,0.003560218743737198
0.0070204458447783065,0.002771034490139405
0.003722672210809958,-0.0021344382151419787
0.0050984322408590185,0.004213089677556259
0.007215587387275514,0.004731954021795333
0.01040265649390833,0.004208633762054696
0.006229277846926058,0.002130692141944018
0.009623390158254497,0.009904451365234898
0.004932104410207779,0.003153293669622684
0.00315322710422656,0.007402646029747852
0.006836061113489344,0.002225084819667645
0.004619076222339165,0.0059282002022304344
0.007515575074482359,0.00018882818473554223
0.006860497457282729,0.0004671351108781162
0.009049860609015043,0.003073780884452748
0.008731208275995293,0.0015758916884754401
0.007774561413522226,0.0018148704849883842
0.004953691579826839,0.002254106762054354
0.007161291123434272,0.002631343205246585
0.004479839146454361,0.006444916007557355
0.00600243398667784,0.0028006145840951853
0.00881270630661114,0.0011814909888895409
0.0069171467789056595,0.0018654357752146602
0.006594920500810736,0.0024049591018505062
0.007362400660565521,0.0017554631357962975
0.006196594837167504,0.0018777535029506059
0.0036638917733910767,0.0035193201481821907
0.007313826844845878,0.0018476958541488193
0.008787466871716805,0.0016565705090804718
0.007845702339513608,0.0034628398256558867
0.004012361325632386,0.002626688085489085
0.00848892035338357,0.0024773917757351556
0.009008064377901158,0.001914979118940628
0.006092501794942507,0.004532901297980168
0.005281371475810946,0.006478935431367856
0.009158299789874782,0.0015595990931903522
0.009049433136721451,0.0014720063132426173
0.0077610179585270635,0.0023912061044224038
0.004911026254374124,0.0034031804638515383
0.007392545188531826,0.00399492560203734
0.0047177463844863985,-0.0009067711526314186
0.007280154302808985,-0.0004606995532722858
0.008925834985868745,0.0032228563063447253
0.009388055484842919,0.002503028189185086
0.008703251923014759,0.006535576065226036
0.00789945050580294,0.002375671628282724
0.007673231155839632,0.0034602769910326726
0.0010744268273179423,0.006924439192664948
0.007493848702559416,0.0029212981615297034
0.005980663387585956,0.0033662819759515154
0.006837902303594888,0.004134415466358512
0.00899688564178782,0.0022128227657183175
0.006686208667750643,0.0018412687345007728
0.01209583160865329,0.007098641722574588
0.006829767625526694,0.002808898706533899
0.008163301954539157,0.002497099490126024
0.009000548955015474,0.0021245746679101835
0.009460672414480686,0.001761116446714641
0.006730351652074372,0.0027475416103047825
0.006695837905582487,0.0015380682338945332
0.005694207048359765,0.0013133939398878606
0.00467151755056521,0.0050668545290547505
0.003266080839177777,0.011234389498480343
0.009270144689433083,0.0025062971289345256
0.009326818090823225,0.0038000075438164947
0.0019661791934974552,0.0005308288197000289
0.009928253942138207,0.006721399552605881
0.006643322797370044,0.004398901351332565
0.0042282223602898,0.0033021205663240558
0.006442180954279665,0.0012125020972772503
0.008416154741275175,0.0020136816603412763
0.0076752557426108545,0.0034600922598139886
0.00715453497116487,0.004756883576943717
0.005896635487543746,0.0038495325284068817
0.0060752017777468015,0.002806213950959551
0.005624502255029741,0.0064541211379081425
0.009371062328733727,0.001649015157653309
0.0065115542599564055,0.0030871930102436065
0.007864103137478217,0.002631079517415395
0.006617438715535574,0.0016498838926312194
0.007130051178624998,0.002864213367222899
0.00921620402922127,0.002025177778661293
0.0031618196004392874,-0.0027788388578836453
0.009730081017039193,0.010905715336831682
0.005529033769166459,0.006738595763230005
0.008416154741275175,0.0020136816603412763
0.004838714638976278,0.0027922171669061266
0.008480843934741926,0.009894990148631213
0.004314840852293041,0.0031971940125846377
0.0027766963144136188,0.009840163801393796
0.00922263921049603,0.0011437650342681332
0.008090186294190865,0.0011156395056466512
0.008587507780162982,0.0015172768538893183
0.008992518578850455,0.0016473426085861385
0.0010630358008806434,0.006143695931762806
0.006285977813475291,0.0019806089823308547
0.005659988962231064,0.002266651531956221
0.006785453812351575,0.0015858737622018587
0.005909863938640466,0.0022416830539028973
0.009181396458902008,0.0023565064806525494
0.007536666430170017,0.0017146543267898226
0.006072202382757943,0.003917592218894446
0.004316708133862887,0.005343820059604968
0.004465522122245951,-0.001333665840474822
0.011101973321881453,0.00874587221908577
0.01148145860645479,0.006888181926547476
0.004833458208519309,0.002999338371968463
0.006611735698535317,0.0029973534138742278
0.00685035728715749,0.002028374241510939
0.008758238797194156,0.002414381127144932
0.007836736354543065,-0.0009679076924222741
-0.0009001491220538083,-0.0005883580301201969
0.008224704458413664,0.004278886762171082
0.007463322426080295,0.0037006911226538323
0.003779190449316098,0.0013390230935047091
0.006061734853707569,0.003199558732275955
0.006629440998711836,0.002543598410367098
0.009714088412678798,0.0038657673028104477
0.008676209491820838,0.003373304138694769
0.005943773147721746,0.0032746967344659157
0.003844279850925999,0.00741118436910063
0.009042757011976058,0.002398452876012311
0.006449816312922489,0.0028394411502871524
0.002009079225051838,0.0036124920178450945
0.008621008360849322,0.002663104835424976
0.0008493676571147976,-0.0011722536595064632
0.005638715211888959,-0.00022640690844962213
0.006519797226223514,0.00496601242127856
0.007868418766837172,0.0021301671300125993
0.007803127960890531,0.0013106199641562382
0.009041112860198337,0.0014282362496404718
0.006685481895599664,0.0025449747657342245
0.005852154061172251,0.00393321570457594
0.008217848136066094,0.0016501260693756077
0.0019915795544206624,0.004059796307580689
0.009738652776140912,0.0016075876526067687
0.010157764215635447,0.004881098786656259
0.009488589157948129,0.001758870162599074
0.009333580377062778,0.001972144188751734
0.00975059985809371,0.0040226554287793636
0.008351082554464357,0.002261272860353651
0.006091862008985439,0.004501632166399911
0.006848330005675013,0.004440398162863839
0.002118412074059893,0.006129551357191873
0.008556552211531523,0.0033259942713998493
0.0049496869120325615,0.0033896243681608975
0.010249798728085662,0.0039221441122971636
0.007846939318926558,0.0026499356995842963
0.007175481827215728,0.003986964550602692
-0.0022209687777572833,-0.002016946679403664
0.008311125932238386,0.0022261832854250556
0.006138321385799087,0.001469312249774605
0.009729072168104522,0.009663024584219297
0.00980210016350046,0.0026115338266985266
0.007013495639261992,0.002999345379192499
0.004423874657427598,0.005330604686892837
0.00758335952581887,0.001479832704738831
0.005802323512140793,0.005289795430218283
0.009245194079432587,0.002063682446034093
0.009409899160423561,0.003152148595749282
0.008103588586801288,0.0020398802506906306
0.003722672210809958,-0.0021344382151419787
0.005782600627641806,0.003208291151694009
0.0067606750984705675,0.0021891911929303514
0.007152752567424056,0.0016636117297009218
0.005709193883380417,0.001705923811506034
0.008100697758333799,0.0017724478854917796
0.006571051530932652,0.004917818772122181
0.008196002531438651,0.0024355254216229362
0.006469636696530266,0.0022599214020928233
0.010138032522921284,0.005323330425441413
0.0031205814854378053,0.005522737261175945
0.009569285875648974,0.0020613757146980887
0.009295138434407879,0.0018849420333432124
0.009448733404247456,0.0033556435210018764
0.007585410628645652,0.0024864533423290458
0.009181731289368803,0.006153689431164134
0.0054458232973740705,0.005597773709007615
0.00374476766433549,0.007463153640501037
0.007537300520113879,0.0016746336984878613
0.002365054230444066,0.005203983800567092
0.00792384509928893,0.003124976802768354
0.003750757877550937,0.00643928819926814
0.0077548875577856165,-0.0003405606790574441
0.003576836175477995,0.007418400631346158
0.009525102188255256,0.0014862031700639197
0.005659589386820739,0.0014121826296273213
0.008896497339880814,0.0031023724528293035
0.007410820660810802,0.0021786508661243873
0.007154162314678519,0.0017703518103194052
0.007595646932572478,0.0016478555189386969
0.005360571544019242,0.004896070654112427
0.009946546408340314,0.0022965937756744713
0.004176773288171979,0.005776075131384242
0.006467678991594615,0.002350992426925548
0.009298388212845704,0.0014059270872339887
0.005937271475151494,0.002611224891332078
0.007863981881450044,0.0028059708170235795
0.007017795348578441,0.0016897996576049146
0.009363929298062908,0.0018060833275915927
0.0078081964891831696,0.002105025392168755
0.007844836438543432,0.0023676202831654112
0.007179039817067297,0.0038387103892926523
0.00801071114181949,0.0027682699039154575
0.00837862625522559,0.0021288920837133057
0.00786013422896151,0.0011456758029493317
0.004173208743798242,0.0025525853660199422
0.009453494402539106,0.0020411999837913336
0.005732250733758155,0.0016772451425640014
0.006365944492205174,0.004556926780052867
0.005931018669074714,0.0045694872215393135
0.005499000871117628,0.0005782905476432211
0.007529973428416327,0.0030976208423749464
0.004491665965546777,0.002165082823647366
0.007245654252031071,0.0013492267527377899
0.005934525612077686,0.00420841643126075
0.009293586924234466,0.0028551982356234094
0.006946275396368795,0.002778115684402771
0.008594550400276062,0.0027656854693290465
0.008076848363394432,0.00299197662309883
0.006738954107803822,0.0030494514481284223
0.00849259989820983,0.0027362537970669716
0.007140674382980634,0.0017708132853820734
0.005808981455462533,0.0019920565006103647
0.006945298875351742,0.001219209202305704
0.006736867309193512,0.0038704279688427444
0.008214915938564247,0.0016596640661042973
0.008921012387775849,0.0017046231817479185
0.00460566479233004,0.005868921099804956
0.00982632055305178,0.005018351182663763
0.0076347837757161285,0.0021131696011249543
0.004033370248676261,0.002891662292621516
0.006736867309193512,0.0038704279688427444
0.005976085012556816,-0.0006894652204200331
0.006520913974320428,0.001461489812674177
0.005590663322456429,0.008560429111309484
0.010393340336239997,0.0043944690178621335
0.007074573362200708,0.0016699384946454185
0.009142344430723145,0.006221160332160554
0.0063428300656181305,0.0019382037698564272
0.007159521732686066,0.0019296997028943512
0.0026125469345999585,0.006174893522984646
0.005739049805992268,0.0025668509182026336
0.009681000885371743,0.0013849753748542797
0.009638428365353125,0.0017396002958654528
0.002832484445146499,0.009652934123374667
0.006304349797070565,0.003139461407235016
0.0068981650137346535,0.0017746735234535384
0.004509029784188065,-0.0008015060011988939
0.009538077466077662,0.0014783324608326296
0.00640145555047545,0.004982109324879715
0.0029898289576979035,0.0030392505398254867
0.007113552826054983,0.0042131004713793115
0.004495734541091088,0.007620855021546755
0.005184724714770201,0.0006112470742462737
0.0036108893340318325,0.0012208275413917733
0.009915668188687676,0.0017685816733442848
0.00752205145913386,0.0021231878496662656
0.007293725883270763,0.001565759319019826
0.008903431330265693,0.002490664797517709
0.006249128361061255,0.0016155256098487406
0.00761541698372546,0.0014711960687955562
0.009526124309249491,0.0016986963149901117
0.007597847797918035,0.0016725510398194112
0.009333082268371522,0.0030582329065336816
0.009585677633135718,0.001707838001228072
0.0063871472480086285,0.00014539503926468307
0.007650399492919844,0.0028618924863910112
0.009535064132119946,0.0014638127285343042
0.007558182845210406,0.0009804090891986318
0.008683095592413004,0.0017330756856953778
0.00859562219054989,0.004056493427506148
0.008160047412985408,0.0025892377464200762
0.005069477466639456,0.008524170196300071
0.0026224986096654197,-0.0024823476602883875
0.007499048017705628,0.0028012371170848737
0.00952630454604499,0.004291476127473052
0.006283856079977296,0.0025580482070840715
0.00487954266029487,0.001599345587086163
0.007865995428263776,0.001714977163891752
0.008483858683137533,0.00155562056956358
0.0037611575375575456,0.008516227972326616
0.006811214667001792,0.0015198701627439199
0.006093910822282732,0.0043995430525687355
0.006923432973921096,0.004752812732342514
0.0008825378906559735,-0.00258303422119705
0.007324370616515096,0.0022017650777001975
0.0067861943997269015,0.0040996945896307705
0.0029294326859819445,0.009789824818075603
0.007615031144777171,0.0015229207247959868
0.004522898958973299,0.007629087601557283
0.010149613062612,0.0022471873140224082
0.007748700959918521,0.0032441483686794044
0.006154430178727512,0.0018817029607791974
0.006993353357458677,0.0015697123984395713
0.006089593520581249,0.0017590816325409007
0.005605401817485398,9.477902436990683e-05
0.005075735593714064,0.005059258753632034
0.004918553812145901,0.008625474382192543
0.008937172671576054,0.001074545892236661
0.006105698534536548,0.0028519769623464664
0.005208080052636271,0.007170812256583297
0.0036288247126528995,0.006932057589616911
0.0038137615046924577,0.0022779489998000276
0.006414912059895421,0.0016583851033501835
0.006260668427355525,0.00028935979953604966
0.00794376466721383,0.003929081234295865
0.010089448957793491,0.003403893596193165
0.008058423210322543,0.0021750367288149233
0.009044438834661238,0.0025777378092991183
0.00830763053687628,0.0026242113971467968
0.007542392154031911,0.0034072470512423753
0.00869801103700203,0.0018908691871219255
0.007224033560096024,0.0025577664390564183
0.009758459772324386,0.0012407734284177662
0.009616027188516051,0.005808571849904411
0.004238921799357382,0.0010865807844157734
0.0053510213740611285,0.00526598047400352
0.009004658383990567,0.002138930425741102
0.006730351652074372,0.0027475416103047825
0.012209198413940116,0.0072305608454780864
0.007197062317013842,0.0018617398484687166
0.009039809554352572,0.0019621015082868388
0.009730415830862545,0.002212043680956239
0.0064982035945167094,0.004587460376915237
0.008977853645763093,0.001616699927114035
0.009453052735797808,0.0022728083896686882
0.006550159034808161,0.0025239945798346403
0.009132669363780713,0.0020873452060021164
0.0036344111455805387,0.006951045387982941
0.004951007392971643,0.00517327166534892
0.0012046749722302115,-0.0011579933319340067
0.006547444319606488,0.0030539971438349536
0.006378085984104659,0.001959578215257574
0.00810198320959251,0.0031786964824839182
0.00918999887658526,0.0018849558872726232
0.0027766963144136188,0.009840163801393796
0.009583751892420953,0.0019307661718541676
0.01011169285178477,0.0030267639161503926
0.007824053529829003,0.001850989709462996
0.008789893190071108,0.004822375890991161
0.009465586517842812,0.0014791486657345417
0.003574803489782061,0.00687611108213713
0.009209254996219017,0.002014415024423494
0.0053016824416837385,0.002682815363188318
0.010103805832781775,0.004369154626503698
0.0074595699797552345,0.002785771489271895
0.0066897006772416445,0.004627018590948951
0.007551257763933323,0.009199282383504193
0.008580214405563263,0.00204937554918673
0.007166094965782109,0.0014243787803431716
0.005205286387087495,0.0063661193783315214
0.009453494402539106,0.0020411999837913336
0.006604527653353516,0.0008796699989653892
0.009540757177835889,0.002210054151895998
0.006593105540189385,0.005449381154464033
0.009853531631939753,0.005281541441420096
0.007266514927790187,0.002006140555137228
0.006901794777736859,0.005490505292415055
0.009148789070061267,0.001866884426258571
0.008191935943775371,0.0018652645702954222
0.007675667979451805,0.00201561485473021
0.0074068929744967454,0.003967302268305786
0.009671624824613534,0.002758160758525671
0.008897642877092096,0.0020992691890997055
0.008906320836346356,0.0009837216560245176
0.006562431973528397,0.004325992714888663
0.007859132824975834,0.002163770913819479
0.006114469644312725,0.002532643509209947
0.009488097067480855,0.002161398718450385
0.006935038574968529,0.0038467587165772164
0.009232147373581542,0.0029389311673371846
0.005866176210246331,0.00405275289513245
0.0029067615798900525,0.004100958296772231
0.0066131560051087696,0.0028442620483576826
0.005936380137366377,0.0027943982890292485
0.0073199841246017056,0.0020177891362973596
0.008106941912912578,0.002996602873160052
0.0072159289308932496,0.0012038349479068892
0.009274728020665934,0.001859328628271835
0.006115453658602521,-0.00023774920489982518
0.004986472215735524,0.006464813142009031
0.005927041293171191,0.00437192665765232
0.005697656153143238,0.004514388475143689
0.007651663505781985,0.0020424793272568968
0.003936773753295741,0.002997249371779009
0.004785152936995007,0.006361382847765799
0.0063323610782441385,-6.888465530377127e-05
0.0035038616273196143,0.0067282457814822364
0.00911123188257746,0.0012286414163281923
0.012222320795103695,0.007612937988451607
0.009278338037405668,0.0012070437157623033
0.0032196172909799486,0.005526965650316083
0.003131368297193518,0.00433627813523619
0.00921279882184628,0.0015471077477509669
0.008222076301646536,0.001759190843110518
0.005391273809588197,0.0034801285219567967
0.007078675086318632,0.0018170313163224658
0.010296629265821172,0.003759259537436023
0.004857635425916341,0.004655405943079725
0.0059945189292704825,0.0037213170843999107
0.0037507170399541405,0.006163051092098898
0.008520534108584018,0.005931322796839002
0.006308233350057476,0.004216204774513838
0.007472999635404112,0.0017222159162665184
0.009367720766306487,0.0023220339563342534
0.007420972218077622,0.003275209863631331
0.00846125268984038,0.0032875356546335343
0.009690185448034122,0.003452998650009086
0.008647460575672623,0.0015659122756455125
0.005575927141373791,0.001448201140381581
0.004293299202413807,0.00649339432730745
0.005062599651636954,0.0008748307883138309
0.005035523193371304,0.005339431232848898
0.004963850765152036,0.006396378413171111
0.005033906330681543,0.0028987638350848445
0.006534736689444976,0.003018356395306035
0.005574946680591901,0.0022575927500999874
0.008130039339983484,0.0028947790287751603
0.004899263089224491,0.004608170273329738
0.002104524678933307,-0.0004904218460902044
0.006143148836400537,0.002677749789951332
0.003929484135996843,-0.0004949206393307336
0.0031580317819272377,0.0050776825772056175
0.007024945566646531,0.003034932510404365
0.008886405401940762,0.0018303590168641673
0.005077791479099656,0.006072942117241423
0.009001279450296454,0.0021207764125804026
0.010074170811949872,0.010270085222322534
0.007744747058483671,0.003639743634165705
0.00717441786809971,0.00623249264504785
0.008817095307205435,0.0020782952912744785
0.00852034341572656,0.004134009811412604
0.007010403700665436,0.0023741245947964916
0.0074927323515384175,0.0027372090977355644
0.009198307452220052,0.00148092821220535
0.003691049259411606,0.0056812799333548535
0.006862888614228861,0.0014888318308369291
0.009814354335901991,0.0018344349414674355
0.007724693750905406,0.0033129788148357755
0.008730975599699813,0.0021122422091861773
0.00968547769705973,0.0017490574235724254
0.009142114812351144,0.002167189623086079
0.0050984322408590185,0.004213089677556259
0.010207954603932447,0.0050997560489052015
0.0036128167044346773,0.005389197953071563
0.008746275883719859,0.002671755514191204
0.00721521405877722,0.0013052540899224762
0.009025592479274569,0.00148603012837723
0.009554049784736146,0.0017289242531527407
0.007997463791662595,0.001347980290104734
0.010078782101522537,0.001420855359169356
0.010795828243772697,0.0037413752781575308
0.008351002357500848,0.0015270340788516735
0.005779942394039191,0.0014034947213323679
0.009881218011739416,0.0050848043726450095
0.007238333412438225,0.005479762400537057
0.00531821702838668,0.0026242614466375283
0.008684473844163827,0.0024155404156986473
0.00917391698662342,0.002174874121201771
0.008854597542247204,0.0018681598357931884
0.006435817794716759,0.0026007448293166435
0.008425808350785768,0.003542154709820152
0.007016152804296507,0.001774613769747013
0.006994964665474245,0.002023103513487813
0.003455289088134448,-0.0014924691733931633
0.006949248189316387,0.00203597119138557
0.006011449915627457,0.0018832372538819591
0.009340922227371633,0.0016882589983934207
0.0033229166667971006,0.006149987757825857
0.00558402015826032,0.005003646228455918
0.00933119000289873,0.002911359889285363
0.007783075401513672,0.003951138441676471
0.004870926423182177,0.0062060817256477515
0.007730591835614919,0.0009361381047462165
0.006813715264569731,-9.69444538676395e-05
0.007265156014591321,0.0027605934521417385
0.00904441537539714,0.0035417879243057103
0.012207942122114445,0.0071570219242613736
0.006931166531005096,0.0017569996301719116
0.00880372945933232,0.002461216718020621
0.007941682303240844,0.0019271374907137966
0.007113552826054983,0.0042131004713793115
0.005450490159998776,0.0016674070375736596
0.007436083012111579,0.000984779908078663
0.008731208275995293,0.0015758916884754401
0.009345008905193741,0.0014593124920891792
0.0025783170922560163,0.004188151587465474
0.006923432973921096,0.004752812732342514
0.007217621925830356,0.002508810706829084
0.008595038568318735,0.0026497394375076663
0.006455509710514527,0.004203100570440533
0.008080681841656829,0.0013219905096526442
0.00935238037861474,0.004099543349543526
0.009538724808916252,0.0040350408618844225
0.007903670449109196,0.00020422239517482732
0.0095661878670316,0.01030207855798691
0.006308987303213349,0.0025443261711022187
0.0056616032456438675,-7.194950369047645e-06
0.004251694207849023,0.005541487270781862
0.008750568751170928,0.0013236254156378654
0.006960434212358908,0.0015004396233175218
0.00997659492168088,0.0033369727390778177
0.007380227346674205,0.0015700672721028989
0.009465230526217214,0.001667303433946673
0.006455509710514527,0.004203100570440533
0.003815003217804258,0.005882941577702631
0.007653342013773142,0.0034052098859290872
0.00892489784913273,0.0012399021640565559
0.007954178247646923,0.001373639986391062
0.009571663930665903,0.0016105001006684301
0.006452039842420251,0.0024035270455379006
0.008153954518637724,0.0024712988242416066
0.0024801661882483204,0.005625093655183324
0.004177936110855197,0.0066749235897875184
0.009494591524187319,0.0018369006914383595
0.006817267802623601,0.002571283431173117
0.006627721684661889,0.0031115132061176015
0.004333307487297157,0.005108618159726127
0.0025783170922560163,0.004188151587465474
0.007942773324312436,0.005457521448726289
0.00858379395200546,0.002911621462449706
0.008627804969953507,0.0032134911720038094
0.0076999614359536395,0.002072315581584162
0.0028104916140623453,0.004744359261156306
0.007697012036279366,0.0016302022875287446
0.007061699640636895,0.004322130716646291
0.006820826803248765,0.002032240985354092
0.005192391453321328,0.0037599741145675596
0.0062952691761566605,0.0014131189260160378
0.008609224404214041,0.0018512159843757595
0.009032339258843065,0.0020770617842476233
0.006098654701559865,0.001439346267997423
0.007131960969561225,0.0018940692059252855
0.008533432498589927,0.002037050686730096
0.009179933841120126,0.002697273071404156
0.006175039518110482,0.0021855781981231512
-0.00031751132994551744,0.008293821080547707
0.006038047819433982,0.006556439316753454
0.009490635508286372,0.00322873309791848
0.0042023708961387626,0.006854260574177675
0.006842100905126055,0.0030402439311448736
0.005872959531886953,0.0004215167694388549
0.00615336263549953,0.003995754876841254
0.009849246921346977,0.0014714958249578474
0.004213077363984501,0.006427526426171176
0.008712787254479416,0.0020085514330300354
0.008940387421908235,0.0027599746485452445
0.007110423623482397,0.0017120357919530003
0.00414837154647746,-0.00032372859712955643
0.00791531293373331,0.002410773443112783
0.00849284760871324,0.0025404480288772104
0.008449814269153578,0.003042767953363671
0.000456511771011363,0.0028288383343805035
0.00715453497116487,0.004756883576943717
0.007828527868225191,0.005059436040215608
0.004590123613264394,0.005640171570556896
0.0069114612841929875,0.0039048677264601553
0.008981419467181428,0.00712629065824244
0.008895635957615187,0.0023014015305331094
0.0042835305792771694,0.005433245711917791
0.006004237544518239,0.0043557205283962005
0.007225124185678036,0.0025283125164618963
0.00778236931231487,0.0014763384397252517
0.0058679559334341045,0.002859650373424967
0.00910251895804659,0.001384537249108338
0.007060489149583603,0.00209740977728045
0.0031618196004392874,-0.0027788388578836453
0.009261286442212089,0.0018669068919862693
0.008326268722419157,0.0015649672672189488
0.006398835900245182,0.002818187977404408
0.006889581294017405,0.0036229802182670724
0.004849427743817291,0.006335776945331915
0.006716636613063666,0.004536453390680725
0.0088946877250217,0.0027628033477508597
0.00845740809517056,0.002769785408587247
0.00848638163306479,0.002801937090361849
0.007190960435033985,0.00422066814163721
0.006506928536957505,0.0021752472616616185
0.00493876458790929,0.0056749145837407125
0.009841280937200818,0.001782167480965633
0.006811433675658684,0.0035458999407814943
0.010403089102432015,0.004693814594132168
0.0010744268273179423,0.006924439192664948
0.009182478621711062,0.0045726765344989845
0.008031168737652274,0.0022988927753643867
0.006840964328228505,0.00029468294267406825
0.004754779707263404,-0.0008948541276670632
0.006923432973921096,0.004752812732342514
0.0028380858957332564,0.0040095400100860655
0.008941581122815045,0.002300552082540635
0.006418941786052077,0.001204225385663808
0.009548235726505323,0.0017655294115241091
0.01020467514336892,0.005155635642224561
0.006891511459142926,0.001849316784429511
0.006055262756749218,0.002561466981530553
0.006370793138945559,0.002338406038997639
0.010026261252777613,0.0016204770112320651
0.006144341876910982,0.004549629601288671
0.007267467230142489,0.004785924475766728
0.007271887347728766,0.0012310434157422239
0.008025996758389983,0.002283551981807028
0.0046427073434999275,0.0015235782958213217
0.009985153627104244,0.0028155730182072986
0.008917510268906453,0.0024466772299335526
0.006998215473443777,0.0016286117626806975
0.007780434404508216,0.004122351224739106
0.006729983655393715,0.00020042554928796294
0.006519797226223514,0.00496601242127856
0.005668303377826784,0.004566863313090475
0.006152621929474296,0.002108183832699214
0.00938085403703805,0.0016499823900067096
0.0037953384265926524,0.005227385259293662
0.004027287943464274,0.002787055531459709
0.009858180770521915,0.0017871398332199827
0.005363467618674871,0.0018483278807861657
0.008829979537156243,0.002403217235454693
0.00607497095814783,0.0024751646996672436
0.006116371661324649,0.005858982192147624
0.004961672673615475,0.001904148450420991
0.008436155545021359,0.001623764824236107
0.00949303122370685,0.0016187100600416312
0.0065352863210661844,0.0027256853450071455
0.007311371616419843,0.005172044918430287
0.008010453472621564,0.0033328672711333473
0.0070118243754154425,0.005395770006549737
0.008650304087784047,0.0027766926691458593
0.0048116694766606564,0.005891805201989885
0.007613638534365509,0.0018715172219426184
0.007223729160737108,0.0019315467413914223
0.005787212482936796,-0.0004914612430367161
0.007072712447133246,0.002671270496593268
0.008086288864909821,0.002515753082456838
0.005976041924437148,0.002946869361524794
0.005756922918186728,0.002366048144734063
0.00625484347008692,0.001589649262952783
0.0072382062004782135,0.0007759556371157456
0.005556055045460505,0.002279630362662652
0.007954341076925199,0.0012069430212377635
0.007416458624421776,0.0033997714212020214
0.009385306617741925,0.0016010074532026783
0.009328636277251705,0.0020650306781205396
0.006842100905126055,0.0030402439311448736
0.00498388690901148,0.0039545514517195625
0.005330438066123961,0.0016611281924317272
0.00611111631800095,0.004501947776936269
0.004316204975993034,0.005192902162309957
0.008390616869697436,0.0014527082728887563
0.006095965443444441,0.002144883155993158
0.004254540928740564,0.005724711678754798
0.0031472022472747016,0.0051340274149265725
0.012391089895862793,0.0030441805245545444
0.006828072439059614,0.006551220029025395
0.008398441204127525,0.0023053535117203428
0.009810078055821379,0.0014375425499286842
0.009831229188142443,0.004976889777825527
0.005165307510545311,0.002723111305792613
0.0077302151286734785,0.0029684764466679607
0.001954779757239099,0.000148189380793428
0.005867711037316631,0.003595968835998965
0.008079010664543425,0.002669645388692108
0.005833647816825968,0.0031365086129082386
0.00667011397860244,0.001188297445247179
0.010016814841352514,0.0025782942799325746
0.00524276826220711,0.001987121372641962
0.0035447698805014553,0.006574685906191925
0.0061650067847925415,0.0031860915648879223
0.009766498028386396,0.0020333904778720253
0.007989569441473676,0.0038704252729351504
0.00514169422194628,0.004249934042010029
0.007781492985537127,7.127129141501314e-05
0.006144341876910982,0.004549629601288671
0.006575412923776617,0.0026518059814600882
0.0037610720967368675,0.005330525444046389
0.008505150328573269,0.005767442904010939
0.008662928355750606,0.003307784347948212
0.006496877968452961,0.001157327886707693
0.00915282065624225,0.0020253156903227787
0.009038771154566451,0.002244589612524256
0.00787250767253587,0.002976820763870767
0.006886230465058584,0.004061236431980097
0.007565221770482968,0.008367019077936034
0.0036344111455805387,0.006951045387982941
0.009075985421715406,0.002656818807703378
0.004248205688929796,0.004390622734500682
0.009908146723113643,0.0036178312248951496
0.007317489318881198,0.0014145465498057131
0.005524348453106799,0.003977685938001215
0.004177936110855197,0.0066749235897875184
0.0025608328968446826,0.0027619638486277315
0.008992954577499903,0.0024137913375568074
0.006809929909472516,0.0021722365057973442
0.00838339792504694,0.0022859192456414473
0.006151149093039564,0.0032326318532937236
0.006917155497708388,0.0036388006056634076
0.00644715432189465,0.005678965446165852
-0.0016929081170724714,0.004867087038592591
0.007127051136900876,0.0017544073954846905
0.008993927040257668,0.011065626285732152
0.00866856963817875,0.003027051802639252
0.00476472047560269,0.006665746104798267
0.005129106542334275,0.0046089270712949505
0.0017551724055198947,0.0006908635247653092
0.009694636976777603,0.001328972805890249
0.0088371994673552,0.0028160853623080745
0.009391429670614723,0.0016851362142005872
0.009206193151346551,0.0034536105474096508
0.006038416916582592,0.004266772142478271
0.007275956790864725,0.0016689709376126087
0.006472789234558866,0.002634281018976733
0.005605491405358827,0.0010549940353139498
0.007069180459713452,0.0018511762611308161
0.008621666610925593,0.0018900183364235733
0.00460566479233004,0.005868921099804956
0.007624095662828016,0.0017849790512250198
0.009407130689990953,0.0017394732351903273
0.0073486706571067265,0.0017265482801951254
0.00351424158224861,0.00784536537499374
0.006143161986971017,0.004540239189292069
0.009318260714671327,0.0015032038913689776
0.0069811686293284,0.0047556087736127855
0.009144527380253557,0.0026598054857629987
0.00788575898378839,0.001275281738261273
0.007482049989695259,0.0013006968143004852
0.006649818964886431,0.007458817202937866
0.005140770735911487,0.0065363268455511814
0.008710209595582361,0.0019084962614316567
0.004499608782224529,0.005964435753051155
0.0037610720967368675,0.005330525444046389
0.004968658302340286,0.001433406827309451
0.004678378448079929,0.0020900217537289613
0.00801071114181949,0.0027682699039154575
0.009450953439441748,0.0018562744990658717
0.009279156568970243,0.002527273018224565
0.006864562754564295,0.003897949110164699
0.00922143463020806,0.002510170964446564
0.0107869057153025,0.006876301635115237
0.009574877822397547,0.003117450985140425
-0.0015868028537904975,0.00510875015191483
0.009204366399555932,0.0011936327456225542
0.002570851565485096,0.005261230838962332
0.00849967980497019,0.0030047720672389394
0.008650208957910945,0.0024697583215083424
0.007730458142421453,0.002709686743053676
0.005619821297990685,0.002640782248462073
0.009140840708823646,0.0008834164193590758
0.007914033177310327,0.002496467821898051
0.005956316995684488,0.0023998542905767552
0.0072236599884873045,0.005193466949617892
0.009055238161252265,0.002577430045305573
0.007883933042590892,0.0033894302700212984
0.002848632008731625,0.005143284620840682
0.005594196296580545,0.004552275991277078
0.007801432522472342,0.0019995776960656294
0.005399903684881751,0.004532409742641999
0.005078212682951441,0.0016265713277321741
0.009982804046720948,0.002180557523050454
0.005377859240965949,0.0020465547916145802
0.006445474599218658,0.001586335741328243
0.002840992627361854,0.004496037165307927
0.00666903224085828,0.0027671536425736935
0.009641768086941614,0.0029302960767103215
0.008214849414126124,0.002881219040231522
0.009609505529814207,0.0030578436656913234
0.0065944206763104,0.0036923675230107773
0.006513323805979994,0.0009737445371019587
0.007215587387275514,0.004731954021795333
0.005836354551895764,0.0036402388939040155
0.005473873440731969,0.0010804226945443796
0.009469490966834374,0.0013578606864132975
0.0052057018737675965,0.0013015202282432659
0.0021381434463453985,0.002182995145100515
0.006925532923361856,0.0024655748964025753
0.0062915240783523955,0.005253344635103616
0.008273337092593872,0.0029412255887455154
0.0067035933079609466,0.0017922890032939795
0.008520386083625677,0.002942496219770242
0.006268995836698196,0.0032883829337067867
0.004992347643387184,0.006445994140279778
0.0032735731094115416,0.0055622513878584474
0.0069156244272280225,0.004031877538749766
0.006026602991879555,0.0027265506798788038
0.009910379366935193,0.0025205985700418668
0.008672258681207782,0.006280437041439492
0.009025747584595279,0.0026291724838908336
0.010581914237034336,0.005031947662739018
0.007417224533168951,0.001921014543154762
0.00625373048128721,0.00162406750127713
0.007841070415406659,-0.0006520318393641901
0.006591098665761575,0.0023995173557017167
0.008904234961545285,0.0012576955989100592
0.00774626710254701,0.0016820409978282594
0.009063859307012812,0.003930773167423309
0.006640697619944725,0.0003353344264635707
0.0059347438463483405,0.005504074657489051
-0.0008456261235985094,0.006115071654997807
0.007075501566873616,0.0013268862281817003
0.0066494945964836166,0.0065408010842795215
0.007404059268304052,0.0005533540697236963
0.008077284662755108,0.0013202769706092887
0.003870450370206847,0.005859680656170343
0.007213355003636375,0.0014181132846341456
0.0077538245839124526,0.0013191731740323331
0.0072390022486195135,0.006251124872430857
0.008650154952495813,0.002121113484596541
0.007585410628645652,0.0024864533423290458
0.009610066990079859,0.0017829160250909222
0.006814259628220423,0.00047234050029342986
0.006213576540355329,0.006609354576519654
0.006064960208399098,0.004582178301956541
0.005848222433496855,0.0024283520245908536
0.006757017305207694,0.0022751583514872067
0.004608914831850696,0.00042937062965098076
0.00834529502246007,0.0025996444622010863
0.003750757877550937,0.00643928819926814
0.004097486882028158,0.0034917107056931344
0.010026261252777613,0.0016204770112320651
0.008750218984881656,0.001652558728515322
0.004828355878771142,0.001967320319845634
0.0053888186387131545,0.0024300038299765294
0.007997564753406738,0.001487586204806218
0.009050838222349608,0.002405312709275218
0.006630856368039979,0.0030043421583770937
0.006713966455090203,0.0019166242218634777
0.006916089390600727,0.0016404799209607645
0.008626722645312293,0.003425558122936952
0.0008480502555760243,0.006086056944014735
0.009273989654814404,0.0017560260464840813
0.009140384474845978,0.005930402244686623
0.009792573727924133,0.0013879039473270764
0.007131924116315404,0.0037088109765803555
0.00930679536980399,0.0021160727261185655
0.011293106989709964,0.0033234357354068877
0.002703207501173161,0.0004951024519942778
0.007525040780354568,0.001657463512065316
0.005572052559726533,0.0042687240156693545
0.007710001127913164,0.0013447437622978956
0.00945198663893713,0.0013082220838116915
0.006590973431042216,0.003598448038043
0.006187787591660375,0.004527592000691579
0.006796430028438906,0.0019631413134267254
0.00786194416970348,0.0013906014100206693
0.005323904022180301,0.0028885361642708085
0.010369528417243475,0.0041403956212191055
0.009932273656506611,0.001680561807525737
0.006833546373398541,0.00633910427756652
0.006550617375082741,0.0014950863745196545
0.006588349437835709,0.002709251309352966
0.0068881522467055135,0.0021430272394855577
0.006211042887007485,0.0011768917393321834
0.00877042521805548,0.002075873259467372
0.007204428010719667,7.721070688291795e-05
0.00897194624855555,0.0022754239505800465
0.005238648419379049,0.0024843588698075965
0.006593105540189385,0.005449381154464033
0.005930554555824235,0.00048335064598082657
0.008273018877650681,0.004454197205928382
0.006056351687155788,0.0016087465267458417
0.006405039838329933,0.001745320630550093
0.007741388937067449,0.0015194304784962526
0.00639062602822532,0.0024869014598632166
0.006726124694286698,0.00394120368535948
0.011199915075933535,0.008442121603516784
0.006993548642762424,0.0012084809207583164
0.006580321716854138,0.001669799722159122
0.0032896517243577754,0.005916722937787865
0.005428975185028345,0.0014550758283204375
0.007295644093795988,0.0009708334805106434
0.006834093550062791,0.0020376305262738027
0.00973075458931015,0.0014781353334902608
0.010116091302539182,0.0014493259435991186
0.004520250881362441,0.00605458131244789
0.008088554635081083,0.0012315791703529332
0.006488808778640831,5.518889877995439e-06
0.008653218280864478,0.0006423723801401863
0.009200863962326312,0.0014875278623023612
0.002668622848650664,0.006235071692908033
0.009575158132280735,0.0014891927080934045
0.006432825184887928,0.0048031189668804935
0.008403201483183957,0.0023716658756122427
0.0032134264825181575,0.005344877610201535
0.010710368957347737,0.005002749776348591
0.005732723161677529,0.0010816750834600417
0.007498439369429888,0.001177265326906097
0.006474474643304025,0.0019288071967757704
0.009111816179487437,0.0022633512669047876
0.009692319454558875,0.0018909029818276251
0.00992398565204626,0.0014541452443628273
0.0073286035458233565,0.0018742217167388954
0.007625083453809603,-0.0009686557505810562
0.007900128606714163,0.008522451098126315
0.0038288356670345535,0.006608850497826103
0.004862636726913759,0.0014382497639646398
0.009402201271326517,0.0022240611990844827
0.007544191588459164,0.0020535479501226335
0.005478344072764497,0.002203574676169608
0.008317539340478006,0.006047382733248155
0.006452623363769543,0.005051615695713952
0.009472382437513594,0.002605487296962225
0.008862103388708353,0.0027175791020784164
0.00820840955338489,0.000869724944814511
0.007241369524389765,0.001854313193252041
0.0049013205725214355,0.004437263354461818
0.0045951154586439235,0.005500235438843546
0.007824396819100687,0.002365643625356852
0.008907685879001894,0.002174780521231711
0.007888189239698199,0.0017665844233031277
0.009723583113280069,0.011493277080818527
0.007493848702559416,0.0029212981615297034
0.005774492444053021,0.0035626414409464825
0.002479501174815814,0.004610839171199301
0.005617285452057643,0.0030065078420913743
0.008840297132743955,0.0012877364084289897
0.00882686508964171,0.0017231623316096645
0.00789088441910972,0.0026729453714016
0.010877880660334264,0.004449554402811048
0.006965933635015615,0.003182394709968269
0.005045156005398348,0.0024354738362963877
0.0015339667933728582,0.012723348266375747
0.007950872239276336,0.0019459898232390225
0.0036288247126528995,0.006932057589616911
0.0076832617730591656,0.0015208870336312968
0.006368383125276889,0.0020607251367827034
0.004176773288171979,0.005776075131384242
0.007130269276460048,0.001996288689002596
0.0042637561474565735,0.006000252561947167
0.007650399492919844,0.0028618924863910112
0.007085162778458326,0.003215093964525805
0.0036642807168098743,0.005866722484265074
0.006003378577954608,0.0034218557772196876
0.005943192799717828,-0.00032455108121884693
0.004830820368838448,0.005703480600800381
0.009311932782189534,0.009215300313330246
0.004727430430236714,-4.209734641032192e-05
0.009622714754252762,0.0025119240617864263
0.008574352041779254,0.001482267049110651
0.00598431540184418,0.00183358298364426
0.004182973279240016,0.006656158847219285
0.009301564811089295,0.0017609866911974812
0.004379092078582733,0.006860049429248984
0.008922202301531117,0.0018856536572003316
0.004546604178422494,0.0035986994372936123
0.00716381194534582,0.0026085864388547663
0.007093060666221612,0.005237990714485371
0.009305921752142817,0.003327262508561985
0.005026564496186979,0.004919955080363074
0.005740741102048537,0.0044128467017312475
0.009810078055821379,0.0014375425499286842
0.006945479199625469,0.0017252253827644611
0.00515248721043832,-0.0006592082577082103
0.0067141759651277565,0.005029305142118473
0.007005442044061758,0.0030770324999708815
0.006017733657463392,0.002790498461689165
0.0054458232973740705,0.005597773709007615
0.007868251861059734,0.0017099051268462473
0.002814221176186813,0.00024046517974361022
0.008977340009468565,0.005463083798588303
0.00793215958143362,0.0021147600441409013
0.00581638357713019,0.002224527924840693
0.006841551017272561,0.0021486097762722003
0.008203563648166018,0.0038723855081227295
0.0035479876173653236,0.0011337981944733897
0.005981358148766922,0.0051870240079692756
0.009390763515035414,0.0037765286128703876
0.008543817446522873,0.002808069903708717
0.007214688436456577,0.005567056123503962
0.005974260755303438,-0.0006656727789051886
0.005075735593714064,0.005059258753632034
0.007664292625174534,0.0021692824916787314
0.004169823850806434,-0.0005953567125988419
0.010292169799478218,0.00448179820185984
0.005339861416986443,0.0042643090779232
0.006330414624206158,0.002130729703313337
0.006420362452929242,0.0005911309142153428
0.0067867053134373296,0.0031716766877919007
0.0065413160640676385,0.005234289255426402
0.008650154952495813,0.002121113484596541
0.007982888322153978,0.0031106651846270076
0.009057419166869168,0.0022436268640504756
0.0023121405224226536,0.004151370595292886
0.00866376121182174,0.0017965814213638147
0.005584502097600773,0.004254030138892919
0.007337148012487927,0.002779162941253855
0.0057091315140743865,-0.0002422594798645386
0.00725327469468314,0.0017864345425879446
0.007102375293256375,0.0016822335910970064
0.009704673738482189,0.0023771708509899387
0.007290957008575541,0.002048364715376845
0.01228129983115626,0.008094632143238098
0.004314840852293041,0.0031971940125846377
0.003654871614809276,0.006511133966518443
0.006234558733764633,0.0012008965565013215
0.00552348288636167,0.0013821444193224761
0.0037610720967368675,0.005330525444046389
0.005236138976472265,0.005388481186551076
0.004111744820430434,0.006622090514723783
0.003722672210809958,-0.0021344382151419787
0.006396032019840907,0.0030099847448503796
0.0031580317819272377,0.0050776825772056175
0.006143161986971017,0.004540239189292069
0.007277710551485926,0.0028161697037356274
0.00785611161777372,0.0014165824055054725
0.009254509415061033,0.001961127293060503
0.0047039327241591425,0.0059878675132304235
0.00812837199349152,0.0026956528206801625
0.0008152641104104807,-0.0010074524868051203
0.009577697422426847,0.0017919179378911368
0.00821328529657699,0.003015218832780318
0.007032234724996874,0.0019587271888979324
0.005056910934171967,0.006652543000526912
0.006125788292683102,0.0024326868752349694
0.007353104786302429,0.0010644953725900469
0.007214688436456577,0.005567056123503962
0.0073966179866059665,0.0018419192142956646
0.008339565097041493,0.0028585145918060603
0.004872427157876908,0.005385719502390146
0.0067265613313360305,0.0003782404901983283
0.00396209389281456,0.0025206887164932294
0.007859909163604215,0.0004431054572903558
0.004692621962371424,0.0048489779374615806
0.009250069280359145,0.0015161429259477341
0.009396511192033805,0.0013836137087922052
0.0059886803719529196,0.004377056881542345
0.009055040807506552,0.0020570418631331135
0.0030770374053745017,0.0072338415610602854
0.0076809194307187155,0.0045598010302653315
0.008715181164096615,0.0025401765668784503
0.005158828059120748,0.003680084008947134
0.009389766976019193,0.001960168461801258
0.006494497532494891,0.0015006698423597389
0.007767449642612006,0.0012123392861115726
0.006488808778640831,5.518889877995439e-06
0.006304065285876952,0.001784639454154028
0.0043187963655850125,0.002968838139936308
0.00471787726002253,0.007926241585397165
0.0031580317819272377,0.0050776825772056175
0.0067923661315637904,0.002562707123820434
0.007567182548287022,0.0022225129709271202
0.004891149791667054,0.003623975853005102
0.009194429142724891,0.0028140780952395144
0.00677907338114584,0.003122584537521545
0.007719390155064832,0.0012058588052750417
0.003989373514105856,0.007477600124101131
0.008731208275995293,0.0015758916884754401
0.0071077234494708996,0.0007693996520852855
0.00706191461541833,0.0014859358664796084
0.007555113056447952,0.0014194061151184675
0.005151543732936412,0.0019256003302698674
0.004316204975993034,0.005192902162309957
0.00843150569393759,0.0009953167865139898
0.007369768583786428,0.0032903193253984615
0.006172521516666687,0.0013419773381624393
0.008857879644651564,0.002618530123071977
0.00659877453105729,0.0020206919210884345
0.006566917182520952,0.0023723490825245074
0.008991565151021395,0.0018935811469847803
0.010461917927595203,0.005586329955162009
0.0054287888451645585,0.0047607815974725805
0.007133986967548616,0.003672548541894558
0.007509756170983061,0.004115443194237096
0.004960739540334484,0.0031533514104252246
0.007590411263293406,0.001559423773122342
0.00818954418362611,0.0025097756862112923
0.004471591329187358,0.005676154636042071
0.007688639367625262,0.00034915507216987107
0.007282882873982828,0.0016256364585524614
0.007278482668379389,0.002035055919827258
0.00940957114932459,0.0016470428586482086
0.010539303430830115,0.005096539425326249
0.0050050906467980685,0.00274287250585002
0.009552423136789523,0.0015077556981997484
0.006642983470312403,0.002662706982358172
0.0049666465521564776,0.004134552815390764
0.006161034377756281,0.0015164769635466124
0.009315437155631802,0.0014095299991889144
0.009458244154906795,0.0027055181603835993
0.0077079639805805854,0.0017785898021024857
0.007052824617738349,0.006725605725170142
0.006877254935468509,0.0021599275564258965
0.006674621420160868,0.002427107844971973
0.0062411960707901394,0.001981624944491423
0.008317074119239171,0.002606738555581756
0.006147080839595916,0.0006679222401896091
0.0021219407342832827,-0.000489382645919161
0.007117357823304728,0.0029917366435469
0.004471022426602111,0.0068789724325933905
0.0062073625140375115,0.0028674890602040258
0.0063215272035708325,0.002235644728326878
-0.0029569418972444188,-0.004152135236780853
0.005365893435058635,0.012679907083404869
0.005126506969577018,-0.0004625749116758081
0.009547625549708129,0.002291117053195884
0.005026470263569973,0.0064683722923279344
0.0031496087500782173,0.005089607415617423
0.0037553869915500854,0.00728273102660311
0.007502924121128366,0.001874252106371579
0.007672131423754698,0.0016204394435353538
0.009731162078096059,0.0037496805531851167
0.00361200874595041,0.008158847622896537
0.005852716506708592,0.0036759037313333224
0.007910750367804061,0.002277525699038188
0.009402753490946167,0.0017056456119602338
0.005549727838030666,0.002426888925176959
0.005823372801005597,0.004896210799017113
0.006810737885712674,0.004126182886347984
0.007093635638270706,0.002932912893158458
0.008018556736369841,0.002328979864552065
0.007236151971133905,0.0020596957944109835
0.005263423761168978,0.002011823168157236
0.008367795189184336,0.0035724664083285358
0.004671636744685355,0.007167584177051456
0.009211503551699099,0.0022736030659093803
0.007386987704854209,9.41653064281036e-05
0.009059471974548303,0.002020661387080197
0.002440657718594885,0.015042114390804886
0.007855167129003377,0.0011446794400973327
0.006277663727358945,0.0059084829729208165
0.0034779329819245863,0.0061997665954304955
0.008014432632142202,0.0019767311905833605
0.007527027460234469,0.0024679930803688304
0.006593817735389154,0.00660461815399448
0.009936135526321686,0.0033846768290574083
0.007839964707949398,0.0024486929860810455
0.007076515725098644,0.003828397332381563
0.006674752074143174,0.0015860834967736173
0.006123891547611716,-0.0007285263455210026
0.006366584278162241,0.004588195911633126
0.006061500908532234,0.0022110287161872773
0.006296216257114937,0.00668865543461648
0.00703782113521184,0.0018869415438899657
0.006864504716235973,0.0020957583115468054
0.005801452052511437,0.003458736266511455
0.010053889531211443,0.0013761144096379628
0.009163121525318434,0.0021630354233145594
0.0094755557250824,0.0027103336434228364
0.005267511220602606,0.0018528682987111952
0.005261371855680929,0.0028341098680466055
0.007848981556159554,0.0019098996180432135
0.006430409559441252,0.0035498171796426743
0.004063269078777733,0.005375321919031868
0.007005111998318386,0.0015286922960515113
0.005806135188411471,0.0038007483980521325
0.009646703302315408,0.0014751458060370528
0.004966730719896271,0.0021090622811261337
0.008584893304950705,0.0009842071985718508
0.007370966925305554,0.002152913943452096
0.007493848702559416,0.0029212981615297034
0.006581196068102108,0.0026355353859900225
0.006665757136627426,0.0013219128644079443
0.005050149882682777,0.0028382597576826563
0.005587784138190052,0.004504616311073326
0.007208908532959765,0.0025517144671743375
0.008323304686440242,0.0030779264249469343
0.00923200864468754,0.002129012757826864
0.007646700323532932,0.0014999939270138362
0.008708633829039431,0.0017490920653852066
0.009024536034045912,0.003707197952705495
0.006615804868423021,0.0004902073555509302
0.006365944492205174,0.004556926780052867
0.006885194657137336,0.0018884913689647528
0.008858831780923424,0.0025227148795599107
0.004621306813488774,0.008055258695303154
0.007204683095236376,-0.00034778025322604843
0.0024181299756691086,-0.002166992826803966
0.007142279503318591,0.0007526452272537155
0.008893019588395414,0.003921432923425748
0.0042161705986816945,0.008317510602064189
0.0072572892158714875,0.006933077722328849
0.009110680044849273,0.0018547751100745982
0.005574409418901231,0.0016004403253704778
0.004502559590082756,0.0026245550314651237
0.008687668409396079,0.0015851750676605806
0.0076983733900219216,0.0019200910430876017
0.004960739540334484,0.0031533514104252246
0.00822038922298918,0.0020046666905491556
0.006939854690664782,0.002026469132150042
0.009038037369533625,0.0022040163279314134
0.004960739540334484,0.0031533514104252246
0.008235200502924606,0.0021686519223418858
0.0022260101746276887,0.011557289373421726
0.007089716454714593,0.004488911916043292
0.009588399946148959,0.0013826340923724168
0.007358829908062067,0.002826872977356994
0.004838461422197163,0.0054524318469062905
0.00633586560763179,0.0066451884898602945
0.009329486408720231,0.0015347432902428591
0.004176773288171979,0.005776075131384242
0.008224704458413664,0.004278886762171082
0.006405611216502006,0.0017882903769268835
0.003959472923480153,0.005739160467938475
0.0073025359968915135,0.0018763663864496127
0.007403398977120831,0.0019230051418959947
0.007020610797731213,0.0022782689327583124
0.00916460624423405,0.0013940541216111383
0.00280478058921248,0.005455208123865273
0.009015386958921793,0.0026176603377809984
0.007393687413324201,0.0033236510092417085
0.00702585586846576,0.0018109451224253559
0.007883839813902425,0.003370159679656616
-9.854427770088995e-05,0.008067675510491585
0.005945093969740061,0.002328074118140065
0.008481225119649612,0.0021327670348145807
0.0005772684846829879,0.002168587804566185
0.006000544256829679,-0.00030517645005452045
0.006552229105315978,0.0031764596604854874
0.007573700282564712,0.0016231020240517514
0.0076187691462648,0.001741512175672622
0.006983852312604599,0.004745012134720289
0.006667201169481973,-0.0002849865885629563
0.005696157905919581,0.003926072576493281
0.007672996910338256,0.0014189376580175453
0.007875007360013779,0.002258893737610468
0.006166349678767076,0.0026133254559251385
0.007801432522472342,0.0019995776960656294
0.006968586600791489,0.003625250716154763
0.0012914522566387196,0.006212894010923658
0.0057712643347723955,0.0023399511113208534
0.008001678705747615,0.0012072305524928693
0.0072416230016908965,0.004749921347392818
0.007646886970506697,0.0013753803122398163
0.0075398851195894205,0.002242539491160756
0.008523466226915464,0.0028391779887988623
0.00665101099658078,0.0021477811100727006
0.007657570936383516,0.0025665884913877307
0.00762697621862801,0.00159744997779546
0.00648220741632473,0.004359140166994943
0.007702513361357544,0.001519718628418855
0.005668515451002207,0.003786588406531301
0.008287288061651195,0.0030874905958440937
0.0038428023314541295,0.0057776191701875805
0.007845702339513608,0.0034628398256558867
0.006406935687053912,0.004217273085122134
0.006325103018656042,0.0024038814628122712
0.005199260355666193,0.003632210990301591
0.008962382159205338,0.0013197766725206875
0.00885213687403931,0.002117101252613267
0.009359565863429772,0.004057339054181263
0.0056751617360861865,0.0021885218892033
0.007628454533104851,0.0016886509770555214
0.0032481934459338653,0.010046732825233589
0.009101504237362786,0.0028793976165490407
0.0012377499180868307,0.004018646539073554
0.008654867747472279,0.002436697248569467
0.009203423148185074,0.0010707789741950385
0.007944113010658685,0.002113634773326843
0.008933115115765337,0.005145131680779141
0.004977851556586088,0.001984575445103335
0.0075680033660713835,0.001374370131435024
0.003979188178856655,0.006311432989115176
0.0050286015184760665,0.004681870743830911
0.006224169040858487,0.0018935738903469394
0.006926214658337469,0.00153135372018251
0.008501806033116599,0.0014393272708680196
0.007184623085362918,0.0017050407016936074
0.012065752756815047,0.00940765760064783
0.008136082088350715,0.001738426097098257
0.009854327809744025,0.0013380267310063951
0.004547803340321179,-0.0004911932444780906
0.009668807216454137,0.0018006914549037285
0.006146827619283556,0.0017056540968673917
0.0026654007595556433,0.00504627452425756
0.005823372801005597,0.004896210799017113
0.003996048190478423,0.002196733288923702
0.007493848702559416,0.0029212981615297034
0.005626648763384144,0.002586982641484766
0.008000357530568354,0.003332687240050312
0.010229810946576538,0.005110177118579659
0.006999470878362403,0.0021306179196187453
0.004522898958973299,0.007629087601557283
0.005245917997061095,0.0017134829228048227
0.005834980685947697,0.0014540216540316472
0.00860870508836583,0.0023588265128742184
0.007241973638315415,0.0020358002905164615
0.0016987992151220304,-0.00027805978221280645
0.00685035728715749,0.002028374241510939
0.00673207831735074,0.007574680986022887
0.003593415425662462,0.008087047058696971
0.006885090765927485,0.0013393362096711988
0.007011320707018596,0.004854468555654504
0.00920012589945813,0.0020792206058213285
0.006013601091290683,0.003644492268460476
0.009554333488130774,0.0035954707877304416
0.0060950010874776805,0.003643118141371011
0.006855951541996775,0.005853895567910283
0.006295421414859125,0.005330838674692482
0.005572052559726533,0.0042687240156693545
0.005406807550410717,0.0039871012876051565
0.004410171101140557,0.008023422367620284
0.009110731954163193,0.00207676385512971
0.004513610686050421,0.006048105667212013
0.00594513252079227,0.0025596543494319545
0.010495717650119096,0.005496600624204065
0.0057584947133902074,-0.0005181035488074758
0.009991077739290026,0.012857111781449201
0.006828706032845377,0.003594630249784317
0.007845806781974503,0.0029323172821583586
0.012215335642322567,0.0083479417930818
0.00930619793484629,0.0014600083649746525
0.006940422982276251,0.0039797437599812255
0.004314840852293041,0.0031971940125846377
0.00974338474105458,0.004160748748730638
0.009251576608914706,0.0029550771878128056
0.006854638343430907,0.0008825964604339421
0.008541197715264046,0.002818335926947152
0.003936745182202208,0.002897134833716824
0.005840437699914364,0.0018210325738996919
0.007541471756019346,0.002987666927884305
0.008598660094701331,0.003921616168103812
0.005503665412402556,0.0013933698661424774
0.0011222075614816121,0.009506234055516531
0.009100064120791907,0.009425363414574036
0.00899630936194663,0.0018194703439228426
0.012921563416802022,0.007038406747835731
0.0039060706323304144,0.007142286694631447
0.0043551500613883375,0.004903990301144478
0.008566754732986365,0.0010031851988002707
0.0085294932998097,0.0028700359186056333
0.00828161297751506,0.001044975946387746
0.009752358618725691,0.002930316838524987
0.005449899541203375,0.003082728614601087
0.00812182971411729,0.0024917429947764616
0.005092484476908528,0.00228347352377123
0.007853492438577983,0.0014121540150899827
0.005833539753321876,0.0019264758353165854
0.0058093588307435145,0.004154660268445928
0.007085162778458326,0.003215093964525805
0.007147204245287403,0.002188348691165712
0.009625857314196087,0.004425613434121257
0.009769425345810113,0.0014376635070158135
0.00660669936635966,-0.00025532426797363235
0.009182966313919436,0.0012868934410188385
0.007179891052072526,8.488387986163581e-05
0.00843012157274527,0.001436891235452785
0.006414818640134901,0.001239792328961811
0.008573195905354578,0.003532278360239046
0.00799336422140563,0.003220175110559208
0.008642432270515754,0.0024475245803392935
0.008282026660000757,0.005079915897880286
0.008234772049013647,0.0025318246151577435
0.012121205237009613,0.004244854267722725
0.006091862008985439,0.004501632166399911
0.005788987719343852,0.0036242169379215733
0.006098515714159783,0.002075353597562804
0.007720705504688502,0.002509093268505465
0.005897755147009382,0.0026376290471225488
0.00758569827972712,0.0026677179927357777
0.008696686883275462,0.0015481031803732202
0.004359356710357327,0.005535095865194819
0.0044477731467998174,0.0028466411228563714
0.005415362344877828,0.005301198967903729
0.007383058736012282,0.01095939654019778
0.009109557584612953,0.0021651631530081776
0.0010778392468014618,-0.0017771378094667035
0.009670117373529154,0.0016609747331008898
0.009560326453353456,0.0022421694368415903
0.004682376821316229,0.00359331483580357
0.005387195081154506,0.004748834117453873
0.009973066659450844,0.0013696709651760553
0.008910213432713178,0.0022712769960498242
0.008763251761049766,0.00356310028172418
0.007893384164641203,0.0025073084651997335
0.008126873637216741,0.0008634349152297502
0.007362287431678919,0.00343670362513806
0.0076543359137789,0.00013389959886698707
0.009120506517910309,0.0028970798174243985
0.009177227137756296,0.002190175414041107
0.007782824112866695,0.005401431582810441
0.004177936110855197,0.0066749235897875184
0.007431324718886943,0.0021953157142754645
0.007136509858748462,0.00024551460464458143
0.00951618128816486,0.0015420427461120675
0.008457440797135549,0.0021310804433515174
0.009565193001556933,0.0021816423303640062
0.009120396261881814,0.0020861699053785427
0.00564764282927476,0.0027409544136624024
0.006359022114901467,0.0017713540373881032
0.010350108172199616,0.005660030008913041
0.006725001832757075,0.0008688525250549091
0.008104668546576647,0.0019649596808215116
0.006676845268986379,0.00010947123163075612
0.007707601813534037,0.001782122328002832
0.0056042551060221935,0.0012012498169400605
0.005768383836228791,0.005292742443306735
0.009526198174821216,0.001309422558411261
0.008160941190528048,0.0028314620885578866
0.004423874657427598,0.005330604686892837
0.00754862330539465,0.0028576109127706247
0.004464617932379186,0.007643586597228421
0.007742333057477926,0.001650475517275804
0.008449174857288383,0.002867674873501593
0.01066634819827557,0.0038981930924901816
0.00978635233965323,0.001451922357806854
0.00909114127179694,0.0008601124768824195
0.009003714861791046,0.0012325848432056235
0.0080038792534694,0.00271918517971803
0.004435523740093017,0.0045120975845233825
0.0038558982318184403,0.003085679949177856
0.009314350350137961,0.0018337668475386223
0.009381433625960153,0.0018557219301932023
0.005331789794183057,0.0020009691832125866
0.005207580260035915,0.006402054796092168
0.006996794241686338,0.0015121853973928696
0.0010744268273179423,0.006924439192664948
-0.00025395617456345967,0.0021182585026504426
0.006382439205212516,0.004166482546199545
0.006532576542056908,0.00020018594850700414
0.009764463127555748,0.0031495656388828243
0.006506634923165176,0.0017497033685410475
0.004789563233313379,0.0004949852640347054
0.005538573243198556,0.0017327079492471548
0.007121337009861798,0.0018523003246971748
0.005426430332767559,0.0038966433112519626
0.006044816332491328,-0.0008727860531964372
0.00884715175512509,0.0024993578177507783
0.002361437593677902,0.007731950545650426
0.00869072247564313,0.001508401901786748
0.008521177870273382,0.003911643023267281
0.008490700270496475,0.003286209796784125
0.008925311030190243,0.0027611159920669214
0.007980558165540616,0.003152696633513981
0.006344759273068319,0.0022562693217750163
0.004712894618010048,0.004457577086557845
0.006048496863950044,0.002331832750971796
0.009492523901142429,0.0025924353346430595
0.006098878111597941,0.0003722055115171971
0.009218114673412093,0.002291466088825877
-0.00035558537515000595,-2.676263005789957e-06
0.006786488241350512,0.0022593239801259653
0.007923899543056463,0.002592162120778665
0.0080038792534694,0.00271918517971803
0.006250840832815506,0.005163425664358217
0.006878508687242386,0.0032891843859391215
0.005946078956969381,0.0026161077504901226
0.006080945956834236,0.003988945884867184
0.009956279655238601,0.0019476064462221436
0.009571308837946116,0.00239305918121831
0.0005670747839604182,-0.0010630640826337964
0.004342809861421316,0.0033301377880723413
0.0037215272308548843,0.006401635662613576
0.002840992627361854,0.004496037165307927
0.006142332118781325,0.002196073381435174
0.003831874617249934,0.00210007308326802
0.010071256798460148,0.002197182218849951
0.008947497679416536,0.0022286310341894785
0.006445092120372565,0.0010832204683310894
0.0032603110073127156,0.006232688058982195
0.009011505628885412,0.0035084724438949905
0.008328743286019853,0.006113056212949461
0.009565781583181977,0.0023915427440690624
0.007886301299396811,0.0019349422651763846
0.008712514408039542,0.0015843514328930143
0.0013059667304696964,0.003075797364694402
0.00987562895757381,0.0017776004313853075
0.0032411561701691273,0.002238775167722298
0.004728020123179239,0.00528072639087524
0.007870338122111988,0.0024866827083456448
0.006576292822718299,0.0009439664938731282
0.006821798386126035,0.00011391196745926067
0.0012197178094942099,0.007050321368894776
0.002384909731060941,0.0007007365454261933
0.008090681230755698,0.004281683290410826
0.009310223623345843,0.001618214414284288
0.0054291469168981045,0.0048986064684002515
0.004511792219676342,0.00675469400372641
0.008772940759234012,0.002909148716640033
0.005056910934171967,0.006652543000526912
0.00923981371213628,0.0019259154122011615
0.006446236690803285,0.007206441175283509
0.008692843558060472,0.001977652556066219
0.007474544852485245,0.0006760610506535529
0.006610704454245756,0.0008569084152253862
0.005165307510545311,0.002723111305792613
0.004001628743187997,0.006978556930872003
0.009205461729496583,0.0034900454257353443
0.006652163581253412,0.00201981641112667
0.0031561085627779192,0.005959220612747116
0.006653009570979575,0.00516927178471012
0.0024741816670135084,0.001409647115908204
0.008427825383389298,0.002318627043581007
0.005028984540181316,0.0028139539254667502
0.008405414804236816,0.001336786280990568
0.008770722761314746,0.0036172094503081655
0.009711087512721768,0.0034515578558662434
0.0037904869569795347,0.006521771288010963
0.00351424158224861,0.00784536537499374
0.007078675086318632,0.0018170313163224658
0.006942346265708425,0.001996007058647725
0.005339861416986443,0.0042643090779232
0.006977200533733149,0.0014931921358244133
0.007429034068689431,0.004910993705421834
0.007082077855129122,0.0006932560513241218
0.00648173079187064,0.0014679357291553308
0.004314840852293041,0.0031971940125846377
0.009711648673445773,0.0014580346904174944
0.0008480502555760243,0.006086056944014735
0.0037475637681041642,0.00658881019510099
0.005231367116585694,0.0037681856603923774
0.009153560828725621,0.002053538015659632
0.003155536586718001,0.004748138345951233
0.00939509890373505,0.0026466717071220005
0.0078008823321271195,0.0005070158407280648
0.004194755705035482,0.004796347495200634
0.005537579510483447,0.0025804705236369607
0.010071204431573673,0.00580187649356544
0.009664705052431295,0.003573672072118628
0.003913551003671002,0.006644316254638162
0.005695642239807702,-0.00036825458651621075
0.008278345601203108,0.0013444783644552616
0.009930640712568667,0.0018232561611002656
0.010210544520007542,0.011054867048267698
0.006779789674032042,0.003273654902955982
0.00989866185368602,0.0015857019407902566
0.008646896600102934,0.00581590816166111
0.006069610117989961,0.0058494176174555285
0.010069099822080946,0.004484541815639576
0.003832270591773491,0.00783381410772438
0.005339861416986443,0.0042643090779232
0.002766717447762918,0.005688936724991726
0.006493813517225609,0.002940358905126509
0.009784831178259304,0.00452982835765389
0.009273191730745063,0.004339995841036656
0.007348364125188445,0.002383921889034288
-0.0009732810929018012,0.0021614244070163715
0.006957213086623823,0.0009289576109912795
0.00936308001887142,0.0018839727285860277
0.008550007013931141,0.002867203599426025
0.00642159286890816,0.005100707304730214
0.007861327039248411,0.0045201293942178
0.01171057600840943,0.007926054418755598
0.007267390597907568,0.001864297798665559
0.00891077866940599,0.002351675035182619
0.008416773187051654,0.001656353207472868
0.013498570206959059,0.003887414284457687
0.006846190466404546,0.004710778191772001
0.009454261643118328,0.0023575288074651453
0.008829105174198477,0.0018611399200948175
0.002850042556839978,0.005159398156166841
0.004961672673615475,0.001904148450420991
0.004423874657427598,0.005330604686892837
0.005140770735911487,0.0065363268455511814
0.006737801708548345,0.001979523842872818
0.009108396982291055,0.0014840096411785249
0.006330175645718813,0.0029833972145459804
0.009196828383345637,0.003880841212469924
-0.0022084225246766015,-0.0013158089394460651
0.004578497565734829,0.0030255830006810187
0.008679772684350159,0.006203086390342477
0.006011508515663044,0.001061314368517063
0.007926534068545488,0.0013645122364624894
0.008864993628432138,0.001521580368978626
0.007737878677898579,0.0020593594018534457
0.005357592695173599,0.005182570337029112
0.008842696457603005,0.003313337962330157
0.0028104916140623453,0.004744359261156306
0.007099199244037625,0.0021947265515088205
0.006272309191887097,1.414858691531698e-05
0.0031618196004392874,-0.0027788388578836453
0.008754744083228013,0.0031683007735294174
0.004999147706494457,0.003210767818584774
0.0047162499302745575,0.00617578416680532
0.009124430537429926,0.0022646596304956848
0.008953178891727741,0.001098564892034859
0.006015213627069406,0.0028912906627921375
0.007595967020414736,0.0033031971257878358
0.008964161185685108,0.0008651188096583011
0.008591997048355577,0.0037694688740480403
0.004439012616856106,0.002804967988405572
0.008497524273250222,0.0018403109778378675
0.007510250265552905,0.0013093799866978027
0.005769469224629743,0.0027505998037291378
0.000832611497001555,0.003967910706750823
0.007225124185678036,0.0025283125164618963
0.0068581856075971585,0.0019917585103618853
0.006825292907245351,0.002031097971580571
0.007736265519309536,0.0027445792784674657
-0.0001233284812496207,0.003480184323303986
0.0027766963144136188,0.009840163801393796
0.006396032019840907,0.0030099847448503796
0.0038906337572472156,-0.000816561728820657
0.009610066990079859,0.0017829160250909222
0.0076666465811946385,0.0041905431231138105
0.006205822545602567,0.00384882601407775
0.007349311251589035,0.0014404420663991883
0.008603644148170365,0.0044298866697849194
0.007353163421972485,0.0016134016990495296
0.0080257415550167,0.0029286219997704966
0.009296737509236756,0.0011394976138709035
0.008855283795896009,0.0016466895768695398
0.009390950814653347,0.001363526052811921
0.006811214667001792,0.0015198701627439199
0.009513222896998814,0.0013172932676425485
0.007512546256512684,0.002383662094911398
0.005250408535782562,0.0024480430525450018
0.006829209778966249,0.0035901942873048506
0.008655277260247932,-0.0001869582342210194
0.009572531331842745,0.005293401334136029
0.009949942404597874,0.0018743483169251663
0.005551750680070832,0.003225682710092527
0.005293239336929262,0.005660528776864196
0.00700590416920484,0.005805756376176514
0.008411671790237007,0.0014785437139669963
0.008988149309759635,0.0021166895188046847
0.009364861613267661,0.001295035444734762
0.009894775942675401,0.00193202754630248
0.006864562754564295,0.003897949110164699
0.006820396076307136,0.0037214491451640066
0.007700216056201072,0.004181302488497177
0.007146463794034873,0.0011103439320366026
0.007881245356218782,0.0017706676704641643
0.010323389870552728,0.00411502380978241
0.008482617900935071,0.002649388370335866
0.007655861828899361,0.0014502984189137327
0.005206122786713496,0.004915434173855252
0.0076187691462648,0.001741512175672622
0.008821173829316053,0.0014107478288984364
0.006668760178098799,0.001944016716066521
0.00883977348936291,0.004428676410641251
0.007493848702559416,0.0029212981615297034
0.008879359051876673,0.0013573716134530857
0.005610313533752481,0.0019564187291007708
0.006960689253905937,0.0017705905739621806
0.008981296515023982,0.0016312033262175047
0.007997682343390138,0.0031836360441438076
0.007923995967662294,0.002053070038267141
0.005765426247189937,0.0026196758342771475
0.007272369657703028,0.0018305119341063183
0.006116168729982757,0.0045019082578607724
0.009719757773190375,0.0017399551406378343
0.005731572770280024,0.0043948609287828054
0.007314063446339124,0.0027374981524936693
0.00834792814280398,0.0015298919168183264
0.006265406633777218,0.001569126948388089
0.009097872479134107,0.0018580424286446101
0.008949488512469,0.0034114440056066805
0.010125693938322942,0.005385302048898135
0.007619602218277373,0.0015317288726871157
0.008712514408039542,0.0015843514328930143
0.009153122827989562,0.002369277390152456
0.008776814176359261,0.0047126702173619596
0.009010765199230216,0.003807517639185438
0.012064215262672158,0.0079632998255047
0.006250013050519266,0.000932063396445082
0.00868998067498446,0.0025468485966526413
0.003140126920745644,0.005684964103763218
0.009075674708552067,0.0021023230000757733
0.0031077732472430232,0.004879355362823706
0.00733047719822396,0.001535274220142012
0.0039906942857874375,0.006552150804300349
0.0072600118921596485,0.0028009789442441074
0.009429601667355141,0.0016276814122758165
0.006032030609456443,0.004936577294797769
0.00827694852316646,0.0019018314632108365
0.0044467526258490245,0.008115099260873459
0.004561708004631008,0.0034666983232926234
0.010243044603431721,0.0042888631517093954
0.006020381951461345,0.0018360780001248035
0.0047039327241591425,0.0059878675132304235
0.0076187691462648,0.001741512175672622
0.00863606932120458,0.004256378094857316
0.008575870834640443,0.004486887105278934
0.009105087440804367,0.0015924876551640559
0.000456511771011363,0.0028288383343805035
0.006615289371687708,0.0025495827880374486
0.009630273412766068,0.0019419869704360299
0.003967355080108972,0.006621764643780192
0.005409151921291802,0.002786869088159917
0.0008480849957698076,0.0033537898922018326
0.006842840829658297,0.002225558421753502
0.007713018507613413,0.0020710980648845443
0.008275241741589612,0.0032046050655774516
0.006166120105977481,0.0010612681944666916
0.007057469845616976,0.0018122610422734269
0.009233854659101755,0.0015695974280966413
0.008079869896205825,0.0018562923434584985
0.0018634306733395977,0.006361648200465151
0.006365944492205174,0.004556926780052867
0.007557911371087772,0.0034325541110391284
0.009721238415632192,0.00527577434038369
0.004343681093305354,0.006902432274677421
0.008267427329095368,0.0018601265974385276
0.0016829449051414223,-0.0002444287248711966
0.0074068929744967454,0.003967302268305786
0.00995666522982605,0.01260294988919249
0.0064926328083413,0.00495777984126803
0.004702647898397265,0.006135819982940794
0.007416458624421776,0.0033997714212020214
0.009973066659450844,0.0013696709651760553
0.0096182048010081,0.0030121295799922718
0.003173184754257828,0.0047457448673385106
0.006683875949735446,0.004676296851891593
0.005894426166475926,0.001640280169869739
0.002234343587020282,0.005664781665554091
0.005007711257889875,0.0031435230218312136
0.0032129255076111486,0.00549667417871938
0.005639584201898755,0.0011925869690311269
0.007761413267214318,0.0015543660568514018
0.006044816332491328,-0.0008727860531964372
0.005211364228742024,0.0026972694682849277
0.005782038769120059,0.0013429529551351512
0.009140936871035347,0.0014359943257623463
0.009080256337641803,0.005242368959023146
0.0023121405224226536,0.004151370595292886
0.009959722954661764,0.0021908463455997743
0.006938114836233638,0.0018770561215627566
0.007700643654317524,0.003633919471395972
0.007885261654602077,0.0016784629790219385
0.006269458716187861,-0.0007858689343370005
0.0071830747014951565,0.0020532160232052637
0.008304880425233948,0.0013724137177500532
0.008766781361466535,0.0024186068551485572
0.008344854208285794,0.0020515024302459398
0.0016313313867118897,0.006193021343791014
0.006519797226223514,0.00496601242127856
0.0065413160640676385,0.005234289255426402
0.009785780643852228,0.00374460008707328
0.004173208743798242,0.0025525853660199422
0.00916255517678614,0.0020352777851315113
0.009899234063076856,0.0018591881778593665
0.007273941019224716,0.002773338865622133
0.006878785304416481,0.003113959816210617
0.007046491088564267,0.0017688034222671112
0.005572052559726533,0.0042687240156693545
0.004271177312404483,0.005437648335121395
0.0076315003947408895,0.0012613591699689973
0.005104593987403749,0.0021650151561239837
0.006154430178727512,0.0018817029607791974
0.009977928625466898,0.001470097278582625
0.008534462621189256,0.003160504462500888
0.005858240217867445,0.0015499710501582654
0.007947816068916161,0.003350856988700514
0.006605891674264298,0.004071152506736692
0.009437978232046104,0.004943862754692787
0.005572094127486534,0.004480603018476297
0.008780976026715102,0.0015400691818991709
0.006182004002699773,0.0022706504384994103
0.0026661438568595323,0.005562373835697423
0.00572385572148903,0.0020415231382461168
0.0072899491999906425,0.000943257223348988
0.006755441366098145,0.0033793904748531684
0.0055219998700451155,0.000276372298951345
0.007300701393757463,0.0038481399591818845
0.009212022352167335,0.002048601589715356
0.00973075458931015,0.0014781353334902608
0.007483347851174596,-6.4462715737706455e-06
0.009711315577365338,0.004048225788516004
0.005517453512561951,0.003300007344129028
0.00933991862015529,0.0017627837762867653
0.0079863878311957,0.0013632959928380458
0.009849680948278303,0.0031217603049337687
0.007738538539711196,0.001740915306962308
0.01199040184488217,0.0025335751653071665
0.003487480326887096,0.007002759526472548
0.009073989444496174,0.002555538178463413
0.0025718207049987007,0.005450724591380479
0.00879641916530988,0.0017000665926333253
0.00628845901171173,-0.0006025461963220218
0.007756005118364192,0.002293718222447367
0.005821776360651279,0.001378344118135041
0.004235672146133038,0.006831261028586207
0.009814966282047755,0.005238198395859991
0.010075888667930168,0.0017720526446797875
0.00797858473251662,0.0031104896429203803
0.006650456417762674,0.0034301946998740434
0.0074493940702845506,0.005880900545392621
0.009447651665035483,0.0017415515162883108
0.0063908853427410775,0.0022103571865778457
0.009302068951579808,0.0014064842200566747
0.00735781823481699,0.005052709146659221
0.007617609523407008,0.0029267203635236377
0.008234772049013647,0.0025318246151577435
0.009025359602564483,0.002514021142735515
0.008750008135418336,0.002693176936144643
0.007224033560096024,0.0025577664390564183
0.004891620349018663,0.001928337431851313
0.0035762009137536915,0.0063187130088559655
0.009606539835676072,0.002044281937809679
0.00856512945685857,0.002746708023823238
0.004251694207849023,0.005541487270781862
0.007495330579335107,0.0033776803391158162
0.007945522579192909,0.0024321632309654093
0.006593105540189385,0.005449381154464033
0.007713776911197331,0.0020783248655283377
0.007254524884199997,0.0017086710557835186
0.008572828298186678,0.001465802654805782
0.009490493676886525,0.002641811324455249
0.002887387796879617,0.005752532253897173
0.00794673532156782,0.009350641317067422
0.006240742134915186,0.0011812697715097584
0.008364043943742426,0.0012640269514628388
0.002365147972598922,0.00410891749074956
0.005291916389044798,0.002840559022482119
0.006766199557561879,0.0006758849866051503
0.004410119797716267,0.012506599302960143
0.00864657604549975,0.0013152071860513944
0.00951618128816486,0.0015420427461120675
0.0071934197859578304,0.003625147743597265
0.008679898449633511,0.0032282864966589747
0.009010671192877287,0.002630313827412514
0.007983556774620638,0.0014544382722179554
0.00950004700800863,0.0021583008820790957
0.009279821268529772,0.002028096613873257
0.006157585079824364,0.004587504220312556
0.00987172344206528,0.004237767569606777
0.004560923849240924,0.0036602854518505545
0.00957542466832655,0.001390504801603707
0.009766076980629205,0.003822387331032879
0.0038062341850492315,0.008045145972056526
0.005585869128169216,0.004500833686539773
0.00784051642794786,0.0019489085062894358
0.009654569137240953,0.002236862894606024
0.009787332495284753,0.0061302305148612235
0.006088882254274415,0.002415993312092717
0.008091409658300837,0.0028029414029003344
0.00789981422523655,0.003501257595721929
0.007424054616443325,0.0020396551843610833
0.005662515158260504,0.0013423848754969565
0.00395000522893019,0.0052730353128726554
0.009196150951206954,0.002263924416833982
0.00999314597405993,0.0016555705826503293
0.005426430332767559,0.0038966433112519626
0.006020493278454301,0.002801486767617305
0.005934524846642756,0.0040534330148862315
0.00941810007185255,0.001803647353176288
0.009759322233064721,0.0016115351655084133
0.007665913633271277,0.0044038077244802475
0.009240724831852839,0.0034296608983017908
0.00847678509793319,0.0029138631640338733
0.004870926423182177,0.0062060817256477515
0.0014237408999969474,0.0032699956405414137
0.009174174968263166,0.001597021648312406
0.00812185088381626,0.002065202713776749
0.008903431330265693,0.002490664797517709
0.005140770735911487,0.0065363268455511814
0.009123798499022135,0.005161844253041484
0.005511721889648378,0.0004839379690560041
0.006926023809512557,0.0013891700506220277
0.008613777730922036,0.00250553478122628
0.008062062413392987,0.003565823479285959
0.005537431535200717,0.0041963908369655025
0.009321080003308535,0.0013056011436853162
0.009605033662575937,0.0019649228028887035
0.009822420920548636,0.0027464063741432726
0.0049900841752919855,0.005038116769896717
0.0077068842412911405,0.0019853757888901227
0.007166101564482659,0.0012865398180938676
0.007068327207376325,0.002900423870046629
0.007867223605660053,0.0013250767124621237
0.010062855286102259,0.004565471726280483
0.0077777826052913435,0.002511406853870036
0.004049883278828607,0.0017041648101454136
0.009235746952919566,0.003313662062403174
0.009215729628932627,0.002240243182006778
0.00488447440707466,0.001134719360596316
0.008653578533659008,0.002162124925666216
0.009573060334960672,0.002071063640393391
0.00907204018811596,0.001845868963032897
0.008028189337499814,0.0016975597679024079
0.006407366530001277,0.0052477908886721936
0.009287323010457713,0.004493209673869703
0.0085294932998097,0.0028700359186056333
0.0065172758361272745,0.0019930316861638524
0.009755789467019632,0.0013029987621715408
0.0061946955532553635,0.0008989543803397081
0.009282628353338849,0.001419900054232522
0.005578261091913358,0.0022731072268497854
0.002887387796879617,0.005752532253897173
0.009490493676886525,0.002641811324455249
0.004293299202413807,0.00649339432730745
0.010065021477322716,0.0031260616609025023
0.006949226882982762,0.0013897357461904614
0.006401856749107565,0.003992458523953904
0.009814575227346953,0.010668329275976586
0.005628208797510609,-0.0008481243379665961
0.008393593506408052,0.0036990783988407588
0.004861792276289053,0.001994520054614089
0.007690102476330081,0.0023690377630756513
0.007110404592030049,0.0021812877182137477
0.008214849414126124,0.002881219040231522
0.005139874827322909,0.0025731242502623226
0.005637401893961078,0.0026152852634286584
0.007920937077464867,0.0012038174221363426
0.003533717178021592,0.0042554464437667494
0.009127706326798922,0.0021837682730174186
0.009601169567084483,0.0021700808167603993
0.0030417637932858912,0.005536926141025082
0.007113552826054983,0.0042131004713793115
0.007204335223511111,0.0020597350343270664
0.006465077060139178,0.0015602867637894528
0.006009531295695149,0.005234745351397176
0.006913524800244068,0.000367562729931787
0.009315500615057894,0.004740433183432026
0.008925186666739752,0.0013497895516969985
0.002012341898638666,1.2942133885205168e-05
0.007379570081385982,0.004367836755439842
0.007310287503385693,0.0027606871699956325
0.008164326341552725,0.0013800785493606332
0.004091056485984647,0.0023104878392610556
0.00582110488628225,0.004075525173818667
0.0047154252399838744,0.008650085897129775
0.0028925242092156522,0.004894789626435428
0.00675921324986353,0.003421863575097433
0.006954998287332681,0.0019105740134461617
0.006640491640611746,0.0014353619386154757
0.004612507316625707,0.0052751259358869915
0.009921033661631527,0.00442070143799628
0.007442502345873191,0.004153313101372838
0.006160434833015396,0.004810145486498798
0.007596227835245558,0.0041979534716418245
0.005239896691253876,0.001668476118005512
0.0060181218512231,0.0004891341558941453
0.009045107596549239,0.0015955569816524812
0.008664356969720684,0.00287124825211324
0.0082248384465094,0.0018389281259927545
0.005798017943920959,0.0027507472268676154
0.00927330250568826,0.0024833044029108978
0.005103404121737467,0.0018416417555741083
0.00615769825012737,0.0025045667319802383
0.009901861820283787,0.0021943898265208697
0.007494692739877158,0.001911124879898929
0.009632107604872398,0.004313277580639284
0.0062857410729385155,0.003473391411980239
0.003109982478892084,0.006057923929796144
0.007638979352420286,0.002191214717277264
0.008838168357137414,0.001975831007749046
0.005363101229561062,0.00439134063707712
0.006413040337220316,0.0026925606439783343
0.008189447845584666,0.004340809324102466
0.006864562754564295,0.003897949110164699
0.007745957541849601,0.00225400933354322
0.002949352426540981,0.005200131144988455
0.007113552826054983,0.0042131004713793115
0.004520185350024863,0.000583972096454461
0.008580238847070508,0.001561937750932817
0.006786488241350512,0.0022593239801259653
0.0042125951412314245,0.005761888338306873
0.0065413160640676385,0.005234289255426402
0.00562809109239003,0.0027495117373050534
0.006391787822543931,0.0014790616540603964
0.004469174369094674,0.006057395807778263
0.005399824691427873,0.004295061205702549
0.008455649851741652,0.0013561289199796852
0.009220973369511795,0.003789442904410344
0.007338353277989714,0.001129518517845908
0.006351473854924452,0.004738324021401794
0.004146345870474959,0.007275619619481777
0.006454697086295017,0.004105170008286838
0.006811214667001792,0.0015198701627439199
0.004222079820979119,0.0037501237241483855
0.00885025562038631,0.002945216683375454
0.007085162778458326,0.003215093964525805
0.0030943606110604375,0.0053926971290273774
0.003912493185074325,0.0013329322149409732
0.0076056493004594,0.002290689241174191
0.0068279677866458135,0.0019434895077990767
0.008184547384513841,0.0005425796355835949
0.010342208245366111,0.01113686678512791
0.009542915647388014,0.005266190321908626
0.005768383836228791,0.005292742443306735
0.004814268014584067,0.005974829494346903
0.009202491225012727,0.005112873465266164
0.008901492533336046,0.0031265930844370203
0.005786315732260877,0.0011276848319864974
0.00877886667001589,0.0013692543553263676
0.007129736017502096,0.00076041968262483
0.00629787051218218,0.0019317266628362138
0.0034159240164158885,0.005896348077644298
0.004690756791508821,0.0007618186177620282
0.005320403823736525,0.002731785226414188
0.008090113324328711,0.0025501165338582404
0.009413247076815833,0.0016589745128625065
0.00875156102244777,0.0026665711346312094
0.00532989052978824,0.0023253705261051544
0.00887467817946284,0.002182379927891268
0.00889505195270362,0.002054662726716023
0.009668565939987987,0.001278950293676982
0.0034096077148450775,0.004679034280965644
0.007691991106710725,0.0008739376415332336
0.006634477479946935,0.002421063214124968
0.0031496087500782173,0.005089607415617423
0.006940557677074393,0.00024330392144056648
0.0008480502555760243,0.006086056944014735
0.003232745563583349,0.003648953829031177
0.005664537866976929,0.003075068354444676
0.006454697086295017,0.004105170008286838
0.006633549755645535,0.0033391855608025916
0.008654280764144057,0.0019882844400268785
0.0037457207091661166,0.0064580529418363725
0.0068954837433594625,0.0026965639540900118
0.00995253109669331,0.012880480566722651
0.00653028728486894,0.004355833617016988
0.010462313880612167,0.004299310933644044
0.007801221175717214,0.0025322774630977627
0.005104048144584119,0.005677594030693876
0.0030837519601263925,0.005594792903905193
0.007572217202673529,0.0009893459560357575
0.008954401538471988,0.001165547506756826
0.003464252840436631,0.007001187675542387
0.008459216024545831,0.0027230447758853603
0.0036786594536519545,0.008323083735618075
0.007149870997145091,0.0021165993163675106
0.009973585758376384,0.0015360280209601208
0.008822913768644462,0.0023238608496452436
0.0077564871559291015,0.0020553157576760524
0.009193728878895985,0.0022979432026383924
0.0031948755712965012,0.0045265189438076
0.00869928803306554,0.0012356824486005422
0.008752818495246381,0.0018939751954129202
0.004179544432263426,0.006650205794738083
0.007670735837587499,0.0007184479934574627
0.007067719665173844,0.0023217832185991752
0.007312268931752328,0.0018389870484878347
0.005312798885959768,0.0034709776892038985
0.0074068929744967454,0.003967302268305786
0.008232211929907574,0.0025317954754752736
0.005380704445676125,0.0005233018857482927
0.002840992627361854,0.004496037165307927
0.009063092203330913,0.0029541038459046714
0.00960184796611176,0.001815404271190946
0.007573997863921919,0.001538489474841566
0.004456443327842521,-0.00019391440039009424
0.0055459644107463905,0.0005970693241091653
0.010213441728846109,0.0037633343342276014
0.006818992812700247,0.0014030264996645085
0.0077193833601421616,0.004414500968867321
0.008429234704401607,0.003285608862123022
0.005677222548863209,0.00455844710505238
0.007215587387275514,0.004731954021795333
0.009128242799094393,0.003243970471355105
0.009873596836165628,0.009250520897057163
0.008310333579440296,0.0023652463302399045
0.003885932092011886,0.006022603643502596
0.005668073182056072,0.004215961821463097
0.005756126067980343,0.0014304316806772787
0.006885800900804379,0.0036336338982317336
0.007447585879057152,0.0011067571460809259
0.009851326616751765,0.004184034745231526
0.008766515725890711,0.0024659396725720366
0.009844037625270505,0.0025805496058023064
0.010054893874319784,0.005183060103704194
0.007735389211747328,0.004588360007565279
0.008710457715432426,0.0014352393644760644
0.0031564340100918003,0.0006153545389300605
0.00517436897658872,0.0005967886280942511
0.005973541455038936,0.003922736715747303
0.010321847812126674,0.004594661256767211
0.008733750746787953,0.002523056453415288
0.00872284248056637,0.003028336809615198
0.00999277398539736,0.005084932399752288
0.008420126257887421,0.0032301615592069087
0.008978435702905047,0.0010248556020975236
0.009541887379436266,0.0014913382723880705
0.008511921251899396,0.0015000570907375528
0.008100295366279956,0.0012460871559457284
0.008378272750793407,0.0016251880952684369
0.008855330565759458,0.0026573757496028147
0.0030943606110604375,0.0053926971290273774
0.008922543075692485,0.0038807729019043865
0.003069273727166785,0.0037102170882935175
0.005426430332767559,0.0038966433112519626
0.0073063786448449766,0.002318925799115669
0.008932329431571101,0.002601502017798042
0.0060118000822918264,0.0026377826227425806
0.007290003497567852,0.0018310070854383647
0.005726244765326379,0.004972646966567325
0.009911146134967689,0.00421634732720264
0.0026604742112833193,0.003479745724643985
0.007099001401477096,0.002076625492059345
0.006445474599218658,0.001586335741328243
0.005932163059174874,0.004315216040385617
0.005368440369897643,0.004636232814932354
0.005468567175419634,0.0030285611841814426
0.005491813869223995,0.0020882797344636966
0.0063244006721227645,0.004413353705482336
0.00804796480152326,0.0028668472723294147
0.007110815414519141,0.0018849054211365623
0.008258538539703932,0.002269925462018669
0.00482466003245459,0.00048805535737640043
0.010130376121263683,0.008672908610807217
0.009590871215258817,0.011187897347529922
0.0021286047620216898,0.0031813200372816097
0.007609950273949718,0.0025401008534025305
0.0027766963144136188,0.009840163801393796
0.008142129847818305,0.0012419766833157275
0.007236134685026299,0.0038777140377400715
0.007810682930128102,0.009893591505015112
0.00831118221489775,0.0026374453750405554
0.008403188074849275,0.00271600020714541
0.005565841355181441,0.005710138334014423
0.008076848363394432,0.00299197662309883
0.009195046532275285,0.0012229676963173616
0.009429601667355141,0.0016276814122758165
0.00868313301474381,0.0016697242492999158
0.008658639279238463,0.0025995318559449004
0.001577251725638008,-0.0014752304709623803
0.009445414639739452,0.005080730297871638
0.009063001880473369,0.0017749550863663506
0.006294117432226039,0.001589096842243138
0.006524194933605853,0.002082436038848028
0.004561708004631008,0.0034666983232926234
0.009232214307402113,0.0022421770182167577
0.010026261252777613,0.0016204770112320651
0.002810456977285003,0.0012371823256523036
0.009920199001309337,0.0015812995637708698
0.008495054960276896,0.0025447061514556023
0.0072782433895483955,0.0016777466672208679
0.002034403706710347,-0.0007395892777565622
0.007564402129905563,0.0003008081269134759
0.0014536334769025185,0.0016136132848072002
0.006089504361393336,0.005258030456317972
0.00644910178837146,0.002105334103954931
0.009002831565400807,0.0013530544418482657
0.009464843931568783,0.0026938898443435878
0.007805911386142601,0.0015448599961067318
0.006953145686503438,0.005155832755529747
0.009398466374573165,0.004554641221920782
0.007617780181208075,0.000954775561272104
0.006858329455051504,0.004120052116253075
0.0076187691462648,0.001741512175672622
0.005210874462191775,0.005731480192257251
0.0071788141141727905,0.0013967289048229994
0.0034779329819245863,0.0061997665954304955
0.006509522676684162,0.0001868766533092807
0.007106026947683539,0.00434666321417603
0.004177936110855197,0.0066749235897875184
0.0054458232973740705,0.005597773709007615
0.006353847480675814,0.0001384975003392748
0.008413593868065896,0.004103660697908599
0.001220825282995039,0.0035075553385444753
0.009463895303350602,0.001776058842180162
0.007351582314880676,0.0031131737921946765
0.009184015808574201,0.0012702702868281164
0.0092829423412954,0.0015050357575237929
0.00926679714650559,0.006428971810333911
0.0035021251517227195,0.004472301980323001
0.0009132603053910596,-0.0008120698831626857
0.008953531758792883,0.001437133944250481
0.009428339231396526,0.002353800886229237
0.00650743782656789,0.002180231424937746
0.0071356806004562266,0.0020502239361132987
0.003269921090474752,0.006681142702729229
0.008148021559782937,0.0034998366102159525
0.00047471616734218007,-0.0008250476383654826
0.005517453512561951,0.003300007344129028
0.009232483573837262,0.010640050415864612
0.008900391304890367,0.002271876464072972
0.00819979486901637,0.0023882298097363704
0.00975560513145268,0.004672817914507275
0.0074150552319303285,0.002726938949180889
0.0044455544066073546,0.003099765430064245
0.007947980848659638,0.0013580776708848868
0.004314840852293041,0.0031971940125846377
0.004039986528624428,0.005153740872980463
0.005844794350715791,0.0032943453875901993
0.0072205225220630005,0.00522512594311236
0.004314840852293041,0.0031971940125846377
0.007138611455821514,0.00203996620399183
0.007050736074106634,0.0024778392812601483
0.006216741749873504,0.0023812477682371826
0.009373878966894705,0.0018973586576220905
0.008301001589343845,0.001926679412529459
0.007069114436946609,0.0022511090680171764
0.009074499877842524,0.007493028424590674
0.007299286301439279,0.001945297561420466
0.00993922773714423,0.00824593744671212
0.009680505314402897,0.005274101639061923
0.0089831910011855,0.001958248339134855
0.008662372991634793,0.0015056744494812918
0.007534496808185282,0.0022471032588852165
0.0070219963585890265,0.004400241183785815
0.006009488772023843,0.0035698830374392234
0.006266344616826038,0.003380570170167116
0.0050104794441632105,0.005345821898852782
0.006668362710080866,0.0020333355091746285
0.008381409248468618,0.00153627520031022
0.005899396127443967,0.0019530633656209837
0.0071658830762358905,0.0013812681612622784
0.006707331724851816,0.0018060770039778204
-0.0008330815767988407,-0.003401392102724269
0.00502859675302259,0.0029424314046202623
0.009024082395687381,0.0008094203717694069
0.001140449858086967,0.002856058135394398
0.006548055849955851,0.0016415790378745323
0.008839610782558979,0.002624540660250786
0.007886521932064674,0.003675692205695918
0.004937670845040328,0.0024256832549215063
0.007771543296581165,0.0003640501265607145
0.005654548762229969,0.0023581782360049073
0.004879246758655373,0.0009532830753384656
0.007688587267095841,0.0016754698529866672
0.004181818528597489,0.006996927350771625
0.00841082995946622,0.001391678805983558
0.002840992627361854,0.004496037165307927
0.005493202080820075,0.0015849338137691954
0.005188388913512225,0.0019237401897722363
0.007162288124998994,0.0033415520681844115
0.006038047819433982,0.006556439316753454
0.005964525335475697,0.00390514155479075
0.005162752783513789,0.0016924622062765475
0.00828554447820703,0.0019064797710629253
0.009310079244096336,0.0022496385076191403
0.004268435451201875,-0.0012510420798987378
0.006482358701746674,0.0046110489701071495
0.006516593042115293,0.0030281032305830152
0.007853328245616424,0.0029727575673121976
0.008323304686440242,0.0030779264249469343
0.00400236266850392,-0.0012676976331644422
0.008945015635848284,0.002781170395812116
0.003150942576004295,0.006703870205230916
0.006486736965287646,0.004155845420141381
0.009834291774672103,0.005087879723342851
0.008087838320197674,0.0025089133686421097
0.009727995947037186,0.0034604838852064926
0.004630283210320189,0.0056164944455930465
0.004424362879455654,0.0020015681542163103
0.005883937949227396,0.002401879227006209
0.0064018900246261695,0.0033296726145187047
0.008063797270139651,0.0028424128944702677
0.009581103748402606,0.0022226354676909803
0.007124738292918672,0.0047850350464774035
0.007054710495283784,0.0029639889811148732
0.005482785340542902,-0.0008702321960436209
0.009627600568445157,0.0017805757176802758
0.008993403347099981,0.0023407723741931752
0.007410773794613256,0.004716030666059077
0.005200852616653869,0.005606927162987021
0.002604366112312775,-0.002473689962001825
0.009012845017966818,0.0014915829548113818
0.008349694119862703,0.0013156608260030834
0.007060528216085884,0.008496629498523284
0.007823352253903135,0.0019995345046861703
0.009000077534777018,0.0015396800433018897
0.008443412142402917,0.007790266483201252
0.0035586716798534307,-0.0011411849622176475
0.0056043747819663915,0.001918733525135231
0.0062737691349794115,0.0026513821864630107
0.006161668505874366,0.003916546956049176
0.008631274420589408,0.002239948779648387
0.007438901492646994,0.004715395227808132
0.005972072767000042,0.0009358384287601051
0.009858365277129506,0.004192733925904411
0.00906573783234768,0.002347574058668581
0.00785830641361954,0.003476256347946548
0.007390409782300842,0.0014989967067743117
0.00033230279691429544,0.008872842000841354
0.00840879149839093,0.001975188304093947
0.006459232725269393,0.002755448322566598
0.005479101310510247,0.0022638367238279273
0.006430416111981881,0.0023110642597803967
0.007875326207074505,0.003655594837215439
0.0076056493004594,0.002290689241174191
0.009542151131041354,0.0014898060820188446
0.006846276509625076,0.0022457441865202325
0.005695367840931447,0.004885937009315117
0.0072396000191415925,0.006358946961747624
0.007518402483129531,0.0026633219356332312
0.005626168225883438,0.003748738953319748
0.005974260755303438,-0.0006656727789051886
0.004587358748101183,0.0018296490814760698
0.0065413160640676385,0.005234289255426402
0.007072550975581123,0.0032027604090846557
0.006758273128842255,0.0008769995428908666
0.0061703941180006345,0.0050488734686938794
0.008523408446138976,0.004161691374009775
0.005104048144584119,0.005677594030693876
0.00935184975115904,0.004921762743045346
0.009393224796272883,0.0018145629025573366
0.009155777382264488,0.001938289441490786
0.008910864775268909,0.002440140703946248
0.008569702852778454,0.0015791838198930853
0.004936354316082517,0.0026843092686085453
0.009094695871548516,0.001513002300164587
0.005327722973528461,0.004912891649988352
0.009955941495630144,0.0055070361445078144
0.004854162999485553,0.0004409469025837831
0.0004535982764123925,0.004494331638842816
0.004235672146133038,0.006831261028586207
0.010014699251494227,0.0026262441429479554
0.005977310475687379,0.002691540892654716
0.007389924296770252,0.001690111637734402
0.004497965001444391,0.004506096730452564
0.00583372162458826,0.00139604047597767
0.007430466093232642,-0.0006254992860825846
0.007745957541849601,0.00225400933354322
0.007288946117020269,0.0033248051253252685
0.009527651031143721,0.004040634283961839
0.004522898958973299,0.007629087601557283
0.007738319685441637,0.0026268993599538196
0.008574369124982873,0.0012789318306991844
0.009640299036815576,0.0016790732379906434
0.004887816614722195,0.012616443547612342
0.0094881804171415,0.003658604094424865
0.004550379857603701,0.0035198728185101913
0.005890433663929963,0.004640185952808279
0.006160989421486054,0.0015804145323218008
0.009184015808574201,0.0012702702868281164
0.005517453512561951,0.003300007344129028
0.0083369330487631,0.002314704574549598
0.007145851923014141,0.0016422533179957736
0.009943844709854849,0.0018415813650448486
0.009198875130337125,0.0021449949605385774
0.009514721414542484,0.0016837182171510132
0.008589529700126733,0.0034496066900055414
0.004513610686050421,0.006048105667212013
0.005903097453625354,0.002592077407977289
0.0030608676424748616,0.014284036242382182
0.009453432743278384,0.0018839519034528915
0.009882850735913757,0.001619112383462398
0.006157585079824364,0.004587504220312556
0.005975883232025631,0.002680559594492921
0.005741331344856532,0.003967969930695962
0.00611111631800095,0.004501947776936269
0.00899630936194663,0.0018194703439228426
0.006373772288995256,0.0022091561360593065
0.004569807408681334,0.00248148531554179
0.005612799008470355,0.005239597913154158
0.005333756841009651,0.0033669408155378895
0.003593415425662462,0.008087047058696971
0.008251554255287199,0.001371368861563661
0.00768522700223286,0.0024049454585136397
0.00652480353964647,0.001608978424703777
0.0017281396338383482,0.006207895926135262
0.006482456443592606,0.0026202032208987903
0.0038651975374322583,0.006635747193898796
0.006790744035304907,0.004896305541349827
0.008321910271825397,0.002191632095633141
0.008952844679655944,0.0014128336569389022
0.007955716989945218,0.002972085246540133
0.004840380387766015,0.007907277705279686
0.00485918950927368,0.0012487646988860544
0.00802982297143908,0.00024984177457044836
0.00908396110812932,0.0027227611106946745
0.008989661908110144,0.001787121619038685
0.006488808778640831,5.518889877995439e-06
0.008039451133236702,0.002819394781305287
0.005425193487029774,0.0034029533842206043
0.007026100792051925,0.003696621328989347
0.004668255633183787,0.003113934567229933
0.006627046832330263,0.001918172880515526
0.00504947407649702,0.001750674121249485
0.006114469644312725,0.002532643509209947
0.0036288247126528995,0.006932057589616911
0.0026338819978760555,0.005637484866546803
0.009073132460507265,0.002913283019273798
0.008854208759518162,0.0027462346012604878
0.002458322822078849,0.005346167882631668
0.008553683282955575,0.003392452331334064
0.005077791479099656,0.006072942117241423
0.0069322167279489335,8.614005655733364e-06
0.005572052559726533,0.0042687240156693545
0.004675963741505392,0.007255969609139924
0.0027951194137830976,0.004213833079418369
0.008554199343800537,0.002585919523986152
0.00784706706115701,0.0024673003539313794
0.008235163024242383,0.003951034411391002
0.006139952394110786,0.005691158865478866
0.007078827372857266,0.0014058220895123343
0.007050736074106634,0.0024778392812601483
0.003468984047982502,0.006980232561543307
0.009398210584661401,0.0026799470786609512
0.010207954603932447,0.0050997560489052015
0.004840977297175451,0.0038102746167711678
0.0072021085462552915,0.002465896841254752
0.004970422968224517,-0.0005041750024348795
0.00981544693110787,0.004778821045146041
0.0060519220084012835,0.002368644642672688
0.0083369330487631,0.002314704574549598
0.007790840296235129,0.0026532925525673875
0.007856957625193641,0.0018316412736915791
0.00913221033184703,0.00217502234960422
0.002848632008731625,0.005143284620840682
0.00998845268593716,0.003567999235489558
0.007085162778458326,0.003215093964525805
0.006211187499803461,0.0014563168037001195
0.004487347328235422,0.00499317209109109
0.00932453731578356,0.0022695226377822137
0.006365944492205174,0.004556926780052867
0.0027766963144136188,0.009840163801393796
0.007964483746618223,0.0020359915615596955
0.00703494311323778,0.0008210232735383835
0.004520142224047785,0.004145704680287304
0.0116510794773853,0.006079549803285658
0.006091664309689405,0.002606788248113911
0.009688695399697946,0.0015292549781894182
0.008005888269200125,0.00240302510443083
0.008824075920398647,0.002647328665323168
0.005629598576141995,9.451555569088207e-05
0.003678442181142972,0.0072444910606248095
0.0059750315758303855,0.0026750974755241855
0.004910607865128719,0.0024401551038033464
0.006398940092060182,0.002449811646728026
0.007080220604431213,0.00868906642598579
0.006407243956193745,0.0013135270233494188
0.009825172972049732,0.0031978135281105014
0.009755309924520476,0.0019381320249830828
0.009550413994177952,0.00405057361620407
0.0036680202725953145,0.006329452911437282
0.009319751742464294,0.002077375874653061
0.007172145484386331,0.0003124482439053784
0.008990209820330917,0.0017277895229320002
0.004222481916279428,0.0021857025407981652
0.004900922698695272,0.0034911259216407267
0.007783075401513672,0.003951138441676471
0.006347497130132091,0.00013401417526584178
0.008607052351087446,0.0019656733087375765
0.002479501174815814,0.004610839171199301
0.0066925689668972145,0.0015309522788646002
0.009447599967374043,0.005971277747365293
0.009906861709185881,0.003773519916712825
0.006035512600777077,0.002948584513794596
0.007181036480506646,0.001212879764154749
0.006215692677690144,0.007339089099900539
0.0059107383210898045,0.0020231211592925766
0.005290985976239216,0.000978623578401512
0.005517453512561951,0.003300007344129028
0.00990998434031547,0.0020895828510527027
0.00944513315825653,0.004123761371380776
0.008298701835201138,0.0015477010120906187
0.009562572981578435,0.0038713452117112067
0.009402753490946167,0.0017056456119602338
0.0095559871687411,0.002105469886833404
0.002658540269508761,0.004212552287965777
0.005718233509728483,0.005557857321113236
0.009395922530905565,0.0037369921226991735
0.005739610665054054,0.0021733062986647265
0.00803186976643176,0.0012026716749697491
0.006704917933657195,0.0035376639085292682
0.004727265346744467,0.006165611062028123
0.007886301299396811,0.0019349422651763846
0.009137951033867279,0.0010870095540435236
0.008027456872009337,0.0022485448523945507
0.006654743542744206,0.002031244228106817
0.0076056493004594,0.002290689241174191
0.010328717339390739,0.00401016037097597
0.007939698339725455,0.002953802772033452
0.005943197638603622,0.0034464807350210944
0.005493062709060194,0.0018154431979025623
0.0031618196004392874,-0.0027788388578836453
0.009267963680641252,0.0014288719892654221
0.009626593431457095,0.00147635361314851
0.004550379857603701,0.0035198728185101913
0.0010744268273179423,0.006924439192664948
0.010365783086202396,0.0019550003964978408
0.009178211873044052,0.002020398681100425
0.005180602807661646,0.005483689451139436
0.006566911060941976,0.0014831711899147334
0.0075895887346633835,0.000794452620004861
0.004643323172925426,0.0015016745166930214
0.007290041604046564,0.0028197088269751236
0.008030954427234933,0.0005057540555559112
0.007838420455618559,0.0020476121659995074
0.00542039690373604,0.00422931850557986
0.007198720314312115,0.0053230317656572535
0.0034421973548797954,0.005974030944188642
0.0058934312526096435,0.0015120477277350925
0.004069944739232753,-0.00022959134536801318
0.004723582141035063,0.0061437589555197215
0.005536466440931272,0.0019015964758303085
0.008975652293029188,0.0012881483220316516
0.0025853825167177474,0.006166660942974118
0.008218318538929,0.0025095380708784355
0.00882860569456401,0.0030019560796797897
0.008416773187051654,0.001656353207472868
0.003406704005827584,0.004894255349417102
0.007840747381799917,0.0020420243983019374
0.009035907284179356,0.0020215580247656137
0.009519872515015168,0.0016901053918854008
0.00830906981005275,0.003529275829481409
0.006498892774614445,0.0006349575159673819
0.008310839028873897,0.0020772353022614374
0.00917869538340084,0.0022198280908224096
0.009437212227692724,0.00997102563758455
0.008819543932709197,0.0038517627558971477
0.006817267802623601,0.002571283431173117
0.006770233484634417,0.0022820953487899817
0.006737832743608365,0.0059654913482716215
0.007099001401477096,0.002076625492059345
0.007951582984732428,0.004958598100836355
0.005510988105503519,0.0026264968591049754
0.008611813970068848,0.00294500684305687
0.009288579859772814,0.0020861754810792563
0.007120738583227493,0.00160368002676452
0.004537881191947247,0.007204773600601467
0.0034927314062820373,0.005831648044856472
0.010096155203375631,0.002212783962975612
0.007978451865513068,0.0017846892016466333
0.002848632008731625,0.005143284620840682
0.006471988181459857,0.005722807385773496
0.00797965870263288,0.002409217980848306
0.010017457975392382,0.0014324931375087864
0.007507044822652643,0.0017283153368215657
0.00873619004015085,0.004796218238110286
0.009844820146633612,0.004169202165317894
0.004316204975993034,0.005192902162309957
0.007897325684212045,0.0017322983226414996
0.005758280471960079,0.0038891224002679794
0.007975366503868545,0.0020307861501939525
0.009854195719326485,0.003027602896231744
0.002012341898638666,1.2942133885205168e-05
0.0065154452529562114,0.002074774574398559
0.004485688690018008,0.004148803671244173
0.009627301135426551,0.0015229728970722316
0.008088030007012182,0.0007199126338906011
0.007359736792064704,0.0018975408435822432
0.006811214667001792,0.0015198701627439199
0.009066245457229463,0.00196805873071836
0.009184386316327404,0.0013260952072224582
0.0071015494718149556,0.0016968554099586813
-0.0004632792936083447,0.0046779678689055516
0.005439917849401875,0.001140970649271063
0.005339861416986443,0.0042643090779232
0.0074489746401153745,0.003728314456385387
0.006099921238240386,0.0018382672520919838
0.007186836921301731,0.003702341292875687
0.009598095144214999,0.002776955637118172
0.008696686883275462,0.0015481031803732202
0.0060199619615424645,0.001789746523943381
0.007809028557985596,0.002428134501482107
0.006552229105315978,0.0031764596604854874
0.004712894618010048,0.004457577086557845
0.00932676543086766,0.003762462430481955
0.003464252840436631,0.007001187675542387
0.005258989849491816,0.0022676571171903956
0.0041887264670005,0.0064727068300910575
0.004637230213477596,0.0017426138904256313
0.007586213100773613,0.0036120045535545132
0.0036684718383040707,0.006004341886346084
0.0039390118817464684,0.006688675525627769
0.00977288745812736,0.004291082822223127
0.006644915678544967,0.0016967933424100407
0.007552282477492442,0.0009687485352585044
0.007846939318926558,0.0026499356995842963
0.007084256685856115,0.002576377817301842
0.007269734335091927,0.0013138461312938556
0.009038746236233358,0.0019599146547026602
0.006816669904772584,0.0025909742233154558
0.008191501740877318,0.0020576412388629032
0.0095384651188428,0.008091183711322222
0.0027568263281836317,0.005105791428127306
0.007704049853510331,0.0025520009956260387
0.006730351652074372,0.0027475416103047825
0.010102182368259492,0.0016599769657115078
0.004712894618010048,0.004457577086557845
-0.0006787770760164433,0.0008507464376763772
0.008018556736369841,0.002328979864552065
0.004795556896089092,0.0019519488849159437
0.006679426326028823,0.0018264430655129662
0.007634832756245845,0.0027130985925109628
0.005157548051810318,0.006530544858839969
0.005167086493942998,0.0017344693854949847
0.00764644738236139,0.002553793418964689
0.006191985486114762,0.002214156550117875
0.00692681469982404,0.0028629717442292856
0.00794586559470737,0.002089798507796594
0.007066628589896648,0.0018142108843745364
0.007306191573180606,0.004271653277411612
0.007886215326879251,0.0023166102594887293
0.0036311839288900734,0.005130883274587722
0.006405956677847302,0.0034763990702642213
0.005564717214572728,0.0013405649715247242
0.007238361257066544,0.003422579825654425
0.008695581164233973,0.004292943473961638
0.007863294493863167,0.005545334702763673
0.007465783346168547,6.036392422866313e-05
0.007619888666568535,0.005430862850558226
0.009370946706658225,0.0017179333468712032
0.003965403669141681,0.006805125202448225
0.006917430831900469,0.0012008552203545946
0.0066844335378038865,0.0024901577493408513
0.009010671192877287,0.002630313827412514
0.007930128767165198,0.002958885957114796
0.00867390520971977,0.0017056572509232659
0.006938330523971229,0.0018320122108261934
0.006117115648521899,0.0019947842657690607
0.0056426295908453905,0.006468428471000269
0.010268313221843399,0.003999046762390482
0.00750077553430524,0.0004448458408180273
0.006901843503866969,0.0019733627056359527
0.0037259530797872017,0.007271731170182313
0.00918043913072572,0.002583744343202482
0.008769062738590325,0.0045624483800163415
0.007068127524660666,0.0019800422492999353
0.007918940432689169,0.0028645975490220344
0.005862025432671305,0.00238855015108092
0.00395000522893019,0.0052730353128726554
0.00710902661720792,0.002777269150134912
0.008867387140939823,0.0027751655778609488
0.00525132816382323,0.0027332316225477547
0.007138767891111163,0.0020852859446285777
0.007565184636365568,0.0012501695966530653
0.007848953815968797,0.0005726195602495307
0.004522898958973299,0.007629087601557283
0.007020635771027334,0.004658959852018232
0.00637212358912148,0.004837011934299283
0.004727265346744467,0.006165611062028123
0.004703317544441141,0.0033352575919089206
0.008335658430915754,0.0023926678804674474
0.009410623031838226,0.002442727603800169
0.009315500615057894,0.004740433183432026
0.005471413930125762,0.003208111495436876
0.005465587522549271,0.0015522243871692997
0.0075292479201175535,0.0024096104327190815
0.006316074179210042,-5.393041990462907e-05
0.005075735593714064,0.005059258753632034
0.00696768488394981,0.002129084015853708
0.00606413206386491,0.004848679679018126
0.008444443086775529,0.003212330128665295
0.006736867309193512,0.0038704279688427444
0.0035793052746789407,0.006275463795434944
0.008812110550690953,0.004190717246129657
0.005680403757824364,0.0022025299704457975
-0.00042260807616564637,0.007653963309112264
0.0067311397251109024,0.004297139759543012
0.008958292177963293,0.0025544094878938916
0.008824419608370028,0.005516301556414963
0.006740300904305583,6.567434293107237e-05
0.007141105903263086,0.0038016164883068054
0.007058482314291493,0.003424067919281462
0.005714422878163391,0.0029083493668383177
0.007179114490823877,0.0022657320316942942
0.00959279466846407,0.0019625768996773887
0.0033388412522764475,0.005284712982271913
0.0071830747014951565,0.0020532160232052637
0.008906421950199216,0.002087173357573938
0.012411321819921365,0.008710185511772337
0.008442886861906994,0.001708087973185922
0.005192364267165379,-0.00043596103871481294
0.005590808447396768,0.0016015867453598323
0.003841926081182844,0.007864707360745076
0.003831214613033384,0.003521211626660234
0.010109130142775237,0.006376527045643718
0.006365741408024065,0.0024987720624738722
0.00929769241855036,0.0052437300770085855
0.009426853710449873,0.010190066753250933
0.00459552832843587,0.003518255340893117
0.0080038792534694,0.00271918517971803
0.010464407998192878,0.00559885158886337
0.006067704453361852,0.00045821875029743685
0.005429966959298885,0.00031740459645265666
0.009288579859772814,0.0020861754810792563
0.009384201107195459,0.0019789196201265334
0.005289078039265828,0.0032857855215205163
0.007237702465572057,0.001684101950702798
0.006672710318996097,0.00383119144899121
0.00826728389916594,0.001954319008308644
0.008970567730654187,0.0014993203465512271
0.008741363194307693,0.002405732121519003
0.006128925806307623,0.0033670865253797614
0.0022772071875318666,0.0043060125999920835
0.005515942513312888,0.005809073959926664
0.00898349677457193,0.0017225463063691767
0.007665608588753772,0.0016834178514166008
0.007611770370976694,0.0010126167065307402
0.00520570917460643,0.005010791158897435
0.007754853245156767,0.0035159208503379577
0.006013082180573129,0.006314066581782896
0.0015957855811236472,0.004362653017727495
0.005085076056785204,0.0037861167335841318
0.008406711875690866,0.0012716964947464323
0.008982435607049739,0.010377431904619741
0.005249816949131478,0.0019839690493274895
0.010490723923745043,0.0050658256069619646
0.00688546434742173,0.002043046891204394
0.00503994099328855,0.0018005624426703113
0.0044927004188822575,0.0028767338404973863
0.008560434114006551,0.0027203586294509263
0.009906996936211603,0.0015823502935828305
0.00937224066427941,0.0018102153947000344
0.005974260755303438,-0.0006656727789051886
0.009390950814653347,0.001363526052811921
0.005690504196361399,0.004698642854807066
0.008179745212589264,0.002400294294484109
0.004005600774759763,0.006678595483465935
0.009521822995292065,0.0037692823459346218
0.006310170550548333,0.002956472141756329
0.00894616680239884,0.002173982487148558
0.0065997295678775145,0.0014929768321652248
0.00892903104516355,0.0018830703329219527
0.007480544891424979,0.008121251461303424
0.0037864195624308095,0.0017389141133572397
0.009158649375365839,0.00448023466382866
0.007685671674490155,0.0015483091726848485
0.008217881054252463,0.0027296953628945424
0.006484297539562928,0.0021749444322571006
0.006358022254148207,0.0005340517814176535
0.006150069957165808,0.003261187708825825
0.009525929414008483,0.0034801269636593997
0.007869226270738109,0.002746008481494276
0.010557340993408276,0.01132691046588172
0.006075535994289393,0.005748888763770054
0.012301713117929585,0.0062769984299093865
0.0037662122494267463,0.00874247352511437
0.007749716607314574,0.003658639678586928
0.008833032736617572,0.0025193692702746174
0.008906061985526018,0.0025915357247791176
0.006082765830243531,0.0013454506832900875
0.0076493981798052835,0.0015868987734695573
0.0031393126916071544,0.006011540403606842
0.009024919273924861,0.002561460247981542
0.009219886634587053,0.0018764018872068702
0.009409590921393714,0.0025732695955731416
0.008219449050736911,0.0018780681847551462
0.0010626887878993265,0.002600776115455293
0.00612201522959011,0.005117783181738485
0.008643383827613581,0.002484377948355457
0.010017457975392382,0.0014324931375087864
0.00765276799692861,0.0003798634576431207
0.00918095448278321,0.0021500579449188198
0.008872457364683301,0.002272201828429135
0.0054806111572118805,0.005449111839116012
0.007552307610655434,0.002715480524828809
0.009588399946148959,0.0013826340923724168
0.007428103612958461,0.0011726082657949645
0.008603644148170365,0.0044298866697849194
0.010016814841352514,0.0025782942799325746
0.0072236599884873045,0.005193466949617892
0.011293106989709964,0.0033234357354068877
0.008132957896387367,0.003209839114689907
0.006387213314558155,0.005094378019084083
0.005692272604389003,0.003640430425798635
0.006630674619360066,0.005325812734389552
0.005596742544769176,0.0008397474312018963
0.001549953130902726,0.003033442126342532
0.006956471444278605,0.0021531164070565396
0.008020685437862123,0.0013144632289662488
0.007189086848768924,0.002137882455722446
0.007203933574139868,0.003908901979923889
0.0051460259145334536,0.0024086727001945392
0.007980033238344755,0.002980896832318328
0.005075735593714064,0.005059258753632034
0.006035933469156418,0.0014894660431076174
0.005132700674100219,0.003488408500385296
0.008971551978980936,0.006200558541581826
0.0036344111455805387,0.006951045387982941
0.002460603176305403,0.0016414041565893135
0.006893696552864441,0.0017831679843581527
0.006014954998761625,0.0017363419656660373
0.005256157532322195,0.004844043721481007
0.008371841413047794,0.00458013486578626
0.0046471866503219016,0.0050668545290547505
0.007650146309668987,0.0010770233604381002
0.008824772539985721,0.0034729086725108676
0.01019968344382539,0.004089790579290477
0.009753768759603943,0.006255794970841774
0.009574418295792744,0.001864505226029588
0.005077791479099656,0.006072942117241423
0.004768911433246864,0.0022531962902956944
0.007731704464385453,0.0026994599394519533
0.005769732188245711,0.0010296355517253357
0.009355790399817598,0.002999714605451031
0.007666505389218289,0.002212512453352077
0.006988497344634606,0.0032378677619546827
0.00348098077882576,0.008508470120263959
0.008327452604414587,0.0036141136400513856
0.000990202829872405,0.0029117862617938223
0.009011237118299747,0.0032349272346008096
0.009410634859165223,0.001841577280449363
0.0018932752004092628,0.0006035919306862257
0.0067350965777222506,0.0015973669093098586
0.003940628287323988,-0.0013545737650889709
0.004102811142492959,0.007457421659633854
0.0031580317819272377,0.0050776825772056175
0.007718561210276176,0.0036011432166072064
0.006057046759742829,0.0025818399142367512
0.007169229228110978,0.0013791152082385663
0.006383823688505442,0.002571791470783817
0.005114367007044318,0.0046520494316798725
0.008283189334566805,0.003183439475651555
0.010333644717254144,0.004885838281391565
0.007890069471517097,0.0019894708824345943
0.004765532413344627,0.005248645647667579
0.0075666964602000494,0.0017146543267898226
0.010125691255030135,0.002792862140125388
0.005327316509596341,0.012632134913773779
0.0038303845210595922,0.0037524875555023877
0.008844297538587962,0.002978093982594599
0.004965138985030539,0.006461670253595385
0.0074996561245610285,0.001953737592494365
0.006410920253968394,0.0020298775375689124
0.0024530824826587147,0.004165041958792353
0.008152303492308898,0.001334052141836641
0.009305236355501827,0.0028423337435741275
0.005215894083130474,0.002285348475199113
0.007819551244538337,0.0015226780444558014
0.006286833897670674,0.001922726144483019
0.00855561479474094,0.001192462654715177
0.007123392826180786,0.003034609518940525
0.009550242121796953,0.0017801413727510026
0.0071830747014951565,0.0020532160232052637
0.00822946521250145,0.004598604868331699
0.006144341876910982,0.004549629601288671
0.005820467005630109,0.004059843163437157
0.0014461450003819577,0.0032112635722729207
0.0035216739102313585,0.001648239198796384
0.009355183232254491,0.004411853921416513
0.0056254022896640565,0.003712040289322812
0.006263259292343471,0.0015100193113239697
0.007953122033270168,0.0006318245065102613
0.009787415657772441,0.0014541092113910326
0.004316516675423144,0.006894199694666892
0.006836994332930536,-0.0004977461439294017
0.010443274092781995,0.008046978650995419
0.005196406885179895,0.005214925706816762
0.003130571676961893,0.005875306930224576
0.007250321149351521,0.001083267603335004
0.00952351087917475,0.003823693130805863
0.009351942326824136,0.0025361699115628326
0.003638999598589862,-0.0012135736549208076
0.006792913559566152,0.0036723578161857303
0.0023190015691766596,0.004203116361254441
0.0033693041992593157,0.0060278349996283264
0.007839205038998199,0.001576610532868233
0.005437422133283538,0.005300903960503957
0.00526023551889007,0.0024347926393868645
0.005599366910955215,0.004820550671097737
0.004475850801425795,0.005407207613323491
0.006117417669823524,0.003620045783334364
0.000712624823296093,0.0037651840211610447
0.0082270842228326,0.0018980864965259924
0.009597165443577383,0.0026284091109001623
0.007908936851630657,0.002519707874886922
0.00839044827268787,0.0014048267561135377
0.0071050050305074075,0.0033848383150181386
0.009420836052768534,0.0036167076615764102
0.004316204975993034,0.005192902162309957
0.010636548341855052,0.00833038248279439
0.004633278556801624,7.412481747592209e-05
0.0060727699863129085,0.002408161291224113
0.0027766963144136188,0.009840163801393796
0.009392939040803471,0.006221272862381894
0.0060717372244195765,0.001466671551637184
0.008066911165039783,0.0038885461640877387
0.008910156681918484,0.0022865277378830914
0.00959247361111265,0.0013941077135586318
0.002053052157912576,0.0059917117625428
0.009333416826050342,0.0032965630074230784
0.009578806845116895,0.0016005515087634753
0.006589467442301566,0.003225023455226176
0.0054415841588281635,0.0065395641685540695
0.007839271690099864,0.0017687853896488828
0.007907380241115067,0.0029615896811704167
0.010138032522921284,0.005323330425441413
0.009476158061147738,0.002100990423355797
0.0052067401608342865,0.006035069186918264
0.005822888151120377,0.0033578398052028086
0.007136270881626461,0.0038317874873060893
0.010091275123585935,0.002537949163131498
0.0054806111572118805,0.005449111839116012
0.004767108508655106,0.0018767216620948863
0.006089504361393336,0.005072845271132786
0.006735700713485774,0.0027271507909116975
0.008102015676062708,0.0016539732464170747
0.004717584558915277,0.006126579020006524
0.0077450147968923,0.002031317357199914
0.0036116934389959507,0.002095774385763992
0.006621021736837334,0.0008800409088794547
0.009044459490463399,0.0030343440359287994
0.00510705101866151,0.004256071143954901
0.006975317948380705,0.002682986236414199
0.007998805899321323,0.0017163998597707853
0.0035447698805014553,0.006574685906191925
0.005492576587012137,0.006924112118382081
0.009406706417730441,0.0039019049370800753
0.005969948129077179,6.069223809925493e-05
0.006365944492205174,0.004556926780052867
0.007647328009462549,0.0025542004212728217
0.006183711147523937,0.0016904016905202827
0.007502109981487607,0.0028981528303790105
0.00896010481780005,0.0032977546706725053
0.005379156087467002,0.0011872370375571447
0.006131628244770607,0.002642750402376737
0.006764049176599035,0.0010304214389457817
0.005381781095890588,0.002235605235092443
0.007466071768324919,0.0020114608479935726
0.009787332495284753,0.0061302305148612235
0.006022381191614348,0.003988674020472045
0.009181458577098487,0.0032768405941907934
0.006634441915913076,0.000669888935446613
0.00873534712589248,0.0023278990634402804
0.008899767564987202,0.0015156239434881104
0.006627721684661889,0.0031115132061176015
0.008564602175658274,0.0029288754144025705
-0.002348216334138363,-0.0015981795095841205
0.002840992627361854,0.004496037165307927
0.007214688436456577,0.005567056123503962
0.008904661760663674,0.001964242360432949
0.005155586134027589,0.0029947907496131786
0.007689460662797797,0.0020695132797501434
0.008556620571232017,0.00193120011161703
0.004288434313854185,0.005020454403378218
0.009612009062555249,0.0014768203967988492
0.006685481895599664,0.0025449747657342245
0.008614487562315283,0.0015279832877701603
0.009072219219145746,0.0013647734486676192
0.006435599978752956,0.0022384282366381923
0.003969024927302696,0.004571737371040819
0.007002251097163905,0.002105383484646225
0.006109434445405522,0.0025404129143177818
0.007902125708276926,0.0023178086410941875
0.006934108779880916,0.0023168636691405856
0.0008152641104104807,-0.0010074524868051203
0.008427011616572864,0.0018745548456633567
0.008860624632368027,0.001237753430250347
0.006901794777736859,0.005490505292415055
0.0054714891219727335,0.001448231400244849
0.008190904909868974,0.0035403344131174725
0.008013812532109622,0.004002764930717249
0.006104531436077651,0.004329318614797526
0.007424255612688074,0.00189309143832974
0.006889581294017405,0.0036229802182670724
0.009710299336119499,0.001500091002054108
0.009694362767950878,0.008522181504737068
0.008578754778981871,0.006199881451732267
0.00713718000752022,0.0020255810280960136
0.008087571445140725,0.001491809144041162
0.007684207561348958,0.0017950764743039924
0.006968660785630411,0.002047101652856137
0.006095810125042406,0.0026198925956652163
0.007934917836705736,0.004897281829921149
0.00993737656013979,0.001690017079262602
0.00878504969167879,0.0015515428030853816
0.007920958368332185,0.002523128852596067
0.0038903961895349433,-0.0007242227211605792
0.007173932726364135,-8.514090191872638e-05
0.00897481693350507,0.002883183310704699
0.009327828956111065,0.0014330381263923091
0.009010476797396427,0.0022027419341694695
0.0072236599884873045,0.005193466949617892
0.006445559532320939,0.002045176749552402
0.007683233492039058,0.0005561115437534847
0.005584184297928007,0.0036127642687643216
0.004664127490406681,0.006406214110891517
0.005503665412402556,0.0013933698661424774
0.005865699130344848,0.0036798526496586346
0.004271177312404483,0.005437648335121395
0.004986171803650163,0.0008650559547415792
0.00932140862859144,0.0008494549022306751
0.005168955078650419,0.001883418278890124
0.006846190466404546,0.004710778191772001
0.008726273726538513,0.0043933092405679065
0.0061839069920267605,0.0010655315099658298
0.009365525120522833,0.002111215917750776
0.008325981926029253,0.0009367427781506923
0.009890171926652317,0.01097542795071613
0.001752147503924226,0.008106213602927785
0.005891384052187648,0.003507269404579662
0.007130071233967986,0.001133599479466698
0.006753719041926391,0.004216926487445311
0.0034883449927129266,0.008992989285768563
0.010239984240494883,0.004825186732310664
0.009348583387431287,0.00694132164336487
0.0071830747014951565,0.0020532160232052637
0.00896961184641627,0.0015727544780573914
0.004850446037521103,0.0017982686861667705
0.004853325870293308,0.0007652154343821826
0.0016303570267649711,0.005290992844890432
0.007024323729694967,0.004120500010682865
0.009356833272073515,0.001788561214531333
0.006601873089285041,0.0007890025676019694
0.006442340894355924,0.0030628880870462926
0.007334029390856845,0.0011385858383116954
0.00937498261067369,0.0018833092534847745
0.006838212121020603,0.0009867175464069022
0.007445673570562632,0.0013515244481440668
0.005004391819570416,0.0024830308640238176
0.008933348801584867,0.004072681717596787
0.008947015533368626,0.0018151399505422433
0.0076187691462648,0.001741512175672622
0.004226773814028558,0.005213219759991889
0.010033632531716234,0.0017377487533973097
0.007665935226927723,0.0013667486222578478
0.007757952524129822,0.001180508348724658
0.008449165411070641,0.002733246165154353
0.008441124795432327,0.0012353869208301428
0.008796048591887859,0.002608261439545201
0.005403049873895931,0.004824006270535638
0.009038037369533625,0.0022040163279314134
0.007624307108749706,0.0008830327857384367
0.0059684446432735905,0.003126809119953656
0.005140770735911487,0.0065363268455511814
0.009292834549366009,0.002583527266407603
0.009292235679519636,0.004863454097490144
0.0064367038697354375,0.00222573425335824
0.007051452408046124,0.004446093593992468
0.00397486490419038,0.0053278465645723375
0.006231683412508832,0.0044063702415072835
0.006222367916829116,0.00262867284954188
0.008650518620600442,0.002503094711582379
0.001140449858086967,0.002856058135394398
0.004452669002623713,0.007128270458120818
0.004537881191947247,0.007204773600601467
0.008340303620288928,0.0005736338799799331
0.00502859675302259,0.0029424314046202623
0.004186938679489184,0.0022640743594764274
0.010477554924791868,0.01106209860074868
0.008487972555242647,0.003811657375220461
0.008951649072089075,0.002508884532155503
0.0037651028173217548,0.0019767904476984738
0.007919417129438036,0.0020364982925812018
0.008206180756734889,0.0028402672949934937
0.006685273492992494,0.005949221846969681
0.005550552277160356,0.0031387473822564443
0.006740300904305583,6.567434293107237e-05
0.008975652293029188,0.0012881483220316516
0.005231193491190869,0.004487084186504291
0.0073495007928706625,0.0019202240934221154
0.009245194079432587,0.002063682446034093
0.005467340967875532,0.004469941788125748
0.0051260638545299955,0.0030329561705634226
0.009093820522155415,0.0021517090607825968
0.006626940350936989,0.0028561335050570364
0.008904234961545285,0.0012576955989100592
0.0067265613313360305,0.0003782404901983283
0.004691790206203835,0.004675453678151016
0.0047122759699301815,0.0057099532964737625
0.009575270296445,0.0027258108532323263
0.0074458766104721795,0.003618132613635104
0.006626699949975393,0.004413360250259022
0.0075352276396285405,0.0034137245497750613
0.0064584648071775805,0.0022570814421083957
0.008940870035814587,0.0031606406159706314
0.007461725021585224,-0.0008682912041357467
0.007692929174995283,0.001140543938482702
0.005611330075110976,0.004257061340166268
0.008933819603206702,0.0018393823782101573
0.007103179066603568,0.002075082512659
0.008048157837885435,0.0017584880734827493
0.005692272604389003,0.003640430425798635
0.004457188358622298,0.007506765385976798
0.006968104887200576,0.0018217482050107018
0.005893973202551944,1.9028762033749397e-05
0.008512811178902202,0.0020813353315608327
0.009535394591553444,0.0046855722606670945
0.007626656651705174,0.0034081507012706435
0.005554565009867952,0.0042856858141574845
0.007865850168132993,0.0026287317517869994
0.010529444500440157,0.001723543922761943
0.002479501174815814,0.004610839171199301
0.007160805497173138,0.0004662059613321475
0.0075125680779439385,0.0028253808368360767
0.007122307987170646,0.0038053530292452885
0.00395000522893019,0.0052730353128726554
0.01072967823757684,0.004308347508099346
0.007939251196678076,0.0017357237571592726
0.004173208743798242,0.0025525853660199422
0.00850910991577299,0.0012284284003262393
0.0066776210881513975,0.001620313111877083
0.004173208743798242,0.0025525853660199422
0.00792387306718868,0.0024212604528820163
0.0072236599884873045,0.005193466949617892
0.007436213215735536,0.0007186395377112931
0.006846190466404546,0.004710778191772001
0.004784572094731542,0.0056271461222537735
0.008259070168025948,0.0030012525916672667
0.007516495597097794,0.001445817766686599
0.007053258421677511,0.004835580897459244
0.010236330314816092,0.003628581203373096
0.006449634976101822,0.007596018212229489
0.005900569783520076,0.004283936817176357
0.0068007809694218746,0.0022028797767733926
0.0029700649398970227,0.005211562760572094
0.006786488241350512,0.0022593239801259653
0.006576284494491354,0.002785124003330244
0.007157724937487459,0.0037054805002347015
0.0076187691462648,0.001741512175672622
0.0035006942099463046,0.006477188431778256
0.006296433740196467,0.002848045969868782
0.00796477775270084,0.002306716931474686
0.008869749660449174,0.003920044960844923
0.004728020123179239,0.00528072639087524
0.008636150542904876,0.002882720884521025
0.006104585973384166,0.005918906425429178
0.000456511771011363,0.0028288383343805035
0.008456055561862576,0.001852428463629303
0.007918071493076866,0.0019428090953094914
0.006750988668462533,0.004795647273826148
0.0071841249337246445,0.0005160220507906821
0.006842750634065349,0.00409522410187285
0.00912369574577972,0.0022297619027733693
0.005672193173143408,0.003571043250921019
0.004728020123179239,0.00528072639087524
0.0073913237147608096,0.0009556128808584623
0.01000473161980514,0.0015958952016701892
0.009082545073781204,0.0019379097106546625
0.00793459237177016,0.003082477319699457
0.009032079533379016,0.0015957548939251158
0.005760816500180434,0.0031213770668003776
0.004784572094731542,0.0056271461222537735
0.007667648053956454,0.0021140428859091516
0.009264381162468475,0.0039768658195997
0.006846190466404546,0.004710778191772001
0.004904501186670669,0.005587381014845582
0.008009333677559936,0.0021815554704396785
0.00836713318600777,0.001840893428189186
0.007449056200115179,0.000895594893916607
0.007325080201757312,0.001483533108166183
0.008830737498425528,0.002134206926131724
0.0026180011132967964,-0.00039425371658533426
0.0036684718383040707,0.006004341886346084
0.008501942313897372,0.0051747714747390075
0.009538239146009701,0.005174780197381845
0.007759689029415569,0.004428137236506476
0.004842577124218872,0.00557916146637402
0.004733629757555603,0.007455990688937238
0.00507977910904788,0.0018596073665366891
0.007068254111471075,-0.0007784578145378605
0.006144341876910982,0.004549629601288671
0.004241656058382557,0.006380033145407341
0.006844547809316001,0.004704151397068217
0.006619149251331159,0.0010446044560029379
0.009266287436822049,0.0038158252863996394
0.009236186441517967,0.001332715553272832
0.009989496209305216,0.0051190495611017
0.008349694119862703,0.0013156608260030834
0.0054806111572118805,0.005449111839116012
0.00922418305001959,0.0027716141794338414
0.006614895857842195,0.0017876134530348453
0.0052905957110204235,0.0007934391777679826
0.0041440573784963675,0.003215987815768458
0.006414458307180128,0.002386669556242898
0.00996399569887505,0.0014142912748971777
0.006844547809316001,0.004704151397068217
0.009332830956646315,0.0020972423568384295
0.007046651412704891,0.0017253787547744396
0.006067983653123201,0.005497103231602373
0.005886152018920976,-7.738722496006267e-05
0.009126741014505977,0.0020453520560181244
0.007620986639976591,0.0013886866916815559
0.006211937925538731,0.0031649265123064587
0.004659611464524467,0.007803490616991829
0.007954512150832666,0.0013402332073080558
0.009497836113885414,0.0014366572203264117
0.008939945522799423,0.0024719714719122687
0.007475596866951347,0.006448119099835885
0.00910766276448911,0.002882515378746354
0.007136221683123566,0.000515605529002771
0.0063433903616857985,0.0018501918170886443
0.006286078261690728,0.0035140788165853786
0.006637786303339559,0.0022964658179397204
0.012391089895862793,0.0030441805245545444
0.007225765308644821,0.003127406827093444
0.010117614106236905,0.0038120840540434514
0.008287288061651195,0.0030874905958440937
0.008664773698377365,0.002780933862734881
0.0058495904085155365,0.002739111701158449
0.0019661791934974552,0.0005308288197000289
0.007855524700270226,0.0021483889907181553
0.0026415919719232697,0.006684595973869434
0.006881186433803553,0.0016322666121859064
0.00842058625191708,0.0017698615757160002
0.0031496087500782173,0.005089607415617423
0.005849434255282197,0.008848921814315262
0.00914011097768148,0.0019411210533889379
0.0032392649434070473,0.0006737091924116428
0.0071830747014951565,0.0020532160232052637
0.004992347643387184,0.006445994140279778
0.005327335949575551,0.009636976999284577
0.0061989389246188825,0.0038592479904620263
0.003774618851082114,0.005404184419259889
0.0036684718383040707,0.006004341886346084
0.005254514670822323,0.006431221503898608
0.008587171871987173,0.0027228363625870534
0.009176175456974842,0.0013148205275617239
0.008743653431141,0.0017546843904797643
0.00925909980589092,0.0018213593489780243
0.006187787591660375,0.004527592000691579
0.007556645878932404,0.0019231394552113243
0.005990701885986533,0.009435935526912895
0.004182666032565153,0.008175227331573037
0.00856737552411983,0.0035641384904853924
0.007102896904666558,0.003702189166464087
0.008018556736369841,0.002328979864552065
0.006827137792385892,0.0010718408439169772
0.005281438023553406,0.0037170517108998267
0.006920808507481373,0.0005437594864562672
0.003992096179994225,0.003962490968762672
0.007542620221272601,0.001499440455401355
0.009688021682187443,0.0013915228971308913
0.008585879663642285,0.0016454866857510174
0.004316378677113829,0.00744570879102222
0.008746495086207234,0.0013121517944516495
0.008273931078721992,0.004164222792561252
0.005508865925908512,0.0065980239951699765
0.008363296897674686,0.002882845559381987
0.003236078254713194,0.004728578103280237
0.007067597080336293,0.0016330991165476195
0.009142707220249433,0.0022480424139954946
0.008871711802755304,0.0016453200734829355
0.006735283495179194,0.006087479831988547
0.00345504441416598,0.004941067378142353
0.00871838073156466,0.0018689538858225737
0.0075253869439275345,0.001321576014636905
0.0035038616273196143,0.0067282457814822364
0.009278813493580142,0.0018322796867706768
0.007762764618842567,0.0015686199266274755
0.009390950814653347,0.001363526052811921
0.006526560770971206,0.0030942776397798275
0.009379118500465012,0.0018935680494857948
0.0074932164098370805,0.0058476543543144925
0.005990623022691375,0.0027039908417118667
0.006157585079824364,0.004587504220312556
0.006236339057948712,-8.935588996880628e-06
0.007595623245119071,0.0018079680810860147
0.002395739998170077,-0.002766576606352869
0.00968246100068805,0.0024789356422352544
0.010194365409458953,0.0033812557367277393
0.009624858249028204,0.01106072596201041
0.003201881881176239,0.00606232499575898
0.0077919771979726325,0.002066826315773711
0.009441761634265002,0.0023153539706998053
0.004627928220299524,0.0040866245744347425
0.007056189044710054,0.003529244892068905
0.0070837713329668615,0.0027241166018617848
0.007457218400871627,-5.454740808381875e-06
0.007259167315467324,0.0014783039336476586
0.004189226243709222,0.00017332282820061232
0.005414011877011758,0.0018937087209548592
0.007311371616419843,0.005172044918430287
0.0073552675257082065,0.0028362402103475483
0.006811214667001792,0.0015198701627439199
0.007422965348812009,0.002816323667586651
0.005722684389508284,0.005619918846112118
0.005077791479099656,0.006072942117241423
0.004960739540334484,0.0031533514104252246
0.002483971537411811,0.004360588714448079
0.006424578476932955,0.0016241374663280694
0.0052672097997389245,0.0022460014170122625
0.008498121832761595,0.0014682615775376585
0.010025896522642106,0.0035104988120032484
0.008994310839380773,0.011134946385835233
0.009260018009453592,0.0030598097365422136
0.007233557441700764,0.004101656991483439
0.0065413160640676385,0.005234289255426402
0.0060559501483703196,0.002429469020388423
0.005576744669797582,0.003507777625418946
0.005822679484903063,0.00103675947976215
0.005720317948925899,0.001989582356721032
0.005594559212906049,0.001068797623257024
0.007282462440034441,0.0036147938425367832
0.00505091501451475,0.003457439014188932
0.0062805262961760765,0.0007267247196818469
0.008792238670201236,0.001675502254752415
0.009441100650958217,0.012466420329624755
0.008130049826738667,0.002210095769642719
0.006328514978189105,0.0009940171461149828
0.005638884532662941,0.004440078681077248
0.006541333848483106,0.001628923476560404
0.007660279460130523,0.0016575721112621518
0.009952193898436046,0.001819207279365704
0.008253125957408961,0.0010494066899892317
0.008201815403083096,0.002506958029883405
0.008590338155901139,0.0027004652271574985
0.006688268636538963,0.0005626711236668717
0.008282232252495636,0.001894326173346974
0.005106697177751612,0.0036106095492310824
-0.0016544879450246406,-0.0018170430080137997
0.005649648988836506,0.0013278105574228167
0.008904484050298547,0.0059204753428119565
0.007704863396381613,0.0030942988662334987
0.011197279468755645,0.00783677909160899
0.008478467280314036,0.003291829170084742
0.00847265320624103,0.002065024232903211
0.009686009947748611,0.0020220474309499683
0.009280648834922875,0.0023313437910140013
0.00947772135726678,0.001764719358669565
0.005613436482798374,0.004557490843547491
0.009538239146009701,0.005174780197381845
0.005820467005630109,0.004059843163437157
0.005302433844546624,0.0021996373379649294
0.006259612251775951,0.0018844975336866085
0.007875326207074505,0.003655594837215439
0.006495382791459139,0.005672425835736329
0.009829262746443242,0.0014937264349990636
0.008894828462893621,0.0028448894343860755
0.006155302636778749,0.004549608294028515
0.008671532783419806,0.0016516133843558108
0.007210864701823246,0.006564546571083485
0.004111744820430434,0.006622090514723783
0.007001600496969684,0.002460116406133985
0.005632928913326587,0.0031239375143648877
0.009214968658290378,0.0022883830027054415
0.009314283268528572,0.00269643083496866
0.006779553104730517,-4.524310412279062e-05
0.006519797226223514,0.00496601242127856
0.007931218174274942,0.0019026027381190622
0.006505570243303104,0.0002466737529949834
0.006195263368529209,0.003085584492408695
0.008973947740389104,0.004859554309447257
0.008783146400957604,0.0022369618491260837
0.006546352846713644,0.0030240434386172793
0.010080551729280426,0.0017253305936264316
0.005943833935886742,0.0027108830961664852
0.0070585843990388876,0.00455502885763192
0.007670465914951386,0.0016671693906996736
0.005479795184741258,9.605204165514386e-05
0.007462429053716785,0.004024515978898986
0.006187787591660375,0.004527592000691579
0.007045064694102622,0.00411716686541951
0.004664043756580541,0.00666722971337003
0.005429162320558537,0.005154193587514154
0.0074420632240381375,0.0038204698949514566
0.008990549400728506,0.008616185494610368
0.008148642272063794,0.0064618254658051245
0.005093911659306338,0.006374686959318919
0.008031908383589425,0.004722197532199326
0.007493848702559416,0.0029212981615297034
0.008817396509125434,0.0014849030403961934
0.00756876293198724,0.001155571343641899
0.005448688987460358,0.003532807901758441
0.009157421477335156,0.002386595007596971
0.0018797602813438244,-0.0001809928164678053
0.006901843503866969,0.0019733627056359527
0.009368223436251436,0.002177364017936485
0.006561953378478378,0.0048114285330885225
0.005017479783956259,0.008505535951362523
0.005995850686316055,0.009389890527057895
0.00746556778303238,0.0037281151056153244
0.009045934631282577,0.005858059298816839
0.006726695956708599,0.0010933669078190761
0.007553575269826697,0.001304212218692231
0.0028858991965239732,0.004770041507838236
0.004063584249398902,-0.0017004801944223106
0.006091862008985439,0.004501632166399911
0.005756922918186728,0.002366048144734063
0.004112443291555554,0.006667202103411736
0.000712624823296093,0.0037651840211610447
0.006927258781730755,0.0016601389543708083
0.0032428212728454085,0.013723815647061866
0.008219773596251038,0.0025913685281609283
0.005907038424120572,0.006101127959383243
0.004004557375271734,0.008279103240015783
0.004671636744685355,0.007167584177051456
0.00916546320752449,0.0018912698798862967
0.008218147698552156,0.0031504950554864597
0.00972282524803034,0.003392783414698468
0.0069554639213645275,0.0018049087470782725
0.006280032296155472,0.001998850491151452
0.005823372801005597,0.004896210799017113
0.0032761977060717165,0.006378273154354006
0.004894069140560214,0.0055066707172741775
0.006207407295916792,0.0022602137509073325
0.008399865278682965,0.0018234949599658084
0.007224033560096024,0.0025577664390564183
0.006061040679567593,0.0008320738896393787
0.005953223269962356,0.002939266724575497
0.011956841863744242,0.009284984878201053
0.005508535837343105,0.0036410224857293446
0.00885582308335011,0.0019066957436624007
0.007435175255770596,0.007567995573810925
0.006365944492205174,0.004556926780052867
0.007704942323342451,0.0011373693511804103
0.009015316722777241,0.001183171727979859
0.009228251285911813,0.0034787297298059083
0.0003874511715394697,0.0031349096669496604
0.00766523608854252,0.0032637895861595484
0.0015957855811236472,0.004362653017727495
0.007572811804452587,0.0012278618594341924
0.005145080815311877,0.0009280439795697542
0.009955941495630144,0.0055070361445078144
0.008590338155901139,0.0027004652271574985
0.006802047203390088,0.0041437474530668945
0.006031608217108406,0.0026866405455778395
0.005847411993706467,0.0027483661953565533
0.008632082281043462,0.0020225089876510635
0.0032196172909799486,0.005526965650316083
0.0031484176296492517,0.005266529338471747
0.004894069140560214,0.0055066707172741775
0.0076203726803737,0.0037174820620756613
0.006099962858659277,0.002134616309988467
0.00437450001157809,0.0015001977989724984
0.006481858125761507,0.0020581980320246995
0.006181982522631118,0.002592334143017301
0.004999781236941329,0.005711864646740257
-0.0008344149429210359,0.0013390604140572663
0.006037503896306822,0.0010627569010034608
0.008996766257971193,0.0022717144396163947
0.009232114458896224,0.005134370799177
0.005241993735894022,0.0036335015784954823
0.009252919375892274,0.0040338501207082276
0.005584502097600773,0.004254030138892919
0.009269855657182045,0.0015735514396964237
0.007727663799792573,0.003970918212818619
0.007665709845702841,0.0027082483041134062
0.012022570187980848,0.008893383823492045
0.008603700422143819,0.00277419555876766
0.00590712971579079,0.0008254940764928463
0.009759421661007925,0.004703287732939281
0.008374898178663957,0.0022662597416095625
0.006938330523971229,0.0018320122108261934
0.008546879352641788,0.0012748604116673149
0.009073964345516855,0.0015650986050964356
0.0023121405224226536,0.004151370595292886
0.007468545535875356,0.0012550846456906573
0.005993162841973013,0.002238102172448498
0.010370451419796237,0.006932601834576833
0.009910082816848475,0.004214160473618459
0.005196417390093537,0.004389820996832567
0.010041677438830346,0.005323214523676388
0.005132983807366931,0.0025861005195570354
0.004967073187428939,0.005195649594615251
0.005274024192450488,0.001673708114228777
0.005860366144606388,0.0005754371163576039
0.004524297138574501,0.0017456759615167398
0.008328743286019853,0.006113056212949461
0.008887736183047064,0.0020146404428101738
0.006949794731147353,0.0015921484233198035
0.0066987993393744436,0.0005141698543365426
0.00869500386231906,0.0021511324043754767
0.0037416322473494404,0.0016177001044860705
0.005855038132809738,0.0015707324028304019
0.005280585557721805,0.0023849731888904123
0.007000404294467757,0.0026474775680167617
0.006889918859058997,0.00210188430660279
0.00725578583303529,0.0022416424286528167
0.009690083612712301,0.0020335210521361833
0.006614796959867214,0.0027181230558197362
0.006527739531720342,0.0024244835498838163
0.002391352589874992,0.0031048219306704728
0.008312835496642974,0.0010813555184279577
0.007848084240638549,0.0027611454090589243
0.007425709745150869,0.002998052881565112
0.008919859428914717,0.002474724302250776
0.005283807948689915,0.0015663695893329424
0.006975165374658475,0.0024057803688877968
0.003601967907664271,0.006884343662147658
0.00944589533910988,0.0016783911818696456
0.00591994450928024,0.00458833253391566
0.009555953705339598,0.002085448780554728
0.0057980033157548185,0.004478290281400537
0.008909359419263272,0.00239152826050247
0.007088325447508448,0.0028307739983340656
0.0025092201561416755,0.0005303315753938031
0.009429927369475444,0.0024596391843817863
0.004910303322077755,0.009976969407931096
0.006187796381751166,-0.0002751634582541969
0.008587493033700733,0.0015429466466979121
0.006977018014389085,-0.0009656556951337728
0.009148644989149229,0.004736790691039071
0.007494062765750299,0.0025627940623625537
0.006864562754564295,0.003897949110164699
0.004192957806262721,0.003638125048366793
0.006498705555190118,-0.0005469094969898242
0.006575902832399826,-0.00033136865411594225
0.0063959019402573284,0.0030608252689248586
0.0003847926008000062,-0.002204655550168113
0.00880039323153294,0.0035411407280981494
0.007711723938776853,0.0027027158330249932
0.007882143118944827,0.0014708233219857241
0.006319305957183002,0.0016113371077151294
0.00530435314687277,0.001970112877966083
0.0076794503162082375,0.004414505402162426
0.007596341028510355,0.00187457151557826
0.007310287503385693,0.0027606871699956325
0.005227441296545761,0.0005318397854936398
0.002098559787592144,-0.000793092200226087
0.006577680661252406,0.003113097466707796
0.007735658578281151,0.0012703980061723325
0.0037610720967368675,0.005330525444046389
0.005624502255029741,0.0064541211379081425
0.010112473101259786,0.002251236955333272
0.006365944492205174,0.004556926780052867
0.0134189708307316,0.006373159183035681
0.008696389899349902,0.0022284953125185384
0.007293379494557478,0.003505965695329033
0.005267511220602606,0.0018528682987111952
0.0037456254851638672,0.0018411899615315384
0.003532292277982598,0.005820707424835874
0.0048940797115580815,0.0063270477268543126
0.00980118474984417,0.005063809706308668
0.0069534059010269164,0.011077317753847073
0.006623282465120884,0.0041780989473376925
0.008392695665386082,0.0012631675243291122
0.00678011683342928,0.0015063293789648567
0.009748058908510498,0.0014353474629393657
0.003245500568796628,0.006497990698041569
0.007050561093480226,0.001955037541733858
0.004423874657427598,0.005330604686892837
0.006923432973921096,0.004752812732342514
0.006811214667001792,0.0015198701627439199
0.010597791872874494,0.005516911018276198
0.008592466030315948,0.0027695521621096154
0.006389397682601648,0.0021252682772938594
0.007531017408397071,0.0030587379821547054
0.0070468229770504235,0.005029144146704394
0.004610720475875939,0.0021474709147394086
0.008078931573702071,0.0027355596579514436
0.005572052559726533,0.0042687240156693545
0.007197073898032293,0.004402194705633374
0.005339861416986443,0.0042643090779232
0.006320710303649391,0.007043139330075013
0.005807808409729615,0.0040726472905235804
0.009972784103282829,0.0016544143192661377
0.00843006572140467,0.0015751908074503242
0.009288294555334115,0.0020371511229590146
0.0037693276898401627,0.004880303323577222
0.006498074561425439,0.001703235773917667
0.006807298807047999,0.0033282461935229667
0.006843254193725905,0.004395318378877522
0.009284605540545873,0.004518896697923797
0.004892974311413982,0.0025374147467287396
0.006371900229420143,0.0023900882877557605
0.007413164898420965,0.0023638292225469587
0.007267982864583921,0.0034089188156226817
0.003623176436641352,0.007462647087579445
0.002840992627361854,0.004496037165307927
0.009022270429740489,0.0021919285818430096
0.007766632071692492,0.004889231534792476
0.009341054815042275,0.005463450232271093
0.006892790457477276,0.001895376743717635
0.006737515376676998,0.0018222686063631144
0.0067155998428326345,0.0035447197698001117
0.009432558245480602,0.0016498362527490934
0.008456658890025486,0.003133252134532744
0.008311382006149273,0.0022469017061409156
0.009302745322234988,0.001971357342549866
0.005647520979942737,0.00536432628151239
0.006940557677074393,0.00024330392144056648
0.008844291350878528,0.0016359090882492244
0.006522721513308628,0.0024997882262872643
0.008824943353584722,0.0027056392657563016
0.007005442044061758,0.0030770324999708815
0.006268660493351378,-0.0005499059272824017
0.009862012882202644,0.00392440363396524
0.003932217953964074,0.00250888176928154
0.0020461661911481566,0.006884462371571762
0.005596283252314928,0.004463058965542015
0.00852194037169114,0.005600053933266215
0.0056319253615653595,0.0009150463837711469
0.009184098707824148,0.0020424027336623457
0.007307539010758086,0.001080191704114177
0.006674507758826931,0.005953877711258905
0.00879254831020784,0.0053640806321027116
0.008586111637907129,0.0030792690538971497
0.007395898036469798,0.00448179016432801
0.006589669404461356,0.0006464430057777533
0.00518455216166047,0.002421455522240606
0.0074117019780377364,0.001484089910691445
0.001535463619336967,0.004725957552692861
0.007859132824975834,0.002163770913819479
0.002682201894396278,0.005598632820972924
0.007311371616419843,0.005172044918430287
0.007651403175235087,0.0036683904530594013
0.0038167184915713255,0.0059910041582221475
0.006738555004143451,0.003388056815983728
0.005085076056785204,0.0037861167335841318
0.008018556736369841,0.002328979864552065
0.00704546309458481,0.0015585042677022333
0.0022361914043348193,0.006456115257142561
0.00760249759399392,0.00040670895877850145
0.007310156178435027,0.004825963083019417
0.009581785195765581,0.002787370954671053
0.00685035728715749,0.002028374241510939
0.006814182179755743,0.00264754269240399
0.007270065324390942,-0.0005080428619362726
0.006023363018705975,0.0028033528366442993
0.005616187539912186,0.005584703171742212
0.005734154509898986,0.00200285472589928
0.008949224353026006,0.009847057166206895
0.0042384828308072,0.009004721127077422
0.00817314446708087,0.005353166418289656
0.007343061108122661,0.001585314547471445
0.006652607603616068,-0.0007217396953508679
0.004987732020142166,0.006292400966906836
0.00915294250407503,0.00191242982010985
0.009810078055821379,0.0014375425499286842
0.010955877347735572,0.001726454055309949
0.007617609523407008,0.0029267203635236377
0.00897203006969926,0.0014389417063587293
0.005494282800785343,0.0025225715964407756
0.0056678030258061375,0.0035637155130353645
0.009208640495148614,0.003529341935194369
0.007248497356403602,0.002274036886450982
0.009234459974995389,0.002532244453325958
0.0037213243793661026,0.014340044576436723
0.0053272295394922835,0.0008083713860219735
0.006984291809941052,0.0007260633525117627
0.008664773698377365,0.002780933862734881
0.005429162320558537,0.005154193587514154
0.006180994692568358,0.002047657563940244
0.007606715934095986,0.003646860914902272
0.007050736074106634,0.0024778392812601483
0.007833068357868426,0.0020981821856780906
0.008522240878582325,0.0018456075326939037
0.006080554468218825,0.004914871953877341
0.006436465920317186,0.0023327822035617025
0.003680290344675481,0.0027100798990111986
0.009455920119037403,0.0022767005498037186
0.008692514003733613,0.0014723882052681539
0.003589193116509443,0.0073112466865453965
0.008581934074973492,0.0016084163569831224
0.007573504459818105,0.0022911563774988646
0.006892649522709164,0.0011419510000854945
0.005555315264904367,0.0021844712581532517
0.00603481410094048,0.0019894001979533843
0.008203511206142482,0.0024770903368016416
0.007108418008207494,0.004100916449665372
0.006186797108377643,0.0038408645570978885
0.009416992743307151,0.0020064750297212434
0.006895375323831715,0.00041635712432141515
0.004281734380695456,0.0010992781156132546
0.00751226799318019,0.00048178970363618734
0.004636503597539565,0.0043951461199450564
0.005602798333999593,0.00027752429812395556
0.006880857149998905,0.0018605527510324798
0.0065713171706846644,0.002859816915461594
0.004296434983088839,0.005171968034514046
0.009147594199709548,0.0013580688025025423
0.00606696156446147,0.0002417660106031911
0.004687882091174557,0.005240670531191666
0.00931145872200639,0.0019495076807268643
0.009783028184804636,0.0033494451863134156
0.008122009437585382,0.004323526632085023
0.007149525861326009,0.0013072529043993341
0.0077223641214534955,0.00160604438978289
0.008864459507911555,0.0025829996406523826
0.006846190466404546,0.004710778191772001
0.009531322230408909,0.0013752472999801115
0.0031656479368866322,0.006378288871545572
0.008913339515596013,0.002022863280686801
0.008347660446840717,0.0028075373637074597
0.009487066689001952,0.002651055881517821
0.006963917608039325,0.0013022163594952792
0.004261746918994945,0.006511002692658717
0.007198720314312115,0.0053230317656572535
0.005831768362777047,0.00236200884178488
0.006775479564009675,0.004686845809963829
0.004899194884695866,0.005330551716690016
0.0042531739320123,-0.0007818110893729573
0.0059897621799145685,0.0024623970207903467
0.007919326975893416,0.002055453188447482
0.0074284834409958506,0.006263237359776363
0.007846939318926558,0.0026499356995842963
-0.001102504353447907,0.000371487376051971
0.005581047013992082,0.0016252907489798553
0.004522898958973299,0.007629087601557283
0.004288337421924245,0.0009792162356014322
0.006401856749107565,0.003992458523953904
0.0028763206068510763,0.005255163818547135
0.0067972171431567915,0.0019824626802134038
0.00990864328048243,0.00436209198945372
0.007055397466912789,0.001304483637724185
0.007165493157591899,0.0018430064893449468
0.005974260755303438,-0.0006656727789051886
0.0026662383762412886,0.005607311129117542
0.005624502255029741,0.0064541211379081425
0.0028104916140623453,0.004744359261156306
0.008982913459213437,0.001527797348956533
0.006864562754564295,0.003897949110164699
0.007667648053956454,0.0021140428859091516
0.003944977422317049,0.0054843567866134256
0.009423366620546703,0.0031126909305346393
0.006962944511470726,0.0018555549363008092
0.006782287914545534,0.0016724052089678856
0.0023062642866232587,0.004195053563907683
0.006519797226223514,0.00496601242127856
0.003532292277982598,0.005820707424835874
0.010365615751222388,0.004627036282040514
0.008434577854753399,0.0017525947326848517
0.00502859675302259,0.0029424314046202623
0.007220964925683765,0.0023005167329926144
0.004179544432263426,0.006650205794738083
0.004429689014188184,0.00831188640360925
0.005281371475810946,0.006478935431367856
0.008529074540023503,0.00044461861001440957
0.009088873278302493,0.002410122268526771
0.008646697649792319,0.0021252097395640396
0.005692272604389003,0.003640430425798635
0.009136713827926048,0.0009991520191585035
0.008462972753382935,0.003056956158443533
0.006936494491317775,0.0005577573089895812
0.009199503142375045,0.002294298491430329
0.007871716835719578,0.003971669852213215
0.008450813498607523,0.004313377854218852
0.006914650435654525,0.0020718696717705355
0.006548055849955851,0.0016415790378745323
0.0065991248797888195,0.002910893005904471
0.005256157532322195,0.004844043721481007
0.003981671005049108,0.0067388596830459235
0.005336244335358016,0.012606586764312668
0.004915590050844758,0.00495901719558549
0.0028657987163833486,0.004010224144184865
0.008878763804927243,0.0025801207322240956
0.003756508596709513,0.00776995176885215
0.0034939018921092135,-0.0012394452029395537
0.006825543776909245,0.003268726081704332
0.007805494154177444,0.0020823617982817563
0.007573263230097962,0.0031090666176223653
0.007269766052626102,0.001906127815296168
0.008348914288152941,0.003252104805266289
0.003848010510542655,0.007402946071714974
0.010054471224671863,0.005075123004139465
0.008785970370065116,0.0018164130814411587
0.0065635115309137775,0.009106775006779404
0.008653714710225784,0.0022236286017859276
0.008549978651110185,0.0019374246842960487
0.0066761579859446075,0.00022147349609406147
0.009279744277973151,0.0018396514369592816
0.01072007185650196,0.004425434992492342
0.007044247633656091,0.004374563063599185
0.0058365663378509725,0.00400804914823561
0.007784065540734637,0.00401652484692111
0.009181731289368803,0.006153689431164134
0.007008112347478621,0.003075125484189943
0.008510197505097145,0.0029235529973594705
0.006435841572126275,-2.195188713141269e-05
0.006332843819013717,0.0019658610029576326
0.009242931853425092,0.0013331794665589012
0.0020690526747069726,0.004865972515853042
0.0037848503622031774,0.004549273701115956
0.007549809176646488,0.0018934547503412025
0.00932636111313757,0.0036783985182141776
0.00838708743929219,0.00267964011085283
0.006507405940848034,0.0009738806829357235
0.003236078254713194,0.004728578103280237
0.00916635991487082,0.0011547195421847314
0.009174138208080364,0.0020089250599142116
0.008869105908500251,0.00099798239364691
0.0076187691462648,0.001741512175672622
0.010027799338860754,0.0037268190321328304
0.005006811584260791,0.004648970456973427
0.007746955051829779,0.0029250092502063714
0.0064113481382561625,0.0005081850803927198
0.005036656662935636,0.0036289107071248196
0.0030397140128395304,0.0018704119874600258
0.0030408529069814757,0.005122985682767183
0.009048079149047903,0.003031863209221713
0.006472456976646088,0.0030037287861151138
0.004125629007851628,0.011181622755433395
0.003979188178856655,0.006311432989115176
0.006904292438842545,0.003585686785485074
0.008898748345500002,0.0016655846407143187
0.005943044042966384,0.0028168435623471145
0.005734908320432495,0.003317314895275339
0.007912349152838859,0.0010039016300416297
0.009090882195011963,0.006206770455846205
0.005694392284830286,0.001616018430186504
0.006860239215283892,0.0060148372223770424
0.006348489626709215,0.0020490962286345274
0.006786488241350512,0.0022593239801259653
0.004640186509385527,0.001492718026877467
0.006843254193725905,0.004395318378877522
0.009275865671080925,0.0038127124561017287
0.008384309153215202,0.001751236314971409
0.00909533502287396,0.002647586665341672
0.009796851637136209,0.002976535537928744
0.007535128706225964,0.0018230466379818705
0.00379859141721394,0.00671749020211257
0.0090444436114985,0.0012854518716031013
0.008413465776813046,0.002185067817816101
0.00922757346220568,0.0014822493085502857
0.00987454958597742,0.0016431080509934559
0.0004535982764123925,0.004494331638842816
0.008401949486999627,0.002007502833548323
0.008274140550479588,0.0028188802510951743
0.003542314121786387,0.006376986500645983
0.003601967907664271,0.006884343662147658
0.0097895135910888,0.0089239243319633
0.010516774070295637,0.004926192701673419
0.008711508335944178,0.00447320774273972
0.007066628589896648,0.0018142108843745364
0.009315437155631802,0.0014095299991889144
0.00895530164734007,0.002116561730877501
0.009937143770997747,0.004225373477520952
0.004992347643387184,0.006445994140279778
0.008321471790604319,0.0038392065968711675
0.007669705353275795,0.00202422885204797
0.009528497778424412,0.0014699253102772704
0.008571209679197469,0.002673121073013039
0.009076800329415165,0.0014672407601162623
0.003691049259411606,0.0056812799333548535
0.006837902303594888,0.004134415466358512
0.008018556736369841,0.002328979864552065
0.0026784027003392387,0.00548579351304923
0.005572052559726533,0.0042687240156693545
0.009478739978886413,0.0015073763633349823
0.0064011014215535145,0.0020055283236688854
0.006185341702110214,0.0028139361374695544
0.00715453497116487,0.004756883576943717
0.007881271564717929,0.0011065800164805923
0.003816985103641395,0.004033219831903597
0.008952563348392497,0.004036040489515804
0.006325533613655877,-0.0006744931995771725
0.005691365399109793,0.0039510884626513245
0.0022028587223347582,-5.703551647338618e-05
0.008108478637750124,0.003580258549410789
0.0052795294235821666,0.0020620694871769287
0.008924814477621772,0.002153342222798698
0.0044921196376925395,0.007541575948164574
0.005882663753863172,0.0023680549027258685
0.007437791739464261,0.0042568855260227455
0.009279859386730135,0.0011814591300881817
0.004173208743798242,0.0025525853660199422
0.008077444794140493,0.0025123664200577024
0.008727832152826982,0.00047073696642014815
0.008616238224077203,0.004553815570524008
0.0080257415550167,0.0029286219997704966
0.009229322165141352,0.002172171096049502
0.0033334204210869085,0.005562528185237388
0.0042835235315443745,0.007545192893285538
0.009252832116829203,0.009390839881756858
0.009029533588147098,0.007854187149938614
0.007322499063727006,0.0025761649837212543
0.008721151026197402,0.0010545686007740066
0.005758158315075322,0.0027730907867741282
0.005281371475810946,0.006478935431367856
0.00754655495556086,0.0031007256356731707
0.005023805906690829,0.012915045528013605
0.008038727828001788,0.003087109397604139
0.005008601930131635,0.0033971911103463995
0.008333811604720655,0.0037240267119695632
0.006531806894476857,0.0018620065585798961
0.008372023849023982,0.0032019751018596146
0.006128290075531082,0.0018342647274341628
0.0036288247126528995,0.006932057589616911
0.006315272541982597,0.005186878351715674
0.009355217500066121,0.0016740014265831903
0.0049666465521564776,0.004134552815390764
0.005169639287115401,0.0025921021578958967
0.007398573104653234,0.0006518478708746108
0.00502859675302259,0.0029424314046202623
0.010204007376035126,0.008735056978388932
0.008477073895007917,0.0021760538997133115
0.008383928075469551,0.0018073858772248378
0.006827850185380708,0.0017326337625982423
0.007614736606013248,0.0009687996786875474
0.00577298858502733,0.0031676408073559575
0.00841847721607782,0.0016463887359106158
0.008542236096635502,0.0027218631777128815
0.0030655436757076014,0.0014821357828033056
0.009948726379265837,0.004234520952238908
0.008146020692729988,0.0012799517961763632
0.00877634853865029,0.002768776213412056
0.0027194450090245893,0.011982466087327845
0.0041520517821688535,-0.0004515629902680325
0.008441924729302101,0.0017947004862109593
0.008449165411070641,0.002733246165154353
0.00737162926010057,0.003699886379629918
0.009192970954019514,0.0018034293281473188
0.004183200409589949,0.008151095030948973
0.004429286521814912,0.0010664163251412348
0.009525898682647277,0.0013810937415003818
0.007159026553324978,0.001317867693957823
0.004155661044419694,0.0010362536510386284
0.006812497348197653,0.001143004616205312
0.007035524552790065,0.0014373715133342221
0.0068892124507875276,0.001435503764347138
0.009368270645880623,0.0015388210509019278
0.006226889088555048,0.0027294350959029727
0.00953306461803426,0.0022687088548309616
0.009223322035710253,0.0025029870280801744
0.006454784569026046,0.004075310110715431
0.005275790067987012,0.0011196738760049516
0.000643286396600125,-0.0015106087474342752
0.008750718869991878,0.0014192388401404335
0.0017254819680988997,0.0038640409752778776
0.006143161986971017,0.004540239189292069
0.008611117505126685,0.0012412556256749781
0.007494692739877158,0.001911124879898929
0.007156419679979579,0.002176209631532512
0.010102182368259492,0.0016599769657115078
0.005847460130376361,-0.000445540550390533
0.007325715704090235,0.0014305177262514653
0.009834291774672103,0.005087879723342851
0.006442340894355924,0.0030628880870462926
0.005713782038096433,0.008577158652990318
0.008769627671540828,0.0024932416681616963
0.005075735593714064,0.005059258753632034
0.005023720363335563,0.005360053661232254
0.006940742573055812,0.001849038436695258
0.008315506396887037,0.002402026368817708
0.0062915240783523955,0.005253344635103616
0.006930842298910691,0.005032714853966345
0.009274899910692441,0.0028069103951439195
0.009888082607888725,0.003992536805485554
0.005828537847924646,0.001582116267246668
0.005695180855898733,0.0034244055501609794
0.008121891888828642,0.001184568111922581
0.008211536552464658,0.0018401791721385941
0.0061513441723788,0.0033726035132792195
0.004652078054781197,0.0033953702006247195
0.006995656771904687,0.002011975117529639
0.0085778245636265,0.0030153526942595828
0.007894983487323325,0.0024892261637335864
0.010711536652592314,0.004973979890687793
0.009528497778424412,0.0014699253102772704
0.00395000522893019,0.0052730353128726554
0.002766717447762918,0.005688936724991726
0.007625941431666212,0.001701965726159418
0.003558634027547865,0.007620998205459773
0.00899950780692729,0.002719731362047724
0.0033940735766024343,0.005135766346729321
0.009676545644965825,0.0037879661145810402
0.008912893202015154,0.006411788649189468
0.006428266314468125,0.0012362457205377514
0.007710144052651906,0.0017832282090448704
0.007175241028225194,0.002058264719030295
0.006224740029747519,0.0019790185066978563
0.007607122803229932,0.002891351516495648
0.005450490159998776,0.0016674070375736596
0.00943604242560804,0.002321793234143243
0.001368436110282787,0.004898272347568554
0.0058842016245235305,0.0028690845962128734
0.0071504893966097514,0.0017896819613261086
0.007380382764645859,0.002215257252009717
0.0065569234770399476,0.001711670757277353
0.006575412923776617,0.0026518059814600882
0.002304502789605086,0.002950972861953156
0.004784572094731542,0.0056271461222537735
0.0033440379211261712,0.0033423229687760646
0.002840992627361854,0.004496037165307927
0.008778920016009401,0.0014310862130861596
0.007230434731655968,0.0014639702286310067
0.006205044456326554,0.0026164296657846574
0.00953734238667835,0.001690601269215628
0.007008141769952559,6.0112732009152264e-06
0.006883113347464818,0.0016861467809443486
0.00623871018146078,0.002343969478257487
0.003825721107923951,0.007382455482721037
0.008297169998782807,0.002049576371521011
0.007238361257066544,0.003422579825654425
0.007068213269295522,0.002043085863153604
0.0076867240870751845,0.00199715000124703
0.008134655965223614,0.003292414500116172
0.007458772863558622,0.003746941726583371
0.0048918142791685194,0.0024512501849944385
0.007683223229530063,0.0023145412290308375
0.007403001674768229,0.006115926760010091
0.002000957995230433,0.007513107326448753
0.007193049308411132,0.0021224343041220508
0.008954973602651803,0.0016857010059185239
0.0065354444248329705,0.0010262926913435664
0.0063331288977047425,0.001122623091408809
0.005448304977785128,0.0047904322127610855
0.004251694207849023,0.005541487270781862
0.007500718663382172,0.000991341004243411
0.006214394952053852,0.0001058769744044525
0.004784572094731542,0.0056271461222537735
0.009238803366433936,0.0014263137566746234
0.007628592772420834,0.0015318440393989547
0.007617609523407008,0.0029267203635236377
0.007815657008674422,0.0013976941608259946
0.009363550642202817,0.0023214873128399116
0.008901541702361094,0.003236095431441377
0.007997951790513004,0.00021225980753674344
0.0005180932193007762,0.008646524625035814
0.0068706227826607945,0.0036556826588964733
0.0030825170188881652,0.006033197086679868
0.007765705384990047,0.001618511204682406
0.00921742116592274,0.002400158194142658
0.009049982773651464,0.0009809316890341405
0.005439720538323677,0.004723141719876304
0.002814221176186813,0.00024046517974361022
0.008016172340499736,0.0012243296348045801
0.0021423963425979166,0.001489986466722439
0.007051649388011596,0.0030503087565986707
0.007742541422358984,0.0014486595843471043
0.00925446594461389,0.005700063933827775
0.006301161404260617,0.004438784434953143
0.00834275201467187,0.0010085703067519124
0.00768522700223286,0.0024049454585136397
0.0028747492236021388,0.01315695122417767
0.008576714159869258,0.0014097543128601692
0.003796757164890846,0.0038230000658259133
0.009141742536011412,0.0023269082534040017
0.006239916797277468,0.002902539858024583
0.005737773728473349,0.004192335967959194
0.006858731559581617,0.0023093126750440562
0.009121614985621114,0.0021607884319452472
-0.0014412816325127444,0.0024333225819732802
0.008795497600853299,0.0022212448265339878
0.011824912016872614,0.009474948465699465
0.007526918849109403,-1.9222394571685383e-05
0.009032161066824227,0.0011122752961845346
0.006712499943356175,0.0002505780610279982
0.007836058037619822,0.004046216747289036
0.007020635771027334,0.004658959852018232
0.004300880692946508,0.0017707957261747119
0.004779919921045313,0.005579178733687423
0.005009991867266665,0.006044826837227122
0.009452420817701162,0.0028741340404886693
0.0036044738419669393,0.007399250693385102
0.007706861813318417,0.004882136574523065
0.008631274420589408,0.002239948779648387
0.007277186578670761,0.0027691906609549457
0.007292754695255305,0.00021674544036327098
0.006259989134714626,0.0021962768163196833
0.006979343853150225,0.0019028457154468903
0.007614326664690418,0.00032304285864774226
0.0075071635982581686,0.0025826271659819535
0.008052302046197404,0.002270996472804632
0.003922376132075107,0.0035793552234443934
-0.0005698321770116754,0.001717315490260286
0.006721699620650582,0.002422439137450943
0.006156675551745885,-0.0003125176250195535
0.006890212001207251,0.0015006509675399454
0.006775640779961404,0.0017384173962631212
0.006047107955766722,0.004446477738544797
0.010344840587999404,0.005149420660350642
0.00527694488032316,0.002232116965811732
0.007353326027282683,0.0036579648352218566
0.009364132026587191,0.0015788420663581607
0.01143945389161117,0.008289640365511783
0.008429883580627127,0.002829951858843896
0.009154730881577141,0.0021300691606784116
0.00713587941856802,0.0038398391869558894
0.006475142287270762,0.0029392717208711104
0.006552229105315978,0.0031764596604854874
0.004960739540334484,0.0031533514104252246
0.006187787591660375,0.004527592000691579
0.005164162621410114,0.006251755526562177
0.007379041639851917,0.002993158968298694
0.008871940316979608,0.0015971756295353216
0.009358529090462041,0.0012850725344519661
0.00606921049904547,0.0050651430717169686
0.008640603816819168,0.0029278093101871823
0.008834021939164457,0.0010504304427975918
0.006406264419353197,0.0018607145735486325
0.00911930567373749,0.0013880092387979345
0.005689354291799116,0.0036113321703811945
0.005357510912121221,0.0019320494835151861
0.008620062426248442,0.004179004005113084
0.007874803336302291,0.0017154254317971263
-0.0009561575725017925,-0.001058616391916868
0.004179544432263426,0.006650205794738083
0.007757960015573774,0.0024796719272496496
0.0036684718383040707,0.006004341886346084
0.008969096203832369,0.002031811993360921
0.0054534833273401275,0.0010694453175261482
0.01012693942864024,0.0015316042213222398
0.005626168225883438,0.003748738953319748
0.00700590416920484,0.005805756376176514
0.006143161986971017,0.004540239189292069
0.0069165054701646154,0.00042707472027690187
0.007580262390608969,0.0010981594273277257
0.006639136924519545,0.005265512656580432
0.006557597623264593,0.001142924507356662
0.006491043241990724,0.002184923167487915
0.006116371661324649,0.005858982192147624
0.007233557441700764,0.004101656991483439
0.006901843503866969,0.0019733627056359527
0.008313718633074452,0.0024175141711894263
0.010138032522921284,0.005323330425441413
0.004179544432263426,0.006650205794738083
0.007469962920705344,0.00044886175569194137
0.0035762984055445497,0.01078105154907838
0.006485838301261502,0.002046449225757794
0.005626168225883438,0.003748738953319748
0.007815322404934877,0.001724245598342577
0.005429162320558537,0.005154193587514154
0.006971053269399957,0.0016154587451435104
0.006625729640014127,0.006654770695581857
0.008321283716143985,0.0037489587408415705
0.006693908455941687,0.0029392006911522738
0.006640636301343014,0.0023123794394068553
0.007417292354102912,0.0012642078413589164
0.009694926069593907,0.004951989818785996
0.009387657494452844,0.004112723471284695
0.007198720314312115,0.0053230317656572535
0.009326436602030239,0.0017562457312711192
0.005098520090485864,0.005876788902031941
0.003965403669141681,0.006805125202448225
0.003619223390617962,0.004990658222511396
0.009383190664020966,0.0016718673820378368
0.0073676133740320495,0.0030023789241797006
0.008944727358998959,0.002374900400704513
0.005382272110524154,0.001651803818244488
0.006070931092297,0.0021910061740036454
0.006412905088078454,0.002232222057843257
0.001739974914058644,0.004101399995852405
0.00804242305923052,0.0020221171523829035
0.007331937671596578,0.0033735986612426086
0.005949858152635911,0.001636038837500844
0.005926537243214609,0.001110095159591585
0.008091750774920897,0.004538297538806089
0.004188737532145621,0.00447237833512284
0.0065057486535417715,0.0037714580270194874
0.006440426287188892,0.0011499356232144752
0.005646144193574811,0.0041543554284907795
0.005032413549264559,0.010721150698204094
0.00918259209951519,0.002559111014861627
0.00617506774380397,0.002676819477305729
0.009378640129503058,0.0020115716224395116
0.005643107289374999,-0.000523603499310325
0.006103639755816748,0.0032293442708808085
0.0090755701185064,0.002020527066116856
0.008988690854848469,0.00343030326989888
0.006593105540189385,0.005449381154464033
0.009374368772264198,0.0014301368339474244
0.009826669871231736,0.005619605031129122
0.009260725256969343,0.0018671672562087117
0.008358627710452272,0.00834803422026366
0.006942205624134281,0.003705010191762331
0.005747876463305765,0.004277084583627445
0.008818826005070054,0.0014863474623521625
0.006000402056598542,0.004613246708386197
0.0064088455958173415,0.006146598186274421
0.008849206763958437,0.0021394816908305476
0.0020098196577734047,-0.0005219934042986398
0.009390578510972372,0.001400229532460019
0.004522031149247802,-0.0010202146436133798
0.005528839148234236,0.0014878885168863962
0.009350108981186916,0.010484496990024003
0.006482358701746674,0.0046110489701071495
0.0041438449130906845,0.005988505717550726
0.0031948755712965012,0.0045265189438076
0.008148642272063794,0.0064618254658051245
0.005402823033575609,0.0021008644335437296
0.006838459608874963,0.00388941056101019
0.008146213770794674,0.004439273786336525
0.004982716732054208,0.00014662656547703538
0.009951248569719882,0.001761947909596895
0.009073964345516855,0.0015650986050964356
0.008971425520828434,0.0019922688520789484
0.007907380241115067,0.0029615896811704167
0.004648022360296507,0.0018061870861493506
0.003150942576004295,0.006703870205230916
0.006960101276566317,0.0011182960741656185
0.00924133805041074,0.00214570103083531
0.006784972882656239,0.0021087527120504665
0.0057090630393107885,0.004915161161464805
0.008842667050532261,0.0028043920431629022
0.009224456517801564,0.0018719437127978356
0.00832522050661439,0.0034345716348489442
0.006365944492205174,0.004556926780052867
0.008085759874515097,0.002847147786775411
0.008166321053903148,0.0016233405156638164
0.009749933375647326,0.0018635399782731248
0.009262661813270706,0.0014156412625317399
0.008216568904810947,0.0034043786241165514
0.005514996762861694,0.004492995613556659
0.009385883015680737,0.0032545694371883625
0.008021086326160156,0.0029215574942886586
0.004553571264940749,0.0016633838469495652
0.00902892782856149,0.00589278152103906
0.006549719470608566,0.0029866133562004788
0.0064602663808682815,0.002847903484933515
0.008819543932709197,0.0038517627558971477
0.008589459308351075,0.008213030051846565
0.006814898650122849,0.0016267962355449488
0.008729316068644282,0.008224794272579116
0.00762697761000917,0.0020089213411244545
0.009009988205437447,0.01068710008268548
0.0039060706323304144,0.007142286694631447
0.008765871243286188,0.0043240602624451015
0.004858871560000662,0.0021888003273839085
0.003601967907664271,0.006884343662147658
0.005121120261649809,0.012728087939294806
0.005439970488065828,0.0017808979318043143
0.00761541698372546,0.0014711960687955562
0.005695801711286891,0.0049080574962048
0.007751182122444605,0.001336670417772766
0.0063216056215604725,0.003519900193259269
-8.293641999846616e-05,-0.0011529424212009124
0.0055178648029154094,0.0018953112445380905
0.004649032242656913,0.0034831471051739987
0.005820467005630109,0.004059843163437157
0.007219807764640684,0.0028479477330628014
0.009033906246726092,0.010390895994811914
0.0063057315385896045,0.0035226788942318028
0.0036153307751596933,0.007320382773524413
0.004918880171360886,0.003264113127010252
0.009082545073781204,0.0019379097106546625
0.009237833061625619,0.0014646998429664543
0.005515840585661411,0.0027587477313423016
0.009658642802204645,0.0022483365157922354
0.007745957541849601,0.00225400933354322
0.006157585079824364,0.004587504220312556
0.009252519086563427,0.0018163802339718092
0.008864414276512522,0.0019611846337423047
0.00662558750429938,0.003771365444812936
0.006991659683033964,0.003473671734787331
0.007636449719822612,0.0029581559059286963
0.009335672104334274,0.0032330374699591448
0.00662988547818055,0.002682694842514634
0.0070156658662986265,0.0011817749399551068
0.008359174106722997,0.0008920865288014022
0.008621764573371105,0.0027761275394831844
0.00664979713667757,0.0028199209945508575
0.008891258063569578,0.0012261961800978573
0.008315193283516892,0.002363367747813673
0.0060521642301939495,0.0051827132274964265
0.0033698169814258827,0.01147717233312421
0.0072508068125435214,0.002118023024726875
0.005239016919019969,0.000978549030074805
0.005847790295600699,0.0008509102711682804
0.008304469319072041,0.004245056900395473
0.00611111631800095,0.004501947776936269
0.00701531273604478,0.0017648216860827208
0.009043601798385141,0.0021079306188312814
0.008178751899174056,0.0008356169261663242
0.0049694548348842345,0.0061429849404116225
0.0080038792534694,0.00271918517971803
0.007223025193120135,0.0017393436550148947
0.007090103876153771,0.004002079367259882
0.005528959690195479,-0.00033974170576250677
0.006574787671192072,0.003049374706887005
0.007875354089820524,0.001955445838353548
0.009184015808574201,0.0012702702868281164
0.00918459243438214,0.002332229303300018
0.007595601087801323,0.001487838928661193
0.009378400787250791,0.002121751292773706
0.006785332722061732,0.0014999965436546837
0.00949303122370685,0.0016187100600416312
0.007729810734826904,0.0025372649930136444
0.006830191515512797,0.000547584061899442
0.007636756131966878,0.0023644695979443252
0.009656372271070383,0.0016946663737264327
0.007847862649569912,0.0028891567386853173
0.006561759086059682,0.0032923824808981615
0.007317808663393552,0.002394581822670404
0.006365944492205174,0.004556926780052867
0.006232559347608357,0.002786732035522691
0.006368366659593819,0.0034979561834152712
0.004537881191947247,0.007204773600601467
0.005388152118557945,0.005197162476907857
0.009996471226653527,0.0023261214484367482
0.004814322020383315,0.0010183499008253423
0.006651211593731387,0.0009026479121442242
0.005854691317793812,0.003226783537032819
0.0041018458783226635,0.00038486534577005394
0.006427873112608343,0.0023065632081806734
0.00974786822645638,0.003917782429175688
0.011547537876633145,0.009992790305740958
0.006605087574489004,0.0023382089243752877
0.008057526698197516,0.0016779512226111027
0.008922347479250525,0.002573736397775716
0.006811214667001792,0.0015198701627439199
0.0009768928405969254,-4.695024301920071e-05
0.005328986760403351,0.0017037909570088551
0.00524011018075524,-9.467886957018577e-05
0.009093624994052835,0.001896094248486544
0.007168673144005076,0.0018920449610199145
0.007562351936374016,0.002013383107495016
0.005077791479099656,0.006072942117241423
0.00877679303380191,0.0032694991206572285
0.00830457343655835,0.001091070771294042
0.009020753548479813,0.002063027053358705
0.007836046354032653,0.0011920525292408411
0.010031952961097747,0.00653677905553875
0.009515334190277006,0.001800971137701903
0.007982582915696437,0.0019161784932785753
0.006480842784228988,0.0034463368818025107
0.005835878624694698,0.003326924180612933
0.003775644605477818,0.0022564714720372464
0.0023913186325419675,0.0005001696309151213
0.007416498958501723,0.000993373382065254
0.007135030556603827,0.001756057774993187
0.005384202342519312,0.0046550242057949035
0.00820055910181865,0.0023099818437881
-0.0010359806182815385,0.00028911310259163627
0.007104140119304327,1.610506095211378e-05
0.005912702683967405,0.0023609797435583347
0.007641565866312463,0.0014337812306113393
0.008864074265258728,0.001548273574630628
0.003837599302024969,0.005428044388257853
0.008571112687024061,0.0018263047220034613
0.005654378786148582,0.001209777488804428
0.005046358673944429,0.002191662291507355
0.009351043654344107,0.001797333307017807
0.011981155089101142,0.007740421459126236
0.006616746621734948,0.007464292727659716
0.009285598583585235,0.0019119491710881094
0.007079600159600685,0.0033090170608489414
0.0031618196004392874,-0.0027788388578836453
0.005303500352461096,0.002229238349505506
0.005626168225883438,0.003748738953319748
0.008060565630521925,0.0010645951603823148
0.005844794350715791,0.0032943453875901993
0.009106603130216844,0.002370039981909846
-0.000724317391775346,-0.0002446132142857856
0.007937326939589612,0.0029048156540015446
0.0072255763443933915,0.0015595523651030993
0.008336644656170315,0.003154732245875421
0.010181174367228795,0.0043614876192704915
0.006933863411871235,0.00123549835727867
0.004209372279771643,0.0012064440852370584
0.005849772694549998,0.000920001780853553
0.00771590468454696,0.0049627069437791285
0.009465577351674012,0.0016543620479326998
0.004343681093305354,0.006902432274677421
0.009651593515236662,0.0026059422951292396
0.009556865013386803,0.0046299026831982905
0.0080397664326941,0.003111889290512407
0.007708426699675395,0.005337996669144635
0.009972784103282829,0.0016544143192661377
0.0028096222572131183,0.0011362297361363618
0.008922789378359344,0.00286173957440869
0.009173827968409145,0.004439586648624951
0.00851660139320846,0.0026943427884773084
0.006418989074344417,0.004714345268979392
0.00879940462821097,0.002356914255312954
0.0055146180592570175,0.004709248587418173
0.004410592712943927,0.004796325764933846
0.009932593319610643,0.0017175689346955294
0.008403876252795223,0.0027325371477116
0.0070928898922308315,0.001924199650387837
0.006091862008985439,0.004501632166399911
0.006818818248673598,0.0024102852832233474
0.005865242474170572,0.0046018680878373835
0.006700480061528846,0.0009940552144347857
0.004730308972763311,0.00564013047232706
0.006853626118259178,0.0035004616822548237
0.006674316942708757,0.004179293709586568
0.007437776909518152,0.002873887503133733
0.009604176095836038,0.000921344630003337
0.005178571599468149,0.0019895463199681293
0.009187848914112173,0.0023393770216912696
0.006048474036653138,0.0032561601940227962
0.009782630500753372,0.0053247646565098995
0.010216447492718845,0.002807642778907468
0.0019661791934974552,0.0005308288197000289
0.006741389365338847,0.0037127319031437867
0.008285686642478748,0.001056449567573955
0.0071956334069613855,0.0025030587085811554
0.002743038496445786,0.005160083157700032
0.0012802108950229806,0.004453354203894839
0.005285602961244426,0.0020747924536810083
0.005172868678701607,0.0005705782720653446
0.0020739821535968395,0.005131947899774137
0.009981508749554282,0.007566406273602727
0.0010744268273179423,0.006924439192664948
0.008709237370954748,0.0034932782862822677
0.0034779329819245863,0.0061997665954304955
0.008116021187676735,0.0031071853252224585
0.007765435250896445,0.001581040669158697
0.008560017822896058,0.0014739547502534336
0.00535549842703946,0.0034865669088595674
0.009350197552292107,0.001664133594354333
0.004609191760218142,0.0024736779353644583
0.007607122803229932,0.002891351516495648
0.0048097657657528,0.001993800649298995
0.00815909737028946,0.002608814212501055
0.007268230764582379,0.0011482139215162205
0.005508310269511509,0.004167996407388529
0.00669143313737141,0.003099657236944103
0.009272025243239475,0.001770398712594259
0.006346258598090926,0.008142458328210415
0.009055040807506552,0.0020570418631331135
0.005022910565736871,0.0032790638277256784
0.0089392184593307,0.002246233583597772
0.00761797357477899,0.0020034360796312625
0.008515618565238334,0.0018993822076554473
0.007941653701535396,0.001837681050668046
0.009390950814653347,0.001363526052811921
0.00917022824586559,0.001501396254745338
0.009927450863972316,0.002555055669513683
0.007131512823718639,0.0030262784403585216
0.009859319178146506,0.0013994866417565985
0.0098919063138305,0.002542051529826177
0.008886417951465279,0.002995905385495337
0.009166330580033591,0.001860330378063723
0.003722672210809958,-0.0021344382151419787
0.006519797226223514,0.00496601242127856
0.006890125552413505,0.0021253079435035755
0.0036684718383040707,0.006004341886346084
0.005307413309900404,0.005361420573093753
0.008874278972341571,0.002351338153554
0.00919489561357265,0.001873258440750045
0.0062066956557725594,0.0010717397956139796
0.0038844717426576884,0.0092825221100515
0.008780837990438124,0.0026108683985321722
0.007767064675544814,0.0017389570598206104
0.007327936699174719,0.0014491689337121768
0.006847937817612541,0.0019801460836286937
0.006845555835282959,0.005444877436434889
0.005952771798767322,0.004606275502632717
0.009204800071666377,0.0016905227345354037
0.010017351112591937,0.0041887196743902585
0.006254131795133068,0.004910029209366758
0.006811214667001792,0.0015198701627439199
0.0085384633609975,0.001728103665158751
0.0038558982318184403,0.003085679949177856
0.006786488241350512,0.0022593239801259653
0.009499372237667444,0.0014087298101653541
0.007020635771027334,0.004658959852018232
0.002923136719318262,0.006095559465698088
0.0025572830938498294,0.0028371716958749734
0.006020381951461345,0.0018360780001248035
0.006848297768781572,0.001496286486005847
0.0062467746224898315,0.003495851261770367
0.008832770027960337,0.0022063656406282137
0.004052297589490333,0.0022961178026040703
0.004894162278563766,0.00857551205824991
0.007507721349019447,0.0028250572896593913
0.009559652673330546,0.0012770526719281493
0.006143161986971017,0.004540239189292069
0.0040640708763950775,0.0032259771605401763
0.007464058101612811,0.0018948100766125412
0.005075385682536527,0.002483550169435139
0.00921620402922127,0.002025177778661293
0.0018919361388897186,0.00036589152050688425
0.004784572094731542,0.0056271461222537735
0.006846190466404546,0.004710778191772001
0.005437630201904129,0.005374701998493015
0.005014697102941662,0.007648184403463619
0.006787993497770388,0.0011824525715515713
0.00948116987860512,0.0016353341933696636
0.007573729169478755,0.002729056207732802
0.005799625754888229,0.0012843476787648012
0.009446104627663945,0.002388674201955936
0.009297701773961334,0.00162481990791556
0.00594850876153001,0.0035671061687133796
0.00828387481390696,0.0025891378665516647
0.0077285450453289575,0.0017377071004933062
0.0070132794874336385,0.002030183569067272
0.009943128509685506,0.0018109591254374651
0.007038024360161442,0.0015904602412135588
0.004003241648468234,0.0011097935973717723
0.009921408012251822,0.0018811431179775592
0.00933317360469878,0.0014304597824949302
0.005096161473972264,0.0013382628803280403
0.008399586244895237,0.0017482066611788838
0.007493848702559416,0.0029212981615297034
0.010062120721115314,0.0049911368084815414
0.005893606434300718,0.0006749422687020463
0.004550379857603701,0.0035198728185101913
0.005609801141920253,0.003605171572910331
0.004738285974699084,0.002480588179523579
0.005426430332767559,0.0038966433112519626
0.007052643273455852,0.0023229245621208565
0.003922274284349974,-0.0013592135064167156
0.003166010155871736,0.004964136655846841
0.007783075401513672,0.003951138441676471
0.0073996555919080996,0.002683660734959758
0.00782128994989908,0.001248022240609506
0.004320833243550211,0.0019257477106165311
0.009982804046720948,0.002180557523050454
0.0056741300112039955,0.004126652020163291
0.008961899764953108,0.00444980533357843
0.009056641071454867,0.002907128363211214
0.0054458232973740705,0.005597773709007615
0.009617024550670438,0.0032048079721262394
0.006864562754564295,0.003897949110164699
0.00902450703126383,0.0030975350159642614
0.007334725952201886,0.0016377192775117516
0.006419617065612459,0.0039799577782128875
0.00987562895757381,0.0017776004313853075
0.007222485536916455,0.0014952521592890766
0.006234558733764633,0.0012008965565013215
0.007994047969420343,0.002705539532978282
0.006314834463813415,0.0015144108773767467
0.006143161986971017,0.004540239189292069
0.006883068924879922,0.002127366214520053
0.003532292277982598,0.005820707424835874
0.00502859675302259,0.0029424314046202623
0.008226554841906458,0.0020264910818289603
0.009034324339027532,0.0014869939620411167
0.005206929511158298,0.001384260800391929
0.007020635771027334,0.004658959852018232
0.006520039558689848,0.0019211823456853228
0.007584680747148624,0.0024942076476073324
0.006588131772894211,0.0003277679929583714
0.009340280567378461,0.0013704286824370165
0.007621823976114301,0.0015710783860732238
0.007748520036390408,0.0031030737475225296
0.009227685120007543,0.002267186453179342
0.007617609523407008,0.0029267203635236377
0.004971957827965084,0.0018060708520835954
0.009815841976216003,0.0020328415736629137
0.005465792527643707,0.004773470414272955
0.00236896742149619,0.004368803125939836
0.0066464626019635785,0.0004002600127307981
0.009271008377554537,0.002998092742653888
0.005638583938104081,0.0015833197893855566
0.0089392184593307,0.002246233583597772
0.005623529925108697,0.0018621988993414527
0.00700590416920484,0.005805756376176514
0.004515334362541135,0.005365962307096513
0.00904381276906083,0.0018681304695605068
0.008537640422547281,0.002064392168348057
0.007679616666899247,0.001714111569370358
0.007227238813535806,0.0017518336347303798
0.004992491235878219,0.0019113182830488165
0.0089418157008671,0.0018034929014456788
0.007861327039248411,0.0045201293942178
0.00923342295443266,0.0036160797433992045
0.005347554758441456,0.0006302984629548199
0.0071785013018683475,0.003854569803157094
0.0081348835779276,0.0028873540057104997
0.009144086042312205,0.0016807475993874405
0.008333111988758836,0.002606084412301473
0.008647576310631833,0.0016796806001942843
0.006143161986971017,0.004540239189292069
0.006054259281920084,0.0008520908970273862
0.0077464909062288055,0.0021792986992109926
0.0035628524923194934,0.006066495133476219
0.007623149597431246,0.0006055221231666495
0.00942467888109008,0.005458288381955358
0.005244090645613566,0.005200763949761024
0.001078554494267029,-0.0014576822982226558
0.004824545592360098,0.0012573154791287264
0.0035568011785561404,0.006913714154315206
0.008757348331292568,0.0026703095746962377
0.007586408891218147,0.0025513554657855303
0.009531322230408909,0.0013752472999801115
0.00926261526245198,0.0032962069607138204
0.0077064408139690226,0.0014649720452291314
0.007360850804314556,0.0016030404935676043
0.004284358103591262,0.005222913634145672
0.005328537769608758,0.0023293846349300897
0.003815003217804258,0.005882941577702631
0.0042058753119769195,0.012636382302138593
0.007106026947683539,0.00434666321417603
0.007449211679407855,0.0002734641206627239
0.009736567558301448,0.003577303011827247
0.007862560576600881,0.001645281659366342
0.0076832253302644505,0.001724931412578067
0.008018556736369841,0.002328979864552065
0.007000658630178253,0.0011885757915629045
0.0058129082936382945,0.0011607612666484218
0.005009311133503019,0.003425684855613716
0.004891149791667054,0.003623975853005102
0.009306649483935923,0.004660999146159482
0.006864562754564295,0.003897949110164699
0.00661218323980734,0.002311010860587554
0.00855561479474094,0.001192462654715177
0.004088695337906587,0.006703286819420157
0.006870459789589252,0.0016653643673239142
0.006064270357287031,0.003172669010242795
0.005361400931290635,0.001855356638890568
0.010238044260468072,0.002833876044505055
0.008604997590234094,0.0022776115501129453
0.007210062967004655,0.0003040670592473708
0.012962682333159713,0.003457216079444086
0.005395832756243284,0.004527708571207239
0.00933824798354773,0.0016271184856045924
0.0075042410781914716,0.001763471959436668
0.009332809808354516,0.0017999938935550379
0.003592492265150715,0.006500085548607471
0.001816855599266612,0.003990833882472863
0.007522468294732104,0.005929396905822249
0.00611111631800095,0.004501947776936269
0.009425108025327263,0.0027683454078617246
0.01005018133449327,0.0036014699594412117
0.012180456349856737,0.007406313059353693
0.00917022824586559,0.001501396254745338
0.004620668640504067,0.002452978671064099
0.009853531631939753,0.005281541441420096
0.003017163094822057,0.0052400723768597415
0.005385001676245811,0.0020732656084613346
0.005955837442624307,0.006078343595348959
0.010924239165390622,0.00385957928504802
0.012408113477120487,0.008741763878662243
0.008511921251899396,0.0015000570907375528
0.005789902746221695,0.004166079955130728
0.009264117719797078,0.0022252154447926368
0.005949759232252157,0.0014972915558156673
0.005505022621892332,0.004364218424868785
-0.0014412816325127444,0.0024333225819732802
0.008356341125846486,0.0026321920618160638
0.010412475746335123,0.0020925250357402506
0.008922536775856733,0.002128603233278667
0.009189144073230075,0.0020390671364902725
0.0077333302906454305,0.0014345398934130782
0.00304098459451654,-0.0018229620783835887
0.008924616547503768,0.0025509433048649536
0.009180130761234924,0.003994934414460838
0.007183102084498628,0.0021264456633855533
0.0070867878672063326,0.002109838016614779
0.008348880110876903,0.003382295486220264
0.0061439424058156,0.0026057883572492375
0.008935648098715243,0.0011560213446158742
0.006664843489576477,0.0016489562184456817
0.009289301316070083,0.0015725217309618357
0.011637534072762828,0.00748394871762319
0.008642330071028081,0.002034121414384256
0.006122228647569012,0.0022581510675533057
0.007157941283502188,0.0035209999336054416
0.005074228693870833,0.001101086080818394
0.005336586880515908,0.0018514219025776305
0.0042835235315443745,0.007545192893285538
0.004079988658350699,0.006020954497146228
0.0017055507024351423,0.0038236423012505292
0.0056160060616158875,0.004108821292853915
0.00721678742020126,0.003819481385886527
0.007801672008813508,0.0002509612622944232
0.006451385435992495,0.004245184261675358
0.006285085763821342,0.0013411416977744742
0.007986699821757946,0.0017649238288561806
0.005549727838030666,0.002426888925176959
0.007552902200486791,0.0019537465981840346
0.00700590416920484,0.005805756376176514
0.007066856437800298,0.0012299412071798792
0.0014237408999969474,0.0032699956405414137
0.0071024769749340145,0.0028483929798265644
0.006784550482226291,0.001953513618315709
0.008125841172294262,0.0021438049805303054
0.009213744213307335,0.0019774068229232384
0.0036909942775509037,0.00843260319614199
0.008570190336118024,0.0035224685857148186
0.00494454511847629,0.0022922121188233844
0.009232881497193653,0.0015426012496231713
0.006688442542102539,0.002771045132021235
0.00885783756970344,0.004180186728117586
0.007835001070732555,0.0020254706792369207
0.004522898958973299,0.007629087601557283
0.006730351652074372,0.0027475416103047825
0.006153239226929207,0.00225420325652479
0.005572094127486534,0.004480603018476297
0.00686123745481353,0.00010640540586848157
0.0069322167279489335,8.614005655733364e-06
0.0060825433782283785,0.0026145030547455057
0.007260320389638942,0.002336586294508021
0.009978211727139695,0.0018151427753116157
0.009916305575647873,0.0019566093558643534
0.010133196262916998,0.008275429438499942
0.009255026140927224,0.0018098857277918101
0.008339634443772611,0.001964571652853568
0.008998635407818274,0.0028285765548878477
0.007844548231928216,-0.0009819120149946263
0.006038047819433982,0.006556439316753454
0.006134650344181508,0.001690888910985018
0.009899084421994282,0.0013641253849540338
0.00617188600147754,0.0023563509228737393
0.00935238037861474,0.004099543349543526
0.00919360197731742,0.0021346771032531514
0.005289473672373611,0.002426442286577247
0.006732427990010425,0.0019150001996960826
0.009153343043124672,0.0009333240108435744
0.0057416059419800325,0.0031031975196819557
0.007231065899630212,0.0017220262649212956
0.007188068845369363,0.0025721278158956527
0.009131841204414366,0.005142324921948078
0.007301538883697701,0.004397249725394352
0.006598800459029063,0.0035386620585752485
0.007875007360013779,0.002258893737610468
0.008641989407639756,0.002265658127266569
0.008237039363650372,0.00450777442927792
0.008152303492308898,0.001334052141836641
0.00877028654559815,0.002611993618979576
0.0054458232973740705,0.005597773709007615
0.008942317968506978,0.010026024042709813
0.0019661791934974552,0.0005308288197000289
0.006552229105315978,0.0031764596604854874
0.007564402129905563,0.0003008081269134759
0.007830101752167546,0.001376851731274371
0.006631936841516596,0.004391380938132615
0.008014292462037559,0.0029598911602132013
0.008165367524621603,0.0025397211064663106
0.007911242264366894,0.0024244811716041467
0.0067651429939796035,0.0014993755028169936
0.009564410788668628,0.0013065076311174866
0.008518714528934605,0.0012047767867939029
0.008628363130240617,0.0032766594388615906
0.006590786522651021,0.0029271712785159405
0.008389505170139252,0.002311012579964051
0.008431039408421393,0.001115988080819405
0.009314264022652518,0.002272309826303235
0.007068327207376325,0.002900423870046629
0.007035250127120795,0.0028332190458809246
0.009179664821847091,0.0053510049603805905
0.007205534702350918,0.0017182780448618635
0.0008480502555760243,0.006086056944014735
0.009715783045175855,0.005782479273426744
0.00933724726966247,0.0014419334036811443
0.007609950273949718,0.0025401008534025305
0.005303601044796757,0.007098043522603186
0.006037725173615312,0.003608227941521212
0.004987732020142166,0.006292400966906836
0.007640601195725955,0.002019746085105154
0.006071498114639955,0.0022286345139009255
0.009538064061139334,0.002050798822437497
0.0065413160640676385,0.005234289255426402
0.007810682930128102,0.009729657078785604
0.007617609523407008,0.0029267203635236377
0.006596294178214431,0.0012181076022499257
0.00727181472219539,0.002780356515860752
0.006744754307840984,0.0002905638047228567
0.004446708366283486,0.007255960241602769
0.0020137475443473456,0.008378824077072997
0.0036349178955804575,0.006781196061436282
0.0033550077234177893,0.007811855623963514
0.006504503292470776,0.005205164223151654
0.009007517660888986,0.00252352280852734
0.007357719924013293,0.00011559895505705402
0.005624502255029741,0.0064541211379081425
0.006901843503866969,0.0019733627056359527
0.007745957541849601,0.00225400933354322
0.008823142290279792,0.003517689235172425
0.006580321716854138,0.001669799722159122
0.004970498648947984,0.002158940148735815
0.003149934075594711,0.004892090467757968
0.008066911165039783,0.0040201251114561605
0.008893019588395414,0.003921432923425748
0.0014853318983699465,-0.0010491965222802551
0.004537881191947247,0.007204773600601467
0.009849246921346977,0.0014714958249578474
0.008302020637720273,0.0011119668168278274
0.004049146389150609,0.002296074801692128
0.009055040807506552,0.0020570418631331135
0.00713298918083986,0.0006574848038076019
0.005676005627150901,0.0012731650781284565
0.008268749945032202,0.0016068514131743076
0.007027190564314038,0.0036187815108284357
0.0036313751029941506,0.002520793137399625
0.007875191531853907,0.002351943704360796
0.006863391473613037,0.0013466422497683825
0.009100520306538497,0.0030417819926796402
0.009280253969840677,0.0037349534396673625
0.007579399000568812,0.0019114758349046248
0.005852655214091659,-0.00011227234275736943
0.009524770239298371,0.001908912241554244
0.007463206638112611,0.0011238702928330346
0.00715413749719235,0.00117689804420124
0.00891077866940599,0.002351675035182619
0.009237833061625619,0.0014646998429664543
0.008005085141401982,0.002270314638638772
0.0080155321105389,0.0012786409757645535
0.009299696255167286,0.0014478169387915378
0.006738555004143451,0.003388056815983728
0.005748720668930552,0.008799099614858306
0.007945522579192909,0.0024321632309654093
0.005075735593714064,0.005059258753632034
0.00505066312741221,0.001958678790519942
0.004177936110855197,0.0066749235897875184
0.0070567070321191725,0.003702275561624493
0.005739016275182038,0.01011003100840167
0.003329075194726824,0.006325349345432769
0.006155828966312325,0.005690146989365204
0.006688822603481451,-0.0009355137133101928
0.00872910872762751,0.003886140473080648
0.004932104410207779,0.003153293669622684
0.007207023008488656,0.0016251982335935703
0.005254514670822323,0.006431221503898608
0.010071662554599042,0.008917494054668504
0.006797088247381061,0.0022129057708739994
0.010361844846080565,0.001971722457225605
0.0099708902779891,0.0017733703218336507
0.0062486480248307805,-0.0002602776648134176
0.007275265300651567,0.0010467325588039492
0.007106026947683539,0.00434666321417603
0.005779443706300282,0.0015819547875638709
0.007821995740272515,0.0013030277835156734
0.005528213180754073,0.0031361711470218817
0.006901843503866969,0.0019733627056359527
0.005114367007044318,0.0046520494316798725
0.009473686099540187,0.0015725476438863033
0.0033742580592473915,0.004850401836751039
0.007222564151818284,0.0017359711121348164
0.008785063458509445,0.008269605734447613
0.009128166557736177,0.0015824869571398927
0.007372473331723453,0.0037537721473359046
0.007400102260154777,0.0033639926310064083
-0.0014412816325127444,0.0024333225819732802
0.007463206638112611,0.0011238702928330346
0.005853500221086928,-1.814094134087313e-05
0.008295046058617517,0.0023936308341183125
0.006952649616384533,0.002585388860028113
0.009997618898918191,0.001590906364255536
0.00668059055919413,0.0023624194124664266
0.006946376755478898,0.001439495471775713
0.006942205624134281,0.003705010191762331
0.007403467497262011,0.001626629471547951
0.008631739891484327,0.0021201605088013416
0.006914398166080625,0.0021283808654788154
0.008293997465952562,0.0019054343751657632
0.009349545166029129,0.0014325574822757073
0.004846873374234749,0.0048396585267057365
0.00879023422372947,0.002405210141258235
0.005336799723966964,0.0004255587661277163
0.0016831287155688116,0.001657344339183759
0.009138264177587636,0.002683070457854841
0.006763138954270462,0.0014597042273344334
0.009973066659450844,0.0013696709651760553
0.007470716358734369,0.0016719930003504403
0.004052645970875783,0.0013598132547080165
0.005328531793426439,0.000784097027468845
0.007492750691923698,0.002698219119797259
0.007086234912751952,0.0029935539607259523
0.005111357319114001,0.001845469892441198
0.004185408628017882,-0.0008522142203354829
6.148417034462089e-05,0.0015476827855635013
0.008877049543081134,0.0015404028653993396
0.008133431681797736,0.0002841868941268165
0.007506142507596268,0.0020081189129048634
0.00547757456715494,0.0012745559769433076
0.009832694684914666,0.004514540584008043
0.01027477815913881,0.004401923321921497
0.006039874499522755,0.004481749109525557
0.006846190466404546,0.004710778191772001
0.008653578533659008,0.002162124925666216
0.008450668382962205,0.0016308952180258051
0.006114855972569132,0.0002741486033984112
0.009522428034962758,0.0016374542601667614
0.00882500576864828,0.0011019296881358094
0.009775496607998436,0.0016209316127897312
0.0051307027882759,0.0016442606317670508
0.005259309080129199,0.001212881957970315
0.009956853455441027,0.001429031469188431
0.007430187392357495,0.002781926055073765
0.007872860644763694,0.0016906658364054736
0.005790074618789382,0.0011010497146243699
0.0049124206046066935,0.005560188509463481
0.010410064030257628,0.004897376393553964
0.009106791531062915,0.0025916768060515634
0.009493041095928046,0.001769620943566471
0.006045299104927628,0.002469850141352115
0.008818683694650947,0.0010941267634407264
0.005238053851416266,0.00531527616133604
0.007453785503998644,0.0007551100040285932
0.007295290222606127,0.0021314017118647006
0.006346018415612576,0.0017965134696358246
0.004343681093305354,0.006902432274677421
0.009114120139215847,0.0015730253264511765
0.004071207788048009,0.006720248617908287
0.007272102994602792,0.005052217030184787
0.0037457207091661166,0.0064580529418363725
0.007459173727475581,0.0022354194823272135
0.007282903134941734,0.003318192371520514
0.005517280348652509,0.0011372791574476345
0.008456055561862576,0.001852428463629303
0.0091602854167896,0.0021052829439078304
0.003978967235448719,0.0025120622954965402
0.006814713245131503,0.0037649035468337927
0.00809099910055609,0.0031793907379471667
0.007218545955088517,0.0028029349703521775
0.005959043969421456,0.002252246757782875
0.00977003073568103,0.01178876356659418
0.008881371209171696,0.0045171335757152545
0.008749789996573536,0.0023110299938026695
0.004784572094731542,0.0056271461222537735
0.0099312103383874,0.0016783749539415619
0.006681023150810468,0.003487843836728774
0.004173208743798242,0.0025525853660199422
0.009599626166491668,0.0015758488499809566
0.009341276646425655,0.003765475828719592
0.006157585079824364,0.004587504220312556
0.009470284570844211,0.009965550112862692
0.008278872828144313,0.003027626003135774
0.007297660224486966,0.0020748886641031314
0.012391089895862793,0.0030441805245545444
0.005907717660920429,0.0027402742888867366
0.006311000531042802,0.0010922866431258248
0.009378400787250791,0.002121751292773706
0.0054028880762104405,0.0017009856765231512
0.0030964309382250405,0.005579761701145058
0.005041548973790522,0.005140404635950129
0.009902089480759317,0.0017765934259221985
0.007150843926416909,0.0017954092056523393
0.000456511771011363,0.0028288383343805035
0.007103134959491755,0.0019324336160233217
0.005535683711268342,0.0030823033956755615
0.009212022668205571,0.0037176416255290798
0.00761625924774378,0.0028570654158340198
0.005075735593714064,0.005059258753632034
0.00419912228839656,0.005608569385803248
0.008978813092514745,0.0011852356413703507
0.006422950359816655,0.0023488951579781333
0.005648740232440847,0.0037007084965806473
0.006923751056542675,0.002037297356392637
0.0064873394739191174,0.005224020405320556
0.00843970106765671,0.0018499703614144325
0.007611459573760129,0.0022956618509662272
0.006173367798226645,0.0024657014846709065
0.0061427193876102655,0.002478071797003832
0.0061898655551415865,0.0025404318430277614
0.009401887352899707,0.002246008016873171
0.00999314597405993,0.0016555705826503293
0.009311176383741054,0.0016110510268176987
0.0026125469345999585,0.006174893522984646
0.004907223056742161,0.0017100970255225986
0.0032882520977526204,-0.0008161071350596205
0.007833114139121512,0.0012187501984418274
0.008896615563663248,0.0012802902098042373
0.007599914102477033,0.0026942142864956765
0.007506665765267283,0.0026684920534640923
0.008756793452792766,0.0019762397522126787
0.008581375329844994,0.002297632947873299
0.005990785203880538,0.0050151380396159795
0.006036889250510773,0.003484305293544804
0.007944097529374479,0.0022106593616489497
0.007177157312342904,0.0015655587360161967
0.005890998390957608,0.0014521203627409097
0.007895715362618766,0.00450138331395565
0.005426430332767559,0.0038966433112519626
0.007079048998374237,0.001523630683149423
0.007157640967870275,0.0009458185393865608
0.0034146118778048897,0.006127208074443615
0.005936337237956762,0.0022034814789543356
0.006669618763697477,0.0010682384526563985
0.008381249184694711,0.0025778208827256467
0.008838168357137414,0.001975831007749046
0.005850374102325171,0.003541623706890611
0.010226755729622592,0.0016943744443553843
0.009023621328284197,0.001882414135440877
0.009459618095318516,0.004179671806702705
0.0054287888451645585,0.0047607815974725805
0.006805922358146324,-2.1096208151797843e-05
0.007851056352988993,0.0012116617566799662
0.0062811294772590525,0.0019197899923058962
0.009482239774832516,0.0018708575966757991
0.005009754581395938,0.00526921499042895
0.008962065073458952,0.001566731954485148
0.004550379857603701,0.0035198728185101913
0.0048940797115580815,0.0063270477268543126
0.00991925481103992,0.0017883151428501817
0.008490543424666104,0.0007153100123643823
0.00952761503232474,0.003613720533528924
0.005459059357460126,0.0007862861947216561
0.008925648495394192,0.0014780960102479283
0.007403398977120831,0.0019230051418959947
0.008437448852623371,0.0015196217216574123
0.00691182449057914,0.0021349799690101277
0.0072855822475753045,0.00025077347760706775
0.007040112087897369,0.001442863672592937
0.0035006942099463046,0.006477188431778256
0.006889876685032394,0.0010397830271995862
0.002794439940861715,0.004941733636668393
0.006524480146789871,0.0020076583918268043
0.007157528262431509,0.004720207169344778
0.00834267076478956,0.0032933430596578973
0.007846939318926558,0.0026499356995842963
0.008956870840475493,0.0014436433920807477
0.009732970924917376,0.006004512861204211
0.004656116918553738,0.0035608505108432296
0.007816924421501994,0.001246293164944805
0.005613436482798374,0.004557490843547491
0.006012037254792325,0.0025211977106132247
0.008445262256365722,0.0076338670467905115
0.008542596418932943,0.002704086362101084
0.009353194617012905,0.0025063457067430947
0.006655266732110699,0.0027072939518381313
0.006156576576008498,-0.0006904737749957365
0.003870450370206847,0.005859680656170343
0.007596252783427341,0.0037253541063773715
0.006424466316376182,0.0023552132277722985
0.007037716949320595,0.003702308372300591
0.008509930312460754,0.004151960051331801
0.009970282605963813,0.0022154116290030307
0.0055303336842603915,0.003724070047213267
0.004960739540334484,0.0031533514104252246
0.008815535413078907,0.002594768722880323
0.008981400027057402,0.0020347190848701256
0.004005696103757669,0.003647847860043154
0.009051119724427533,0.002366821576440581
0.006893203095965832,0.0020553948580968482
0.006845106508904155,0.0019771295088285594
0.008957159767269018,0.002429119025097486
0.006687957522861968,0.0038607602207843495
0.004667459305960525,0.004675453678151016
0.007419728359912562,0.0012188792851876885
0.007085162778458326,0.003215093964525805
0.009201963374645537,0.0022499645613216204
0.006593105540189385,0.005449381154464033
0.006321839968578097,0.003039621440367634
0.008987873844056662,0.002132156711870839
0.0050450718406537766,0.00142666534523674
0.009028142831219913,0.003032360118615147
0.007613272960547021,0.002020989901225142
0.0062915240783523955,0.005253344635103616
0.009019461345261544,0.0014102317699367494
0.007499421708849041,0.0010545827199424356
0.005077791479099656,0.006072942117241423
0.00628845901171173,-0.0006025461963220218
0.002084459096615611,0.012570239463757609
0.008121682118026323,0.00431880512026986
0.006266468282193382,0.00288387684781281
0.0066574596818715324,0.0026985152299109673
0.006296527771648779,-0.0005012097478880664
0.006991410594374296,0.0009686343361904014
0.005708574384508329,0.0034914151792035967
0.009716116570455102,0.00224986416954567
0.006584371035521855,0.004258912056607176
0.008575653642705317,0.002008851035514644
-0.0015116073228832556,0.0013155079175647703
0.005426630905697935,0.003646810888331681
0.007324125836575194,0.0019267407513057317
0.010464407998192878,0.00559885158886337
0.009994810414882288,0.005160185918733937
0.007838039030581587,0.0024636426615164218
0.0075502504589431444,0.0018851517752699366
0.007555149493776336,0.002856396591123158
0.005426430332767559,0.0038966433112519626
0.00786929243759354,0.0022726434705598025
0.007224033560096024,0.0025577664390564183
0.007197747567101186,-0.0004807500163501368
0.006908008812763353,0.0012992243854641344
0.006602760844359772,0.00380790988193333
0.00717441786809971,0.00623249264504785
0.0042835235315443745,0.007545192893285538
0.005254514670822323,0.006431221503898608
0.007306699956303744,0.0016923926611396786
0.006846190466404546,0.004710778191772001
0.007893384164641203,0.0025073084651997335
0.007839339862096104,0.0013857782698030669
0.004504324081050214,0.0058149726133655075
0.0035021251517227195,0.004472301980323001
0.006421534006765619,0.002043003429844606
0.002479501174815814,0.004610839171199301
0.003552014436551629,0.006585988956414218
0.008245749322561925,0.001067216924350088
0.004371564870433196,0.0016709910620076622
0.009722850635338773,0.0053664787706005235
0.005973541455038936,0.003922736715747303
0.00625714711766885,0.0006864124756068464
0.008766292182298217,0.0019106308961774612
0.010055448651770951,0.00167657849644835
0.00473110837638937,0.006921077995312265
0.00955958976854,0.0014991151203965717
0.007336415416567649,0.005971116344693151
0.008344828555365918,0.001589904612281712
0.008655078490182645,0.0015411420854710683
-0.0003496360359977078,0.0038257668108756873
0.005931968652814739,0.0006088897065004116
0.005151614078740711,0.0008933556918473695
0.009241200052251302,0.003633851701132642
0.006268857662654849,0.009964291261784181
0.008906320836346356,0.0009837216560245176
0.006753719041926391,0.004216926487445311
0.005017798955231773,0.0026630796196420578
0.00914632408140838,0.001672921935603127
0.010096155203375631,0.002212783962975612
0.008204330269941667,0.0028396593825052406
0.006173037498543173,0.0018434615568173433
0.0003614409133027383,0.004794018540629417
0.009973066659450844,0.0013696709651760553
0.009330292296222236,0.0019894112445118317
0.00821328529657699,0.003015218832780318
0.005582437302158505,0.0024023075608040068
0.005788867846404422,0.005013653963915683
0.007334348374296282,0.0022783503621007836
0.002289066546231314,0.0006306807079693375
0.009787332495284753,0.0061302305148612235
0.006184131673405881,-0.00047337597047175835
0.004866817142644298,0.004564316760663677
0.004862404568015979,0.0060123274378800235
0.007555869237751543,0.0027314174126153853
0.008675383479691927,0.002893918792301724
0.007214688436456577,0.005567056123503962
0.00626043863159753,0.004018733497030386
0.0022376212637401803,0.00422785110220043
0.005886152018920976,-7.738722496006267e-05
0.00789752590427839,0.0019555873346459108
0.009425108025327263,0.0027683454078617246
0.005639402172200437,0.002315048873844772
0.006927479302117297,0.0013023912282685048
0.005833385568747495,0.0009429014476942076
0.007512338337701614,0.002172337458691693
0.009421974539489411,0.0014450355059692967
0.007224033560096024,0.0025577664390564183
0.004031936254763269,0.005770081747123481
0.00562104611337075,0.004708857952882331
0.008028915724082427,0.0037998945552600097
0.00895476267162994,0.003338496106211449
0.0028104916140623453,0.004744359261156306
0.007861327039248411,0.0045201293942178
0.004534794288431176,0.0021179529460919307
0.009027768164167806,0.0009932239452727434
0.0060182847739307975,0.0004257021013757724
0.005587784138190052,0.004504616311073326
0.006267493070471242,0.0003478566388022712
0.007912664649985779,0.0030792746639748403
0.009289191540666281,0.0029160573862192065
0.007931218174274942,0.0019026027381190622
0.008055460138449402,0.003368918278325062
0.00802982297143908,0.00024984177457044836
0.0067749746082109135,0.006158877159820077
0.006135576278269143,0.0021388588494697684
0.00971564821025396,0.004353161165593508
0.00795203127963643,0.0011195995152093949
0.0045928527718699826,0.001426621194827211
0.007436259382073017,0.001173814281734989
0.005230170251140778,0.0016013344836134265
0.009320887207650713,0.001780719625020682
0.007989569441473676,0.0038704252729351504
0.009315438331133349,0.004820983825808546
6.148417034462089e-05,0.0015476827855635013
0.006181102355056978,0.0015871642099921568
0.006031831700497093,0.001959780426408121
0.009965484435675872,0.004178397270024276
0.008907436838050412,0.001611527980370107
0.008255954600609967,0.0023624387979552476
0.006178750021314705,0.00316707613844823
0.0036344111455805387,0.006951045387982941
0.007128330708218858,0.0028371401952561283
0.006238670937483259,0.00426180975210716
0.009257230450070413,0.0015789602226743658
0.0044971991570121155,0.005995850391250111
0.0071658830762358905,0.0013812681612622784
0.006746868933485408,0.00232904069673688
0.007956110960511052,0.0013009284799498939
0.006115453658602521,-0.00023774920489982518
0.00817622918056047,0.0034140882012980824
0.008801371407582744,0.002924712892306759
0.008876393995880994,0.0030034265907934194
0.008568973648193624,0.002510426273304671
0.006401856749107565,0.003992458523953904
0.00839072106277447,0.0023473080758080796
0.0068360735854241525,0.002891073118793724
0.005110565181765214,0.00403145332104064
0.006160434833015396,0.004810145486498798
0.00887095947469058,0.004155982959035258
0.007492750691923698,0.002698219119797259
0.0031890409582508604,0.012814720599071287
0.009856437438008533,0.001996487973337374
0.006864562754564295,0.003897949110164699
0.009286342510316643,0.0016952589891620767
0.006364967284914581,0.001717046008506952
0.006736867309193512,0.0038704279688427444
0.002766717447762918,0.005688936724991726
0.009593104214728532,0.0030185313470265157
0.006447404404392249,0.0026309139722492745
0.003977983959419772,-0.0022577141806108627
0.006080488644309878,0.0015075992228546064
0.006065387782099686,0.0061606044598508745
0.005519285721841709,0.001189429162012673
0.00928322922675896,0.0013077596835681252
0.009052551030691924,0.0010454256477150491
0.006758992921440995,0.004399531833667989
0.009263886553061105,0.0031155871369040085
0.00840134723168535,0.003051057284088542
0.0024927288547406876,0.005438646018153838
0.007558182845210406,0.0009804090891986318
0.00045029682710465493,-0.0005337189131500537
0.006091862008985439,0.004501632166399911
0.008770313847221541,0.0015638376189142811
0.005607584476667305,0.004364087620578048
0.009432687320144519,0.003915855138983668
0.00933333987439679,0.005225392632265422
0.007616022569705939,0.00034635499314405495
0.008287288061651195,0.0030874905958440937
0.007208687410493497,0.0010134395249378723
0.005447799218832178,0.004952383439118508
0.008909088858653264,0.0021008643660150803
0.006474003788746099,-2.3911683789274926e-05
0.011056966300880069,0.008389165199125966
0.00890383968632931,0.004136883933940082
0.0055817248046203805,0.002583964325949586
0.0040571587072855304,0.006844803462351232
0.0057988615459173744,0.008541007587549252
0.0074000483538466805,0.0036238147041221893
0.00742572127936918,0.0025324717392713313
0.009892794287854417,0.0017893221483132916
0.009940211566518291,0.0014975453384743608
0.006837902303594888,0.004134415466358512
0.002152030178226509,-0.0010760975962130015
0.007306705741857994,0.0024563913013852558
0.0057007710843330235,0.002919222326255265
0.006336692925116084,0.003392302062532341
0.009131841204414366,0.005142324921948078
0.006845106508904155,0.0019771295088285594
0.009044895205086775,0.0015803779931213803
0.007253332577571692,0.001904794604139704
0.009732970924917376,0.006004512861204211
0.006170304105276822,0.004632946367275792
0.006415999617539789,0.003362306304086657
0.005919635396260988,0.0018327606969560156
0.005626168225883438,0.003748738953319748
0.009398278322528153,0.0014396913645377948
0.009368270645880623,0.0015388210509019278
0.004756538990180297,0.0025321310055878175
0.008016090008160094,0.0010880327031430942
0.0063412960191191955,0.0047731033212495885
0.009355295504032649,0.002016284425334071
0.009190495772689988,0.0017131940482951547
0.003857513489213084,0.002446659181527081
0.004057542445034935,0.0036012144922248097
0.006096177090099972,-0.0002903476894353177
0.005978512543019167,0.003543918278143738
0.00987562895757381,0.0017776004313853075
0.006569942436364956,0.005929303715731094
0.008507999322055558,0.003345745886398914
0.0035203347651761654,0.007694503846813111
0.0073572759575602905,0.0015575094568421634
0.006480076258701059,0.004573153043823109
0.008436135825626783,0.0025446609416898396
0.007087787150558731,0.002950784997985759
0.0068487362295749105,0.0035246454412210353
0.007292701961273448,0.001233435396761619
0.009979892649718922,0.0018231777845842618
0.006573449635309433,0.004723032811621634
0.00884241221253685,0.004052618104081974
0.0034900099319552765,0.004365477397805988
0.009537529589221235,0.0019412164687117768
0.006519797226223514,0.00496601242127856
0.008056378645051834,0.0015129173375970622
0.005205286387087495,0.0063661193783315214
0.009191537146297477,0.00197084692874924
0.008936097297470844,0.0025976979680455608
0.007955036965452482,0.0024380269550935913
0.009694434385854954,0.002386439758468581
0.005330659405140444,0.002875774090993935
0.0022108615283513745,-0.0028128134423522394
0.007461088713789995,0.0003133688548659329
0.006985946977282711,0.0035579259405426004
0.005351933735874819,0.0038261418366576784
0.0066963334954842565,0.0010815649569869724
0.008683052826839496,0.004015120673023905
0.010026540085278044,0.003689439020080544
0.008466237816484937,0.002745357314859572
0.01031257323953954,0.00427188362306838
0.005368522615876424,0.004715747392325202
0.006642196013670085,3.05957752170672e-05
0.0034893717640854197,0.007313368241986501
0.006844411266053836,0.002028427634857349
0.010016573211910643,0.0017916827828576495
0.008212236599473946,0.0018714344966190653
0.005936682086078637,0.0014349620155982516
0.006320710303649391,0.007043139330075013
0.007729139188748693,0.005122994224337795
0.005400249247100216,0.0017818637462097562
0.008351785049956952,0.002545355908171583
0.004960739540334484,0.0031533514104252246
0.008450646886530425,0.001235383785519113
0.006368366659593819,0.0034979561834152712
0.009628774481368174,0.007691955039315925
0.0055830196128214705,0.004396302158942716
0.003299908507436238,0.005220356383926871
0.004784572094731542,0.0056271461222537735
0.005071995341246024,0.00840473713106734
0.007468289012874008,0.001018585954457846
0.00895283634546612,0.0018304731305506762
0.005878563307968923,0.0011271086997620477
0.008626521725495565,0.0028422109726725722
0.004671636744685355,0.007167584177051456
0.008958525523534128,0.0020500994153131126
0.009143646371970512,0.0018893726790458467
0.006273565422447771,0.002339698048574297
0.007909922641260529,0.0026855862501272854
0.006184466798375582,0.0019247254949305466
0.005059677214260852,0.0024896723910085954
0.004027080380939967,0.004697201552468603
0.007136897118984324,0.002689172421929753
0.006091862008985439,0.004501632166399911
0.0067484452632170875,0.00442687987586338
0.008769657005433841,0.0025311678714568077
0.00843488558906456,0.002334923419817678
0.008103588586801288,0.0020398802506906306
0.006864562754564295,0.003897949110164699
0.007283008859290837,0.0011585144393530603
0.006628343110781084,0.0035373507747628193
0.0066288848372402865,0.00897304490176989
0.007428103612958461,0.0011726082657949645
0.004694644740539163,0.001804257893978944
0.009737605534867471,0.0019186148939470335
0.0075676476002612455,0.0027123029816049186
0.00872832665694271,0.002784381301258929
0.0023812432034526973,-0.0001694533683489598
0.007226533643325571,0.0018779346941757242
0.0062191859352916,0.0059193002812509745
0.006750213050651239,0.0032583867625331714
0.0071658830762358905,0.0013812681612622784
0.0060421569425683705,0.0045196450358095976
0.008393593506408052,0.0036990783988407588
0.007612857723465505,0.0066155255420117885
0.007863247365710428,0.002647498236559116
0.005710869351882898,0.0022645396587808
0.009513222896998814,0.0013172932676425485
0.009131560976073243,0.002125641563383243
0.010810022169399719,0.007455914018743807
0.0071722591551014,0.0032172623137256265
0.007524152021403245,0.0024233906852078116
0.00799336422140563,0.003220175110559208
0.0052009387447350475,-0.00041865650286628236
0.007306046581978033,0.002140864264410164
0.006896518696134739,0.0027059562391028337
0.0074795066178024155,0.0030885440844089403
0.004230555957989889,-0.000475669214120753
0.006884495404408813,-0.00022144190430212554
0.009524593961421818,0.002717586862650506
0.007362995406724902,0.0015734396062073277
0.005533966658477886,-0.0010923323813215157
0.005869404903112905,0.002589385427196985
0.0038391785290297284,0.002455660758508787
0.004248011895703756,-0.0017678043942915174
0.0074068929744967454,0.003967302268305786
0.005256157532322195,0.004844043721481007
0.00611111631800095,0.004501947776936269
0.004455162286306502,0.005503300012060863
0.008900391304890367,0.002271876464072972
0.009062503853540373,0.0028877686919708476
-0.002010865717377547,0.004621091349801959
0.009831229188142443,0.004976889777825527
0.007342919941763771,0.0016011633136145597
0.0057647689328302444,0.0052134633699245534
0.006387705687878116,0.0011868412154961696
0.009166278402478325,0.0019777418006928253
0.006923432973921096,0.004752812732342514
0.008822518368368552,0.0025690213185755022
0.0069165054701646154,0.00042707472027690187
0.005669560365931481,0.0020110972108128384
0.005919685817637853,0.004574215054331233
0.006912374410217045,0.0016099969525202327
0.007847116194968199,0.0003509964930411662
0.005651055195939454,0.0043238921342417715
0.005515942513312888,0.005809073959926664
0.009909234274513056,0.004739242548546524
0.009409186954494778,0.0031300969875865557
0.007745957541849601,0.00225400933354322
0.003804835229379024,0.0035887705730483326
0.005990623022691375,0.0027039908417118667
0.008472335912082286,0.002417990682072226
0.008876483204642011,0.0026679052739193333
0.005122366416486923,-0.0010722625947050275
0.002840992627361854,0.004496037165307927
0.007565412975208434,0.002501925113063564
0.004540398342311407,0.002986155326267283
0.00654757305784213,0.0003945156363028106
0.0050356625638931,0.0066542925906665565
0.0055626102563607355,0.002147756626377617
0.006811214667001792,0.0015198701627439199
0.005328158930490528,0.0006691825922938675
0.007085162778458326,0.003215093964525805
0.009227471589631463,0.001523917018787022
0.009737089972991404,0.0032416886114043277
0.0026661438568595323,0.005562373835697423
0.004443946911996632,0.002997706371634285
0.00793212187098008,0.0021871729409644863
0.004848316095070021,0.0066298749278206025
0.008461276603587574,0.008601782179885421
0.004704102541115279,0.007803757290642107
0.008018556736369841,0.002328979864552065
0.00840286934153146,0.0017808012227339218
0.007794814501099566,0.00277775094799147
0.0037457207091661166,0.0064580529418363725
0.00858830861020031,0.0010050732986011616
0.008064506805613155,0.002155379250774416
0.00658242113918465,0.0023863736731898465
0.009000548955015474,0.0021245746679101835
0.0085977113251555,0.003094929864817581
0.004727265346744467,0.006165611062028123
0.011348758084252281,0.005913703471647602
0.006594484662014758,0.0013318098981131461
0.007465473222466607,0.0032163924150188346
0.006420362452929242,0.0005911309142153428
0.005272295004998158,0.0015794287583755775
0.006914931815803877,0.001933825673192749
0.008622676173481548,0.005443936610694648
0.007176951903642534,0.005206064854364384
0.008532340362843664,0.003242530080805153
0.00715413749719235,0.00117689804420124
-0.0005450428382615989,0.0032220350692203584
0.008903524223307351,0.0050231978804631955
0.00948457876990326,0.001131013938891423
0.003969015743852429,0.007517949915879427
0.009010507415933452,0.0024409443214204393
0.004476328599695769,0.014028793438277908
0.009014380869950956,0.002802830616530135
0.0055743320616347515,0.0036847811516472666
0.006574193728068788,0.0023740803591465586
0.009566051893484133,0.002062813558096583
0.004692621962371424,0.0048489779374615806
0.009664286923200614,0.0038967447973120607
0.008469527227395532,0.0025960256275335963
0.007095641794560601,0.004004454555934251
0.005886152018920976,-7.738722496006267e-05
0.004173208743798242,0.0025525853660199422
0.005339861416986443,0.0042643090779232
0.008995392510425916,0.004096490702324044
0.00761856977871967,0.002225622506836911
0.004258429307828878,0.0028361157169873134
0.0010744268273179423,0.006924439192664948
0.00338187811944799,0.005988516888293113
0.00943252235015226,0.002729303696164468
0.009403915420045721,0.003054538714412936
0.0071128902072947996,0.0019977470121101916
0.009523720615172473,0.002438474181392142
0.006455509710514527,0.004203100570440533
0.008675767411126394,0.0022010908436142047
0.009906453278006655,0.001806747698330828
0.0058093588307435145,0.004154660268445928
0.00905067968536069,0.0011493645276844941
0.006779696044647014,0.0018415338024699275
0.004118952964653846,0.0068518551661363196
0.008355655356636738,0.0020443741349026948
0.008710006829658192,0.0020825105009173294
0.009447599967374043,0.005971277747365293
0.00537258286364258,0.0009011630559939768
0.007383924146583353,0.0034533142594905548
0.008414648065411572,0.003581793670097754
0.00719031451490295,0.0001872543676467303
0.00611845753384286,0.004756936503897754
0.00036397066367230106,-0.0025635080635239716
0.00808003430027949,0.0016104165514891078
0.006290457032329657,0.0022644707099208593
0.007814227656395348,0.000951811076080257
0.00910495638958435,0.003876622670630015
0.005909463442631532,0.002950385775590899
0.006591350753307223,0.003371373711348418
0.0058230950944797785,0.004157736667355659
0.008012668125917223,0.0022975380293613346
0.00504337558400633,0.0018771103535645192
0.01032592310247385,0.004457344805983623
0.007006437877174712,0.0021857451084547758
0.01082154293695158,0.005029310228434362
0.009704567105039901,0.00486785464665609
0.005833818584345997,0.0016120556102537141
2.052945691221296e-05,-0.0026637328964973827
0.006855951541996775,0.005853895567910283
0.0089183454517896,0.002189450132114179
0.008722153677406069,0.004261873256469356
0.006229609292209226,0.0034841295448423825
0.006219353997831905,0.001625789615664233
0.004891149791667054,0.003623975853005102
0.009589856310895917,0.002017474532040513
0.005973541455038936,0.003922736715747303
0.008774154144869158,0.0024560146358285073
0.005238053851416266,0.00531527616133604
0.008650518620600442,0.002503094711582379
0.00894924546867177,0.0022983126075701507
0.00796260301148993,0.0007435884956646819
0.006318957671724372,0.002335444948725983
0.008839124732814257,0.0026277431511470438
0.009438917764269805,0.0018520070619725488
0.003601967907664271,0.006884343662147658
0.0031948755712965012,0.0045265189438076
0.00768715147966367,0.0009063482319675298
0.008952820180690168,0.0012070849061680492
0.007900229271822073,0.0026752641920375327
0.00746743696469749,0.00111353724863663
0.006003219699471101,0.0016954258434973618
0.007866813955009051,0.0014669418662686317
0.00692447236770449,0.0020771277878041715
0.008622333053434295,0.005203365102772215
0.009237184000406316,0.0024368425395597873
0.004537881191947247,0.007204773600601467
0.00502859675302259,0.0029424314046202623
0.005435083103703393,-0.0004727897484532659
0.009237833061625619,0.0014646998429664543
0.009800215506994548,0.001787992531588175
0.006456679217316337,0.005062259391250419
0.005027623100263528,0.0023507111141353723
0.00759644778865099,0.00023405018992227102
0.005903216427285372,0.001994358938145478
0.007172145484386331,0.0003124482439053784
0.008938598894830068,0.00215751464669197
0.009673119435915652,0.001877443755799668
0.0075537256610237824,0.0017839421630812995
0.00715453497116487,0.004756883576943717
0.0075595741236799295,0.0010444031824353977
0.009902089480759317,0.0017765934259221985
0.006187979391438839,0.00044077118944105785
0.008777620919075243,0.001555253427275422
0.009598671989058599,0.0039533243074642505
0.006869663356691398,0.0029403693155921123
0.008859348180716233,0.0020807002007758877
0.005206736495135427,0.004709886519142291
0.009087130008641815,0.000885232365696033
0.006610927570980491,0.0019355817135213857
0.002564533437870291,0.0014103200694126263
0.0068951203817982035,0.00108852348144238
0.007267390597907568,0.001864297798665559
0.008944727358998959,0.002374900400704513
0.007698347318934448,0.0017197511369196417
0.008541791249730273,0.0020303205779645186
0.002044824818462269,0.0014837037624845974
0.009148609918859345,0.002129244475338166
0.008266037680973077,0.00435074154782916
0.008659321791181254,0.0019089467728419535
0.009325700305950466,0.004604677052296008
0.00923200864468754,0.002129012757826864
0.007295328853586853,0.004854587391493977
0.006667760124001561,0.00330832540473207
0.007737878677898579,0.0020593594018534457
0.0082248384465094,0.0018389281259927545
0.004768754170332378,0.0009792986153238613
0.009577404907495363,0.0017934323730910574
0.007528437605710517,0.003569535304201661
0.009421620863791832,0.004634394934181958
0.008970567730654187,0.0014993203465512271
0.008110958288102089,0.0034168604108427893
0.005768383836228791,0.005292742443306735
0.00904683988191676,0.00304765413688242
0.007845702339513608,0.0034628398256558867
0.008889459712859355,0.000996466403440836
0.006981900775466685,0.0008315278830237235
0.010267020100116236,0.004019969766588797
0.003867397071857886,0.0072326252081772475
0.006834145560470168,0.0019899557327549442
0.005997288605660824,0.0030103498980314043
0.007026629095483891,0.002122102950224607
0.004672487522710619,0.0033776416552561274
0.00638801634850824,0.0008651698985077342
0.0031496087500782173,0.005089607415617423
0.006007297335748191,0.0023918283144943424
0.007083600882975305,0.0017809141453557845
0.009146906837791492,0.0016555145424267245
0.004929921580504455,0.0018615175313403155
0.009851851112033076,0.0016597023058854124
0.00892489784913273,0.0012399021640565559
0.008937172671576054,0.001074545892236661
0.009048079149047903,0.003031863209221713
0.005672327613697723,0.0007850654925428786
0.008931051934712353,0.003207847094021164
0.008784960346184856,0.0026527554219621637
0.0068688294939697695,0.004809891382033537
0.008879381029187434,0.0011862914458946466
0.008403461380082522,0.008717567882845993
0.00383215807867393,-0.0017241096724607847
0.008287903830226446,0.002936813440350605
0.00890397694348521,0.0034994459508883315
0.014289365710114533,0.006069011204353032
0.005215441390317075,0.005449181384227838
0.003710827788526029,0.007880352773576951
0.0026517602761444697,0.004087590271763293
0.0077157336995038895,0.0040703993252253386
0.006080945956834236,0.003988945884867184
0.006709020629098272,0.002956915946085984
0.006269518488230191,0.0041516219469849795
0.004870926423182177,0.0062060817256477515
0.008509930312460754,0.004151960051331801
0.008585028739280218,0.002721029963708128
0.004797315327848611,0.005863411422534683
0.006278486813180298,0.003248925006208666
0.004816227461544743,0.0017278982155296257
0.006904292438842545,0.003585686785485074
0.00892659226283448,0.001498995598647121
0.008069866826416212,0.0027837468320914558
0.006868349767271689,0.0020660797335642443
0.00988000552164282,0.0062653269550800314
0.007214688436456577,0.005567056123503962
0.004878249675529901,0.002357483271142995
0.005518424644780619,0.007039933690835484
0.002875632783636859,0.00446627893738105
0.004867617855160163,0.0015889509904884296
0.008358917999513426,0.00226279581854116
0.009571142242467998,0.0014781056765703609
0.0069582420484242714,0.004602760860539486
0.007474467166234292,0.002750847681085893
0.008968445066827523,0.00273891713815075
0.009787631155960597,0.00145249543833602
0.006653065590898573,0.0023507966596586875
0.005654150523054488,0.0025295277494231357
0.005836402581968866,0.004795459590492535
0.009237833061625619,0.0014646998429664543
0.0036285372393328073,-0.0008043667704401309
0.007389544772327303,0.0014942554874556903
0.00290867604619575,0.005365493561562454
0.006777251815065496,-0.0006668511696186919
0.007085162778458326,0.003215093964525805
0.004880255426992701,0.0027822041777692116
0.007071355751520616,0.0013137818806303958
0.006096177090099972,-0.0002903476894353177
0.007577701628789388,0.0009964983662894486
0.005271559416476817,0.0024725867355050767
0.007673294164172316,0.0025562888059613076
0.005374891574031679,0.0004518692774878215
0.006529182181673033,0.0016788173972279372
0.0031948755712965012,0.0045265189438076
0.005470815040177634,0.0023131966974241705
0.005393071303778636,0.0035391531103216986
0.0070219876904578545,0.0016807764098459056
0.007745957541849601,0.00225400933354322
0.00856425366496675,0.0021933973161008657
0.0032134264825181575,0.005344877610201535
0.005889080243542177,0.002393961214554796
0.007646874404935637,0.00043717922935619484
0.0025241922305586197,0.0005782021275860761
0.006178606952441211,0.0035311253389956393
0.006552946708866274,0.002856674144819614
0.008598117303671174,0.004195676652920365
0.006187787591660375,0.004527592000691579
0.008505868154560458,0.0012964232177204412
0.008184288913550835,0.0042139281029612615
0.0054950106889239255,0.0012339985021524282
0.009278853043714537,0.0053902386983099345
0.006471669478628409,0.004621660286207663
0.007833485589833584,0.0015606803835030662
0.007981452449301353,0.0013839260815836111
0.006758207120396525,0.0014885606821474313
0.006427359060278522,0.0018301651287232308
0.004650241044904945,0.005106702437932751
0.005682202381239756,0.0024471214176028395
0.007562351936374016,0.002013383107495016
0.006786488241350512,0.0022593239801259653
0.006930725715428463,0.0015891519256152871
0.006689136857062273,0.0014898982658936672
0.0060825433782283785,0.0026145030547455057
0.008892665932107507,0.0010996723436627496
0.005529408299997585,0.0003506560961038536
0.006045136965593007,0.0021949797103859
0.004130969300294292,0.0022270622380751526
0.009295138434407879,0.0018849420333432124
0.009077945281022317,0.0016657025806684333
0.004190600625668076,0.0016849936288711922
0.008949529661333434,0.00259104646482
0.0030526746441751906,0.006584923791805447
0.008505906336486837,0.002514711144751349
0.009604671702846214,0.0020024816338805986
0.004894069140560214,0.0055066707172741775
0.008975446946690748,0.0020121427016624484
0.007197073898032293,0.004402194705633374
0.00466988915960987,0.0061976714614717454
0.006246019701114896,0.0026178499594970176
0.006864887383094938,0.003605997040320212
0.009013358304732731,0.0018230732558777675
0.009792573727924133,0.0013879039473270764
0.008973087230979393,0.0032564500711484952
0.007621823976114301,0.0015710783860732238
0.008939577194190015,0.0029688333319225386
0.00661402566433135,0.0017617241313244757
0.009237184000406316,0.0024368425395597873
0.008755892316122553,0.001904535702710328
0.009369757640009333,0.0036684573682739747
0.0037170656481031036,0.007104503208045663
0.003940628287323988,-0.0013545737650889709
0.005924903747324381,0.001750816281336891
0.009280848311056985,0.006221297267306249
0.008961950377149985,0.002100793574917002
0.008855356731090863,0.0010712017592329872
0.0075071635982581686,0.0025826271659819535
0.007964483746618223,0.0020359915615596955
0.00547282280238817,0.00676809875498755
0.004179544432263426,0.006650205794738083
0.00866769850989017,0.0019293357621896533
0.004987732020142166,0.006292400966906836
0.009050963507715313,0.0018236430497035726
0.008814459452094286,0.0028956213110327414
0.009141531522834048,0.001246492105884886
0.003756508596709513,0.00776995176885215
0.009350023404344838,0.0018811729949586012
0.0025783170922560163,0.004188151587465474
0.0064320137225057136,0.0009888161032124802
0.004759850888699748,0.0020492888737780645
0.006239649223240524,0.004251800913207143
0.005920648371223808,-0.00017579582827831515
0.006937769265188635,0.0018132072283809208
0.005114367007044318,0.0046520494316798725
0.005325667805115666,0.003501435897301574
0.007723773290024064,0.0028673780509158664
0.005643636825289926,0.004715272101643765
0.0076827419812849585,0.0010727727019820043
0.010077597551815125,0.010295754854489136
0.005737474278383886,0.00480855275575823
0.004987732020142166,0.006292400966906836
0.0070996141524950086,0.0034101496581659192
-0.00044501155147340203,0.00034302006800416684
0.0034779329819245863,0.0061997665954304955
0.009580483881855204,0.001893363646739762
0.008774154144869158,0.0024560146358285073
0.008912323957135464,0.0012876049376444685
0.00648173079187064,0.0014679357291553308
0.004314840852293041,0.0031971940125846377
0.006565600864413653,0.001874990473775688
0.006519797226223514,0.00496601242127856
0.007896173287960087,0.0013138622323511711
0.005926020573640091,0.002532455821868262
0.009319941752465193,0.001724454004896082
0.008641397575606936,0.003422740128469874
0.00535302368083182,0.004071146754448139
0.011633362756036452,0.007889070504406312
0.009605573906807306,0.011579510406556057
0.003691049259411606,0.0056812799333548535
0.008063406743102281,0.002347312007377707
0.005347691248204048,0.0025277667921947073
0.0008480502555760243,0.006086056944014735
0.008986528036132695,0.004887628272876797
0.006991395292118723,0.00273820670874432
0.0095997074300164,0.0015472125483553508
0.010836773806275938,0.004520669523489482
0.0051722486070686895,0.002436400253254204
0.005392561992439211,0.005045430499181472
0.007178818495037119,0.0008157116312784564
0.008050410303404382,0.0021385807956173985
0.004891149791667054,0.003623975853005102
0.0056063988569024555,0.004480069900524302
0.009844820146633612,0.004169202165317894
0.0029374378708041373,0.005428084746322421
0.004986642256408611,0.0005891422394148603
0.004522898958973299,0.007629087601557283
0.005398220698492792,0.0016369634219701073
0.008615747705594996,0.0029037224857446113
0.008535277427268072,0.002976322312212903
0.007621464357130696,0.00038361116325915344
0.007881271564717929,0.0011065800164805923
0.00711208596207241,0.0020435028792656247
0.007490609058744059,0.003799029696658641
0.006640208627778056,0.0034185822731408527
0.008407632617360382,0.0011112852063057278
0.00804468331356115,0.001140784266948071
0.00765133089266941,0.00151418726702839
0.00578825770455736,0.0007951260516550693
0.003598250219084548,0.005338030337140235
0.002440657718594885,0.015042114390804886
0.006789544710685636,0.0007761560209228347
0.0072384794423920405,0.001707026427216804
0.007138126163774545,0.0013123678498444336
0.005993824815146875,0.003046679069936036
0.004825521239324494,0.003628417147579505
0.0057770821584639375,0.005073578197197233
0.009627301135426551,0.0015229728970722316
0.005307304856990836,0.0037110356761644392
0.005010825297159342,-0.0005157196344959328
0.0038672543086747746,0.008056959564482616
0.004314840852293041,0.0031971940125846377
0.006697529888159409,0.004315828331363223
0.003758829547727903,0.009559591045278787
0.009408653961182789,0.007777708531912764
0.008614487562315283,0.0015279832877701603
0.0064450532730185965,0.0018585246356867587
0.004363746370881364,0.0017332258642246082
0.007943649413568694,0.003706713097172633
0.008576064736747827,0.005783136378742445
0.008511921251899396,0.0015000570907375528
0.00794911632976006,0.007750778834387578
0.004668821499424281,0.005428233064330005
0.006350569048692696,-0.00028391871368980276
0.004176773288171979,0.005776075131384242
0.01091721794837658,0.009349503423422315
0.002537271805610688,0.007736065236261259
0.006607284170754697,0.00033542744746536783
0.006646227160705196,0.0033064258270036817
0.00510137770599014,0.0028861028144804776
0.008922347479250525,0.002573736397775716
0.004922357579525966,0.0032688125008404484
0.007652636227696789,0.0021250036003852696
0.008984942073560218,0.0024912191882278415
0.00648489359291071,0.002988387299746085
0.011967132861688129,0.004278525661670434
0.004410171101140557,0.008023422367620284
0.008806382161201828,0.005153569097415593
0.0070118243754154425,0.005395770006549737
0.007214688436456577,0.005567056123503962
0.006575412923776617,0.0026518059814600882
0.006184763610970026,0.0031404004911156145
0.007419780472336455,0.0014569183258900708
0.0022333560687323615,0.005537642527095301
0.003583069840612292,0.0035724468768673365
0.0063217887128394195,0.009929150539344107
0.006473096782047932,0.0013911546487808532
0.006519797226223514,0.00496601242127856
0.004710862623899756,0.00224763152254289
0.006872873713190845,0.0003680387265161348
0.010032319181811676,0.0021554189823152683
0.004534215356563826,0.006064721408402292
0.009668752891472506,0.0011547525238853546
0.005919396021609153,0.003838090465409164
0.006675922226696952,0.001695608221567682
0.009226124040573574,0.001670238162321285
0.004740323060378023,0.0011819678152724979
0.008297336035645652,0.0021129827940892885
0.008605435569075618,0.0028764243666336894
0.004537881191947247,0.007204773600601467
0.007332605801928648,0.00260951669778632
0.005471534881577595,0.0014982244745434517
0.011488221664170933,0.003337451217975443
0.00913574225129794,0.002039033568832012
0.005769832069337356,0.0032555058334280407
0.00659296504978432,0.0007839556826765605
0.006403251953006666,0.0028159978712605374
0.002787908787002735,0.005289057859174338
0.007050145559022647,0.0010729070735832512
0.009497876864445167,0.0020887059473726818
0.010116091302539182,0.0014493259435991186
0.00460566479233004,0.005868921099804956
0.010004604587144032,0.0014657680900596768
0.007670087893650689,0.002279279321520134
0.007875326207074505,0.003655594837215439
0.008277774774791871,0.0009246834795687024
0.00901330645194235,0.0023006845748497276
0.00663633776900934,0.002088765949318939
0.006413428211693426,0.002845858693353337
0.0068982726644247,0.0038691203009220926
0.0076037365225337,0.0014428627701427617
0.009249931727722559,0.001959181079613275
0.002588977370008444,0.0054723779271758765
0.008655078490182645,0.0015411420854710683
0.005611572491202107,0.005088510613070125
0.00784690876241086,0.007825535161020178
0.004966475641832087,0.005000886690509215
0.009357648526125256,0.002044883817949955
0.006958320972619321,0.0009018094256503136
0.00991314205626188,0.0013835390012686827
0.00757246788028455,0.0018375193309510488
0.00351424158224861,0.00784536537499374
0.009111616839488862,0.002711231538890491
0.00721521405877722,0.0013052540899224762
0.00910495638958435,0.003876622670630015
0.004960988905719214,0.0021496649212610786
0.0023077068818788318,0.004249997771933492
0.008028361506157423,0.0009372213013520468
0.006887942937136973,0.006046070992552796
0.006421014796872491,0.002124675181895723
0.0028970610456922428,0.0069404737127043824
0.006432825184887928,0.0048031189668804935
0.0062045009779317,0.002292016875338784
0.0072086784742825104,0.0018674268917799608
0.007166696641515438,0.0021029214446861826
0.0049320704336176325,0.003560304569125451
0.009875933437726594,0.0015393696987314222
0.0014936959903451867,0.0030628080921948084
0.00792814176505737,0.0012135241225632153
0.005215894083130474,0.002285348475199113
0.003601967907664271,0.006884343662147658
0.008900482554763108,0.001052922583388038
0.00956747876649558,0.002254684274903446
0.0050984322408590185,0.004213089677556259
0.010028433986912678,0.0017805596343751923
0.0032817841389993566,0.0063972609527200375
0.00603272661602621,0.0016385347244525263
0.00785911033351992,0.0017795131631165098
0.0039890575217731514,0.005069842643923276
0.00561563664233674,0.004531406450335666
0.0028924064692271477,0.01309628524842438
0.008980928937066712,0.004963009967546483
0.00650982588165641,0.002082594919802481
0.007640374618473594,0.0015803764068322169
0.006528248199320119,0.0025908049106761035
0.005203067531560519,-0.0008869354893048329
0.008559710425636552,0.003959592872574883
0.003601967907664271,0.006884343662147658
0.011401331157979635,0.007007267925624838
0.005621401862721428,0.001466374922969119
0.009771622760091542,0.003860100954679928
0.004748460472607862,0.007667082831755826
0.008338890241122573,0.0032376872734188322
0.008016172340499736,0.0012243296348045801
0.00897918418958731,0.0023320191350139196
0.007299160465549312,0.0015849476471797496
0.007268645970780951,0.0021462508897059553
0.008981574566572306,0.0063030893757012926
0.007493848702559416,0.0029212981615297034
0.003109982478892084,0.006057923929796144
0.009498285247490907,0.0017973682257469755
0.0038167184915713255,0.0059910041582221475
0.005679678361792027,0.0022975213774266796
0.00768993775203902,0.006614624514410893
0.006939034284008965,0.002180548741565984
0.007603888307341466,0.002818672681919758
0.008018556736369841,0.002328979864552065
0.006783166187794692,0.00223774351330299
0.00953218928249625,0.005418866375582181
0.00834792814280398,0.0015298919168183264
0.007166070801799283,0.0006998888805191845
0.0076187691462648,0.001741512175672622
0.009764763302097565,0.001773244630360952
0.009357087733102542,0.0021800351543879333
0.004534971383323719,-0.00010618236569095996
0.008257142233905286,0.0011093683488078874
0.009977068948219842,0.0016357620187918039
-0.0012617479202806448,0.0006954143895613312
0.007483422899239263,0.0039040705248330858
0.008912065593395815,0.002359716983691117
0.0074612620358153635,0.002700138462914961
0.006049792806657099,0.0018488024309623752
0.0064378874095301145,0.004915784439818006
0.009464255834205331,0.0016914155633619898
0.009079228614614155,0.001914021878176497
0.006861607944569569,0.0015394005070123737
0.010596297919454347,0.003605454723149773
0.008766782758037786,0.006537646095552185
0.004589835286307092,0.0014730074855981408
0.00611111631800095,0.004501947776936269
0.004174681610104498,0.004755254760786915
0.0029314325602629926,0.004584443756167973
0.008945915371371585,0.0021442052553913736
0.005968034466108232,0.0037678805988783145
0.006401263508939368,0.003716110443473526
0.008605742056438468,0.003043949514700132
0.007299209940345599,0.0011756662108802756
0.007594043241054874,0.0013857600495852428
0.007401420963554103,0.00420455327893793
0.009293359139707776,0.0014973860613343264
0.003117039244869488,0.005568519945969683
0.006322677711117769,0.0028553388281500076
0.007035250127120795,0.0028332190458809246
0.0008589297327000443,0.006435238416192267
0.005032476020913302,0.002521850576095939
0.005753988690336064,0.0026478845212668783
0.006995656771904687,0.002011975117529639
0.004182666032565153,0.008175227331573037
0.0016207256363752268,0.005196376959950048
0.0029375647008356336,0.006194312490729287
0.009881617741349403,0.006356031385296867
0.009006347204052224,0.0023079765309980526
0.008726560388748297,0.0013469256358990302
0.007886301299396811,0.0019349422651763846
0.009193039462016042,0.0013292388023626537
0.006046773627218767,0.002536368429869932
0.005391273809588197,0.0034801285219567967
0.0071308648124052305,0.0014567759993447489
0.008933448852034244,0.0038761737047873068
0.00939693713871938,0.0017753526611687127
0.0049666465521564776,0.004134552815390764
0.0072942318964907445,0.0023999236150342
0.008649236417184538,0.00348686994104983
0.007831426034119265,0.0010934012302638626
0.00843564488522884,0.0013723140101122378
0.004411360226803325,0.002089870948347659
0.006037392376082693,0.0023634816954147203
0.009739888277970211,0.001810644648168793
0.006079401508838529,0.0050922737072789945
0.009736343635343352,0.0015847968587294906
0.0068791187191646515,0.0029366012973099723
0.0054619834716411984,0.0002993788833747738
0.004088230094846933,0.004657127858867215
0.00938912033595525,0.002404133802200034
0.008423867890108922,0.001974046960572267
0.009117627605792078,0.002678753326616816
0.0076832617730591656,0.0015208870336312968
0.003691049259411606,0.0056812799333548535
0.007928020896045182,0.001245231979632045
0.006868704308287754,0.004578480929297991
0.007847116194968199,0.0003509964930411662
0.006418246632947085,0.004350701045674791
0.009541887379436266,0.0014913382723880705
0.009982064864045945,0.002275677119808684
0.007042666936029244,0.0017234929851372045
0.006939270379026066,0.0024569543333477677
0.005759444298404544,0.0038412957436000294
0.010117001205500025,0.004706663834405152
0.007846939318926558,0.0026499356995842963
0.009791268140776533,0.005915186764415428
0.0080038792534694,0.00271918517971803
0.0037813984176894916,0.0008510061493259653
0.009004512473111279,0.0025242411978625805
0.0023121405224226536,0.004151370595292886
0.008378630378517639,0.0019773167653821594
0.009460053775621369,0.00231110957530234
0.00948559394515802,0.0018238702298909587
0.0064860247232460515,0.002927007933420233
0.0052009387447350475,-0.00041865650286628236
0.010168527369827846,0.004394143772415502
0.0073352283960480495,0.0018464384919221156
0.006830628814320031,0.002751092156646407
0.00864657604549975,0.0013152071860513944
0.00708572795226968,0.0030402446814715746
0.009700338325520187,0.002521212711033826
0.007113552826054983,0.0042131004713793115
0.010053889531211443,0.0013761144096379628
0.008515431836379648,0.0024310599210244418
0.009806001476921105,0.003986892225185177
0.007088303713596065,0.001582872068117679
0.006552229105315978,0.0031764596604854874
0.008571575676911131,0.0020243574351529892
0.008881430621054382,0.0018511755904490525
0.009147594199709548,0.0013580688025025423
0.004673695936923765,0.0033489186019406625
0.006829947734709789,0.002024526178722498
0.010634842398503395,0.004505033160483929
0.009250015739231288,0.002408437348077743
0.006603243987567723,0.004031529711000064
0.006067055738911664,0.005196647487484365
0.004550379857603701,0.0035198728185101913
0.0027348126894675287,0.005497364352143443
0.0030866956005158016,0.004676439514216045
0.005624762164754434,0.003793124383735011
0.004620874035863121,0.0027553873296778534
0.008717853059712993,0.0025930714274549627
0.0031580317819272377,0.0050776825772056175
0.007945978270242035,0.002222608460066774
0.00941431531587335,0.005387286890106566
0.006096639816189428,0.004459667717447779
0.008873365198156277,0.002312252955897081
0.008217881054252463,0.0027296953628945424
0.0010744268273179423,0.006924439192664948
0.006674507758826931,0.005953877711258905
0.00990052015234864,0.0017394545692508917
0.007176951903642534,0.005206064854364384
0.009082191658972437,0.0025071486714089014
0.006425661524672093,0.0023921951056061746
0.00754868360636899,0.001985910933916304
0.005009991867266665,0.006044826837227122
0.006336598042425562,0.0019024002630346247
0.005885410316687259,0.0032991393814491184
0.006024883439247727,0.003530058330161399
0.00923382512565759,0.003163133659185749
0.0006322114577482232,0.007940470661164033
0.008877134577317276,0.0017978066329053
0.009972784103282829,0.0016544143192661377
0.004286521470116478,0.008344479565498157
0.0056504300058595625,0.0013101761669565472
0.008455439829350691,0.0018106403673324011
0.007789033750234328,0.002130587621189151
0.006159693360224512,0.001875825576598258
0.006078198352352793,0.002276510309917124
0.006064710268076404,0.00262625277942489
0.008724850770935669,0.005141950508736737
0.008671263460919724,0.0019294220222492806
0.007781594021588087,0.0020766107017236865
0.009593104214728532,0.0030185313470265157
0.004177936110855197,0.0066749235897875184
0.007790130855168475,0.0022041625044921243
0.006183405093610874,0.0018711178212192162
0.005534236092888585,0.0020600015371293433
0.01056838016447284,0.004336011335353894
0.00736291929576994,0.0030807362166319708
0.006572372098355384,0.0016503906236527257
0.009586429429191131,0.0019397570201594057
0.006847996916996397,0.0009159413229755178
0.007002251097163905,0.002105383484646225
0.01192594355437325,0.0027749425436881456
0.003577123686987699,0.0012310175674763706
0.005425637535164246,0.00468044942980876
0.00785050746447924,0.0007625297552226289
0.006898865302961852,0.0019503827567244909
0.007875326207074505,0.003655594837215439
0.007546045319426865,0.0031253601533003245
0.009565186349975517,0.0022396176669918968
0.009564700920746072,0.0018264588224853285
0.007066338589846967,0.00508167010915359
0.005983122803608744,0.004362187583405704
0.009166278402478325,0.0019777418006928253
0.0063297454132943,0.001964327852858247
0.0029071193907850585,0.006224089036248182
0.007623149597431246,0.0006055221231666495
0.008075196755714982,0.0021173739440342697
0.006488808778640831,5.518889877995439e-06
0.0040402806804233325,0.006628783463106068
0.009875933437726594,0.0015393696987314222
0.009329486408720231,0.0015347432902428591
0.009208182354948139,0.0034609580917156256
0.005519285721841709,0.001189429162012673
0.008054783073151446,0.00419791290513506
0.0071295196367698686,0.0013747588130026585
0.009136977871959169,0.0010600133755700536
0.005385968939229028,0.004657919694552349
0.006420884562056285,0.0013568123638762041
0.005761975801673231,0.001505201673428741
0.00634822210085957,0.0034231758461542626
0.003906669523887479,-0.0006039019538514965
0.004809155983316068,0.005055068922356444
0.006768680194734845,0.00269191712997184
0.005613207334271464,0.0016158258146181373
0.006839341998089709,0.0020295584428552827
0.009672795702928979,0.003793684536950037
0.008482331561277149,0.0026194444241495274
0.006688822603481451,-0.0009355137133101928
0.006187787591660375,0.004527592000691579
0.00834103611538868,0.0024560097232942894
0.007224510823142889,0.001398953072112864
0.008190904909868974,0.0035403344131174725
0.009835506083999784,0.01019160910011906
0.009875933437726594,0.0015393696987314222
0.0034914225277096417,0.0024604772447012827
0.004943251990475905,0.0031703132089133555
0.00907342774450089,0.002135261497995829
0.007085162778458326,0.003215093964525805
0.0036684718383040707,0.006004341886346084
0.004397206555958728,0.00329548558267128
0.008321026613038572,0.0031906388244644004
0.009796112220223568,0.005795193331203557
0.00870144457184326,0.000784743417379441
0.009109454374141856,0.001439672491561096
0.008771992721209775,0.001446963601537057
0.007923947231081488,0.0012337583584458292
0.007117145585050167,0.0012666930473774485
0.008005085141401982,0.002270314638638772
0.006209468026252813,0.0024009270617256226
0.0030866956005158016,0.004676439514216045
0.0056465618457236695,0.004232196053848955
0.007453349530057492,0.0007452342818032847
0.009340004924093665,0.001498317371518682
0.007197073898032293,0.004402194705633374
0.007230434731655968,0.0014639702286310067
0.006161574614937491,0.0011827077778282292
0.0037553869915500854,0.00728273102660311
0.010143950571157502,0.010621436859411897
0.00986534386523354,0.0017743335092870304
0.001816855599266612,0.003990833882472863
0.004728020123179239,0.00528072639087524
0.00494666320434653,0.0027793019615633494
0.007846939318926558,0.0026499356995842963
0.004061140969842639,0.0007603493820746363
0.0053262223912237654,0.003011072295523843
0.008068735328989999,0.0014791715215820176
0.009580925955526148,0.002898769254622756
0.009549741307925658,0.002739283111615823
0.006517666296661062,0.0006283584971099789
0.0034893717640854197,0.007313368241986501
0.00262154773058288,0.006855062801441243
0.007215587387275514,0.004731954021795333
0.008980810780921247,0.003214350823919801
0.0030943606110604375,0.0053926971290273774
0.004474068758175362,0.005322922300007599
0.008861581851735724,0.001460052091988421
0.0049450710913616506,0.0027336357349662206
0.006890820974843819,0.0019283069384585048
0.004714372337782947,2.305591275722496e-05
0.003592492265150715,0.006500085548607471
0.008714522672804051,0.0019674928541529527
0.00972475715034865,0.004174221985006619
0.008148556491414246,0.0032541985024745913
0.004332664850051696,0.006356560913286824
0.009353202381506331,0.0025180452047770053
0.010730074220915748,0.0026230819207835932
0.0072313534883367316,0.0012150679635019633
0.00929181861607768,0.0019895978774902663
0.00664702332085064,0.0029311762822574593
0.004938216038844631,0.00680154207193496
0.0070501312186079575,0.0008081379473068029
0.00922143463020806,0.002510170964446564
0.008915076270888365,0.0022918461026434018
0.005935268243309737,0.002597312750937643
0.00741882476564861,0.0032227374585931338
0.007954712670057422,0.0030413565024632284
0.006199822513560431,0.004514553297736725
0.009025747584595279,0.0026291724838908336
0.002848632008731625,0.005143284620840682
0.006822083664080012,0.0047909262555881965
0.006498074561425439,0.001703235773917667
0.004469097735381856,0.00018560489118065945
0.008528400412681846,0.0014341753641221614
0.0063935787054857345,0.0008425498360753484
0.0017794736532589332,0.0010079740081592068
0.002840992627361854,0.004496037165307927
0.006345540676736948,0.0030506090295813687
0.00784249193941414,0.0019489159439355893
0.009303831440686437,0.00155874345968199
0.007381121401144514,0.0003457926772006143
0.005230458160591873,0.007233582364168516
0.0017688881117609327,0.000704728455006993
0.006009531295695149,0.005234745351397176
0.009544801025251643,0.0020305149069789023
0.0059039741207876015,0.0008061659744641458
0.006264813628138598,0.0014030517914181747
0.007241439901970282,0.001936707128116907
0.009625857314196087,0.004425613434121257
0.007493848702559416,0.0029212981615297034
0.004729723721557561,0.004097102134783187
0.005525105580038436,0.004685166138046032
0.0038632317676793827,-0.000909905939694206
0.007724372308261385,0.0024439361274034305
0.009505738502307546,0.002040234222010359
0.009375007999279364,0.010059319113391403
0.00616090171853261,0.00178677991415346
0.007515575074482359,0.00018882818473554223
0.006859996371733685,0.0018825873026700754
0.008719978838473932,0.004532357999620322
0.009754206767899428,0.0017007805890299037
0.007020635771027334,0.004658959852018232
0.00820055910181865,0.0023099818437881
0.0036684718383040707,0.006004341886346084
0.004941950598398122,0.006401654301326275
0.008996694441287237,0.002542133687133701
0.006343261112984685,0.002307658952495168
0.010351664542752149,0.008668983311080961
0.0077699525099378716,0.003567066656103058
0.006491827028899447,0.004372823138845372
0.010581914237034336,0.005031947662739018
0.010333644717254144,0.004885838281391565
0.00971708973236321,0.002276860348019139
0.00990958765476795,0.0016865784800372983
0.009315438331133349,0.004820983825808546
0.00656731783056582,0.002430493796000059
0.0051467323976477405,0.0025827280669194087
0.008027456872009337,0.0022485448523945507
0.009124644546636012,0.0022186475189903297
0.002218122602009504,0.0041480641005004325
0.009832988818418782,0.004254486226485518
0.002469980448040595,0.004258194410635677
0.006031495176552845,0.0042794533513133785
0.006962754718378112,0.0018757895435288236
0.0077302151286734785,0.0029684764466679607
0.006175721514647377,0.002965144101433356
0.009487671491478878,0.0025675898325169646
0.008943813012151417,0.0014974229053849172
0.00764851424443753,0.001963043901293742
0.009130813040537127,0.0026134230148240406
0.002176914271342865,0.004231935009364489
0.006923432973921096,0.004752812732342514
0.008092628300044775,0.001243052791539149
0.008358627710452272,0.00834803422026366
0.006092659393460134,0.003552762674571475
0.00198223541098999,-0.0019364192004214919
0.008388071161970599,0.003008663087169225
0.005483655439894023,0.0025904933901169745
0.006406935687053912,0.004217273085122134
0.003986660665295621,-0.001275965484815345
0.006809629386494702,0.0009212838074217772
0.006396704649956301,0.0025658673414260215
0.005681486541245387,0.004249499401282616
0.005542931206079879,0.00501450258848968
0.005894912216856703,0.002483361349534058
0.0075380445264636746,0.0021865489442295938
0.008643516046447225,0.0024415328209257915
0.00446834006062462,0.005918978277973348
0.007689494899588062,0.0022204114753356756
0.006648253603357043,-0.0006992056176520177
0.0039614448858592026,0.008965835820272966
0.00866616210449412,0.004115484654984544
0.0062968236058155574,0.0025553175150359562
0.006303557423306579,0.00042651450019799524
0.007244795978915866,0.002268049489063774
0.00899293504525113,0.002775455823223795
0.009912703577837693,0.004154783868726046
0.0078691937113521,0.005211583442430383
0.009987358575067915,0.01265416728805386
0.006766283769805717,0.0006412606976904395
0.008179833560927078,0.001340739881255916
0.007256387655485184,0.002936628867550797
0.006563481725130634,0.0007921969252359991
0.0031948755712965012,0.0045265189438076
0.008702817298950274,0.0019606445390121137
0.008838187463125974,0.004269862991203445
0.008280387336317648,0.0017429519338396648
0.01010288743130314,0.008356462201732348
0.008443187810718305,0.0008130307267732468
0.007691538454804373,0.0021245180631232876
0.006525100328633324,0.003818909549313834
0.008392723434517205,0.001485092128084389
0.005727456468204909,0.003160040010836373
0.007742943079837644,-0.00045243556211644297
0.006254493582060095,0.0032810811330377465
0.008381671850830833,0.002317511795857702
0.00937063059841671,0.0016662967359097865
0.004728020123179239,0.00528072639087524
0.00890818844312933,0.003910100449005169
0.005630670006614333,0.0033701892818200872
0.010016814841352514,0.0025782942799325746
0.0073304921159768,0.001946087339409271
0.006318415910520771,0.001657189832796068
0.007672376226826563,0.0014289164385564148
0.009833784952419888,0.0032782645483403136
0.008317410187871759,0.0022985837238218548
0.008854710014890403,0.0010919746122152402
0.009506315179294705,0.0017523330943941895
0.007087750165653567,0.0008231904765360855
0.005633697396281512,0.0025400246642206257
0.003601967907664271,0.006884343662147658
0.009688000933079994,0.00198446821400305
0.006810689951418296,0.0030804890219358573
0.0030528690655072226,0.005303518977564833
0.008201903450940625,0.0017328025936955045
0.00817595521017601,0.001274845283015775
0.009363245762908798,0.0016908066494700042
0.003908621389130402,0.006659940145712472
0.0035021251517227195,0.004472301980323001
0.006256419043782174,0.0019553806110851925
0.009054686162314963,0.0020747535261554815
0.004663391802088018,0.002794847882970012
0.008980618154856256,0.0012277772381414096
0.009517393722199938,0.0019602281430457433
0.008627645822757567,0.003528893399590011
0.005818840119105497,0.00485726673862487
0.007242357654236892,0.0033858225350655805
0.004027080380939967,0.004697201552468603
0.006892978261536392,0.0015542678115378341
0.005111619133870174,0.0036346378479801883
0.0013929548894722468,0.003913590112169593
0.0009433827890439877,-0.002812776947792606
0.006381530051397864,0.0029685801484493146
0.005460543853185423,0.0014888653097076768
0.004801144943807524,0.007671384160895444
0.006989995121235692,0.0027740859217275744
0.006228159339769913,0.004887450864241552
0.0010825298165027244,0.0015049400128183893
0.009038644483527244,0.001366575307105748
0.005295001951883216,0.004293034371152633
0.005790702789000872,0.000843540950933701
0.002779005378869489,-0.0002995538159568474
0.006614796959867214,0.0027181230558197362
0.008772865538735963,0.0045352333034223945
0.006571796973722545,0.001070357942323857
0.007564353427992674,0.002321918635683335
0.008864459507911555,0.0025829996406523826
0.0080038792534694,0.00271918517971803
0.005080541144433492,0.0030416442529376635
0.004157763381148581,0.00149869941236853
0.0055645269568504055,0.007629362764562174
0.005963240645096795,0.002272983562830698
0.00196581862995401,0.004942108222540743
0.006901843503866969,0.0019733627056359527
0.008656291603927627,0.0019439167252950562
0.006729039206383589,0.0019705394465504315
0.008655328179505997,0.0021915913368478358
0.009013374977180562,0.0015898048883152263
0.007280414452791729,0.002815582883822428
0.0011568209492576111,0.007353897248481119
0.007484089707414621,0.00035666769421832667
0.008475171267045977,0.0026153630946595136
0.003678385037836917,0.007587291350375237
0.007912930772632783,0.0032006790061654645
0.00700590416920484,0.005805756376176514
0.008133124289134496,0.003111147422903357
0.006735752326054941,0.007141491846867012
0.0071830747014951565,0.0020532160232052637
0.002085619255304836,0.004060036563165409
0.007861327039248411,0.0045201293942178
0.008373738218533974,0.0024782019629144524
0.006196704093672367,0.002356572087821908
0.0034779329819245863,0.0061997665954304955
0.008048372703776153,0.00322583739027826
-0.0005335653454296482,0.0015053395501016809
0.006348924811203419,0.0026981303061142364
0.008824811148747934,0.0016495408080777884
0.008915603417593412,0.0016685023414349286
0.005974873497204847,0.003376636122787645
0.006612151651626552,0.0040695903843980695
0.008647834740444846,0.0013612771217936144
0.005273523099464914,0.0029332031846041433
0.0064693667529592755,0.0023962214403313257
0.005077791479099656,0.006072942117241423
0.008528177059377492,0.0018176011154942377
0.007696162014776559,0.0038825187220568646
0.005621682703089749,-0.0006046590358142071
0.007907510356661566,0.0036517374014368147
0.009405979958711425,0.0017691706360630603
0.006721074561698895,0.003412024732810639
0.009217026579628803,0.002810812193696022
0.002075494495265063,-0.001126632008071277
0.00929743280467147,0.0015088596825205388
0.004293299202413807,0.00649339432730745
0.005500203205818333,0.007061937451198055
0.005149965748314651,0.0014332090935613839
0.00893570707087305,0.001638195515023694
0.009226617488047224,0.0032715872809663017
0.004918819041602902,0.006096013478228422
0.007111397498633059,0.0010025857249660076
0.006280737058646127,0.0031133794554246393
0.008518467524745364,0.002576725382202252
0.0036861384744387568,0.005443098596736058
0.008919491836911608,0.001537446324849698
0.010456121834122822,0.005739688067734246
0.010157148247773858,0.012820122948057077
0.007168460015662934,0.0006544099907279267
0.009796963276418706,0.0033368148949834715
0.0061821731482870745,0.00026029807528998167
0.007762896443648309,0.0002825481530136717
0.006160434833015396,0.004810145486498798
0.008512768824401197,0.0018627619282991633
0.0066362052738404625,0.0023526891578036684
0.005616672267826707,0.0017142050768411445
0.00934075651402174,0.004074438825696174
0.00588986315345961,0.0026807392236066693
0.009213691418385095,0.0015169285359263093
0.004992347643387184,0.006445994140279778
0.00731951584231794,0.007557571675281883
0.007330882425622719,0.0020383110666757675
0.006233657530653476,0.0036344805341068168
0.00785830641361954,0.003476256347946548
0.008859348180716233,0.0020807002007758877
0.008950193312784039,0.002483583898645463
0.008339594773498094,0.0024956407059587363
0.006816585592416789,-0.00022169320857505503
0.005474849615293681,0.0013661693907716932
0.0048558556307410836,1.7802621308167163e-05
0.0023121405224226536,0.004151370595292886
0.007319490231779043,0.00340478313740068
0.005628208797510609,-0.0008481243379665961
0.0045730473015953305,0.002530245842058996
0.008332672390938966,0.0019431869276723118
0.006464282104200842,0.00026593021538060674
0.009122184544999665,0.001252883673261305
0.010606202290681072,0.005029456071711599
0.0067882574630296465,-0.0005721396637289045
0.009225771901971696,0.00407560330131544
0.0021280854359813457,-0.00031024566071319835
0.007609270678646407,0.0020812019106939217
0.007616022569705939,0.00034635499314405495
0.009980117258770484,0.012385777150446354
0.009099129811767668,0.0019587386596804724
0.007214688436456577,0.005567056123503962
0.008285686642478748,0.001056449567573955
0.006719843114308018,0.003406969478182643
0.007871634434056429,0.00454072402207565
0.007362287431678919,0.00343670362513806
0.0079863878311957,0.0013632959928380458
0.006368366659593819,0.0034979561834152712
0.00982900836998563,0.0019402094876905477
0.007947873570094122,0.0027845106858558647
0.002600440907924308,0.010430370182019024
0.006116166481595498,0.004387153082505621
0.007168208245027539,0.0014707907329848079
0.009464252474142265,0.001809210059527189
0.007650146309668987,0.0010770233604381002
0.0070687987848369015,0.0028686813864122517
0.007050145559022647,0.0010729070735832512
0.00908943376748311,0.007303284611134305
0.0097291316919714,0.0025245789059676143
0.008845513742596718,0.002287493744021936
0.009139958020627502,0.002801992631940217
0.0026363843755079514,0.005689038814785036
0.006376109281966885,0.004162457343061364
0.006060590785084825,0.0017411419955069996
0.009093387945079537,0.0017576307874072536
0.00787250767253587,0.002976820763870767
0.00942418328719148,0.002644610491316037
-0.003411366988980532,-0.00406207259824848
0.008308638409444014,0.002437737200612333
0.008823638453482066,0.001562107524783459
0.009594651409416404,0.0017980476100602667
0.006690475730141476,0.0023934767876303623
0.0090161536909052,0.0017867344738952233
0.006747000669173594,0.0028654919659743556
0.0062339048813814125,0.0028484357939493913
0.0041978575646162905,0.00035089517622686854
0.004880474793486166,0.0064805224558614335
0.00958583457205326,0.0019798190099873
0.0063426776970336406,0.004755887758154524
0.005855354593816082,0.008125077588731659
0.006589113857601624,0.0042054979661986566
0.009337125592437183,0.0017456757052110097
0.005466073064548379,0.004748057611657849
0.007887990168114544,0.0010771330623888147
0.00925909980589092,0.0018213593489780243
0.008927939577218557,0.0023509401330156906
0.009196780632201165,0.0021701745401463838
0.009665364399377359,0.011287615140147757
0.0075642036415695165,0.0019914754320363897
0.008413446245826154,0.0013355785676534213
0.008544971484536274,0.002031192426960042
0.007699538740108532,0.0029814101069049227
0.00583493077824134,0.0033865603284823254
0.004314840852293041,0.0031971940125846377
0.001812317718686795,0.0017533568691826314
0.005106697177751612,0.0036106095492310824
0.00796506188786688,0.0009875537086992403
0.009792573727924133,0.0013879039473270764
0.010492700097361087,0.007959788005247615
0.0030089904419571207,0.006591286411993015
0.003269921090474752,0.006681142702729229
0.0008619952930627173,-0.00201595450596786
0.009687817692845109,0.0018555133256548716
0.0031773880214379206,0.004543480742295733
0.004991573854776142,0.001556407816967237
0.009649329976530407,0.0014493130995656498
0.008622272072836088,0.0023423288817374915
0.0026125469345999585,0.006174893522984646
0.009396987968615673,0.0019171017724699665
0.009476357921742978,0.0021520476566972216
0.008873365198156277,0.002312252955897081
0.007569048445320452,0.005521045758035788
0.004629100386855088,0.00305086518622229
0.01019268258241817,0.0035351322092602782
0.005006732307696868,0.0004581987497483987
0.007192089668489046,0.0014876200215066184
0.004803456534074118,0.006128142841012672
0.008950063224681892,0.001977825813094293
0.005431885851632478,0.006671163233391429
0.0034126660826557225,0.0006697555095979187
0.009979892649718922,0.0018231777845842618
0.005077791479099656,0.006072942117241423
0.009145330206155322,0.0015900595856216254
0.01134680113274379,0.008724434679378983
0.0045488782024893665,0.014015785966955439
0.0069671838729800945,0.006549428377611461
0.007197255530175334,0.0006949029740576824
0.005064752742730448,0.00201517266896078
0.00872044443736353,0.0019635439946541385
0.00613327664807177,0.0013507643971269207
0.00847750843695062,0.003089526478541489
0.005085796621965581,0.0035432622102997335
0.006503829054602358,0.0008715027257571875
0.009813363912556008,0.005093066200532786
0.009411854835965652,0.0015551610303194885
0.004537881191947247,0.007204773600601467
0.0075252124830286465,0.001499865938608999
0.009013586218523916,0.0020752976787229687
0.008897040410559161,0.002521386239252828
0.00413772646585958,0.0002701356082756689
0.006523741587095193,0.0005191681972788178
0.007880639446535099,0.0036390454041799487
0.009100805593149644,0.0016212095620751106
0.00610550615785866,0.002100692070601229
0.007947980848659638,0.0013580776708848868
0.004795591268560135,0.003694015480828012
0.007169229228110978,0.0013791152082385663
0.006240510412225837,0.0022021039854398837
0.008979487195654291,0.002823777272680352
0.005584502097600773,0.004254030138892919
0.006335939358279024,0.0020582470049634637
0.00698494609956675,0.002099209153362384
0.008180860308674067,0.002388683143765234
6.148417034462089e-05,0.0015476827855635013
0.007047246116383705,0.0015533151647026669
0.0049328613286569595,0.012792778408306626
0.00572183896631916,0.0014444435685277129
0.0035021251517227195,0.004472301980323001
0.007929932848767252,0.001445008307054422
0.007154655979118528,0.005407270890160266
0.006181982522631118,0.002592334143017301
0.009122184544999665,0.001252883673261305
0.0074673402125564016,0.0028033319078896264
0.0044049169298733416,0.005994866603993088
0.007440306551050539,0.0019614095923192465
0.007790625451662529,0.001105021857378867
0.004130421695542138,0.0018603182877163695
0.008818238663781588,0.002572820336733812
0.009472829721418607,0.0026342479001375914
0.00797316295540433,0.0009114872728363671
0.005627358080489593,0.0017489022549901315
0.006449035759987832,0.0037515120416199872
0.005071995341246024,0.00840473713106734
0.009390950814653347,0.001363526052811921
0.0026463771988817575,0.004632695284304868
0.004186826299303558,0.0060394208074657256
0.008871340393607187,0.002521855703919467
0.00553997817934969,0.0058400657343991415
0.005254207057928735,0.0064707028513573284
0.006552229105315978,0.0031764596604854874
0.00918886306322159,0.0017941997080107167
0.006351213076895916,0.012114330968278547
0.008997816926936183,0.0021218968599443317
0.0036344111455805387,0.006951045387982941
0.009285138111075345,0.003241315644553884
0.01041541973073298,0.004129282196042065
0.007054325623038451,0.0028186400944403547
0.0076126569886055305,0.0019764116536547327
0.008677374413751233,0.0011519357682273608
0.004027080380939967,0.004697201552468603
0.004461644306734096,0.00718286256315201
0.005113333219330818,0.001957982206025246
0.006080945956834236,0.003988945884867184
0.004094059611372976,0.001615015251728887
0.007990293669541109,0.002535105776159557
0.005782924266232283,0.004262397117393976
0.006365944492205174,0.004556926780052867
0.006619258064116362,0.0020441623190491443
0.00482323706427125,0.005595497623627301
0.008795311625325545,0.0020051819851185934
0.007642746701260733,0.0016380115634706434
0.008196481957767707,0.003280324059066521
0.01150644189812481,0.006497075303943067
0.009942538325746635,0.0015656702500191815
0.007507207571032851,0.003543643349486498
0.009626978642278215,0.002020735471519989
0.006933841254093324,0.0012179350818048453
0.007201111650771857,0.0038999484939299675
0.005077791479099656,0.006072942117241423
0.0059555393249428185,0.003214788296867754
0.0048669152936758695,0.006318815146843782
0.008263504553092082,0.0007913796726117667
0.005289473672373611,0.002426442286577247
0.002682489074905531,0.0030297881294800433
0.009365525120522833,0.002111215917750776
0.005511551196463484,0.004556866177517448
0.0069485722443001436,0.002558013759167097
0.007160063270443519,0.0042644571572192065
0.009184146162315679,0.002706270859094557
0.009012360914618274,0.001211426034567563
0.005243526760428347,0.0011789122084577362
0.003855010849849244,0.001830686338162437
0.005205420493682956,0.0050283121693992724
0.005096025267503405,0.0015276628895178916
0.006286193407011523,0.0019451166052697
0.006277663727358945,0.0059084829729208165
0.005924200182120386,-0.0009354899044116474
0.006952331997287764,0.0018853714671345084
0.00759085103891877,0.002239520443192827
0.005824559102057805,0.002290150717802134
0.005457627897171795,0.0036493622245644627
0.007862976139327047,0.0018196650396980693
0.008585117632417996,0.001551110581565509
0.005634286532091953,0.002053425743688603
0.007918005945347095,0.0015468476995113608
0.00812618464225709,0.0025255743594324873
0.009505379092176658,0.0016338513482118374
0.0038292717160429606,0.0024033227831374406
0.005517453512561951,0.003300007344129028
0.0071544582945674475,0.0019198500516491943
0.009474991720616034,0.0018370933146966409
0.011214667594761654,0.007131312570850563
0.007233557441700764,0.004101656991483439
0.005700886824499186,0.0018216827273519962
0.007745957541849601,0.00225400933354322
0.005297441675373294,0.000123556768535045
0.0030943606110604375,0.0053926971290273774
0.008499848915836073,0.005049168566059525
0.008328689068520901,0.0042219652784229135
0.010121878906784875,0.004843835535184613
-0.0026729824391097173,0.0003136516736969106
0.003593415425662462,0.008087047058696971
0.0071295196367698686,0.0013747588130026585
0.00722336270366024,0.0009740037678940168
0.008818352650864586,0.0010519865878775058
0.0084445699461895,0.0014690470653727023
0.0035021251517227195,0.004472301980323001
0.004316204975993034,0.005192902162309957
0.002887387796879617,0.005752532253897173
0.004284419465046624,-0.0017728590060777229
0.007003294239792962,0.0037403807425858485
0.009230084912907898,0.0020761223761084444
0.008015734659448158,0.002196224059585793
0.010292169799478218,0.00448179820185984
0.003269921090474752,0.006681142702729229
0.004832633491388908,0.003279531721245615
0.008427034056143671,0.0025638546416125955
0.0069591033606780425,0.0006810140837984341
0.00717441786809971,0.00623249264504785
0.008951058903258296,0.002869485825246742
0.0085234873963227,0.001842423456620031
0.0026125469345999585,0.006174893522984646
0.010116091302539182,0.0014493259435991186
0.007265854269291061,0.0009467409666867876
0.008977127635269163,0.0021282730055022393
0.005248935703097047,0.0036502512928384048
0.005907038424120572,0.006101127959383243
0.0020774712991006245,0.0002451253544979515
0.008933985634908638,0.0021667235236134015
0.0027604195697322267,0.0004259666462334789
0.006986864325106478,0.002369416175484366
0.005345046607798522,0.0030261895126481213
0.007263923996906292,0.0016645647497010776
0.009002770209900207,0.0022143708044722998
0.006199364082308828,0.006668424176728333
0.009311829807341137,0.004497410070452129
0.006115880487794655,0.003045475019565819
0.009998631037875655,0.003085423259203102
0.004849827595143949,0.003380654199664982
0.002840992627361854,0.004496037165307927
0.006009531295695149,0.005234745351397176
0.0054064123988043266,0.004733513710313833
0.006281354250856265,0.004901848577174851
0.005866161799360269,0.0021544618711112004
0.006681563048915843,0.0029843905053408074
0.009363767872882938,0.0020322378591177796
0.0034293810666378363,0.006328279637176724
0.0076187691462648,0.001741512175672622
0.0050863615163877895,0.0016421483841525843
0.004406387107569018,0.005347566485380967
0.006574535464753148,0.002710343397043502
0.00613659793109847,-0.0006912175403262933
0.006504642765645336,0.0052054069963344786
0.007367494398979703,0.0026834732954244917
0.006397971784039643,0.003721581246281318
0.008163040882059196,0.0012527328876103024
0.009728607057330627,0.001581288817196682
0.008416991830443733,0.002361539327171921
0.002479501174815814,0.004610839171199301
0.00961215999349271,0.007800482742641161
0.006091083976376584,0.002455883900239063
0.007162373029965086,9.591831796759535e-05
0.008079922186454643,0.0015736656662497456
0.002840992627361854,0.004496037165307927
0.010025192566371952,0.0016494190292754675
0.0034662984424161884,0.00777670990376993
0.009194100626460755,0.002028323807561079
0.006044752980299887,0.0029967419046035802
0.008131342297692285,0.0008708790422423934
0.006267288341877177,0.002348688839815585
0.01134762214250295,0.007291589286523573
0.0035595627668564785,0.007563888130254088
0.005572052559726533,0.0042687240156693545
0.008445473021308252,0.001391536537939539
0.009109928822134745,0.010473779863149374
0.007745957541849601,0.00225400933354322
0.0059214212807089045,0.0025823039846086483
0.007314063446339124,0.0027374981524936693
0.00987562895757381,0.0017776004313853075
0.009323609783549569,0.0020601563040016724
0.00925771859533464,0.002182326009744777
0.008369547653536109,0.0016801783375897132
0.005369205536764542,0.004652526917633405
0.005471346073295396,0.0035446613463760135
0.008677059292038367,0.0022259825385353357
0.0024169168361446083,0.00677446362688192
0.00603598124611556,0.0016930735412141783
0.009149643986208877,0.0010714002930823554
0.006482358701746674,0.0046110489701071495
0.0074826574767520105,0.006129483336378566
0.008349694119862703,0.0013156608260030834
0.004891521005134514,0.00045205238100169947
0.003150942576004295,0.006703870205230916
0.006834262675521747,0.0013829237248607204
0.008855090004426105,0.0035721326176655164
0.009350197552292107,0.001664133594354333
0.009685542275738751,0.0016284637464433743
0.009503145599476598,0.010062289098064905
0.006732798056067856,0.0021533195937404005
0.005626168225883438,0.003748738953319748
0.008759882825672444,0.002444445149390204
0.004321303358457206,0.0032454369997438736
0.007596227835245558,0.0041979534716418245
0.007585049178743125,0.0012825579731517147
0.009462817345516218,0.0024903348040433574
0.006935180420338632,0.004546946495523114
6.148417034462089e-05,0.0015476827855635013
0.003867725115803997,0.007362381891662304
0.01004063681559191,0.0017859884859033025
0.006859931140583161,0.003580458132857409
0.006377867243319371,0.001944583434380592
0.004286141980666868,0.006062791602134829
0.010166265404689186,0.004608697053434684
0.007378093803403353,-0.0008859558925951236
0.0054831123697340394,0.0022317973871878406
0.00903243662308395,0.0014023610607054593
0.003698475862569154,0.00641507018114922
0.007613348735366912,0.005355963583639831
0.009979847526763286,0.0015941408344489422
0.002320418684467895,0.015675351197115432
-0.00034896707987103464,0.001510279237499493
0.012033065929104027,0.0075463805044555295
0.007887943501761144,0.002485653536719954
0.005443248071904899,0.0020048140218514206
0.00559980360691154,0.00620955919001888
0.006863025984766241,0.002003881224308328
0.009224456517801564,0.0018719437127978356
0.008145015207862085,0.0012376267750890315
0.009594651409416404,0.0017980476100602667
0.009030836210053007,0.002110575530022792
0.009475455996354232,0.0023461541839376572
0.008746495086207234,0.0013121517944516495
0.004702240468433989,0.0024057400594300945
0.004343681093305354,0.006902432274677421
0.0073730899927023285,0.0016342532644845684
0.008742880110825753,0.001978268984209044
0.005900799080745355,0.0025545995627256988
0.008679804277524066,0.0027130371015994673
0.009273619298325222,0.010629959193768999
0.004583534067695341,0.00351466027097767
0.009293198440781306,0.0017423905543929672
0.0079863878311957,0.0013632959928380458
0.006836212202142382,0.0031269485855310343
0.007215587387275514,0.004731954021795333
0.009741644476653412,0.008684259297221976
0.007159592916405464,0.0015977186815327683
0.004293299202413807,0.00649339432730745
0.009340193929147464,0.0014704470942665865
0.009418628353794343,0.002882714215663918
0.005046114574238329,0.0021072911791159736
0.008526897447350478,0.001794675658237532
0.009807203378020667,0.004475315470711362
-0.001839178949712702,-0.0024212045327885187
0.006536220514251464,0.004501649163188225
0.004882562810232147,0.0014982291654826105
0.0062119193250358504,0.004509070144204793
0.008921793440912481,0.003155676108267792
0.008392820978118191,0.0015145933278084365
0.007977728174763048,0.002157310856147972
0.007291028721630063,0.0026597070559363587
0.008864459507911555,0.0025829996406523826
0.006919513945113715,0.002808968351599132
0.006056016972258934,0.004772317396073672
0.005482785340542902,-0.0008702321960436209
0.007291485062353518,0.0031053858177799666
0.006512651356297132,0.001311368595554318
0.009906861709185881,0.003773519916712825
0.009107036065147678,0.003058690841683147
0.007056189044710054,0.003529244892068905
0.008835047025660896,0.002747789338114269
0.009196901891141338,0.002530661487073054
0.005267511220602606,0.0018528682987111952
0.008289017357487268,0.005824712929559611
0.009738372143306733,0.002282878382266828
0.0051391982509244195,0.0003749223165374887
0.005239248259728575,0.004228660475253584
0.006768429036636252,0.008999158798516198
0.00929827562258808,0.001663030357578599
0.005205420493682956,0.0050283121693992724
0.009221896530460624,0.00263530134843993
0.00929769241855036,0.0052437300770085855
0.007113552826054983,0.0042131004713793115
0.006300741627139885,0.002099509895732107
0.007251977337073066,0.002459498800777193
0.008185687575229535,0.0022448691872274306
0.004578704712821969,0.008039559265034317
0.006729234873203722,0.0009049970331899727
0.00743805754073787,0.0027976403482161205
0.007781740766839677,0.0024083722431408215
0.008196837313623605,0.0009406565074761121
0.009107306744489188,0.0010474259205879794
0.00750682871474238,0.003983226315809177
0.008425223967205558,0.005867498546455448
0.009530271839784913,0.001320896179597476
0.010623453499014036,0.0045003413595335415
0.007084408250969615,0.004064574156062348
0.008349694119862703,0.0013156608260030834
0.0077062371512420435,0.0015655909431539364
0.009771828707790847,0.0025380505161219863
0.000667825497191436,-0.0015171627716075078
0.005465792527643707,0.004773470414272955
0.006923432973921096,0.004752812732342514
0.010665406641288486,0.005051215246616304
0.005066791715018963,0.002319513424091803
0.007425947454177019,0.0010719438373349988
0.002233676284219845,0.004722286767762405
0.009063019160818322,0.002051316095093957
0.006608093572277353,0.004319988718190585
0.009522220206938353,0.0018217784882850613
0.009764763302097565,0.001773244630360952
0.0062513766440230835,0.003045517754642236
0.008949927475119995,0.0024997370919345946
0.0043397234222076675,0.0017803359666437504
0.007825117842023915,0.0031540260325799126
0.006022574583310096,0.0021268843857131566
0.007488841629000025,0.0009514362700402002
0.006665028703593395,0.004412556967839289
0.005907038424120572,0.006101127959383243
0.00594174240587703,0.0022073387487311653
0.007697012036279366,0.0016302022875287446
0.006998110186532985,0.0020186814969378342
0.007323048256986937,0.002461233948469867
0.00911930567373749,0.0013880092387979345
0.00916667781261276,0.005081611483282672
0.008106941912912578,0.002996602873160052
0.008919580416302907,0.0021787010808788105
0.0047005966540390395,0.005688398682537793
0.006873009765485985,0.0016629405661104345
0.0031496087500782173,0.005089607415617423
0.004915169994023946,0.001863587907576572
0.010004604587144032,0.0014657680900596768
0.0032134264825181575,0.005344877610201535
0.007070891316879307,0.0013911413424487502
0.0037553869915500854,0.00728273102660311
0.0020004460847729633,0.004087698647469739
0.009754217953391382,0.002036216306053016
0.009729813536984398,0.011006878260785356
0.009093048508995942,0.0015509293549200468
0.007085162778458326,0.003215093964525805
0.00930619793484629,0.0014600083649746525
0.010035853305883316,0.0019421488876646686
0.008121893710966784,0.003668049970700681
0.006552229105315978,0.0031764596604854874
0.007516675690073968,0.0024953892457798103
0.009831288434377907,0.0014922190857994226
0.007222865032987928,0.0018784006884899375
0.010096155203375631,0.002212783962975612
0.004457232792058391,0.004723359320453868
0.005819282972556464,-0.00022752760117317455
0.006265882386627021,0.0019194177258979326
0.009177194083827592,0.0022542937336259353
0.006131628244770607,0.002642750402376737
0.00624681784570176,0.002995090858296483
0.005579085590848375,0.001747899839503849
0.005225419110202369,0.001978225240845655
0.0014598234062690703,0.006533416841945924
0.007428728664421931,0.00499026698221027
0.007401420963554103,0.00420455327893793
0.007493848702559416,0.0029212981615297034
0.00976725372019922,0.005132301741872069
0.006492608612777178,0.005330706943594192
0.008219943059282264,0.0014495207185860033
0.008760584303951663,0.0020465444360158805
0.007944097529374479,0.0022106593616489497
0.002840992627361854,0.004496037165307927
0.006512651356297132,0.001311368595554318
0.0098926156041306,0.004773106526035472
0.0060421569425683705,0.0045196450358095976
0.010014327391689525,0.0018635650541647744
0.005066703000949694,0.006390363072634523
0.007309191195250563,0.0033250479067586285
0.005912600727613823,0.00234351706810337
0.005829968211166447,0.0015820213767926607
0.0064065594438837345,0.00022997489783806342
0.003150942576004295,0.006703870205230916
0.005006103093054284,0.007775846776715896
0.00951835436999907,0.0016259806389805499
0.0026125469345999585,0.006174893522984646
0.008534176097502524,0.002127048749510407
0.00788984317880019,0.0027115896776192016
0.0023043670254693956,0.0026166557972106905
0.005662849921528181,0.005786918355095112
0.00566453735163995,0.0017526346795895308
0.00937401658413698,0.0031254166004354555
0.009098242116548725,0.0022306697353644614
0.006040037866019151,0.0007268245899974511
0.005626168225883438,0.003748738953319748
0.005732723161677529,0.0010816750834600417
0.0071215262386363715,0.0022340700266149987
0.005148813584534152,0.006653788646905075
0.007404724390533338,0.0023338812102661048
0.0018953441623202104,0.0006620263830684437
0.009236186441517967,0.001332715553272832
0.006194794235600351,0.0024923645356214512
0.003476577319541178,0.0027351983674756388
0.006076686324212779,0.00619901233127911
0.005790756492214757,0.005230431031685418
0.003986797566096808,0.0030199016171738244
0.008820920954441758,0.0032371738291030903
0.004537881191947247,0.007204773600601467
0.009946499668352572,0.0028799616368202783
0.006775054716785851,0.00305144915757074
0.006575412923776617,0.0026518059814600882
0.008315506396887037,0.002402026368817708
0.004268941621152529,0.005506130947461977
0.0019356196641443363,0.005648623329450656
0.002479501174815814,0.004610839171199301
0.00019128403029858212,-0.000786253706811851
0.008692482521241277,0.0021112434984509884
0.007725839262274393,0.0004010010381188152
0.009507781280629988,0.008361881515065957
0.007040614596831701,0.002275463735211196
0.004461757319221028,0.002534513947109438
0.007616985257025057,0.0022556696357509043
0.0070856217747480195,0.0018294680182660414
0.0056298600370733075,0.002553125649813728
0.00196581862995401,0.004942108222540743
0.009947799751275325,0.0020407351211137697
0.008105070052325376,0.004294427970744072
0.00971564821025396,0.004353161165593508
0.004293299202413807,0.00649339432730745
0.008707855732469388,0.00208257590751977
0.007029825300854887,0.0021212038720425583
0.007504735268221484,0.0016419262712622862
0.007680827927680746,0.004676056630016294
0.009309805881175574,0.0026293574768636646
0.009721150571307742,0.0012123028439880073
0.007637419398542856,-0.0003278306421333737
0.006149451136011894,0.001307353018887414
0.0036684718383040707,0.006004341886346084
0.006368366659593819,0.0034979561834152712
0.00579128562848543,0.002605114101887687
0.009017401757561088,0.0020001152210685795
0.008491762524297716,0.0005448034011909736
0.004121875841080463,0.0044073161588301275
0.006365830122959494,0.005115340415932491
0.008572980740377118,0.0015791630587366655
0.006685273492992494,0.005949221846969681
0.005935015741857551,0.0008841664381729081
0.008501942313897372,0.0051747714747390075
0.009684562179830183,0.0019317500617531732
0.00447524340640157,0.007639892602693242
0.009216923110177359,0.0022375629813166237
0.0019155746817153011,0.0033280684475394335
0.006415557654518471,0.001219603967189349
0.007517096574751898,0.0027902899145296183
0.007894111148628195,0.004457483753971997
0.006495944299862405,0.0029261193698842105
0.00021326770838257705,0.0016486857921539548
0.007928496179301421,0.0014146399013306157
0.008216047768697976,0.00156205425269834
0.010053149894829635,0.00427533691268483
0.00490317359087526,0.006540141938142707
0.0070158708979893,0.0005107607889474168
0.005077791479099656,0.006072942117241423
0.00964501665136084,0.001946034790644524
0.004665787788900621,0.0022178186555154985
0.006925445309562699,0.004964407667913586
0.009875933437726594,0.0015393696987314222
0.004671636744685355,0.007167584177051456
0.006169709148901411,0.0012028019525244546
0.004702621698016561,0.00024779633263241965
0.0065053035666175815,0.0021012188949453853
0.007787122520724953,0.00211383918807092
0.007845702339513608,0.0034628398256558867
0.009002770209900207,0.0022143708044722998
0.0031928441021054728,0.004257409980701032
0.004621306813488774,0.008055258695303154
0.005420211559020707,0.0035085859134981086
0.009360203829511493,0.010327764581834676
0.007636896482080447,0.0017558195087647496
0.006187787591660375,0.004527592000691579
0.012391316609726272,0.007317510923228511
0.01151611499129122,0.004009289916927616
0.008331324340313365,0.0031546652459365264
0.006143856006727249,0.004594913689496974
0.0076187691462648,0.001741512175672622
0.006902559395067005,0.0019212404912604883
0.006436465920317186,0.0023327822035617025
0.007772775222001656,0.00280449572617294
0.007110404592030049,0.0021812877182137477
0.00968547769705973,0.0017490574235724254
0.007657715287604837,0.0014008761420436725
0.00650934707120687,0.004776224300983337
0.00973712413140724,0.0018665620570218304
0.005119139538208967,-0.00018919734515647144
0.004960739540334484,0.0031533514104252246
0.005882384210765055,0.0045873002851639704
0.0035021251517227195,0.004472301980323001
0.008507215921272071,0.0026403153991303987
0.007168030759873646,0.002121310261896301
0.006989995121235692,0.0027740859217275744
0.0063118070294090264,0.001557913333747332
0.008935711349619953,0.0016272927146942047
0.00858254701308477,0.002346628111924048
0.009062550754588845,0.0010345419213088321
0.007825522273192036,0.001426728657742466
0.005561228060873725,0.001716207808356871
0.0069916447507440554,0.00300688278048703
0.007656485536015323,0.0016977803842250167
0.00841182097806422,0.004758615195706144
0.007107689332922244,0.0027762705103562533
0.008905725369327091,0.0017672014776414884
0.0076876387826564484,0.0016984235272743536
0.008026644685398024,0.0023007927400144814
0.009181731289368803,0.006153689431164134
0.008829819340904953,0.002340096506523755
0.008271091974904124,0.004285734421482076
0.0063055537835498485,0.003066226254383648
0.0092298569526298,0.0018548217935299175
0.005026802002424336,0.002430834094968643
0.006575902832399826,-0.00033136865411594225
0.009620981453901337,0.0021049371103109794
0.006901794777736859,0.005490505292415055
0.004343486609415457,0.001850236268830953
0.006139004957869301,0.003942368765107163
0.005281371475810946,0.006478935431367856
0.008805209110831037,0.004900926538294763
0.009541687111946414,0.0012571221549872369
0.008892665932107507,0.0010996723436627496
0.006310118634841964,0.004582581659015126
0.0087272676889758,0.0012576790227358334
0.006593105540189385,0.005449381154464033
0.009157374328716777,0.006254697725829379
0.0032196172909799486,0.005526965650316083
0.006683875949735446,0.004676296851891593
0.004458008704539101,0.002780938491460153
0.006638145669497298,-7.772795143043583e-05
0.0059384076666314685,0.0023950693889010603
0.0027766963144136188,0.009840163801393796
0.005370629666624165,0.003073130806467231
0.0067714804447187305,0.0030873739162544152
0.010177824000590911,0.0036190741803391983
0.002091106561434344,-8.627938533346986e-05
-0.0005450428382615989,0.0032220350692203584
0.007203078823740309,0.0020015093381231096
0.0071830747014951565,0.0020532160232052637
0.007848278825456922,0.0011677655737765743
0.008890172834055422,0.0022349105665682295
0.006829677698356553,0.0017781273291408578
0.006920663554113573,0.0023325840732861744
0.0034893717640854197,0.007313368241986501
0.008742718737943907,0.002778596210548442
0.004397076136696177,0.007291711505976989
0.009128523517431684,0.0012815168383175342
0.007962739135892086,0.005610686341845544
0.00666903224085828,0.0027671536425736935
0.006956754551483276,0.0020701995648903897
0.005171247409687215,-0.0007044939268177784
0.0071830747014951565,0.0020532160232052637
0.009178263540758323,0.0009109954168426077
0.009756623308868409,0.004942180423173173
0.006639967046234414,0.002692858542004899
0.0070651753446115675,0.0036929117229864555
0.009594651409416404,0.0017980476100602667
0.008391492823869764,0.00206206421933531
0.004729537360648754,0.006702080813688016
0.00502859675302259,0.0029424314046202623
0.0067846810902791755,0.003146245114188668
0.004251694207849023,0.005541487270781862
0.006391692174852602,0.004806769785562994
0.005436052870468276,0.004634292470905075
0.005876383097007075,0.002107823706300925
0.008919325758410543,0.00447797868097646
0.009460360147341657,0.002227855678664928
0.00951738291044131,0.001683659127052299
0.0051055461972985,0.007595103378781549
0.0067186143683686216,0.0020921255828656423
0.008572828298186678,0.001465802654805782
0.006464900659381966,0.001982509066651871
0.009930801478524081,0.0028346204990414006
0.005451285751658201,0.0044253367699740535
0.010189768472523569,0.003459279507530357
0.007695750816858153,0.003951556409177157
0.006901843503866969,0.0019733627056359527
0.007494713421729686,0.002851655654837734
0.006431437174762892,0.0023328527571342527
0.006408961258028759,0.0017965373717501835
0.007449904317667837,0.0015134624031548733
0.007303167655491636,0.0019856176978308012
0.006575902832399826,-0.00033136865411594225
0.006923432973921096,0.004752812732342514
0.008507500289650282,0.003434298925770232
0.00824386817097519,0.002482747704975168
0.007387894239832167,0.0022200109267500536
0.00958520226453759,0.00208172449825955
0.001285760035480677,0.005545300762146225
0.009268845393894675,0.004330301987410621
0.0065481686996330946,0.004077145407442381
0.004049675815796724,0.008198759358448559
0.008243845823146388,0.0015656175795181835
0.008498448538257066,0.0021987796298603033
0.008905722505824342,0.0018250733781414825
0.009027775699759592,0.0026221992304744273
0.008509120495725386,0.0027450556510888935
0.008103718741641376,0.0011590568239784752
0.007326970176682669,0.002813942241101648
0.004741287646233895,0.0014553034294389703
0.006119738980706517,0.012204886268462625
0.004435277960275812,0.013432869414942355
0.007903855767575628,0.001469338354851274
0.006395331455164854,0.0005625223658474142
0.002596297563063907,0.005251796152966069
0.005021910198754422,0.005946416503753986
0.008203563648166018,0.0038723855081227295
0.007575969099820897,0.0013134144133476544
0.009723908689959596,0.0014787717775521939
0.009388623242139738,0.0013669428642127278
0.0024186903833363638,0.00570396180971848
0.0038948964499155754,0.0030572593039755926
0.008794799738803384,0.0023345041814291975
0.008896615563663248,0.0012802902098042373
0.003710827788526029,0.007880352773576951
0.007806432102784019,0.002306166119846899
0.006068176291708844,0.002353119667915989
0.00689619434200826,0.0031813594412554123
0.006769342666994022,0.0037531960710282058
0.009232147373581542,0.0029389311673371846
0.009247007232463604,0.004863646420876288
0.005572052559726533,0.0042687240156693545
0.006655798419831638,0.0025220640527820635
0.007560233265350717,0.0015110464428134364
0.008562023267301447,0.004626456875353907
0.007036401456970769,0.001842712363002371
0.007970174261484126,0.0024077942754172224
0.0031409657444057444,0.0030363411477237617
0.004127335501917618,0.006901303851756411
0.009572206457744026,0.004274220601358922
0.007544191588459164,0.0020535479501226335
0.009246401104419696,0.0020086929549369276
0.01000473161980514,0.0015958952016701892
0.005758723437404504,0.0019972581545605233
0.007305764789273156,0.005980505519183545
0.00715959200993049,0.0032083555502266208
0.006708149243036688,0.0037265022203365385
0.0099362882942352,0.001438056639578987
0.006901794777736859,0.005490505292415055
0.008047759699522856,0.0033105685954152777
0.009884040915930387,0.001789627527554307
0.006942205624134281,0.003705010191762331
0.0077805767191076345,0.0015929930623143256
0.009217122670016738,0.0011802103382455627
0.0005687186652195775,0.006181468395471335
0.0091232220204086,0.0025617584864251327
0.006881643381356254,0.003410775225550307
0.0050496925177380345,0.0029640621695659584
0.007008150450261921,0.002123087285395864
0.012004477321334374,0.007838865502275385
0.007248628435029197,0.0008620889196163349
0.0049666465521564776,0.004134552815390764
0.005572453352585918,0.0032509648024332356
0.007845702339513608,0.0034628398256558867
0.008259070168025948,0.0030012525916672667
0.008143923064694875,0.0010654394883684313
0.008943897522275103,0.0016589379594238157
0.003532292277982598,0.005820707424835874
0.008614382185895254,0.0019243665471929431
0.007607122803229932,0.002891351516495648
0.009923529158725446,0.0013371082720147294
0.008200090848782506,0.0024058780989336366
0.009741707470255802,0.0017236338722871475
0.006068015191491176,0.0019196154416417036
0.0089741889965574,0.005807735259920661
0.004870926423182177,0.0062060817256477515
0.005220655339111088,0.0015550113378993901
0.006923432973921096,0.004752812732342514
0.007236134685026299,0.0038777140377400715
0.009108950120141467,0.001572640305572113
0.007591608002875777,0.0022152930568802047
0.008755721408709779,0.005158816993858651
0.0026860919895858966,0.004226361215479857
0.00196581862995401,0.004942108222540743
0.006091862008985439,0.004501632166399911
0.010079659746720121,0.0015057046714699387
0.008352289716869373,0.0007455047797847881
0.006295424187860062,0.0034224592295210594
0.009711887125941471,0.001267047421264554
0.005752910184085912,0.0036885201338302887
0.007948566412688906,0.0018852742552365968
0.007113552826054983,0.0042131004713793115
0.008509930312460754,0.004151960051331801
0.0036684718383040707,0.006004341886346084
0.006514282186481554,-0.0002302902831289172
0.009883172827114442,0.0014078478304352703
0.00621383495239295,0.0018797708446790518
0.007097480211415537,0.0025698078125299785
0.00754249923512602,0.001858367031042957
0.009492758848741584,0.0016214031846423825
0.009092860565491436,0.001959376205174556
0.004951007392971643,0.00517327166534892
0.001816855599266612,0.003990833882472863
0.009652770787282718,0.0022498431699110658
0.009156991483451189,0.0022871839454140014
0.005613494107504927,0.0046639090538932605
0.0063573381732786515,0.002851551035815781
4.9860193688762607e-05,0.0038614185778282108
0.00812824383670614,0.004220858830431627
0.00907342774450089,0.002135261497995829
0.006608476166740042,0.0026600794644166554
0.004324991773053539,0.0014152485646966723
0.0023232762300541346,-0.0028390403744688116
0.00877679303380191,0.0032694991206572285
0.007111195721404731,0.002012983910653336
0.007595506043817179,0.004934507851623646
0.002725773002811574,0.0053974960082444935
0.005579693513201043,0.005292047888579697
0.0075285430714521154,0.0014308791980107462
0.005679022105334882,0.00037469586347963803
0.0076641227586708134,0.0014037572760232236
0.004273888882984196,0.006718084716674601
0.006845428920399087,0.0017782667052165298
-0.0028981875129114685,-0.002081933162749119
0.005281371475810946,0.006478935431367856
0.001686357618703404,0.006309133344358191
0.00519718278622253,0.005533430160528971
0.008688076416097944,0.0020345219439722615
0.006104585973384166,0.005918906425429178
0.006230081528119679,0.005603731964017074
0.0017588972218106026,-0.0005124818050569468
0.006157047866512336,0.0020974445211976375
0.008032362007802097,0.002125479611309455
0.007430256801676532,0.0010244970434950557
0.008816647868310686,0.0040166940530650275
0.0033073232218486393,0.0028222127233830784
0.0017416304207988672,0.0034474256521699557
0.009099597529603747,0.0019390922897159612
0.006242364257209556,0.0014152473433762863
0.006369069811633174,0.0011508625995035361
0.009337607911919836,0.0012967071108437884
0.007960966154601703,0.00509228107126939
0.005511661653304252,0.004987467253797886
0.0051267849219353324,0.0029014519076659747
0.008957443204261438,0.001327908272854418
0.007124601386590262,0.0013955542986441747
0.0064380048096070695,0.005927189443995652
0.009142726190739255,0.00483607534541679
0.009777147963551454,0.008613076132413189
0.005620083042789528,0.002007017098793887
0.004266279005229861,0.011248175262749205
0.0050507322154863974,0.0015206981649280625
0.007634905687456594,0.002179741096091049
0.006065528124136947,0.00288830264462388
0.0069945057141256334,0.005299807017336407
0.007307507577647938,0.002073319997416288
0.006306843462885049,0.002083874859483725
0.008326968631705275,0.001094911769478609
0.009107372036276191,0.0023682849557837135
0.009044459490463399,0.0030343440359287994
0.008651546628141018,0.002839404441983706
0.007979512094013739,0.001367735361674052
0.00939692695112491,0.001758911944348681
0.010021904442610413,0.0015521959939763866
0.01207952185507091,0.009678504233273311
0.006218511474745283,0.0051147422494933785
0.008130089090187828,0.0032589904228767196
0.007107582110874082,0.001968621669134615
0.005096641884521668,0.0085324027763106
0.004069599466639777,0.00674496641295772
0.009417528875458218,0.0017985046101701308
0.004887393564807939,0.0035056087450488693
0.005453800726015777,0.0028717240608951942
0.006083436529045371,0.0009449032163533176
0.005465792527643707,0.004773470414272955
0.008257975353348258,0.0027143275865850365
0.0037336672048068472,-0.002126520843990741
0.009271067397484189,0.0015018521119183554
0.009657601997830376,0.005256492722099575
0.00619496347786073,0.00018035255069847114
0.007932215782928534,0.003356104197072745
0.009954792087411507,0.0048740920442435776
0.007206535383049476,0.0020336506411152413
0.007198866946921336,0.0019291949343706767
0.007709782808532205,0.0028140843421830906
0.009390352991337114,0.0021644636054856765
0.006797782610999237,0.0011499978965659671
0.008076333266582844,0.0028040827464220113
0.009396215857312479,0.0014782007460080685
0.008562439856117739,0.0011087044219322724
0.006865112733460296,0.0019096236002252385
0.006297328645179278,0.0024956873639189157
0.009266496895346244,0.0014520634718693005
0.00884715175512509,0.0024993578177507783
0.00617738335466061,0.0019970434833034654
0.006412635341360959,0.002630806152577517
0.007507579732439602,0.002425602121338735
0.006434743701006702,0.0026263014352790846
0.008375600035226123,0.001395798267380127
0.00674468439087987,0.004454423388113802
0.008960362278612213,0.0012058653665754137
0.006187787591660375,0.004527592000691579
0.0011608227684266788,0.0038512819059110595
0.004269879222088054,0.00655926515164688
0.006138643749100723,0.0013069532629416559
0.0069657150256278435,0.00374739197862061
0.008498203023275027,0.0027480987681087797
0.009402753490946167,0.0017056456119602338
0.007073583532394559,0.002601684082750696
0.012223106646358273,0.005002783164524734
0.006065060730710227,0.0018043860588668938
0.0032627430119870115,0.004734569189781401
0.006131069237895961,0.002149227874471019
0.0072293371373438635,0.0014813858507895135
0.008051140795228336,0.003231502749203686
0.006843254193725905,0.004395318378877522
0.004790523118159308,0.0035356753190190025
0.008403188074849275,0.00271600020714541
0.006373733925036384,0.0026150736598761224
0.008312202873383231,0.0015074095480873935
0.011272913953129375,0.009237831435527059
0.006580321716854138,0.001669799722159122
0.008744207093382222,0.0044424072693163615
0.005077791479099656,0.006072942117241423
0.009349184623352411,0.002152362683206353
0.00711487305290026,0.002172793257309135
0.005823372801005597,0.004896210799017113
0.004251694207849023,0.005541487270781862
0.007362287431678919,0.00343670362513806
0.008533432498589927,0.002037050686730096
0.008339906485772677,0.002578811446404647
0.007478199350963611,0.005574126782717862
0.007970662959312228,0.0023215647422901286
0.009124447563848267,0.0022806577594336264
0.005652761038878592,0.004201143401465879
0.005733267629923196,0.004506998655070327
0.004692621962371424,0.0048489779374615806
0.0070503608047050945,0.0017999451033925036
0.004649998335904105,0.002529335120068521
0.010485501665430712,0.004167529681079669
0.009416774322322187,0.0019658722289628196
0.009514065588800222,0.0014458109466249447
0.004238823777210556,0.006501791663298911
0.006573647601286931,0.0023692548236525024
0.00770436675344841,0.002417873928183735
0.009611541909712806,0.001804926006305013
0.0076187691462648,0.001741512175672622
0.007068383643374326,0.002778143288966209
0.009207725208798787,0.0015705889588620266
0.0054464077117506475,0.0048131437808313455
0.0024003997115602284,0.006594359932510724
0.006226007037111016,0.0014411238851172086
0.009155062428609927,0.004091050854902305
0.005191330828275213,0.0031449331126022634
0.011251840500117714,0.007532635263205032
0.00552679441193053,0.002399088711017203
0.009604649421341163,0.006922237257202828
0.007516194096045276,0.0009154482629958613
0.007918940432689169,0.0028645975490220344
0.006086677609485535,0.001016275259064961
0.005054007218082659,0.006114182901954219
0.007842016530941798,0.0017161389561395138
0.006084808459631523,0.0023391513021561797
0.00969908513435682,0.005212811993646172
0.013473095343899757,0.0053801105703163345
0.009332303403332201,0.0015919470247988026
0.004659611464524467,0.007803490616991829
0.0012644720863729392,0.0021614391915362498
0.00968983776271223,0.0018450140821273655
0.009370195897620876,0.010489327380027497
0.007873634446385088,0.0008995864915692826
0.009131030356766335,0.005099948928025837
0.00793955293370514,0.0030181838255312976
0.009944628131586617,0.0014642746281810478
0.006157585079824364,0.004587504220312556
0.005695360981389474,0.0041623069922384955
0.006719951221838972,0.0020417190227203846
0.006811214667001792,0.0015198701627439199
0.006358354925782567,0.0024935027294001565
0.005769308110918913,0.0026140952487243895
0.006024085369228408,0.004185395876695516
0.00761996139734871,0.0015282801700218663
0.005429162320558537,0.005154193587514154
0.00884037866141563,0.0018000196226560742
0.010077808196751714,0.004360128476185388
0.006058736028655424,0.0019360181388461961
0.008920009441910948,0.0014160826162565318
0.010172295626275953,0.004837381431604922
0.009234551123244165,0.005453049607009237
0.007054895330027693,0.0009418896218165666
0.006456967278638763,0.004760391266538255
0.007037472025734427,0.001816632165736601
0.004176773288171979,0.005776075131384242
0.006954919452455532,0.001887078516803472
0.00641667891302314,0.0035566493478970673
0.006883896521141191,0.004904511885025673
0.009818918218503184,0.0027690644341082397
0.002887387796879617,0.005752532253897173
0.006750587228588514,0.002105361797858
0.006014091497241927,-0.000650552016982206
0.006509232056327125,0.0021993847051379354
0.004176773288171979,0.005776075131384242
0.0054408157363112514,0.0017885771623462297
0.0030866956005158016,0.004676439514216045
0.002489753972445081,-0.0026554306234507674
0.008854710014890403,0.0010919746122152402
0.007089971232345936,0.004844492451158153
0.011903571164466017,0.009289766032534712
0.006815599900674915,0.0002827306491502337
0.009288579859772814,0.0020861754810792563
0.0062418239144203524,0.004445385943734757
0.004784572094731542,0.0056271461222537735
0.008897694852439172,0.0036728358340506386
0.007234926339467733,0.0021188290413726657
0.005766289908333659,-0.00045452537321569696
0.008703322355556247,0.0016082578558747904
0.009192304863708353,0.0018900014516987909
0.002152724883781869,0.013117571608977321
0.0064378874095301145,0.004915784439818006
0.009188244152526347,0.0022698680583745252
0.0057638900685212215,0.003622580880288438
0.0053831823174753934,0.0022419958352692237
0.0036344111455805387,0.006951045387982941
0.009185037235835851,0.004568014467003126
0.008711417355842924,0.0018384513133135423
0.0076187691462648,0.001741512175672622
0.005234222735442705,0.000836704299553943
0.005449931504492374,0.0015286261464490308
0.007137675482823716,0.001331570244837585
0.007636311638949279,0.0005345196017285106
0.007614396567620791,0.0014116413735894501
0.008009360294578133,0.0008790712464092632
0.002642236614610916,-0.00021640943522139265
0.007004858082051389,0.002426507140715407
0.004974860549120944,0.006884234950498898
0.0030943606110604375,0.0053926971290273774
0.008757348331292568,0.0026703095746962377
0.009174038448917496,0.0024600392951509243
0.00853056055840349,0.00217801141287467
0.008474603635782934,0.001772778512896353
0.0065743424970314025,0.0016345953198224168
0.004202106082575412,0.003620892309301498
0.004202126376750044,0.006544580968308751
0.009940211566518291,0.0014975453384743608
0.009565900997846422,0.0036829768314693475
0.00796751328282367,0.0008229500224221122
0.007360850804314556,0.0016030404935676043
0.009437656316019779,0.0019517503120605366
0.008746495086207234,0.0013121517944516495
0.008318196504726438,0.0016319569965358854
0.006116780782752534,0.0029671777973031893
0.004749154531316386,-0.00020945284202866527
0.00877886667001589,0.0013692543553263676
0.0025398787737481816,0.004342836450163297
0.0073464363231603574,0.001817819068266776
0.0054806111572118805,0.005449111839116012
0.00831250519661677,0.001587260850790243
0.008870098672549861,0.0024354354498455962
0.006583821568914412,0.0030103149157904643
0.006346018415612576,0.0017965134696358246
0.008854367643065245,0.0028976106400565157
0.008702932481421288,0.00257589725630021
-0.0004148108089328936,0.0016871406137184694
0.008029586726856382,0.0038469047332847115
0.007582555646876759,0.0031905956116052682
0.006545513106607383,0.00225532581044237
0.006984316764831496,0.004332803203934308
0.00784661442866786,0.002960304017024311
0.006561244355431358,0.0030379776986052187
0.008164516158872936,0.003013945708729011
0.0033506213453376697,0.00570521127694957
0.009660365216538054,0.0018838884374268155
0.004354740079301541,0.0025329446046079866
0.008600156729277792,0.0014191771207601664
0.009525102188255256,0.0014862031700639197
0.009418797855769774,0.0014905391255054202
0.007717877131043014,0.002243730946708455
0.0063733443449599135,0.0016730393772704964
0.006549927433681331,0.0023368018428482325
0.008929791116956288,0.0028990950492725895
0.007031711751698754,0.0019756021711049973
0.006593105540189385,0.005449381154464033
0.004173208743798242,0.0025525853660199422
0.0046265267451282045,0.009139505455554432
0.005022930390980616,0.0016496768475937982
0.007327117506976464,0.0020937779686560276
0.00927338912715575,0.0017468122419365406
0.008495667790325161,0.00613786370205548
0.00817570829611023,0.00189394009238549
0.006837902303594888,0.004134415466358512
0.006858674647007441,0.0022405986018765728
0.006271886980110399,0.0014288382871665553
0.008321882709053097,0.0019409921718691941
0.004723156454502789,0.006235846870242362
0.005289473672373611,0.002426442286577247
0.006712182188503985,0.001602397578532166
0.006775159018380896,0.004474445742316451
0.006292108097063143,0.0012244824036132407
0.00241259625877349,0.00046899936728560417
0.005648460065378234,0.0011500606915368673
0.008631878596864238,0.0026162649912961616
0.004991928285645868,-3.1986760427595365e-05
0.00568756987162472,0.004165195973191309
0.009787332495284753,0.0061302305148612235
0.009476927687879702,0.0046724368410075885
0.009439987865956016,0.0016593844204678262
0.009231923441866295,0.0015563436969113723
0.01014629799024589,0.004828355281286607
0.009502857194807472,0.0016070448450794033
0.005765004072294327,0.0016377348709249607
0.01007167296947038,0.005195890123200303
0.008079869896205825,0.0018562923434584985
0.00829637209917935,0.0012838390590000689
0.006507926381086585,0.0015564094317408635
0.002616523838618384,0.0003898374681923014
0.007688038017797714,0.0019492749482945392
0.009690083612712301,0.0020335210521361833
0.006048496863950044,0.002331832750971796
0.006122704524257065,0.004348952227170489
0.00850860476551778,0.002752771695155555
0.006258941215054886,0.002538985446894196
0.0008973923076210357,0.004600396017857952
0.006536516066350009,0.0028863836486892423
0.003150942576004295,0.006703870205230916
0.0067588495240835135,0.0010811137339293729
0.006232119737948785,0.0007216715007643381
0.005763169677020948,0.0004050277954573533
0.0061732507066289185,0.0032598131597955517
0.010960510737152741,0.0029061240287584374
0.009215796225618158,0.002495331911828617
0.008143126928061805,0.003323542298076361
0.0077508628229877585,0.006479254334566734
0.009885461712765813,0.0016659925222172892
0.0034354590611237884,-0.0007044947822196466
0.008573277997843388,0.00381873723538165
0.00834792814280398,0.0015298919168183264
0.012055749739319336,0.006907196719244729
0.0098919063138305,0.002542051529826177
0.009639334460877648,0.0016492213263307144
0.007678305568341119,0.0017429526680810981
0.006432926993210025,0.0008940833240294443
0.007961479787354613,0.002610335745814934
0.009148609918859345,0.002129244475338166
0.0023521089908769043,0.004395214929693795
0.006197739399640939,0.0037769935845763224
0.006474603276830632,0.0009110026335646688
0.0074068929744967454,0.003967302268305786
0.0070069838957984515,0.002749158827094085
0.008668056944285046,0.0023283626406244403
0.009723168117458629,0.0016037630679504354
0.00765276799692861,0.0003798634576431207
0.005706576632006714,0.0016793457130797884
0.008649043574175983,0.001670791901305535
0.006145397312488983,0.005746208261608762
0.009283550295672877,0.00249491682964409
0.009679116967112784,0.0037701391364322974
0.007936223432072844,0.007602303339225409
0.008051753548722559,0.004774573556280055
0.010147367005262174,0.002217796669597606
0.009388055484842919,0.002503028189185086
0.0031131114261967853,0.006061239098778548
0.004986848857681463,0.0023595753728911165
0.00625588598458917,0.0034139234219375918
0.009100036608879765,0.0013851434579654704
0.005104335782156786,0.0027351279578234937
0.007183858270252605,0.0012319154234370234
0.00916136178799419,0.0021207161735292733
0.009842706286964844,0.001330664827552821
0.009205568866862746,0.0012757245037772333
0.004906186097675211,0.0026020993946873393
0.005768383836228791,0.005292742443306735
0.00922410466818931,0.0029584504984305924
0.007389119485390344,0.002387239604934234
0.00630550795449783,-0.0005989432843671004
0.009251778644256341,0.0014184430474433367
0.006179267203000172,0.0022983274642965406
0.0068259170793959255,0.0025295692454620723
0.007106026947683539,0.00434666321417603
0.007071313280414323,0.0019097052141756228
0.007119562495788122,0.0012436323386398294
0.006216846525862673,0.0024856167189545256
0.0098919063138305,0.002542051529826177
0.008710311584560412,0.002231364672974331
0.009391421408546825,0.006501201766642225
0.00890383968632931,0.004136883933940082
0.008910262996864279,0.0027946924989793853
0.0030280144259043473,-0.001793579362334206
0.009236186441517967,0.001332715553272832
0.008977850426990362,0.0013946608753174859
0.008336171289455647,0.0032963346835405962
0.007775537790374845,0.004750824231927671
0.009087130008641815,0.000885232365696033
0.004067164850821848,0.0044625357451760295
0.0078000741865756045,0.002013441011462039
0.006928661264302418,0.0018500077356526567
0.006136794855145822,0.003030052997829863
0.006230362855897098,0.004501452805405129
0.0036609006901270813,0.0031207923973574593
0.009416105793837823,0.0023198871172173587
0.006488808778640831,5.518889877995439e-06
0.007601729974186762,0.003309370685165486
0.003064035283266292,0.003957616991682153
0.007789893998253106,0.0017957024450569589
0.00813196785134784,0.0017696762257863588
0.009237525652401397,0.0021832029642059464
0.008083696509467095,0.0028425761026693447
0.008956916544204213,0.0015950025465932445
0.009077585441080394,0.0018637674846560112
0.004671636744685355,0.007167584177051456
0.006770389079193741,0.002548030418270204
0.00918935127875931,0.0020112578682555454
0.005661982880893526,0.002750317725916618
0.0050984322408590185,0.004213089677556259
0.009687817692845109,0.0018555133256548716
0.006430221919010165,0.0051319508793772044
0.008985566546025512,0.002725403342513087
0.004173208743798242,0.0025525853660199422
0.004728020123179239,0.00528072639087524
0.00795737073056067,0.0016305553087254876
0.007315460378834635,0.00485814829263944
0.004733629757555603,0.007455990688937238
0.007535128706225964,0.0018230466379818705
0.005854268331930633,0.0010692561705312378
0.006754577411425388,0.0019698100697315406
0.0060939512239532355,0.0025454302340756603
0.009241455377187315,0.0027948412760067922
0.00904381276906083,0.0018681304695605068
0.007193375669171537,0.0015487438392048887
0.008371489852571433,0.001825144943873991
0.007231569396171673,0.0013080249769469266
0.0048182860650399905,0.0066298749278206025
-0.00042260807616564637,0.007653963309112264
0.006368366659593819,0.0034979561834152712
0.0096420735310398,0.0018762586967119134
0.0028392967690065276,0.006075366077303817
0.004296434983088839,0.005171968034514046
0.006901794777736859,0.005490505292415055
0.0034195048250800176,0.004865095806956832
0.004251996618309517,0.0075849078530944095
0.007493848702559416,0.0029212981615297034
0.004981661527386755,0.003119790121948968
0.006989530793625266,0.0016994159093115203
0.009094100272553233,0.0007134214198575434
0.004450669757873965,0.0038897677395262004
0.008101137212578916,0.0025470782919885544
0.009728607057330627,0.001581288817196682
0.00709211593354782,-0.0004059189486507759
0.0075502504589431444,0.0018851517752699366
0.005974521649813131,0.002287459883782458
0.008509419519326388,0.0020714862617287264
0.0064426612673968205,0.002563097367011659
0.007188061222501992,0.0032530854485230912
0.005572052559726533,0.0042687240156693545
0.009303994424006961,0.0012667172391524996
0.008206453156919756,0.0028686435533369827
0.003818220249417471,0.004665600335556116
0.008862507661845907,0.0017870536502169665
0.005626168225883438,0.003748738953319748
0.006544299815426949,0.004114227177536266
0.0049666465521564776,0.004134552815390764
0.005254514670822323,0.006431221503898608
0.0024615031336704873,0.0037789234982423146
0.010485501665430712,0.004167529681079669
0.0064095119642684295,0.0018325111995789707
0.006659939427531788,0.0028350471529277462
0.008345023204209526,0.002140592173238488
0.009662646953283949,0.0014443465508068984
0.008712514408039542,0.0015843514328930143
0.006043858260789345,0.0020693952651710803
0.009107096976414514,0.0016535895270825395
0.005079534686299239,0.0023301134546202954
0.0035021251517227195,0.004472301980323001
0.008791118586760675,0.002236954053694862
0.008830320939294794,0.002039138979479654
0.006740734808540701,0.001725884061782223
0.008308235654561798,0.004384342706471001
0.004184898696983,0.002674117719821574
0.005171514138366017,0.0035312664127848514
0.00809972054043125,0.0014581419038842552
0.009301242328522323,0.0013301916026152733
0.005881361942207053,0.0027091622625551913
0.006760762059867897,0.0018847223675110035
0.008153857508109283,0.0018600455707986716
0.007780696143769559,0.0012355306817772513
0.009377661931339536,0.0015182611068369333
0.008505150328573269,0.005767442904010939
0.008015900435977994,0.0029926448136225053
0.008724737977920602,0.0012320044753667764
0.007674810700341545,0.001421035187120571
0.0032196172909799486,0.005526965650316083
0.006156857530289559,0.0027736014913178984
0.007095902229499554,0.0027704664268329198
0.0059819125845324995,0.0008797366164066747
0.0059472690331075625,0.0018430027752878
0.005766295781390268,0.0023538845397732978
0.009105984852073909,0.0021164143590845907
0.008863781435607933,0.003092139274851774
0.005790702789000872,0.000843540950933701
0.010051436944782999,0.009078614897874438
0.00708537124360977,0.0017521884762764783
0.0068871493207671095,0.005906416094977033
0.0056069959593706324,0.0052114985487130535
0.00862493751700021,0.003909254677294058
0.0030247270119526755,-0.00041664138316469933
0.00497881664901592,0.0009464484535015201
0.005129106542334275,0.0046089270712949505
0.0008152641104104807,-0.0010074524868051203
0.005747961617233289,0.003603912598523866
0.007537732487508559,0.0025134265539720818
0.008681064929824667,0.001913713126835582
0.00817595521017601,0.001274845283015775
0.004930090131227409,0.002374303984089308
0.00731744382588828,0.0018231516551219136
0.007308380833600537,0.002804892229553043
0.005791609646889207,0.0002157614344303286
0.006401856749107565,0.003992458523953904
0.007539867597352042,0.0010392677507161689
0.008673768593505105,0.0004256179832301159
0.010104494478146042,0.0037515302555286003
0.008304195725052053,0.001722788103776172
0.007068327207376325,0.002900423870046629
0.007944141048626112,0.0020230119807431854
0.005626168225883438,0.003748738953319748
0.008975492787479592,0.0026253974703325435
0.00949456846310066,0.0016426616424842161
0.0073083019705634435,0.0026022872893440244
0.0059636065788328824,0.0026484353091310777
0.006265680640112997,0.0015893591995178426
0.010648101278314824,0.0050276663422953016
0.007978920416273835,0.001874033904831633
0.0051020805930954635,0.007989871354129683
0.009537407303090158,0.0015611497623314466
0.0064756134328271975,-0.0004307579791699573
0.008964835993505837,0.0016747226493966493
0.006059677881069922,0.003611907164000034
0.008898869591361054,0.001789227864719657
0.008527713716629751,0.0014727427064775943
0.007155761617481938,0.0015814455705746256
0.0068181017215693486,0.0011115827395948479
0.009450953439441748,0.0018562744990658717
0.007436083012111579,0.000984779908078663
0.007912930772632783,0.0032006790061654645
0.00945022189198118,0.005432950788844449
0.009150213946070823,0.0014923871430155356
0.007082980276562831,0.0024236896172956865
0.004714165676561764,0.006873150076833255
0.009389792704386238,0.0020863103426412705
0.006057586759986014,0.0002500473314683057
0.005328838050987039,0.002569476983479097
0.006976214665510952,0.0005776058742314096
0.007450615094947136,0.002709241873248667
0.009115240669510812,0.0019901545193924805
0.009932273656506611,0.001680561807525737
0.008733402183526692,0.003456644927228392
0.005572692345683604,0.004299993147249614
0.009561392105825833,0.0017293614808833744
0.00898149300177794,0.0020261551760819025
0.008937400604745942,0.002138453977672106
0.0014832949093897306,0.0040544351825921275
0.007306526592677693,0.001523693109445624
0.008966448396560972,0.0021858413388393897
0.007589289809365349,0.0019186978277150228
0.007251482417230133,0.0018192710879865693
0.00476436478516943,0.006151975961378306
0.005140770735911487,0.0065363268455511814
0.009497836113885414,0.0014366572203264117
0.008384844902651048,0.0038068915824849264
0.0065413160640676385,0.005234289255426402
0.006446197533097474,0.001997587947357324
0.0061073833765229475,0.002774522117631321
0.006967759549949668,0.0005781519717203542
0.0046664941638422126,0.0024317155908069286
0.00879933719617311,0.002062805175064784
0.0066429061325033525,0.0006005982805802144
0.007703118411336153,0.001588282193886713
0.00021326770838257705,0.0016486857921539548
0.00502859675302259,0.0029424314046202623
0.007585049178743125,0.0012825579731517147
0.0018500964413344428,0.006623030903877596
0.008514375586221846,0.0014807735872320246
0.008516383555803829,0.002033447774775172
0.008772229905469464,0.004561730125176312
0.008956985338451247,0.002228337045585351
0.0036949081794346176,0.004920119788712484
0.008109271387676982,0.0029381625193117883
0.009373123059095358,0.0012695828183089094
0.005462992201213865,0.002722110294750245
0.00893033656092215,0.0014081621716127138
0.0068569933398910975,0.003511970002509016
0.007749223774303327,0.001645453750104233
0.0050394526415619605,0.0016580891284106222
0.005714665545434331,0.001804921413970346
0.00689512917260376,0.002247887236697302
0.007485883139541836,0.0022008021762718964
0.008232957445970454,0.0027285540193728594
0.008340633251903968,0.0029588453154583087
0.005357510912121221,0.0019320494835151861
0.007166620230911338,0.0021865664183153798
0.006623939157686558,0.0016494972146916106
0.00892043882409449,0.005549966254286531
0.009499139634855252,0.002273609516028235
0.01011361343200664,0.003775374819415097
0.006201260490838407,0.005224338645391918
0.006091862008985439,0.004501632166399911
0.00667011397860244,0.001188297445247179
0.008824811148747934,0.0016495408080777884
0.009977236767524373,0.01250642104299801
0.008618414288412181,0.0012933154564331454
0.008906956241431351,0.0017922250720830667
0.009761363564332338,0.0020119876130527993
0.005475849525704064,0.0029799056723808313
0.007899009434308879,0.003388288926499617
0.005760386779021781,0.002444144391456013
0.006961998871990295,0.0020280015391039782
0.004316204975993034,0.005192902162309957
0.00750077553430524,0.0004448458408180273
0.007639022276679503,0.002842993920729408
0.008931132902725672,0.0009474678710927505
0.004894069140560214,0.0055066707172741775
0.009853598442269096,0.00169712263334495
0.00806413217922943,0.002579530300225067
0.004320920307052117,0.007260230424415037
0.007033868646970729,0.0015288258828345044
0.006501994583115463,0.0014431266719512458
0.002113440710908787,-0.0004935194810216795
0.003859827301812768,0.001482241833528711
0.008996858622290233,0.002420132421629179
0.007237790085939916,0.002900026504547362
0.00957542466832655,0.001390504801603707
0.007074266285914607,0.002256314430416906
0.00856525530324519,0.002876768609222401
0.007790587210013987,0.0023297547130388127
0.009127599387418252,0.0012368403528787483
0.006488808778640831,5.518889877995439e-06
0.006198696939384758,0.001820904324149746
0.010143950571157502,0.010621436859411897
0.005034517931428116,0.007280025944349795
0.008101578820033584,0.0033090470360614714
0.00853689066408653,0.003038345989588637
0.0083796335339638,0.0004807839047425433
0.0027766963144136188,0.009840163801393796
0.00503851277483622,0.002650233519117728
0.008922860097738274,0.002116834615378688
0.01034881117346062,0.008699667822053548
0.006043973332282359,0.0022835894388245175
0.001693753628583798,0.0004844039604741477
0.0026125469345999585,0.006174893522984646
0.0039145363927991055,0.0069555439256259
0.00873497709911986,0.0022574372217450374
0.011867485438922298,0.006782580468644594
0.009138536313815107,0.002966465550669782
0.008306094302683963,0.0011234404380140416
0.005820467005630109,0.004059843163437157
0.009146755681633905,0.001969942855057235
0.007609950273949718,0.0025401008534025305
0.009040789890499536,0.00211414611155187
0.008226948242630521,0.0018362724284302027
0.005835701530514369,0.004925388970030288
0.008243548624696968,0.0029504054130208577
0.008502806559766103,0.0028861708569548608
0.0068582217135043175,0.0019225998695199514
0.005586366305470442,0.0029875364312546655
0.009976005630100628,0.0016335751652076253
0.005170964849757099,0.0029922337300775847
0.009044895205086775,0.0015803779931213803
0.007009868504698322,0.002045819316245507
0.0068146518611069415,0.0014932468416415145
0.003523291534371962,-0.0003604126885429597
0.009293359139707776,0.0014973860613343264
0.008365737817205423,0.0018885571026848519
0.006911983477387586,0.0019105978048554904
0.004987732020142166,0.006292400966906836
0.00655934251114312,0.0019749176910390485
0.00901420379168888,0.0023376114601084763
0.006885672614559004,0.0024630743950486986
0.0031390755842961356,0.00544442104806793
0.009648613759205473,0.002994520551176651
0.009513817902511663,0.0013256086973785055
0.009286616961509661,0.0013411847051037025
0.0071830747014951565,0.0020532160232052637
0.005212878931450968,0.0039348443831554525
0.005795358007184333,0.0040919200570996616
0.007350351715673477,0.002963713565877029
0.008953568354010462,0.0019302956977944102
0.006883896521141191,0.004904511885025673
0.005702704556949851,0.003774308622770767
0.008579037786724194,0.0016237194648957391
0.008114706059772783,0.0032257395947317222
0.008957476075044261,0.0023096435275649805
0.007745957541849601,0.00225400933354322
0.003150942576004295,0.006703870205230916
0.009548874690215335,0.0020419885281651165
0.006752249426107086,0.003575809930245204
0.004235672146133038,0.006831261028586207
0.008722766830832951,0.001426145522436014
0.008448684519534642,0.0020520587047640187
0.008867810213346127,0.004076547533072102
0.0035021251517227195,0.004472301980323001
0.009057084969147504,0.0025007242233299094
0.006171445102128795,0.001938408565450714
0.007998993048522455,0.005755485893699482
0.010169776801435495,0.0027619995151751085
0.008154297724322,0.0030044699784959094
0.007875326207074505,0.003655594837215439
0.007370069921285216,0.0019724278379537287
0.002840992627361854,0.004496037165307927
0.005898116056333931,0.00370688038455646
0.004293299202413807,0.00649339432730745
0.004343681093305354,0.006902432274677421
0.008205628060587975,0.0009703938768375166
0.009899234063076856,0.0018591881778593665
0.009976005630100628,0.0016335751652076253
0.008683239153117197,0.0018711489493344544
0.006038047819433982,0.006556439316753454
0.009129321944157736,0.0027130183755013186
0.0032134264825181575,0.005344877610201535
0.004948542102164789,0.00013395329723464577
0.009384203339815097,0.0028828889292690516
0.006116371661324649,0.005858982192147624
0.004233341643430807,0.0013946874976326889
0.00833629330630899,0.002689329130550742
0.009936135526321686,0.0033846768290574083
-0.0005698321770116754,0.001717315490260286
0.00517436897658872,0.0005967886280942511
0.009733812969899669,0.002364607215541839
0.008449891161267136,0.003102002050227439
0.00666680856927533,0.002257449559282426
0.006626660249950588,0.0033625040000234982
0.0060421899338611905,0.0037898972475066415
0.0038460195619708327,0.006748829503576339
0.0070128426184309966,0.0020796580631003087
0.0019915795544206624,0.004059796307580689
0.009075903864820599,0.0018595182172161462
0.006675616444186215,0.003507849060639767
0.006685273492992494,0.005949221846969681
0.004314840852293041,0.0031971940125846377
0.009096766564289633,0.005300539145526455
0.009105984852073909,0.0021164143590845907
0.0035601351940886504,0.006074384709516286
0.002955234086154474,0.01306187505650763
0.009473647692303092,0.0017532457374833535
0.008407122464136628,0.004076833054345457
0.009102740005343767,0.00801220615016302
0.0048626352795908215,0.0043543570465744315
0.009485949325282992,0.0018232330237941434
0.009967879244360097,0.0035151033882310674
0.007731509275010147,0.001597598941578405
0.008137951578046584,0.0028209944943011975
0.0051558026357849274,0.002557054949062368
0.008726091639933868,0.003842700438421085
0.007596957713318268,0.0028694466570792837
0.0092831875595892,0.0014520214445970419
0.006864562754564295,0.003897949110164699
0.00719984432210155,0.001964659315867239
0.006116371661324649,0.005858982192147624
0.006977026991796574,0.0018269122519036073
0.005447693893390451,0.004654919102501044
0.005643210846027723,0.004547226837732
0.009298831732793519,0.004481007928272567
0.008494670271718383,0.0030090935368659874
0.008558714623597637,0.0029336306285012576
0.005691656184316456,0.003610238286432272
0.008855350575663825,0.0028819051095443134
0.00395000522893019,0.0052730353128726554
0.007620077595956427,0.002515684826858786
0.007906481226420403,0.00248800488398392
0.0067570641426584425,0.000640780429033698
0.006888663756143739,0.0022923221132210266
0.005045156005398348,0.0024354738362963877
0.007068327207376325,0.002900423870046629
0.007547835882206748,0.002416130667858875
0.0069118221884601865,0.0018759707668758556
0.010169776801435495,0.0027619995151751085
0.006730351652074372,0.0027475416103047825
0.008848663003941173,0.0023669291699850896
0.002994721042130016,0.006054591736219911
0.00806223004462946,0.00306640330988111
0.007379705487415469,0.0018444303778325883
0.007595807776234211,0.0014916600763718382
0.004173208743798242,0.0025525853660199422
0.008731756178204462,0.001593550502222472
0.006595953113607726,0.0025615320698437567
0.009088020702035262,0.002524122410588467
0.0033513259740990424,0.006319825522477173
0.009516549007269552,0.0023853224361073426
0.005797580485311913,0.0018560571598525933
0.0046152427460846145,0.0030001570539092345
0.009126602033086323,0.001794490234542978
0.009316242041343018,0.0017498347827547747
0.0063046649354287915,0.004345475900429678
0.005336826740652603,-0.00016868948403369471
0.004785639370048826,0.0027174689174878867
0.006381181905974297,0.00048684702556748595
0.008517154952163692,0.0021893917121651053
0.009363242796788018,0.003656687523743217
0.009357260453927981,0.0016802174822505593
0.0068375027686634875,0.001187499048981985
0.008995863844895731,0.005274756267026635
0.009953553826433963,0.0017062165134172228
0.006615093406346757,0.0035324068667546282
0.007982640781991837,0.00087411307646427
0.004118952964653846,0.0068518551661363196
0.006591561613853811,0.001241009414319743
0.004504306494094945,0.004670347204840152
0.006456679217316337,0.005062259391250419
0.009522428034962758,0.0016374542601667614
0.004027080380939967,0.004697201552468603
0.00022962954293473913,0.008758445324335173
0.007521094289408493,0.009548593622337821
0.006979091540214508,0.0036555018709497674
0.00904381276906083,0.0018681304695605068
0.0010194114749431313,-0.0012262763216293942
0.005987837590156092,0.004616719775972333
0.00905935582155084,0.00208194507653144
0.008836147037509203,0.001313291206454915
0.0037344281264238537,0.0012969929590585499
0.008475324010600055,0.003298196966258415
0.008049514531617208,0.005366584287631848
0.007085162778458326,0.003215093964525805
0.008848475956433188,0.003657249653388599
0.009025293758286423,0.0011396988381078615
0.007971561093618764,0.0013438361192629833
0.006890212001207251,0.0015006509675399454
0.0024383017217444285,0.0002590533367918535
0.008670722608761724,0.0006920109827417958
0.005749088660465848,0.004871954260026625
0.007331990750136685,0.002418806544807057
0.006892790457477276,0.001895376743717635
0.004938556301876233,0.004294722711008172
0.008572386876776217,0.0021411261639935515
0.0077399239239444246,0.0016633675021656595
0.009577697422426847,0.0017919179378911368
0.005273808069366943,0.0020484144242334064
0.003756508596709513,0.00776995176885215
0.00903740289295808,0.0017985553758522801
0.009814354335901991,0.0018344349414674355
0.007236134685026299,0.0038777140377400715
0.008871925147970508,0.002402388065791159
0.006870741407434294,0.0020108538660044365
0.008725511845886125,0.0012766684191327215
0.005634286532091953,0.002053425743688603
0.0006723334309343956,0.0017522467737803582
0.005026802002424336,0.002430834094968643
0.008558714623597637,0.0029336306285012576
0.005820809792247374,0.0032375213443842582
0.006383213612618943,0.005035636733313239
0.007858488658160984,0.003527389822635324
0.0020125771315982303,-0.000550058516496415
0.008774803717123011,0.002899930191674372
0.007748912462451675,0.0031788924713780876
0.006958642151506448,0.0012641476534362463
0.00719277446096984,0.0019069994743734515
0.006952381188351533,0.001998642884675897
0.006579325975853946,0.0022630045133110914
0.009244876670500043,0.004053369451801636
0.006335296632195685,-0.00013386472278768824
0.007028608860573043,0.0028640751752333875
0.008328902646746711,0.0023355275866400113
0.007113248488554711,0.004751285543332649
0.002840992627361854,0.004496037165307927
0.0008219288622909647,0.009365867556903221
0.007224752448620089,0.0020728555184170083
0.007362287431678919,0.00343670362513806
0.004406730019654857,0.006216228033666518
0.007352612261984164,0.00343836487623675
0.009044123186198296,0.0013932600068249368
0.009370266839486684,0.002075359861959029
0.00555253337011911,0.0033216948631339714
0.006527040160689912,0.0016878232890053784
0.008968726167061108,0.001122225046744101
0.00803034836893167,0.00298526140111971
0.0080038792534694,0.00271918517971803
0.00813839321437131,0.002611919835112256
0.009060109851116757,0.0025539344830223373
0.008022833757265023,0.00580761452688713
0.008818683694650947,0.0010941267634407264
0.0076187691462648,0.001741512175672622
0.006447355596492032,0.0017896317629773088
0.007149653067806209,0.0012150335527563155
0.008002288500721464,0.00222223766023254
0.007516179969532232,0.001350521952481875
0.007100270279948601,0.004010484274349118
0.009110287509498726,0.0017423162817083475
0.00849260048674974,0.0011552454896061846
0.00755621796479323,0.0007671582662457915
0.007330676907536712,0.002981440447917986
0.011165051115802422,0.009522214451979373
0.008456853203179678,0.0024217470930314924
0.005811908856788942,0.002607363663449506
0.006465926235221099,0.0017923681475987682
0.009267263019614332,0.0026898719305762098
0.008214843654785494,0.0044155321318494496
0.006737323589114871,0.004391143518483303
0.006310051859302453,0.0012805824438207516
0.009220714710553992,0.0018174174638092974
0.005181607731272919,0.004740287366114977
0.0075352276396285405,0.0034137245497750613
0.0077451860236706265,0.0012923357641798604
0.008940387421908235,0.0027599746485452445
0.007376479316576124,0.005236494187028178
0.007954712670057422,0.0030413565024632284
0.006409466132852863,0.002680858316963859
0.008824419608370028,0.005516301556414963
0.008333111988758836,0.002606084412301473
0.006828706032845377,0.003594630249784317
0.005481852319802943,0.0018614121158520127
0.006013366389295143,0.002927439318981896
0.008217881054252463,0.0027296953628945424
0.006075368629740315,0.005250174792512543
0.005907404354550476,0.00263354379982693
0.008931501218103127,0.0022516884317336245
0.00925109891431857,0.0035514875443173662
0.005990747809896609,0.000696264238753283
0.009303994424006961,0.0012667172391524996
0.009446248382099308,0.0035739890242316693
0.003546679045160276,0.005509846301643759
0.009505190816836498,0.0022914160750467094
0.006765489878460595,0.004544477604073322
0.009192782959321057,0.0018432120874760536
0.00556069213296642,-0.0010844447714501975
0.009440331366362308,0.0015877172350286786
0.003586327036393333,0.007996870482452043
0.0027216612639284457,0.0042154721931282856
0.004356090818525727,-0.001175227200070044
0.004641488408508462,0.00577240537505107
0.005993824815146875,0.0030630261209126184
0.0064989516132465865,0.00294789049427194
0.007665998909295139,0.0016735022606273178
0.009411589662678885,0.006385110496953427
0.00642424399338244,-0.0002246335662791938
0.006872989479213281,0.005967077784179977
0.00645117580744997,0.0008863023588140551
0.005932134073352519,0.0005772845313532522
0.003645408844065891,0.0027582271305331392
0.009163603208838278,0.0018814293552632168
0.005893606434300718,0.0006749422687020463
0.009772890331669271,0.0043947104441518815
0.002643796325152512,-0.002045005806421332
0.008452947639708698,0.002693899895446921
0.006273086711585349,0.0002446388240426832
0.006923432973921096,0.004752812732342514
0.009627821494724267,0.004718055484328146
0.009407679545335262,0.00184107555618646
0.009884040915930387,0.001789627527554307
0.004705761172181399,0.0027699819137354583
0.0057757025579513194,-8.529506986681284e-05
0.00898427655881753,0.0012934173288879818
0.007203933574139868,0.003908901979923889
0.007650664267650854,0.001574807495203218
0.007709862536560122,0.0008463482823164187
0.006799508837483228,0.002741769896816492
0.0068718705438016465,0.001615637733438367
0.00631494186401531,0.003958259531054557
0.005973541455038936,0.003922736715747303
0.008412594581735646,0.0016501912999258841
0.009437808870034734,0.0014783692888222606
0.002641253848893436,0.004688760599458405
0.006368366659593819,0.0034979561834152712
0.005281371475810946,0.006478935431367856
0.005796412058893894,0.002754448673442088
0.007632132779708665,0.0022747738480527703
0.005223216321944734,0.0035476051992866693
0.004980350295277947,0.002323566159321875
0.008816205670179648,0.009944336526362556
0.00789856079533432,0.0019895694894381073
0.006347940402808402,0.001745927405238482
0.009225163561402036,0.002083043892406485
0.008516383555803829,0.002033447774775172
0.006772677322818469,0.002526879992950558
0.005426430332767559,0.0038966433112519626
0.0059296585030692225,0.0024934256444538753
0.006283554232238505,0.0016958012376304121
0.0064462702593077285,0.00531250673900221
0.0072431334100196195,0.0022583396803163482
0.008120784625077388,0.0033159816583220496
0.0038963059410281227,0.003989239569469921
0.006453865901999522,0.0034415844155026316
0.007688639367625262,0.00034915507216987107
0.009732612984558341,0.0018107135369209385
0.005567637030928029,-0.0006150003947626445
0.00666216093917506,0.0029436631129567256
0.004661313705181571,0.005567402836576786
0.010210818582472287,0.004369327447103683
0.006368366659593819,0.0034979561834152712
0.00724066608427273,0.0016145783438593336
0.005480604330678802,0.0030247673140251846
0.008830844050231533,0.0010327287607722908
0.007521663755036018,0.0022049404447697747
0.007997682343390138,0.0031836360441438076
0.0071785013018683475,0.003854569803157094
0.008632992726649701,0.0029057136105446546
0.007774068321569161,0.002086839113107644
0.00698717085764789,0.0014020137751539156
0.004160667135237068,0.0026491706956169123
0.008906158218873425,0.003959476438817359
0.008326314400522557,0.003257564269462286
0.005763986560610643,0.004125604032810234
0.005500031976972252,0.004357048787275386
0.008980747981703363,0.0014358231520596818
0.007348364125188445,0.002383921889034288
0.0035014718741435526,0.005730710493779704
0.00843666157566188,0.002053985273571743
0.0028828207618445158,0.00402851084284679
0.005336360953428867,0.002082584020128104
0.0036684718383040707,0.006004341886346084
0.006967479424408069,0.0024446695409714456
0.009158205719916122,0.001418503520315464
0.008440004046991967,0.002454554387985792
0.006891702129398861,0.0010753475342863018
0.009292610165231242,0.001819849543702786
-0.0014412816325127444,0.0024333225819732802
0.005948988907706397,0.0022415987744209536
0.0035780194299289006,0.0007729390919295805
0.00716652854159473,0.0019216458483801904
0.010210431448234716,0.0029973613497679017
0.0030822230918928803,0.01423857345319514
0.0052896215978353815,0.003225080660414591
0.00583410745119848,0.0028542963731664718
0.009074899388626082,0.002044695697699774
0.00559251582535395,0.003815538059525847
0.00494048625726712,0.0020436641794153304
0.008385463522726143,0.001235746864276484
0.007275163465703948,0.0014188149882533238
0.007540843882110243,0.00145273979559578
0.0071419021114703315,0.004766178864308503
0.006034158705179022,0.002371717754255714
0.007208831461753806,0.0014428477685889864
0.00912251316013158,0.002006354445701541
0.005025300401282675,0.0016168937148802569
0.008796401817852826,0.0022326148589441293
0.007214688436456577,0.005567056123503962
0.008018556736369841,0.002328979864552065
0.007974363672978466,0.0025089808147342437
0.009556915327971486,0.0026264170716403367
0.009860603971283972,0.0053779231147164305
0.00720809938395413,-0.0006844382589730608
0.009163603208838278,0.0018814293552632168
0.00828432502528886,0.0023947282823779314
0.00895445101496364,0.0022617884231570743
0.006581090464627825,0.003557820385014716
0.006730351652074372,0.0027475416103047825
0.005662501032700638,0.002183909352233112
0.004714165676561764,0.006873150076833255
0.009061989283827851,0.006500208503472235
0.00532704284946257,0.004784015871752234
0.008585466223956756,0.0025008726716920244
0.007270061704873852,0.0018688466717333005
0.008160893124232871,0.0017092082758702904
0.007050736074106634,0.0024778392812601483
0.0091181418210978,0.00170555149778238
0.00987395155890676,0.0016241343873829332
0.007166567119522908,0.0034421821600865658
0.009233459231050546,0.0023688297614867498
0.006400023761693546,0.005431259039809035
0.008465960081319595,0.0030052901171557303
0.00312975655418022,0.0051260232954617735
0.005893638892196682,0.0017631643733489804
0.009330239372479582,0.00540691561836444
0.005100642808316641,0.004609453046191449
0.006247335526408438,0.008383289228195832
0.003769789218432037,0.0029909812158492605
0.009039524224810469,0.0020534466855723988
0.008677207642717687,0.0020649511267279664
0.0070799656734643265,0.003659450008933509
0.007252011152431296,0.001449198717422791
0.007990322736993035,0.001253677133327677
0.006181824033740085,0.003949164716577083
0.007609950273949718,0.0025401008534025305
0.009665006108379936,0.0016962867307867488
0.008864698297331722,0.001249227051436561
0.00969542897939634,0.0015397007502002983
0.008341704770665155,0.0020267147373681195
0.0041409966170155256,0.0038025912751346322
0.009586062359820475,0.0027922831397705844
0.006875749486521258,0.0018305253935669624
0.009109557584612953,0.0021651631530081776
0.008542099471344638,0.0017964681548264935
0.005550726856963856,0.0050145123202459535
0.006880350466113464,0.0022790814567392945
0.00421209229007514,0.004841542242484715
0.008763096540262309,0.001755557449458548
0.00499346738926302,0.012977598142651975
0.008191099996735082,0.0014281124339791083
0.007103043089173344,0.002268256428715325
0.006954919452455532,0.001887078516803472
0.0021059475842943936,-0.00031534481128835893
0.008527698091650115,0.0017476622313663563
0.007771543296581165,0.0003640501265607145
0.0010744268273179423,0.006924439192664948
0.006578049619549677,0.005041998076406145
0.007029825300854887,0.0021212038720425583
0.005435251604957102,0.0024233941121309267
0.00696751878557846,0.0014243585442110674
0.008988848421786155,0.0011319779141176793
0.008061719271940182,0.00396124681088361
0.008803979466600987,0.0023209374239409044
0.008518409429956873,0.002029343934888698
0.006888296709704155,7.917394829285579e-05
0.007921506842888532,0.002094266869900897
0.00952630454604499,0.004291476127473052
0.0060912868746374315,0.002549666127299341
0.00702158613408873,0.0011112218132427734
0.006658418315507415,0.0029006215987627216
0.004152055683637872,0.0059024813274957365
0.005643095692805848,0.002797309154537648
0.004712894618010048,0.004457577086557845
0.007697212050187837,0.0012870058839292136
0.007844843749890272,0.0030512052657272653
0.006856806358132594,0.0029360777292725725
0.008119788258322668,0.002632012017813894
0.006268857662654849,0.009964291261784181
0.008876001691154474,0.009848847388719975
0.004617000149049499,0.0028365218980202084
0.007215587387275514,0.004731954021795333
0.0003026170122584189,0.01186254282815292
0.008428291789769404,0.002141096035986303
0.009050882872373437,0.0023395668236729167
0.004876229749275725,0.0022703230210513762
0.006192670038374679,0.004476450566910255
0.005804102909663196,0.0004209667133515168
0.005399252589568263,0.0016156784387146928
0.0038394404840475724,0.0034086363857839547
0.00894043312378904,0.002473759827064449
0.0031749538020798486,0.007099908635657959
0.004537881191947247,0.007204773600601467
0.008876177590012805,0.0015221902091225132
0.006249069967081909,0.0018864634910305076
0.00664926518498535,0.002762386460527457
0.00613290151194615,0.0006860646753960326
0.008512383497357931,0.0020148813268792334
0.005749664275913428,0.0022947768396173913
0.00800102702590241,0.0019881114898737968
0.005789576570459377,0.0020414252287244356
0.009533590117186241,0.002940163921929575
0.0074996561245610285,0.001953737592494365
0.003266080839177777,0.011105853565758628
0.007439312291591241,0.003747231746905357
0.006939396392151168,0.0018917911542721882
0.007367610584933882,0.001246321140034352
0.009404962486776618,0.0018701083619759714
0.009318224627062607,0.003383507422911272
0.007098050127821226,0.0016101015431663288
0.009728566236561896,0.002172668830739098
0.004064295406560956,0.0010577950674023392
0.0067831334245211415,0.001907093732164248
0.0055865556772079755,0.0031095489591833024
0.006195263368529209,0.003085584492408695
0.007008443514714919,0.003659554362939091
0.006960689253905937,0.0017705905739621806
0.01002252873910649,0.0018967912657099385
0.007187461157452584,0.0010264649330691076
0.009043088406853533,0.0024240885096398213
0.008575870834640443,0.004486887105278934
0.005296289942710056,0.0039904387035020585
0.004332664850051696,0.006356560913286824
0.004164346193181153,0.0011061262896794027
0.00046129929577280824,0.0012511649594045679
0.010238044260468072,0.002833876044505055
0.005635444241133254,0.003677033863198226
0.00899787212704578,0.0024641262180913094
0.008328902646746711,0.0023355275866400113
0.007011332465813614,0.006414756109749236
0.008342447130846507,0.0012691427777980083
0.008864081570338515,0.0018033122802583257
0.009028291975465952,0.002160487366275332
0.009141456065412355,0.002672527591798919
0.00582755448404259,0.004386732164034097
0.009694362767950878,0.008522181504737068
0.002766717447762918,0.005688936724991726
0.00622756536542211,0.0011891403014427492
0.008585636325316056,0.0027711100428189483
0.007291148132056729,0.001402941083796557
0.007496154085920827,0.0021643108393691567
0.007596252783427341,0.0037253541063773715
0.008677059292038367,0.0022259825385353357
0.003932710720933867,-0.0012913696968215455
0.009407134664987892,0.0029890125379441112
0.008075043710692592,0.0024753481628586272
0.004907929276161147,0.0035567618651027024
0.007507388625971562,0.0021362953950996907
0.007747457421294025,0.0014620818554384263
0.004875620185860326,0.001735845530503181
0.010331819046559332,0.005233849662376344
0.00869188555292351,0.001842348112606607
0.0057075670799943655,0.0017700456002436252
0.00891468165117111,0.0031195921884183695
0.009563088145068743,0.0027720769364037766
0.006901843503866969,0.0019733627056359527
0.0009433827890439877,-0.002812776947792606
0.009722850635338773,0.0053664787706005235
0.00856512945685857,0.002746708023823238
0.007457184919590317,0.0031877888975776533
0.006091862008985439,0.004501632166399911
0.012574563374256685,0.009562097023786912
0.002229983732417431,0.0058642319866129165
0.0059064772880999756,0.004109553840208817
0.003749150561302426,0.003714337537015073
0.008598240015867143,0.0022825403806046654
0.006365944492205174,0.004556926780052867
0.007580727402287487,0.0015972144213505929
0.009160524952530235,0.0020846537749437
0.008763976414002207,0.00531663007052426
0.009108807313419879,0.0021760026749089705
0.004154270371696909,0.00518817086270403
0.006960159681191414,0.0019558746021391994
0.0067139377385192,0.0013524862182067426
0.004611501198501073,0.012301649926113944
0.00925806323146362,0.001948950210046636
0.005415164856854051,0.002664438243586616
0.006749113189920271,0.004081608953836303
0.010241245696781474,0.004752807927327924
0.006294947195369459,-0.00037147624724454334
0.009849246921346977,0.0014714958249578474
0.007719301656149748,0.0015637120093274755
0.008140319794320006,0.002445493846911023
0.005009991867266665,0.006044826837227122
0.005127268354601535,0.0017246100630975113
0.00988000552164282,0.0062653269550800314
0.006111578288636052,0.0024792325054250747
0.006980755516643945,0.002101317144072165
0.007759689029415569,0.004428137236506476
0.005644655661433558,0.0024330385299757016
0.006818152819719369,0.0011439794674966523
0.0076759364250504085,0.002196419897603094
0.006823981079972378,0.0018814925528183061
0.007911406914429004,0.0012902099555484325
0.007922322170547088,0.0012764473941669552
0.0030943606110604375,0.0053926971290273774
0.008824971923647083,0.0014284133201396265
0.009844820146633612,0.004169202165317894
0.005502236261206921,0.006476811549506065
0.0062285821088451385,0.0027461804769464615
0.005897266740691732,0.0029188252360862355
0.009589908237016952,0.001991292631173515
0.0074068929744967454,0.003967302268305786
0.008028951266398247,0.002949693753787644
0.007584701233852808,0.00030329995905337137
0.007118347243759383,0.0037246616899888826
0.007999182439658678,0.0011394848741097998
0.005215919551744821,0.004596587169913322
0.009313284816499998,0.0014386686957509791
0.009956853455441027,0.001429031469188431
0.010256796760842249,0.011528584680163535
0.007926534068545488,0.0013645122364624894
0.007679276862277153,0.0015151893685051519
0.002743038496445786,0.005160083157700032
0.008798979787069477,0.0034674836508973676
0.009532888764700879,0.0014144943829992665
0.0027379819003299777,0.004395042511028964
0.007649208455084962,0.0002982139952981515
0.0033154846017470017,0.0030432551683685378
0.008717853059712993,0.0025930714274549627
0.006311007654750723,0.0040455395486359725
0.006007083957225618,0.002462687572945498
-0.0005647006458465581,0.0008742543902156355
0.004742843937263542,0.001727781469897576
0.008920987082462655,0.000903104792661473
0.00728150164707254,0.005390434433252016
0.00921936632563376,0.003968787441131001
0.009465586517842812,0.0014791486657345417
0.009544881140803745,0.002812175659934578
0.0066438601407798024,0.001808686368003752
0.008017857217002072,0.0015280511067661193
0.008802416478025753,0.002591089746026433
0.008423867890108922,0.001974046960572267
0.007338983170534502,0.002195229809967794
0.00933889282503252,0.0018570038548238249
0.01000473161980514,0.0015958952016701892
0.009087712590770644,0.003996738351626212
0.004558240354214804,0.006123851046707605
0.008088617888385729,0.003573363691906994
0.007326283232281054,0.0015754638511127012
0.00447408477643599,0.004859817828425909
0.002840992627361854,0.004496037165307927
0.007969326667335,0.0005734179411479873
0.004797315327848611,0.005863411422534683
0.005689386027698578,0.0018199824336930888
0.004361985591390576,0.006512577143508894
0.004890213171413835,0.0005448504637718902
0.008110675258170625,0.0022215217540260948
0.0070160154728837664,0.002745674334939689
0.00894093659947297,0.0029709987985148765
0.006597987928535317,0.0016175039971034954
0.004177936110855197,0.0066749235897875184
0.007598657048286789,0.0010518664373997443
0.006811214667001792,0.0015198701627439199
0.006854946602082484,0.001015468296058965
0.005691841677260556,0.004339637650028245
0.006598754610370753,0.0016640081864165305
0.0041593623128427055,0.006168032199327913
0.007486406910761409,0.0007642601882923575
0.008431992730509218,0.0017331485004770499
0.0077080185539031305,0.0032495735647740005
-0.002713783238509868,-0.001084802336508651
0.006125386326348038,0.0034071842825181007
0.008406094862103527,0.008792700512477072
0.007732764843112171,0.002477657197954802
0.009420972435268153,0.0033765199377226354
0.009259607991760184,0.004268390265945259
0.008109335235444604,0.0015610628089158989
0.010156878054199788,0.003376044919298768
0.0015951528695555403,0.004327438316888629
0.008495671491648486,0.0019424786025894602
0.006340016948726162,-0.0005621403466633864
0.008425358257250864,0.0032672402377564337
0.0097291316919714,0.0025245789059676143
0.006455509710514527,0.004203100570440533
0.008672258681207782,0.006280437041439492
0.005715847476051015,0.002918080982733588
0.007104609631789826,0.0018645478789524007
0.005450541957475971,0.0021859703649081026
0.008968193159659119,0.0017286073728226044
0.01034559393153131,0.003145249874470217
0.006471653342769898,-0.0004219059780121454
-0.0022735694529814237,-0.0014585352723363318
0.008180860308674067,0.002388683143765234
0.0065725272689555,0.0019392343058985346
0.004451632371080474,0.0019494164831365028
0.007507620420026354,0.0032888176307821924
0.007275232465066323,0.00216044256602462
0.005990820013104889,0.002557717588992258
0.007073530772687,0.0014916229097908526
0.009567068577504306,0.0014666320553841459
0.008339594773498094,0.0024956407059587363
0.0032196172909799486,0.005526965650316083
0.00928322922675896,0.0013077596835681252
0.006365944492205174,0.004556926780052867
0.005003082480910192,0.0024302175548359057
0.00870069864882175,0.0023760383797252847
0.008563163156863538,0.0014066743805262695
0.008410990664924286,0.002837060164345721
0.00460566479233004,0.005868921099804956
0.004522898958973299,0.007629087601557283
0.0070682439355505885,0.0024226669332321473
0.009399632707929994,0.001502197435342331
0.006200889306801194,0.002075559937214938
0.009080414160481259,0.0010345638164316806
0.006123883471591507,0.003744377613901542
0.006942205624134281,0.003705010191762331
0.005511661653304252,0.004987467253797886
0.006528334198120856,0.003096280339179732
0.008058322801676636,0.0021764698082339523
0.0048602910877911226,0.0035888855214139728
0.00606245852033073,0.0033665151941329116
0.009313532757531339,0.005768053368418939
0.007692843985997174,0.0016976802717529804
0.003046356215912216,0.002062353341957173
0.0096420735310398,0.0018762586967119134
0.005134006729726833,0.0010547833653670935
0.011406953412835302,0.004915962251884624
0.007238839086530426,0.002157699956708405
0.00804442673614132,0.004254250122348218
0.005511130096238309,0.0037901450266583986
0.009537618377122416,0.0015910046355363354
0.00898667955422507,0.001542446390603881
0.008270386317580126,0.003222819904458344
0.005120595723009971,0.0007467378491544437
0.007510753660006526,0.0019634888812746923
0.009463077107926418,0.0017012670140076434
0.007815174557156027,0.0018785298168027395
0.008275580827181151,0.0026298544053211664
0.004987950013166593,0.001588657005927743
0.0077062724602019305,0.0014145247701720098
0.0030655436757076014,0.0014821357828033056
0.008517463425743284,0.003902351004830968
0.006762222870758647,0.0017106318779706395
0.00771350802570626,0.003908253992396368
0.005820467005630109,0.004059843163437157
0.008726509626901191,0.0018137039803157538
0.006923432973921096,0.004752812732342514
0.010158357057497744,0.004650162097157127
0.0062339048813814125,0.0028484357939493913
0.008301309419479697,0.0032541865462590485
0.007398157780055889,0.0006236076882411654
0.0074007387623586315,0.00217925744276405
0.00805070708190072,0.002676386736620729
0.008201393693547714,0.002649072293194399
0.006160653140832926,0.004034590785760767
0.005732679689969832,0.005558060837966639
0.007224033560096024,0.0025577664390564183
0.009041823738129397,0.0029012548028255654
0.005345631782327836,-0.0011107791339317885
0.0030378494619661654,0.004779887427141461
0.007076546268294414,0.005259372694842689
0.009236336143542013,0.0021232785165180793
0.0070021496637375225,0.0031042933786008253
0.008050556381075286,0.0016915659346091617
0.007202460425978856,0.0017233504790377012
0.003654464938969341,0.0016904745898285358
0.006483819923988835,0.0042185341207152845
0.0065092361925367425,0.004847941928161647
0.009633037574351865,0.002664966421029755
0.0080644151503419,0.0022116561812847374
0.009412395153944557,0.0035816789258179254
0.008668553270225136,0.005283634616809565
0.005681722036231182,0.004315739330065806
0.00887134025938777,0.0024823900149414223
0.008970220412703659,0.0028447735209065315
0.007355131355149945,0.00158711034420244
0.0028734354505428406,0.0046892807325727
0.002766717447762918,0.005688936724991726
0.008789799754810566,0.0026566649980170245
0.006913926551171221,0.004904511885025673
0.009357168906330282,0.0016896849185345925
0.00012006419337314608,0.00151049291626676
0.007228636760461947,0.0016086805444006109
0.00883897420149246,0.0026215969594072
0.009798326216440216,0.005175381016084911
0.007492750691923698,0.002698219119797259
0.005820467005630109,0.004059843163437157
0.007414144271647251,0.002265501245611306
0.004060902878267077,0.0014495242576349158
0.009044230178430552,0.002065852157405493
0.0025263757860123177,0.002827350552574117
0.0072479128203562036,0.0022529865832871636
0.005584502097600773,0.004254030138892919
0.007058648792910454,0.002639052465968096
0.006611356332781584,0.00045726687737395605
0.005364257207436033,-0.0008732038109872586
0.009623223369400368,0.0017467480944501883
0.004896557020582011,0.0017549403439462968
0.009622184845670031,0.00627040417523738
0.009816010524350587,0.001849193997558212
0.006736867309193512,0.0038704279688427444
0.005014854995033762,0.00826237809601731
0.007783075401513672,0.003951138441676471
0.00967134230114591,0.003920530772831468
0.00885025562038631,0.002945216683375454
0.006365944492205174,0.004556926780052867
0.008536914653590827,0.0031658704668408406
0.008341361400940672,0.0028591501911832276
0.006989427178189839,0.001528141997536891
0.00923200864468754,0.002129012757826864
0.008892665932107507,0.0010996723436627496
0.008023947441347115,0.0018533577876321235
0.009259386716742236,0.0015690468608886756
0.0073863260623709725,0.002971082898688841
0.002229983732417431,0.0058642319866129165
0.005865577429340891,-0.00011356889097530708
0.008731756178204462,0.001593550502222472
0.009552588722047638,0.0015567126336635644
0.009311554655134804,0.0020191690568957203
0.0025347611198509724,0.004176525209964019
0.008538306490531732,0.002124416201970971
0.00599193536375787,0.0016841099302418276
0.007285650084684777,0.001015588638322195
0.006136842172423397,0.0012996202264796315
0.006681485532156418,0.004430361662488484
0.0026629484296542523,0.00020776258567060946
0.006133260090863207,0.0008866629758551188
0.009205848395280075,0.001770736970239448
0.005869802627333455,0.001431501826173345
0.0038316140462773185,0.0011949916448835878
0.007806252922254361,0.001556035902155895
0.006753719041926391,0.004216926487445311
0.009361859295376312,0.0017558653450495676
0.009434279246903984,0.0023988804889755414
0.006753719041926391,0.004216926487445311
0.009572206457744026,0.004274220601358922
0.007045175187733609,0.0012823516716850966
0.006639136924519545,0.005265512656580432
0.005576800241035633,0.003068904692386346
0.0031948755712965012,0.0045265189438076
0.005339861416986443,0.0042643090779232
0.008456750010442809,0.0018535732733693565
0.008838279905541285,0.002569892113209866
0.0073607503003222064,0.0009197603116431821
0.008284547930178836,0.001471633497981334
0.009104270334641975,0.0016210150932279817
0.00905957800453447,0.0012193526249444971
0.006844971751587919,0.003608985678167401
0.00609014788538616,0.0022693728518649358
0.006512996137874799,0.0028780887620836497
0.008176884301702023,0.0020069788129989906
0.00548836743453971,0.0015620581025515608
0.008142336548798534,0.0029479628220836288
0.006114469644312725,0.002532643509209947
0.01066634819827557,0.0038981930924901816
0.006415999617539789,0.003362306304086657
0.008685912758956627,0.0022657591428618916
0.009996343015103848,0.0015249101515386974
0.00955282696131279,0.0013888596869932619
0.0061050900312371965,0.002191491861170257
0.0056414078041670986,0.004679623647134637
0.006980323887741201,0.001400587301194402
0.0027568263281836317,0.005105791428127306
0.0073676133740320495,0.0030023789241797006
0.00914795735406774,0.0023134187218627382
0.007239786226882721,0.0006347410800840204
0.006159241933982829,0.0018838179427157192
0.00883767095731165,0.0020234653104412963
0.008205628060587975,0.0009703938768375166
0.007936438115570883,0.003889102665377936
0.00874944417874068,0.001603425645279764
0.005227350252940112,0.00642298892388808
0.00804077915280963,0.0012376049960644842
0.005820467005630109,0.004059843163437157
0.007091175289648239,0.0048187448941218285
0.006183711147523937,0.0016904016905202827
0.006681740206880431,0.0018497631954053897
0.006707850144180457,0.0013142615442294833
0.00877301428098486,0.0018968767102956145
0.007764892246602097,0.0015280206613428847
0.005571134671249496,0.0022764709575320086
0.008550486207555741,0.0010216740903277143
0.007753323093240264,0.010304454958434586
0.0077508628229877585,0.006479254334566734
0.008268907498667504,0.002556033500610181
0.002766717447762918,0.005688936724991726
0.005456030498958973,0.0032033574911462474
0.003016361841482299,0.008120384402124342
0.005851082054059334,0.0027602391743444467
0.0005468805663509241,-0.0006605282586027231
0.005332149473220023,0.0029560446668020412
0.00021326770838257705,0.0016486857921539548
0.009589468323105053,0.0019468607598046974
0.007008344546959866,0.0021415400488973653
0.002766717447762918,0.005688936724991726
0.008601061221896075,0.0015445097561386139
0.006828574059940843,0.0004631038118509184
0.00962560526373041,0.0019049224292917392
0.010024253924438524,0.003892483239301428
0.008718333342066047,0.0008505940850884264
0.007313645457062951,0.0014287219295204693
0.008520577112458077,0.00230945503999078
0.009199423232201714,0.0017195619017864282
0.008632089435556121,0.002669589615749336
0.007576963623621043,0.001882788771706904
0.006898501434790644,0.005842721771697713
0.00908917513626177,0.0032338454231264765
0.009308674289471103,0.0027418852292800753
0.0064901653347137975,0.0021832018294347787
0.00915502482472801,0.001458481805043852
0.005596283252314928,0.004463058965542015
0.009198833045093707,0.005115317865389412
0.010005519147875248,0.0035790086527827
0.006080945956834236,0.003988945884867184
0.005026470263569973,0.0064683722923279344
0.007816643286960055,0.0027925156573009773
0.006032030609456443,0.004936577294797769
0.0031613752863057804,0.0028430665295943475
0.002789228616430858,-0.0001760941607443691
0.005974260755303438,-0.0006656727789051886
0.007068327207376325,0.002900423870046629
0.00697878469567139,0.00225109280850597
0.005973541455038936,0.003922736715747303
0.009209254996219017,0.002014415024423494
0.0031268221941902806,0.00624409247775471
0.008799366302723495,0.00262835565583125
0.006578159843238651,0.0021476450057514905
0.008522930818250226,0.000699711829377443
0.009792573727924133,0.0013879039473270764
0.008477367080253337,0.0038295095549446753
0.004235672146133038,0.006831261028586207
0.003932919497860979,0.0017671189759387888
0.0035628524923194934,0.006066495133476219
0.00343899564423305,0.0007929883866236833
0.005314331253032772,0.004852387345261562
0.0116510794773853,0.006079549803285658
0.007525932197215398,0.001667776930904104
0.008203511206142482,0.0024770903368016416
0.006499841974818367,0.0043856101625358865
0.00754655495556086,0.0031007256356731707
0.010647762182933614,0.004508916249984052
0.009749504211217081,0.0014833492318903603
0.008428394394797822,0.0034904863753687267
0.007090657083476325,0.0028130435947561153
0.007024451234065445,0.0019704534743788986
0.0072258139902889465,0.0023550506276517795
0.004271177312404483,0.005437648335121395
0.002064266776446606,-0.0005257280775316292
0.007573729169478755,0.002729056207732802
0.0069877056317597655,0.0028086548496400717
0.0038348451902201234,0.0017338558620145538
0.008285027785535273,0.002438852926028518
0.009341054815042275,0.005463450232271093
0.00395000522893019,0.0052730353128726554
0.009136490679987553,0.0020647796938827005
0.009158949363753444,0.0016061028041632524
0.006296083602180278,0.001988214696935774
0.00660030216617243,0.0022720871670268957
0.0031075012876142197,0.0041115872599208955
0.00895301383239324,0.002360081129607638
0.01037384712948114,0.003932554162124018
0.005973541455038936,0.003922736715747303
0.007179165381845979,0.0015204495701678818
0.009530216169185202,0.0013507956809250326
0.007254673981463017,0.003049219799132536
0.01151611499129122,0.004009289916927616
0.002079486685236385,0.0008446668953694452
0.005643342028502716,0.002082598629644876
0.0065415172774381525,0.0034989696567594448
0.007331039042032527,0.0009722435979526677
0.008505150328573269,0.005767442904010939
0.007277947063389821,0.0030024804046514322
0.004313653552890047,0.005167616615384334
0.00615937861985058,0.0031737754733870893
0.007032259614560635,0.002304205107309063
0.008245864072345739,0.0018666595824574205
0.0053230618243421315,0.004139330544011317
0.009084267651965931,0.0027902730110345806
0.008425808350785768,0.003542154709820152
0.0025783170922560163,0.004188151587465474
0.00945083015698324,0.0016635769081807224
0.006269831256410053,0.0038123742055429805
0.009287054342890268,0.0019372498045981488
0.005112677133556955,0.0030987016476910195
0.008524225278915634,0.002760402201336067
0.0038628249757982156,0.006151196413014292
0.0055269564488229575,0.0019095580586140836
0.006579072864309712,-0.00032460081674300784
0.008995392510425916,0.004096490702324044
0.006474496964777737,0.0019865405797519983
0.011429955339951944,0.007105721537649243
0.00826896392881401,0.0016257366885741656
-0.0013341277626391724,0.002458580209068145
0.0067046382473656815,0.0035950412050599094
0.003920221212867491,0.007359191698335916
0.0075749449954632805,0.0016134836803624163
0.008773701336504522,0.0025047152893479113
0.008973772962587556,0.0018698570912674467
0.008562219276452777,0.001808567931494213
0.005759900064152696,-0.00040705863684231073
0.0047086624552338556,0.004987986374519591
0.008920231962564444,0.006097337570494752
0.00534012253644935,0.0017347758630589516
0.006681185347386791,0.0030880448102109078
0.009787415657772441,0.0014541092113910326
0.0024565032933870547,6.761723646980626e-05
0.009160730387788016,0.0022150396869513155
0.006129391336577965,0.001267572956375156
0.0064864559639543394,0.001771604361583301
0.009137245332811125,0.0015494768585821717
0.007550894081143397,0.0020792099289729353
0.009645195348268566,0.010109058067207806
0.009313982912044775,0.004249154102809182
0.007806432102784019,0.002306166119846899
0.006718243254873881,0.0017172809046526
0.003788852713100841,0.005526163318441928
0.006587098495807972,0.001821556345881499
0.008925853973421027,0.0016090673774440001
0.004603503939359024,0.004913326534211977
0.005939550020194992,0.0021654775105005844
0.007845205711953405,0.0051428500065533785
0.004537881191947247,0.007204773600601467
0.009827130117815148,0.0015977377738023617
0.0075051882660064125,0.002187698680713509
0.00680076395831435,0.002647833963047963
0.009360403536071281,0.0017305647115395274
0.008449165411070641,0.002733246165154353
0.0026654007595556433,0.00504627452425756
0.006488808778640831,5.518889877995439e-06
0.0058567600761350305,0.0014747725176791626
0.00725227520122755,0.001828436814582119
0.010265939480521026,0.0033678709742203227
0.005468553247106411,0.0043535331407950385
0.008714522672804051,0.0019674928541529527
0.009025762439766556,0.003019050017661523
0.006091862008985439,0.004501632166399911
0.00798269506030021,0.0011502632958731752
0.006153948433964275,0.0019163666801673227
0.006369812682739903,0.004006581226317407
0.007730402953570235,0.0022592330209044035
0.0028866040777820057,0.005319507630911506
0.0065644022309316544,-0.00014346890852844074
0.009972076544486126,0.008406141224556733
0.009474092791553763,0.0032860909870664643
0.006760720993498967,0.0032538734730052678
0.00741702650716569,0.0007023623996168168
0.001538770006429496,0.005654012959289546
0.007665596738979057,0.0004866880566949845
0.008714113963591494,0.0037171672096660965
0.0019003527058431436,-0.0006070905316826946
0.009935757458434195,0.0013412003807462963
0.005259069350415738,0.006356615625096634
0.005788984542864006,0.0009294218636749056
0.008689363812840524,0.0025873877851542385
0.0056738228390174495,0.005682831292742023
0.007357485043428759,-0.00026681295595366687
0.006399307624513264,0.001658622640029632
0.008662928355750606,0.003307784347948212
0.008996694441287237,0.002542133687133701
0.0026604742112833193,0.003479745724643985
0.004888392165389633,0.0020267077007571025
0.00800802888237264,0.0015121209574009524
0.008027458102782211,0.0032045968765616354
0.005582948021441691,0.002795428374224137
0.007910292261009144,0.0014079252463967311
0.008714675508885631,0.003248213928280886
0.007118846763788175,0.002172049476010272
0.006075181360793403,0.0017655208250100633
0.007602911029321793,0.0015229266479594387
0.007493848702559416,0.0029212981615297034
0.008653235359943938,0.0027354197979739953
0.006089216072595506,0.001545269156511802
0.0043968793297183735,0.007918948915739443
0.0065047684453095195,0.00171496292469188
0.010662978405833632,0.004103418725822155
0.0047039327241591425,0.0059878675132304235
0.004086067283373518,0.009588036850181081
0.009279930440287541,0.001339176836779388
0.006346038049659484,0.0031321112965615417
0.008271091974904124,0.004285734421482076
0.006598246944208989,0.0025354503043398136
0.006533661517932148,0.0014104453389114568
0.00630418760390435,0.0017445683868204005
0.0061871978134381,0.001914704532741487
0.009578041593242518,0.0014841030050054974
0.008831911070471226,0.001941723427630205
0.0066529808790743074,0.00297440295531428
0.002358537314868057,0.007229172620110333
0.008226490795696885,0.0012755183564829332
0.006550676547073624,0.003493078951168455
0.0036349178955804575,0.006781196061436282
0.006650901027067799,0.0033720530406373345
0.007751554266179434,0.0014115668818087505
0.008410569340665027,0.0023261118340394855
0.0066579587727341495,0.0007933312122822677
0.009026919155567945,0.002706140227413091
0.00767153652067375,0.0014515500525609563
0.006453144571298249,0.004060700546268727
0.007617609523407008,0.0029267203635236377
0.005201883334890242,0.002539838173427113
0.008458171054599487,0.004521016677117205
0.0028147831998573255,0.00011902167870535014
0.005314723056343684,0.0020665547133105764
0.008915434826148672,0.003160684848726888
0.008339906485772677,0.002578811446404647
0.008845148127188982,0.0022846613488517005
0.004515334362541135,0.005365962307096513
0.010017457975392382,0.0014324931375087864
0.006853713035908832,0.001914738545670338
0.0070792386467555726,0.008844005377787961
0.00415975823774421,0.0033899323066555144
0.0008968390597118587,0.00747493021603825
0.008938817185585205,0.0019684995278988985
0.006357688433362435,0.002415139388710929
0.01015663635672728,0.004925010450579983
0.006033986934558077,-9.763992974795403e-05
0.0022503860378249576,0.005830624919616985
0.00977335713684072,0.0020610642498948267
0.00812182971411729,0.0024917429947764616
0.009434217513992402,0.001318249050167239
0.004896265920677061,0.0072151158227113325
0.007086559079347269,0.0014448999246418895
0.008146852967902974,0.0035652705574518856
0.009571176606241391,0.0006810757946476816
0.008838651064599655,0.0010805735062176837
0.009613731313550405,0.0021894379302282233
0.003269921090474752,0.006681142702729229
0.006561953378478378,0.0048114285330885225
0.007875326207074505,0.003655594837215439
0.005974260755303438,-0.0006656727789051886
0.007061763253417087,0.0022948060891638863
0.008132748661030881,0.0021263482893062987
0.009252519086563427,0.0018163802339718092
0.004880243047366095,-0.0007711755188732714
0.008834746583390214,0.0031587692684691103
0.008579759850147969,0.0009704097909614892
0.009031552297248224,0.0018627088437325997
0.006923985392234611,0.001648487632648448
0.0051131453612202225,0.00217975769677212
0.00885988937069967,0.00186874677584448
0.0063368226067651336,0.0049219104553429125
0.006231683412508832,0.0044063702415072835
0.00772997125048005,0.0018665939344236814
0.008017176065186938,0.0026759597553811677
0.00912006348083798,0.003429214795629276
0.009219821067953934,0.0023132285048315373
0.005517453512561951,0.003300007344129028
0.005505900285244428,0.0019795018093856963
0.007745957541849601,0.00225400933354322
0.009301058649903111,0.0032899190438649634
0.006201094723149107,0.00459190546283916
0.0054458232973740705,0.005597773709007615
0.009368270645880623,0.0015388210509019278
0.008014060140084177,0.0019170414950029843
0.004880944590000864,0.005533935876053678
0.005973541455038936,0.003922736715747303
0.005210874462191775,0.005731480192257251
0.0076347733419586655,0.002907864181354736
0.009123619860958596,0.0024163858449450706
0.0049378607878031305,0.003135372906009043
0.0075950228076801605,0.0023141107785840265
0.009662646953283949,0.0014443465508068984
0.009971257457046584,0.0019385981178020838
0.006846190466404546,0.004710778191772001
0.005549075203125205,0.002929051532323394
0.009309576248159286,0.005771599424851769
0.008923096911112547,0.002411261431781742
0.010397349609892678,0.004161817564680109
0.007510122734765605,0.0022618462916240804
0.009831383113129435,0.0017238532714919323
0.00838463349582914,0.0013047786575883227
0.004894069140560214,0.0055066707172741775
0.0059338122157244185,0.0033822371255049976
0.009160051967623773,0.003333044433644453
0.005392252869844346,0.005479216007528209
0.00415313881954295,0.0044912730116318765
0.009925641086006397,0.0018602775504454275
0.009025593004229329,0.00301583946702025
0.009378090735595437,0.002420260318739752
0.007977867152871188,0.0028058053331712464
0.007430466093232642,-0.0006254992860825846
0.0018713153730082832,0.004647985774115385
0.005079270036924217,0.0035714486934763845
0.009009339090812538,0.0033624815860141093
0.009354468931414256,0.0028485540515358473
0.006751239146832278,0.003615212023415431
0.005321324299891812,0.0051725429359900515
0.008487411477204299,0.005967526754656217
0.005296010001724591,0.0017583332176084182
0.008399847347993206,0.0019177742601319105
0.009988797272061214,0.0029011553026841025
0.009004579004691676,0.002204762913702499
0.009188297610321791,0.0020957800528363935
0.008255571145449165,0.0024399513391070507
0.0060188904234678205,-0.000589927399409597
0.006509358584197073,0.0006258842415988591
0.009723908689959596,0.0014787717775521939
0.004900791187178261,0.00499447108480008
0.0063234078867288775,0.0011971913385284225
0.004865090071125509,0.00015193348957119428
0.006736867309193512,0.0038704279688427444
0.0076721944752249326,0.00150608692592483
0.006791839079167038,0.002162033009755774
0.0047940293725621625,0.005652314028067577
0.006476159138582984,0.0003058349495838192
0.005426430332767559,0.0038966433112519626
0.007215587387275514,0.004731954021795333
0.001140449858086967,0.002856058135394398
0.009979892649718922,0.0018231777845842618
0.006766283769805717,0.0006412606976904395
0.005757596773117559,0.0033158098446378383
0.008153443567733048,0.0025504868670794285
0.009141305748853138,0.0018763210833956457
0.006140546789144693,0.0029064066160311205
0.007263704826747187,0.0008609475760946554
0.007580333412438193,0.004022832438133497
0.009404691929046805,0.0026748798193029265
0.010285982104680654,0.004467596801622802
0.007153710202565254,0.0044303441451533235
0.005517453512561951,0.003300007344129028
0.003691049259411606,0.0056812799333548535
0.0096420735310398,0.0018762586967119134
0.006453512796630268,0.003415029713975265
0.005090613425506905,0.003279860499153962
0.01010852592474953,0.002781140423197403
0.0028392967690065276,0.006075366077303817
0.006828978741593699,0.005839145163750354
0.007144745107730312,0.004027841052384646
0.009185012483147893,0.0016556316768464169
0.0054553832942104575,0.0032380499159154284
0.00846444701564292,0.002373140354728985
0.0064451828599251726,0.0012332445973564409
0.009685542275738751,0.0016284637464433743
0.007087750165653567,0.0008231904765360855
0.0061279470505558285,0.0005662341942215994
0.007754713444345788,0.001644807901170775
0.00898861422409112,0.0026770427915189304
0.008295778467820272,0.0022442143429374497
0.005551544937846803,0.0024323587711825015
0.006368366659593819,0.0034979561834152712
0.0064431638555897605,0.0012618458396018231
0.007326100772640839,0.0068184780399704985
0.006970466992132648,0.001878183016769481
0.010025192566371952,0.0016494190292754675
0.007150843926416909,0.0017954092056523393
0.008913720318203018,0.008648148764242662
0.009360377928220115,0.001970729138855074
0.009196908697040975,0.002139944478493485
0.002157001361392608,0.004390300073966363
0.00633939041380585,0.0017382067144200682
0.0024594265041916136,0.0005987725120179602
0.007800236110322224,0.0034145772722832726
0.003514644744769308,0.0070109921064830764
0.007859330742113325,0.001664574218793959
0.005145080815311877,0.0009280439795697542
0.005197913224292871,0.0022682202652888946
0.003482537838506776,0.005078977077597261
0.007609950273949718,0.0025401008534025305
0.007081715062285998,0.00021927792495779475
0.005706958782806372,0.0029865948263261416
0.006091862008985439,0.004501632166399911
0.011606568188732569,0.00818476128917045
0.008045122857310802,0.003175671564975049
0.007016034205338804,0.0016866650662887097
0.005864695291697331,0.003963958885450243
0.0056470680473495,0.0028622928199797453
0.007274230455844317,0.0013365854132683713
0.0062429518176237205,0.0016849354692722793
0.008366699115906963,0.002248561360416232
0.0035815328349409698,0.0008461371668091657
0.00230610802313571,0.005583113574559309
0.006318957671724372,0.002335444948725983
0.003415149131323141,0.005744126160335548
0.009074847380371908,0.001696080972490666
0.006368366659593819,0.0034979561834152712
0.005051310249492135,0.0011458540686596049
0.004235897283941034,0.007673554391163995
0.009181066663836994,0.0023139709686151987
0.00578428489060908,0.001090445518569308
0.008981400027057402,0.0020347190848701256
0.007879035144674335,0.003121630260147036
0.005562436391696242,0.0036126937482955142
0.005975263550336232,0.003830735122494643
0.008660612596451655,0.0013542876998178122
0.008968661801221802,0.0024458893875196844
0.008511491737287482,0.0033583030774982786
0.006854291746935813,0.0021065765390383883
0.006723539580965734,0.0012660547918598615
0.0069890906295413825,0.002023852572431873
0.008957148643600928,0.0015755608506643473
0.00883767095731165,0.0020234653104412963
0.0033196403562412644,0.005429210061164292
0.003756508596709513,0.00776995176885215
0.006467934384401806,0.0028204161816294043
0.0076662825213055725,0.0022195242924566124
0.006477127187335173,0.004165662281671572
0.004712894618010048,0.004457577086557845
0.006319259067733924,0.0018166973624284292
0.009495683746268923,0.0017144370373609599
0.008230279046252705,0.0016055082013408453
0.008505624509573005,0.0021167309099560374
0.004343681093305354,0.006902432274677421
0.005684780420724497,-0.0012254458482501025
0.0070118243754154425,0.005395770006549737
0.004633003385210711,4.925117352661337e-05
0.006223412429900623,0.002017417123455654
0.00611111631800095,0.004501947776936269
0.007533713456521278,0.0009402666268787888
0.006808904646478355,0.0018189684632913148
0.002840992627361854,0.004496037165307927
0.003815003217804258,0.005882941577702631
0.005075735593714064,0.005059258753632034
0.004727265346744467,0.006165611062028123
0.005758014228685545,0.0029424054521797628
0.007521741518749268,0.001495565810337913
0.00699365670886577,0.0019449613190200147
0.007639496606754774,0.008475146211726662
0.006776669783656791,0.0019061781496891202
0.007054141948377108,0.002006706738078768
0.0072086784742825104,0.0018674268917799608
0.007504750364773544,2.2954658104578154e-05
0.00799336422140563,0.003220175110559208
0.007507564566131636,0.002257503986269331
0.006003219699471101,0.0016954258434973618
0.0025005221307581264,0.006020300228645599
0.010229584994223048,0.0024008891523601876
0.004232741992059271,0.006014535032803508
0.005502005668920476,0.003061040240723189
0.009656589443126234,0.0018169363088510132
0.007644329061764087,0.00018235700388292628
0.007608555212570131,0.003947380876183992
0.006687789321041187,0.0015186473690661263
0.006487701872716066,0.0032606073957922206
0.005687040317960411,0.002604116172027925
0.007072761822752158,0.00385075309609852
0.0049400115637588966,0.0005375689163766347
0.00778566654845963,0.0018786481506779078
0.006540893118026735,0.0021079810992254526
0.007302783167323397,0.002000407607543984
0.008810631459796867,0.0011930269364281423
0.009318009304335406,0.0014609012455519335
0.007609744404392873,0.0018993830628067686
0.00539221622333189,0.0025761215577489683
0.009199463233702002,0.0020611064619356894
0.006283856079977296,0.0025580482070840715
0.009055040807506552,0.0020570418631331135
0.005343468794615289,0.0018233956814281867
0.0032174071324426196,0.0060203265147210005
0.008947340610144487,0.0011677658193983767
0.008969630217057802,0.0014346161979719215
0.01015663635672728,0.004925010450579983
0.008563366387416574,0.0015671947599892261
0.006425661524672093,0.0023921951056061746
0.009902089480759317,0.0017765934259221985
0.008625200395648815,0.0013494206622939918
0.006972059330227367,0.0015474771943383412
0.006430054218450603,0.003439607557620174
0.009528886338026798,0.0024249165646856464
0.009492312560634469,0.0014529097121420923
0.009972798976260279,0.001602275148620459
0.004805143535033668,-0.0007469090592563208
0.0051097345922122995,0.0015747954043385083
0.004433811000471339,0.0030263059797814547
0.007190389640421952,0.004819612199794637
0.0045195435401678636,0.0017645124518435454
0.008820395926167249,0.002747147570687161
0.003532516895020316,0.008119328382440012
0.00820286085861116,0.004074552525378846
0.0063908853427410775,0.0022103571865778457
0.006689576652467055,0.000298532980024269
0.009387909795191928,0.0025149376766454117
0.008606113764321213,0.004402218188595114
0.008510403149248207,0.002869724319897582
0.0075270929288889146,0.00027233754248371517
0.00547683852519078,0.003228081616071154
0.00950158572002648,0.004915903746655094
0.004316204975993034,0.005192902162309957
0.008862096440664852,0.003532751980127458
0.007214854707337134,0.003892192892327698
0.009381433625960153,0.0018557219301932023
0.005710795519803608,0.0025883095302244264
0.008391356256208071,0.005805381408022293
0.006811214667001792,0.0015198701627439199
0.007473137828929237,0.0021525018866563467
0.006471988181459857,0.005722807385773496
0.005887938220528676,0.0037416596844042547
0.006160434833015396,0.004810145486498798
0.006187787591660375,0.004527592000691579
0.008246718492141937,0.003050942311715578
0.009521971219062522,0.004291441444933348
0.0067732607755388915,0.006414116167612874
0.005893143470529865,0.005260191282103768
0.007030387668713108,0.003212810600663347
0.006730351652074372,0.0027475416103047825
0.0022032100047431414,0.0013770360862476521
0.002673125291885366,0.00044119549101576117
0.0031704489085029996,0.004978433612392966
0.006396783066757415,0.0016496337276201978
0.0034272141045480113,0.0039582018782388
0.002887387796879617,0.005752532253897173
0.004173208743798242,0.0025525853660199422
0.003619005264530453,-0.0005144276109799607
0.009783168262367505,0.007934717349700037
0.008686809772815614,0.002730278150806207
0.009237833061625619,0.0014646998429664543
0.008971188489097018,0.002090899110753619
0.008287054386234657,0.0029480996127034453
0.007586624178896419,5.7094873848966e-05
0.008816119240301672,0.0018538430804544608
0.009119753022659547,0.003093099430069548
0.006449118235478666,0.0018989912718542553
0.007872860644763694,0.0016906658364054736
0.00288583306156985,0.006805690529066078
0.007700556233148536,0.0019470397901473618
0.006083134793205416,0.002078320705947985
0.009588399946148959,0.0013826340923724168
0.009021946631883878,0.0057893258629398365
0.008998013519197011,0.0013617726643728864
0.006828839112430226,0.001976238311630115
0.009369333963999832,0.0015410079044861054
0.009875061151830511,0.005083256804919961
0.008516397757991458,0.00039299479798520116
0.003569361948424929,0.005383582164110171
0.009656853180744138,0.0018712591440214208
0.0013626847411998076,-0.00019518778747921236
0.006161829570875092,0.003362344037666086
0.007239829035905072,0.002065401177876738
0.009327342130767573,0.001908472678468296
0.007140901380828472,0.0023186411036786748
0.00546733687496208,0.00268218111893028
0.00772798499062557,0.0009723110294746571
0.006392506259641954,0.0028151679588239043
0.009723583113280069,0.011493277080818527
0.006595547326565555,0.0037333221293173024
0.007028624940058637,0.002492777673177197
0.007113833617335196,0.0016678402102288286
0.006170304105276822,0.004632946367275792
0.009688000933079994,0.00198446821400305
0.005692272604389003,0.003640430425798635
0.005837636258665284,0.001503299077513065
0.009899677455353688,0.002492075001934821
0.008900219658496276,0.0022848123688925187
0.009252884745476819,0.0018301709503520747
0.009502159010656779,0.0020054088851121036
0.006953476536206288,0.003758768334881211
0.00908798446034244,0.0019084025822525361
0.007200729851225919,0.0014820087374616438
0.006956278460758041,0.00387938117193236
0.009112303624207039,0.0014569607418993677
0.008962835647422365,0.0017187154958486738
0.007629097206959384,0.0022961848525996234
0.004728020123179239,0.00528072639087524
0.009339562846518868,0.0022127000761984145
0.00957338884617246,0.0015374625604488478
0.00338187811944799,0.005988516888293113
0.007868629087181802,0.001927808413045901
0.010096155203375631,0.002212783962975612
0.005900049305196775,0.003835242792744774
0.008930295943699942,0.0019340050114720923
0.010198681605593899,0.0018562452578015668
0.008901254964319816,0.0023685272779634973
0.005854268331930633,0.0010692561705312378
0.007404038415717734,0.003365217689726239
0.007876281563884646,0.0014535179674549405
0.0070577463464325495,0.0013332845852970458
0.008864074265258728,0.001548273574630628
0.006666948430130701,0.0014042736662290885
0.008744207093382222,0.0044424072693163615
0.006619646498148881,0.005745717448870482
0.009447802373395464,0.001820792031463514
0.007196845049868438,0.0017963842821156943
0.006331996089843467,0.002527606219590261
0.0025696320972438584,-0.00021537200496902446
0.008293591354203716,0.0024103863710033414
0.007335046887030773,0.001994662294143624
0.006669557424866253,0.0017076838323648149
0.009587729946221812,0.001398480355067195
0.005339861416986443,0.0042643090779232
0.009000434600056713,0.0031717011754672664
0.00460566479233004,0.005868921099804956
0.007111606196737133,0.005431211695967126
0.006257116732182731,0.001623660319850742
0.006915929745063201,0.0038963732655555383
0.01000473161980514,0.0015958952016701892
0.0038167184915713255,0.0059910041582221475
0.007609950273949718,0.0025401008534025305
0.004996760626276793,0.002421105397411004
0.007003866754483885,0.001247937628125158
0.009475909468140357,0.004102811715150703
0.004175058014404911,0.0056680125508647245
0.0028693738139051513,0.004903565134567263
0.006130502273159033,0.0001589592679418668
0.009591827615549355,0.004186111462447131
0.007722067823878995,0.0012519132112233456
0.006864157529310525,-0.000376852452241486
0.008844329043707981,0.002515049080512935
0.008795117532825377,0.0015335458224177614
0.0051149252919304635,0.004175611241909049
0.007313826844845878,0.0018476958541488193
0.01011275982568117,0.0028662185788341146
0.00908396110812932,0.0027227611106946745
0.006490652651138144,0.0048174861059615956
0.0062270911210157345,0.007470662307413818
0.009223818535852541,0.0024818745252352774
0.009688000933079994,0.00198446821400305
0.005300938334074111,0.003357135173287398
0.006939396392151168,0.0018917911542721882
0.007977198818848263,0.0019351285282582726
0.00908917513626177,0.0032338454231264765
0.008818352650864586,0.0010519865878775058
0.0079491284136598,0.005776816499687666
0.008161250996270238,0.002600641264170308
0.009753768759603943,0.006255794970841774
0.005281371475810946,0.006478935431367856
0.00899630936194663,0.0018194703439228426
0.009087130008641815,0.000885232365696033
0.005826229419999117,0.004588125271450809
0.009357648526125256,0.002044883817949955
0.0063071922528596305,0.001979059720423653
0.008792158383623398,0.0034867706556153295
0.008730794367772379,0.001940896453979493
0.004219889766860137,0.00048761469791441456
0.008489938619729392,0.007125063084035266
0.009899547080164241,0.0016287118417210988
0.006944628638669891,0.002034571629034254
0.005793777551253564,0.0019775037189058518
0.004902555123511801,0.004113251269419083
0.005759560752263429,0.004594623138570049
0.006531734227862754,0.004387121416704111
0.008484785785503931,0.0031314122000793343
0.005217177930946009,0.0015503119640691938
0.006330175645718813,0.0029833972145459804
0.0076609695284080275,0.005599244499239148
0.00905861590570562,0.0021065007814154027
0.009279320543766158,0.0015030699169814353
0.006452836873245317,0.004595971360298454
0.008049250192494955,0.003984142868465493
0.008308235654561798,0.004384342706471001
0.008906172326424221,0.0025417987922402166
0.008901549042817994,0.0021359854523643413
0.006248666601304409,0.0019277571931451054
0.006288022431545168,-0.0005973661483327352
0.008769990383060795,0.0017068624435603481
0.006688268636538963,0.0005626711236668717
0.008850123417378886,0.002746647994592591
0.006387705687878116,0.0011868412154961696
0.010053889531211443,0.0013761144096379628
0.005934355967780049,0.0032425767429693844
0.0062311157603881055,0.0020322015882817297
-0.00031158791938639026,0.0037212880609256193
0.007792359290935472,0.0020570521355160794
0.005744632668035191,0.0038710984727021638
0.006742340599626784,0.0016915036068141844
0.009041159599249159,0.0024711823962308473
-0.0005832807429753395,-0.0015270489552829756
0.0068249515657159785,0.004488590843024444
0.009208660265801997,0.005230253296622207
0.0057725258106073405,0.0003084118418110113
0.008937450825144303,0.0017431341876615004
0.008438058321471245,0.0015440345486501935
0.009004402289744327,0.001623694981703049
0.007324667581928941,0.0035651388011158237
0.002038314499375961,0.00318929052539064
0.007569048445320452,0.005521045758035788
0.00665021331343724,0.0024318843808824172
0.008640271408697166,0.00794534335814222
0.005026872530107168,0.0011047602826812445
0.010112473101259786,0.002251236955333272
0.006295211848047912,0.0031474343467603003
0.010087723826613515,0.002068184135905561
0.010053889531211443,0.0013761144096379628
0.007068327207376325,0.002900423870046629
0.0077830725163718925,0.0022011156489113786
0.0089656509255437,0.003151114532738559
0.007224033560096024,0.0025577664390564183
0.008043235603778703,0.0015331085358400243
0.010230472560203716,0.004491607597472663
0.0014859058601142056,0.007227774827494068
0.008010339698775137,0.0022375265965266294
0.006590312146966699,0.00341188818573183
0.009452436824717927,0.004200220356244306
0.002840992627361854,0.004496037165307927
0.006479185414416437,0.0031437763869691573
0.007299757200111637,0.002476560655063807
0.009037209277633355,0.00845454859592777
0.005198488662867304,-0.0010337132453156084
0.009548874690215335,0.0020419885281651165
0.005961358228040283,0.005359029795117716
0.008217075602668355,0.003924003259293025
0.007388818723689156,0.0013337565264146152
0.00930577995835356,0.006844587524286097
0.005428838589251616,0.005152299203833385
0.009819324899357622,0.00483041277908639
0.007975517490652433,0.0002949956754628412
0.0071534032920738955,0.00047058601904606014
0.009658322724573086,0.002644574305600455
0.005210874462191775,0.005731480192257251
0.0063767442870202844,0.0027963765679613556
0.00577200118326294,0.0013490527616800366
0.0061694779436772575,0.002314251331528681
0.008977702861348944,0.003195989744809058
0.009436741565569248,0.0011896416414524397
0.009375118951923712,0.0021462506381985944
0.007113535742586004,0.0005709165371455983
0.007874396157568757,0.0016434101514468938
0.005387497338047814,0.002192992186144536
0.007671539238313506,0.002621063334656443
0.00862205406500575,0.0025886457561009922
0.004915178467151862,0.002574351030657794
0.005017479783956259,0.008505535951362523
0.0035299200794161527,0.005594276071295652
0.0056304349894203,0.0027926966175674606
0.008774154144869158,0.0024560146358285073
0.007555646986472745,0.0002853677235443771
0.005613207334271464,0.0016158258146181373
0.007307843890133002,0.0011318622753898125
0.008763510733209629,0.003997034228712025
0.003593473483923245,0.008846939743346471
0.007178950175364513,0.003620906550008242
0.009118693308511842,0.002035430656877086
0.0034893717640854197,0.007313368241986501
0.006119738980706517,0.012204886268462625
0.006632854028816311,0.005123072645827738
0.006493435839670643,0.00586237766457532
0.008991449714914031,0.002119051922029146
0.010171716741780943,0.002893046211295552
0.005210874462191775,0.005731480192257251
0.008700404572326102,0.0013832203413159825
0.004987732020142166,0.006292400966906836
0.008625149005059321,0.003379505655344733
0.009122353575991555,0.0019953129362908044
0.004343732194049429,0.006911130322205522
0.005120595723009971,0.0007467378491544437
0.004324157010145041,-0.0012120511260022802
0.007915110638647523,0.0021111571321859746
0.007126787495091679,0.0061920433442733255
0.0047039327241591425,0.0059878675132304235
0.006159604980413156,0.000517988490388711
0.009640860756973756,0.0015163121987494732
0.008460785128345591,0.002469807787127822
0.009255668520530613,0.0050606907512541046
0.00777021433577422,0.0031602715083763108
0.009252000751086424,0.004879836440306791
0.006016036075625219,0.0016268041746438427
0.006196944898827652,0.005331055709454852
0.008548605659633515,0.0015469236855311349
0.006708083673399,0.002837731774909591
0.009880613366964396,0.001467679114178941
0.0046510104455747495,0.006100839718622061
0.008932932379237918,0.0015510884514202943
0.006728771626132276,0.006616725732489998
0.006923432973921096,0.004752812732342514
0.008595038568318735,0.0026497394375076663
0.006211937925538731,0.0031649265123064587
0.010353518830235352,0.0020656974032788166
0.006263333202563639,0.0027528008762553375
0.0043467463639709734,0.005563997213479426
0.005028853956079546,0.0035707927318570356
0.01014763069260598,0.004802838150830685
0.00924621757990194,0.0013434818207892739
0.006820145586148491,0.002640402474809786
0.008832132135041408,0.0016783298507751796
0.00879746819392482,0.0017392336807205188
0.007968815955427668,0.002269112648483923
0.009641593859418545,0.0022447336038373105
0.005723583321059584,0.0017538158795727642
0.01054862770302915,0.005668558296161737
0.005986091238107148,0.0015248576581371439
0.010715529275028376,0.004949652169613162
0.008962382159205338,0.0013197766725206875
0.005528476899931847,0.0018564778736122646
0.006338401685353825,0.0022947956158965097
0.008079446598045303,0.004591382442112643
0.007853689811785122,0.0013845892488608437
0.00502859675302259,0.0029424314046202623
0.008746914500747435,0.002061026698275367
0.004784026406517599,0.002222652133670262
0.009318884960249855,0.0031744300043123376
0.009699023621154945,0.005353281189351129
0.006593105540189385,0.005449381154464033
0.009247415104847573,0.0015641043392833516
0.006844623872984828,0.002852869744438739
0.006145635054243443,0.0020596470627071515
0.005844127601047829,0.004779453497248412
0.009881653061166416,0.0019474908437965462
0.0073291559773247285,0.0005450532664347495
0.007463322426080295,0.0037006911226538323
0.007783075401513672,0.003951138441676471
0.005026470263569973,0.0064683722923279344
0.006211681003198244,0.0019807793238036664
0.005295552558463843,0.0014735987317639216
0.004768714392323153,-0.000876360489399982
0.006251498282915834,-0.0007702004670830341
0.007295556622501256,0.0027827871236360885
0.004423874657427598,0.005330604686892837
0.00938721794928812,0.002130130264075025
0.009875933437726594,0.0015393696987314222
0.007932281492394153,0.0019047895917032398
0.009532888764700879,0.0014144943829992665
0.008936111590997605,0.0014465105358312325
0.007760141178486446,0.001776194181445626
0.006903406166553026,0.001882350142957001
0.002229983732417431,0.0058642319866129165
0.009919741111234278,0.0022510393271635834
0.0061678573465382015,0.004216000563097882
0.007477261009129554,0.0008465641003592688
0.009643208271254484,0.0014904842221314697
0.007623149597431246,0.0006055221231666495
0.005116875013556869,0.0035758302493832887
0.006518150878426763,0.0015275037912734785
0.009916621045415925,0.005835036892508146
0.007713776911197331,0.0020783248655283377
0.00516251838407082,0.001314221357366344
0.009413300383670869,0.0016220616230096874
0.00795737073056067,0.0016305553087254876
0.008560017822896058,0.0014739547502534336
0.0039754887650334785,0.005093263370429813
0.002478027682047923,0.00682928053489038
0.007952869618387598,0.003076452804376111
0.007879152121340091,0.0016776506377844148
0.006846190466404546,0.004710778191772001
0.004815869066128433,0.0011619656935835943
0.009373333368014842,0.0017891470365925342
0.007233557441700764,0.004101656991483439
0.010456121834122822,0.005739688067734246
0.007023405377279133,0.0015561271685820225
-0.0005753287973013022,0.007987434242365954
0.007000640428998782,0.0019239425952872393
0.008014012085481617,0.004347002110424426
0.0062411960707901394,0.001981624944491423
0.0055709586353252715,0.0016590232039691488
0.007179039817067297,0.0038387103892926523
0.0026032610833473914,0.0008676619774753798
0.009388233386126136,0.002623436170390011
0.004947993567744315,0.0014178880561614392
0.009315438331133349,0.004820983825808546
0.009083767907807705,0.0025977206469625144
0.004938216038844631,0.00680154207193496
0.008779259761582687,0.004479837716208956
0.010103805832781775,0.004369154626503698
0.006901794777736859,0.005490505292415055
0.008502806559766103,0.0028861708569548608
0.008858977884113344,0.0024182790352920225
0.004395772353526378,0.004275377388107063
0.004538295762754493,-0.0005036668660299464
0.011213901266606723,0.007543676610399603
0.008798255541898687,0.002773514556128255
0.00611111631800095,0.004501947776936269
0.005309993153017896,0.00032494800291132594
0.010224952547989073,0.003991911495623758
0.009263175825708767,0.0030368170105185867
0.006016166900253133,0.0023349526543896123
0.009458244247693568,0.0034995054863799684
0.007251717148581524,0.003570687635355359
0.009006138265394356,0.0014576965254241752
0.009329748838491476,0.002764139388371528
0.007596558969647829,0.001964713374599544
0.004894069140560214,0.0055066707172741775
0.009388126660558911,0.0019802627017916994
0.007638143742587535,0.0022066973298629482
0.007384454426376997,0.003360138901627523
0.00660490088810072,0.0008281502857910208
0.0058159664866146606,0.001528551288930426
0.010418199583801444,0.004227434473819388
0.010101636223202103,0.010795012111437161
0.006887808329198478,0.001529584187523001
0.007168460015662934,0.0006544099907279267
0.008371548985174008,0.0022498789284481875
0.009206020810985168,0.0021809705646173606
