1,2
7.608122685084755e-05,0.004256299414421129
-0.0033880326153732515,-0.02260641997114489
0.002202380952380952,0.0
0.0020238240653051185,0.01127469274912249
0.006208000385507221,0.00509370199212496
-0.009057813443875198,-0.010226033213901895
0.031243732168908463,0.016005436795654943
0.027325748320304433,0.0070823092459696355
0.006164442329861779,-0.004439025659579066
0.02261448910607865,0.028465284978140413
-0.0001778038359485281,-0.008682276897182137
0.0037334316368728875,0.0024681911404347548
-0.0015271226277325895,0.008832645491901757
0.005992631104552233,-0.00011907402074262706
0.009336865739887396,0.007618273301678736
0.027197040678887233,0.0034482941942107098
-0.0002188433252128686,-0.006123378306237366
-0.0005062967821428252,-0.0026927890163184285
0.0014152104934608452,0.0027596124366966457
-0.004758172815300176,-0.01941958959197367
0.0025855078750958937,0.0033672641868312133
0.001536595977080653,0.0011892214066127108
0.018190966656639627,0.05718956552251049
0.0005001749848938634,-0.01262942446002189
0.006208210535925367,0.0014542124542124542
-0.006504096650793793,-0.011728919396441674
0.0025067196697077625,0.002420144043622146
0.002914735896150076,0.007999878544092762
0.01019593883497338,-7.295941632466939e-05
0.0016509364940005854,0.00014874915483434751
0.0037450856023806137,0.01947145699306673
-0.004015991878955445,-0.005568932024157986
-0.011125648100854564,-0.012080442342686225
-0.008261413613103473,0.022493858884828397
-0.002903315977313076,-0.008333133697510655
-0.0036969906969906968,0.004552545830707872
0.01199480257439419,0.002280267794221283
0.01059531481179416,0.01246111478931299
0.010552743462499556,0.0030160852219675753
0.005970241064911556,-0.008762012054613263
0.0350745057258707,-0.0023110391028522675
0.019820170217725017,0.0028174397430202475
0.07796200259049624,-0.00018838164448523303
-0.0018056121981371398,0.0039862085087202
0.021536237764188577,0.005645508659460526
0.002719607857925917,0.0005000201865234769
0.01706213603600879,0.0012138605616358678
0.016646845771073088,0.005284646007765584
0.0320393391541098,0.0038985106444271596
0.003364686382516151,-0.0007144594495457363
0.012794993484140427,0.0012761904761904763
0.04779400641998056,0.03727041174289196
-0.014144027919721663,-0.029170037845336467
-0.01366544496927919,-0.003261932826017895
-0.012716096332021882,-0.005311953124637357
0.01660301421438437,0.0061837660663915245
0.003766309210199314,0.0016508771929824562
0.004821238467248653,0.017859245108526274
0.05453077741253962,0.006469537045991018
0.006242623870001003,0.0033680351906158357
0.020247407556239834,0.006215243050974615
0.0009410929801422167,0.012012075834731562
0.01920693787635083,-0.0027451905269700455
0.0003177483431317596,-0.0028024003620833243
0.010429012243582702,-0.00883585731396732
0.014250571313402743,0.0059153332269092284
0.0175257346586829,0.0036241381167851756
-0.0011417948358242915,-0.009511939382268988
0.01102136627654462,0.02132177469604771
0.02321375761335329,0.00038495887505122454
-0.0017484575907963007,-0.00010627262304091587
0.0036166825577461322,-0.0009498553519768563
-0.003270774207301817,-0.004142986383311461
-0.01605277753630732,-0.024701490286785567
-0.005137838549152607,-0.004902528167591194
0.00236519903483148,-0.0009786585147453439
0.011947287174878234,0.0032078458111010257
0.011110855573321997,0.004350423502734427
0.0034679009030898745,0.0021005690006174024
0.02476725784880581,-0.01956795628527637
0.0004035733823155793,-0.00933311697874347
0.008256597633084062,0.0019191459058457076
0.0056322102684774064,-0.00046900760304121637
0.008028840695518616,0.017857433183634114
0.00796983574518982,0.0005397318434989667
-0.019160700888059403,-0.004538847595698028
0.00547375580676788,0.0034672705445814695
0.0621035226749005,0.011925867579299218
0.005010514801103997,0.02118291709461417
0.011903127405084691,0.009566378711672152
0.01205151605184716,0.00440326461064704
0.01043102331617033,0.01657387648216904
0.0019196734563973867,0.0022258689396505286
0.019960096593539256,0.007508321459161592
0.000586472602739726,0.0012957157784743991
0.015916473294810718,0.011143702752454328
-0.013198078601328775,-0.005728541178526034
0.0024539416973538624,0.007889595205996951
0.00014083864664910656,-0.0029185530049660475
0.0020238240653051185,0.01127469274912249
0.0036302249522063776,0.00028640787104929587
0.003667056331752111,0.0052888315985090174
0.004175147867269478,-0.0003076923076923077
0.027644776571591017,0.0013532715945477657
0.007957296599740383,0.0010002902180680819
0.013039700415734793,0.001794902896106227
-0.0018759223774682124,0.005799842561083938
-0.007381932817015381,-0.00744245132327692
0.030026442462082855,0.016931011626919984
-0.0006613278222681477,0.0024335978241298768
-0.006284685498625658,-0.012774910842861215
0.008082157386848447,0.0028195826012780254
0.007560311811757079,0.03926550854358954
0.02097306126705205,0.02344970150434656
-0.005949685505109454,-0.008613939224514349
0.004626307363091484,0.003662215873931539
0.0019720945842714513,0.001252922610233194
-0.011419597467109716,-0.008509555025793552
0.02733546590722452,0.008065778500296831
-0.0014117228517791973,0.001017535828079408
-0.04732484571558765,-0.04811326782183758
0.009461301257578535,0.001647177547811223
-0.0008384906434491749,0.0032879728910330972
0.006425285385526055,0.007514468855463824
0.001228999960494989,0.010089549231180146
-0.016490313998843566,-0.022081339645518665
0.0006451612903225806,0.011039758356620155
0.003631016713065034,0.0056719149143423615
-0.01148808997526683,-0.007575549708021233
0.008347759427291494,0.002428101668894368
0.015394369158377028,0.010517280963372677
0.005097409432697595,0.00025662539850182867
0.0004654493376297887,-1.7543859649122792e-05
0.01492446465737235,0.03203038536357969
0.0011491451498687648,0.011307632252769005
0.00018569835961140314,0.0015691835046673759
-0.028061953775440986,-0.027320400591782538
0.019522887740318504,0.0028632985758365414
-0.0010999674402343614,-0.005167735693553589
-0.0019296537001274403,-0.005039429479716013
0.00017811410538550072,0.0050035749397467294
0.022892172669439874,-0.0014714908624231327
-0.01293327671786556,-0.02206426203497021
-0.002836671403196142,0.007684524078842813
0.002973913043478261,0.002429897180464624
0.021572399587376855,0.006384693031534527
0.021927960831319336,0.014036902750077589
0.02600150158672937,0.037746763317374955
0.013835491176766333,0.003188858221320427
0.015765500401461158,0.024517615882029095
0.01701020914332231,0.006800183392526949
0.011935134834903629,0.0025566047624871156
-0.0021918760901651815,-0.0061492485753655846
0.012125290968966215,-0.0011087358453864627
0.011181553083577673,0.0017727272727272724
0.004205209750582111,0.0024072462883179173
0.007817330288338255,-0.0003290702444421652
0.004375386518243662,0.012189637108425945
0.000125269227120685,0.00710332390013756
0.013027023905271173,0.003395071595071595
0.007932234581839816,0.0019669933188504593
-0.0003960568827359838,0.009731739566532706
0.0064431105319445086,-0.001144717608465129
0.013277902459133855,0.005382835415297621
0.005990502776830403,0.0058115703047391856
0.004506819461321147,0.03249693410240224
0.010353255599053916,-0.000888888888888889
-0.0023863929929719405,-0.0012773458727158363
-0.012664092856688139,-0.011960702111909848
0.002051020408163265,0.001497491912325979
0.005004873527949833,-0.0007487151566733358
0.007887322319192563,0.0004616679616679621
-0.00045454545454545455,0.012523907601712242
-0.03045319273640168,-0.02516565315895338
0.0006136504397373963,0.010284697821045886
-0.00044444444444444447,-4.4444444444444447e-05
0.008564358329197276,0.00678207285069625
0.024093304657781863,0.019455464038270393
0.006671365759776527,0.0034621212121212124
0.0127194945843542,-0.008067218071557018
0.0034993640300347655,0.009316905297429557
0.0010154618739262587,0.01921668120393516
-0.00015682764486353758,-0.001289254524157528
-0.00498957937167315,0.003743668877232655
0.0024658583102996033,0.0041804895871392035
0.006847961631743062,-0.002447638508470646
0.02132119752649714,0.04291381335082389
0.006143608401308191,0.0046855695733884935
-0.014714509167054798,-0.017196318632776115
0.002673624894987743,0.007787221659990025
0.012432632239906817,0.009931905558776821
0.0,0.0
0.02079745996219557,0.0035552008562609603
0.02469631783351375,0.006323675468944289
0.00022971976278805296,-0.006321786967080598
0.03909044021887817,0.00887448725679008
0.0036353711476776905,0.0006018115942028985
0.0058275959858929485,0.0012636815920398009
0.01093563558284543,0.01547552814349877
-0.0028649836783022136,0.025155869964381666
0.007756011977697416,-0.0044160834627238205
0.0035850853624889954,-0.0007459575548499076
0.015012726779990208,0.002821424245630778
0.014797174803438048,0.0012486407776451658
0.03047143369043331,-0.0024899097119089044
0.01813493026800288,0.001249993130006192
0.002917516066183668,0.016594453881306138
0.002580910708040429,0.002484244093493966
0.005695725704514104,0.0024355433474265316
0.011455177122948738,0.009381135111420701
0.00041666666666666664,0.001536774628879892
0.0,0.0028342031312725813
0.022578170966668604,0.003930576431771854
0.01711859605784619,0.005282585490771992
0.02855659835459381,-0.004507693311582692
0.0106899061652021,0.012595674926868118
0.03368007213471898,-0.00034312264436467616
0.006208210535925367,0.00041779788838612364
0.006758502110825949,0.00087781469176818
0.006263313233000923,0.005817879358433821
-0.019160700888059403,-0.004538847595698028
-0.008125201718460985,0.015413035390733274
0.025865071792625385,0.0070476524616784365
0.019297753963427967,-0.0025956670343346084
-0.0017996879008175008,-0.0016433660617370409
0.009256357073725394,0.01149008140171448
-0.007310133915910393,0.0004936355664909298
0.03289686563388093,-0.0003691423519009724
0.0007023250760538895,0.013574211826923331
0.012490686678666813,0.0028162624514892903
0.02473852899592406,0.005514154475881738
0.004949794073363715,-0.01571395273331537
0.032773395075398504,0.011136965253287065
-0.004386154747592352,-0.011636115499213708
-0.001973746200607903,0.0029398304761266677
0.0013679917587457488,0.012550489726340734
0.02314706103337454,0.0010580888417579828
0.017491992541857935,0.0076622939445366595
0.002634508348794063,0.0006060606060606061
0.0009695798970526925,-0.004552348989021443
0.0033883025759543577,0.023400835316064655
0.004266482305478133,-0.00021773636991028302
0.005940050678522756,-0.005975808322062766
0.0027053144362602687,0.013753988175719361
0.012809917659381147,-0.00898370048403168
0.004336440008507277,0.0011858974358974358
-0.01919905277989156,-0.01852830221219411
-0.015425460562141816,-0.010305125967311566
-0.0007152542026169139,0.002329036951762564
0.013375920754243912,-0.005670322690686448
0.03420252728083748,0.0026664878319680833
0.0059622735840836345,0.0016982851083636248
0.0021407559651585436,-0.0013231551382329515
0.07153982305158817,0.01638374078653374
0.004821238467248653,0.017859245108526274
0.009763051882375867,0.024283475073409676
0.00839588581499798,0.0015060606060606063
-0.005580365274421654,-0.0008963623565359461
0.020106534810006012,0.003857983136134911
0.006964080363678465,-0.0031770904177713085
0.01272909667162362,0.006781276185087256
0.008857255769078712,0.0001920487493242912
0.0012273863705671946,0.011602078011396188
0.017261806234053777,0.006730055019129404
0.0027053144362602687,0.013753988175719361
0.007156262024053387,0.0008546370269849083
0.021806882986578242,0.008123938068815225
0.027616921140620608,0.026229036693767235
-0.001225108225108225,0.003991507463223893
0.035607866864119125,-0.0054605480007020755
0.022807031787264044,0.005108523424154865
0.0004890150025025543,0.01331812088632112
0.00540063772027402,0.0
0.03315429215959826,0.010177687472921002
0.012443241272454442,-0.010372451447724711
0.0223638869570756,0.0015616654752537034
-0.03290745074619204,-0.032302283320342955
-0.015495936769213714,-0.021962583187058703
-0.01780712450456944,-0.027180725347386536
0.0,0.005835650623885918
0.029023439626138254,0.007255642357953283
0.019017795052297268,-0.006865335028617014
0.011971760956543372,-0.005080998703755018
0.0,0.0003333333333333333
0.0011933970906535297,0.011609710598131715
0.029312719352036644,-0.004091613675238695
-0.001432883729365203,-0.003349799926458095
-0.0029644099698703345,-0.0030267099934531685
0.0014829931972789115,0.0
0.018628730105854557,0.004033307654161516
0.015441953657653548,-0.011853454706017914
0.012307110273136627,-0.0058732089077223005
0.01401258266244148,0.007522688018362381
0.0027053144362602687,0.013753988175719361
0.02261448910607865,0.028465284978140413
0.006482756140534609,0.000625
-0.003999017792578283,-0.0038223233790686526
-0.023330585022114138,-0.023490897575344304
0.003810170221934928,0.003116050454230254
0.025965714803130143,0.00739672821982391
0.0,0.0003333333333333333
0.002701436109576345,0.030013491642944787
-0.0010366568602894108,0.0076565520488863035
0.005713531706753795,-0.000574031514608764
0.033811571499911076,0.002901265933529713
-0.006152301371058915,-0.01594076830198158
0.0069169091595451876,0.006077670634920276
-0.007931896757049292,-0.005349446300340687
0.012535040922345444,6.564583665475375e-05
-0.002135055011671688,-0.007852758493532116
0.00838757535147897,0.0
0.006102784178871137,0.012679693073907306
0.013738311900614277,0.006780119990188839
0.026836803565307262,0.00697157427455631
0.005525188126990445,0.0063792133928774
0.024650372675166482,0.002961895268480081
0.019683749812109436,0.005962298313953286
0.007475655015345564,0.003392429790262454
0.0016415963474787005,0.0027741659419989783
0.01408009114675989,0.008253037021190094
-0.006800424797811556,0.002307178598519914
0.022090871429929385,0.0012108901206252139
0.03152670602440472,0.011611620217188302
0.029418443132274704,0.006512260568625082
0.0189850327009138,0.001292041292041292
-0.007811612774466119,-0.01934321516595471
-0.0030261273192100716,-0.007131502761309685
0.01942670101974134,-0.0011428571428571427
0.015545763423996923,-0.001283377923205797
0.000734006734006734,0.0
0.017280741711634063,0.013201902771778882
0.019352866783086127,0.005415760946930687
0.03159378626053694,-0.007492393394621174
0.0058221104525033795,0.0005649284104992419
0.003197877508692654,0.0142778859048225
0.024001851680488576,0.01025891952940523
0.029280555024662695,0.007253654461595387
0.001817781632839053,0.006114202539323141
0.0032231325893815003,0.009958168774953024
0.029842522092608716,0.005927467842575965
0.00763841880546754,-0.0030295209857973183
5.1643192488262885e-05,0.012290051470839046
0.008578506893835719,0.03258500824262675
0.0007376953026333836,0.0033569551303729425
0.017304408342530265,0.009577297199053331
-0.01721010664160335,-0.0197148133238346
0.01434474770607581,0.004038342609771181
0.011360033945390638,-0.0028064897025774863
0.006504842748721936,0.0
0.027263831413065796,0.009018491496294873
0.005517576284882487,-0.006613484220881501
0.0026471355783577455,0.005755026455026455
0.018800838860243935,-0.006867010222892576
-0.025585781599051213,-0.01897274296605945
0.018081339055333878,0.0009383524277141298
0.004672815103337428,0.0242578549515733
0.013357083776552854,0.003306662455364623
0.0001899404590683467,-0.0019390663862362853
0.007840101715578607,0.0
0.01534489128811187,0.004814715610955009
0.0005387428699820864,-0.00020505009318527376
0.013898762252196748,0.004276873758341065
0.01025354718680371,-0.0024994071243320324
0.022628748941915085,0.03408595217433702
0.0071753425159873175,0.0016767538112768038
-0.017809461005669734,-0.03505973117401377
0.006709879623085693,-0.0005248517916149262
0.0041193628130463305,0.0020855640435461327
0.001738095238095238,0.006424904350161663
0.010271093740006204,0.00036929936027122086
0.01645798559655727,0.009701501515179197
0.043158127349370835,0.03223566518720907
0.020598486546824304,0.0033363504276713273
-0.0019992545200428406,0.009467760192583628
-0.009276879209276634,-0.01170715865790087
0.004182778704014232,-0.0067330288129118605
0.025648661654226843,0.005256625336558924
0.011365900169952758,-0.002797988505747127
-0.0019203100924775913,-0.004790448294199858
0.016653881809014927,-0.00020104606169802546
0.007627093685113877,0.04393857114052321
0.0387435835685766,0.0006460213132392775
0.007267519449003523,-0.000588421858583149
-0.0007565044768988724,0.013059473222741038
0.021944892513267023,-0.00032704058367533074
0.005954964076017448,0.03136500253675222
0.014275245317689101,0.007545430349254725
-0.0021304454522982005,-0.00783635546956141
0.007469479229249949,0.020110687688854774
0.02027361826458176,0.001781981991631861
0.005640188072526012,0.017921067026510237
0.014285454844727152,-0.0014729935830265013
0.00780969689500619,-0.0014204423907927949
0.0010709805929067394,0.006009379450547109
0.006643377458208218,-0.004743616287094548
0.006684505983891935,0.002296245301162689
0.02132907401929135,0.025412532207133933
0.003940143074646404,0.008526373878473307
0.011394131438053871,0.008265374652202758
-0.0017422981182778443,0.0016426307118115376
0.003758577752563788,-0.008419459361681583
0.003478849558220627,-0.00017932920814269296
-0.014494615659232966,-0.032173532685697094
-0.0011078388027861846,-0.010992632179041128
0.013535608624025119,0.0018435693510819324
0.03623485263091225,0.0012107065048241519
0.0042401717163881945,0.003636158345386553
0.006371448924024141,0.0007588652482269503
0.0007614037283026828,-0.0022604615153793313
-0.008693067638132664,0.01009340257328301
0.013879532762939345,0.0030623476567889496
0.009497583756794967,0.02710178082178663
0.006199584406821247,0.0021496084258151803
0.023886717791486822,0.002256536873363661
-0.00041666666666666664,0.019317777202904958
0.04337411365798209,0.012023985990727674
0.021115446083836215,-0.00010653135571168362
-0.005755343842739749,-0.0050289011499706085
0.010680511709710317,-0.0007453729572373651
0.027795081753113564,-0.0014589348030970037
0.0011290575228393566,0.00827473709626274
-0.009730373570903492,-0.010893187243723188
0.017635658771938685,0.024840058792111278
0.014462805074786745,0.0063530260388667
0.01483206561854227,-0.0009144361653676135
0.0012903355787389154,0.005968717339012174
-0.0020510973461808782,0.005047243938342721
0.002051020408163265,0.001497491912325979
0.00379753131908622,0.0038483961052319217
-0.0013353131975154865,0.0013925877346929977
0.024001851680488576,0.012140526294732924
0.005720183290840149,0.002820035873376608
0.023552769683491494,-0.01447134141005548
0.020448073628563126,0.011513769341920915
0.004300312604051784,0.029115039145304757
0.0021499733644764073,0.02248930797513689
-0.0026979368988481744,-0.012537211807864436
0.018148089666278,0.006186918883798942
0.01762197602901615,-0.0026636953722174546
0.012874879937315368,-0.0008928571428571427
-0.0011667372486749553,0.021744912490706706
0.0033728008844715156,-0.005687038533533251
0.025666673287058454,0.010329405742366241
0.016354922062304246,0.005176734376734378
0.0010709805929067394,0.00712049056165822
-0.0026470491146437644,0.0032655325129926534
0.0013217080820492788,0.0015671938575665284
0.008802230551296522,-0.012838971563754568
0.02329061599240885,9.634156692980226e-05
0.004871272711966705,0.0006441564783122942
0.010750526515090796,0.019298305751197054
0.004227744552516354,0.009769723381827217
0.005622648317396532,0.021452240943585627
0.0069341896911291855,0.017250496646436395
0.01813956407328809,0.004582172903755027
-0.024539182253480406,-0.031109596524335786
0.014925515303528295,0.00435717801644434
0.01195918631410963,1.2467775995942364e-05
0.0016581632653061228,-0.0006666666666666666
0.008453282194573798,0.007728293552754966
0.0004892525156396286,0.0005125863964533912
0.006866903138738716,-0.003243974718886813
-0.0020414872367962317,-0.003780693581297993
0.05500196847199105,0.013635548359321282
0.010317810849156235,0.0005420900178253123
0.002207459207459207,0.022662651114893056
0.005134962804880895,0.007514468855463824
0.028586982737596512,0.004371557869998764
-0.024710351992184753,-0.014566605267311301
-0.006560132490619867,-0.001968486914289095
0.0038456259803228664,-0.009748921946324434
0.019399889851818605,-0.0018630941551931702
0.003271243345823178,0.0018252227822734067
0.0009181856379679464,0.006780894990018882
5.1643192488262885e-05,0.012290051470839046
0.018364820523488586,-0.0018335214682888082
0.00421311924454483,-0.01507199448090503
0.0023452200570844637,0.0029363544257161277
0.005704842748721937,0.0004651162790697674
0.03392818083143708,0.006611171793243954
-0.01753224161727912,-0.005827655200222829
0.02440214624954301,0.0022709520423617475
5.1643192488262885e-05,0.012290051470839046
0.00040571120733772685,-0.0004892906197395462
0.029611698467862876,0.0030289283367803464
0.030518156317135805,0.0015350980091376942
-0.0344740883038255,-0.04040354102668207
0.002921997753014653,0.00862980978156232
-0.009603841915588605,-0.012888788379516854
0.009508011792663876,0.008043093131166136
0.00282104351174432,0.002026266416510319
-0.014321890240066196,0.0034974072842175324
0.003527640015322317,0.007752992426141772
0.003030076483928994,0.009808592925019934
0.008914896322800426,0.0019341491841491844
0.0029193751844156296,0.006189553378929372
-0.01919905277989156,-0.01852830221219411
0.006650686838516287,-0.00668987870520936
0.02327667199079087,-0.00010367525085294184
0.0012701612903225805,0.005816099066307035
0.021508077667664386,0.019554956514106953
0.007218483378749751,0.001976597090449083
-0.00533614245514232,-0.007625912104404243
-0.00041269968514550553,0.026201466250700665
0.00203984903984904,-0.00042211756497470787
0.00972289492955164,0.0007527809142304932
0.024359331334727036,0.006666484562814367
-0.003653695061230198,-0.012758606811504201
0.004198241570637987,0.03744860119334764
-3.623188405797099e-05,0.009123529017733792
0.006821239255449782,0.000588235294117647
-0.001324110671936759,0.01423096685039529
-0.005604387735296088,-0.004437107956251603
0.003418181818181818,0.0034165215281960542
0.003540792540792541,0.025515315691695562
0.01886415243649655,0.00016131647569542218
0.00480388956524651,-0.010815227327729226
0.01846875447831839,0.06615131631790507
0.004791852771972562,0.0009090909090909091
0.01646415134508244,-0.0018443462705466356
-0.004059729699115887,-0.0020994667228346046
0.0037664956554068927,-0.0015949849237520469
0.02321973512136318,-0.0017637534710502364
0.002207459207459207,0.022662651114893056
0.010382760690960738,-0.00021351037263810276
-0.0025634096027712036,-0.0054243314315781
-0.005118532257650783,-0.0023658763017193555
-0.012241873617001398,-0.007500930150720876
0.01788473475608752,0.032275518153476894
0.0007142857142857143,0.013721717664776837
0.007252405091306734,0.047426320996331976
-0.006438064536182644,-0.004815285015878499
0.01047243235372661,0.0003125
-0.002409056245606121,0.025427197196406348
0.03016860548916734,0.0003123760108497272
0.0052686323448699335,0.004727960558500563
0.004239828613552918,0.007221931314272451
-0.008374083275661883,-0.010857130561947662
0.042669225436183636,-0.011271530706920973
0.012736228574679717,-0.004357236330920542
0.010018663090775655,0.010172751548671612
-0.0010358964282915326,-0.0015289839691905093
0.03502520937052229,0.008583430054879814
-0.006801357432265786,-0.0064340776532213016
0.0021916619634511835,0.006722864951723956
-0.013567167817082004,-0.008699605107844687
-0.003666580722432533,-0.0036513783492593717
0.013198637740641185,-0.004535358889505279
0.0014603785661517986,0.0002975580533312863
-0.0121727130653749,-0.009113914978702248
-0.0003960568827359838,0.009731739566532706
-0.000807275801438842,-0.0024022182419602494
0.013252357168750463,0.0003466538276360135
0.026192262173185404,0.0010916179337231969
0.025879863786770357,0.0024738177458503655
0.009599881107234049,0.01014131623367207
0.005530236891887029,-0.0016767789725858654
-0.0013346814964610718,0.013667277369457002
0.03490064899337849,0.004501966391815935
0.03320517254624119,-0.00477304559064378
0.014181665904296571,-0.0002064081059982701
0.017241788077146176,0.002374451438798467
0.014288677429894904,0.005682880017653186
0.0032669688801764273,0.0015965860597439547
0.04214472613728348,0.023295942550645734
0.016569401213744603,0.00014565826330532232
0.028956567886271267,0.0009129265784068299
0.002994528421819186,0.05480136661789089
0.01706523765066769,0.00272231504687645
0.026324796275175564,0.022869902634705338
0.0074209189642778055,-0.002548164648869972
0.030026442462082855,0.016931011626919984
0.02547540398791262,0.0156342358032737
0.010592141601890736,0.012665383393442307
-0.0011312411613383288,-0.003305020439559981
0.0011319823006602815,-0.005800138415430554
-0.004125839467517184,-0.0225072471690037
0.0015789473684210526,0.011964839046369741
-0.026393722377402326,-0.02627866070951047
0.018693465656425757,0.0010147120638923915
0.015561530222168826,0.0019655094313017745
0.004744149432822774,0.004007599939200487
0.0018181818181818182,0.019949649360318913
0.002374108873331104,-0.001923219814241486
0.0023630799620340736,0.0032112327482310176
-0.02065291928258807,-0.01491725298733966
0.004566743011904302,0.0053646494921228876
0.02392874010983894,0.004944180382008619
0.0033273603831733495,0.01141770851040063
-0.003079865493176034,-0.0011262950268183577
0.008767127892245055,0.002562712248553923
-0.00044522432840781324,0.01882951363894075
0.029591527230796964,0.01838447931876803
0.002038067522664767,0.009286551962428839
-0.010122249510998675,-0.007618433111885684
0.0035417080345267484,0.0007675438596491227
0.028198596269880673,0.0
-0.005281463750628595,-0.00514771952874878
-0.00666292555286016,-0.013101720284145912
-0.002656151235038852,-0.0061549720039159725
0.030026442462082855,0.016931011626919984
-0.0009176615663461941,0.006281369230055485
0.0012512218963831867,0.00041666666666666664
0.0022379528084421328,0.006577619097159187
0.0022704959216548323,0.01487231232315054
0.027706593902294144,0.0009383524277141298
0.032830818237377865,0.015306341508939999
-0.0010883911368350582,-0.011294438526550304
0.007523925025160531,-0.00040639171919437753
0.041326604875423556,-0.0017171906830193307
0.012627762180090294,0.0006060606060606061
0.006738641523153,0.004262730184625737
0.036957207017672994,0.002634478308975393
0.007931288218234776,-0.01477468035472339
0.00205992670527358,0.01669052330164029
0.0008811356179777232,-0.0025795845546068563
0.0016132571245859673,0.028997805005911828
0.01528466219958081,0.00042592592592592606
0.0009708976655255358,0.0020665047484524305
-6.68441942193545e-05,0.004517868475648126
0.02131449447383121,0.003729213079327281
0.011456462357968638,0.006350418132673085
0.030188885087864322,0.023493960561187938
0.004485074067787802,-0.0002380952380952381
0.017108874915434284,0.008718874082316367
0.014845457251375684,0.0062128805506051245
0.000838602085727968,-0.003800873372837391
-0.017787297330758383,-0.025962027595164097
-6.238705104332117e-05,0.03520674853763806
0.006433747599995619,-0.009070294728539291
-0.013911981322570516,-0.01969349866594495
0.0050809783686435505,0.026431767995051553
0.010433688528843212,0.00425241226353656
0.0054549252518821065,-0.0025037417453636617
0.0023314490619982613,0.00027352520922637277
0.002116205533596838,0.01900742640297993
-0.00799276861017539,0.00266060141498484
0.01864486854543942,0.0012171170154318413
0.010597761268467213,-0.010212173587561347
0.0021196548192466053,0.005531276492954528
0.0070870157979632115,-0.004355766254944698
-0.006432222002722619,-0.004595264199174878
0.01896602921011884,0.007568506752129554
-0.0081947604189757,-0.006330581951346583
-0.0007152542026169139,0.002329036951762564
0.0023171509705527675,0.007310896876756227
0.024771893173184654,-0.0009836065573770492
-0.0026632017514978627,-0.00409527573185199
-0.018838662188494802,-0.01670588333288986
0.00485788799863609,0.006457114620612985
-0.012142688782535983,-0.01613168173512853
-0.003851360974990087,-0.0014403492691050838
0.0035169664733039827,0.004021292946442841
0.009304932007352109,-0.0002708060687965511
-0.009161554347550152,-0.016485009774582202
0.02016631689411907,0.00325366568914956
0.005643947496100047,0.0011159070571741805
0.034234960799277146,0.005885868397755884
-0.00874036464287147,-0.01915426396779334
-0.0005890004078905118,0.0026271313340591254
0.000954414941065896,0.0034737413295296525
-0.01789637247320518,-0.022825565618138147
-0.004169906076935891,-0.01028476266751202
-0.023330585022114138,-0.023490897575344304
0.0063651166335018435,-0.0042871796490534745
0.007255835667600372,0.03166901859269837
0.014185011197233397,-0.006670313033531382
0.01498198563224834,0.019247516165443408
0.003340467632770511,-1.1410045892803772e-05
0.008474121005124574,0.00023399879405171502
0.0014558162774925638,0.008757710702639757
0.00015997414101088245,0.0031603743952749682
-0.021195056272227047,-0.02096657960159546
-0.0017996879008175008,-0.0016433660617370409
0.031489128275557846,0.04344239969615753
-0.002033100221579723,0.014921368038622054
0.006288772274416474,-0.0024281392726514675
0.017496273844310177,0.005006557856557858
0.020940197257028073,0.018927937182952926
0.004821279506829033,-0.001147342995169082
0.039827855549953536,-0.0033197334963807226
0.0027164564436846774,0.005664366533696527
0.04151426198276991,0.00903099508537265
0.03508470075473619,-0.0050475528413855535
0.01580536871751969,-0.0011481787950574445
0.0036284774722751684,-0.0035927366406126038
0.020764048368112718,0.007500967499606084
0.001227312355115185,-0.016770284138379474
0.005392139482329852,0.0005715361099853673
9.55182202941737e-05,-0.004189662276118719
-0.02097697967057681,0.0021157152898765193
-0.007488584158060429,-0.018455928949655358
-0.024586925838331386,-0.026829814838566397
0.010433688528843212,0.00425241226353656
0.0054474313109375855,0.0032572140112006502
0.0022553106961761184,0.002065649120928933
0.0010350877192982456,0.017679950644138888
0.012414598751637518,0.009651708213716612
0.0008877670255647363,0.0027331282752335383
-0.006979915361909044,-0.008276500565269311
0.008082157386848447,0.0028195826012780254
0.007970668783945502,0.0008260944821532336
0.002973913043478261,0.002429897180464624
0.02709584021882313,0.005924698108908635
0.018333535012300835,0.021143746309186626
0.004547553552871726,0.013087920760582565
0.003478112724030027,-0.008152413006173677
-0.0010111890953133406,0.011658864789434124
0.014837004971145297,0.01069932500069215
-0.0028298592754050656,-0.006851482833641896
0.01876787966634084,0.0017559023336539146
0.008594490125014603,0.0019838735974006625
0.01543874773698558,0.009627121381334204
0.021616257832959694,0.002988037869610086
0.002659024032847525,0.0
0.011502536764979384,0.010737264377868205
0.017498158270785262,0.023390057563978328
0.024554390103014995,0.000919641668082562
0.03274107206081714,0.02394136335520546
0.005863509857051344,0.00015957954296395719
0.01208151264224195,-7.022991190086449e-05
0.023878886048677984,0.010360127663113443
-0.00014677187162251849,0.006574847505984733
0.00023124152206356998,0.01775720977672269
0.010233502321320496,0.009855315315646873
0.008256177877849704,0.009876815491687613
0.043158127349370835,0.03223566518720907
0.01037129429354586,0.008535774340909215
0.023361159484828833,0.0020051384816917226
0.017909574567696634,0.005780913086373684
0.0169753840947409,0.006340051066208155
0.008021736893881432,-0.003477679602271389
0.013748556064865247,0.003183982683982684
0.02334765417521494,0.003439723107221565
-0.022849250799122443,-0.022204700028255885
0.012480692544524979,0.00464363963792377
-0.01027830982079622,-0.007074902460547344
-0.0026657425841584877,0.015109615682873903
-0.011998482836108942,-0.011518828269364212
-0.02943367008520145,-0.02681445315357754
0.017708922169980542,0.021281282044287596
0.0078079606468622895,0.044736665823918186
0.02753370592976975,0.008052466755619742
0.01922106788404727,0.0018923973156709732
0.019056611933653277,0.02815683708268756
0.01468312280900301,0.02377919784501205
0.004824633239573564,-0.011348784062741025
0.0069204212894818295,0.01068839811873171
-0.004232236613889255,-0.0026538965103935505
0.0064698467587082625,-0.007031353614447051
0.000541960996721028,-0.0004122646090642529
0.0006153846153846154,0.008900841963579691
0.0049442661386462005,0.006875882428073616
0.002982985290162541,-0.006053169608884882
0.010193106768662974,0.003980267375511431
0.0030231231027049894,0.007601276076953361
-0.0014528381990121277,0.0018268932095682642
-0.02080429345073673,-0.005687457970472789
0.04630773285533914,0.010390752053597647
0.0019869304652995017,-0.009378551093672239
0.006087571433943746,0.0069217310784348935
0.0011454198026130025,0.0027027347564718366
0.00030836725439501583,0.012096005076118407
-0.0027075937067496596,-0.0012398817029911444
-0.026949168419820296,-0.027998616697875435
-0.0025682530944077468,0.0032750529152667154
0.011802069949782612,0.026402602610154095
0.011888168260996932,0.005418153925923675
0.013259982288281607,0.005750459968480695
0.004665412541777984,0.01183222092533228
0.004175147867269478,-0.0003076923076923077
0.0020978353096997165,0.0012017543859649123
-0.01543458558652285,-0.021742854159758886
0.009815359761876306,0.0017763157894736842
0.019834350006266734,0.00261364664521049
0.008058831725905165,0.026780462078670984
0.01849877497391674,0.027824100106922673
0.0095353299034934,0.005908993514384656
0.0023926781889079297,-0.006122822492641355
-0.0025158452593580446,-0.0005026742477173872
0.009752705669931151,0.023248007478305098
0.021417668577113216,0.002739988876529477
0.012522893424916828,-0.002186318488788025
0.003901294990110846,0.007443025079966587
0.02709100029179217,0.005214630670670333
0.004064539519041204,0.03300709637368576
0.004364896848581424,0.0011740847299737027
0.0009673659673659674,0.0041482463896257
0.0021864490285542913,0.0
0.01813493026800288,0.001249993130006192
0.007023778509799267,0.0037213584288052375
-0.0001209341138118374,0.0006646131117839208
0.004229693270483379,0.035034486326805905
0.012366108248010927,0.0051174240473697875
0.0029653011843218985,0.0027528813787170135
0.0017878554380530414,-0.0011220459259314395
0.024715425569997472,0.006444588347768454
0.0016714179088700033,-0.003495373631653178
-0.0005947742147829902,0.017679273749582232
-0.006530778067089827,-0.010899374892679255
0.01726850927050244,0.03652472385241042
-0.0014551796340929344,-0.004082827327120646
0.03147119578406769,0.0107164495021939
0.0099521080483037,0.000293774896177642
0.011693486815936563,0.0010731300550547735
0.02484519289269559,0.0037570114814048537
0.034121010289651095,0.0070677031753799534
-0.0147328719696136,-0.02038995567425524
0.03600212136546727,0.05595684890534731
-0.009551274294614973,-0.010882825974662474
0.004700632700632699,-0.00027853394879078387
0.0032682569837742246,-0.0005206984363313209
0.00036648828216062114,-0.0010428703907658324
0.024004933090134593,0.03319518860349209
0.003496036017515701,0.007910329361108161
0.02667509207885492,0.019317034814205932
-0.005990495278713004,-0.004454654141454377
0.033503082872012944,-0.004219834995132703
0.006416530700664356,0.009612570439453433
0.011586554474255668,0.018905887607553105
-0.01717774416308445,-0.0199980313692356
0.010105220836246646,0.0017067994212674365
0.01912957489768147,0.0004937751654556395
-0.0010999674402343614,-0.005167735693553589
0.027572445189203584,0.021731404861122725
0.009105340193181844,0.013619609302793344
0.007502236910742705,0.009006549658539642
0.017925347032299,0.004557957433582103
0.0019114219114219114,0.0036861852433281
0.006337984484554495,0.009773210732887823
0.0003836551745174926,0.0018183238195526082
0.016001355993820507,0.0023393067672408028
0.0021635731597577394,0.010630010818843186
-0.008431157442747373,-0.004034131062306904
0.0029590480689083176,0.02165293572984702
0.0033913034282397883,7.064364207221333e-05
0.0069762596650239945,0.0026931748411508534
-0.0010358964282915326,-0.0015289839691905093
0.014855692536498573,0.009350981644235298
0.006143608401308191,0.0046855695733884935
0.06790792607203196,0.027119017612128603
0.003877123772285063,0.01313628725407179
-0.0006091500311494842,0.02314159834648309
0.00033846032353997656,-0.0022592867570868235
0.022568269362086443,0.0059758771929824565
0.009211648344156798,0.003213901451179176
0.0055719862906542916,0.004540680018812611
0.022843309598074485,0.007094754476551016
-0.01168075713268709,-0.007721444845203082
0.010114458601035976,0.002120175482203459
-0.00037178033860636554,0.005749666849747202
-2.2259088853754383e-05,-0.0034817778078536435
0.014937617061792361,0.005312365232462075
0.002178954016224973,-0.0005249283000347479
0.004024726326031554,0.0038433693033357095
0.007932234581839816,0.0019669933188504593
0.00540063772027402,0.0
0.0049573789123972724,0.0017102615694164988
0.035425684595090344,0.02734793394627185
0.04381403949886353,-0.002162067467754601
0.016512764590394878,0.007839640987427652
0.01264522466270991,0.005414838291396837
0.030012575491429886,-0.0011614130856382274
0.006629413536481746,0.037658667996068054
0.00396135265700483,0.006420614135073003
0.014738302610193236,0.03456821999844062
0.0033755259592527075,0.002801137245921336
0.038206436468192106,0.001196301174415746
0.0029785248044391,0.015582620236188975
-0.007907377687025971,-0.021754633583250124
0.01969063456663855,0.0012995896032831737
0.004821238467248653,0.017859245108526274
0.012714243348576472,0.0028277336256187892
0.0025737820857461933,-0.000863970588235294
0.025733516678161716,0.0123751618792306
0.0013010379558935515,0.00036950521434550923
0.02496683890383855,0.0007342917824770139
0.018529320010839193,0.01952572240317223
0.007222951746232833,0.01697135273330421
0.02392528348012943,0.005810125567243703
-0.007855557337808792,-0.002462295833546304
0.0004545787545787546,0.0003213517665130568
0.020296594369562986,0.000233691599283126
0.02034428455518278,-0.005294722954035019
0.00907031849880506,-0.003350225992095981
0.019819071522586384,0.012582886020570823
0.0039217770349845825,0.003291496598639456
0.03341994059920448,0.0003333333333333333
-0.009413802542905077,-0.010990884113791111
0.013838843193571626,-0.000973262032085562
0.018173261696710036,0.010431910569793758
-0.0008257478196643832,-0.0032407118131160635
0.015521818182150834,0.026930902769335262
0.009091809884233078,0.029449144040659306
-0.038216564228458,-0.03493418602737914
0.0005284081166402189,-0.0009330212341508342
0.02721925006485672,0.03204891091583542
-0.019817023436463098,-0.02494931099927552
0.0060432313066467675,0.004949334877797186
0.004380338827904682,-0.0015618284039336668
0.029115541520088335,0.0029690110219172897
0.035810893074711164,0.0010263563419947923
-0.021860774899589104,-0.022270706446831066
-0.013295509671736308,-0.0026035260944733112
0.00960036016614964,0.02301888512843654
5.50016665762322e-05,0.0006586066144750075
0.0038865458805038295,-0.00835181892833918
0.02753370592976975,0.008052466755619742
0.0056952081698912445,0.002542517006802721
0.005460951694695289,0.0010405323653962491
-0.005003734557957343,-0.009062584956794982
0.011594420494786236,0.0059923367780769475
0.004527243379782098,0.006781692207251694
0.036500969091374014,0.023888264076253576
0.017935757936062762,-0.00023909657635863817
-0.011224470351223904,-0.007343845523417731
0.007570808087206931,0.0008834951014030437
0.0058084820960694825,0.007776837370622198
0.015771393269823554,-0.006271459448545576
0.02474543514557106,0.016180628478989885
-0.009601944295929626,-0.0006588157935134183
0.0007074342534777441,0.008103715931216029
0.04121002936762502,0.0008134541890764191
0.021853718479310856,0.017889295749640186
0.004721872062653393,0.009729575356936998
0.014324994909351014,0.008427780869220008
0.000454701484129222,-0.004638311847858921
-0.006726435332075773,0.0015189346440826826
-0.0003490683229813663,0.0015141336141336144
0.01813493026800288,0.001249993130006192
-0.001095238095238095,0.0010223202824133503
0.008688090743875807,-0.0017028985507246376
0.022849591649214518,0.00145107445735976
0.012187005010558138,0.01722234143140443
0.003615483920911813,-0.007805469723757825
0.006885910172916489,-0.0008700661115127217
0.027188170146958665,0.00015774949257831884
-0.007486223448631193,-0.0064864086852710005
0.028736553907403914,0.005623415123082898
0.004858782541635239,0.002769851818257887
-0.0012178736373728563,-0.0020500590347781854
0.007741926107060423,0.01715235796020305
-0.013092723484671796,-0.010433008117829854
-0.02779557592643348,-0.006486615024878146
0.008813301273994094,0.012723386880604618
0.0015670617008809208,-0.006859696822154123
0.005188026591349858,0.015383861367559532
0.02949786758812091,0.06488635982802726
-0.0009433404696562594,0.0024338068467871948
0.01254900291659717,0.02743870814021795
0.0014634646962233169,0.00041269841269841274
0.010547131938462219,-0.012251283035940686
0.001659041803811863,-0.0002835055369617588
0.006622658761245718,0.032362811392576254
0.016453649473158787,-0.010530244620946465
0.009549915497797878,0.0
-0.006115627327221186,0.004606723244304263
0.03935322577462455,-0.0023418619509468965
0.014962712751876068,0.019891772078271495
0.00757240785467014,-0.011643315254521234
0.009228917897340599,0.02639969127583273
-0.0017001443807251422,0.0027355863462390573
0.006143608401308191,0.0046855695733884935
0.007574291042966082,0.005285662250902179
0.0003773584905660377,0.0002941176470588235
0.016512764590394878,0.007839640987427652
0.011977379183915051,0.00155377302436126
0.021731062180375772,0.00843840931150995
0.0010350877192982456,0.017679950644138888
-0.005087409893403495,-0.0031864492416349543
0.03403955994822851,0.0027554459291300546
0.013073973710570837,-0.004961302355381609
0.015544951951844185,-0.00045454545454545455
0.007163404150024692,-0.008696958519869315
0.02800308350164237,0.012634760453387576
-0.004961806758527939,-0.004177984600538434
-0.0012940322721072886,-0.020411589064126837
0.013569830527753582,-0.004857534739738374
0.006434875191724216,0.0089741602916051
-0.005882052296305007,-0.0001550073445327569
0.010432881840017052,0.007509228031388509
-0.004040687114711366,-0.003454289235578503
0.027905918606058868,0.0055640197434596835
0.007385124372582303,-4.755084824771289e-05
0.008066725844754766,-0.0046992461255083336
0.0015494311932747699,0.006645834622120399
0.0003825346980602523,-0.0026927882739379116
-0.002859110853183189,-0.005940965243505809
-0.02058580208258444,-0.020830054353076437
0.029327243635815656,0.002174445967629537
-0.0020603145235892693,0.008009498565548697
0.006143608401308191,0.0046855695733884935
0.004043928580864941,-0.0013735431235431233
0.0045793501729879445,0.005576923076923077
0.012640875311065622,0.015977521465383913
0.0008165575228393565,0.011424201656333732
0.0226107258819441,0.0006481991432817551
0.0021449012731435332,0.016049103665281686
0.020070001737577257,-0.003588543087784061
-0.003442977559587064,0.01469708063113601
0.00189705522971652,0.0024692353643966545
0.006448533442420382,0.004731373825391772
0.01628553535519212,0.020126549290598914
0.021005762615653435,-0.009291084594754154
0.004811016718926558,0.001526548365572756
-0.011283098739988296,-0.005924546485549116
0.012564825288035004,0.012595543096273455
0.005814722962465781,0.016496786711915755
0.004175147867269478,-0.0003076923076923077
0.012079629215015653,0.011910069029707187
-0.0005207328833172612,0.017402833860141426
-0.01569294862535115,-0.0177871118162739
-0.001079301665639363,-0.0034144516499333482
0.012211309247632748,0.016770118213834926
0.018733939216816074,0.003166022349749112
0.00556692591258776,0.001286169832190055
0.01615582114286485,0.003072637145122975
0.015256597897103808,-0.001166474417498844
-0.006436947673289865,-0.0055321835055427565
-0.0037811487359038914,-0.0016026193414205615
0.009439025904188656,0.005598790234116748
0.0036924801349848095,0.006804388894394331
0.03147523659331347,0.018180102550030056
-0.009765606395984623,0.00021758197271867612
0.03215066550891024,0.005141554357960064
0.012866376753437391,0.01310849543968863
0.0029138692813952417,0.0006557377049180328
0.003273619788346296,0.0023327615317079763
-0.0004880028353866101,-0.008051959527139902
0.01498132619035255,0.005655128046887394
0.0006942749141437044,0.00823407801601383
0.005704830130378331,-0.0004224654819780325
0.014288677429894904,0.005682880017653186
-0.0006613278222681477,0.00270347632519729
0.00961011110188047,0.0013333333333333333
0.03214780327207146,0.008278921551959572
0.018148263366316884,0.019386342081789156
-0.02779557592643348,-0.006486615024878146
0.025798905646511883,0.005037668082755148
0.003084034483760354,-0.006654330165637951
0.006503327793567172,0.002727650825277542
0.003912791956032511,0.00946462607939224
0.022322333951048646,-0.00302464670392527
0.03557680505603553,0.021209188415492058
-0.008213045101095327,-0.022175314025304302
0.01158853898011734,0.0017119208398407508
-0.004337671023140578,0.005603524236054563
0.013620264834139313,0.0057953216374269
0.004501800526255681,0.0032150240262870207
0.020234410375449385,-0.002589962458617666
0.026636452781407402,0.012741622588030738
-0.001586203377205074,0.01425110800565896
0.013772304446208066,0.005402715121843452
0.02106267723200534,0.000588235294117647
-0.01153171477524413,-0.003718623362504784
-0.019691780256566233,-0.016562043744804338
-0.001357185850836949,-0.0018855562911111344
0.0018424254618606363,0.005686341022161918
0.01760764029797625,0.0018710536905747368
0.0,0.0007037037037037036
0.007510332589589676,0.003709011209613029
-0.002184672962170258,0.003783854271774518
0.014819404851557501,0.018974224888367322
-0.023330585022114138,-0.023490897575344304
0.0032971837466609383,-0.002987810784203913
-0.005949685505109454,-0.008613939224514349
0.04197610109390661,0.017687922378293416
-0.030070875472406836,-0.02745165854078293
0.0009676163353974903,0.00344833793769964
-0.023330585022114138,-0.023490897575344304
0.06743715633142773,-0.0014028349350799245
0.01074440560400586,-0.00017991004497751122
0.02206953223087357,0.008045895008008659
0.01001124169866771,0.0009603174603174604
0.005548685600664982,0.018031235977910058
-0.003047110186011565,-0.0035205393541144015
0.043763966916182236,0.0035266194032334635
-0.0020371930449640113,-0.004748677064916261
0.007101638222427124,0.004064861100260084
0.00907031849880506,-0.003350225992095981
-0.0009064581182603761,-0.001354852194199391
0.014066907488242287,0.010304727618899466
0.016217698954380286,0.002125843055166582
0.007271126047441837,-6.265664160401028e-06
0.005364264657045761,0.008399223650833164
0.006509727851593273,0.007257765163656765
-0.009073162249302024,-0.0052302434184251
0.01724177055619722,-0.00028365343722956725
0.010538324231616197,0.0003610675039246468
0.03522492851688429,-0.001131604786170158
0.005364264657045761,0.008399223650833164
0.014624942404478907,0.002949979991996798
0.004768056924985029,0.010202783767807366
0.004994662104885406,-0.008103138315641838
0.01137749416625601,0.0075481716247301715
-0.007168822779751076,-0.017296088244030762
-0.00026799679929435504,-0.006401369268379158
0.03724417421922112,0.056986319643313216
0.009653631561410029,0.003950271367288174
0.02358305059736021,0.0036315709355102836
0.01713540645112596,0.011999566014984347
0.006143608401308191,0.0046855695733884935
-0.005755343842739749,-0.0050289011499706085
-0.0017850504001774778,-0.0017730632272160603
0.006503810022107825,0.001487756663848872
0.023287720901374886,0.009760007350694759
0.010296660189951222,0.011977834788967275
-0.00015682764486353758,-0.001289254524157528
0.006615614079213674,0.005567201733922205
-0.0018425708579955982,0.0018811407943481687
0.008216115384044428,0.0039213286713286714
0.02002825576923948,0.012219630192871846
0.020431518811436077,0.004264973986638262
0.01736485980749224,0.015409569768119014
0.006971873096203287,0.0010429907386372561
0.00189705522971652,0.0024692353643966545
-0.004636598636104987,-0.009955720542908782
0.002579634982248116,0.002728345648604269
-0.0020391101590395526,0.039111950874716514
0.0013356465197718252,0.001227742391623161
0.00312070535284821,0.006243504227729359
0.014617656537125611,0.0036135782711034454
0.015105717239892603,-0.0034138895452145565
-0.0020823023210937317,-0.004352881598923993
-0.0028624120274789323,-0.0016509365701271347
-0.004164711912697433,-0.007780983021271001
0.008313086020754994,0.007594508564701926
0.0010293028537572825,0.004589265778934716
0.0227452375429867,0.024175866179394333
-0.0032773109243697477,0.00011081163911369138
0.0050129747714169545,0.008829864046542046
0.02547238434005023,0.005428907358493162
0.023215301218148292,0.00956773365079712
0.016352951270364974,0.0005341281929221679
0.0024776178527142704,0.00037037037037037035
0.0010049019607843138,0.0012085415720127215
0.03248471401161021,-0.006148342530167969
0.018863848074182954,0.017762574655643466
-0.007154719560541989,-0.01099322333780537
0.005959085814381422,0.009404013105170417
0.0086261030447375,-0.00322870752414844
0.01009948302160896,0.002888195617370707
-0.004621665236288352,-0.012169376210762577
0.00435315221558222,-0.0001564057891370674
0.02020527505371366,0.006755791514340384
0.032161065591371954,0.029453221285464664
0.014720110337244867,0.016134101548829372
0.0030206171429390614,0.006055467061267921
0.02474439609642817,0.012396686202558061
0.009616086027900282,0.004878809589599863
0.009684743720060424,0.026684278192550766
0.05142914887622805,-0.007543919681308655
0.0023815930327540378,0.001749307334085733
0.0045802980749687465,0.0030326132483274736
0.017768350416845945,0.012599111970799538
0.011918062058854526,-0.0031583703035315937
-0.003599356427658612,0.01835958555293807
-0.0007135338134587454,-0.009241190965974094
0.03702906232561366,0.011905193149929992
0.021912274191006786,0.005737264947071546
0.009198032455240122,0.0144641105862179
0.002958487467238889,-0.0022512875891833534
0.007877535479956788,-0.0022510709629353694
-0.020830858056679818,-0.021646531787187614
-0.00020659868262449133,0.004811956319471268
-0.0003128192034505136,0.002685290884849396
0.0044937226923289645,0.006309590103235802
0.001725172975172975,0.00839874519178863
-0.005074569387369606,0.014831445619891297
-0.019322013847303133,-0.018553479305118366
0.006062738254432274,-0.006037751819638318
0.02792526940225696,0.0020875132648473316
0.03108669565044472,0.004500925763355732
0.0010108672340941047,0.016536458231419186
0.0029631011209515254,0.000215219421101774
0.0035323722141139807,0.028992532533945372
0.008347187553408728,0.0013048906032994156
0.008926149471433581,0.005563131313131313
0.021375949189200296,0.004414990128034006
0.0019694146433276868,0.002270463741051976
0.02066559417299626,0.021901973105933892
-0.0010882388482159279,-0.000635385164369508
-0.0010295088278029316,0.01963445913520454
0.01867939373666099,0.00806668450354779
0.0020175953079178883,0.0063779506588246505
0.006151974196569668,-0.00014658283136032707
0.002808214411738984,-0.004148556814029959
0.00401224663248897,0.002068968108329811
0.006439041399922867,0.0003333333333333333
0.01716360609202655,-0.0005181159420289855
0.0011366300366300367,0.00033898305084745765
0.006235407106974435,-0.01153534218981292
0.005025027704182974,0.008505516783770763
0.0023110000729519905,0.0231130680989754
-0.007197195568046152,0.008161424109802367
-0.0016320087365401005,-0.0006968763573985039
-0.0022734351202987084,-0.006574926765844746
0.005056717021220064,0.001619848664375936
0.023689903092681788,0.006194747267731453
0.01371837699746697,-0.0018127533424483042
-0.003565248891036471,0.008760892541585897
-0.00929867094307339,-0.006408118422280015
-0.00494538395818026,0.0007467220973159799
-0.0074442987367672984,-0.010354149645528464
0.0008174603174603175,0.0
-0.0005454911433172301,0.008353331768663576
-0.009613529600324475,-0.009287966583646542
-0.005099381600784108,-0.014144170404559024
0.022213491769271995,-0.014365537169318706
0.009099214138559186,0.011416411871374248
-0.00586386387371847,-0.0011588016219503585
0.0006060606060606061,0.0015384615384615385
0.0012116813033493526,0.00022647636515953778
0.010315978268306755,0.0007605800491021957
0.006303466454737167,0.02646141235650469
0.0051866051496255615,-0.002212931995540691
0.0009708976655255358,0.0020665047484524305
0.014489353571905318,0.02513065428526089
0.011449032215658716,0.0038311688311688306
0.005028616931047426,0.014770395122569792
0.028090963087858974,-0.005956992335631417
0.004128227228410046,0.02033422929625338
0.007364452508654855,0.02638838036514238
0.009097018531403257,0.004508827746715117
0.002889611880635804,-0.005518886773622318
0.015080107638609746,0.003484045105633801
0.001725172975172975,0.00839874519178863
0.025341237596076715,0.0031561233961490422
-0.007937057088846726,0.0015319210494931616
-0.018833747269381564,-0.017506452165076538
0.009981429076119342,0.0046628951175067745
0.024176372966932973,0.0016362863710388791
-0.018945786286076204,-0.0259150907261719
0.004998501737186892,0.0018389938861571465
0.011330468126373032,-0.000973262032085562
0.005119052958366125,0.00011843350448001617
0.004343468349752717,0.032210373691995205
0.005725410268967437,-8.986023051358791e-05
0.0073285459213445325,0.000613522567880791
0.0026535029284614764,-0.00342451849866924
0.0021151209315249117,-0.006210697913291649
-0.0027281615994437913,0.008693379719648977
0.021192198691566334,0.011838788176083812
0.0023347905120713365,-0.004444020688362307
0.005265835208798961,0.0029874600202907274
0.014570176967078394,0.016974967527320844
0.011682877001492304,-0.005410587904107957
0.004111505678197772,0.0011002288329519452
0.013742567784365129,0.010779480262236053
-0.0004099774859013545,-0.01035461504261748
0.015307942934158455,-0.00018109724876050608
0.009127809409486272,0.003951347997010395
0.009809095715706592,-0.0022695154409277897
0.0014955229955229954,0.00030303030303030303
0.005570831303236171,0.0007378112083994432
0.014819404851557501,0.018974224888367322
0.0037401150691082465,0.007004446484181859
0.039293619567353874,0.010871089844638426
0.009070492699063511,-0.017481149131525122
0.018569957171750747,-0.00044444444444444447
0.008264055564893298,0.04164006223466876
0.010443395871563534,0.011031107755832409
-0.004927258143041732,-0.006251324653614833
0.0012512218963831867,0.00041666666666666664
0.006331928765244594,-0.0037327579252481053
0.003968942899742788,0.010533156990303301
-0.002821462352252225,0.005482784199726219
0.0182874302968554,0.0084364334010001
-0.004839651848368183,-0.00037384374796936223
0.0032254679467161934,0.004521882212989471
0.008310976868147704,-0.004452830208398458
0.0030039336421879546,0.001702127659574468
0.02870324450829581,0.0004948646125116714
0.006218530320879143,-0.0031436872086326485
0.004781394721277485,-3.525562446740193e-05
-0.01532844155355297,0.016755265574226363
0.030023031799722023,0.0009191176470588235
0.019665885098904316,0.0015857817243269989
0.007591804555404151,0.0046783128450333155
0.012059469939803356,0.007523445261034656
0.03373733493566902,0.022228852263812382
0.01706523765066769,0.00272231504687645
0.028563501050357896,0.0012333965844402277
0.003912791956032511,0.007646444261210422
0.02029050404611259,0.0010315925209542231
0.04457694243610998,0.006888641315111903
0.0023089875589875596,0.0002534562211981567
-0.000894002672154447,0.004919593891310683
0.014405721230088382,-0.009158392366616459
-0.00021377438290778004,0.02233486345049069
0.030431588800062696,0.00902844655106573
0.003923667341430499,0.004337087245670966
0.001831495534736501,0.0018491854024112095
0.001610903685483517,-9.32149549796612e-05
-0.0008695652173913043,0.01503993760768729
0.000586472602739726,0.0012957157784743991
0.012576822194286706,0.0013373135913345834
0.020124794004252235,0.004672760955584947
0.014660390032157156,-0.0014920634920634925
0.010907054191485138,0.0033479182239302668
0.0185919316953862,0.012587108860635084
0.016048686128463514,0.0030235631598129905
-0.018126043072148018,-0.024876664788509556
0.03783103696056774,-0.004019664399610138
0.05071622730948179,0.005657452463153061
0.016850419311426133,-0.0001755233494363927
0.009461301257578535,0.001647177547811223
0.0022087542087542086,0.000689655172413793
0.014470880386667126,0.005434987787025851
0.002634589766996988,-0.0018743975197641214
-0.00383901252689086,-0.002725774887337431
0.010054371590481804,0.0002941176470588235
0.00219047619047619,0.011258462034993358
0.01095743875612194,0.009129747037630137
0.006453302747639304,-0.0026452929606371346
0.009542427609086223,0.013488589678160419
0.008996603747689628,0.0012357155098701384
-0.015693717877918876,-0.029695084312437687
0.007886670611490076,0.007115333226909228
0.015059269527359642,0.013650239364140863
0.015129292697097185,0.004926553166972468
0.005959667603268337,0.0041016026038295395
-0.008118051815979951,0.006679993204094133
-0.016661805429489123,-0.023987060082890314
0.000767502036275503,0.0012745098039215687
0.021689066407064743,0.000588235294117647
0.0017332857281523797,0.002375472308177173
0.027610361364378156,0.03361663308577072
0.010219297148468894,0.002566729917773561
0.015858936873997198,-0.009021793706096976
0.0053606840743881,0.013142702608292416
-0.0007026784827685031,-0.0035205792839899663
0.0020813664102859544,-0.00010902102084329058
0.027181515558711844,0.004929245316017489
0.009304939015169784,0.015989980268477574
0.0011547169811320754,0.001669496321448783
0.011094304271319841,0.0007561362435079613
0.005721068296276979,0.01999899335745123
0.019421409182250972,0.01411383557146839
0.004293087336477017,0.0025165239617114658
0.0004155147918940669,-0.002122196776757707
0.02170323048664034,-0.00012006004747940231
0.0029560483317114233,0.014664130294764918
0.00907031849880506,-0.003350225992095981
-0.001803619909502263,0.008592994944382292
0.03437934701262759,0.003987953882756708
0.04457694243610998,0.006888641315111903
0.006518905809129568,0.01652170615476566
0.022242532895625534,0.005489542914257614
0.0003836551745174926,0.0018183238195526082
0.0027312020822457257,0.004666864473456107
-0.0015098643551349953,-0.0004009129043504476
0.001113139992839241,0.0084361920992489
0.021591170820836985,-0.0035744937423874525
0.007591946697716029,-0.002901576389210617
0.015206983482229664,0.0030488029488513427
0.006370996672206533,0.007752520544899325
0.0007533689316351578,0.0031758981724237124
0.003722108472679008,0.001992813061788501
0.010602668774225192,0.002684917421759527
0.010254869579465607,0.02859427781019138
0.008122583658911286,0.006035812935924922
0.021912274191006786,0.005737264947071546
0.020737958986598293,0.002033743093278098
-0.0009759693839275626,-0.0029709373788955576
-0.0011348793968533168,0.00012835952312408375
-0.008261413613103473,0.022493858884828397
-0.009475239662220787,-0.01216678748839399
0.028055434083331596,0.008300034619553401
0.014333543121032917,0.003331884623067232
0.028978939769630598,-0.0019488567368866477
0.011475479361144956,0.0014677177177177176
0.002084325742570923,-0.0034519394714407504
0.006760477755740787,0.0431670684924019
0.015610342762032983,0.0002403846153846154
-0.020644803971013804,-0.027276736506641995
-0.01109913627527605,-0.00895112544611072
0.002219950918648688,8.971783159426178e-05
0.008079454539833221,0.013561286900178297
0.014751957703953673,-0.0007637807456298668
0.01766096683630498,0.003025234938814684
0.00455144485144485,0.0017086247086247086
0.0004989769096152073,0.007815379901417112
0.006363084809850309,0.0037405129375227488
0.012192613814084288,0.0026048098659341634
-0.030681002319662067,-0.030571675933429767
0.009749712168353568,0.027147532804077133
-0.004273275314880267,0.004349558370928859
-0.0014579982048910783,-0.018171289463896574
-0.0004,0.0009263157894736844
0.014090044612299788,-0.00014545278286840413
0.01468038394083603,-0.001356853369763206
0.03725997477542229,0.03371526414656055
-9.356725146198835e-05,0.01052351121101121
-0.02719702176179357,-0.026010299006329826
0.0027225123122836953,0.017656539139634487
-0.004951817440577346,0.0039025679819672063
0.03295147154179135,0.0003669398825066105
0.00633218011124715,-0.005223067643510111
0.0018184196755625325,0.002542517006802721
-0.009854227431428265,-0.018653738369034122
0.0003846153846153846,0.002517053401537055
0.0023734424677282393,0.018070066842251566
0.005389300644077768,-0.008763539409054059
0.020390947288651477,0.019826218744089016
0.014761541075591278,0.028608557337043553
0.011438729047685899,0.0076064646702272325
-0.025350224168633518,-0.025200057325413566
0.009218758323200224,-0.01575628302603208
0.017902725108572874,0.019247691548421767
0.0020281622110273866,0.005957692257874599
0.006226747136718485,-0.002128342245989305
-0.021280879658025716,-0.02709637230715813
0.002182564534378865,0.0026437073749311646
0.009530304347851128,0.048289269805203545
0.006454390238244869,0.006832536912154918
-0.00027170710042107894,-0.0030224950359693126
-0.008944012666138278,-0.009690076911834822
0.004272960157670666,0.0012372633929041421
0.004768056924985029,0.010202783767807366
-0.010040476646989503,-0.009571945178458035
0.015194924181210854,0.007601395941692651
0.001475038756409421,-0.009044896628315334
-0.024710351992184753,-0.014566605267311301
-0.004723031383857417,-0.002497176997742598
0.039412458932232025,0.016994857880786425
0.011827781706352517,-0.014534466184842176
-0.0037794228997364747,-0.005754186218607928
0.0067316208814579784,0.001642287684304491
0.008947958958134938,0.005532089448646429
0.006739719538024843,0.014246541231569564
0.02624842326229119,-0.009708816176107719
0.009515497788487707,0.001711670274170274
-0.0032930601299068422,-0.004173633117389627
-0.0069872131439043805,-0.012439980463165105
0.006156909060042378,0.0028258523086109296
-0.001721274308252931,0.03630689321215724
0.032757409622742956,-0.005408470962554927
0.035253608844756944,0.039665721726548094
0.03674562240371596,0.0029647058823529414
-0.018644167494175298,-0.005324728341186493
0.004621066204496604,-0.0037060389533516095
0.005364264657045761,0.008399223650833164
0.0013871051825758655,-0.006979496622901819
-0.003033963838173441,0.014063395595392492
0.003673264409850276,0.013618416371901598
0.027207635438679656,0.017940179497057687
0.014865979068167386,-0.015125307432572791
0.02760059392926764,0.01590868749952277
0.00688788829719504,0.008867337048315303
-0.0007675070028011205,0.008088182410609697
0.0017819590971595535,-0.0030303095947178315
-0.0025987919698362066,-0.001723945380703903
0.00481766433068749,0.00968575996422346
0.01373971248952826,0.004138090912297445
0.015492375976288098,0.0162345501287449
-0.02779557592643348,-0.006486615024878146
0.0033516123009239406,0.004373865698729582
0.004058710637069989,0.01385419059166436
0.02224508203005311,0.003322104894086318
0.019034352688587833,0.0031801094858811244
-0.004774879141847361,-0.007279340734210006
0.005247651697051557,-0.003886519515898983
0.02871289597233526,-0.0020075876110390604
0.003368170489487319,0.007051084352268659
0.0037997626566160826,-0.0037658571062562807
0.0,0.0008888888888888889
0.0065486179525197944,0.016365265451782126
0.01691835819201603,0.010028529803015038
-0.0029623032766440995,-0.008747873262214084
0.004247068688582636,0.004628905540788726
0.0010891975405611883,0.010074143532366473
0.010245500663782825,0.0006705327183853995
0.0061689636928107215,0.046896330364225636
0.0035796909682363973,0.0029605372181528214
0.02450573119340682,0.003510723705185056
0.016501694161313283,-0.002470720569661379
0.011175434673438213,-0.001196969696969697
-0.0008699828999759966,-0.007186551251010575
-0.004283685330557046,0.0008169700166706928
-0.0005861046654935904,-0.0006214329918037545
-0.009807194337795607,0.0005460287497614513
0.011868217702383348,0.0013240212472949043
0.0036782180425566496,0.0005056784307440863
-0.01588388648676409,-0.01873687720883164
0.017610507843355848,0.016594062714723867
0.011946399181990367,0.0046297811988832635
-0.0010366568602894108,0.0076565520488863035
-0.0003508771929824561,0.021173598179683877
0.01968472973630824,0.008850820106761656
0.019516033909396352,0.013228820432380859
-0.010590409513767527,-0.014388796597469417
-0.022443306603390625,-0.017227201618725898
0.002973913043478261,0.002429897180464624
-0.0012954685738424303,-0.0046490185664014045
0.00439703325919677,0.01194182854060468
0.0014246408511379297,-0.0044287543693519935
0.007820220285466223,0.015249409738006117
0.003710555423248921,0.01345731408269247
0.0034763450834879406,0.0002702702702702703
0.006104953093040176,0.006114282356299163
0.011568144142753919,-1.8741710433535855e-05
0.004821238467248653,0.017859245108526274
0.0049090148970714394,0.008086656252082103
-0.0062156430271945355,-0.010584239852783964
0.005186034416155205,-0.0021520013297752776
-0.011574559163522114,-0.014529850493959209
-0.018126043072148018,-0.024876664788509556
-0.001973890552278185,-0.00022899956199712366
0.0009006243029663838,-0.0023084575565940745
0.0011933970906535297,0.011609710598131715
0.005179312325635336,0.013550111595724902
-0.0004786541742747589,0.02399505085968517
0.04578745173308149,0.024586730985665693
0.0,0.011581604947751088
0.018534020592749292,0.007470062783220677
0.02021130313665574,0.002602265884438651
0.004835728732735147,0.018054404324557217
0.015763547287370776,0.0013454954954954957
0.038352013722257,-0.000694126453504247
0.03948787111666961,0.015339717193220168
0.03605576515585056,0.005090594159317282
0.01040167559380464,0.037723153875210164
0.03952456943550989,0.003683391249652193
-0.014171550202606676,-0.010284254344722583
0.0011521174208908877,6.238859180035652e-05
0.033669853573804184,-0.007822511563565808
0.001849281298592938,0.000689655172413793
0.0025735119427064655,0.02082600215454847
0.017167031464085325,0.0007142857142857143
-0.005859325542250021,-0.014905315996265914
-0.015838746697933125,-0.014618654247534146
-0.0001579249092904804,-0.0024764299182903834
0.005999771700226479,0.003153631685232232
0.0040952548231128465,0.010980170164042763
0.008165680271362642,0.052934146537371676
0.006193628171579823,-0.015699159016269566
0.0048734397367884,0.00025136682789451796
0.00834316170994973,0.007803491291878197
0.018092780156116144,0.0581743860345321
0.0036888427466695607,0.013006425192936428
-0.006432222002722619,-0.004595264199174878
0.0005603481977638201,0.02200615369094406
-0.0003704434013450872,0.0062207338010905515
0.005459670834752301,0.00984724881407887
-0.002115554883694546,-0.005329076467411223
0.005455446405079691,0.037172069186439574
0.006709023893109517,0.0023049562918154736
0.0030715679644597945,0.010025718725718724
0.025812882288569178,0.0026860916469909806
0.0039247400288140695,0.011595265892576156
0.012463088555571608,0.006868851885077118
0.010335563940647156,0.00888848025051565
0.005006918343288871,0.0033112895876053774
-0.005122686001187184,-0.010502962419230462
0.004009852386248611,0.00228707240386262
0.004485074067787802,-0.0002380952380952381
0.0035675485954231594,0.002542517006802721
0.005988897067844437,0.0027533239749474026
-0.002103113993297225,-0.0071238157847307235
0.006050856072090522,0.01068839811873171
-0.005091360104864905,-0.002593636670861932
0.0014829931972789115,0.0
0.00886151445796637,0.000512904816702285
0.00647238364189911,0.00366443224997472
-0.013877097475576873,-0.014475828727554912
-0.0025281598835974264,0.007903328003314631
0.014219503835057892,0.0010431865629134144
0.008099997595220995,-0.0016620859760394645
0.004821238467248653,0.017859245108526274
-0.003621291507879666,0.016098009523276814
-0.01892368827022253,-0.006196011791465072
3.588015498747019e-05,-3.290185008613007e-06
-0.01903547951219207,-0.01857423587631376
0.009552890110910303,0.032263334558404605
0.004927586609312215,0.004616876645346263
0.015931183209931664,0.02030695987743397
0.004913699322267097,0.00254141636432126
0.007597669831666853,0.012863384007825022
0.03445494587131472,0.036308126447143936
0.0015960960960960963,0.00257948717948718
-0.0009467365335305133,0.005119346622485076
0.003848072432739497,0.024756009935587915
-0.023720446355686937,-0.0013895220908853763
-0.012114462989969623,-0.017881815109901337
0.002451961196293365,0.0001791840909950871
0.0071655329456914545,0.023138692457506185
0.006622236349034364,0.001060427413411938
-0.0025510204081632655,0.0057801181324601035
-0.0018786891840726952,0.00028829767328604917
-0.0007914452568203922,0.0013030686989512555
0.005025027704182974,0.008505516783770763
0.0015415202746904095,-0.0007418957608807228
0.00483934943628867,0.0056489227915088435
0.012327778668244563,-1.0928961748633858e-05
0.0028313353313353315,0.0068981052878799055
0.0037221078857809786,-0.001843173263381721
0.01295296386006069,0.012789745050945277
0.016366164673803203,-0.0006055586428328858
0.010789243952815566,-0.0007068819810564413
0.0022349021729059348,-0.00865527979659029
0.0028620958333596454,-0.002290200138026225
-0.012098509733525173,-0.011072291615997387
-0.003939605851984483,0.000894364097043434
0.006668432483861111,0.015536895796341746
0.010652504068171018,0.010616888475681166
0.007112450086235773,0.0017045454545454547
0.019558279708898355,-0.004101699920774256
0.0022322785914911853,0.006715677598714534
-0.004333992152172754,-0.005931196167072801
2.2259136212624572e-05,0.0050480613651086425
0.03485992533447189,0.005546896632308694
0.015460298283331874,0.0035316912972085386
-0.006662305435630761,-0.011378394342565667
-0.0005878750765462338,0.03027404982689656
-0.004807448826917184,-0.005807448826917184
0.006261342511187713,0.006487758104208874
0.023013660092104687,0.0051477924617459505
0.0028538044902341264,0.006976122546201912
0.01621964210925357,0.009778656942538093
-0.0006862866460350735,0.03719694953584491
0.030133333880194665,-0.0015814476029646302
0.00431306164100146,0.005801695955550922
0.020644754199225873,0.00910924928429761
0.023292260305387214,0.01009347095403439
0.020211664324438914,0.0
-0.01764842095454666,-0.011300287677620265
0.006203291736856623,-0.00482284708934585
-0.0008707572820332854,0.015040651804092444
0.004373316477592547,0.006008979914668168
0.02974658126463172,0.0
0.008464841833266413,-0.010360276063254646
0.0029138692813952417,0.0020843091334894616
0.004467664358560588,-0.000919661733615222
0.0036302249522063776,0.00028640787104929587
-0.03477283965162116,-0.03336560021134209
0.005927699035763142,-1.6661515956734214e-05
0.003458129700270628,0.013934700916013686
0.02753370592976975,0.008052466755619742
0.007818295649699467,0.0173479664498815
0.009035833343328317,4.738948966471102e-05
-0.0011769472732214865,-0.0048287389382134826
0.014288677429894904,0.005682880017653186
-0.015119585586539355,-0.01248791031012322
-0.001586203377205074,0.01425110800565896
0.01575947214537068,0.00790330102022193
0.01685451606092505,-0.00044142614601018677
0.04437709397100074,0.014388276338035076
0.012175469867624697,0.0034839430264484994
0.005661379939729713,0.021940725928221362
0.02746333967976474,0.0040750233043257275
0.008388643102928816,-0.005423709578951515
-0.0012200862411718425,-0.004463365243853049
0.00961011110188047,0.0013333333333333333
0.013092377903255228,0.018941003479798026
0.001028259367214097,0.01583748869075973
-0.00025316455696202533,0.006021505428762174
0.0036302249522063776,0.00028640787104929587
0.012729358371817049,0.01182261471298185
-0.010664278515336448,-0.00629634418788389
0.008273484223765296,0.00048537095088819213
0.02339301961724744,-0.0034652579736728127
0.008615167265347128,0.0013356009816326286
0.005876982199602728,0.011276515008196219
0.00907031849880506,-0.003350225992095981
0.007690656045724058,0.012247179701505238
0.030026442462082855,0.016931011626919984
-0.0014178190543405146,0.00012811575943656207
-0.001432883729365203,-0.003349799926458095
-0.0001849875704972772,0.004493394189775981
0.011740622794386757,0.01320462145701725
0.005736731234188072,-0.010360276063254646
-0.002007483113754185,0.00593724067230216
0.020567512176079765,-0.00019034468945100655
0.021751411792090062,0.01917693885636281
-0.007212998885490031,-0.006423655544420179
0.003947305652324012,0.0027628931483638674
0.007640941557003263,-0.012398889149578676
0.0037664956554068927,-0.0015949849237520469
0.03146029449119269,0.007580132936363712
0.0004164144927853806,0.0009598059881930306
0.03206413079929068,-0.0046538254370659445
0.03155596300916294,0.008201848422439869
0.01519080077021272,0.011391758867760109
0.00048333333333333323,0.0002671152228763665
0.005238265748582707,-0.0012456036806555047
0.005525188126990445,0.0063792133928774
0.017156345634556584,0.017428246497594637
-0.0019992545200428406,0.011352375577199014
0.013995209766008725,-0.00042083236456638
-0.0027693673285778546,-0.00040493116274849944
0.026637138770751856,-0.0017427278603749192
0.008218410923916043,0.009226622623855242
-0.00030375385111177733,0.0012118950652280792
0.02420242860335941,-0.00021019517205957908
0.015952757377951782,-0.003382583854028559
-0.002592386626827723,-0.005895337732446047
0.02236142210719993,0.0034569836119508757
0.004118821049236186,-0.004658195991210095
0.02481237453474776,0.0011919552198457178
0.013728867608999745,-0.00582424550209531
0.006735638856155249,0.003073607833090592
0.013225259508982554,0.01277293418402977
-1.4916148101495712e-06,0.026026509158687452
0.0005741073829026019,0.02040084879951484
-0.0070745508661390535,-0.013477002423898371
0.003785769845272048,0.000911125935468041
0.0054829987359399125,0.0016842105263157898
-0.006284685498625658,-0.012774910842861215
0.0019393939393939393,0.0028974458204334363
0.03719224888039477,0.0011354949988878137
0.017598388700722202,-8.333333333333337e-05
0.015432758397481849,0.002622369878183832
0.001254508492360155,-0.0006244459562537365
0.0009707699921778995,-0.0021045529798202644
-0.0007675070028011205,0.008088182410609697
0.001005512615678745,0.010570022191103454
-0.0010550479924204192,-0.004948061324408563
-0.029558198413961345,-0.025881990043949917
0.023824822872849892,0.012516034622021359
0.0006543966533154844,0.0013897397522423692
0.012257627267055005,0.007627567158110507
0.0010257816709281667,0.012036678005204367
0.011517415553357883,0.018458679178491144
-0.009619457943128193,-0.009261226345174704
0.015373015300055082,-0.0014927724188933773
0.03270615220810253,0.005166106561617181
0.0032725910819314764,0.03342725453982532
-0.008972433573137803,-0.011592273868082922
0.021353101501348656,0.006621444383980916
0.0005052103334890765,-0.001476317986139973
0.010072251527730353,-0.0037178675528397914
0.01328415233228466,0.01783855559524436
-0.00522278954641866,-0.002811777840533656
0.0077437624831570365,-0.0032244799815132298
0.008994904187058369,0.0071348407221935575
0.01645672101717454,0.0017920159634149798
-0.015811011690653333,0.0024242746134794865
0.01334908947248629,0.04165518673769088
0.0007937602042138638,-0.0020530992816204336
0.0011366300366300367,0.00033898305084745765
0.0013356465197718252,0.001227742391623161
-0.03371456808542214,-0.031904159550423444
0.023334438985787465,-0.0016329931972789114
0.008795257094973863,-0.010904240262791708
0.0030820877503072892,-0.002163532935625959
0.00404546621941395,0.007286324786324787
0.003243305781257144,0.011640034485942136
0.036500969091374014,0.023888264076253576
0.03671410169621379,-0.0039364776679668345
-0.001600764525228034,0.009513147526187921
0.009246221236835946,0.0008761904761904764
0.022012337902208672,-0.0021253116265014726
0.004660152590008754,0.021546304713720977
0.0017181787219737888,-0.0005795382669196711
0.016064863817133717,0.01333334892670501
0.006848877192304314,0.010139578480131518
0.0076825962581524646,0.006140398317337797
-0.004096477212341,0.008523232402595218
0.011738830643682557,-0.0005019714173438551
0.0011547169811320754,0.0018566308243727597
0.003158057384648299,0.004640265876045779
0.020608817312519036,-0.0013004010776483154
-0.00893037663735069,-0.006940063277226567
-0.03369345173735779,-0.03461311347097301
-0.0013393970920933477,0.012085496617427118
0.0048363114096130816,0.011286036761451557
0.015528189873340177,0.04049197830736083
0.008424992754356118,0.0008311643536255547
0.0008370171336766399,-0.005474169594210593
0.022178170077569212,0.004146347767166575
0.038902357733635026,0.02523694013033665
0.017006801189059714,0.022774196231283857
-0.024710351992184753,-0.014566605267311301
0.003647823119770916,-0.006920297128521221
0.0,0.001565349544072948
0.02159906896550058,0.00787791057302444
0.0034137555559817286,0.0031142539364534035
0.022628748941915085,0.03092805743749491
-0.000411628028719733,-0.002541861115774159
0.007396132117111839,-0.0042003070065913745
0.0007495471707538756,0.007030218730083268
0.01562751054665034,0.0019144289869272766
0.0030771373887411553,-0.002699362872601293
0.005654714482835832,0.00884686332936598
0.0013679917587457488,0.012550489726340734
0.023851494767695363,0.0017068577214094153
-0.0013554903753669693,-0.007628728248604842
0.0073506572426301035,0.0028033721789623533
0.0015534759564636764,0.01671869933435458
0.008444606416947505,0.0059900641998959425
-0.006628108282231984,-0.004627045182976644
0.026451751703283774,0.0002452107279693486
0.0006888524754930434,2.988181652238426e-05
0.010602668774225192,0.002684917421759527
0.02214822748757413,0.08242967490167273
0.016918764536157115,0.016043286517440938
-0.004879234349462136,-0.015330737218480108
-0.0012558092299698397,0.015002113685995003
-0.0032882153461627653,-0.003928740455728122
0.012626356498551471,0.0010973318958799904
-0.0002341893898976993,-0.003311860945315713
0.0031112661318451348,0.024993940400706682
-0.002021518909133475,-0.001235971683537717
0.009088612832862358,0.00875541988941451
0.004864560638671807,-0.0020786110793923696
0.007932234581839816,0.0019669933188504593
0.0038986067610367664,-0.0006109512436825214
0.01617688364060503,-0.0016236792902193167
0.003524781058668525,0.001188715653139892
0.008079454539833221,0.013561286900178297
-0.01846603924942395,-0.027122946860239163
-0.012383356949380451,-0.015895343147020728
0.0010350877192982456,0.017679950644138888
0.005876855211763579,0.012904515994416998
0.011793002904458012,-2.1645021645021537e-05
-0.003918303253150717,0.029589609828729626
-0.01946848209605326,-0.017332041959613124
-0.01633776750419571,-0.006092927782645115
0.021595765639969216,0.015608019321194162
-0.00653932858087877,-0.004443813672503715
0.007156276396064117,0.01321996717715362
0.028252892958631648,-0.002763908140874205
0.00413838166899908,0.004076138317490673
-0.00858854149743032,0.0010686963047733498
0.0061524311566377166,-0.004269985709959042
-0.015143513892168465,-0.03464892231043274
-0.01572480549752034,-0.0028311737052076832
0.019395656911392854,0.0022865617144523422
-0.001802934055611204,-0.012296992923026002
-0.0027192189166993196,-0.006849089578501342
0.0028240158273807065,-0.003656376155191214
0.00471769458441919,0.02979338390765264
0.02727968134670369,0.0032309532622980548
0.025341237596076715,0.0031561233961490422
0.023584818137617033,0.0027805154306822827
0.0007421819834675363,0.0074960340577809766
-0.0003025797150208818,0.005993726021640524
0.010915850638225432,0.0062940204079931904
0.001068365733177759,6.503792115251494e-05
0.002973913043478261,0.002429897180464624
-0.0029036211042694476,0.007553015119225772
-0.007667470005765705,-0.0065491564181129145
0.008600122985538314,0.0010980543384194502
0.049323945992087594,-0.0006285615305167023
-0.0016872522060672373,-0.007039325682730878
0.0067867486433301535,0.002769851818257887
-0.027823969527222783,-0.02851375631639199
0.023497134081349826,0.004489991625065326
-0.00988963023796093,-0.013877227567338783
0.002431232157824712,-0.0056875158601177415
-0.004114012291150695,0.005636289865190021
0.00867538656145263,0.0010580750717366603
0.011031636115509285,0.01962249262328788
-0.00957037028736753,-0.0025524301197235675
0.0027695794115775614,0.013345573891673637
-0.01373871031547765,-0.013254211414577785
0.01691835819201603,0.010028529803015038
0.0005284081166402189,-0.0009330212341508342
0.03067803506776733,0.011053797087936603
0.019754763065393147,0.002564463105816489
0.0006692001627256507,-0.003508099299431383
0.0011366300366300367,0.00033898305084745765
-0.0015238095238095236,0.010806580627459924
0.002659024032847525,0.0
-0.004007381485473801,0.006665949379691647
0.03539399923137207,-0.002233613373283425
0.003641836851456471,0.0027227547833709705
0.011279429457995895,0.0068294723619018935
0.011348597161332973,-0.0017411283193047309
-0.004127809695584612,-0.007188080852277288
0.02097268291211186,0.0071753945423009705
-0.0017996879008175008,-0.0016433660617370409
-0.01465130750583762,-0.004792314705779711
0.00907031849880506,-0.003350225992095981
0.0007603573687539531,0.00040656833836238407
-0.006778202917869422,-0.0011320034313539139
0.023781613686574575,0.00038705162606588513
0.006848877192304314,0.010139578480131518
-0.005142007726525505,-0.005421196553461487
0.000747574392075671,-9.55542223930587e-05
0.014337790826800369,0.0024276770173426707
-7.853898406400689e-05,-0.013184980015577446
0.02080588443119379,-0.002607546847142832
-0.014101677793899477,-0.01913466237963565
0.02530516004114509,-0.004510630418441855
0.0069684678535960436,-0.010163084383837106
0.007536255658629067,-0.00400473316856853
0.006395590289326677,-0.0030458918174126218
0.0013086278455843674,0.0015163368939351781
-0.004685389540588902,0.004698700470930614
0.007794220093030195,0.016810965026191727
0.017780928383261885,0.00041666666666666664
0.0022573203194321207,0.017692042721849866
-0.005968988211551141,-0.005391782469231817
0.019318385278268353,0.004033307654161516
0.005361821710861848,0.025561338812028725
0.007629168175129981,0.0027597018572825026
0.02118105604604598,0.027985613044052
-0.006329691682175822,0.0002774004019413124
0.014469213137273179,-0.005789380145694508
0.014194480105931634,0.0008840462808077446
0.007893145662965,0.06377700271465453
0.012839703902501935,0.01592353083836954
0.007497774794663555,-0.0029697851467198767
0.008229534659426333,0.03926308801319051
0.005750977895687197,0.0019666905144196983
0.01515937890551412,0.01335700488110847
-0.0090620429989772,-0.015848115013100753
0.005724541369687865,0.021487688326385795
-0.00722415136445545,-0.01046565567148401
0.0185919316953862,0.012587108860635084
-0.0031358197753142657,0.011195055754595952
0.008388374879791887,0.02001585863188019
0.006409156115070548,0.011573904814942098
0.022087659052245488,-0.0005041208447772406
-0.004731082531637344,-0.004903482654162246
0.02192879286489175,-0.002623186550605905
-0.001514285714285714,-0.00018796992481202976
0.008843447854880664,0.004373092097481952
0.014070541526708467,0.002468787846319187
-0.0014008332630355519,0.005060312528399212
-0.0007675070028011205,0.008088182410609697
-0.011415453995364595,-0.010030452678066003
0.008749152746201876,-0.005753663560250024
0.002158720405538454,0.002891232906163287
0.006143608401308191,0.0046855695733884935
0.0012242701265840952,-0.0022736934380705918
0.01695781202948442,-0.0003818564403448802
0.021277177575642955,0.01285989685821582
0.0031468779194851176,-0.0003305327898399813
0.021056161760499483,-0.0005348258706467661
0.00013499973632863978,0.0004388355830216295
0.04540241122286183,0.0343516163070975
0.020434529707813953,0.008778937392106223
0.006296534349631391,0.0013588112360931831
0.006487720174903008,0.01591372484704366
0.007411316680314397,0.0006451612903225806
-0.0061539246929224745,0.0008704083438482958
0.0017839033136473259,-0.0031480243440929426
0.027197040678887233,0.0034482941942107098
-0.0330523467326152,-0.040821214969589584
6.059654771148164e-05,-0.00504476052681243
0.007955631909961933,0.0002670166619202488
0.042998709075904,0.013860599981462406
0.0036166825577461322,-0.0009498553519768563
-0.00885943940668999,-0.014012318233132363
0.017240030633481777,-0.0022365010960995165
-0.01605277753630732,-0.024701490286785567
0.004728371743412188,0.005402135924241616
0.021474561929930504,0.0034186891804506144
0.008230803197354381,0.006756393354383838
0.018359047521880337,0.02031471492521735
0.008416651076127081,0.0019162640901771335
0.0076825962581524646,0.005172656381853925
0.004710440156494137,-0.001003943139030395
-0.013014612945239182,-0.011546010952772919
0.020938097835824475,0.011476426753677837
0.0023877551020408164,0.014979341456092572
0.0002782684742665452,0.01969130913049076
0.034234960799277146,0.005885868397755884
0.015801593285988454,0.009130450798112429
0.01768628028523951,0.0062139251269093835
0.002657144322988318,0.019185444727919884
0.01027686426879591,0.020697377022441888
0.016580198960735468,0.0010047846889952154
0.004485074067787802,-0.0002380952380952381
0.013171221205714349,-0.008274375148194565
0.011862425629910434,0.005654582594205235
0.03171489222664689,0.029973250292863948
0.009228917897340599,0.02639969127583273
0.013762795791244392,-0.0044886346954450635
0.006588887974032482,0.0059679097300215315
0.0027858536787455086,0.007286324786324787
0.010225576671040444,0.0036417985373344104
-0.0020061329573402894,-0.010767785378360503
0.009211648344156798,0.003213901451179176
0.023226494088088783,0.003274013603632316
0.00811155338265885,0.003232022844120156
-0.00044444444444444447,-4.4444444444444447e-05
0.007630466458406277,0.0009090909090909091
0.008149700453143479,0.011891487500717944
0.0025360886492961964,0.0013263157894736843
0.028238506828753125,0.00012238299135741183
-0.00272160399257157,0.002207137721371881
0.008041817285199674,0.0016075795909761756
-0.014130932891653831,-0.008884312786982726
0.02471766471580044,-0.00981107348841049
-0.0014964021135220502,-0.000635385164369508
0.004266482305478133,-0.00021773636991028302
0.03693404038868723,0.00027195672071468873
0.010038087799603157,0.032413608778775874
0.022387732047438158,-0.002489349952579649
0.0010812544367531586,-0.001551492805399885
-0.007431614588353624,-0.001999769231924643
0.001255115255115255,0.006002732830370855
-0.0014627143489230306,0.03986225813227875
0.015876900539575217,0.0025216653429323997
0.00567886379571498,-0.0010767473221361557
0.009500749543705951,-0.0014551971326164873
-0.007592527993001669,-0.01587165813822942
0.007224506449750061,0.010715808790859808
0.024344504544245808,0.004326379674676889
0.013310892194207011,0.0005263157894736842
0.0017665130568356375,0.01276800752438357
-0.03577089968192952,-0.04297477962850577
0.01701728051886451,-0.0030266044425814953
0.019544067584842128,0.0007541009714922758
0.013878790415368861,0.01437518123235299
0.012065535078145341,0.047179651204431385
0.017437078010773082,0.021732001176091514
0.0030169461272401402,0.007983315498012507
0.001558043471133987,0.015469792053133145
0.007571315164999891,-0.012064790478214299
0.006617551998842566,0.003461423741811872
0.07287539616505155,0.008295669754001376
0.0008296557194891075,0.033106537764014295
0.004031244496517952,-0.0028546248021227515
-0.0060499658586983225,-0.011084105883396084
0.0,0.022605734016403565
0.01782363113851501,0.003145578879325009
0.003232201820437114,-0.000376470588235294
-0.009144285255077753,-0.013031184898907033
-0.0004081632653061224,0.009381972808187502
-0.004882943967060509,0.009703764864720955
0.011156490994102309,0.013343804716991153
0.007845995898015089,-0.005381709203317113
0.02165181344538011,0.005143372450396696
0.044961635247761464,0.00042234004948745124
0.008414637290335434,-0.0013087136903618493
0.006221288566245622,-0.0025069384296441295
0.006018450008431694,0.004755908070653762
-0.012994876312148606,-0.01428419280307369
0.018983894953063227,2.6561017220622313e-05
0.029744924880758375,0.000388597018230782
0.02467706513086948,0.010427842553179896
0.014488732373698012,0.019959645005099433
0.013396569859036282,0.004350423502734427
0.00483934943628867,0.0056489227915088435
-0.006622704735530196,-0.006391007604959473
-0.002866855860532851,-0.00246957867008678
0.009053466338118422,0.004358882604850347
-0.01170530476109434,-0.008382295035632903
-0.024330501321343918,-0.017354675092984925
0.01372791669738704,0.035754027260334845
-0.007799060073259395,-0.0030105529968454323
0.016915701559754682,0.0007543661839882155
0.012238326746885596,0.011093819288921829
0.005401624127463743,0.0005617519992786885
0.006303176408816204,-0.002639842024559029
0.025341237596076715,0.0031561233961490422
0.01160958036930891,0.029059045193428328
0.012122632298320123,0.009099027871755754
0.015260848713477401,0.0077962902327884925
0.008807031196276096,0.004894660894660895
-0.002468994271152455,0.00042445970642256354
0.008794254678999025,0.00556600873263267
-0.0014432534678436317,0.0036622170883061425
-0.016799336717832028,-0.019109431192612412
-0.0032423032260675624,-0.009713488735019935
0.017783932874413266,-0.002730638102624734
0.0015836847717529854,-0.002125039100061402
0.03268547594617914,0.005584634717806524
0.011060961541198943,0.0009329008964905301
0.011553303869179781,0.0013457556935817805
-0.0020381756249447723,0.0007298706882061332
0.005374989824440783,0.002435197961908982
-0.0005884642206830657,0.00666542386154603
0.008086713551937751,0.00554607843137255
-0.0016926185496252636,0.00016908406925687097
0.006199584406821247,0.0021496084258151803
0.02878443023952705,0.01701271144718499
0.008688298601696247,0.016495487705688837
0.02974658126463172,0.0
-0.001534982178393673,-0.0012443974951670067
0.0001496749643253529,0.007075024386177553
0.008079454539833221,0.013561286900178297
0.01149923895431913,0.0045882854697352985
0.006422579025655803,0.007400854474365733
0.0025998348262499206,0.0
0.01539892931452896,-0.0005420569020164569
0.005211169240847786,0.017341324409697392
0.00439229071734144,0.005566794704448416
0.007940127424064324,0.015726103725846482
0.011992248410447475,-0.0008867210495332606
0.007009823408728113,0.028036192528959336
-0.004232411530276496,-0.007869385786340652
0.004975152252636094,0.007234106683745496
0.006663767280426276,0.008603171670095517
0.0067523963087872865,0.045073229465349224
-0.006872198013128488,0.001990097212058641
0.0023805154177411157,0.02580514547177706
0.00660850161884802,-0.002486944409736445
0.003596524656675032,0.001740588253044949
0.0019521544614712317,0.00147696741664133
0.017602906055629263,0.0011794871794871794
-0.0280128056233254,-0.03447636501786819
-0.005266897079745439,-0.0035614470955007242
0.011493112517849048,0.0027090486907441146
0.024145956721648553,0.0
-0.005052784844533458,-0.0010214233616316895
0.028205384508813512,0.0005346950762784666
-0.0005531444394840214,0.0027994184305839285
-0.023444013788512148,-0.024362574394572754
-0.004486479261352879,-0.003558604017688162
0.006009833197930161,0.0014444444444444444
0.0040961479198767334,0.0018849290072418317
0.01949896205395578,0.0036116915462973027
-0.001586203377205074,0.01425110800565896
0.005189201492940674,0.02309657717303363
0.006696616041125949,0.002753133470135897
-0.00714461696775096,-0.012459476525321905
0.017767348645787332,0.029769715716230306
0.02071055128958124,0.009415137200028222
0.006169026719989752,0.005284641138917207
0.006108785487173215,-0.00039344814806313577
0.002866304676554652,-0.007253244335395315
0.0003703236754271709,0.0067017964580588715
0.005179312325635336,0.013550111595724902
0.0038160145863984545,0.005378993952906997
-0.00012598647782246326,0.0068646499492283
0.01636913365221659,0.013776669067028536
0.02155197758172113,0.0014604329973870844
0.002393461641455201,0.009200020716671677
-0.007413152663161458,-0.006143842592113503
0.02704184962483593,-0.000389936163505503
0.04381403949886353,-0.002162067467754601
-0.02080429345073673,-0.005687457970472789
0.006377870535453711,-0.003317250067788439
0.011832626890060212,0.005212938720451301
-0.0041710009175964305,-0.005591656449578484
0.000586472602739726,0.0012957157784743991
-0.012152969029961973,-0.020285329625681688
0.022074863365308985,0.0015336113630556127
0.002805250305250305,0.0020182509913192585
0.030408057902118715,0.0012564367441513999
0.014419824023609185,0.0031197345182953857
-0.010156043360763223,-0.015628219376420848
0.002789475494788305,0.011742566477986037
0.04130120554152123,0.010557430189513096
0.0017891997397527651,0.008738783572339745
-0.00025316455696202533,0.003977591101270963
-0.01511501893921386,-0.013307561094294408
-0.019160700888059403,-0.004538847595698028
0.006477967785462761,4.738948966471102e-05
0.0027858536787455086,0.007286324786324787
0.004908861067707545,0.006088598012923807
0.0011366300366300367,0.00033898305084745765
-0.01465130750583762,-0.004792314705779711
0.0016477340537490916,0.003802976688582544
0.02118105604604598,0.027985613044052
0.0220607135523401,0.0311961285336265
0.0015895835808755355,-0.0063933781099755295
-0.022547906685253936,-0.003508714239772677
-0.02779557592643348,-0.006486615024878146
-0.002171773665409417,-0.007932274363618036
0.005065039795588994,-0.0002898550724637681
0.012943419802773932,0.0064634915748229115
0.002416326530612245,0.00807406304747235
0.009763051882375867,0.024283475073409676
-0.01919905277989156,-0.01852830221219411
-0.007772382471128788,-0.015049743480616596
0.012447703233801328,0.023265837438020756
0.02136747395299848,-0.006568147987899442
-0.004332941051525357,0.019581775072816773
0.007614472389534797,0.0003610675039246468
0.0063431937215506625,0.0018526367639778779
-0.009793832373742973,-0.00840883105644438
0.03328638618241199,0.01569259309655056
-0.010799678863244875,-0.008009716724543241
0.022830809387774525,-0.0006653049237215335
0.02345450573273698,-0.0018929037833493104
0.0070713380077597685,0.003982351030785931
0.0017891997397527651,0.008738783572339745
-0.000685579196217494,-0.000495580808080808
0.014514380617874937,0.0012717703349282294
-0.0015464299276345683,-0.006308540066591602
0.022826803728431787,-0.0017637534710502364
0.021675178521369205,-0.00023989053050186594
0.021778069898432274,-0.00028659611992945316
-0.021410899836067185,-0.030970706171047784
0.006124774950592846,0.0018684210526315789
0.0038010695676261655,0.0014666204468690314
0.0018110729140140903,-0.00014814814814814834
-0.0017383540418584396,-0.0033644988074835965
0.001839446354753171,0.00013296340703807582
0.010179799087059528,0.019122762199485277
0.006143608401308191,0.0046855695733884935
0.0021818784073706337,-0.0005263157894736842
0.012978352187823521,-0.011699305888259378
0.006622658761245718,0.032362811392576254
-0.004343852196348683,0.01758109329712952
0.0009280204674778202,0.006085476433424784
0.006408766671924566,0.01924890516923159
0.0007780588553250971,-0.004416382212775342
-0.010053874870119172,-0.011069277312835836
-0.005117118969204381,0.003950123844512762
-0.011120837456761953,-0.017446259474368533
-0.004215475194939405,0.0037038836451090754
0.006644044183817567,-0.0027904805678672195
0.012445121532691079,0.0011237212355102943
-0.004495696118124592,-0.00560064926585185
0.04316219816026173,0.0077430466931447135
0.025827268570573433,0.010317600001477172
0.0021897221339200936,-0.009901157701548294
0.017765211967370475,0.018514797076573976
0.007279125795657226,0.011867934645671048
0.02582694460356247,0.0026822941276698035
0.002973913043478261,0.002429897180464624
0.011077301906651868,-0.002303814319058221
-0.001255562377079405,0.005831697943251187
0.0038408376429750115,0.02579348314099568
0.0026508428891223908,0.0012017543859649123
0.000979150903741068,0.005049174938536642
0.004149946547847979,0.01953259482087479
0.00019677650419262782,-0.012047283495686983
0.013117176027140399,0.004605971277399848
0.0008177410069974654,-0.017596735386114715
0.002973913043478261,0.002429897180464624
0.013856710295985413,0.004816870987798351
0.023199485207013575,-0.0012018265756724206
-0.020200861385017303,-0.03661706236729525
0.011820052461303491,0.031561621315712024
0.008979214312589308,0.007675138015906727
-0.014538573480651924,-0.014463743728402817
0.003766136714338223,0.0018306912045314549
0.029649135756636944,-0.0009891287195549067
-0.00022768352624068493,-0.0008823529411764705
0.007989498217083151,0.0056317175881744385
0.016390651088282526,-0.0015584812013383442
0.006870936711568293,-0.0003846153846153846
0.00529691016895796,0.0038715280153636318
-0.0006862866460350735,0.03719694953584491
0.01475294428602378,-0.0030607007384347478
0.026138583003916988,0.007969229517474145
0.0034692818864508037,0.017226401457775882
0.015060628951601205,0.011010507709007583
0.006669536671751009,0.009283305150129201
0.008027051858536107,0.020049920300299708
0.0028593628816783387,0.0033965651332057006
-0.01032473140379072,-0.024911900525152176
0.00981975065870447,-0.012484048027689244
0.036500969091374014,0.023888264076253576
0.022823376203522316,0.006432524072625423
0.010928446588858137,0.0024083869123332612
-0.0014677199555864873,-0.0022788310666975982
0.022365527364834194,0.002198535096381713
0.009975802571390805,0.0044370989500766
0.00189705522971652,0.0024692353643966545
-0.017963766268615997,-0.01726871035287803
-0.0035368682139099786,-0.01024199091417945
0.014922428801414915,0.011319185588814678
0.004766915237764145,0.003404086752206328
0.012902614509549165,0.011893510382972412
-0.016881225807881314,-0.017812215954480688
0.013188324079653665,0.008402387709232238
-0.0008695652173913043,0.01503993760768729
0.024618377462744163,0.010778852723526767
-0.006436947673289865,-0.0055321835055427565
0.0003773584905660377,0.0002941176470588235
0.01021739695079447,0.008434772266692078
-0.0014499261559194655,-0.004106550640518802
0.007038692177956416,-0.0016157485834452949
0.003008491332548284,0.0
0.0013594470046082948,0.015993494085160074
0.0040961479198767334,0.0037909896133024373
0.002413344600266312,-0.0027096485844712737
-0.018769731094072626,0.006596952730968993
0.010219297148468894,0.002566729917773561
0.003884095503995379,0.00844310308623865
-0.0019253605852576105,0.017313462589386135
0.012946268157417028,-0.002355000812055025
-0.00019488378464084608,0.006323995820101012
0.009338822633220613,0.008586740095967752
0.008466004407455006,0.009090700997926485
-0.004478782993207528,0.010227252281112605
0.01322919560787255,0.007042424078725838
-0.0002696754149953476,0.024269704109089137
-0.0010915026916918126,-0.010751442930529338
0.010065154587665815,0.01043881876893663
0.000609033816294448,-0.0019065294260540442
0.001982389863041456,0.003614432859161662
-0.009070612490967831,-0.005823445819291102
0.025562450852403388,0.0017583250776039483
0.01449370108558489,-0.00506830690299193
0.007718378176165799,0.0018306636155606406
0.013975719805197294,0.011593064794773783
-0.0003620171721861842,-0.0027961836251679684
0.0013452200570844637,0.0021130066023683043
0.00865477288258907,0.0351610747288344
0.030276681544130827,0.002651752308856775
0.005503784571009985,0.0018364784293804217
0.04116157960480787,0.0007121951219512194
0.019763281298410738,0.004238069145071349
0.004016573068708515,0.005665203405717182
-0.002016559430058757,-0.012232487348959573
-0.005733677020468584,0.022836599161070576
-0.010902775676365323,-0.014225578568885183
0.0038538268959180475,0.008538743000104378
-0.0020557404443214515,-0.006211075450233835
0.0014829931972789115,0.0
0.025445334604129746,-0.016866740815118495
0.00535702614379085,0.0028703231292517006
0.011649607020673292,0.0022164195790323636
0.005788945995960085,0.005306329210933857
0.0022667535570761376,0.035843535705383
0.008853457902729098,0.0016692154489429088
0.015128270707885727,0.04041374371757376
0.005491823197532161,-0.00836071539773126
0.00707843151717963,0.009799974691106555
0.011050665549032813,0.013206281210476388
0.004924242424242424,0.0
0.01874081301722795,-0.001908507274314011
0.004681144757535925,-0.0010855614973262029
0.0055436085821938125,0.00594835887391836
0.0028467021525204715,-0.000851063829787234
0.0002002037991318071,-0.00048572220450528864
0.04187975556780165,0.008017108415693319
-0.0033499662673049223,0.02335804971443972
0.027217800109113486,-0.002761494841839174
0.016225959272039965,6.632464111362268e-05
0.009586226217358811,-0.009835002465222358
0.009779969353650159,0.006038911974469745
0.024808284339197278,0.0042488674907550155
0.0009000091552259478,-0.0031612707326993043
-0.0007152542026169139,0.002329036951762564
0.020685861534534576,-0.0007271301533305161
-0.0007675070028011205,0.008088182410609697
-0.008364956679883987,-0.018939691116851273
0.002579634982248116,0.002728345648604269
-0.012033706375689318,0.012282462622298089
0.003446358223654759,0.01075714582744846
0.007779965312732989,-0.009330565644519133
-0.009146186301304846,0.00025479794328582203
0.018569957171750747,-0.00044444444444444447
0.036325574778930975,0.002915277982943434
0.004184487468852763,-0.014086201240269432
-0.006461835273728146,0.009508636953141207
0.006135980498433415,0.02971172282491911
-0.001142228939461815,0.027656872560843326
-0.016389865810559033,-0.04374128394300364
-0.013149693794719685,-0.02399202539699044
0.01786408037927478,0.020785520476284857
-0.01752505758413629,-0.02215909818565298
-0.004190188798756861,-0.006706313557873611
0.020977792692237367,0.007569414161757718
-0.017963766268615997,-0.01726871035287803
0.009603391433626754,-0.001176470588235294
0.009606871879222448,0.001171508824910003
-0.004269560602016469,0.012151842459865066
0.005364264657045761,0.008399223650833164
0.0042886596478450755,0.0010748566547564165
-0.003532404191455019,-0.0010243594157024298
0.019994717985427377,0.023019386804547605
-0.04750897858118149,-0.04563213595611477
-0.024710351992184753,-0.014566605267311301
-0.0031256852715275917,-0.01985039065790112
0.007405749834327742,0.005607236252397543
-0.0007565044768988724,0.01696641755175667
-0.0002800162800162798,0.014211840799390661
0.01229904347382582,0.013369469171185163
-0.006158476793429753,0.00925115737253043
0.010682014988047318,0.009056523639818747
-0.005733677020468584,0.022836599161070576
0.004266482305478133,-0.00021773636991028302
0.013004721467997152,0.002819364626824694
0.027197040678887233,0.0034482941942107098
-0.006302671362927408,-0.0051851136774227705
0.01947817420687079,0.009277404876894801
0.007470285612754984,0.0022599976599976604
0.006250632956187164,0.0019003511917482893
-0.0023795151202726864,-0.00018656513602797195
-0.0028851164375478856,0.00564043260523277
0.006224120420886968,-0.0011370725025102906
-0.0033056059536504603,-0.008053342523967676
0.005106843573893038,0.011819486211672524
0.006879778511983777,-0.0011428571428571427
0.030829439731036024,0.004242681706352918
0.0006079543653015771,0.010381211502333943
-0.009391651834214516,-0.008963999965386176
0.02649467197300602,-0.0030729935179126004
0.03929978000439358,0.012190487918104998
0.0011876562974123947,0.001986599326717581
-0.0010883911368350582,-0.011294438526550304
0.0018399594844692021,0.007757213553953863
0.02050996916999008,0.0008516662630938358
0.008267001402677061,-7.479318214234773e-05
0.007329810008358122,0.005209722419325019
0.012564271690769397,0.0021500000000000004
0.004927586609312215,0.004616876645346263
0.007511979548829774,-0.00204969593392592
0.027622821384650935,0.012578014355038697
0.002822178048639202,-0.003956633151794442
0.020303959854865387,0.012246563452600605
0.014594030051202902,-0.007005775785448342
0.012773470032207457,0.00570761296500125
-0.01089927827239642,-0.005581531962104308
0.0022379528084421328,0.006577619097159187
0.010063249826535801,0.0039059237875632355
0.0015598391398420914,0.007828467459949747
0.010355711303117732,0.002767687074829932
-0.025456715983533676,-0.024652569253071157
0.033333682290943634,0.0011359826733687082
-0.019703320021809353,-0.022293393989582043
-0.0018641652064902378,0.03137757343779307
0.006199584406821247,0.0021496084258151803
0.0006980796980796968,-0.0005130866381640379
0.010468954864522276,0.013138678813837672
-0.01504188314523614,-0.009306216849987732
-0.001405918670322956,0.002903380553098899
0.01865285205642959,0.020747050127503112
0.017498158270785262,0.023390057563978328
0.01787660158879341,0.008047851192703374
0.011777327455933358,0.029031364954300646
-0.011597356690788164,0.0006123762774740658
0.011187641948241917,0.007315162774747267
0.03710631771435733,0.0494236619375827
0.0016132571245859673,0.028997805005911828
-0.024113803046618705,-0.025148856007659526
0.011659894513288097,0.003183982683982684
0.0020238240653051185,0.01127469274912249
0.018405019388407558,0.008919726220405348
0.016235245318328255,0.010175208295090605
0.0008560248800675687,-0.002409022837437785
0.005935987644009586,-0.0006207372555840931
-0.011113471748813592,-0.0011113215880701223
-0.009391651834214516,-0.008963999965386176
0.007365288794726197,0.0007123462698900365
-0.002964355173155864,-0.002964355173155864
0.003968388369765116,0.005318574531260479
0.020051155994474552,0.004352727898855055
-0.025549155070187273,-0.02822592274695495
-0.009695750749582812,-0.015835556876861192
0.021021655275054778,0.002699519239534095
0.006684505983891935,0.002296245301162689
-0.007495027336937481,-0.009418665486293824
0.004440188072526013,0.013956936591727634
0.008449912343400876,0.02317045506440866
0.010602668774225192,0.002684917421759527
-0.005327689496470522,-0.0062856209949202204
0.0006633771929824561,0.012001834421459422
0.0066558873996422395,0.003256248747227258
0.005108770788313555,0.013553368791317334
-0.0014295619525241552,0.004710754639120691
0.0014118412491867275,0.000865546218487395
0.05180449887182873,0.005030809246694812
0.019770980030777048,-0.004159191242524576
0.0273642711544538,0.007542984228064403
0.0025490688339793203,0.0007705845341040344
0.0055442514484382276,0.004265858236694078
8.874396529773634e-05,-0.004279714900240128
0.0016509364940005854,0.00014874915483434751
0.008864087471467911,-0.003022577895580419
4.761194552286392e-05,0.0005757839618304736
0.002780096679277007,0.005516136326359712
0.00486238467912398,-0.0009912462240201092
0.007958965106082485,0.007247351521645356
0.014093570721897727,0.011880772915194371
-0.003996649905880246,0.0016112178842694197
-0.014229617063832665,-0.012921815509051967
-0.003496814935546348,-0.00858154866682943
-0.0005498043368773325,-0.003433230142529371
0.013524390818309119,0.025074308401254332
0.01008093509746653,0.009477495203343499
0.0006444601824115463,-0.00016768456768456773
0.003818317962899182,-0.008005330903834717
0.01033684613334399,0.011812695297753613
0.006337984484554495,0.009773210732887823
-0.002088521732716967,0.0022294686792410506
0.025341237596076715,0.0031561233961490422
0.019746776046637434,-0.003009064732251201
0.005840301244786799,0.008882383994593826
0.00483934943628867,0.0056489227915088435
0.002596334540860179,-0.00468211311355911
0.02753370592976975,0.008052466755619742
-0.026100304208234205,-0.020353207759701366
0.0016509364940005854,0.00014874915483434751
-0.0009166666666666668,0.01029842863681726
-0.0039535579936010486,-0.003335430367426044
0.001,0.01068824330168889
0.007474634510901648,-0.001323553057586671
-0.004016020193598571,-0.005030788846933925
0.007082697048218001,-0.005804688428622097
0.015128688490486786,0.0017816587025518138
-0.001887697912288076,0.005691780814769319
0.01770601349506055,0.0013323891457977157
0.04457694243610998,0.006888641315111903
0.0016509364940005854,0.00014874915483434751
0.028356155399000965,0.028157604376575912
-0.00010740020273607848,-0.007729812134773388
0.003393857794852453,0.0017832422586520945
0.007735418493551357,0.006851356704297881
0.006245670215626941,0.005497867495746604
0.0058275959858929485,0.0012636815920398009
-0.008944012666138278,-0.009690076911834822
-0.0022385751052705323,0.0035314951846149877
0.02369721568296008,-0.008645555317961346
0.0023944341964428047,0.0036939172172512514
0.026885035816948344,0.026042220654521445
0.002697672047071906,-0.004268000997380466
0.024472047171162036,0.01831882680003102
0.007348831071193547,0.035301799244604457
0.016512764590394878,0.007839640987427652
0.007790065303670959,0.008347384602386832
-0.009864686157154717,-0.013490596531975351
-0.010608756075548308,-0.0145402834206054
-0.008074550866139054,-0.014477002423898372
0.02481380484136804,0.011718289831246642
0.016948006359583448,0.010665211891227057
-0.005839496744745521,0.0002983115426491651
0.02731198743848126,0.003460910025714173
-0.0004524887009454935,0.009172736457666236
0.014006811840880143,0.014426706186218169
-0.0032855528915350764,-0.0012017684415929495
0.0007159791370317688,0.011189767718750921
0.0101858464230336,0.00015887604159621612
0.011294351610881798,-0.0002553260692795576
-0.0025359655707053695,-0.011437468267780054
0.0055039322960017305,-0.000851063829787234
-0.00020208102292465285,0.0024311198948166676
0.007026894492901207,-0.0004788359788359788
0.022835955516017904,0.005421458875380968
-0.017097078300285763,-0.022484188031026385
-0.001882916666269445,-0.0029683221752597865
-0.0025078557143478238,0.01734020768388762
0.01347890153534784,0.0037528961777265465
0.0058275959858929485,0.0012636815920398009
-0.00961041038715805,0.0027700170404933583
-0.0042199828113593674,0.0025899599409693356
0.0030729487885807396,-0.00022603603994487314
0.02065752009991003,0.006165259035108541
0.015077696383782188,-0.007602257793713781
0.001094632768361582,0.0029004109925162558
0.028424803695856534,0.0029796757998477525
0.001701841228157017,-0.0009230769230769232
0.002519243297467631,0.0004275690209194045
0.03206964250743505,0.005623415123082898
0.008742096874034063,-0.007102566859158426
0.0024165269101573215,0.0047911746757401666
0.009549538444954403,0.002574361587060565
-0.00631092145548252,0.00811214291166073
-0.00990447234703503,-0.00947682047820669
-0.0032165756377168,0.007328411278322748
0.03689987782854751,-0.003153515690973412
0.02093242859186986,-0.007801649480117155
-0.001662341338934224,-0.00253862362442367
0.007403794938817446,-0.005496392496392496
-0.0014751122664345376,-0.0014309825752460228
-0.0006410160190121342,0.00762116847166362
0.00020094878293242403,0.013056548105858969
0.004708368356659201,0.005855184429097473
-0.009984567195051065,0.007247803263842431
-0.0021918760901651815,-0.0061492485753655846
0.006760477755740787,0.0431670684924019
0.017224712309654944,-0.00032276137640160473
-0.0032346974081609997,0.0021973049180417383
0.009087585630944472,-0.002093619194324518
0.017119919941998085,-0.00465852765434248
-0.010554110403621857,-0.017203203918812977
0.009084317821242515,0.00938767027514431
0.0005275537634408603,0.010613324978385609
0.004683832473893556,0.00955415891958572
0.007186324230203418,0.0
0.012071315948797002,-0.01797344200401316
0.017884922710279402,-0.0009682943711433164
0.005467281572511232,0.003807598390490631
0.050994162624845046,0.007626685361813671
0.001539889322147386,0.0030146133795649612
0.014999913548934561,0.0001428477366027612
0.008028943844995326,0.036214079946358835
0.01029901516523974,-0.005616988444574081
-0.003897523014132518,0.01101287010482022
0.003989137832222938,0.004910170894396027
0.0182871959119452,0.009524075662705954
-0.011212437054062802,-0.004802668647377753
0.021462807851173403,0.0067815907626572434
-0.0024674967400569927,0.0024432505362871337
-0.0008141327659058951,0.014981225673279648
0.0145970287301703,-0.0008121410992616899
0.007650225443687071,0.010532829431968399
0.0012899462110425564,0.007183675009149949
0.019329199896267454,0.010367440791283775
0.018138759816450505,0.011039092997627061
-0.0021983170116355462,0.025661536711427717
0.01559715989761159,0.01849565870051288
0.0009817063973554944,0.003158737971683501
0.007754259232827211,-0.002606374391510147
-0.015425460562141816,-0.010305125967311566
0.01752400797072259,0.00014254800272012896
0.0009685700553165727,1.441210139712431e-05
0.00413054011925872,-0.003065181843397769
0.006935891349102976,0.0
-0.010589377008985214,-0.007660728892097006
-0.007418287268151715,-0.015930485955156518
0.01448444245959374,-0.012689256728922838
-0.010719570018900951,-0.015456264576499342
0.004231537595381989,0.0026679561573178597
-0.005779303267826403,-0.0029416315074769217
0.0025933659575997745,0.028643426935963646
-0.003374426835040578,-0.002219491482204176
-0.014954999058537198,-0.027058385768761677
0.018819559482598388,0.01711758529279007
0.005119246467035516,0.0053301093594908195
0.008142982139785237,0.023594591125227642
0.02802857873892917,-0.0004229090109666633
0.008126908823100397,0.005536218997981322
0.0010850938888740938,0.009706805743097045
-0.0015129792489523139,0.004266090626323939
0.018405019388407558,0.008919726220405348
0.01761961067606437,0.026056605143552628
0.006687973832161565,-0.0011662796697626421
-0.009155063044882492,-0.013889485130742056
0.00475401414757974,-0.0002632205706581581
0.004795296342745378,0.001261007878084656
0.030026442462082855,0.016931011626919984
0.019671130220444963,-0.004216089466089466
-0.003440845096176426,-0.013009203920565579
-0.005956049058791413,-0.010578431016267991
0.0010350877192982456,0.017679950644138888
0.005025322881231309,0.000425531914893617
0.003060033353578042,0.0035856219013875503
0.0070446275389487965,-0.01673320441328007
0.012048055924360463,0.0080103878144578
0.009765778928205097,0.0
0.011150189594563747,-0.00275397488747785
0.005025322881231309,0.000425531914893617
0.0005906644244652662,0.015565955084846757
0.024928867945601327,-0.00014784835130291028
-0.0002528752889560844,0.0033003427120416777
0.010546271588852156,0.009256499686314833
0.001748757211153279,-0.003975652993292808
-0.003476418107997809,5.637102755004682e-05
0.0014312606663445483,-0.00529677613495633
0.00918804938708244,0.001
0.015491282909181515,-0.0007142857142857143
0.009191772637621083,0.00025018796635932396
-0.011905027854742992,-0.007853721100610823
0.03880435211843854,0.0051394871309185
0.0028163163443452703,-0.011851446994814462
-0.000244524426121967,-0.015702789496138674
0.01271223149789709,0.0013454954954954957
0.009220421230308869,0.0016240612619153735
0.013113299795099736,-0.0025465768077009296
0.007670577509090319,-0.000967741935483871
0.0049327813307343035,-0.008913176471543788
0.00504740124347316,0.011391081540423379
-0.005178483820856426,0.0023528608090894647
0.021261166482818422,0.0
-0.00024673202614379107,0.0016226793042798517
-0.058508840138882884,-0.05314117092216243
0.0013200414781297134,0.0004
0.010162108932605291,0.005900843138772606
-0.012837911024233269,-0.01651833839020925
0.0002470007728193734,-0.013433114660005418
0.004113455689639554,0.012674130775137973
0.016346314958091926,-0.008806729970563977
-0.025485144183170994,-0.026706242576721505
0.002496354153298347,0.027398210321753994
-0.009504228441472477,0.012774541110035169
-0.0003990308505200657,-0.0031466567518044965
-0.025543508442727642,-0.02887576687174563
0.003826114249843063,0.004877163616525318
0.003827140546668193,-0.008883962696216828
0.021736876782578782,-0.0008067949644903183
0.025341237596076715,0.0031561233961490422
-0.0013639494035161857,0.00931412356288408
0.008914379266545728,0.0055747553589542195
0.00540063772027402,0.0
0.009740997304835528,0.0009194964944011829
-0.014332244994484914,-0.015594252079072644
0.0047345484837312225,0.003882718159033948
-0.01879033706625725,-0.01988232284833897
0.0042886596478450755,0.0010748566547564165
5.1643192488262885e-05,0.012290051470839046
0.016512764590394878,0.007839640987427652
0.010981672073410059,-7.063225521234426e-05
0.009331821706034948,0.002614065364065364
0.007419311477241692,0.01644089488139924
0.0038336750968329908,0.0019326316385139914
0.023592205957947986,-0.003102637805744808
0.0028223047854884055,-0.0010855614973262029
0.016993327843770143,-0.005872705644504538
0.006329767744167363,0.012593876124934228
0.010433862093453776,0.020490400529815482
0.0013356465197718252,0.001227742391623161
-0.00045454545454545455,0.014337095880621596
0.007098793939338193,0.0033671503106577454
0.002115907243400505,0.0011721572201448364
0.017440718227872503,0.024775158466050697
0.004822685473332249,0.007689399909352033
-0.010030132740055861,-0.00034043755165805156
0.0014959784068390625,0.012447138439849438
0.01969063456663855,0.0012995896032831737
-0.008296160503536173,-0.004999229359453804
0.004731640561166824,0.0006393620130289678
-0.0009131487211433576,-0.007340642747455394
-0.01050703676628607,-0.005941047861103154
-0.00397215248568559,-0.00901858671622044
0.024622675086077545,0.020029874627697303
0.05011057745910351,0.015946458793464575
0.00983605589388857,0.0
0.008217486443519748,-0.0035838736929879413
0.00858035621449019,0.027376355333132936
0.002973913043478261,0.002429897180464624
0.01455041655552158,0.0001703969532194892
-0.0018486565414841515,-0.0002854613852885865
0.010063071163971201,-0.012926607792365118
0.004103393749609414,0.001565349544072948
-0.026325002114719158,-0.03031012913388239
0.0067537884665965255,0.02106502712118494
-0.005632833529030894,0.021638129543854762
0.0315572340090923,0.006201718039330362
0.0004164144927853806,0.0009598059881930306
0.014755754314899963,-0.004864842821213698
0.029258065434211333,-0.011787130596522866
0.0682594009023248,0.011646585987171453
0.022567256756222308,0.007040380196438947
0.007038303132194675,0.011817194852161511
0.018183500710797648,-0.0022535201507231225
-0.0028942253573577626,-0.007369365560638342
0.003535541322932639,0.010495007644888641
0.0026508428891223908,0.0012017543859649123
0.042715171850995486,0.011404220832753591
0.0022322785914911853,0.006715677598714534
0.02681161922601338,0.03314044260958024
0.009222334910975885,0.010498802819718916
-0.013798272889977302,-0.015500284940993807
0.0324939416124098,0.006442190105261576
0.01113381920802133,0.03344973094049893
0.0030061834781986404,0.008322947863303539
0.003174009220913246,0.0005933014354066986
0.009456077065065783,-0.00497150459421788
0.02046136118198073,0.008193155260958766
0.00642884407955253,1.8469570186912566e-05
0.04495713854404373,0.0034127913168631504
-0.0026541110960511052,-0.010498015459730205
0.01942435883543712,-0.005041539304697199
-0.0003787231032713074,0.006758349644179402
0.0050809783686435505,0.026431767995051553
0.01761485265187486,-0.012116477729394906
-0.019638260643451335,-0.02435860721483417
0.007477498691784406,-0.0009331797235023042
0.004139263036269451,0.010710529705628347
0.04916295296884276,0.016551429992440057
0.00288961038961039,0.0007965860597439544
0.006481702559511239,0.0034143214149705103
-0.005737393243891822,-0.0038276610059636744
0.00038942329318422154,-0.007470402033369128
0.008782988223503211,0.0060378027236275035
0.0028774307035176593,0.002133290785455811
0.002138128828767279,0.00023301147748610316
0.01698626584953164,0.0007676244752066602
0.007150656626124267,-0.0015694400629893326
0.030483715324968543,0.05136891960896576
0.010089225224153484,0.002416915329656103
-0.003930524101288799,-0.007145550496462254
-0.0024271929903775425,0.0028931088361315643
0.003752846000632243,0.0005518318313847415
0.00842168802139806,0.004455776774453519
0.01760764029797625,0.0018710536905747368
0.009091996005469212,-0.0035434510402002663
0.014159113473969295,0.014971918247893491
0.0038546337178412653,-1.3786918276081916e-05
0.015541250193741907,0.029516948506891644
-0.0019407407407407407,0.0023398741470170036
0.014576150455474416,-0.004136307953505178
0.011790083535909523,0.017549322793956174
0.006823858998848081,0.002583333333333333
-0.0029728816240080324,0.0042542867857493834
0.0006461081239823203,-0.014565133515769848
-0.0021574771413249826,0.00012481045981321132
0.004440188072526013,0.013956936591727634
0.005218187314094347,0.006662406017745284
0.004866304779701476,0.04728813707259088
0.021043550874108162,0.007699799824685851
-0.008454611835380314,-0.01664424598861733
-0.0019848308420822966,0.001114735197753021
0.016083535429429783,0.0040199663771611546
0.0160343968777045,0.00977456978074051
0.0005763845288271371,0.0007455564855167246
0.010137032099253849,0.0023124685077125628
-0.001060409407665505,0.0008653623910202862
0.013441632362970298,-0.00023935440589486958
0.04634970784583703,-0.010283926297177184
-0.012015409601992415,-0.013350992309668146
-0.004234338293053554,-0.012276734214370734
0.006933317554363976,-0.004599016490695645
-0.004796841410841883,-0.01686443163731083
0.008778808869924284,0.012403183735057277
0.019166247564147053,0.025345980104737337
0.004789199501063907,0.010392277412098107
0.021115037197291492,-0.0027291051933793133
0.021916202209524834,0.002915398330017109
-0.009443025750823333,-0.0005988204329674899
0.0156431124814988,0.0007039644669628417
0.020168611947847095,0.0012288899736860033
0.0025825808924556165,0.014361576218606915
-0.014678798661736318,-0.006234400884842204
-0.005757735869097726,-0.008483010594372451
0.01204074129247716,0.0015263157894736842
0.02046197562938648,-0.0007724285160849902
0.016818161160276953,0.04411312156495522
-0.0102041534360902,-0.013043510614956245
-0.003187770684470348,0.0034090574961977826
-0.0006125377546295167,-0.01035740875496181
0.020518760180418916,0.009358880790012793
0.012640360238122187,0.0013559505102774235
0.009781825320242611,-0.00019964113638393666
0.0013904971783637106,0.0028512347867186575
0.0211989570743452,0.001566084371119221
0.014659204665950783,0.0018435932292768901
0.00010204081632653075,0.008177946857838013
-0.0015174435921932027,0.01135869593590032
-0.008921193198460088,0.007340084401640388
0.010288180466031666,-0.010091319640787536
0.008577097330925695,-0.020078193414703335
0.004579392819470089,-0.005317653352166746
-0.012074504748893124,-0.015756325736053376
0.0029544659443712287,0.03411078658859939
0.002317686589960289,0.008729663582604758
0.0150992439155746,0.00877573956640585
0.01702464340517991,0.004796210654334224
0.01998830418049693,0.002793438559971547
-0.011800832642850412,-0.004580253085571079
-0.007602382318965227,0.02822505682104421
-0.001600764525228034,0.009513147526187921
0.03263562687371428,0.0003333333333333333
0.009338822633220613,0.008586740095967752
0.02257556504918546,-0.0028451965459904234
0.010842343066799646,0.00943411936567566
0.004321893960695184,0.010512504805554141
-0.009069748677048007,-0.004466673677350531
0.008379503029423899,0.0023987760620508077
0.011719460658398555,0.03122882551704794
0.025633357153868736,0.02869814944613184
0.008492564223946824,0.0010184053781807036
0.02833363832182634,0.0015160078258945856
0.005846851575783635,0.009297899989671825
0.005813916512362569,0.009114632498748035
0.0014128649128397168,-0.026030221912519157
0.00804366674497464,4.522840343735863e-06
0.0294180219000153,0.012354373140537627
-0.019184708034715843,-0.007293840310298467
0.014189848412185584,0.010051089709532429
0.0007208241728504476,-0.004028285716030874
-0.004865590155856046,-0.010887577803845845
-0.012535106261983786,-0.003069154917758249
-2.175672098355709e-05,0.00014871282051407558
-0.005395613878512274,-0.004735517662046298
-0.029421156622287857,-0.03944322804297763
0.007526785418091903,0.01106393433258464
0.018332845403474,0.007254259392673227
0.01035357069997038,0.01722738929372385
0.002724234262014652,0.0037336411647360818
0.008791226059435098,0.015552779353430603
0.009183180834404956,0.0005327659750481511
0.00464869089254386,0.009965614160716701
0.00118867419265081,-0.004624658287343122
0.0013356465197718252,0.001227742391623161
0.01608341287705607,0.007814643130229906
-0.0005695778953654753,0.008760892541585897
0.015253100873060985,0.004578646254553782
-0.007224985167547849,-0.005946269468932275
-0.018167801155124917,-0.01403925077411552
-0.006114312463244301,6.500960890037932e-05
0.004697685036867618,-0.0018349268674834169
0.007320744648561959,0.01187294339345726
0.0053374778938688715,0.04241749176043119
-0.008261413613103473,0.022493858884828397
0.024490790851273363,0.0002463323444772316
-0.013150153732770668,-0.017636271009828713
0.0040318578994866265,0.03254637047979624
0.03690513825884319,0.0017902519349686423
0.0069251708038652,0.013476928983905357
0.0002728662236046618,-0.0056525245974726685
-0.035805343402280455,-0.04112280371974077
0.011779730694970708,0.003860641867454576
0.04743276889438351,-0.0034166925508209243
0.017278170971861503,0.0013837161302599089
-0.0008371399023496045,0.0019774854111729015
-0.004452995341998153,0.004512993088852367
-0.0001226415094339623,0.01226346000974337
-0.02779557592643348,-0.006486615024878146
0.010637309997237986,0.016998570504202542
-0.0025682530944077468,0.0032750529152667154
0.02810860919790988,-0.0028854398948108583
0.007117178827145232,0.013264123040654363
0.013452017570845869,0.029743945675192247
0.0002941642856562378,0.00039518024356897247
0.0006942749141437044,0.00823407801601383
0.01113381920802133,0.03344973094049893
-7.204383981151974e-05,-0.026961036296189567
0.010395943027880218,-0.006602566859158426
-0.013683526922886635,-0.02198378377079805
0.0019484877134964967,-0.018393564500244593
0.005748605006627916,0.012096680354022053
0.012199940639659053,0.007065354602779106
0.0024957264957264956,0.0033533424994162987
-0.03400050114255926,-0.04069727180484716
0.025775625128341532,0.014356314936327684
0.010608100172156331,0.0018680351906158357
0.028160016391060604,0.014156395713273897
0.008651497081065048,0.007008396671895037
-0.0047844872561487155,-0.010496532651480227
-0.019638260643451335,-0.02435860721483417
0.00540063772027402,0.0
-0.0007157299881758086,0.02942720682835762
-0.017351358867913794,-0.017871738982939988
0.0006633771929824561,0.012001834421459422
-0.001882916666269445,-0.0029683221752597865
0.0041902162512468845,0.002592209648609114
0.010308346667904386,-0.0013173877376048224
0.00902543330031713,0.007470802006011225
0.018569957171750747,-0.00044444444444444447
0.019268458101440275,0.004943331916682871
0.014646993342392875,0.028669920972483828
-0.01465130750583762,-0.004792314705779711
0.02338206086993904,0.016293259291187145
0.026368865399941873,0.02170644131352985
0.0030434254619804684,0.007814866448386132
0.014823967373929563,0.011419540329930526
0.009524255135054251,0.014177349641237926
0.012218054975540628,0.0008691678691678691
-0.00988963023796093,-0.013877227567338783
-0.009896870340675943,-0.005113900762958675
0.006152467842790423,0.03499247187559576
0.014966957859882253,0.014052580162008657
-0.022431075846909558,-0.020260917079703296
0.0017857142857142854,0.0066461455739451085
-0.03126600524729542,-0.03170006890996595
0.006311280287735835,0.004901323933462845
0.010018663090775655,0.010172751548671612
0.014418830267612733,0.00764086474382079
0.004370099667774087,0.004368343498778282
-0.005347285687063979,-0.021833908432208272
-0.0010999729352939012,0.0016095081184711452
0.005293168587361803,0.007083218856635746
0.002164812915436085,0.026600262027194795
-0.0008695652173913043,0.01503993760768729
0.024891788092680726,0.03316011318656592
0.004484893283198589,0.010482039234309515
0.010444559421568599,0.04531613445379668
0.0011521174208908877,6.238859180035652e-05
0.010026446826446827,0.009818990131659011
0.004250372635125659,0.00871845296449112
0.0093411326154739,0.026050731253687905
-0.0005982388951047391,0.006154641966373905
0.002002876677842261,-0.0006548764864035799
0.0014603785661517986,0.0002975580533312863
0.0054458214718078445,-0.00048770412734658666
0.0058846066831214905,0.015317374225972053
0.0031801876379751576,0.020688195753134103
-0.004841427311395837,-0.0011326247333210216
0.023506928895586178,0.00012878787878787884
0.042683672898466474,-0.014093147565183317
0.02753370592976975,0.008052466755619742
0.0018213347482303004,0.006887605929206848
0.014486382846765528,0.0069044019597633635
0.028573564362900147,0.0006666666666666666
0.014340109944562704,0.007390236732569602
0.007206952524381805,0.0045894344508778835
0.004254484637684457,0.006512692995671487
0.012033232187533134,0.0028306920271845143
0.018422818830316635,0.005832743043417669
0.0050155771637623945,0.0034066607721780135
0.00908742778266224,0.005390568954854669
-0.010427348128762693,-0.017104937273832777
0.0023232085782528937,-0.0016825042413156788
-0.0023559283365599043,0.0012978727094454384
0.0015335300722417442,0.0008442365964537123
-0.003932132310773976,-0.00544576972441139
-0.0075119737536153575,-0.006698974309724048
0.002958487467238889,-0.0022512875891833534
0.01222087318444619,-0.00328875991646056
0.012522893424916828,-0.002186318488788025
0.015480911733331165,0.006039682539682539
0.00011828678976386975,0.0011253537024650856
-0.005414800204665756,-0.001955909045979671
-0.013404882967286317,-0.016472985069008725
0.0026638438520906393,0.001445031336632577
0.004480665594380847,-0.012859595813295365
0.02517739606870945,-0.002190066270410603
0.00742517108071954,-0.008819196135713539
-0.0018425708579955982,0.0018811407943481687
0.008168679006220092,-0.006760054383396779
0.008079454539833221,0.013561286900178297
-0.006425473042681357,0.008308396753043883
0.012106798290844229,0.0016763024239859594
0.027301025433880764,0.0073073256957747156
-0.007100686244024056,-0.006165164302516082
0.008079454539833221,0.013561286900178297
-0.001357185850836949,-0.0018855562911111344
0.041521490860925506,0.03626791859528389
-0.005226085144411849,0.0029431605035572022
0.020422183431970962,-0.00033898305084745765
0.013186355626572954,0.014869215021620762
0.0035360937860937866,-6.837606837606835e-05
-0.008584865833137363,-0.00779824451576301
0.018171454319252177,0.005743875470259317
0.011090972081492685,-0.0002928243462672151
-0.0018469619212155078,-0.001448917327005363
0.0036556049747376394,0.0016395702680532408
-0.002971771030434743,-0.007357455496539575
0.018809104707004195,0.025345980104737337
0.011673030119453325,-0.0009523809523809524
-0.003409068489971849,-0.02446926701328979
0.005553255199131273,0.002974092857728943
0.0033802549046298286,-8.029717627068556e-05
0.010044690949043849,-0.0024288562684065696
0.014358236182156432,0.03683419440065844
0.003136307000757129,-0.0010993788819875776
-0.01335532847421518,-0.011864664780788544
-0.004704502933891859,-0.0016902852178199233
0.03158006928100856,0.013639069850707838
0.01934410293656072,0.01880402067480083
0.024833678332862635,-0.00176883764865454
0.007732731472474452,0.0059161646470781365
0.021056634337301004,0.009532233014504857
-0.002633857760148404,-0.008895763241163056
0.015262220825455051,0.01063134349673265
-0.01441232096928484,-0.002816637036053945
0.002090354935239517,-0.0037882331910198807
0.011779730694970708,0.003860641867454576
-0.003748047697345472,-0.002153940799128494
0.025249066307970847,0.0019383524277141297
0.02457374909414293,0.00013970660510561142
-0.013596448171788051,-0.008095713644741761
0.020070001737577257,-0.003588543087784061
-0.001600764525228034,0.009513147526187921
-0.014229617063832665,-0.012921815509051967
0.004877797348988422,0.002101871508272661
-0.008879688804766203,-0.004643795404840148
0.005197839097722685,0.01716291911155954
0.002374094327244286,0.009677852239599159
0.03895574209852503,0.011751257484547785
0.007394538874990508,0.016275989578728313
-0.0063413120423874555,0.01708774874673545
0.057558139600239366,0.0656902218583198
0.0035031274524390922,0.000689655172413793
0.004710440156494137,-0.001003943139030395
0.009338822633220613,0.008586740095967752
-0.006946699261067098,-0.009617115840813727
-0.00961041038715805,0.0027700170404933583
0.006184970584970585,0.0010149143634309952
0.016416470641943452,0.009431714436139453
0.035164119431779634,0.011469866091242826
0.009088612832862358,0.00875541988941451
0.025707789627162185,-0.00163853524519095
0.0058188083986408555,0.0022544178875335275
0.0010292631839925442,0.00042391702762234126
0.00020455172980505046,-0.010075769008648748
0.016863281649442584,0.06304961146545308
0.013602703230870896,0.013681547241971688
-0.00020208102292465285,0.0024311198948166676
0.07796715635572334,-0.0007238844036434409
0.0035628380857912643,0.030758929753935245
-0.005666228668751404,0.0024771259010662426
-0.0018410064025610243,-0.0007709814805436925
-0.008370089659927991,-0.016294353149533376
0.03270491452977178,-0.002489382464523805
-0.002305600751722921,0.013264173922248719
-0.006695907513611371,-0.005720254676868121
-0.0018631077668488476,-0.006146356024108753
0.010219297148468894,0.002566729917773561
0.011779730694970708,0.003860641867454576
0.013910534447832846,-0.0033457974548734815
-0.0010604165332852003,0.000441982231235428
0.03489041828008118,-0.002148948153008109
0.0070036553156435765,0.010133676019509734
0.016247490266149616,0.018540029921845082
0.010750526515090796,0.019298305751197054
0.0005019777094056469,0.0008765428862752859
0.0019951378673727163,0.0009241385489745825
0.026631084432403467,0.010629871208339131
-0.0036081951474844776,-0.010624234947885938
-0.006108481344927374,-0.00017563025975753446
-0.025585781599051213,-0.01897274296605945
0.0007121887735028667,0.0025537377921095446
0.0009834190966266437,0.015206356728524589
0.016728451512563004,0.012712627030136772
0.006848877192304314,0.010139578480131518
0.007218483378749751,0.001976597090449083
0.020569532885794373,0.008701364146503014
0.021982266967335663,0.01875397375937285
0.0023280974068221956,0.0002941176470588235
0.0006522320285994776,0.011529244924486152
0.04130946510973733,0.023173381729078794
5.46497228705381e-05,-0.008216838524672887
-0.015822226610457464,-0.01926757042043391
0.0317796324526492,0.016778545597927748
0.002276689443597152,-0.006048741458897386
-3.2424443979571504e-05,0.02417002003587485
0.012640875311065622,0.015977521465383913
0.0029028361224630317,-0.003248775933137484
0.02086973477689867,0.0030642089093701995
-0.000599919751259028,-0.0018761256516330958
0.019307818801702424,0.01017036063526592
0.009128002719549019,-0.0013161601291040597
0.021678690082328207,0.026708084211151346
0.03632331281518079,0.0003128510932503669
-0.006151366032781642,-0.005707695660687654
-0.0050411107887417565,-0.0011962857701510107
0.0020917499091933616,-0.004441533474090022
0.009756636333165114,0.029570395282328618
0.003060881798877099,0.0348214626259147
0.015657576250896997,0.005088202240830427
-0.009715163042622894,2.697587673725077e-05
0.00936158815004915,-0.0015727348237592506
0.010668704841263841,-0.002804432749730517
0.010747230348162915,0.0011336898395721928
0.038578098217662934,0.0086624858392827
0.02283916434725229,0.001649021558899887
0.0038451799641923785,-0.000777229760826106
0.006563328429538894,-0.021868789859145584
0.015590773476265207,0.00030076628352490424
-0.0005245347358635785,0.005420305296024316
0.03227906127274829,0.007443185911396202
0.011230740019068921,-0.0003041314086610252
-0.0007675070028011205,0.008088182410609697
0.013039700415734793,0.001794902896106227
0.0009322810964602009,0.02024918816058295
-0.007317507069130984,0.002127766601531777
0.007747115640525252,0.001913232550552358
-0.0039055158959928208,0.0052966208000771765
-0.004650118587380505,-0.009453369324916092
-0.003647098944730042,-0.015619746207003331
-0.0001538721797831595,0.006816809207053108
0.0055340108272303665,0.00028839014129711845
0.0025926916718616733,0.0012144592513763652
0.005525188126990445,0.0063792133928774
0.005068730995463902,0.010244063866690604
0.016568284625088216,0.004020174289220274
-0.002291375619261726,0.0028572322424932125
0.0011752087198515769,0.0024184309382667794
0.010946397670071693,-0.000680253010351971
0.017412613071209088,0.002711463418812203
0.00031713168359131095,0.00378341496240021
0.0008759367126379451,0.007594508564701926
0.016669875694011155,0.010740860535886078
0.0039092655514711555,-0.02125277671467163
0.018190966656639627,0.05718956552251049
0.011075590282972468,0.01043970979356476
-0.0031665479949510716,-0.003025783111847479
-0.010339631643522935,-0.005396817137535884
0.013039700415734793,0.001794902896106227
-0.0015482142857142854,0.0008653623910202862
-0.01947003490458506,0.0033367601948868265
0.0159410827074686,0.005109446073806968
0.0032980244295196573,0.007264715666850545
0.006687973832161565,-0.0011662796697626421
0.011207919167755792,-0.001533989917919078
0.007846442011959252,0.007320555362944777
-0.002964355173155864,-0.002964355173155864
0.0011366300366300367,0.00033898305084745765
0.013338722831208079,0.00459703969654906
0.0009182632952281378,-0.007057295471517018
0.003245365879763871,0.002997310571231898
-0.0022385751052705323,0.0035314951846149877
0.00740271782125831,-0.0016595411543314322
0.003144305019305019,-0.00042975046657562255
0.020733982253651015,0.0052919893494210056
0.0157494900666882,-0.0025388103959532535
0.025197230182948997,-0.007642406243827673
0.001,0.0031067396194353553
0.028275559818950885,-9.250693802035118e-06
0.03207023968595032,0.009717517086647564
-0.0043389411147102385,0.015407843226987555
0.002051020408163265,0.001497491912325979
0.016624199590585483,0.007315128346716132
0.03075827612806755,0.005713913161281582
0.0026335263649145653,-0.0009407753254103003
0.012028388264768035,0.000306178239475123
0.03181741673378558,0.03639777924267908
0.000699241482019301,0.008638423670897228
0.02176928782878814,0.0013625541125541127
0.022546272503441836,0.02705979422829335
0.005880300647637908,0.006985482843492935
-0.002232025058574549,-0.00013694700354655726
0.012313614292268207,0.008168024035213392
-0.0008695652173913043,0.01503993760768729
0.004383682016260894,0.008581260971582173
0.009019395345151495,-0.0013369504507909826
0.033856151971161604,-0.004800111536557487
-0.004160490206514897,-0.004203715206263979
-0.0008214559481284443,-0.0059895572049309
0.006143608401308191,0.0046855695733884935
0.028198596269880673,0.0
0.011935952960876923,0.004230173947915883
-0.0003508771929824561,0.021173598179683877
0.011971760956543372,-0.005080998703755018
-0.014258422547363186,-0.014794287901379871
0.017486298461151066,-0.022908749217942448
-0.00030760993649024985,0.003992646920482234
-0.005773267331220065,-0.0019034139901961261
0.004284440274983517,-0.007493452996909223
-0.002155238491104752,0.0011244549485386244
0.020587174534542094,-0.0011994002998500749
0.008445592446014435,0.0008736686121764252
-0.008784794425406979,0.0010439574575081666
0.010415435022369678,0.012634251123713155
0.0019511893350523156,0.001242314258332565
0.012522893424916828,-0.002186318488788025
0.003887446473412246,0.006590459469797869
0.005687585326793998,0.009421802921498601
0.007962900407992655,-0.009020870179159273
0.01319898531169878,0.006553919991683339
0.022309614269268807,0.0040563725490196075
0.029942273852828476,0.0020312672478571096
0.030747931640277965,-0.0007388268267125753
0.0008715606116145354,0.005201164047565116
-0.0007463100880073467,-0.0038869910915915757
-0.005177204191083363,0.0006994622098023123
0.022609356505981042,0.006244109106089682
0.004924242424242424,0.0
-0.001624951589702865,-0.004007760589277272
-0.012469987462033243,-0.006454063734473814
0.0003549245785270628,-0.00044095523088658105
0.019720312928773957,-0.00307765851333358
0.004033756002919637,0.019672868070254163
0.0010709805929067394,0.00712049056165822
-0.0036960927395628985,-0.00026670997971420946
0.002233853777477803,0.0010142987790131208
0.023348222421013906,0.002177821264413421
-0.027147826957703708,-0.037051791789007596
0.009017790933855976,-0.0006130967135006835
0.007353911203139506,0.0015461633882686515
0.004266482305478133,-0.00021773636991028302
-0.003166375709236627,0.013255389623915592
0.0011547169811320754,0.0018566308243727597
0.0016430843811543706,0.009530348348843672
0.008091779558370746,0.0013973666070164763
-0.002964355173155864,-0.002964355173155864
-0.002461787167941153,-0.0008916894707529498
-0.017223469969473215,-0.02409707050488811
0.012641277923410172,0.001241344364104108
0.0013713235294117649,0.001639766081871345
-0.010216669993192623,-0.010741695238485807
0.011781457590271487,0.0048823469742505015
0.04142362981347883,-0.0006865833881238253
-0.01675996371250934,-0.019633930040975755
0.02847794042707411,0.0012803584922355046
-0.0017494831149156825,-0.0066837933954638756
0.0013567784851134359,0.01275693041596754
-0.014510234120431918,-0.018291329896903748
-0.002007483113754185,0.00593724067230216
0.00038931682653771274,0.0054485938233723545
0.011862425629910434,0.005654582594205235
0.023777177527209425,0.002139895021078169
-0.004022133422133422,0.0001136617768196721
0.0025508028424405874,0.0063982769413823935
-0.0033812641541887027,-0.0026955342199891227
0.009178419887171704,-0.004539413028464983
0.006221288566245622,-0.0025069384296441295
-0.006348912029809684,-0.015250601030812674
-0.025585781599051213,-0.01897274296605945
0.023924558867650002,0.004760987572620319
0.0069251708038652,0.013476928983905357
0.003766136714338223,0.0018306912045314549
-0.010495613327925053,-0.010667636995903146
-0.006630762955448448,-0.010387466555723398
0.0075245741777595545,0.025367451536565912
-0.012398682973568574,-0.015555695644891114
0.011456462357968638,0.006350418132673085
0.02537292742827111,0.0003241281534340345
0.0014561440859974077,0.0054456629224031595
0.023689903092681788,0.006194747267731453
-0.00012613218761911398,-0.004678575561702219
0.01068817671591707,-0.0041222749064571875
0.002818362923626082,0.00493484317597918
0.004960964341840613,-0.0017757905917017854
-0.006114312463244301,6.500960890037932e-05
0.010017665283007408,-0.002286020738675374
0.02791847546540314,0.0052137173276002305
-0.01976295688516332,-0.018663257742394364
0.0017547639558509126,0.03468479475415933
0.021115037197291492,-0.0027291051933793133
-0.008125203146589408,-0.00924865260076588
0.008814024764305834,-0.000893939393939394
0.03465024948518404,0.00240808373244728
-0.002448416052625655,0.015199814471257931
0.037827817595152864,0.0014947600661886376
0.01110701860617809,0.010360554721595566
-0.004208248793466835,-0.01072770353728936
0.015916473294810718,0.011143702752454328
-0.014229617063832665,-0.012921815509051967
-0.012955699901946453,-0.009481825752423206
-0.005393293189077217,0.003994422630432676
0.016769036177502358,-0.0034890554722638682
0.012865158565393803,-0.0019526605760465153
-0.005905538456884456,-0.013602355295833524
-0.019386255127093726,-0.006917902924261206
-0.004885969250765218,-0.012223960288225965
0.006684505983891935,0.002296245301162689
-0.0024875363819075076,-0.009704136641506586
0.0022608686642958367,0.0051325953335278635
0.001216505934038969,0.007470931100187256
0.012888935821836662,-0.002248459919556265
0.02076348999730266,0.001126630517894485
-0.012915492892402274,-0.017773784467797822
0.023604924209384395,-0.0012721000897410436
0.004975152252636094,0.007234106683745496
1.2370106845082524e-05,-0.01262942446002189
0.004892926491302687,0.0030845771697676685
0.016512764590394878,0.007839640987427652
0.004665772702019742,0.003856672507444716
0.009699386266158204,-0.002272538557436902
0.0015415202746904095,-0.0007418957608807228
0.019656774547202306,0.011736597634133702
0.029842522092608716,0.005927467842575965
0.0018809448098222256,-0.0059551527673901905
0.02745563364107668,0.014306955159928584
0.023584818137617033,0.0027805154306822827
-0.0015058638840151446,0.0036681427584257013
0.015401953798615954,-0.004793069631122955
-0.03286552452126893,-0.03398373102496755
0.014937617061792361,0.005312365232462075
-0.0062005412441721725,0.004525799163928406
-0.009072253807002594,-0.008692879903471715
-0.003745041105873243,-0.0021098642587165915
0.009906293994847071,-0.003858626316633489
0.016787152427222535,0.004645566840657382
-0.008882016702667958,-0.006081509877749158
0.013397282955807966,0.0042350385576192025
0.025939837088425448,0.017510661670199247
0.0012899462110425564,0.012072777982509546
-0.0038392708818335633,-0.007297333298719509
-0.009879143869105508,-0.014327554223870245
-0.002820718462823726,-0.0007167578908753489
-0.00014297893973797427,-0.0012280170914895768
-0.0008695652173913043,0.01503993760768729
-0.0031422742961292626,-2.96979218484825e-05
0.025234707550478148,0.002883698991782861
0.0032725910819314764,0.034399634466646914
0.03740405307461547,0.001836825720973875
-0.012146009076456986,-0.018142067582182998
0.026337086540177083,0.002808827598532175
0.00481766433068749,0.010273995258341106
0.002028209545085479,0.0016022660818713452
-0.0134980668095073,-0.015029646013335103
0.02271953541546653,-0.002225222301551243
-0.0025476801217815034,-0.011829831768455262
0.007027377329088998,0.00038268398268398267
0.006888198419813663,-0.0013043478260869564
0.0061076847277279425,0.007531683956289219
0.01250406613726174,0.015218348024375885
0.0010238095238095238,0.003378439019285875
-0.0010366568602894108,0.0076565520488863035
0.0,0.011487471148055251
0.005436119299022525,0.016643299210812576
0.0393253511024113,0.002846017934952225
0.0038721540584055005,0.024892472206037228
-0.0019332530845923611,-0.0018761256516330958
0.007677045228755445,0.00911137243437193
0.001345269961122001,-0.007695638126296745
0.0028572133360695454,0.015143905062950365
0.02077700543823368,0.02125132566728219
-0.006647084000083913,-0.013553921623250718
-0.003648433199973629,0.0013822719287521698
0.0035514585385137223,0.023696910643220177
0.010885737145256176,0.01077065764650155
0.03115797556878313,0.004562391218250334
-0.00033608837860043227,0.00655849398542083
-0.0016216216216216218,0.0011272742193794828
0.0007159791370317688,0.011189767718750921
0.0061076847277279425,0.011061095720995102
-0.0014364604706770022,0.0002580774883743928
0.018642750943202634,0.01942693466028428
0.007677045228755445,0.00911137243437193
0.0013356465197718252,0.001227742391623161
0.0164290371757188,0.01123646792293043
0.0012268970015964237,-0.002607435397325931
0.012791006762927321,0.011696126050803779
0.0011558642072278546,0.01919756811655624
0.03056472154800486,0.0014947600661886376
0.015920656027542092,0.004265935060288271
0.00022010951889997335,0.005901804050259428
0.001610903685483517,0.0010006505291297253
-0.0017158452593580443,-0.0035711242870564903
0.0020626472081584028,0.011368171891884226
-0.0031256852715275917,-0.01985039065790112
0.0043674739406788675,0.0012170899593258152
-0.003340003614865884,-0.006304082678834998
0.004276574353689796,-0.0013777740691787868
0.014819404851557501,0.018974224888367322
-0.018473214638437836,-0.021739657274253074
-0.011057248517944585,-0.010618146351528194
-0.015349429801975423,-0.017694154130611605
0.02262121982311441,0.011446721698606268
0.005126800894890916,0.00863188083361079
0.009138901504503442,0.0008623674824868623
0.0006206574752310829,-0.0015576073865917303
-0.012601821713142669,-0.015013222531850407
-0.0011045551362914643,0.0020672654879997383
0.0006136504397373963,0.010284697821045886
-0.005781152738225714,-0.012734732907700436
0.029129731979195328,0.0015753938484621155
0.01506379497583158,0.02454467657220524
0.0013169813031759115,-0.00188825817200279
-0.02131149889932068,-0.024868205773281468
-0.009427115313429525,-0.009697814632757215
0.01481171711750775,0.034744835301245273
0.030574068329160882,0.027113133326789916
0.014531269951582462,0.008099246075681688
-0.01114209101194262,0.00012629495235191857
0.0031419895173305326,0.0025633244047461316
0.012194385366341827,0.003849341253518213
0.006090886494327426,0.001055527199521504
0.06350335853206734,0.004876755852194274
0.006201493006753595,-0.0002227099833090624
0.022154885975008053,-0.004464026457651978
-0.011084501165260666,-0.010135590073525982
0.002744419935209409,-0.0003892543859649122
0.004708368356659201,0.005855184429097473
0.012282957041913893,0.005251269052867083
0.010219297148468894,0.002566729917773561
-0.004109833246402735,0.00260229960256676
0.0011195230432058515,0.0026116385489745823
0.00446645127648567,0.006168458826768786
-0.0027249944611177444,-0.004681115267571709
-0.011708769772335785,-0.010457269172095688
-0.005039191286596371,0.0015887827194116556
0.021747139237440902,-0.0036970760246017344
0.008333613550048849,0.046230289342686075
0.016233535491805024,0.0025522721417447613
-0.0019143910420615319,-0.00041975894492475834
-0.00133122987474266,-0.003971124287056491
-0.002171773665409417,-0.007932274363618036
0.0072162820491288426,0.00912186262772688
-0.001586203377205074,0.01425110800565896
0.0015415202746904095,-0.0007418957608807228
-0.020697147483072373,-0.015589059050525586
0.0012356169042683023,0.006154641966373905
0.013906677209308788,0.013317310122345247
0.0005724081085867888,-0.0032626053477172855
0.0068531379314663125,0.002557276130295655
0.008055358276245973,-0.0006403456403456407
0.002353870944114846,0.008729756705073945
-0.004726582312981939,-0.00760785855167085
-0.004773083886154116,-0.005201635844778001
-0.004073776989168172,-0.0009028774641807978
0.013469079194089108,0.008606503951448151
0.008866579255287266,-0.004472827002330882
0.010242810673939683,0.0067416790729624716
0.013923173221140667,0.03142337246778575
0.011362307590165613,0.0077112746451472435
0.0019017149255135214,0.011112064701028615
-0.005704798766710614,-0.004639788285256814
-0.0018657234958073688,-0.01254728349568698
-0.003699037271218975,-0.00995559701211343
-0.009935192554069414,0.008256131967691115
0.00946599820327872,0.002407867772753319
0.009461301257578535,0.001647177547811223
0.025241089948941718,1.9724595497003315e-05
-0.0001699974366373971,-0.0013705259894308086
-0.0038691000513623747,-0.010939090835962485
0.017106941286778286,0.004935296890497234
-0.01268085196109102,-0.01400021431700481
-0.006740351567063436,-0.0004622144068132175
0.00408243257130866,0.015747695777471843
0.00399977811481856,0.004516362284309706
0.00189705522971652,0.0024692353643966545
0.005573605105181483,0.004565004887585532
0.003902966172897953,-0.001455026455026455
0.007630466458406277,0.0009090909090909091
-0.0003686346333405155,0.01281622420285886
0.014148206320490454,0.00481089178211681
0.010072732863695439,0.0009099154898113164
0.006313004137369749,0.005289143519985928
0.019127969123671294,0.022061740061760017
-0.03317866565116384,-0.039068918678219655
0.009050962186519223,0.00355846202379197
0.00371587066186902,-0.0006842653422037927
0.031591507159868734,0.008908856771928243
0.005574238724518245,0.007456672521252574
0.025388139034985376,0.004323537881006983
-0.004114012291150695,0.005636289865190021
-0.012680609840652793,0.009509174638445795
0.016473968272464314,-0.0012283362998126443
0.007290340455536113,0.01810211751753049
-0.01531409760208504,-0.0029292234492947697
0.013233137041908496,0.03322906907409957
0.009779969353650159,0.006038911974469745
-0.006622704735530196,-0.006391007604959473
0.007630466458406277,0.0009090909090909091
0.0017516202107751401,0.007479305515283759
-0.000689558479840442,-0.00020202426618610688
-0.00029225191951003354,0.010125072378185825
0.005065179363154251,0.0033330819414109495
0.004484893283198589,0.012467905452933786
0.025705990609367235,0.005070829248324722
0.04471914309303671,0.012879846656205503
-0.00018853388987715878,0.003865810242624802
-0.0006611254651273935,0.014050746655777383
0.0421608930855719,0.005452429749128923
0.000586472602739726,0.0012957157784743991
-0.004460374922434502,-0.010886894592946724
-0.01310096920408142,-0.020572041684231355
-0.017793121548005473,-0.01801180521512677
0.014082949466665336,0.003440900901934536
0.008501087957374882,-0.0013876298731638338
0.010294766889615527,0.011983377719986357
0.010925251894171355,-0.003172491552616591
0.0047865267500520345,0.01646526557763902
-0.026123632777894187,-0.017169118258373132
-0.005129389496003778,0.004407106764343149
-0.006336426587366559,-0.012426074407053095
0.007670143177385136,0.0028034337909581767
0.0038180076704431697,-0.0035783752024515746
-0.005153408508127608,-0.01372715974401156
0.013039700415734793,0.001794902896106227
0.010232585946022325,0.01815265918487692
0.022375371999730522,0.015964652537727272
-0.0002590923183320576,0.0006153715285756728
-0.014017666378780914,-0.013380457210916383
0.03207065495023752,-0.000986478976565724
0.005293168587361803,0.007083218856635746
-0.006789798008496701,-0.0064644727489609165
0.00042011464133668176,-0.004473911807914296
-0.0006277039423750724,0.00714322339765776
-0.004096477212341,0.008523232402595218
0.018582622578826556,0.003374110618642649
0.0026949479206661146,0.0003508771929824561
0.005841417341608299,-0.004025212488265812
0.002886238788193588,-0.007390437286655694
-0.009007841382493557,0.007836588935592149
0.0032404374108206246,0.020128511287765848
-0.005733677020468584,0.022836599161070576
-0.0011564295819275552,0.0075695352835275734
0.009663431944193949,0.0015424201994341455
0.016674407590055708,-0.009856446403676682
0.002105403794390573,0.042640644193576153
-0.0011825951825951823,0.0006370416322029229
0.02753370592976975,0.008052466755619742
0.012995361694601915,0.006821307785173899
0.014906060384429402,0.006658891248513889
0.006869464863512121,0.021019149946779937
0.02195252211210883,0.020571905666649327
0.0367141982095877,-0.00011973902915691278
0.040030267033380675,0.017801700457280127
-0.01036166788588972,-0.0116128224549232
0.019796922064722805,0.001070908006035065
0.021405788508720547,0.0022102444426046284
0.0020424562620994322,-0.004021139157709985
0.01043168868288372,0.0026292655235169472
0.01290581441017377,0.0081853629692139
0.010063071858137,0.02009809584064772
0.0005680902231341815,0.019881397450436995
0.0022815581894583097,-0.0023912115201151765
-0.0010366568602894108,0.0076565520488863035
0.015013091720914171,0.012861741160433017
0.0322720452056499,0.012281159474140883
0.013737188411330288,0.007122788246649689
0.013245760734956643,0.006665064245221768
0.019828728124674525,0.013561885957587103
0.02395293950342704,0.0018461538461538463
0.005357482933126262,0.01067584418849425
-0.017621439215919757,-0.004885224414846748
0.0071861434266391805,-0.005751823104968452
0.05429295490935796,0.050545539005738147
0.0017924356345408977,0.020772843831163016
0.014511037682984364,0.004192538719313021
0.006782632009661435,-0.017302469800310076
0.05691307490320888,0.007587402184515335
0.00017236735793159169,0.0032831466568265188
0.001975609756097561,0.006269112177548214
0.006789165983520196,0.0017796738594614244
0.006510450172477911,-0.00011907402074262706
0.01570103167900879,-0.0022225078842725903
0.026243276697081045,0.008188589558112948
-0.014982648188144142,-0.007956884794876013
0.002106595037817205,0.005685185185185185
-0.00934137996295746,0.0019161979687361066
0.007735730558770879,0.001081081081081081
0.009164863304238024,0.008248047274363063
-0.009733995360722236,-0.003238479503466573
-0.0005702034072153153,-0.0006567790333009316
0.004486321535501864,0.0036192125217096617
0.005592931380088734,0.0022829178562626673
-0.004724704384133217,-0.002737158938456989
-0.0017028412902885277,-0.0038046253688073413
0.033988165581202545,0.015695673124579326
0.0016509364940005854,0.00014874915483434751
0.03227906127274829,0.007443185911396202
-2.2459587952834703e-05,-0.024531586969870022
0.022388141601196704,-0.001638867419258793
0.0034414823837132496,0.007870838832476449
0.005024884994572686,0.0036016026038295395
0.01488167159673559,0.005589324054491469
-0.0019732719703150986,0.004428690304409325
0.009154518245920184,-0.008509245925631518
-0.02773849783987607,-0.02351597709572874
0.03753444224034308,0.0033129290626199696
-0.02779557592643348,-0.006486615024878146
-0.007100686244024056,-0.006165164302516082
-0.002964355173155864,-0.002964355173155864
0.0396586372411612,0.03347608243823925
0.01813493026800288,0.001249993130006192
0.006761991164015753,0.006691722856962785
-0.0015528697393241888,0.004495299734370023
0.010048640653373072,0.007181049650185627
0.010219297148468894,0.002566729917773561
0.007321336430437261,0.0037107948442534912
0.0026075946131876642,0.0015430594759030223
0.0018867538381982319,-0.0024503444531674334
0.013910866145707732,-0.002179129851174186
0.0019026540852956353,0.004251606569043729
0.004175147867269478,-0.0003076923076923077
0.024453843496468786,-0.0007277982478808599
-0.0069862234486311936,-0.006440954139816456
-0.005968988211551141,-0.005391782469231817
0.038853745510411354,0.0008535589854095759
0.0006961029951823416,-0.0008583287783792649
0.01320118539909546,0.009687322529395217
0.00425499796001632,0.0017102615694164988
-0.024710351992184753,-0.014566605267311301
0.01656554051281281,0.003575886287853833
0.0043406738136319185,0.002979174648645387
0.00245377917102055,-0.0011296906988194776
0.011049210063013414,-0.004308397459429777
0.051220308295746836,0.003941301170564791
0.015345841331396914,0.01914012234795362
-0.011691127163081273,-0.025191200091969696
0.0024242424242424242,0.0003333333333333333
0.006143608401308191,0.0046855695733884935
0.009868417425341742,0.004026747240545719
0.009424778485237807,-0.0004247530019759844
-0.016051455224545635,-0.005906324987882225
0.00410160041335763,0.0006767322718561116
-0.02901824389345947,-0.02639902696183556
0.0012343470483005368,0.011022592635382475
0.004513747178947948,0.0007803373945054698
0.02833827179836782,-0.0017598218703915856
-0.0016391624343979508,-0.004804177171445851
0.009960417199051825,-0.00906546139679073
0.002964380930211526,0.04729042671366777
0.02698153466171818,-0.001636609184368073
-0.009173121159237253,-0.009982749063786068
0.0046011740783774135,-0.003585183062718057
0.006433080999929636,0.027221439359017236
0.01956863289995867,-0.0036036356869690207
0.018264062842927184,0.008678952890773122
0.02912807997856843,0.0010916179337231969
0.012196702164680514,0.009961150644452887
0.013212300305024117,0.0010532244438186426
-0.012013101729893963,-0.018147426277748256
0.0011521174208908877,6.238859180035652e-05
0.010219765268813887,0.00607306998843738
-0.019306484298398235,-0.022783890889012372
0.015831684286133785,0.0013658407049393388
0.018896776962013716,0.002170672803645902
0.001081081081081081,0.020342064103217962
-0.009995578886566252,-0.014723254180474868
-0.02097697967057681,0.007425239099400325
0.01618988063092851,0.009232630757220922
0.03343116404972423,0.03032592056805473
0.018880683195004137,0.001137329931972789
0.012646146191778491,0.007495916176897318
-0.021181367614855996,-0.010018965723806488
0.006207523097641944,0.03886647653739596
-0.02779557592643348,-0.006486615024878146
0.009873815469427128,0.04921494047606898
0.009338822633220613,0.008586740095967752
-6.708595387840675e-05,0.016191368006512868
0.01795779215293688,0.0035017592999727117
0.0062001680549007235,0.006579947051475231
0.04637515115851997,-0.002765447493346781
0.007156886517620889,-0.00021329497697784167
0.009548272980049927,0.00661793107851431
0.013493152284315746,-0.0010933117006608662
0.0036166825577461322,-0.0009498553519768563
0.02947370756636243,-0.00010239671642300018
0.0041795229092845745,0.001805322038620735
-0.015514183236749485,-0.015439353484500378
0.0027876740175769915,0.006093715329134886
0.005489424054901862,-0.009864726016172885
0.020282460201814574,0.030908130112239748
-0.01963541373215531,-0.02909926934773791
-0.019160700888059403,-0.004538847595698028
0.03138837598237795,0.014181950149907948
-0.019171437801106583,-0.013435771505858174
0.00327438486734012,-0.004583882632525147
0.0018435374149659866,0.007509156537317064
-0.006613890319772673,-0.0027252845112669894
0.005691762214403434,5.106277886632836e-05
0.014749540741502372,0.0069044019597633635
-0.009350044860134098,-0.013478426823644429
0.009211648344156798,0.003213901451179176
-0.0023332817361061547,-0.005528840642664868
-0.003109000551092313,-0.016048883946437
0.0007272727272727272,0.000689655172413793
0.009637201504737992,-0.00030303030303030303
0.007680054596905844,-0.002519005169190132
0.0009992572414719769,-0.0031029322326751943
-0.01229162285692988,-0.016171419354993357
0.009778049080100264,0.006789256757579886
0.004441046976452169,0.0014651162790697673
0.005483215168033132,-0.00784894088149743
0.05676557120733117,-0.0058443004595264995
0.008079454539833221,0.013561286900178297
-0.0026432636100634705,0.010973810870377583
0.02772152146763941,-0.0015580324759676867
-0.0010358964282915326,-0.0015289839691905093
0.015044737568925238,0.0037566108173767974
0.00310222263676436,0.0009
0.0020833333333333333,0.0022681992337164752
0.0009456177867057198,-0.0016260881963118135
-0.01291277728408376,-0.013160033903433404
0.014274690113141256,-0.002818774792459003
-0.008498818764025782,-0.006732676342773995
0.027197040678887233,0.0034482941942107098
0.004303052834719867,0.011502178264213713
0.003792754452350413,0.021329407186241663
-0.0008695652173913043,0.01503993760768729
-0.005704798766710614,-0.004639788285256814
0.00982116614774851,-0.0003046764923295975
0.010518905079104947,0.010369537987283194
0.00015997414101088245,0.0031603743952749682
0.013018149467084614,0.010991643861754309
0.0028180669357139943,0.003966864473456107
0.04312364459075014,0.03844778639933028
0.027219073802436333,0.012151257387168428
-0.008242363620169831,-0.011864350914610761
0.0014267828920377112,-0.002794014664580741
0.003915139778131585,-0.0070514191577136206
0.01784286973484039,0.011913446018269377
-0.006429672318611468,-0.004609707736437757
0.0018932543587905954,0.03516566869025318
0.030212401204378597,0.0061948436945114685
-0.0017801296720061023,0.008589954812260589
-0.000985150085694024,0.001630123158002835
0.016519360361907473,0.007599123670324106
0.010660794255044131,0.013529048852740708
-0.008321653277625414,-0.0062077965034661895
0.01654249898998569,0.012626779435430719
0.0189855410992491,0.0002435763161569614
0.010602668774225192,0.002684917421759527
-0.005755343842739749,-0.0050289011499706085
-0.003852796280960781,-0.019086956825004966
0.004625212325256927,0.024880222404470752
0.01253560862402512,0.003557855065367647
0.006537159468133387,-0.010705928970424959
-0.02080429345073673,-0.005687457970472789
0.010799043527142217,0.0032696510469893475
0.01913470257138498,0.007539027524090292
0.009270244248996442,0.03807230810931939
-0.03750273679244562,-0.033710145221271415
0.02691237163963154,0.01405756720580701
-0.007394866162979116,-0.0021133953123345806
-8.218008790091165e-05,0.005813852805366247
0.007932234581839816,0.0019669933188504593
0.007456076280609032,-0.0015397555573953721
0.05304024792089162,0.009260453400724043
0.01748837771540155,0.005992899775030538
0.004924242424242424,0.0
0.014618045173060156,0.014181882084486626
0.005453438154354461,-0.003909397915682284
0.002883859907025163,0.01734578332393095
0.012522893424916828,-0.002186318488788025
0.01175023725466182,0.005237339690964729
0.03141481092790189,0.0066412342275513625
0.03730071905199698,0.009310610762369467
0.010602668774225192,0.002684917421759527
0.025718723018065097,0.00035215164869709017
0.01622166835025932,0.004547108575501228
0.003261084475587518,0.022719854330951667
0.029209415495207103,0.0019860353220216564
0.013490550651164264,0.004257252515231454
0.0048146784442896105,0.0
0.007275870058691599,0.007250466653286009
0.05759022877166719,0.03041640657074931
0.002364656965389224,0.009474820184647213
0.016140003564474197,0.00015107597716293377
0.0053934027866153495,-0.0029060450146250767
0.013081176074858867,0.010670629113476453
0.0033269865169150174,0.007215400468773285
0.042448560642484846,0.007483206055164964
0.0098046084598849,-0.0008501552918478983
0.001473411299498256,0.001776147928312954
0.015009588592603016,0.0005328388448333867
0.004888091229121091,-0.004501430841700119
0.0049367928256345995,0.021797216921305606
0.0030039336421879546,0.001702127659574468
0.003416114833793194,0.01441281163008276
0.013125290968966214,-0.00010873584538646265
0.021845438143903523,0.013812277810596772
-0.02706152330334012,-0.034957134419231706
0.007676524573427393,0.0014480928215572317
0.0016423073367686878,0.0028092737566605165
0.0013356465197718252,0.001227742391623161
0.005864685808391975,-0.0025633683577261546
0.02920327100670756,0.012768808614736839
0.001227312355115185,-0.01718695080504614
0.0007670454545454546,0.0024184309382667794
-0.003204207152195079,0.0061002569682166025
0.017498158270785262,0.023390057563978328
0.005339531541610014,-0.0017106485692577767
-0.017866223674525325,-0.03822964089761675
-0.0027693673285778546,-0.00040493116274849944
-0.004852408524154596,-0.006671478204721423
0.04281428786841926,-0.0001820430626885707
0.0060606243804814,0.006971906730754514
-0.0016406529436168247,0.00899876018200358
0.019649772232046534,-0.0027401742388318065
0.015629626308937057,0.007754020080161884
-0.0040915383120902465,-0.002454971367531605
0.009331821706034948,0.002614065364065364
-0.006956846094352981,-0.011684521388261596
0.04151426198276991,0.007818873873251437
0.013826978885641208,0.004120765183857322
-0.0017943795813586609,-0.0016867097004425618
-0.00021749777596466544,-0.0020050838252004314
0.00248605715038841,0.0027145088447046283
0.003924603174603174,0.002211342856504147
0.006848877192304314,0.010139578480131518
0.013641229765224576,-0.005830154909329388
-0.002859110853183189,-0.005940965243505809
0.017437078010773082,0.021732001176091514
0.0058084820960694825,0.008082392926177755
-0.0010358964282915326,-0.0015289839691905093
-0.00195095386065945,-0.005161528266617099
0.005951432872529219,0.008835915556342614
0.0001652993283484533,0.003581336166621091
0.004107608654759628,0.044774051801765066
0.0030039336421879546,0.001702127659574468
0.0047643790877708765,0.02331206065646724
0.00606551064894105,-0.0014996897470024011
0.0009875940415593502,0.003942242259313322
0.00845794473441575,0.029576338133416757
0.0038201215936178342,0.007854548469385176
0.000586472602739726,0.0012957157784743991
-8.270667504538427e-05,0.005465035512967107
0.010010464086552926,0.019356807282560295
0.009379550966662193,0.0008547621103634339
-0.0063166623467788945,-0.0015242492848311527
0.02311310488425919,0.0116307630749874
0.011699103029712912,-0.0008695652173913043
0.011558955293012341,0.023861739203785908
0.016001355993820507,0.0023393067672408028
-0.017219804634058422,-0.0226834639352033
0.00451829242127544,0.01166231402064528
0.0029138692813952417,0.0006557377049180328
0.00033879781420765025,0.004898051060960898
0.0016699006487110365,0.008913457132544262
0.00379753131908622,0.003352890174913167
0.002812225368616346,0.02708927711698536
0.015889383820825453,0.0031157464622510217
-0.010239990505253956,-0.0076472943223425925
0.001113139992839241,0.0084361920992489
0.002973913043478261,0.002429897180464624
0.009295847572069355,0.004343968315157361
-0.002741079288195978,0.006035601614344516
0.012271433678954832,0.010518476571128015
0.000484921896785848,0.013677397827571118
-0.004104262625552305,0.0018039301768409096
0.022309681838278448,0.0020744856523244974
0.015418841430515995,0.0009523809523809524
0.003242493078327584,0.032700339959658334
-0.015567464660792245,-0.01457894625073679
0.005428359967882616,0.014738559934924282
0.007719948050361208,0.025726289381942092
-0.007704567567482685,-0.01617339067440071
0.004993328042544653,0.01132276453020516
0.0021892990795671953,-0.004044824466536076
0.02026745963819126,-0.0047976090049747545
0.008495360645314753,0.015720588199517747
0.03992577913675352,0.010245563573504816
0.007260140394831676,-0.0016521758811669646
0.013780326033676408,0.004360139256085337
-0.0012928460238217495,0.007858312877364243
-0.0010358964282915326,-0.0015289839691905093
0.016966988590243304,-0.0023826662178519043
0.013653448978169072,0.007333984858665098
0.023968182614532294,0.0024480844997010623
-0.004807448826917184,-0.005807448826917184
-0.0006613278222681477,0.0028109563146959146
0.010529029051342318,-0.0012109533814544798
0.010791379805942646,0.003389001577642551
0.014580730708789087,0.0005497648782298347
0.00563694943472666,-0.003926893337272487
-0.00881275620438054,-0.004540200955123121
0.010519537344683225,0.022997078915040756
0.017619786475587047,-0.0007736949532650551
0.0024776178527142704,0.00037037037037037035
-0.007078320967006137,-0.011418970868574274
0.026793079801524,0.033879149515226234
0.010312339702611483,0.014441568856610649
-0.0025973203861677785,-0.017629565208614504
0.01674018855652667,-0.005283066654631991
0.007126457505512266,0.0007368842927564182
-0.02779557592643348,-0.006486615024878146
0.005788842347211185,0.0025746521436594075
0.009352138473547818,-0.0003545859236807492
0.00280006925974318,0.006963778997455506
-0.006821485987719292,-0.011962681264541898
0.005632384574489838,0.018727775150195015
0.004962475548416001,-0.004001432195203785
0.013730247793705776,0.08761647518653308
0.0044936112241604235,-0.0002898550724637681
0.0043743570644055145,-0.005364007584992791
0.026932801973384178,-0.0009040836007041049
0.0026315069673278624,0.02184710024615685
0.013771079667566162,-0.010249267634901596
0.005617837759523578,-0.006744728411744967
-0.002905446623093682,0.0024068872418717617
-0.01219265968111435,-0.007833847953335315
0.008813301273994094,0.012723386880604618
0.00411232393920592,0.00438459095962071
-7.221538161178214e-05,-0.001574876920465156
-0.0017943795813586609,-0.0016867097004425618
0.014598464881379596,0.00407889534260089
-0.00202284968287894,0.0013923532525865635
0.01119031199984589,-0.007634761842652804
-0.0027077163743010587,-0.0004285681459484242
-0.0014702917879741654,-0.0062177844903347395
-0.003851360974990087,-0.0014403492691050838
-0.032380933531179594,-0.0381944321722705
0.01141636955822451,0.010957670057991578
0.007090386256234694,0.032070187153733026
-0.017240311149660816,-0.002223707111419178
0.015564813742606513,0.0013440925209542232
0.043933098698414705,0.00036378737470104446
0.008438767510851309,0.00200715855814929
-0.024586925838331386,-0.026829814838566397
-0.0015116081213395085,0.016955462274606606
-0.004109833246402735,0.00260229960256676
0.0012675374939525883,0.005738696331518381
0.017557236228914287,0.0010476190476190474
-0.002021518909133475,-0.001235971683537717
-0.01271544095045639,-0.008685887571698605
-0.013251997942602164,0.010084361009861955
0.00385176564223148,0.002859447042177757
0.015288903995158845,-0.0009402277039848197
0.025069028381558753,-0.003332286206018457
-0.0034332437081059757,-0.0069101432848956024
0.0028992380914611283,0.001394131316711962
0.0005,0.0021081944969637656
-0.010759142725524074,-0.015513578752428269
-0.01465130750583762,-0.004792314705779711
0.007391142440971515,0.03108055362574491
0.06262150467776614,0.03660863080741532
-0.015693717877918876,-0.029695084312437687
-0.01804787390120386,-0.006108968975028535
-0.004519902832928043,0.0014138155523306288
0.0057158723910752315,0.008787900727755302
0.006394254134389147,0.011422079353260367
0.00011895962262813533,-9.611366923740127e-05
-0.02113418347752846,-0.02074727994544927
0.011214693740719508,0.0021744324970131416
0.008675870398818926,0.0003681592039800995
-6.605347509162918e-05,0.01101095985031483
0.016953359949041343,0.005637787799523868
-0.01162545453754079,-0.01787274112216492
0.02084417478291558,0.003987196208860484
0.016861164747828346,0.0034367210480376366
0.006516736164144532,0.022281945631762397
0.0022910159368176846,-0.00035010323302645495
-0.011270489587761879,-0.012672894427408855
0.012640875311065622,0.015977521465383913
0.011676934521426801,0.00830044565044565
0.0008848025238624591,0.003667434248434777
-0.0006836866622787546,-0.0020475882236073873
-0.0006718216622160003,-0.0018556776556776554
0.04457694243610998,0.006888641315111903
-0.008136964118489142,-0.011755986758144762
0.020281157708112618,-0.00451011442452815
0.004721872062653393,0.009729575356936998
-0.0002803263801287731,-0.0011940798242365217
0.002664062990149946,0.002272480891581439
0.0017745463985469369,-0.004159485775778593
-0.012414454376989646,-0.014490722125596921
0.005428844079552531,1.8469570186912566e-05
0.016584074476867366,0.014441773788694656
0.015963184904342866,0.024596156353086887
0.004721872062653393,0.009729575356936998
0.004671567964459794,0.009225718725718726
-0.01220816720601673,-0.030440087691543015
-0.004511486574453346,0.0007249118684647012
0.023097850642406312,0.00012770998065544936
0.026361905154247363,0.015845964839051523
0.011820136103105741,0.0010378254120885502
0.018569957171750747,-0.00044444444444444447
0.0324796862975663,0.005973237394432304
0.003718911642768735,0.007862696186398278
0.016922294546410033,0.010444412122392827
0.02898846178978078,0.003857983136134911
0.030401837386027482,0.06068574192677882
0.006510450172477911,-0.00011907402074262706
0.05086421381129298,-0.007543919681308655
0.02560322109887475,-0.0008449871139166419
-0.007811612774466119,-0.01934321516595471
0.037047379625254236,0.00459295145354576
0.012679470902788564,0.004968764249730721
0.03608543750000938,0.04871813784195411
-0.0028287266471742015,0.0010837291242549937
0.009830961609233144,0.011968597798943947
-0.006227879360279209,-0.007762105932805113
0.013983256188325183,0.014362445941478058
0.017131216696085944,0.009252287594603857
0.0020983970983970983,0.026721372851206633
-0.019638260643451335,-0.02435860721483417
-0.004807448826917184,-0.005807448826917184
0.005231022716418179,-0.0043771042551331105
0.011724053548778823,0.002462962962962963
0.012541105751212561,0.0032343610873471814
0.030057046893974246,0.025208929369848233
0.00033539925644110566,0.0017373252781851007
0.009088612832862358,0.00875541988941451
0.00404546621941395,0.007286324786324787
-0.0010366568602894108,0.0076565520488863035
0.018480479724974543,0.000549831131284431
0.028552238065144026,0.01091331405180266
0.0014829931972789115,0.0
0.020742646105979423,0.019093778826840102
0.005354947640034067,0.001973244147157191
-0.020165575736284528,-0.024080350004902294
0.006135980498433415,0.02971172282491911
0.0020898692810457516,0.0014104047431724336
0.028198596269880673,0.0
0.007112253595107627,-0.005112523723357566
0.0136159517587546,-0.0038563651603418497
-0.0004876200273650059,0.010152904994948971
-0.0021601933147729225,0.005984272902018079
0.0005752361387910054,-0.0013537251449688755
0.006162627992489003,0.03607194628616952
-0.0024560048462819936,-0.003592254035405807
0.0012933472692305843,-0.0024036394819535595
0.013643917176911003,0.005375557716542788
0.0136650912109703,0.011684776191410406
0.01777432904555886,0.0008838233068856168
0.010228362314094479,0.002214122759132148
-0.00624949929682324,-0.011244686298929746
-0.003386203404815224,-0.0032799034367947573
0.020900982825490272,0.009908031909946633
-0.0002600472813238771,-7.891414141414149e-05
0.0008599587144101743,0.002739911485482612
0.00855865211939647,0.01909850283730626
0.018633913267146536,-0.01879099878510429
0.050546976423014055,0.013635548359321282
-0.0013004354136429608,0.0031429550851323545
0.0038329055691561963,0.0042139128604700106
0.018135138571633333,0.05360463205051267
-0.005409834455616272,0.0036798389674562015
0.00757617236392795,0.009297899989671825
-0.0013297350113696607,-0.0038087606922742427
-0.013928937792141088,0.010403562337509092
-0.025631672001024203,-0.010992724460235977
0.0036963227905375817,-0.005542038529400373
0.003951619141092825,-0.00207307896781581
0.009166412365418316,-0.015616976301115632
0.0015415202746904095,-0.0007418957608807228
0.011657894857712816,2.209229296331206e-05
-0.006982206824116969,-0.009418665486293824
0.0030039336421879546,0.001702127659574468
0.0324939416124098,0.006442190105261576
0.053505541731329403,0.011292650291231127
-0.0017996879008175008,-0.0016433660617370409
0.005816879068082426,-0.011958537927788827
-0.025585781599051213,-0.01897274296605945
1.3297665632624328e-05,-0.001207047983161521
0.0053091537791266534,0.009656409908893406
-0.0021877304708315163,0.0004273251600482716
-0.00152226935863543,0.012849546712895394
0.017498158270785262,0.023390057563978328
0.028737380242005152,0.010188589558112948
0.003153599196834229,-0.0018807641633728587
0.0058275959858929485,0.0012636815920398009
0.014373204923221592,-0.006775743362091011
0.0107670922011401,0.01656495107224993
-0.014229617063832665,-0.012921815509051967
-0.007446409967031397,-0.0066303472911684695
-0.001225108225108225,0.003991507463223893
0.007411709951023,0.007179107338203206
-0.02653351701147146,-0.02166350210367752
0.0036482260100864005,-0.0003218954483878416
0.0430302647963534,-0.0005116788642310632
0.019301755460611705,0.01184741402464083
0.009309637133194559,-0.015618757750493513
-0.00044444444444444447,-4.4444444444444447e-05
-0.0021629822047729715,0.002001438869008529
0.00483934943628867,0.0056489227915088435
0.0017735191637630661,0.006507956773396071
-0.003257096587331974,-0.003946751759745767
-0.0016554621848739494,-0.00014102920942866233
0.015511624569249392,0.02636573358979171
0.00115527950310559,0.009263681682177005
0.04448046229222357,0.007510080286916295
0.010198161278874433,0.007775595819268007
0.008449912343400876,0.02317045506440866
7.326969527358083e-05,0.005619336969832118
0.003902966172897953,-0.001455026455026455
0.002365967365967366,0.0031883497454926026
0.008129017156710005,0.037140842175680935
0.01763541733333453,0.006028945776660398
0.03138898678323474,0.0008781459476264386
-0.02289826668654028,-0.029086939125212718
-0.016320432986565474,-0.016063384893696485
0.002377438022058472,-0.005295944941024283
0.024541176080124478,0.007057511288745519
-0.002171773665409417,-0.007932274363618036
0.0020086539323827457,7.064364207221333e-05
-0.02287340364912773,-0.020507046018029162
-0.003813076568112103,-0.005123023649503814
0.010204976235730363,0.0022505623681718626
0.02009531753001863,0.017751578129457993
0.0030039336421879546,0.001702127659574468
0.011031836997321472,0.0019408615763541392
0.02908676058262205,0.008447298989614814
-0.020697147483072373,-0.015589059050525586
0.00487513394675505,-0.013675942918794919
0.018117533486126474,0.005082089060030237
0.002306249492354969,0.011975070192383266
0.006199584406821247,0.0021496084258151803
0.028339195901535795,0.018684440817847616
0.012402182466072265,0.00397007976087542
0.015126183422147811,0.0613776016582426
0.030026442462082855,0.016931011626919984
0.06394465683226888,0.009125683326003258
-0.00026060292364640195,0.0014206736286290563
0.004485074067787802,-0.0002380952380952381
-0.0022883396930472553,-0.00017850619809065167
0.017904943120515465,0.013201828953871774
0.0018435374149659866,0.007509156537317064
0.018534285192764243,0.01827823252919335
-0.02779557592643348,-0.006486615024878146
0.002668371666474133,0.0007857142857142857
0.00701383126658668,0.008542767373184762
0.03981847102285388,0.07376964951532787
0.02822726782668095,0.012377364080512406
0.004093931593931594,-0.0011212121212121212
0.005229051438007824,0.002066506579556009
-0.001301375203463251,-0.005857636398699258
-0.004024880877312708,-0.004346109965728689
0.011079168199848314,-0.0012471601130020211
0.011001281789742787,-0.0007119289629533896
0.011862425629910434,0.005654582594205235
0.009211648344156798,0.003213901451179176
0.0008174603174603175,0.0
-0.008380467911898875,-0.02375787827980717
0.0051421531010165805,0.002277823244205504
0.0013860981434072673,0.003176328502415459
-0.04171492420167289,-0.04119477140028516
0.002973913043478261,0.002429897180464624
-0.003204207152195079,0.0061002569682166025
0.002579634982248116,0.002728345648604269
-0.010836182973568574,-0.015555695644891114
0.015732611721646052,-0.0017252085542988982
0.00036110607712280633,0.0043386637182204705
0.00597246004347925,-0.004653312441523599
0.012750988386748038,0.002339227861024096
-0.0064353943034713415,0.0037478265907759066
0.017887888686057056,-0.0016133890850379274
0.009629575263952792,0.02473789212514406
0.003336819526293211,-0.0017744586691955113
-0.004777271908271554,-0.006542747915506806
0.004976703947655798,-4.070500003324059e-05
0.0029938267307112803,0.011080182655683214
0.01286090252264116,-0.0004806934594168637
0.0278949094126316,0.013126703860470133
0.004578519465905993,0.007845257058651994
-0.0005207328833172612,0.017402833860141426
0.021303807768587375,0.00020099846180972672
0.009211648344156798,0.003213901451179176
0.015623055496022345,0.003081935875125244
0.029996504369413236,0.00895446847944429
0.003573345824649874,-0.003301075268817205
0.0016423073367686878,0.0028092737566605165
0.003168758724608329,-0.001400999873191618
0.00896881259552352,0.008557355605410525
0.013416342325834682,-0.008492088850114973
0.03336271486863022,0.00913646287663769
0.008979214312589308,0.007675138015906727
-0.002916234468545691,0.003925050722306821
0.010279075133308245,0.0029870416322029217
0.020158624628745136,-0.0037313859926076318
0.005094684863491796,0.01755292983220975
-0.0051067600882890585,0.004286048531638938
0.01183419458255182,0.0057953216374269
0.009461301257578535,0.001647177547811223
-4.680647159685351e-05,0.007647923516327544
0.027626483582551778,0.002015162929678182
-0.0022323781291172596,0.019967437953327907
0.014907445566874778,-0.0016503258616175276
0.03580589221497244,0.0009374971139311395
0.0029725071973748223,-0.0048287389382134826
-0.004729499250216561,0.012100372419980457
0.017166561619531343,0.022409279470954984
0.005478286012318956,0.013795403216078153
-0.02432126339007428,-0.022148024152881557
0.002202380952380952,0.0
0.0020844135111937104,0.0010121830345802487
0.014669212515882567,-0.007630950476018782
0.00933828660492048,0.00202914090371058
0.019053293375635137,0.0007340616633495656
0.004298244874511607,-0.001648716625899927
-0.0048931568030114005,-0.002060851625087319
0.0006062448752625496,-4.468917485884669e-06
-0.036572839651621156,-0.036532071577813456
0.013013861498894358,0.013042271716100857
0.013833517936518706,0.011470864630328736
-0.0027899146034047386,-0.00785325542420385
-0.002065615835777126,0.012782639963615103
0.020866991670606266,0.0012121212121212121
0.001081081081081081,0.018936003497157357
0.006537159468133387,-0.010705928970424959
0.005106140334668774,-1.2222268600835251e-05
0.007095007185846559,0.0052128337406103994
0.002241858445505862,0.012903357195286853
0.0016169376783699476,0.0006009569377990432
-0.02040622194794437,-0.022095070616166057
0.00803891919927699,0.0014025794460310985
-0.009657536394921023,-0.014248557055786842
0.028524516705536906,0.007063980837261675
0.002018633540372671,0.015610306580538004
0.009606590150500794,0.01696353834188396
-0.0043455577264807956,-0.02272728286177795
0.01237240437040791,0.0
0.018712595754477562,-0.0030529966366978877
0.027555160346316693,0.02276339210415764
0.004579614924056217,0.002663294152655855
0.008591785857828781,0.014155944469144007
0.0013904971783637106,0.0028512347867186575
0.003772269443365789,0.004476024411508283
0.013062889766486075,0.005427050861065184
0.007687345711980378,0.007754152280468069
0.004844246807772094,0.023232513444200624
0.007619571714445668,0.04322883785357486
0.012077195300586919,0.0200674713063323
0.0059514186166918035,-0.005932015897582089
0.021115037197291492,-0.0027291051933793133
-0.01840285107249913,-0.02232447934939944
0.0032364705344494604,-0.008525980236505394
-0.02779557592643348,-0.006486615024878146
0.001746131104848763,0.0011877905908466184
0.004854429382238577,0.04374167794651816
-0.00046986177140760687,0.003726919097027467
0.033590406772765286,-0.0026397375360463944
-0.016623598118518608,-0.0069938073174094
-0.005530397737956412,-0.0065054466257519076
0.012421823628359497,0.0019982174688057044
0.007677045228755445,0.00911137243437193
0.01425477160793008,-0.015309798361726829
-0.003521203472976601,0.013743226112454002
0.015590773476265207,0.00030076628352490424
-0.00033304111664365314,-0.0009171076299321775
-0.0010358964282915326,-0.0015289839691905093
0.003474522971672195,0.028520571232061316
0.0067417560694871615,0.0027835847726791884
0.0008902205711131647,-0.0007625957980009908
0.009329079211284477,-0.0017045454545454547
0.015508903373673319,0.01052281847463283
0.0353011384186175,-0.0004174053354869117
0.01978450039386906,0.009139023844955187
-0.02854036976985172,-0.03238690222208313
-0.0023806476327162263,0.004045675023995506
0.0036935274708916146,-8.968248254013979e-05
0.020282409560480198,0.02774156494102921
0.016273303866125802,0.00163893756109153
-0.00012615745152543163,-0.0034557026307026305
0.0012949077117805838,-0.015435518746301434
0.020521954765595873,-0.0008241981096073457
0.0016710933422286293,-0.0018399152654025603
0.0034278178421033425,0.003669941350590996
0.025803779748847098,0.006340799508399884
0.010521784382752536,0.03104753422948347
0.008453732883008047,0.0017763157894736842
-0.003400603066249922,-0.0006875805288008834
-0.0031953167754111694,0.0011275781523835474
-0.0004985337607430404,0.007043001371103319
0.008178607116667956,0.003466794289344056
0.0006060606060606061,0.0015384615384615385
0.026673983052779144,-0.0013369963369963369
0.01441227181376467,-0.013410704028511139
0.016401791785080597,0.008843150616026006
-0.002593480025652543,-0.010914555890662285
-0.02277916442281739,-0.010987981800508036
-0.005116919225852371,-0.012420544475302284
0.0014156376127919907,-0.003121182274178379
0.00247551369874057,0.01327675803646905
0.0004819937044964087,-0.0007605072843517454
-0.020697147483072373,-0.015589059050525586
-7.853898406400689e-05,-0.013184980015577446
-0.004951522107361452,-0.004556885292563347
0.001985721471468036,0.0028338742576649797
0.0008536529595084637,0.006494238696686504
-0.008426127744966908,0.0036562107204270913
0.0006060606060606061,0.0023212976539589442
0.004806979340925275,0.009751487343568425
-0.0053235672154224,-0.025416655978951635
0.011000937100447986,-0.002559440682051011
0.020268596740497254,0.0005650362351896599
0.007534344436280984,0.0037693558404451252
0.008281161520316107,-0.004068358197929724
0.018957067091714536,0.04010850328861396
-0.005362465033543189,-0.011081945624633346
-0.002964355173155864,-0.002964355173155864
0.003219717021229699,-0.01141566644360891
0.027526753469034482,0.014282544595779134
0.012102098532925558,-0.005989250467812818
0.006280578765862112,0.003015323041738136
0.017185722509572395,0.0023497067448680353
0.029171346097923698,0.001696776663881927
0.02561136855315565,0.006517249262882724
0.02293909194381858,0.02651872131143101
0.009211648344156798,0.003213901451179176
0.0037240829346092503,0.0026451612903225807
0.017193655492578116,0.002148138137312662
-0.0004829769660860768,0.013498200235787872
0.00428757512719777,0.002811085405822248
-0.009433809346997842,-0.02105769840513557
0.0076740501656580445,0.00223199891235032
0.005743822726930559,0.00048221309081145514
0.0012484123587575523,0.004461200999604238
-0.0009391124871001032,0.005852581139030739
-0.023444013788512148,-0.024362574394572754
-0.0033325878533761737,0.005665983661494335
-0.008761209600404352,-0.005089572560580093
0.01813493026800288,0.001249993130006192
0.004103393749609414,0.0018932183965319647
-0.02166120651472041,-0.014986217457717367
-0.0022751274841410346,-0.004269074118444117
0.004923040377890096,-0.001607142857142857
0.0051960989881349945,0.007744252172477814
0.006909468215287664,0.011294466964978633
0.009578182173146217,-0.0005673009058910746
0.006760477755740787,0.0431670684924019
0.004634377161541847,0.0013280814138227335
-0.0010358964282915326,-0.0015289839691905093
-0.0032773109243697477,0.00011081163911369138
0.011092354953323101,0.026052680227276526
0.006931923463827958,-0.004665614352186018
0.02064908289293081,0.008419715706973412
0.014799251127773926,0.008460671328858393
0.017667861402627914,0.0020260981695051942
0.003823474960282,0.005200423974310649
-0.03653055722658684,-0.037632958399700135
0.008267571217833928,0.018166435084362328
0.04156392646720833,0.012860599981462405
0.0220332683179919,0.004752219955285686
-0.0026735616819153173,-0.005852845535361395
-0.001766276318388332,-0.00461148202146385
0.009815359761876306,0.0017763157894736842
0.012522893424916828,-0.002186318488788025
-0.01891348625381429,-0.021639042452683284
-0.002877608494537368,0.0014732713625580669
0.04983180572597677,0.005620162110834229
0.010162108932605291,0.003628115866045333
-0.014229617063832665,-0.012921815509051967
0.005186034416155205,-0.0021520013297752776
0.0033664110473036407,-0.0007625957980009908
0.00010002706470609891,0.0030380795470425727
0.011083101293752576,0.004579348139217176
0.016095837911583574,0.05536555800614178
0.0033988678475342705,0.013498942257796506
-0.004235925703091678,-0.005796671408998673
-0.0007940322721072847,-0.01938527327465315
-0.002657297544912111,-0.002347940795506829
0.005432243830429061,0.0034066607721780135
-0.00018853388987715878,0.003865810242624802
0.013037366676013237,0.001825660724429948
0.012412801767703652,0.001711073258925941
0.04263627302826135,0.0017156124191546906
0.031243732168908463,0.016005436795654943
0.008250340780916774,0.0031120422637457533
0.047775676151302085,0.004151478302280021
0.027766810741528463,0.010916083227549642
0.021871482136375242,0.009328390749366484
0.027927740513702125,0.00678783301617269
0.01572689753290416,0.0034870283208305853
9.717977161673424e-05,0.0008153492368988733
0.009675668355629245,0.006806579442063313
0.0205090858830042,0.0017499999999999998
0.0024789652703186534,0.008960177790149584
0.00019677650419262782,-0.012047283495686983
-0.002822610648460353,0.0017649630794128223
0.0035788537883007926,0.0077024307821785395
0.006482756140534609,0.000625
0.005319980556325094,0.003789801674542799
0.027689848071845977,-0.0017563926541169957
0.0015867208672086719,0.005631557040909766
0.015880967575790026,-0.0005965525702367807
0.026428571029873837,0.018150778054438228
0.027626601100295314,-0.0087303691920282
0.0033704664039766923,0.019589190575219982
0.0029552315883019462,-0.00831155310824886
0.011862425629910434,0.005654582594205235
-0.0043914221680022136,0.002883817355117127
0.0445270780893409,0.002791677481441392
0.0009579897089612658,0.0009100463153294616
-0.001586203377205074,0.01425110800565896
-0.000685579196217494,-0.000495580808080808
0.030450304067546504,0.012892495037444798
-0.02124992794606248,-0.02130592470069849
0.04308522146103593,0.0033729955796255977
-0.015455413556970072,-0.014178817812289222
0.017453912654724416,0.00282097362068356
-0.003915620497775831,0.0006336086789297361
0.0,0.009560672525442028
-0.002345342560424757,-0.0021750597480812853
0.004463946226662175,-0.0005862441839773456
0.0033619436590574103,-0.001682539682539683
0.027197040678887233,0.0034482941942107098
-0.0005352720377679747,0.004165682506729251
0.010805289302201239,0.00040384935632897974
0.0047164685602778325,-0.0069512193920604065
-0.002856730992936171,-0.001660381061894577
0.003122650330333863,-0.004155797324085426
0.019207893219394638,-0.0003395795512678079
-0.004109833246402735,0.00260229960256676
-0.008271277114998319,-0.001616837041518748
0.005088799947899835,-0.012024020478503325
0.003968388369765116,0.005318574531260479
0.02358020481966079,-0.0009965438333464855
0.02625313607340335,0.006844445386658122
0.003471419207376942,-0.0023260034190223256
0.0018096831030229806,-0.0005778269369096599
0.007546702995577137,-0.005949796551792526
0.027779700003470097,0.006738874790512333
0.014182477589364499,0.00762527323740702
0.006864396211766427,-0.0015875915988666865
0.0039019313803023664,0.0038909761628796867
-0.0018759223774682124,0.004995884614268846
0.007030128344144545,0.001642287684304491
-0.004583188220579087,-0.004889488044306992
0.01888440248497958,0.002583333333333333
0.023441347681451143,0.01957590253259248
0.004616902654812909,0.0010980910623767763
0.008584631783238057,0.007521711315357016
-0.006456492894373997,-0.0071991836413880525
0.002893128196953563,0.012872105156082699
0.006923348235746755,-0.00291418200674099
-0.009032733081285224,-0.005759611461012381
0.012145755938424357,-0.017524827198484486
0.023091659322010998,-0.001238648514783585
0.01763567562632532,0.006028183808962414
0.032657767487250175,-0.0003188293769879613
0.0005275537634408603,0.010613324978385609
0.0018435374149659866,0.007509156537317064
0.0014603785661517986,0.0002975580533312863
0.004766543031860016,0.001353924753485624
0.01740091863093295,-0.0011497958714277497
0.01424269219433715,0.00675765349480153
0.00875263551268555,0.0030241056996275204
-0.003872025717485489,-0.007172467459945882
0.007655563734511104,0.004319635962128978
-0.0033812641541887027,-0.0026955342199891227
0.004515532879818593,0.007272320509607897
0.026861432717194454,0.012396797439110657
0.021219790364172788,0.0003640711279791972
-0.0015328989748389851,-0.00726384652788685
0.03533181786201478,-0.0001826745972317717
-0.016458466012081993,-0.0049951328153987635
0.0021001221001220997,0.007186183384221906
-0.001255562377079405,0.005831697943251187
0.0309314269444915,0.001869212417397649
-0.0016852971295685387,-0.002864542766336813
0.0018522320285994781,0.011529244924486152
0.01006018202150313,0.004153683814235292
-0.004808231125987727,-0.0014234504071259338
-0.012429726664742105,-0.007666656802467835
0.003750127943043936,-0.003688488076460099
0.010241342574180873,0.0010969624021164841
0.001411371237458194,0.003938728538611687
0.035964335697243416,0.0015284552550877883
0.011757626773060146,-0.005940296129592055
0.0012913832199546486,2.4639123942259795e-05
-0.013503791740930152,-0.011063360290348488
0.021172649107219714,0.013103563367429813
-0.0013036182214821413,0.0031142858550581133
-0.0017550824689681714,-0.0046619646910983845
0.028228805738747705,0.016826748976690023
-0.007890997297829728,0.0329963048746012
0.008749152746201876,-0.005753663560250024
0.007044921865569362,-0.0042003070065913745
0.01549788639094835,0.07932607056985101
0.003242493078327584,0.032700339959658334
-0.003257096587331974,-0.003946751759745767
-0.0010358964282915326,-0.0015289839691905093
-0.007636923833221101,0.00924879389302976
-0.001225108225108225,0.003991507463223893
-0.01038091059267071,-0.0074711108407656945
0.0011346958229676348,0.00985861536293818
-0.0023763158517256873,-0.0017775063143484191
0.006788448985220263,0.0062844346973568626
-0.019551490528451676,-0.00828850459129419
-0.006575012130121131,-0.015513218632839632
0.022490997378340857,0.01070625927386719
0.0021279027283309685,0.001060427413411938
-0.0015283557324889748,-0.0030310172713423483
-0.004995937484513605,-0.028947825149968555
0.00045702162943904185,0.003212860849751355
-0.024710351992184753,-0.014566605267311301
-0.0028820456919002894,0.0025314414682927324
-0.0033021145851283903,-0.00732887840605951
0.005254610886189833,0.005051628019369955
0.006482756140534609,0.000625
-0.00016920149454393955,-0.0032819687846915415
0.006790902398254034,-0.006664021017073689
0.005357793107632474,0.006198506342230161
0.00489429806446472,0.023852169749847885
0.022033463336529547,0.014875870797768729
0.018422818830316635,0.005832743043417669
0.0012512218963831867,0.00041666666666666664
-0.0060499658586983225,-0.011084105883396084
0.019306510560613114,-0.0014634733810042575
0.0016187333489432907,0.004784423794335803
-0.009001986091589196,-0.01268440015242271
0.01727185602769703,0.0008388992993982117
0.01085203465526002,0.022732720262903943
0.01636913365221659,0.013776669067028536
-0.004114451877564993,-0.00836591711264828
-0.014229617063832665,-0.012921815509051967
0.0444837242905488,0.021287693927039292
-0.01144489610726019,-0.035929505597520624
0.006888198419813663,-0.0013043478260869564
0.005413515484177048,0.0001548387096774194
0.03351499023571232,0.0025179920409153234
-0.0034980276679330066,-0.002682620777141054
0.007013497879907167,0.009236430440942803
0.003848072432739497,0.024756009935587915
-0.02842412299799609,-0.028839026775990872
-0.002964355173155864,-0.002964355173155864
0.006518905809129568,0.01652170615476566
0.0020647773279352227,0.017212106732526468
0.039612939540244835,0.0035160679480927236
0.0265290329142771,0.016557000906671806
-0.002964355173155864,-0.002964355173155864
0.012900885222396855,0.001332950645046751
0.010042035676155985,0.0031231115639549574
0.012978503914389868,0.0011067447007237475
0.04457694243610998,0.006888641315111903
0.01851038159508513,0.01206593599709123
0.010727146691219498,0.018751004097615747
0.02480281005350779,0.004732236589833837
0.022113967560284015,0.00567920129315316
-0.0028614645566634412,0.004779054747000406
0.023878640468768208,0.029016512395091194
0.031196948208359884,0.016962037287572604
0.00189705522971652,0.0024692353643966545
0.0014400969514257937,0.03013309515435987
0.012408785327855614,0.0012653846153846153
0.015573049381720099,-0.002320012839030653
-0.004289989351771408,-0.013637878566302084
-0.00022768352624068493,-0.0008823529411764705
0.005503784571009985,0.0018364784293804217
0.0671599513380409,0.007817835936772722
0.009673968564291141,0.03438346529532709
-1.7792327363037267e-05,0.011095138148453337
0.009451067449159339,0.00020666510369122485
-0.00778082262451491,-0.000681771549568215
-0.004762301355851838,0.0005973585990044859
-0.005917442512299298,-0.00956078627361558
0.0030715679644597945,0.00861965811965812
0.017251805601617983,0.015173382522122952
-0.0003270384397718864,0.004508995442868041
0.012920316437388429,0.02541951487677154
0.027197040678887233,0.0034482941942107098
0.002417203723594701,0.013639153042554841
0.01823329239153583,0.002279312998425131
0.0256803088138508,0.002084432599211394
-0.016834180939144013,-0.01764244451061976
0.009576228566752746,-0.004325094260578132
-0.004584951449533108,-0.0052321788824691694
-0.011147666581852012,0.0010861785927572983
0.03555077199819781,0.007087453660749254
0.009967261835773511,-0.01063889863631064
0.0043944341976948145,0.007245576544449723
0.0029653011843218985,0.0027528813787170135
0.025155052123078843,0.0006481991432817551
-0.003319035234579661,-0.009357632457940546
0.012203160030931364,9.742872876689415e-06
0.0016529452236235653,-0.00407755620835472
0.026550612366464176,0.015948315416831504
-0.003561860722611226,-0.006048256437247023
-0.0005676210040661371,-0.0007981695894133198
0.010705992927891343,0.00026701401783368927
-0.008949254022157509,-0.0038970340916192094
-0.005270134209313038,-0.005006441306197547
0.03524262274657884,0.058345601959782126
0.001134420061329351,0.0019003712279275949
0.0015842956279761128,0.013755933661825263
0.02558155233439964,-0.0013752892771443897
0.02166690383651916,-0.002225222301551243
0.01790760618890509,0.00678783301617269
0.01931747487474396,-0.0013414798776484674
0.0018814167645245083,0.00853762284800195
9.011009060374067e-05,-0.00495702298462043
0.011015747417856686,-0.0008510921329182965
0.0013621300372872042,-0.00017957172445332882
0.0034993640300347655,0.009316905297429557
0.0006949351409332124,0.01969130913049076
-0.0014458655480244957,-0.0006044243895750355
-0.008841458549306574,0.0014246885840550876
0.04314056633201108,0.0040238983238983245
0.002917516066183668,0.016594453881306138
0.008637876950920413,0.0051963676920017635
-0.0010234191516876653,0.0017672179421463884
0.006238454755921111,0.029447677899403012
0.0105501526266988,0.0074333417764268815
0.0029138692813952417,0.0006557377049180328
0.011396499720791547,-0.003331183759311314
-0.01909792390247603,0.011628527901807673
0.0037029285856665655,0.0029612004187657063
0.017108019346939507,0.00506454754658452
0.0023023354641895505,-0.003498989199085201
0.017874937909440128,-0.007341525504807488
-0.0058316129876814496,0.007197958162366633
0.004139263036269451,0.010710529705628347
0.00020995220887104005,0.0009452953077979248
0.005025322881231309,0.000425531914893617
0.0005284081166402189,-0.0009330212341508342
-0.012998152436975748,-0.015667746045434798
0.0003207966533403184,0.00764206894282592
-0.016339237525165452,-0.01748587229003369
0.0006658228776872844,0.010233553898165283
0.006008204056898059,0.004482331755316005
0.037300581454287655,-0.002874185788388956
0.04457694243610998,0.006888641315111903
0.0005980634480634481,0.005291003653618283
0.0009371205756336628,0.009967354876174589
-0.004807448826917184,-0.005807448826917184
0.0,0.0007017543859649122
-0.0028942619068754415,-0.008314115936879335
0.014250278142612666,-0.002659477683705277
0.010386679392510251,0.029020888995054103
0.013931754332673893,0.0012463450292397663
-0.0024029105401769477,-0.006470041569395131
0.0026567756921808848,0.006799372435268046
0.00961011110188047,0.0013333333333333333
0.007366139590277278,0.031829791110372804
-0.009719870676628412,-0.010119532017969012
-0.011198509733525175,-0.009697527783338818
0.0005275537634408603,0.010613324978385609
0.0006126361870906157,0.0026426409751670534
0.0011366300366300367,0.00033898305084745765
0.002473304057154093,0.01848545596511198
0.002579634982248116,0.002728345648604269
0.012119757190158455,0.0066762551287872715
0.0028469963038069354,0.006850722027218476
0.00713357631048661,0.00852178202437298
-0.0016761721643941858,0.01590539811533305
0.0027053144362602687,0.013753988175719361
0.006789165983520196,0.0017796738594614244
0.003848072432739497,0.024756009935587915
0.03129856708135432,0.0034699080451301807
0.004752268168004829,-0.011288323449354432
0.017842577166363054,0.006141058370905289
0.0017099805831858412,0.021516403424351113
0.016067848409661946,-0.0046754110400038
0.00632659399473607,-0.012997601616574098
-0.007444610434928767,-0.01824855906061958
-0.02877132612252657,-0.03237909465112376
0.010037417798548562,0.007278595817768215
-0.007380093672352201,-0.0016472022071213864
-0.019903098978761576,-0.020096911731894127
-0.0037088913864389353,-0.005117267778498097
0.00920238515671518,0.005045589906010733
0.0016532678729703424,0.006129553874812799
0.002973913043478261,0.002429897180464624
0.0035480757503542045,-0.004683477982628607
0.013488704731019976,0.059227921460657224
0.025430385196135108,0.02041530987671075
-0.014604421750506007,-0.01644948073852251
2.345055241279731e-05,-0.016384831974831114
-0.016976083705709726,-0.011466552088355144
0.01719875296537114,0.02104546777238768
0.011862425629910434,0.005654582594205235
0.009950539463943378,-0.003840124354044605
-0.011708769772335785,-0.010457269172095688
0.013875746162185364,0.0020333850127941863
0.002588082265882514,0.01072589644195369
-0.0018753507148106148,-0.0093424302513831
0.008348980499377073,0.0019333169576900545
0.00013720742534301854,0.010236650137951232
0.0019588071418110064,-0.0030322053600208222
0.00203768586164876,-0.003873978289032856
0.0016509364940005854,0.00014874915483434751
0.045110083277898415,0.022692703402129852
-0.006068728158365958,-0.012732675297411743
0.014847933571113334,0.0
0.040130207564163224,-0.0002999230245875062
-0.02211475005129796,-0.028150454876430336
0.0028793379239807817,0.01770163702854832
0.005867997967133375,-0.002362642401056299
0.005671316185518391,-0.00021675774134790552
-0.0029926524574437454,0.007821454735087604
-0.002967982550933137,-0.01813697626894669
0.016354922062304246,0.005176734376734378
0.0042102297307624725,0.004893078364606545
0.010643964857922319,0.0010965909090909093
-0.016612817522361625,-0.020590055443686486
2.2071230773034606e-05,-0.0012567883331588078
0.00964962314595216,0.02026824687283495
0.02179238065116648,-0.007912861321755935
0.021906980798035793,0.00678783301617269
-0.0012249393532762273,-0.004329284800816845
0.025186253010997937,-0.00029233731629238154
0.016584074476867366,0.014441773788694656
-0.011652664360301379,-0.013402684957923038
0.01336667189707845,0.0018634266020211459
0.022618499752252216,-0.00043631322963995703
0.001668148207603014,-0.0010855614973262029
0.03304186077959943,-0.0005838196117535256
0.005678867792291932,-0.0017668247059820623
0.00794012646335695,-0.002097139046767395
0.015916473294810718,0.011143702752454328
0.005293168587361803,0.007083218856635746
0.0028396503969887518,-0.0004418098944639513
-0.004974253719280633,-0.004113236770128091
0.018800686773700608,0.004058209183905264
0.007185878580269249,-0.015518319290058416
-0.0021629822047729715,-0.0001036467617349969
-0.011530747419820133,-0.011258274013888347
0.012794248945818841,0.001548190818012215
-0.014229617063832665,-0.012921815509051967
0.007793750618019954,0.003449465263418752
-0.0035817021930723506,0.017949228650133372
0.008741785462023845,-0.015300608257381314
0.0017707856598016788,0.011566942879174426
0.008830891382601598,0.011579228250053834
-0.004296857712448922,-0.004233012528392171
0.00767818400878874,0.025087295133828867
0.0116836791350476,0.0028014077085948713
0.012271433678954832,0.010518476571128015
-0.015567464660792245,-0.01457894625073679
0.015610182596666574,0.01813860618919204
-0.005541448672489135,-0.0037585510639089933
0.015956375953519834,-0.0063869279148529145
-0.0010358964282915326,-0.0015289839691905093
-0.02779557592643348,-0.006486615024878146
0.023001729331796367,0.0043133919709946855
0.04142362981347883,-0.0006865833881238253
-0.001149444121285608,-0.001103061932046276
-0.012885676969927604,-0.020108343567050723
0.0027649685703427344,0.0034785492081034555
0.015839103360329183,0.0034839187226136884
-7.558033845033417e-05,0.0020452269736794546
0.011224275002455335,0.005258969985127074
0.012777973062312577,0.0013587399533936213
-0.014351024348873871,-0.03307074971244894
0.013050793971995983,0.005559221244705116
0.011681376329224427,0.0052301629742806215
0.016410489939705192,0.0188259721461646
0.004585361220550191,0.0030430293180777196
0.0025896281748458384,0.0023415728663138654
-0.012430771620058786,-0.02596768205968499
0.0031643009905472303,0.010369144623229692
-0.004411868174242024,-0.002354829704344439
0.004962439961894522,0.02920326591665718
0.023962258282449043,-0.0024495024653926134
0.012520233000113453,-0.011471724518995417
-0.02083669537167083,-0.024054126783744856
-0.007658775102580706,-0.0016159667387088622
0.006115487146830886,-0.0015207920887671282
0.02537648001321694,0.012503442333598012
0.018335039741768918,0.0018936850322527634
-0.0017682331259765123,-0.0023508870147223755
0.007880383651570386,0.001527379053694843
0.0009181856379679464,0.006780894990018882
0.007954925057359261,0.0006070558546414561
-0.012953098274690142,-0.007372848598229188
-0.0007518336275167351,-0.007810835833960774
0.03234052987239923,0.005588861781980679
-0.0004984648009529738,0.009233953583194855
-0.0003146949844741332,-0.004235620399997554
0.0028290039014628875,0.0009277817832251863
0.0022379528084421328,0.006577619097159187
-0.007262026922739645,-0.003945672293199053
-0.0005833665381582208,-0.0032733412802672763
0.009771997329670419,0.029171277615467915
0.020596610780629285,0.0003333333333333333
-0.003308840224384435,-0.0005772540589564813
0.0020002290708172705,0.014140857239348433
-0.012790576640458138,-0.017059111040161175
0.002111111111111111,0.005333488688289687
0.028841997597624403,0.007106644975251389
0.009480791365340673,0.0008495388933440258
0.001736818785999114,0.0324737485615655
-0.006217808655932352,-0.0032371420666124726
0.06106870933387282,0.04083556466989268
0.0038813702209928628,0.0002913634045709518
0.0036890332862876086,0.006226264799810679
0.01851038159508513,0.011477700702973586
0.0024064048888414813,0.021923180252940593
0.0290824522178949,0.0098777765747475
0.01672817099148616,0.00921945048895563
0.004139263036269451,0.010710529705628347
0.015742813953681954,0.0016472245405108991
-0.0032773109243697477,0.00011081163911369138
0.004490606664574152,0.0004280692616313755
0.009315189268742313,0.0012653846153846153
0.0007159791370317688,0.011189767718750921
0.0008151927437641726,-0.0017959183673469388
-0.0005454545454545455,0.012327577559875003
0.00935151145793816,0.00013366750208855462
0.0007272727272727272,0.0
-0.0011490683229813663,0.0015141336141336144
-0.0037716389548898294,-0.016668990609668657
0.03762438643746921,0.023965920995481012
0.004175147867269478,-0.0003076923076923077
0.014288677429894904,0.005682880017653186
0.008320085199987006,0.000276001705029838
0.005937936109346024,0.01698242321445736
0.010591093722356965,0.00016755969656408534
-0.003431937750347434,-0.008810030928028937
0.005933874768667457,0.007697235614749354
0.0014051162153591542,0.002592102527547596
-0.0022277150862058167,-0.007726108210652287
0.005942199617848714,0.006031278083139786
7.564053001438836e-05,-0.003934252406315878
-0.012174417316575977,0.012989661744158547
-0.0004472019246187465,0.0009490815077111974
0.0016509364940005854,0.00014874915483434751
-0.006950552672007171,-0.017590286527156718
0.005738626114696959,-0.0013993093379284175
-0.011308383665825901,-0.018537128914588388
0.0030853024116424274,0.004318037766188799
0.009197538912408772,0.006685290766800933
0.0446701983959273,0.012937656562825896
-0.0009734216016469626,0.004079388344596502
0.01600168348066821,0.006559046906944819
0.012088393227228243,-0.00018926554221993918
0.008223927983211896,-0.006504587590093862
0.036328821476955424,0.007361410814256387
-0.02166120651472041,-0.014986217457717367
0.010147622397429796,-0.0030241535742058056
-6.91710135466493e-05,0.007724513673819084
0.006789165983520196,0.0017796738594614244
-0.001600764525228034,0.009513147526187921
0.004702222636764361,0.0004
0.0022691534069302927,-0.010012128210185748
0.007146631240689554,0.00941210308411688
0.0221414197558551,0.014725640921454015
0.003848072432739497,0.024756009935587915
-0.0006066639632975887,0.0061493057360183555
-0.011564141831193291,-0.015960836821464694
-0.0043178873098193215,0.0012705480811918057
-0.0007956487956487953,-0.0013699111560953661
0.0045854102037345985,0.0
0.0036861541689127897,0.021500386739084207
-0.009475239662220787,-0.01216678748839399
-0.0007152542026169139,0.002329036951762564
0.007091095995255521,0.007950867443297358
-0.0003508771929824561,0.021173598179683877
0.021912274191006786,0.005737264947071546
-0.009230203674009277,-0.003906693555751467
0.011189815938504577,0.006498182779911463
0.0003923792375560946,-0.004038245812158855
-0.0005865362466848396,0.009970307071189267
0.00496135265700483,0.0077999244799005895
0.00114636734571613,-0.0021938092238043094
-0.0011430340557275543,0.0037716451322833354
0.02855659835459381,-0.004507693311582692
-0.01322130143747549,-0.014792365463081542
0.015620903156761144,0.00567256029514094
0.005099470047671556,0.0042354531092933575
0.0036352467058349404,-0.000929334755421712
0.005860685091157607,0.0031760818924502932
0.014383901450641067,-0.006017739707101409
0.018959820300012777,-0.0034763186442123544
0.02002067875621024,0.010791299920048401
0.003589690162807019,0.005077818547785178
0.00912079836203764,0.012422704214344082
0.003724221119382409,0.007265905098598616
0.001039591227081719,0.014906712441974519
-0.030076108811097,-0.042964304993720996
0.011985481794994778,-0.012894879287064065
0.003079059829059829,0.003833419144836066
-0.005119137515879995,-0.003104933733236401
0.029396946488353407,-0.003362414249588791
0.01836271503604598,-0.0009881626351003602
-0.019551490528451676,-0.00828850459129419
0.025341237596076715,0.0031561233961490422
0.002230594100361542,0.013321151053129612
0.02189331964331827,-0.006207982688858141
0.008178918026671035,0.010818850169588855
0.02395235461458671,-0.003329257427391385
-0.00659612894489839,-0.0018471436379459928
-0.0003508771929824561,0.021173598179683877
0.04850864586320397,0.021792351404995226
0.021357960183539592,0.02082561955958319
0.004716184892728723,-0.0007354661162710702
0.007377535479956787,-0.00275107096293537
-0.001779177990123024,-0.0031125113234563573
0.006510450172477911,-0.00011907402074262706
0.0027361614298574977,0.003246904595421227
0.0022884012539184954,0.000425531914893617
0.01740065400277884,0.02507570983446707
0.002202380952380952,0.0
-0.019160700888059403,-0.004538847595698028
-0.0008610228031711306,-0.003453386517794755
0.0036191223601522346,0.007213205048682388
0.006985937676186228,-0.005525481303354687
0.012541006350535394,0.006747419118606477
0.002778221807510914,0.001451722113093988
-0.005897648671116078,-0.01158419806020151
0.005907063316324894,0.0003333333333333333
-0.00542814146672746,-0.016392188797844834
-0.0048235774574685,-0.02132428776612862
0.008066876882187868,0.040810624987704054
-0.02166120651472041,-0.014986217457717367
0.005061493112538515,-0.00020076073874027807
0.008812644928592121,0.006431625205395697
-0.008999003720907967,-0.011510689275279082
0.027547521427260697,0.005561758931786683
-0.006336304941992549,0.007044614482328243
0.004500383372100864,-4.709576138147559e-05
0.009900602630321073,0.003174432497013142
-0.007536476415022831,-0.005386486054506153
-0.0007255938288984621,0.005221062706587884
0.007546702995577137,-0.005949796551792526
0.0029138692813952417,0.0006557377049180328
0.0011407559651585436,-0.0030638958789736916
0.014072650042988823,-0.015691517941571805
0.012489164309933649,0.008115745889056024
0.030146246268165457,0.018033442148356945
0.0015415202746904095,-0.0007418957608807228
5.50016665762322e-05,0.0006586066144750075
-0.0005133569177458433,-0.0010955844688622083
0.027197040678887233,0.0034482941942107098
0.0022361761163196842,-0.0027020259148848366
-0.011662868697161127,-0.04267162450027917
0.02286967378258712,0.01546182309427148
0.0020320356729680456,-0.0004861964652481676
0.005423712781471402,0.010156191369392978
0.047647953621762204,0.04662031813053135
-0.026660754863919646,-0.017302685274516443
0.05891961474784612,0.015933237182549048
0.003786258991673956,0.012104322757288651
0.008877483143656701,0.03214199626190595
-0.0014814092049566358,-0.0011805934837849632
0.0009272764386052813,0.03351075472882795
0.02691237163963154,0.01405756720580701
0.025341237596076715,0.0031561233961490422
0.010193106768662974,0.003980267375511431
0.0004017876543844223,-0.00594374635579647
0.013159935722052115,0.019790640404888434
-0.0074185617918142805,0.003420331361994905
0.013754630778422025,0.004691690581494037
0.00020435120435120455,-0.003774849357844342
0.00778674043134493,0.0056041328643543315
0.0019961695511026456,0.013178731938460723
0.005063118907181457,0.006540991483039362
0.0004913213280225601,0.0072098931800865405
0.03554260927528142,-0.004836125935860527
0.0312186011264788,-0.002059714282782549
-0.0002045195263722776,-0.005910429543635487
0.010604279890160094,0.000160344827586207
0.00012665708725279924,0.003078983871349269
0.010772934371388548,0.008348564786592648
-0.005982871599167669,-0.003720083924268977
0.00833177959502446,0.0006365158000193414
0.004821238467248653,0.017859245108526274
0.011836894147739991,0.009892017273130788
-0.009593892563975576,-0.006390033527863425
0.02100523336271954,-0.0035736960408711514
9.732151723149639e-05,-0.003226043764864284
-0.0017996879008175008,-0.0016433660617370409
0.07031879637583843,0.0075233459942611654
-0.02779557592643348,-0.006486615024878146
0.0021196548192466053,0.005531276492954528
0.004923911336707121,0.007565798386484545
0.002195766675514432,0.0035533239856599943
0.044642165684170655,-0.005330845053011603
0.004824633239573564,-0.011348784062741025
0.010206173527605132,0.003045329169919334
0.005657839907839909,-0.00027853394879078387
-0.006843379294235978,0.003219390693117638
-0.0018634523054269756,-0.0013616759208919702
-0.03045319273640168,-0.02516565315895338
0.013895840898208363,-0.0018573485987214416
0.0028565653657489243,-0.0004954617515898208
-0.031128608243043476,-0.038225225026988136
0.010842343066799646,0.009811477856241696
0.016019001461904818,0.026654362165513798
0.018183500710797648,-0.0022535201507231225
0.015009588592603016,0.0004026062866938516
-0.014755737252553061,-0.010682171959107045
0.021093534970479354,0.030465816241918558
0.014490364966279083,0.013817251793744913
0.0033913034282397883,7.064364207221333e-05
0.004821238467248653,0.017859245108526274
-0.010590409513767527,-0.014388796597469417
-0.0002230718562109173,0.00960180645350995
0.003873322710632665,0.0014353328831456635
-0.005877866588833712,-0.002021589930143671
0.00742916287876535,0.0035352866993744905
-0.00605113044862186,-0.014036177943397607
-0.025585781599051213,-0.01897274296605945
0.00028149190710767064,0.007940775035689171
0.005389300644077768,-0.008763539409054059
0.00795179049464027,0.035623912388429685
0.0107745304632821,0.012652570850525551
0.01316978891129779,0.014285096733323397
-4.516897401861571e-05,-0.004177494887906142
0.002204429894859185,0.012852244091605793
0.00036110607712280633,0.004994401423138502
-0.006417064213129058,-0.0002800543796250502
0.007377535479956787,-0.00275107096293537
-0.014229617063832665,-0.012921815509051967
-0.0024045275418828945,-0.00938548703704611
0.004608665453243452,0.02013205941439117
0.002038067522664767,0.009599051962428837
0.014367984897665994,0.004539025821064416
0.00960260440110267,0.02312813074564786
0.0026165178419276782,0.00419943868793904
0.009461301257578535,0.001647177547811223
0.005948313837225074,0.0005868332580661348
0.013481654055726423,0.006110968111460574
-0.014229617063832665,-0.012921815509051967
0.001126022265071757,-0.0017715187590187586
-0.0005982388951047391,0.0058516116633436
0.013349582276081708,-0.0012317749350757605
0.004410779494719464,0.011286036761451557
0.0245731558964873,0.016855245445932854
0.005179312325635336,0.013550111595724902
0.029381753898455973,0.01379194714170271
0.0022298316415963475,0.0003508771929824561
-0.006403136585920628,-0.0056580257645386205
0.0012118874977481537,0.011946928131187078
0.03952200889343282,0.005064602608720255
0.013039700415734793,0.001794902896106227
0.0011404006046863186,0.010316762470164269
0.017023735727652634,0.0035734190201435223
-0.012972660395833769,-0.003425800724668346
0.004303052834719867,0.011502178264213713
0.008297462407541333,0.005909282109776224
0.0062957728619471975,0.0090738514119301
-0.0015098643551349953,-0.0004009129043504476
0.008254872019017423,-0.0016127320954907162
0.06350335853206734,0.004876755852194274
-0.021218222954204717,-0.02012013040374521
0.002849670553247058,0.0001908075056277509
-0.0009433404696562594,0.0024338068467871948
0.00018275762334967263,-0.012084623993192415
0.03417040758121515,0.0023502700061291226
0.011113682252072779,-0.0010061776371598232
-0.019553179241057914,-0.025904919038876505
0.015485159882558712,0.0013438752006341924
0.022044163956405287,-0.012798751113766223
-0.014817777184468405,-0.01681958264320077
0.013569830527753582,-0.004857534739738374
0.0014829931972789115,0.0
0.03305475915410443,0.014928928096178832
0.003287177755262861,0.008914787111792288
0.0014829931972789115,0.0
-0.012623832959810125,-0.028858128306160972
-0.033185707620441,-0.03351804019459191
0.022948807746787408,-0.0004343971631205674
0.011146280698608813,0.0006060606060606061
0.01250406613726174,0.015218348024375885
0.006733283812087758,0.004165358848347076
-0.001600764525228034,0.009513147526187921
0.011347887051466133,0.001429453280409096
0.00457772737079918,-0.0033880673405481156
-0.005152104908182352,-0.01111233730299219
0.0049999049976318195,0.010244063866690604
0.013578657813798111,0.0028464235817177
0.005257059515816887,0.0013132826617992936
-0.000450491058433259,-0.0063471993902793275
0.002659024032847525,0.0
0.013090532800005068,0.007576897083574209
0.005158929481838973,0.0033718194254445965
0.03248471401161021,-0.006148342530167969
0.008338034728496771,-0.0005128205128205128
0.0037240829346092503,0.0026451612903225807
0.00858418588147482,0.014718613931051575
-0.032029745882031724,-0.04346670461689594
-0.002300382924440644,-0.004278485465355242
0.005547129149107388,0.003588719295563405
0.0023228837526772564,0.0013134711360458656
0.00922139302688963,0.012116634732488838
-0.0049940859697569714,-0.011645779154960416
0.011717840162722388,0.005354841130181076
0.014743743847431403,-0.0006280309593559713
0.01912955382070409,-0.010508257638056491
-0.013217361891750268,-0.01689918287891052
0.020549866265472637,0.014548002544332578
-0.006250060685253505,-0.007574657547630136
0.01717062223484667,-0.0014919842219258714
-0.007321907836036956,-0.00958615942713231
-0.005215153351423409,-0.00884757752571979
0.016725648167006137,0.0020595197563288105
0.02711224689807839,-0.004055345443144823
0.009088612832862358,0.00875541988941451
0.02235555261374093,0.0017576707879530344
0.0025317330423713404,0.0050593165699548675
0.025820931595286797,0.0021822523881347413
0.014897139758372547,-0.0016626819775067503
-0.001514285714285714,-0.00098796992481203
0.023470102707072095,0.003811578437523361
0.0057428474247469856,0.0011384615384615385
0.00642057462271007,0.016986583846438207
-0.00029564143418770936,-0.007202976805815985
-0.001799994220735776,-0.015384046486212017
0.006143608401308191,0.0046855695733884935
0.004056713903861138,0.00023869614939768004
0.0003846153846153846,0.0048667682416855896
0.02206186239517213,0.010996433219807153
0.025345407933553898,-0.0010492545753896458
-9.356725146198835e-05,0.011273041286199178
0.018056307975112217,0.00954263616049985
0.03600656673070683,0.018455067847086507
0.011393114629718993,0.05299250667795201
-0.01769732760829576,-0.016265033877806798
0.04311806560331718,0.009430387815376334
0.001,0.007650456819211307
-0.0003560182012888411,0.0007364170276223415
-0.0015674002384965845,-0.0030118802710342694
-0.003065924675543215,-0.0017044239860736022
0.013429691193563856,-0.00044932583719163414
0.04075671694043295,0.0023504971901997115
0.0030992789619612637,0.0044189342403628115
-0.002235045459055234,0.016429935399306483
0.000586472602739726,0.0012957157784743991
-0.002592386626827723,-0.005895337732446047
0.010743247183641579,0.020507495186410405
-0.005115069988531002,0.004084254904729818
0.005375362097652299,0.03522989998441327
0.017210518907779315,-2.4073182474723155e-05
0.011868942617214509,0.0024892003820705623
0.03771729347462785,0.006859482451622418
0.010927257063628223,0.002302631578947368
0.002496354153298347,0.027398210321753994
0.010912305455243194,-0.005211794614908179
0.00803276473869664,0.005191309589599863
-2.0806865551319803e-06,-0.003077403658553296
0.001607616056820463,-0.0002032207278125143
-0.01920956128916316,-0.02901691059260714
0.006976643765227675,0.005454946767352268
0.03368803522763335,0.0012570930586908746
0.025294748506775558,0.0028194653206607433
0.000328614933453643,0.012621408651068
0.014612606343490393,-1.6871887002180806e-05
0.01805337829537291,0.021882065359950218
-0.0027416663048989466,-0.008032497695730337
-0.006436947673289865,-0.0055321835055427565
0.03270615220810253,0.005166106561617181
0.015166116854656304,0.0007844922393711838
-0.0037261659198030705,-0.003515289116251461
0.01141636955822451,0.010957670057991578
-0.027534507031925008,-0.014415328151838974
0.014408975085066443,0.000718572500267924
0.038384901154925356,0.00398096048537252
0.03941970212406412,0.01048232711405614
0.009446718411491906,0.003920767321742683
0.016893202715883668,-0.010602950394667876
0.002432661918015001,0.0012085415720127215
0.00857854202717278,-0.00412341963272539
0.008120959143404964,0.0001806722689075633
0.006563554066081895,0.007061390993525959
0.007507074689977166,-0.001176470588235294
0.006465496027814736,0.005153392528030281
0.005684457378620673,0.0017431316323187223
0.020530839168776086,0.04574003041358152
-0.017783121149868655,-0.01618784483143225
0.04427566632795165,0.019135913133367044
0.0005284081166402189,-0.0009330212341508342
0.0022179636082075107,0.007246418311857608
0.03208566736613793,-0.0024831192160092727
0.007730897662666992,0.05516408101730617
0.02086973477689867,0.0030642089093701995
-0.013988639524496669,-0.019759956709531117
-0.002472050630162501,-0.0014403492691050838
-0.0018759223774682124,0.005799842561083938
9.011009060374067e-05,-0.00495702298462043
0.011881084547031868,0.01792668128452221
0.008903040082549997,0.0008
0.004923458049078611,-0.014535165073229958
0.001473411299498256,0.001776147928312954
-0.0016242681590133406,-0.0002620124205986933
0.005558544407772712,0.0019235218788346891
0.019055319958746545,0.01625160366055112
0.023584818137617033,0.0027805154306822827
0.013011443923713591,0.0033078669541541116
0.03438299198534113,0.013246550193569472
0.001554487083663042,-0.003218603649170132
-0.016902423649386066,-0.019583652557296296
0.009072589931324959,0.003342517006802721
0.03710865262189988,0.006335924281081666
0.0022379528084421328,0.006577619097159187
0.007340386652477131,0.00020069515850694832
0.021153015622755775,0.015519733362333829
0.010862520518758391,0.0008877507469056765
0.0032198650370687094,0.008364792067548706
0.007361414597838074,-0.003375513747947868
0.010018663090775655,0.010172751548671612
0.018177140466429813,0.0018857604842124958
0.013394145219047542,0.0109036758180241
0.020236241580043543,-0.0024675230284118606
0.0022884012539184954,0.000425531914893617
-0.005755343842739749,-0.0050289011499706085
0.023584818137617033,0.0027805154306822827
-0.005057228564505933,-0.003972535585457587
0.013752566034776696,0.0003394729422933635
0.00839265852144171,0.004862314589639399
0.009598973219935652,0.004308451733282102
0.00935151145793816,0.00013366750208855462
-0.011392616880929615,-0.02013825669276168
0.030316504595990067,0.0023391342965095453
0.0037240829346092503,0.0026451612903225807
-0.005120887543677257,-0.0026975570238272134
-0.002601880445464751,0.011200092501096917
0.0012857142857142859,0.004907956773396071
0.0015465892217386631,-0.00437574222278362
0.0015415202746904095,-0.0007418957608807228
-0.00957037028736753,-0.0025524301197235675
0.022269537908456156,0.015215020777235685
0.003078733865564714,0.0040781826442208985
0.015513440557342599,0.007577804747671686
0.0010891975405611883,0.010074143532366473
0.009967261835773511,-0.01063889863631064
-0.012336229880042265,-0.015864138045788616
0.006423289853828027,0.004006952051675764
0.01372668827577312,0.011603992469680195
0.031593077598371565,0.005270982887081959
0.011207782478627287,0.013843369385932313
0.00946785361894551,0.010727671045259547
0.01450110705668942,-0.0016111933482004124
0.004175147867269478,-0.0003076923076923077
-0.0006812800807246729,0.005311284982665699
0.011068594351083929,0.0014963247930108385
0.013818653246723277,-0.0013333333333333333
0.0010183890183890184,0.019620945948462958
-0.0037701332116181555,-0.012571535901848176
0.003160498055659347,-0.0009523809523809524
0.006337984484554495,0.009773210732887823
-0.00903036306923144,-0.00921581103734372
-0.0011998718656938967,-0.016090315116201855
0.011779730694970708,0.003860641867454576
0.0029300144300144293,0.02214560770884342
0.019343720976522677,0.008056906351067358
0.004487273671391208,0.005097404850440459
-0.008489120185197615,-0.006829301877066063
0.019227068719575954,0.0066906401301834156
0.018694200332763054,0.0042038792633758305
0.022755379010218135,0.005001361491387136
0.00533293602461007,0.006674036852383568
0.014288677429894904,0.005682880017653186
0.01593448328119149,0.0027762853148273437
-0.02569631117902168,-0.021588279049627603
0.0014382522460644875,0.005509046063719102
-0.0007794491785686004,-0.0013411176723125398
0.001760105635889117,0.0005934337543008778
0.0025700267583698994,0.02591872222880554
0.007262271170175273,7.064364207221333e-05
0.0009937888198757764,-0.00043478260869565214
0.008092992440675035,0.004441556235233409
0.016172996728446267,0.003022118105593347
-0.009754324150846268,-0.019262787552359977
-5.323868677905945e-05,0.004959885550635505
-0.0003508771929824561,0.021173598179683877
0.024120925303312266,0.029770379624342126
0.0016898251518067185,0.01535938306775381
0.004247129752168946,0.015059485110667048
0.010561674725938969,0.014374242437412758
-0.002964355173155864,-0.002964355173155864
0.006870401594498309,-0.004536842443585107
-0.003415636307724894,-0.009479840809107354
-0.0023825994898211194,-0.003000075231465029
-0.0005340595059009925,-0.0015576073865917303
0.00268407928509541,0.016281206483175187
0.0014824446471236805,-0.0010216783892551375
-0.011989812387323407,-0.012461206895504158
0.0023171509705527675,0.007310896876756227
0.004768056924985029,0.010202783767807366
0.016383480377026,0.009726307096512087
8.571428571428575e-05,0.008977946857838013
0.00487296796978571,0.0017211942510163515
0.022567032145426796,0.003424261320392313
0.004456037296482102,0.014084293552420316
0.0006633771929824561,0.012001834421459422
0.02404429972357715,0.01590710391259244
-8.891774242297465e-06,0.0016661581658212778
0.0041625880660293175,0.0026158226429049674
0.004976703947655798,-4.070500003324059e-05
-0.002171773665409417,-0.007932274363618036
-0.002171773665409417,-0.007932274363618036
0.019479035243355255,0.00354215456674473
-0.021571298093964908,-0.031107439651196393
0.01336667189707845,0.0018634266020211459
-0.00417897094402672,-0.0040915779689941235
0.025325248112737515,0.0023509733451251794
0.014932347366750944,0.007447308667215324
0.014098246291184204,0.01007171826332114
0.004583397607297577,0.008818908665798212
0.00409535892503736,0.004437062246294184
0.018078658166762008,0.0013350168350168353
-0.006066646762296567,-0.013333853943250857
0.055203353385974686,0.018601880612021
-0.006217808655932352,-0.0032371420666124726
0.012617520414539295,0.01620799888505409
0.0012512218963831867,0.00041666666666666664
0.009882837843124881,0.02659457776300452
-0.0002450147270082418,0.0060777808190636065
-0.007148946808375642,-0.002259739583618279
-0.003079865493176034,-0.0011262950268183577
0.003675640117154065,0.005234966146849331
0.038180942504435884,0.010453242921671713
0.005695725704514104,0.0024355433474265316
-0.002075410382687751,-0.0017907174036394047
0.0018814167645245083,0.00853762284800195
0.002917516066183668,0.016594453881306138
0.0030410004421182416,-0.01175969929731195
0.004844150416799076,0.013051393601167789
-0.026350797407221873,-0.032122803179227645
0.006789165983520196,0.0017796738594614244
0.005804190515826057,0.016867300570476314
0.0011598577434397666,-0.004238855071937461
-0.023070685537507202,-0.020893571266285778
-0.019184708034715843,-0.007293840310298467
0.008280251060324427,0.015567614421533241
0.01360782300421188,0.0015659725332139124
0.003831991091223579,-0.012889457159930824
-2.0054016976382358e-05,-0.0038827875010004845
0.0029653011843218985,0.0027528813787170135
0.0011257004537641728,0.010257494587761113
-0.02627240759176514,-0.0117775935617753
-0.02080429345073673,-0.005687457970472789
0.004768056924985029,0.010202783767807366
0.013602451134115652,0.0031643858204445717
0.028308528547509454,0.011132937594819058
0.0101985116372189,-0.0036127479929335352
0.03367769652566082,0.007106794850335492
0.008298511908252888,0.0003681592039800995
0.007325661732729943,0.02836364491066385
0.002008072051808747,0.005177049017521833
0.0025088952093219137,-0.0009979516047184207
0.023236908077880793,0.005176791742853697
0.005838535292450113,0.015463493093465053
0.0021437106368674052,-0.00014514110379910375
0.0013679917587457488,0.012550489726340734
0.0001964598115239335,-0.0025691562013915965
-0.0005653906713101314,-0.001429146469904781
0.010448119759744526,0.021545427103008306
0.008186240861673452,0.020004784655425066
0.00660162256617719,0.005026468021187131
0.004216476892464436,0.00559574970861507
0.002038067522664767,0.009286551962428839
0.021635502089624472,-0.004596016117599455
-0.03954930670865053,-0.04593572633776647
0.020611662661556503,-0.003624518889006948
0.03441004022395969,-0.0006337580486740152
0.010779917726825418,0.00890333370611454
0.013810338438115872,0.0020943398011995327
-0.020830858056679818,-0.021646531787187614
0.003545628028386649,0.02402515545983172
-0.0019311690921094175,0.0014336350553560203
0.020234454981500394,0.014940959388654383
0.012621068520849519,0.009237262116852989
0.0011290575228393566,0.00827473709626274
-0.0048272113275013,-0.001882808652712337
0.005303224276513028,0.02246571503674406
-0.011708769772335785,-0.010457269172095688
0.025660493636301285,0.009507765823832963
-0.014470353924185986,-0.01252546809558597
0.04457694243610998,0.006888641315111903
-0.00407950293389186,-0.0001350526596803894
0.010602668774225192,0.002684917421759527
0.012163372802543792,0.0014355973528387318
0.0070036553156435765,0.010133676019509734
-0.0012940322721072886,-0.019967144619682395
0.00743754955845004,0.008881301811188593
0.0012273550724637683,0.0013743533458558236
0.009313318456384745,0.018953782289568986
0.0024538649876801773,-0.00631476938325051
-0.013438246230198281,-0.018630424422376474
0.031143704263411526,0.013443420237493548
-0.002218024242760285,-0.009120431608708082
0.0009817063973554944,0.003158737971683501
-0.022431075846909558,-0.02061805993684615
-0.015290059884624636,-0.03490024647429704
0.031031861183673768,-0.0017367478047696592
0.03414379958482691,0.018667582692410197
0.000865423289132875,-0.0004724202626641651
0.014871655736688676,0.012339012691158002
-0.0014936474936474938,-0.0024776987718164193
0.017387436070238613,-0.0056277480831252915
0.0036302249522063776,0.00028640787104929587
0.01341937067942077,-0.003750069183192187
0.034377626804605835,0.005515157303090624
0.00471769458441919,0.02979338390765264
0.014080198960735464,0.0010047846889952154
0.001964035964035964,0.038045975708484975
-0.008075657012901048,0.015314223649717705
0.014287086039355936,0.01333334892670501
0.005975448953777126,0.004438532910061089
0.011164920120098528,0.01804253452964989
0.0024776178527142704,0.00037037037037037035
-0.015425460562141816,-0.010305125967311566
-0.004586939969059548,-0.008341195283830535
0.029219509587811627,0.007314640584760404
0.027509733921754133,-0.0015330799585343974
-0.0032429085482501134,-0.005645439453085166
0.026008358364841548,-0.00042198799590103934
0.013203526112648014,0.0008859453088339258
0.011017723574791891,-0.012360476619695835
0.009923707845345174,0.0036377793922019357
0.008435646318459696,-0.0001961908603699649
0.011763485000089363,0.051639206591235304
0.051122716401257755,0.023948633863997072
-0.0004834971824071452,0.0009401641925329603
0.020196358464273218,-0.0004915539029947116
-0.03510688878778627,-0.02620597410934474
-0.002171773665409417,-0.007932274363618036
0.016775578941769564,0.016696535113379842
0.011622209160696069,0.019357996500530224
0.006797632045061673,7.619047619047617e-05
-0.013683526922886635,-0.02198378377079805
0.025341237596076715,0.0031561233961490422
0.004970535284820998,0.004497635697635698
0.06558754723036678,0.050828968253974406
0.012509317681256123,0.01058027200815071
0.0022737724630669666,0.002283342644600212
0.0003846153846153846,0.002517053401537055
0.0006767490817764857,0.00662331258101703
-0.0005419164387295127,0.00012810947153314885
-0.0028402384358788176,-0.005623899278570134
-0.008261413613103473,0.022493858884828397
0.0004761904761904762,0.010851093863813435
0.012196926342492509,0.0015618279569892472
0.008062096159120152,0.0021669128002689427
0.04068367611185183,0.026560452199137392
0.019601301676587433,0.008017612390659512
-0.01353440265499263,0.00948526074273364
0.001536595977080653,0.0011892214066127108
-0.004657865284579423,0.010818719734617559
0.003473633606037788,0.0027268374899953847
0.0069397902336715955,0.00492789585953445
0.013798107032044754,0.008263807788213163
0.030446041865374952,0.04322965650755551
-0.010535092023561603,-0.0018509873439659652
0.000682997053944083,-0.0063605121052477094
0.0030029226779468825,-0.003674300375849867
-0.0034193041924221795,0.0037516426103320673
-0.000993773538152002,-0.005983633910165052
0.021369474506881734,0.004489991625065326
0.018500685719518455,-0.0002388791596221124
0.012645987834358535,0.0038228957625184032
-0.035121312249856595,-0.04289018048683097
0.005573605105181483,0.004565004887585532
0.0010533610533610535,0.0
-0.0017072000025240386,0.006069572524613297
0.0030039336421879546,0.001702127659574468
0.0005184756234293316,0.0096103135466345
-0.0009753231492361927,-0.0005753231492361926
-0.005733677020468584,0.022836599161070576
0.007197325351652224,-0.000230654004450197
0.023550554623459827,0.009761964036944688
0.02887071598548663,0.003327082072998588
0.014912151505613931,0.0006865492210974115
-0.013339823524547371,-0.00555475190069326
0.01227857670327175,-0.0013334658805025453
0.0036006092347709087,-0.0024681699592752123
0.023721661586976025,0.03503304878461412
0.007756816539291594,0.0018419259857594874
0.012489164309933649,0.008115745889056024
-0.0028423630721706138,0.02828986655883628
0.014557777032198266,-0.004387190448943061
0.022282547074816833,0.00939523665398812
0.010552743462499556,0.0030160852219675753
0.0027361614298574977,0.002135793484310116
0.0025280121829917047,-0.013737740863173541
0.011844152261747391,0.0046358738036157395
0.0035430108452001426,0.0012603480834676593
-0.0021002650870089942,-0.00892978665102869
0.0006698591418433219,-0.010197073184113553
-0.0005343441118496541,0.0048440854642456494
0.0002567604996034766,-1.4035260216861863e-05
0.0018399594844692021,0.007757213553953863
0.02344470977669597,0.025480402385755524
0.009981429076119342,0.0046628951175067745
0.0006942749141437044,0.00823407801601383
0.016019746288232675,0.013191060631441272
0.01141636955822451,0.010957670057991578
0.0012136027530575593,-0.0015401069518716577
0.029311123832248164,0.007360913433078084
0.0010903428721606434,-0.005353546389612129
0.025819133985665856,0.0020998031858207597
0.015765500401461158,0.024517615882029095
0.0016509364940005854,0.00014874915483434751
0.007741064581608684,-0.00593090329202637
0.043199396736647334,0.001720365774359708
-0.011708769772335785,-0.010457269172095688
0.02331766881188517,0.01843628230900954
0.003021875715571783,0.0017102615694164988
0.008389960128376794,0.00794231797371295
0.006629413536481746,0.0371031124405125
-0.015123604090195562,-0.0112542384119113
0.008223112759493589,-0.0013816455325297693
0.010882068208290034,0.004264650361852657
0.010642911796786697,0.0018364027603378517
0.0063550870451017346,0.0011858974358974358
-0.025125953161728692,-0.030715852682366943
0.004670585102687144,0.0021445221445221445
0.004428023650258742,-0.0029173327579642885
0.0007758073376389531,0.0015533178335159856
0.012272165913676933,-0.0037760537958048635
0.02558557686917073,0.022767038138485934
0.00693916587973957,-0.0011467206415109194
0.0039824059481567975,-0.000544567906346609
-0.0005151567315889565,0.0003111957186243057
0.01365385023589014,0.009989342545123927
0.01102136627654462,0.02132177469604771
0.0029138692813952417,0.0006557377049180328
0.05134393749992669,0.003306354993110479
0.0024910308628225885,0.016307300748274568
0.019161011502394933,0.023984730819425332
0.010514778715255618,0.017735968715428027
0.011244718341700282,-0.0012246767439904075
-0.005968988211551141,-0.005391782469231817
-0.020274330370613006,-0.019463090060535485
0.008384690810226683,0.009538952976912254
0.0005275537634408603,0.010613324978385609
-0.007802397831704229,-0.017072606186812965
0.008756538688308018,0.05618972204294719
-0.005062174142892829,-0.01266709783772743
0.004239856927039761,0.008309472374856056
0.017559830166824428,0.001379310344827586
0.0078038610749665395,0.0025423676717063635
0.0073084577433926105,-0.00029850746268656717
-0.00701154005050531,0.008850553230382537
0.025311012500993567,0.016192637444055948
0.01116142166193595,0.002373558146797335
0.008892061864051958,0.008906585004828813
0.006020732211251295,-0.004050922485841807
0.0012793313068172156,0.01203614742754422
0.0075460378304106224,-0.0011639155312565168
-0.0019841287135774588,0.007278740632937045
0.003273619788346296,0.0015635307624772068
0.011862425629910434,0.005654582594205235
0.005011810305151663,-0.003171798973066001
0.0027417599131308286,-0.004371031882925449
9.468168985289063e-05,-0.0009597406130254726
-0.002777904397099085,0.0035746991295081895
-0.018620856237897176,0.0001850051260529513
0.006313177678160914,0.003427002897761325
0.041601088161677555,-0.000596668857092612
-0.01465130750583762,-0.004792314705779711
-0.00138917496815108,-0.005688631457448396
0.0029987941929905185,0.0011852827343177693
0.004853113968964393,0.0014542124542124542
0.005179312325635336,0.013550111595724902
-0.01030305611693566,0.004202723214871702
-0.003695451391918703,-0.0003446538770594688
-0.002307329804195648,0.003765162263686654
5.50016665762322e-05,0.0006586066144750075
0.001158486403237029,-0.009612707211118643
-0.0012963136227375966,0.0005779901344211821
-0.017864742828896645,-0.019989128693144256
-0.010123570730336397,0.006360311628952429
-0.004919645061938458,-0.014590605589609253
-0.0177341444332432,-0.017579402034178928
-0.022739474524372822,-0.026357272427686658
0.008962096989955627,0.0018373739617600668
-0.004887086214137689,-0.011531803464330456
0.007873452024722736,0.030607604002696336
0.010427945562308392,0.006435734249380916
0.025128256212217554,0.00020481862768210622
-0.0007152542026169139,0.002329036951762564
-0.006566176458882049,-0.003952809777011072
0.01193194629804794,0.024366995200744573
0.008265912797489176,0.004565004887585532
0.004740507932730969,0.003235401157981803
0.0046605442533511985,0.0059704217791366355
-0.00786981717570955,-0.022186539603253768
0.00970473623515316,0.006275709397392139
-0.03045319273640168,-0.02516565315895338
-0.006437710765005603,-0.005919170372480273
0.000551406602986141,0.008198257917702508
-0.0027477481687965943,0.009514292978757718
-0.0002600472813238771,-7.891414141414149e-05
0.009461301257578535,0.001647177547811223
0.024384958017598747,0.003042232329608568
-0.0069165031237261795,-0.005331373809317086
0.00806213013205221,0.0035078545454569577
0.013642289141000895,-0.002527726256895277
0.0,0.006758199643493761
0.023896289625276596,-0.0021880625682267263
0.0025855078750958937,0.0033672641868312133
0.019890190281582672,0.005016700752509739
0.0025167069659113722,-0.000519661733615222
0.006234811339131136,-6.130117745040305e-05
0.011576236728497807,0.04563050266136786
-0.0008695652173913043,0.01503993760768729
0.004427786490237803,-0.0030675314609138133
0.006558282381753322,0.012802282752049806
0.01806850216891796,0.010671627428742862
0.015609363124835025,-0.016336486684055223
0.03020150005413655,0.016314256464230712
0.037665129705631226,0.004506800665823596
0.013489722772305101,-0.014347341887437892
-0.007942849820455988,-0.014660985264955182
0.01896773418285465,0.013692865075223305
-0.015495625840449589,-0.024343477551988627
0.0008171509705527679,0.0053242086545841364
0.00336638078114309,0.009381482633288732
0.001777302148794434,0.007615188851509676
0.01417374787045908,0.01022781730465288
0.0028129260677797682,-0.00470880302663986
0.016241144371907115,0.0034240200086556516
-0.0038942414710071427,0.011222569098556784
0.006709560161515488,-0.006197302779646326
-0.0029511058887542376,-0.01722305000057015
-0.0019472229271879013,0.0036917413006061373
0.027754934401780746,0.004323537881006983
0.018890157859878232,-8.752311282551688e-05
0.0009791666666666666,0.001639766081871345
0.0009381710510831106,-0.003864290605806839
0.0014525224351200584,0.010798882408493981
0.0021936803589597577,0.0001131332825577095
0.01471048134604348,-0.0008476535218784899
0.02558136028965374,0.0055856160692910875
0.02248876831076837,-0.0017996328350380275
0.016354922062304246,0.005176734376734378
0.00451029866398007,0.0077793790067285755
0.015700204815829875,0.004589569160997733
0.0028871121893845088,0.0031802606575362415
0.011001281789742787,-0.0007119289629533896
0.005350549863236277,0.005811371450849629
0.008410067002973223,0.011006918050392112
0.0029471934230767393,-0.0005243291371259725
0.021041859414778718,0.0026907816902695175
-0.0007239122063919909,0.0008378944982718568
0.016321381120972492,0.008833475749878453
-0.008227069126321394,-0.015804752600064857
0.00591341310486709,0.000967741935483871
-0.0020941186657609644,-4.2315376815739436e-05
0.003220652626922226,-0.0012794837423320787
0.03493584960686185,0.013650498470159278
-0.0010759592341633524,-0.0043039303557141015
0.003347207398252801,-0.00020076073874027807
0.0063352040159871635,0.007464951852259831
0.004501929962806812,-0.0007225233185210395
-0.02080429345073673,-0.005687457970472789
0.004362425300753761,0.008910671602128674
0.0004761904761904762,0.006191914347935553
-0.00864449702646977,-0.013961060377273684
0.034861136642481604,0.004066289099868899
0.04540241122286183,0.0343516163070975
0.012577496690920356,0.00045454545454545455
0.0009708976655255358,0.0020665047484524305
-0.005433737225485839,0.0018556843526638129
0.0341011384186175,-0.0013314507518031428
-0.014185066062276942,-0.011938899140671547
0.0007937602042138638,-0.0020530992816204336
-0.008206215624079544,0.002975462833855228
0.003717864602711094,-0.0003226843062806516
-0.031768006727391704,-0.041404436161726614
0.0006126361870906157,0.0026426409751670534
0.007177283460165523,-0.0025725457439580925
0.0010368631971892847,-0.0004542645846217267
0.015036886808320058,0.0010315925209542231
-0.0184680336562566,-0.027137007045125228
0.005625175131048617,0.0032272461326843327
0.011195023925907972,-0.0023297970570702086
-0.0016872522060672373,-0.007039325682730878
0.012393661403179835,-0.003173856468998543
0.00021102020393160177,0.0019676973433573556
0.020916935078172567,0.0051814718331345795
-0.0013548522424668087,-0.0005693050168710505
0.017396482785961266,0.007756300524366376
0.02753370592976975,0.008052466755619742
0.023584818137617033,0.0027805154306822827
-0.003946773104183912,0.008213250579582828
0.00667612194566726,-0.003558398121849421
0.010030809722236621,0.01785473345680514
0.010438427400276422,-0.003989759621450432
0.002408466142729088,-0.0008283488149208405
0.02004070208240879,-0.01008277797908044
0.018993744942812255,0.02624507643639928
-0.0035729571238097384,-0.010706534880475536
0.003242493078327584,0.032700339959658334
0.008015291079448025,0.005714492476239979
-0.013096081713827241,-0.007340172089863864
-0.002313053978429341,0.0019801862282533902
0.0021187443969835993,0.01644603882868509
0.0024802850568317603,-0.00025469729130584654
0.0069917647453828615,0.014734346109618346
-0.008577830857654435,-0.007709437612964588
0.001909599042864165,-0.004505584971871705
0.0007937988329112019,7.185138387229024e-05
0.00613352424684122,0.0395596397027764
-0.004712455748772493,-0.0016068835700434637
0.000979150903741068,0.005356867246228949
0.003917461313127444,0.0027227547833709705
0.017675769092393212,0.024846389295811403
0.02379291227135953,0.01723808049649119
0.0034739031323614126,0.02982652276031818
0.001124716553287982,-0.0009448545375597047
0.024146820352354433,-0.005212972711316249
-0.0018056121981371398,0.0039862085087202
0.005737720367847944,0.024258779175642273
-0.014755737252553061,-0.010682171959107045
0.001879907584328348,0.0010192114586668986
0.02636908605366674,0.006811956497568697
0.008328820825450903,-0.0006879433570327925
0.011113486234109522,0.003226082257147208
-0.0004870609841022486,-0.014359507821377956
0.004193066952386075,0.026143964624543745
0.006143608401308191,0.0046855695733884935
0.030026442462082855,0.016931011626919984
-0.005062174142892829,-0.01266709783772743
0.00858961537837722,0.010536608626325064
0.0010257249990975395,0.003151883835082579
0.006337984484554495,0.009773210732887823
0.017664716604125087,0.028355620709659853
0.004153385834168981,0.004848351061745996
0.011815399654171112,0.001011011011011011
0.01667699047375521,0.0030890419207973852
0.008176278389664041,0.02201309345219657
0.005025322881231309,0.000425531914893617
-0.010302520234917659,-0.008094154349244386
0.006873219006025801,-0.0005248517916149262
0.0022379528084421328,0.006577619097159187
0.01813493026800288,0.001249993130006192
0.009287150973867547,-0.003711151247685382
-0.00953106358224446,-0.006169250814378895
-0.0020381756249447723,0.0007298706882061332
0.0021811735513003546,0.00010521271079861781
-0.0003269528583392349,-0.010261480166637534
0.006896284356788957,-0.004435817805383022
0.019546092327879388,0.0013829461001874795
0.010613318274452735,0.006871001795638858
0.0042410072254578275,-0.016465941696226012
0.008123496348739961,0.010632719836803107
-0.007345635369319845,-0.03283147429522355
0.012782746297613477,0.0011684332253735102
0.018849303799618983,-0.0014814814814814814
0.04348750731192108,0.020428382570147167
0.015916473294810718,0.011143702752454328
0.00374660656803514,0.003815722467107461
0.004262011603732555,0.006485964299171847
0.0192848580764835,0.00386535678318227
0.032908465756430055,0.004598433646322114
0.003663699322267097,0.0012914163643212599
0.00819125787426466,0.005523470483916132
0.024808284339197278,0.0042488674907550155
-0.014229617063832665,-0.012921815509051967
0.0003846153846153846,0.002517053401537055
0.0115299189016036,0.02390933076773656
0.030026442462082855,0.016931011626919984
0.0109194385293674,0.00235201378741898
-0.009015144353644828,-0.016868820918393878
-0.0007716017277242409,0.016839293463063957
0.0435051973304236,0.022758341097722165
0.006587076168256963,0.005332857204231422
0.019189263054111703,0.026034517048845223
0.0023825681354725644,-0.001161180982010416
-0.025620651301748724,-0.015001568764654378
0.0018896658896658894,0.003606507056378324
0.014118254911353236,0.008048886968236676
0.032341453031513916,0.0037406053165325937
-0.0020414872367962317,-0.003780693581297993
0.008256772504566284,0.006493643740098802
0.002028209545085479,0.0016022660818713452
0.01493748057367569,-0.001701356031300772
0.016512764590394878,0.007839640987427652
-0.0017009974363824155,-0.011300237093755133
0.009730545307553917,0.0028703231292517006
0.020217463521079802,-0.006555139372801084
0.01488078015756903,0.0008720730082959185
0.005466934595164799,0.004980828194704074
0.005994349659310276,0.004015243998918869
0.031948853754177116,0.0004211404042301758
0.0032567898668894786,0.0011295817891176793
0.026352248069902856,0.0023290003647146507
0.004117773164591761,0.003002096876858959
-0.005657157760053695,-0.00911835884311038
-0.0003508771929824561,0.021173598179683877
0.015502490669273379,0.007006183617345962
0.001668148207603014,-0.0010855614973262029
0.008657163957807811,-0.004303407989962276
0.04828649050046241,-0.0020770483716029925
0.02360407546875888,0.010427842553179896
-0.0005479764696120874,-0.0009484033184647758
-0.004158513967591903,0.0011501928550357483
-0.0082880590681004,-0.00557200491003703
0.0027156618762564553,-0.000273972602739726
0.011212539819444343,0.013340828411407928
0.003191093416320675,0.0031741556782981482
-0.019128880784412963,-0.014152190232105975
-0.026295775901232568,-0.037946417128911156
0.010055570056502434,-0.006747367575306321
0.027197040678887233,0.0034482941942107098
0.013877385716734646,0.006862058677575921
0.02722650675984008,0.018780721148833394
-0.005968988211551141,-0.005391782469231817
-0.014192012064617888,-0.019768306604512023
-0.007063064536182644,-0.0054402850158784995
0.010610164882790239,-0.006791071608621116
0.03275902688648726,0.011334746108187004
0.0014015151515151514,0.016661692546820303
0.004475486271325975,-0.003486617599029117
0.0001134756228072624,0.004956068057278291
-0.021125350682017596,-0.029791328425894402
5.1643192488262885e-05,0.012290051470839046
-0.0015319035092447417,-0.0017040241180954739
0.01038064608197737,0.04949394360271091
0.004657929895482221,-0.004459410904426
0.04303058745163213,0.00818379646961749
-0.001225108225108225,0.003991507463223893
0.015590773476265207,0.00030076628352490424
0.0028879842648498848,0.017809529094058828
0.023039014917982215,1.7797405392289134e-05
0.0078064551209746525,0.011393083346731746
-0.004411868174242024,-0.0034486951884538245
0.01787839849396482,0.0028373428718910633
0.05239788887896527,0.012652987023271153
0.0006210078860182221,-0.0027273746330084133
0.002818362923626082,0.00493484317597918
-0.0002932465265356732,-0.010658657829512254
0.013948979346519437,0.006957151300236406
0.004740306581930778,-0.0027128103751579763
0.0004761904761904762,0.0052963919598758525
-0.0012804391455066115,0.0031663101946762468
0.00390314056119171,0.005699949010336995
0.04162671050483638,-0.0009689074909304835
0.006185949239557592,0.0019745385143605573
0.03582571905199698,0.007092361334451847
-0.0012473095946466057,-0.0009780879979097608
-0.002228246379109217,-0.0013986581993368071
-0.006963968453779262,-0.0360301102257348
0.00228531054406287,0.016078300678018426
0.011819010401483369,0.03128113994610468
0.002278826163437146,0.008848509422339071
-0.009558038634607966,-0.009349378118503393
0.004139263036269451,0.010710529705628347
0.006482756140534609,0.000625
0.0156784763755048,0.0033140781630345206
0.004466371655044996,0.0023964888280893753
0.006533854067775872,0.0003773712937007855
0.0018045592654375494,-0.0024738314154974855
0.05338966603096132,0.009422514348679615
0.02505302104757716,0.0070823092459696355
0.025149002896420743,0.0237465493803531
0.005244376942696269,0.0023423216840500623
0.005903778545776696,0.010615895400871022
0.017587266600304338,-0.004379998722740025
-0.014538573480651924,-0.014463743728402817
0.014531269951582462,0.008099246075681688
0.016036144203930403,-0.002945797454873482
0.014000302510844824,0.0009613561074126855
0.006675463137300674,0.006761692357675527
0.010232533690266705,0.01870607856581047
0.009336865739887396,0.007618273301678736
-0.001738176108552052,-0.0016389430904667716
0.011822966227306584,-0.0006744704570791528
0.003670301910379179,-0.0062267442612576555
0.024922489715321454,0.010236471861471861
0.005923946530284039,0.0
0.018891749165600824,0.04805340976148417
0.0207270853881056,0.0013739076362253352
-0.0053482466717032166,-0.008523238865228794
0.015796517596917584,0.05293698394179532
0.004524082934609251,0.004200393848462115
0.01365822352893669,0.006645868983547152
0.0013361532642979027,-0.0009747581739515147
0.0009676163353974903,0.0035793780687397706
0.01581604351127329,0.006921691783646553
0.0003846153846153846,0.002517053401537055
0.029891368575309062,0.00817980395337522
-0.007100686244024056,-0.006165164302516082
0.018773625824801722,0.0017967048221257213
0.01863824732642876,0.0002984501881560706
-0.005153408508127608,-0.01372715974401156
0.052287588568921094,0.0101011688488272
0.0005284081166402189,-0.0009330212341508342
0.001841517076600959,-0.00529677613495633
-0.0008907088907088908,0.002654647615265714
0.013934020824272341,0.006010917735564043
0.004924242424242424,0.0
-0.002822610648460353,0.0017649630794128223
0.007719948050361208,0.025726289381942092
-0.0010358964282915326,-0.0015289839691905093
-0.006427176022940283,0.0007971514088092792
0.006831139733282039,0.009321631216190146
-0.011292853034951311,-0.02060697609351555
-6.036768527995645e-05,-0.006085463874849831
0.004016620844860048,-0.0017120875694261939
0.021632796478321784,0.0025752458223388458
-0.0031717839553361167,-0.026696659556186875
-0.014651763009113191,-0.020784498687894087
0.01456372604361728,0.0117620432098863
0.023689903092681788,0.006194747267731453
0.03202423482874745,0.0019826945335157096
0.007312063229527118,0.005208405223558412
0.039551694742837776,0.005012190638213015
-0.0001228045965334097,0.000412014595311479
0.03313270209847901,0.00107507526901344
0.0030729487885807396,-0.00022603603994487314
-0.002899871432275207,-0.0074827720552865795
0.006794806685969724,0.005604729941404991
-0.015218317007595895,0.0036546322436029864
0.014430042096351377,0.025871703313751403
0.005179312325635336,0.013550111595724902
0.007305093451481206,0.003901586241855519
0.01073159200243681,0.013517029059591987
-0.01339770114848603,-0.0079846746543818
0.006977734111990724,0.027085572445250485
0.0027947327505823544,-0.00193493652477533
-0.005063366762415131,0.00017863585209666223
-0.002747614878565748,-0.004269672492040913
0.018721951585853984,0.0050834397229239485
0.005878287810046089,0.006541826423556775
0.027197040678887233,0.0034482941942107098
-0.0007619925611728881,-0.005177776776957104
0.01392730759032099,-0.0013348023609374312
0.004316699010937959,0.004145209798690274
0.012651037839323587,0.005551685666458827
0.001646091290464476,-0.00534207151681473
0.0006126361870906157,0.0026426409751670534
-0.0010020806865551324,-0.003077403658553296
0.017424516236065595,0.00516794705741735
-0.008712235374972224,-0.008862083526344076
0.010743247183641579,0.020507495186410405
-0.0014178190543405146,0.00012811575943656207
-0.00731296761003706,-0.004563881654878999
0.011862425629910434,0.005654582594205235
0.0021635731597577394,0.010630010818843186
0.0016341435498930757,0.001890800134219518
-0.012655713686374151,-0.013638760245078605
0.0049644201413922805,0.0018485485798792542
0.016999662435586288,-0.00046059343872603166
0.0026091972543585444,0.039545975708484976
0.009482260290366813,0.005361855982032931
0.008117284480750525,0.0009227593429503144
0.028191018520582013,0.007255057788565448
0.026889777451801704,0.0059288037090387
0.005972367540265841,0.004409833279812764
0.000824127288062749,-0.0010471597764648783
-0.0006220676433254455,-0.00933311697874347
-0.003854318435721789,-0.01187568493017491
0.0050431104877001545,-0.0011439073408513142
0.0018054982854850377,0.0025861337885277474
-0.0068494643148896955,0.0029839655501922545
0.0021139653134738152,-0.015950901630372362
-0.018167801155124917,-0.01403925077411552
0.00570109798579727,0.00668075438542033
0.0007791259409055159,0.010475575862149297
0.00189705522971652,0.0024692353643966545
0.03879109165542661,0.004692993037877445
0.012594523112559815,0.0029341648313802766
0.013993076534862392,0.003978400687554223
0.019664996888011228,0.0036735225253754274
0.005284435392194012,0.012576742747839093
0.01427611853489568,-0.004872238689435916
0.0012681167322298372,0.004383496207360081
0.003230784565767636,0.009888053744460832
0.009719845527678328,0.02923038757471151
-0.004432562529711569,-0.011935025682006713
-0.00907891500818308,-0.009087617176150099
0.006511076673464549,0.022392168651380565
0.006698989700775415,0.006140398317337797
-0.000999746764168849,-0.008166513300588247
0.004315768233892987,0.0033523325804697716
0.004175147867269478,0.001120879120879121
0.013939098231305076,0.07100644792001705
0.0014829931972789115,0.0
0.0012909248288761924,0.004514133614133615
0.024845147227731804,0.017699169948328514
0.0028525865946918577,0.014290626932558993
0.008825154055645969,0.008478192541792245
0.01584277346992993,0.008887354973853078
0.0010183890183890184,0.019620945948462958
0.010299933026207466,-0.001598656901629189
-0.007858121179666687,-0.004038162129077618
0.002367987369773084,0.008717598894538374
0.01799835115831512,-0.01076267165238335
-0.015860455089393766,-0.02668711690532093
0.03267179471874417,0.011173403604145876
0.010555793446440606,0.017111287659387568
0.026947325635422112,0.015793909467576556
-0.021390471974773485,-0.013551055473293737
0.006517935402541064,0.0028331698812248006
0.013209897600818657,-0.010763611836997183
0.03478413267563638,0.01664307553661997
0.004833582946409658,0.0008309495393932652
0.005293168587361803,0.007083218856635746
0.03970590345705388,0.014762807469730606
0.0022576759289848927,0.005519083368424892
0.023584818137617033,0.0027805154306822827
0.0006126361870906157,0.0026426409751670534
0.02603131334714167,0.009499476031394784
-0.00015671811511268688,0.010742016314877874
-0.014634528658372966,-0.022088975905463007
0.016939287817726505,0.022253935844175256
-0.006436947673289865,-0.0055321835055427565
0.0015695985636165095,0.005459493024398127
0.02526731800083969,0.01389161391380549
0.038902357733635026,0.02523694013033665
0.012102098532925558,-0.005989250467812818
0.019268458101440275,0.004943331916682871
-0.0011259741061277907,-0.00576301995197344
0.01935435744828432,0.009645547169274815
0.010486267823682945,0.010349456586615603
0.0032635745041415965,-0.001017697113942533
0.0011613134874004442,0.0005325833586703152
0.003180922768580292,-0.0020474101921470343
0.0043687993389360785,-0.004835809202850422
0.013133707112402158,-0.002818774792459003
-0.02943367008520145,-0.02681445315357754
0.0005275537634408603,0.010613324978385609
0.02272275134593206,-0.0035603725273948283
0.0048345195766118475,-0.009846544162010824
-0.0033036182214821416,0.0041618669289549765
0.010132081280764295,-0.0039042770226125328
-0.0007956487956487953,-0.0013699111560953661
-0.02842412299799609,-0.028839026775990872
-0.006098492477676697,0.003980844144693824
0.0016132003446879617,-0.0035060524590444526
0.003848072432739497,0.024756009935587915
-0.02897579044642082,-0.02920138562867235
0.0009116430822541577,0.00045964808927732685
0.004098866213151927,0.007272320509607897
0.00211022311022311,0.008641384260292371
-0.007100686244024056,-0.006165164302516082
0.014295412566645464,0.0033357274533745125
0.00180839624957272,0.008098800919076499
0.036500969091374014,0.023888264076253576
0.004506856863807854,-0.0028785691011497454
0.0034684945729842585,0.002227765859428964
-0.021659945863507626,-0.017958112470597462
0.011259133944704285,0.02479823384617096
0.0025685776481595354,0.0014928231263951486
0.002801053979227164,-0.00416586642980341
0.02081442505139444,0.002154476572387062
-0.001901123472614492,0.0025633795157395806
0.007556918636627082,-0.00043319264725162664
0.0074748407689342235,0.0018684210526315789
0.06953806407145476,0.008075204803897689
0.0009926236088350308,-0.00428121688702659
0.026337155081212742,0.003321036155863105
0.0022884012539184954,0.000425531914893617
0.004471274163670312,0.02807700451379394
0.008528087666708227,0.0009464845321739941
0.0020889250380770105,0.003217476517343833
0.004807704332704279,0.005621756898217071
0.01450675778362656,0.007934123294534353
0.009284939759271981,0.016162657976668507
0.01449383147345763,-0.004762939189992314
0.018685358145950088,0.0074645728284425715
-0.00014075942889502178,0.0004268492925764366
0.007243558620901501,-0.005975495446326928
0.0014400969514257937,0.03013309515435987
-0.00031528899052546866,0.006802943240798919
0.004485970163351812,0.00857538508456748
-0.012128102217670182,0.0036171771979894712
0.05464769012699647,0.0037233250707420455
0.0013998782714546559,0.006182644389262203
0.021274369475711857,-0.005633194658356893
0.006890698277189456,0.0010363937138130695
0.0061590681740687,-0.0026886312776843615
0.0024789652703186534,0.008007796837768632
0.0037125257235299837,0.0034453143554231103
0.016971841948550025,0.0007411032914126439
0.02634833057456059,0.006901200125612206
0.0005623823766027908,-0.0018983793187978002
-0.004151079730055834,-0.007021964790781729
-0.005982871599167669,-0.003720083924268977
-0.005318297076957534,-0.005604512963518665
0.02856047081055743,0.007904025919791939
0.0029762697628098987,0.025384315254191218
-0.013317802530171471,-0.01307000104850553
0.009608816937023885,0.027393919461278865
-0.004094597000077527,-0.010278949864120158
0.02321973512136318,-0.0017637534710502364
0.013764056020857392,0.019592001661196397
0.02171954118736851,0.017176592806991898
0.0016846911953294931,0.008104741234287643
-0.015349429801975423,-0.017694154130611605
0.003158057384648299,0.004640265876045779
-0.0007157299881758086,0.028401565802716595
-0.014229617063832665,-0.012921815509051967
0.014600199989414812,0.05450078243416525
0.0024776178527142704,0.00037037037037037035
0.00831479393213347,0.0482001548359369
0.020161113827068287,0.004374280067002477
-0.00744614666556785,0.015108582080068789
-0.015598318303300645,-0.019847877952726654
0.002613834748700132,0.007535458002206799
0.021115037197291492,-0.0027291051933793133
0.00026277208885904554,0.00544958120092547
0.03188215048219248,0.00014912280028420502
0.004175147867269478,-0.0003076923076923077
0.04088384772788624,0.0007580751483190508
0.00217846440282881,0.0020806623931623933
0.02636896173311842,0.002483262861169838
0.0005469360863908927,-0.0022067736185383243
0.03646687907218127,0.001251109139307897
-0.02558597270058248,-0.029088107562460108
0.02115756587128274,0.015416311168078168
-0.0031102777165682915,-0.0030130937422719085
0.012811762520179529,-0.000308140637155385
0.026698598725486623,0.023699115309629103
0.01942670101974134,-0.0011428571428571427
6.888422426263858e-05,0.0012398950340013202
0.04866602541837997,0.007736416285843603
0.0050809783686435505,0.026431767995051553
0.024946572618439283,0.023529398710552558
0.00522197669471336,0.006296133789220968
0.006640077417765115,-0.006017994115098787
0.006537193978444849,-0.003278138778296314
0.028153236059684117,0.00467552132187156
0.0035583228170745227,0.011373841416385375
0.0033364935066383565,0.008519854396524078
-2.25100712275628e-05,-0.004686075296768518
-0.007752459022691626,-0.01030703949026127
-0.004807448826917184,-0.005807448826917184
0.001593074443240746,0.0005171271047971883
-0.0017753324970058004,0.01636463467819266
0.001950708233479096,-0.011358748764549287
0.0076267937620063415,0.0015613736741011994
-0.006922904293083781,-0.005504004224630285
0.002472177910712308,0.011528428339574088
0.0019459714622892914,0.004148790181395987
0.00218823728975582,-0.0029047760422323235
0.007905290043511239,0.008505939368448468
-0.0007251692686820544,-0.003971124287056491
0.015368152627883717,0.003453650998091041
-0.006893160072015966,0.008328810096131723
0.0017079252782812291,0.012621408651068
0.0001496749643253529,0.008653182933431211
-0.02166120651472041,-0.014986217457717367
0.0011111111111111111,0.001639766081871345
0.018514554446102848,0.0037278784399467258
0.021396594369562982,0.0008049493706843679
0.006337984484554495,0.009773210732887823
-0.011303353842060049,-0.015780346352968645
0.0055113070049586654,-0.0016365785712690651
0.0010257249990975395,0.003151883835082579
0.015590773476265207,0.00030076628352490424
-0.01969985342126214,-0.018242568204303415
-0.023332428718723684,-0.024239564659731774
0.05176071138130052,0.004948904585986897
0.017133547228572646,0.03176677948880735
-0.0048415377549570985,-0.010886048152906117
-0.0017770965653226174,-0.015213179750544467
0.0224241436234628,0.007538059163059163
0.0070882886535674075,0.002679077721238635
0.0017093190247048275,-0.00544997742974832
0.005025027704182974,0.008505516783770763
0.025225868116082475,0.01077209655462153
0.03182980530238271,0.0013877435524294608
0.004700705092363605,0.0011771074256462588
0.004175147867269478,-0.0003076923076923077
0.018569957171750747,-0.00044444444444444447
0.016682778271089556,0.010579335952004006
0.007934461385756281,0.0024643891281148954
-0.0007675070028011205,0.003994482116277495
-0.016977118656437497,-0.019683052678870428
-0.019294675513112265,-0.018093286624223374
0.002219950918648688,8.971783159426178e-05
0.02237688420744149,0.007518311621419065
0.02800322875552654,0.0028508995109980334
0.02065628018743606,0.01115017441669075
0.0009817063973554944,0.003158737971683501
0.008086994694712288,-0.004474374990893859
-0.012804057636674571,-0.01638627100982871
0.011114044464970156,0.008173922757321836
0.0022440130347872638,0.009458434010600982
-0.011708769772335785,-0.010457269172095688
0.0028449944051333054,0.008206146413656199
0.005933197598393255,0.014327392242805218
0.0014537453891505822,0.012584808028405678
0.018428183980993808,0.0033923680617924893
0.01097459891354418,0.030297555797838535
0.0090524104559684,-0.00739150899807637
-0.004423143698980747,-0.006341478010507903
0.005601662255348745,0.012632119071397496
0.022775656130781384,0.0006666666666666666
0.004863971843296658,0.0011682953462093335
0.00199661383177252,-0.01595998766036548
0.00695515175777919,-0.0043110100800398225
0.0066581899438077075,0.0022865925634467836
0.0006451612903225806,0.0064822519230674095
0.015217115888652325,0.034182577880285794
0.0017214636709863146,0.0079572075329645
-0.0007353166126049058,0.017311040100132707
0.024336673617694617,-0.008528137623716014
-0.015048966277176586,-0.02406317182851045
0.02215718097477246,0.004614386958632288
0.0022772345884474027,0.005993832399498102
0.014100613439773178,0.0026674176069139176
0.004679319044694152,0.005511402171497638
0.0066173991847656485,0.0028221564734057757
0.0012701612903225805,0.002070538926597678
0.006337984484554495,0.009773210732887823
0.0007724764686790004,0.0016375567490516344
0.026354752131723197,0.020698017831563328
0.00282104351174432,0.0004878048780487805
0.012950505950837058,0.004847709055091484
0.0028321762326044726,-0.00034113712374581946
-0.02115011377019389,-0.034098954882213095
0.007873898975041888,0.006321159761460707
0.008771865273272355,0.009505314907559532
0.02344470977669597,0.025480402385755524
0.0091430520279943,0.0029199604932905457
0.002224481388447529,0.007695410187922063
0.022248570005053193,-0.0011565040245347144
0.001646091290464476,-0.00534207151681473
0.0,0.0017249417249417247
-0.005902480171236953,-0.01691865148539341
0.02203522051940819,-0.0062186920301452245
-0.006436947673289865,-0.0055321835055427565
-0.0009359004371568011,-0.0007926804463101031
-0.008620959826419635,-0.014200590473456533
0.012640360238122187,-0.002572620918294005
0.004924242424242424,0.0
-0.005755343842739749,-0.0050289011499706085
0.003255354660504399,0.006359919387892205
-0.003483751510512884,-0.009982894452067667
0.007773554520560862,-0.007239020015780057
0.004049193390876278,0.008732464355091092
0.03305475915410443,0.014928928096178832
-0.006150886942552209,-0.01277053045568144
-0.012015409601992415,-0.013350992309668146
0.0061132419232694125,-0.0068082218020644155
-0.01114209101194262,0.00012629495235191857
0.006982592509973922,0.0007737247067955385
0.008165680271362642,0.05545687381009896
0.023432709177658207,0.053373680911192725
0.012108037595932037,-0.006230656691582625
0.001008032287004954,0.01058884999080653
-0.001721274308252931,0.03630689321215724
-0.0024463048437246586,0.003986986203842316
0.0011521174208908877,6.238859180035652e-05
0.025221135909851755,0.0036455976758396113
-0.0017996879008175008,-0.0016433660617370409
0.0008874842370744013,0.00357080986389497
0.008801888446913809,-0.002625878231805952
0.03531734778699036,-0.0008558087576638702
0.009164302235367888,-0.0018059358165455593
0.0006079543653015771,0.010381211502333943
-0.02363358700685973,-0.023405110336228142
0.0069024011738572175,-0.0011467206415109194
0.0017309814104234894,0.0004356559643170382
0.0029590480689083176,0.02165293572984702
-0.0057354249651024045,0.004990915442998174
0.0030039336421879546,0.001702127659574468
0.02160566955638903,0.0017647058823529412
-0.009769527619577577,-0.012232275541310279
0.023728632338736323,0.008121367478895443
0.012310568786186846,0.011723865868061394
0.0011366300366300367,0.00033898305084745765
0.00907031849880506,-0.003350225992095981
0.0026523168921009904,0.0008003705710338104
0.009951136698550713,0.019701162855828028
0.00937536900948932,0.003094245634171331
0.004491588232324361,0.004747874925256574
-0.00018853388987715878,0.003865810242624802
0.005755060115159727,0.0032368114389005206
0.02331264738967215,0.013506576228805616
0.005991386291789913,-0.0012287771687613872
-0.0049555798479570074,-0.0026416982061064423
0.008358512855790375,0.003052751469532526
-0.0007308124261815232,-0.003237162004107486
0.005471570316181201,0.0007314378742950172
0.008177668472170673,0.023692850211208684
0.018972542946384643,0.005354151260738903
-0.0051398429163282446,-0.005124627913835495
0.011471320456104389,0.01035166555880769
-0.005789053803139839,-0.01022956724225319
-0.005704798766710614,-0.004639788285256814
0.02256309667797165,0.0012674190808863283
0.008365878926558556,0.008619218944326979
0.023911477008575967,0.00861646011679942
-0.002171773665409417,-0.007932274363618036
-0.00017272866086425398,-0.0026666666666666666
0.005293168587361803,0.007083218856635746
0.002362189946154397,0.006654058916013438
-0.0001948790700756868,0.0010130663928852174
0.015215606456677345,0.013681547241971688
0.0017654472371611228,0.006577477921061818
0.007001360740297519,-0.014188435256559549
0.012177752813588207,0.005113618522095243
0.02753370592976975,0.008052466755619742
0.005952827487084412,0.0013132617577005553
0.00042355134128478633,0.026632723701693416
0.0005210726396570309,0.0022266518332506326
0.0023034956908354553,-0.0027082658943124063
-0.002171773665409417,-0.007932274363618036
-0.00231799775997243,0.000584948882875691
0.021285159449511627,0.017899866931003233
0.00817732983164023,0.002252746699607915
-0.01211499952403513,-0.010434282674471261
0.005227125741826752,1.718276597895141e-05
0.001232390730554745,0.003427641277641277
-0.005487385129490393,-0.0017983981804103764
-0.0019253605852576105,0.017313462589386135
-0.0007068581001486284,-0.0040260460346287184
-0.001225108225108225,0.003991507463223893
0.004067942024752655,0.00725410185067994
0.0002801410563146394,-0.0015832324982353854
-0.0049638834783080135,0.005613255210860138
0.016606719653490146,0.0012950971322849213
0.027150516925706015,-0.010678988428330694
0.0005,0.0021081944969637656
0.01598581469869746,0.003946309441651057
0.011553086054661543,-0.0023253879274326063
0.003848890145869128,0.007132258730541274
-0.005046020981514652,-0.007598215568004558
0.004930400766424404,0.01120401610102699
0.0065626971343230745,0.010452438885893445
9.732151723149639e-05,-0.002720579283989967
0.016512764590394878,0.007839640987427652
0.006760477755740787,0.0431670684924019
0.0004149293688767374,0.001976659413730352
-0.0031069375324234445,-0.007592403101369591
0.0023161300194548275,0.00422281318192796
-0.002171773665409417,-0.007932274363618036
0.036684752566470635,0.031579509084801144
0.004672493293630307,0.0014668438845310975
-0.002329792027752726,-0.009898796958709554
0.011824795050038662,0.02096890345746117
0.006492842614114068,0.037985496855097486
0.001668148207603014,-0.0010855614973262029
0.017163876506176144,-0.0009881626351003602
-0.004285409661919497,0.010403579489582957
-0.010487822433008063,-0.008954224235781426
-0.0019407407407407407,0.0023398741470170036
0.004266482305478133,-0.00021773636991028302
0.01538608078274294,-0.00392350441373165
0.022916628684958754,-0.000851063829787234
0.006010349202572239,0.005955214677795323
0.005289397109933653,-0.005359333086685304
0.007457586023872566,0.002461460717009916
0.0022088067224244547,0.0127056622390388
-0.009171259433771995,0.0004221670365362161
0.0027053144362602687,0.013753988175719361
-0.00044385394639286264,-0.004120361503812533
0.004528925664503031,0.001565349544072948
0.007656408736623061,0.0033479182239302668
0.00404028149478318,0.030100990570355948
-0.015437348384422187,-0.012373655337315052
-0.0005743261483724255,0.000389702717028019
-0.005537835231176555,-0.014819089768495733
0.006848877192304314,0.010139578480131518
0.013092377903255228,0.018941003479798026
-0.011280994365661953,-0.00879986006094946
0.0038836755955662093,0.003978613581816492
0.009779969353650159,0.006038911974469745
0.0023087016425194728,0.015260734162289803
0.013943782394637285,-0.006557402492608295
0.007676524573427393,0.0014480928215572317
0.0022087542087542086,0.000689655172413793
0.005094684863491796,0.01755292983220975
0.011187641948241917,0.007315162774747267
-0.0012905333358573714,0.005356609561650335
0.0016509364940005854,0.00014874915483434751
0.00475699217813513,0.008925762742227936
0.0015270302402084668,0.00728569167860163
0.003942737657611717,0.006084398051253383
-0.011874419927149047,-0.012085741297802571
0.0067950727091360364,0.0006060606060606061
0.014937617061792361,0.005312365232462075
0.013482090545519985,-0.0009112319883685107
0.006205424304825084,-0.0010195403462589852
0.005025322881231309,0.000425531914893617
0.0013892584614051563,-0.004834150845690687
0.0050809783686435505,0.026431767995051553
0.009522166571464345,0.0019517497832671896
-0.016902423649386066,-0.019583652557296296
0.0016972158559659962,0.0008998976685512632
0.00877183172371682,0.006534177104268658
0.00046821475913266276,-0.00840227885893731
0.0062590552698091415,0.01071896329209106
0.0032523973765702305,-0.024708629359815243
0.020707311097068175,0.023556553536354694
-0.01343357226908772,-0.012085181765270984
0.0005721571850237171,-0.002757328667288223
0.008410902487319103,-0.007999783645410131
-0.00019310653292664483,-0.003971124287056491
0.011862425629910434,0.005654582594205235
0.004266482305478133,-0.00021773636991028302
0.020738484898012822,0.019014929227652178
-0.001165644046931744,-0.001470124289613595
0.003736824946396324,0.011689729440752151
-0.0010366568602894108,0.0076565520488863035
-0.038718215536305334,-0.03540786265704251
-0.013746412169585552,-0.0022605464355682225
-0.013805907987923425,-0.010089057831052616
0.019155188082256042,0.014181562525049736
-0.006821304299343536,-0.014912481558948996
-0.0022144556496907384,-0.0029482672849608753
0.0730000938535024,0.008737321176241762
0.039109084592754466,0.01658405906054362
0.012597555606460465,0.0018326799831106834
0.019421409182250972,0.01411383557146839
0.002827941910028775,0.03458360990142639
0.02416781056614503,-0.0003752848845547281
0.01120981751827444,0.005405901667170792
-0.0060965501792114695,-0.0009825162143603117
0.004911692769497399,0.009805627010140693
0.0012708719851576994,0.002225948336613934
0.006337984484554495,0.009773210732887823
-0.003174829002792626,-0.011438962444771408
-0.0009166666666666668,0.011602776462904217
0.00011402504752786122,-0.0039098612902384484
-0.01919905277989156,-0.01852830221219411
-0.0009634671725333617,-0.01606782289930197
-0.02511018817434713,-0.030029668693827647
-0.008511200972204227,-0.018657159997274703
-0.0064353943034713415,0.0037478265907759066
0.006877614016170432,0.0012114746110354815
-0.009698653095817336,-0.016666431453437564
0.011279056992163358,-0.0033247084338193914
0.006301904539019158,0.00023632421865664444
-0.008190977474643759,-0.004449447217072095
0.03627140791889568,0.02880689409534489
-0.002586895954585212,-0.001717723805689561
0.032498263459609225,0.010666890587546416
-0.005401418163975373,-0.009721215159252969
-0.015123604090195562,-0.0112542384119113
0.015501350061332964,0.01034540639341536
0.014819404851557501,0.018974224888367322
0.01664794393396112,0.006443677505158359
0.015765500401461158,0.024517615882029095
0.00404028149478318,0.030100990570355948
0.0057140974441096505,-0.0020631976047066204
-0.004038779026627798,-0.005335980326760155
0.009718647877172845,0.01313360590424609
-0.0074271089216478466,-0.011135454282486051
0.021616690538916447,-0.0035072603652642233
0.020175330323098574,0.005677285630592226
0.01139237163310173,-0.0037215503285387766
0.0007074342534777441,0.008103715931216029
0.019538500943569938,0.011695779274811396
-0.00045454545454545455,0.000974025974025974
-0.0051513131266939256,-0.006527985930741943
0.005066322363946706,0.0010048837542679908
0.009056921837535635,0.012566633537677186
-0.00021123281417398995,-0.0038382131681670407
0.004558190663420324,0.0019909600203717854
0.0005143745143745143,0.006002732830370855
0.00961011110188047,0.0013333333333333333
-0.004097930525498853,-0.004965016758867989
0.00573165222851324,0.011877017739773272
0.004053397811857536,0.012704260272344217
0.05562308492679944,0.008338519783748837
0.026027640113853785,0.02263159812421807
-0.0020414872367962317,-0.003780693581297993
0.012061733497345562,0.0041659001722547185
0.00651466354363045,-0.006602562374021122
0.017006277049523195,0.030489051419528238
0.01645526892525223,0.0006359105965205456
-0.0037654992026728163,-0.007815915242032248
0.0012418584455058618,0.0034442645264244815
0.0049573789123972724,0.0017102615694164988
0.005626634582810898,0.0003732728471505562
-0.03133108781771875,-0.03219210981389141
0.002973913043478261,0.002429897180464624
-0.0026720739573605013,-0.004281727936436738
-0.0099864473429602,-0.00831791587442873
0.0014829931972789115,0.00340992340992341
0.008656464847936127,-0.010982334347521413
0.02873646344757023,0.0052137173276002305
0.008177479554947477,0.0015858395989974937
0.0039425577089669955,0.007565055103934577
0.019268458101440275,0.004943331916682871
-0.006643822722750966,-0.009003805529542283
0.010295091168622617,0.008043601210241393
0.0017093190247048275,-0.00544997742974832
0.008929370068107293,-0.0025792229837526
-0.026100304208234205,-0.020353207759701366
0.00018443899367322214,-0.004914544920839382
0.0008411658568149539,0.0039134549528155775
0.006193783559994979,-0.00401176639216626
-0.006552821103997446,-0.020251780201771825
0.0018814167645245083,0.00853762284800195
0.0008001292624676987,-0.003576414343128833
0.024002618153392122,0.014254231170997984
0.009318563766066977,0.005606822783932544
0.010632962566022933,0.007618367460763335
-0.0011318955225060679,-0.0028359775592191397
0.015253100873060985,0.004578646254553782
0.005455446405079691,0.037172069186439574
0.017245712460647142,-0.010004317923267586
-0.04517901372675851,-0.0466386152436741
0.0008296557194891075,0.033106537764014295
0.027068504052694148,0.058555871796908694
0.02959934901657279,0.02000846566945833
0.00942110551340839,0.013163585730992447
0.00796332506564668,0.003240472834756966
0.002916298749086269,0.023872582726314186
0.006733436468405846,0.007428366126438378
0.007519477828291741,0.006459458763665897
0.0,0.005612917044384009
0.003262983216133175,0.009677852239599159
0.009067886816777348,-0.0004878048780487805
0.0008073163179546157,0.005530197976992492
0.004624956627562545,0.010564622852108706
0.005076027962737253,0.0017862050642088144
-0.008290574257366488,-0.014040283420605398
0.001880496112014702,0.008663652104136096
0.01028476338242913,0.0011121660533224159
0.023835119736747797,-0.0017637534710502364
0.030026442462082855,0.016931011626919984
0.013556819839245296,0.006785851168748756
0.003749875493019486,0.0019454274121924794
0.02994954238958081,0.00526444965031991
0.0003125,0.0031783292889948868
0.030595702812127874,0.005632294861597285
0.0008699633699633699,0.0011773940345368916
-0.005779247804523893,-0.0008851391695719728
0.0010269360269360268,0.01154029164693167
0.012177282292337676,0.0053667989841775865
0.0073263498159317365,0.0047141854594650884
0.009264664350638744,0.008131560707279727
-0.02166120651472041,-0.014986217457717367
-0.008733358067069163,-0.017218637171077106
0.013876599076750686,0.012931720317895294
-0.001432883729365203,-0.003349799926458095
0.022580410012741928,-0.0001357122921440744
-0.0061539246929224745,0.0008704083438482958
0.004232859344203882,0.0027757427176266997
0.03290416409250367,0.002578685288368422
0.02977537381454303,0.005203453682797472
0.023069425581223768,0.0029354069997327807
0.002754162226903577,-0.0009272183449651047
0.0022379528084421328,0.006577619097159187
-0.00607291786511749,-0.004974866007566406
0.015412202121534836,0.0005269901075917105
0.024812463905902322,0.012462949498289844
0.014870916347946633,-0.0014920634920634925
0.02075527861569646,0.016820530805478028
0.022628748941915085,0.03408595217433702
-5.478345500742592e-05,-0.0018488392115162489
-0.0032493230009959426,-0.0028752100307174212
0.014741071360805243,0.001379310344827586
0.01144958550221708,0.017368180226044715
-0.0023923819321269107,0.004509012655404458
-0.003064443800210608,0.008867075679591208
0.006547483182222085,0.03388521474189521
0.0060935589914481066,0.010013121952708644
0.006015384139082759,-0.00035274871692782153
0.006778577339256969,0.008619218944326979
0.005817458485387526,0.0008333333333333333
0.0040666537380045584,-0.0033390420868594835
-0.001958425175683502,-0.0007837936398429821
-0.005972648989458217,-0.004150823333843588
-0.0002726194205884746,0.0008030378083378996
0.006890554418339051,0.030060642188698753
0.02739381735704104,0.0064147607776558185
-0.0028916002358977348,-0.0009818921415315355
0.0041106305161415155,-0.004932215933493231
-0.001225108225108225,0.003991507463223893
0.019839940445383945,0.013828848424083632
-0.00048019600315253423,-0.00036289898752559814
0.01846912942112539,0.0018528200448839677
0.011277075426912524,0.00041779788838612364
0.015009992959878924,0.0004028345195114789
0.008889285549025471,-0.008545860435960256
-0.01605277753630732,-0.024701490286785567
0.0015014335548013185,0.0034057649912804227
0.004924242424242424,0.0
0.01237240437040791,0.0
0.013519536821420802,0.003314690870418425
-0.0007473141590788647,-0.002080647492412198
0.015781555422232595,0.006911235516262469
0.01628276231001094,0.0023456905669603416
0.005704842748721937,0.0004651162790697674
0.0030937802438413906,0.010671816855523698
0.002496354153298347,0.027398210321753994
0.01358453003760537,0.0059153332269092284
-0.004288364646541159,-0.007201899783416466
0.005630200974823047,-0.0010423706634243154
0.007411709951023,0.007179107338203206
0.030026442462082855,0.016931011626919984
-0.01736676230863516,-0.012649693493096529
0.017159861218664575,0.012595401711268321
0.004099428209217614,-0.000967741935483871
-9.592654212135614e-05,-0.002342389097412311
-0.015779294363136603,-0.0003049545977348196
-0.006578302698999365,0.0038501972668846217
0.0024254244912585684,0.004739221072485382
0.002659024032847525,0.0
0.04457694243610998,0.006888641315111903
0.005780628835785676,-0.011394653966188342
0.0,0.0012545454545454546
-0.006088443471416053,-0.01126943471905011
-0.0022970562282952725,-0.0026622195969100908
-0.0006613278222681477,0.00270347632519729
0.012640875311065622,0.015977521465383913
0.0036441026900931517,0.002403940886699507
5.50016665762322e-05,0.0006586066144750075
-0.001514285714285714,0.0045701246787698616
-0.003396642472748887,-0.017765481671003967
0.024948207185221692,0.004786039121098665
-0.026054156504485816,-0.025312603320827368
0.0041669030740285155,0.003072210907471236
0.025435836320942408,0.0003333333333333333
-0.031392768148426425,-0.03227174867439026
0.03204916254985375,0.0009449877511980401
-0.0028021669257960384,-0.0028021669257960384
0.0010689877017820947,-0.0067343311927859605
-0.0053444465710938685,-0.007815915242032248
0.0014603785661517986,0.0002975580533312863
0.01583970562324308,0.0005516788984159934
0.004780615854488576,0.0053091143862257694
0.014819404851557501,0.018974224888367322
-0.0005528798686693427,-0.0005534620859140361
0.03443741445437266,0.0003221571936343126
0.04256860901004357,-0.0006867167919799499
-0.0023108678837924336,-0.0009303827048376088
-0.01875080583021564,-0.03301256320597751
-0.00299639855942377,0.003295124410038545
0.00043095039029520006,-0.0030297697822893794
0.004787301373004335,0.007412629025647021
0.013883724138938465,0.004189673180671126
0.01780324694829959,0.00535956025417943
0.011109638276264776,0.0041436688311688305
-0.011640784697668263,-0.006245274904196432
0.015687023249609907,0.022676317148080546
0.018882410363119325,0.00939235725505549
0.008185835909306851,0.017547896561493404
-0.0014710689767898006,0.005632953298161457
0.0037597555521845655,0.028501451463260004
0.006097556940145875,0.0034176235405051544
0.011862425629910434,0.005654582594205235
0.018652397476492506,0.0028045005761489156
0.005293168587361803,0.007083218856635746
0.021462040087578342,-0.004597935467468377
-0.0018846328101140093,0.0014424385951152243
0.0013325463964850154,0.003142501147616237
0.013160800879353975,0.011716576869888938
-0.004598100267642048,-0.025895683743990067
0.023841612308310466,0.015501808989460469
0.0022379528084421328,0.006577619097159187
0.0017481734369427053,0.014605438312658727
0.008727872139095202,0.010171624391833754
0.0011521174208908877,6.238859180035652e-05
0.007193739604962665,0.008477169421516717
0.01286090252264116,-0.0004806934594168637
0.005709023893109517,0.004704956291815473
0.007272626958219483,-0.000730946756828962
-0.02745987471911623,-0.03762746946510426
0.006366183238259037,0.005323015349430444
0.043239905614807714,0.001558266314556881
0.02335203788545502,0.017916862431398596
-0.0010890259395886451,-0.007849917162567461
0.01240947424336885,0.0034045174395203087
0.00041101941101941066,0.005307758960665522
0.012404257729003812,0.00042796876473219286
-0.0008536257779617733,-0.005825803137428061
0.009458413174360247,-0.01983379201306301
0.0006060606060606061,0.0015384615384615385
-0.01465130750583762,-0.004792314705779711
0.016773752707755774,-0.005101309010779832
0.01198408797596802,0.006238853632284503
-0.0007190729756604234,0.004685419871750759
-0.0024016480947616128,-0.008896444160539179
0.049182869507818534,-0.0016369059784476824
0.021192511437936698,0.008719311189899425
-0.0007947726569749459,0.0019331282752335383
0.024040190799941467,-0.007228712782193257
0.002523898323898324,0.010382311842602562
0.016584074476867366,0.014441773788694656
0.042614411165881244,0.003630523902779739
0.0080353906126251,0.0011325115562403698
-0.009531201987545642,-0.02310407209101845
0.04835299798761626,0.009321442484443731
-0.003930524101288799,-0.007145550496462254
0.020172753339678766,0.03095711659810149
0.02311310488425919,0.0116307630749874
0.01205843059603025,0.007168016194331983
0.014565040105276534,-0.002173544363514063
0.02424591513171135,0.0012985788606444774
0.01782931178169566,-0.007607492987294465
0.029297720035845437,0.026419531823485796
0.0013540051679586562,0.010644792333416291
0.008882002270805617,-0.0018594178675930412
0.018129591039896465,-0.0029663316606480146
0.014022775071212357,-0.0005859392624098501
0.0051252631415414345,0.0018366333534312034
0.016291480859334843,0.008096100838604002
0.029353909632341846,0.019837476779558463
0.017171644304793475,0.00010594843770390071
0.0029367827939256507,0.003935483870967742
-0.0007675070028011205,0.008088182410609697
-0.014312690479818875,-0.018230988370162446
-0.0010567084986485113,-0.006459787199237361
-0.010206700665834158,-0.011122163892889777
0.0012614187655954805,0.023343199846667967
0.014462805074786745,0.0063530260388667
0.007187841857569135,0.009476956892083081
0.015728740648511517,2.6817712585254852e-05
-0.002677172341535511,0.00768201701493289
0.020883385989192867,0.013767971558805825
0.004375517019206831,0.002979174648645387
-0.0002071925973522737,0.005485468179915078
0.005821756802853515,0.016115555198129468
0.00032741466301037733,0.004668086435451838
0.006617551998842566,0.003461423741811872
0.008166996316336954,-0.0004579710144927536
-0.0022829460489998937,0.017711473752973026
0.004883007930681102,-0.002426745892219363
0.006999046834537635,0.008611657415970598
0.018917401346132314,0.006470995827216514
0.0007826320965855849,0.006850722027218476
0.012680808561677522,-0.0022473462210304317
0.009375874674194,0.001492063492063492
-0.00046606451247241994,0.035451367623632976
0.01619048725094078,0.0023048364762354922
0.023800597920657474,-0.001713011179624174
-0.013173949776745736,-0.007807976607787126
-0.003399349161790584,-0.010443427384822894
0.001668148207603014,-0.00019003910926650158
0.002813198114705329,0.029890941112352697
0.006797632045061673,7.619047619047617e-05
-0.0022385751052705323,0.0035314951846149877
0.0016415963474787005,0.0003508771929824561
0.020676808853321568,0.005514154475881738
0.0388669897212974,0.023738994582984892
0.025445402822043,0.0015137070679540035
0.027680271897231056,0.00018706613080014616
0.005843817508774333,0.007115840777599698
0.006199584406821247,0.0021496084258151803
0.005877673463093678,0.005024099661919121
-0.0003028188846079076,0.0005067658009374953
0.007812841857569135,0.008851956892083082
0.005951432872529219,0.006493294297312686
0.014687424013510968,0.006389069133043107
0.02434943850869881,0.013306576572962619
-0.022202051601322444,-0.017555530296501694
0.022922750987987746,0.002170672803645902
0.008237246870540163,0.0004488171533052008
0.014926320312201216,0.014115275605293336
0.002106595037817205,0.005685185185185185
-0.02434263419249997,-0.013417508059564097
0.0012192921191074807,-0.001627567366726817
0.00023124152206356998,0.01775720977672269
0.013307660559222483,-0.0013590718884971854
0.010026446826446827,0.009818990131659011
0.003888376593689404,0.007522286757706315
0.003267916808528856,0.007549127400470104
-0.004807448826917184,-0.005807448826917184
0.0015259108330789401,-0.0021048170175018512
0.031151967801014535,-0.005553147951167219
0.008170436434969768,-0.0002632205706581581
0.02517739606870945,-0.002190066270410603
-0.0015676430144964562,0.010556583151884066
-0.0069217204631566494,-0.009195672483932375
0.0013356465197718252,0.001227742391623161
0.0003627610684796938,-0.006028316518205982
0.0026493995505259584,-0.0007407407407407408
0.010934616975514105,0.007132702679366369
0.012465299524891203,0.0009365528513869177
0.00040212235656681555,-0.0073456971565181405
0.018709066242709845,-0.0008998988877654195
-0.012469987462033243,-0.006454063734473814
0.0032687108886107637,0.0032908056304282716
0.03531734778699036,-0.0008558087576638702
0.0009673684358045905,0.017335144536724977
0.025225868116082475,0.01077209655462153
-0.008969564763281663,-0.01567476465308731
0.009164940665506072,0.003818831406456719
-0.005469991953186641,-0.006233704963116727
0.006504842748721936,0.0004651162790697674
0.006665806571037974,-0.013376817758648251
0.0029155328798185936,0.007772320509607898
0.020445620461279495,-0.0009068514837629038
0.03855305575452181,0.034772858465947326
-0.005074569387369606,0.014831445619891297
0.02833804736032442,-0.001375699380526521
-0.0006862866460350735,0.03719694953584491
0.002195766675514432,0.004442212874548883
-0.006927884996753263,-0.010558387843134388
0.000724897570031561,0.009242451094097253
-0.021105705196461513,-0.022242950407390934
-0.024710351992184753,-0.014566605267311301
-0.0015425746171981725,-0.00502906916251226
0.008046657077692195,0.0015508215544077263
0.009329586692976786,0.007049319889358226
-0.00088126471925868,-0.00422609102272499
0.025729878775001557,-0.010033399495058503
0.005179312325635336,0.013550111595724902
0.012183023191716285,0.016804812102292982
-0.0028815013033214373,0.0014344508577912776
-0.009161585728212893,-0.005143775224627835
-0.0012293550331525015,0.005618247965179833
0.03282208030084489,0.001169395711500975
0.004588139541470792,0.004330880696259583
-0.001723764868266147,0.00240963363287429
0.00920292999821644,0.006183779409625835
0.009548435749805281,0.006511878119166699
0.0028135334997651928,0.005917209329025225
0.007019757833058273,-0.004543737028269804
0.0068234962407473145,-0.0011951323695161451
0.013936723273320227,0.003992810463697642
0.04643754367891425,0.006460727182861153
0.01481171711750775,0.034744835301245273
0.015253100873060985,0.004578646254553782
0.005112001956798078,-0.0026169654766710665
0.005469672611617357,-0.00027464008859357696
-0.0010977818296909313,-0.0012229558990317461
0.003122650330333863,-0.004155797324085426
-0.006780451397137635,0.010446359332699518
0.003750127943043936,-0.003688488076460099
-0.013173949776745736,-0.007807976607787126
0.0118444977897819,0.008924947600929021
0.0014795437833240305,0.0026683047804771593
-0.008526734160013089,0.01222815089772367
0.0017538265306122447,0.0003333333333333333
0.015527054984310106,0.016833059139471383
0.016396497471636347,0.008707145708882863
0.0322720452056499,0.012281159474140883
0.02925048577598391,0.01635449617141152
0.02537554486427216,0.06525477215129687
0.010189392797292977,0.011768654365389857
0.004669972470593589,7.619047619047617e-05
0.015850653970233206,0.01818132305998095
0.013229996806458984,-0.006150846963654846
0.015568236367157314,0.027773117130748565
0.022628748941915085,0.03408595217433702
-0.0005002346744692569,-0.0012050855985499993
0.011659235376930211,0.0043962773800066985
-0.002351990965433255,0.0008979134673910471
0.006726957572388559,0.0026206108706108705
0.004924242424242424,0.0
0.0023697078465337177,0.0014503584229390678
0.0014558162774925638,0.0062577107026397585
-0.004883094508166591,-0.00184881589573015
0.021015175535526526,0.0040576316247388534
0.013957821706173684,0.034334769531497576
0.0017891997397527651,0.012926345451961975
0.00820154504159762,-0.008058324446653206
4.428362992798217e-05,0.01991773244275105
-0.005755343842739749,-0.0050289011499706085
0.01590349797756712,0.005058410624462278
0.0044816688474196955,0.00017287681109810858
0.00543559512854541,0.002087949424270249
0.007363754548527562,-0.004235385771838291
-0.014662118133948512,-0.009972921053958054
-0.0005295017488763862,-0.001538922820572437
0.01035571697181717,0.009019631256320316
0.008230820050011321,0.011834274523960882
0.03657324792695285,0.0006791408238575312
0.00540063772027402,0.0
0.007733579289752492,0.009119121615647159
0.004294642016162819,-0.0007693521595960621
0.004384887072397276,-0.0023152319887376534
-0.006484188547213755,0.0027781767538796196
0.031176607389899615,0.0030611793611793614
0.038734761435278854,0.008199354116405424
0.007164224715934931,0.011494768790594374
0.006974643089871509,-0.0008333333333333333
0.0018441558441558436,0.007554261322829359
-0.014186658951106287,-0.02365866391338014
0.00875547921632439,0.004237725253192097
-0.023720446355686937,-0.0013895220908853763
0.004515689375088111,-0.0014582492369726407
0.028198596269880673,0.0
0.004106497533788298,0.05771221331836022
0.053980245457058706,0.008840432411080488
0.004823568302224333,-0.00672272951319256
0.014036452944009101,0.005334557111026452
0.01873744010411765,-0.001388409939275006
0.011964966837542425,0.003174432497013142
0.014150909464998774,0.004741951997714177
0.003008428488143828,0.03842958523838025
0.02183364802911087,-0.004769741383053551
0.022331144039989405,-0.003510294409447197
-0.006613890319772673,-0.0034395702255527027
0.010119906875581241,-0.008443791210135037
0.04235571945179028,0.040039883239153015
0.001316066212268744,0.001986671545174361
0.016252533784424053,-0.0015184005236235417
0.0020889250380770105,0.003217476517343833
0.049712761082385835,0.03498231595578755
0.00874907274792159,-0.0007006011250622031
0.004500858000858001,0.0006557377049180328
-0.009125978559516246,-0.006888725436710786
0.006860315606666535,-0.006007476101742428
0.0012090679663478432,-0.0007324315385987615
0.0055442514484382276,0.004265858236694078
0.03401355617315569,0.005507241741216162
0.004064085579076563,-0.013525909831452474
0.005813916512362569,0.009114632498748035
0.0026163932685671814,0.028803464118496096
-0.029237309714659303,-0.032964698104255126
0.008697466882613686,0.008559724193845148
0.013927900287049806,0.004507476846429236
0.002834329813021461,0.02957404596379912
-0.001694399274658834,0.010233637904523361
0.01380892133492944,0.007485416985760689
0.028008093872015166,-0.0035744937423874525
0.0008611111111111111,0.026867573619406074
0.0048329360246100695,0.006674036852383568
0.009967610139121487,0.008183378776457955
-0.023810207760896145,-0.02613901723715015
0.008336783067948574,1.322751322751321e-05
0.004266482305478133,-0.00021773636991028302
0.025939107222461136,0.05614172864020683
0.006653305546951517,-0.00810107373329624
0.005334085814381422,0.00726904159519891
0.007918859974645039,-0.002906911928651059
0.007505572299129467,-0.0019698749526335735
0.0028352331949892924,0.0019314753873577405
0.026626688958128763,0.018577094157106896
0.0011933970906535297,0.011609710598131715
-0.013085916518775765,-0.01578413831888637
0.029498545449542602,0.015577155727129975
-0.004423704256344973,-0.0007022946448195511
0.00033878615457562844,0.0047385679962179345
-0.0031665479949510716,-0.0018136618997262668
0.014212439843867416,-0.010631092143311625
0.014583745386339388,0.021489895140974137
0.004625253880470672,-0.0032146617860903575
0.016555762766660927,0.003981256047432156
0.0021734890972179106,0.00152856221792392
0.024737489813910985,0.005521569480829552
-0.006484188547213755,0.002206748182451048
0.024540459439116428,0.03448709055408669
0.0039493610861535385,0.0005795793084770245
-0.0028562694829855134,-0.008312883254253394
0.0019719512334734563,-0.004001324466286102
0.029680607674808797,0.0042203592626750865
0.004639418876514101,0.0032179564998260184
-0.008403974631628466,-0.011016389822337436
-0.016051455224545635,-0.005906324987882225
0.03914635715318529,0.008898136041026104
0.010927257063628223,0.002302631578947368
0.016373721372513292,0.009538310733472022
0.032633905531001414,0.007731820268117147
0.0032683615741798933,-0.00019532612486920125
0.005985997531347231,-0.0005233598902442509
0.0,0.0
0.005050987476645372,0.00317001537664847
0.00429701544966621,-0.000892601461055206
-0.001586203377205074,0.01425110800565896
0.005431806035540026,0.0017470405142237628
0.009245482535409098,-0.008265683627476112
0.006405159508694268,0.004883694731520819
-0.004807448826917184,-0.005807448826917184
0.020159418179629664,0.004090464117073353
0.00394603193159424,0.002149251433802776
-0.016902269847006494,-0.003948506349598719
0.041087783665658274,0.003184788188239638
0.014412589054926622,0.0231350707186509
-0.0062595326021744275,0.01489947855410664
0.013156536731034505,0.0016858182006829108
0.0013333333333333333,0.0045822519230674106
0.007052056188933186,0.0010331621047921843
0.0023208009944548583,0.016531943475929168
0.01340915704085592,-0.0015562619737003371
0.003976117529605949,0.0031670173350309225
-0.00795159608699951,-0.01154167027350667
0.001736818785999114,0.02605932265436501
-0.0007510588486720655,-0.0011445011280555688
-0.0016908341285207379,0.003173754774249921
0.016512764590394878,0.007839640987427652
0.0324939416124098,0.006442190105261576
0.026051814577085053,0.008426837920486182
0.004350329749910687,0.0034291332236752337
0.010630018179063777,0.0033413068240654453
0.012491793913586142,0.041916893610643484
0.002523898323898324,0.007573563343202801
0.01604586462975928,0.0035035797596385115
0.006057782901539648,0.004514721586575133
-0.003079865493176034,-0.0011262950268183577
0.00981151218898011,0.001457051720209615
0.013291176711489222,0.010977131469004869
-0.0021981924895147606,-0.003264315908579356
-0.007224442652269295,-0.010674200576800887
0.00343449214031046,-0.000851063829787234
0.003848072432739497,0.024756009935587915
0.010131531704350785,-0.0035051363102038525
0.0066882809733674,0.0
0.02328888214788901,-0.0005393964241756917
0.00959608707748565,0.016533832898531064
0.005298423879797172,0.013187625611050104
0.006989980133125873,0.008501056685061353
0.014819404851557501,0.018974224888367322
0.021115037197291492,-0.0027291051933793133
0.013836587237143446,0.003363884342607747
-0.004577495560279602,-0.003356194262707118
0.022105657824232135,0.01343585874102166
0.010146521716760108,0.013530310772911638
0.009156271065892868,0.008374880141558887
-0.002171773665409417,-0.007932274363618036
0.007587062285586215,0.0015060606060606063
-0.0022005527014060736,-0.007727128376396709
0.0011933970906535297,0.011609710598131715
0.00025966166990460835,0.002592102527547596
-0.016051455224545635,-0.005906324987882225
0.0009708976655255358,0.0020665047484524305
0.0012913832199546486,2.4639123942259795e-05
0.01142390026861623,0.01677585677548261
-0.012318269813240745,-0.010832823083168772
-0.0025848185237003574,0.002606662453571884
0.008518974837569328,-0.0017035852399816744
0.0012234635141457708,0.012011707361203793
-0.003988154275166564,0.00010768638376199707
0.009485929016954825,0.0008904728906551922
-0.0027207859838217813,-0.0007540516338067262
0.0014157057129842165,-0.016396749143585063
0.000541960996721028,-0.0014379056347052785
0.005301388084867433,0.0005811907020872868
0.01638409034841172,-0.00029850746268656717
0.003920780392296698,-0.0005624744669632019
0.012930318120423556,0.009362555886604298
0.01588981862199417,0.004679858293561672
-3.3013205282112846e-05,0.004835798631963928
0.007052625763887345,0.0009298832918372742
0.007019930109988056,0.00029081546845544873
-0.0007142857142857141,0.008177946857838013
0.003075648900720855,0.017072125268305097
-0.01161295469849645,-0.007490464849961976
0.007013497879907167,0.009236430440942803
-0.04079220522330253,-0.04347743884971302
0.003607142857142857,0.001566181566181566
-0.0019841287135774588,0.007278740632937045
0.013835102837211061,0.017704911899891755
-0.00017467198106724605,-0.0006537583621088411
0.006598764733456015,-0.002313551542542626
-0.004005538507415973,-0.009661122024689116
0.004166389420849981,-0.008376466014432059
0.0016509364940005854,0.00014874915483434751
-0.0010366568602894108,0.0076565520488863035
0.004544096168474475,0.003206226121308218
0.05774736740889845,-0.0032839660118653006
0.0010350877192982456,0.017679950644138888
0.020139851022423834,0.007312515812323422
0.027686714261205347,0.00011795190713101162
0.02509588223867281,0.0016625419125306682
0.006199584406821247,0.0021496084258151803
0.014956836567848679,0.0020563767104111296
0.034746613787548,-0.0006109050658386522
0.06350335853206734,0.004876755852194274
-0.008034136818700077,-0.010433734216871762
0.012262575167653101,0.01755642062453812
0.0017101173185192684,0.020398154680181243
-0.007490183164644401,-0.009824421343454832
0.011884522458081921,0.004842230733935802
0.004114270299259928,0.007147067615610444
-0.0063864893468008116,-0.007304930443064889
0.0399449344368024,0.0003128510932503669
0.020958988405015186,0.025990941569026788
0.005033946983851262,-0.006829811149025948
0.0033323260897437854,0.016566828747740875
0.004927450781948673,0.0027101055806938155
0.012488095643488024,0.003845628007300481
0.005534484209004509,0.001985363911450868
-0.000876144525467405,0.012074655713660133
0.001175526948368,0.0004896009447309044
0.0010709805929067394,0.006909964245868747
0.02231764742529,0.013810119445969545
0.0005169070179642417,0.01638451949571846
0.003690947347084247,0.0017428355088758636
0.006010349202572239,0.005955214677795323
-0.004723031383857417,-0.002497176997742598
-0.0006673745625702301,-0.006118404518034253
0.008985107592927147,0.0002674072195667579
-0.0011949298072058267,0.021691539595638343
-0.020697147483072373,-0.015589059050525586
0.0041518824899035665,-0.004238009556607553
-0.000602765443145567,0.0018954335448498755
0.015499449339615255,0.021970848876906975
-0.0060601166261335425,-0.011917665034862428
0.021541003334257812,0.003857983136134911
0.023003925793330982,-0.0010191774300380859
0.013462549440860887,0.0024610700345727423
0.04300179122013513,0.0012859237870129856
0.0003817844030609988,0.0018405853101808832
-0.010209211498964635,-0.010419725054491668
0.03966364670738582,0.00623816855220463
-0.004006066988851032,-0.002784765691278548
0.0028223047854884055,-0.0010855614973262029
-0.0016842973806741861,0.02967435032595194
-0.021416031049152757,-0.023828291521410198
0.012522893424916828,-0.002186318488788025
-0.005760025264576378,-0.009898213080183548
0.0018522320285994781,0.011529244924486152
0.004671051487324631,0.003870920243801858
0.011360823898302683,0.015509403871986264
0.017498158270785262,0.023390057563978328
0.012551078627545603,0.04128316223663337
0.01705662024969817,0.015419618193076308
0.005420262533165758,0.023707295321184152
-0.0018325381246589723,-0.004460185817686684
0.0002801410563146394,-0.0015832324982353854
0.015242420121824958,0.002078916219469216
0.01813493026800288,0.001249993130006192
0.0024776178527142704,0.00037037037037037035
0.00422308766910556,-0.0031356355315165386
0.01180131602540457,0.023536114780453435
-0.03425572417528475,-0.03909404921873351
0.0012734092598223035,0.0026400727550572275
-0.0049490125522356635,-0.004550891036167687
0.01355908757316885,0.000801714390433206
-0.0019407407407407407,0.0037480374123231267
0.006335281696736956,0.010677884197247502
-0.0043140044728799225,-0.004209347225365532
-0.0026228048474171983,-0.0020317745685648914
0.008336530707207742,0.004351092296395441
0.031125921565821627,0.00804471456895479
0.027694954919360176,0.003013958751397254
0.003056116781834976,0.0066157930988300345
0.003273619788346296,0.003887229472730539
0.008818247890653797,0.005826759563412668
-0.0009390742911191989,-7.399401074656485e-05
0.016364679866665423,0.008652289914988152
-0.014517895324566685,0.0015378938140743585
-0.004081976182973283,-0.0110389932157083
0.009563875059046299,0.005951145358969184
0.0014131259564529675,0.003931496645278234
0.018004155261310734,0.04121383917903402
-0.006823581382860785,-0.009590350610898852
-0.010461972111578665,-0.007745917953515294
-0.025525445563132073,-0.028787357606646816
0.0017891997397527651,0.008738783572339745
0.008346970635851832,0.002973878497596066
-0.0020381756249447723,0.0007298706882061332
-0.052154917961570665,-0.05669911094489418
-0.011147666581852012,0.0026246401312188354
0.010027904751661492,0.0056244905238493435
-0.027780017587703057,-0.011114060464694334
0.004707187160518412,0.0014693327468300419
-0.0016392423344412169,0.0003022470719168686
0.008444336636282392,-0.002210010016140973
0.015033792584248933,0.0030746710347678784
0.012846323702137653,0.009156012822478443
0.002962135386185682,0.0223688948635488
0.020374697740487054,0.022511502330013155
0.015816316941403487,0.03648944630484003
-0.0009095314786725078,-0.004787812833667956
0.007147502562336119,-0.0003260163583549856
0.021046046575746012,0.006172461172825269
0.011290815328804143,0.02188791090098324
-0.012830108911119048,-0.008595047797779701
0.004541024981890402,0.006520675575955384
0.008079454539833221,0.013561286900178297
0.016076516887192544,-0.0014933117006608666
-0.03045319273640168,-0.02516565315895338
0.01479394797681243,-0.0004329004329004329
-0.006459991449740241,0.012430978911153377
0.0036752567693744157,0.0024111505385321867
-0.005466264094312728,-0.014945009522096852
0.01474332450262247,-0.002554002031715859
0.009224902462098002,0.004331135531135531
0.009966739383448069,-0.008118437987540077
0.016254635835732473,0.009160039413034147
0.005327326777753483,-5.131287759188672e-05
-0.004409356566706756,-0.013958587016701034
0.004781939290867863,0.0068920284217114615
0.036533311573442515,0.026024789197211302
0.002219269360175993,0.003848605592282582
0.006213629622704531,-4.9042023712213625e-08
0.0022514836869098023,0.020799096837934575
-0.001648358882617223,0.0007484942133510453
0.019078826646879692,0.00652919338461104
0.014016098578662853,-0.008526779285369088
0.02094968729622884,0.0050062194780636435
0.00767982019104325,0.008214481534690898
0.012522893424916828,-0.002186318488788025
-0.014025909479741541,-0.01332546809558597
0.02138754385481213,0.011573063622486056
0.004380461099023861,0.008064403390490346
0.0021635731597577394,0.010630010818843186
0.010703162615078195,-0.003098909060840537
-0.0008695652173913043,0.01503993760768729
-0.009550299048215525,-0.00761815413734721
0.015195887321563167,0.0
0.01804024168164184,0.0038477700361429154
0.005601662255348745,0.012632119071397496
-0.025631672001024203,-0.010992724460235977
0.0029943019943019945,0.0010717636022514073
0.001335555579081639,-0.0011476408649011907
0.010053641811816741,-0.0018000861866093922
0.004056424500170997,0.009451880061200285
0.0007159791370317688,0.013768946068549856
0.0033929082596328647,0.02948277784704658
0.005364264657045761,0.008399223650833164
0.01942366617164623,0.0070041016127702395
0.012069427465444264,0.04065033336276442
0.009509787807729863,0.003079181643135131
0.006189603682707953,0.014684421552073198
0.02605581299760009,0.006517249262882724
0.0002801410563146394,-0.0015832324982353854
0.006067092761840977,0.02418239967374436
0.013767241381611017,0.007312049086848297
0.02075334006643849,0.011058375473704725
-0.0018640713031227224,-0.002494622099213653
-0.0007675070028011205,0.008088182410609697
0.008879509607239128,0.00808207314162826
0.012531453605032435,-0.009697534079364571
0.041679012898211625,-0.0025346911365607097
0.014913251535667523,0.0028298774278820603
0.01025851885269807,-0.0034164063312403974
0.0013333333333333333,0.0045822519230674106
0.018081339055333878,0.0009383524277141298
0.01968244627484868,0.018514797076573976
0.006818145177289865,-4.715371584623849e-05
-0.0010366568602894108,0.0076565520488863035
0.007676537142168659,-0.001094645808727526
0.006890554418339051,0.030060642188698753
-0.0035202944298463436,-0.008746462109155608
0.00012182450895898561,-0.0013177877697430201
-0.00263044769888544,-0.003940745541162913
0.028108704483418463,0.02456868052702041
0.0025343910090810037,-0.011083276474075341
-0.0013639540093309272,-0.0061310867943233675
0.008749152746201876,-0.005753663560250024
0.01564956764527169,0.01218005166263545
0.00848369426951003,0.005119565217391304
0.02811081508870752,0.0018466848826559426
0.02221707382312241,-0.00016106719367588954
-0.01194924999915692,-0.011160155982498806
-0.0070917769509448916,-0.011657224250290903
0.01806111278883095,0.0016075854092853338
-0.022902368550548443,-0.034928128145243126
0.002718591238514441,0.017527499538326184
0.019734540665400452,-0.002522538495980624
0.013059706817175078,0.018061873205881006
0.009978146407279771,-0.009284312414783306
-0.002171773665409417,-0.007932274363618036
0.00022707249624295042,0.002911792815339709
-0.01600949192981043,-0.019812424596520703
0.00189705522971652,0.0024692353643966545
0.003574405537930824,0.019488664003451735
0.007351022485385315,0.005635734249380917
0.02670563561919389,0.0039922779977158976
0.0525267413582711,0.006890561293075525
0.027133767749419124,0.0014425324735974241
-0.0076073944960513805,0.00013944691793811234
0.002427560456091886,0.01804374568653898
0.006789165983520196,0.0017796738594614244
-0.001968235838289586,-0.014264082568384987
0.004886826721614982,0.0015871356282693338
0.00027098059290673986,0.006109964245868746
0.01236685518705867,0.0072483696245716775
0.00702725519385402,0.0031620086810029853
0.027612653635861475,0.0038007916970944494
-0.0019137409306421438,-0.011203352208205874
0.01760571321618823,-0.004326135439103523
0.0026452768877149088,-0.0007144504176475903
0.014937617061792361,0.005312365232462075
0.01669562091902338,0.04990765140560566
-0.004889463848618779,-0.0018032824861216271
0.013797271670033483,0.030937291931693613
0.0052196295674556544,0.002651651651651652
0.02137548650357317,0.006299792976499373
0.025601983473148775,0.02623003557236349
-0.010648193219299981,-0.000523387372741475
-0.00202284968287894,0.0013923532525865635
0.017929391038163045,-0.00126007326007326
0.018382855190775257,0.005658669041440055
0.009000562880412693,0.0027835847726791884
0.00855865211939647,0.01909850283730626
0.023333591751584497,0.0015263157894736842
-0.002609892686631368,0.000506124864295087
0.007309084451477766,0.0016254779027598503
0.008414918570663016,-0.0004457636398812878
-0.006719750892181417,-0.013997111901669225
0.003230784565767636,0.012652825204884467
0.02321973512136318,-0.0017637534710502364
0.006545617622223353,-0.008986856692778378
-0.007095918176589739,-0.02001143507719963
0.012433826694009177,0.02955767815665751
0.023432709177658207,0.053373680911192725
0.0148483851761427,0.009694478395579551
0.023224358074957673,-0.0017329371181030529
0.0324939416124098,0.006442190105261576
0.009846652689949189,-0.01467076178973427
-0.003466663027711392,-0.00035013875179654586
0.003909436735803816,0.010121064367950358
0.005857400723506198,-0.0104886428735806
0.023165566527989505,0.00885848808972232
0.03152435602386926,0.0014645072977682904
0.009960630170150576,0.022983199625850638
0.021795892881034153,0.016686093200629373
-0.006436947673289865,-0.0055321835055427565
-0.01877485383514288,-0.01698167408729491
-0.036379779036100166,-0.032672155672692764
0.02855659835459381,-0.004507693311582692
0.007554342286006866,0.0004878048780487805
0.002579634982248116,0.002728345648604269
0.005498401393958992,-0.00029239133037087034
0.01393893415449041,0.003731297170091876
0.0014634646962233169,0.00041269841269841274
-0.002905446623093682,-8.513827646954584e-05
0.0077717676860366795,-0.0018074575555059114
0.004169079361302398,0.002663972586553232
0.0012222156395419025,-0.001245144302693923
0.014254108811433646,0.005630104871530843
0.026338714187651387,0.010955621493908706
0.03559211081676424,0.004221720950444355
-0.008608683708462454,-0.004293026914729428
-0.020684426724121796,-0.02504621265387382
0.014928251588801827,0.003959262529436574
-0.0064993535581950555,-0.014380798842276787
0.004001436481576448,-0.0009800637958532696
0.01866919011567446,0.002286787566099885
0.008234811767933836,-0.0010709000113650062
-0.02779557592643348,-0.006486615024878146
0.0015089743589743589,0.0007115596673208109
-0.009083067597949262,0.012223383547815993
0.012047444247957975,0.010106363551108914
-0.0003121348801814715,-0.0010653075803516501
0.018133236151754578,0.0035466756627889956
-0.012222128133756841,-0.011341396526980612
0.006129319379416288,0.017089994464914708
-0.0018677073676426855,0.005292750179058816
0.010705992927891343,0.0036003473511670215
0.006199584406821247,0.0021496084258151803
0.0006126361870906157,0.0026426409751670534
0.015344152102481391,0.00829500717201876
0.00696612326045982,-0.0026452929606371346
0.022203604616150133,0.00711523631271624
-0.004501267715928292,-0.010544247002859677
-0.00920200954688899,-0.010265240789763617
0.00039107834467043716,0.035222796195061544
0.019295788371125173,0.008675281698578324
-0.003103058811554919,-0.004015251033421204
0.0032702476156786023,0.0005465367965367966
0.01788697854078275,0.003413105413105413
0.004663032005720172,0.007684670811824292
0.0002282809403711043,0.011044672492089336
0.00907031849880506,-0.003350225992095981
0.023413063654599074,0.06681900334287424
0.024168955086063863,0.0042203592626750865
-0.005691492866458668,-0.0024031339694464814
0.017723274980772065,-0.008009473560403928
0.01913470257138498,0.007539027524090292
0.01785766309127124,0.012298069752391828
0.010561674725938969,0.011874242437412755
0.007260443295415139,0.018123512582991667
0.02452728631999201,0.006396294134317346
-0.0016104322072487375,0.01714985568166657
0.0,0.0033351134434326285
0.0011781631054971627,0.01703039300179646
0.015738450052962077,0.006755791514340384
0.010682900605689516,-0.009628457898838299
0.006276264435460355,0.006361750287478061
0.010062721447532941,0.008279322114074436
0.006461027432472462,0.008414782592603056
0.002818362923626082,0.00493484317597918
-0.03559875515474582,-0.03019510227899526
0.0010350877192982456,0.017679950644138888
0.004392435235158679,0.01274705668566045
0.02585832997514966,0.006820248229737072
-0.0014627143489230306,0.03986225813227875
0.003729532804112636,0.00018247250119560014
-0.0110969577332886,-0.010251778943664544
0.002107210575440881,-0.0014670911148839845
-0.0037174234532213915,-0.002058731268213417
0.01813493026800288,0.001249993130006192
0.0007657834330766665,-0.0026561196408387915
0.006143608401308191,0.0046855695733884935
0.009649294419942701,0.002147128250764796
-0.0070571290880217736,-0.004684237902562082
0.014122058863650803,-0.010903747012333709
-0.002133072975411685,0.002874372538249406
-0.008426127744966908,0.004211766275982647
0.015687023249609907,0.030675177371049432
0.007232195891467974,-0.00520760570898492
-0.024586925838331386,-0.026829814838566397
0.031130308676499557,0.03171951195707331
0.0073705928595889855,-0.0016010263486244706
-0.024710351992184753,-0.014566605267311301
0.005293168587361803,0.007083218856635746
-0.0005482726653460324,-0.0013103198991261632
-0.0005315018315018313,-0.0006269102990033222
0.037818648372045634,-5.641781742785979e-05
0.0015720768485314967,0.0057314123611553235
0.040581375578158906,0.008850501110030877
0.00472156032309832,-0.004279351357321746
0.012513912185667572,0.007393479574242082
-0.0020927166451029273,-0.014936607508078514
6.285544462620793e-05,-0.006200175167728449
0.01877442425730777,0.021466222543259524
0.030574068329160882,0.025061851275507866
0.006288887708958264,0.006305793570693895
-0.000380931393064861,0.0013213202568041283
0.0010821430058718193,-9.999999999999999e-05
0.02753370592976975,0.008052466755619742
0.007051520657297864,0.004788569639469434
0.006178469973410541,0.004305684952854852
0.0004525814982344438,0.01031026426455158
0.010061777605476099,0.0010527356624917602
0.01850492536998759,0.01148439536218724
0.004456037296482102,0.014084293552420316
0.022881418473227326,0.004880704201035691
-0.003588746356094182,-0.006091661902114262
-0.01061496124625444,-0.008011920630633329
0.006784586362094296,0.01452337798088858
0.013622202670011803,0.001463419622917777
-0.009083067597949262,0.012223383547815993
0.001227312355115185,-0.01718695080504614
-0.00902930185245117,-0.007313735412974174
0.017470450146449542,0.025123393608980384
0.00716736168222886,0.0011684332253735102
0.021836758107450772,0.002551235833274428
-0.011802626552839156,0.0031583484234590335
0.014825508600549257,-0.008674629469380923
-0.002351990965433255,0.0008979134673910471
0.023860243369310603,0.0007351158915315861
0.010364385961968928,0.00895530617599432
0.0012578379216363345,0.004855787069457114
0.0017304151230369547,-0.010410497329395193
0.015141891621157415,0.004286711229274158
0.03909244580342019,0.009412230240171482
0.00040878178076340053,-0.0021268758865588475
0.0012266331737051926,0.0006938839057290848
0.00819104275684608,-0.0008033435870127279
0.0095633098625676,0.002104084212851776
0.010018663090775655,0.010172751548671612
0.010652504068171018,0.010028653181563518
0.004809123762507535,0.014607879129047116
0.010523083385493298,0.006619527836897531
-0.003819673225043849,0.0073742229715165865
0.002645541605589255,0.0009078137109280243
0.0011521174208908877,6.238859180035652e-05
0.002966430176184946,-0.0013875307258653796
0.009338822633220613,0.008586740095967752
0.018516458686092186,0.0034302325581395347
-0.026715587538855938,-0.019876479715260617
0.007720528693299355,0.021376292803922798
0.02342271165556809,7.818224894723348e-05
-0.01909792390247603,0.009128527901807675
0.014194480105931634,0.0008840462808077446
0.00471769458441919,0.02979338390765264
0.006933317554363976,-0.004599016490695645
0.011207567869860546,0.014732671108683086
0.0019368260723089496,0.023103088461878724
0.022712202264020907,0.003951055341314121
0.01639846973823634,0.00525512108593903
0.007087334801288291,0.025846186699744988
0.004637214174682904,0.0021814809404828404
0.006771175190902467,0.009476956892083081
-0.0001803425392591044,-0.003588594053081179
-0.0021660478445652354,-0.0013157830064896084
-0.014229617063832665,-0.012921815509051967
0.004167771728111446,0.005064044759446162
-0.009202505082992888,-0.005845702820927469
0.00036612691049452053,0.00018030318746550724
-0.039539164744080924,-0.034346125111910986
0.017749685773284365,0.007056488911861427
-0.0028829785168380667,-0.00828367001731895
0.042663006020804285,-0.0011443103182233252
0.004024726326031554,0.0038433693033357095
0.004740668164940086,0.023391026624911434
0.00026262490778619814,0.0023223233994347824
-0.003177618023192238,-0.008813544134482954
0.005915514385318824,-0.004639448200018317
0.006885713904501295,-0.004330347217379245
0.0015603162197422539,-0.006132991016919589
0.000664433287232353,0.001422360248447205
-0.0026508713364471062,0.006757756996880779
0.00910868233948627,0.012562770685762113
0.0051073324797288955,0.03783666813489506
-0.0042675753556974255,-0.020505759034158952
0.009612726694942508,0.04335020427229298
0.04599993260108019,0.010020558206587444
0.016354510048722775,0.009407623613336448
-0.03523493342010577,-0.04055239373756609
0.009555642087491033,0.026358067967838107
-0.005190551408742239,-0.011048099817471124
0.01853833861392063,0.014665068985737002
-0.0018835820260853127,0.03198477652966554
0.005019371676043339,0.00087781469176818
0.008424992754356118,0.0008311643536255547
0.0185919316953862,0.012587108860635084
-5.478345500742592e-05,-0.0018488392115162489
0.001760105635889117,0.0005934337543008778
0.018137536748764217,0.004718902925788966
0.010045707540149468,0.01314401539641119
0.01163757738927655,0.007938450857106778
0.04912649044565248,0.010266891933023077
0.0016509364940005854,0.00014874915483434751
0.0024064048888414813,0.02346164179140213
0.021106723884277902,0.022660763574947587
0.0009041685784458931,-0.0014846021401415971
0.024274200788732297,-0.0017598218703915856
0.018402718856673068,0.0025303486268251785
0.0062746367295202065,0.0028954435677260725
0.013648605757402753,0.01065141396262077
0.00913549404363222,0.0069092477831983615
0.013039700415734793,0.001794902896106227
0.004399598734603958,0.0003610675039246468
0.015401014859666756,-0.0004196896293670485
0.005573857315175245,-0.013164305859979445
0.023440978900379498,0.021049471499856507
0.0020086539323827457,7.064364207221333e-05
0.00604512295286184,-0.006559495028844574
0.00540063772027402,0.0
0.00936279601564443,0.01955306255059133
0.00920292999821644,0.005394507378974494
-0.001699515791379419,-0.0036128114990569785
0.009882824260175713,4.522840343735863e-06
0.004927586609312215,0.004616876645346263
-0.006336426587366559,-0.012426074407053095
-0.0002106655690934595,0.01776667465946303
0.0064408041977214395,0.00586096487793952
-0.010507121409651321,-0.005189375099359211
0.002202380952380952,0.0
0.005409308683460142,0.025431184989914014
0.00023784351299286667,0.006217704648841874
0.004716233150443677,0.005915272108582713
-0.0033351398972703387,-0.0077183559603501515
-0.009674093492473012,0.008983965820638096
-0.012647446209585085,-0.0105388657320373
0.003877689813173684,0.00906478197586125
0.0027052785303504846,0.014552377950714117
0.016871671199323986,0.005244398392172166
0.006143608401308191,0.0046855695733884935
-0.014417851438140509,-0.011432634494289625
0.007980714907732972,0.0037286873544096597
0.008061158233239952,0.01471722531920776
-0.0009650973390805933,0.018969198744252284
0.001642993700497207,0.005860318859175383
0.00219262676055936,0.016307697564452106
0.0072371185252556175,0.021712062874000234
-0.01562739617036417,-0.022305751341864445
-0.002908766331556044,-0.0005552032535664662
0.0043662032044959,0.0013218513838722905
-0.013008253374944595,-0.014295773119391246
0.0064478784266306256,0.008720631932096684
0.002031352951332458,0.007348501710921171
0.01268136744455639,0.011171937087582528
0.00975280818033748,-0.0001669798089391092
0.027235132004972892,0.0025178668404474856
0.01001718937596396,-0.004710494104138901
0.002013108686762551,0.013688120632106327
0.020004464703142835,-0.002943035850654859
0.011686380448013041,0.0019931477037472556
0.021900955768621663,0.0035241454537312577
0.0038708270468479893,0.046026765146834334
0.002917516066183668,0.016594453881306138
0.037082796327588916,0.0005027290448343085
0.018801588520373683,0.006256717547040127
0.006859541314644961,-0.0034917001569860434
0.00408243257130866,0.014352346940262543
0.0018814167645245083,0.00853762284800195
0.007117645945585765,0.0009090909090909091
-0.000411628028719733,-0.002541861115774159
0.027271266399828603,-0.0035739148239148236
0.012283591261673414,0.016204037781054156
-0.013198078601328775,-0.005728541178526034
0.012435281158731416,0.03767748277132274
0.05115059722194936,0.018815793089344533
-0.001983404827016282,0.002538250577368769
0.011472211976311352,0.015804273796314765
0.00471769458441919,0.02979338390765264
0.003893186512856165,0.01456829451290952
0.01969321481363217,-0.0029746782797753024
-0.00030375385111177733,0.0012118950652280792
0.005190013541495373,0.0008657694656810093
0.0030039336421879546,0.001702127659574468
0.009703269952693713,0.002954300881120901
0.05124894331627318,0.004970203186088751
0.06860932026030069,0.02664049816144127
-0.00957037028736753,-0.0025524301197235675
0.0013333333333333333,0.0045822519230674106
0.015424732274025446,-0.005659493598644828
-0.005129389496003778,0.0032959956532320374
-0.024710351992184753,-0.014566605267311301
-0.00416661632497701,-0.0055886369913591095
0.036500969091374014,0.023888264076253576
0.021711130055137418,0.0019557484590620273
0.010149178391674311,0.0012596244782013318
0.026705618737143333,-0.0017598218703915856
0.006143608401308191,0.0046855695733884935
0.0011366300366300367,0.00033898305084745765
-0.001991989688366494,0.027290356883112918
-0.004644716085470767,0.018567243207883416
-0.0023108678837924336,-0.0009303827048376088
-0.004807448826917184,-0.005807448826917184
-0.005137838549152607,-0.004902528167591194
0.036754579080003145,0.0025629837897686303
1.3076119024991138e-05,-0.00633623316802892
-0.04511038704148436,-0.04685622672850091
0.014288677429894904,0.005682880017653186
-0.0009217794971017775,-0.009975803040068714
0.008845302377944876,-0.002129820923742188
0.019917605067251626,0.009951906670663953
0.02969819141794746,-0.0008628788677060078
0.00471638786787447,-0.005329314620730947
0.018081339055333878,0.0009383524277141298
0.009563549999165215,0.009422562563719032
-0.0005,0.016126164511834063
0.0046483720304479614,0.008208308583570313
-0.013683526922886635,-0.02198378377079805
0.00871617343277886,-0.00071256038647343
0.003144305019305019,-0.0008464171332422895
-0.0002528752889560844,0.0033003427120416777
0.0011366300366300367,0.00033898305084745765
0.001815533599609176,-0.007311101788756781
0.0156784763755048,0.0033140781630345206
-0.005701192437657418,0.004974688079160506
0.027458822554348256,0.03098420712811264
0.025296399153406562,0.0019561912748525603
0.029006608480684464,0.002378487393469457
0.004387370906038907,0.0032966420973553345
0.01465938165497885,0.026729848893282733
0.0026305584641015695,-0.004319618471664109
-0.0015207132196560936,-0.006959830504586064
0.029311123832248164,0.007360913433078084
0.0427991646583322,0.007818873873251437
0.02591136098352619,0.013410174797409866
0.028390454305742066,0.0035359555860832686
0.0040613815724824046,0.007082663273029337
0.013003560553728949,0.0008428276797952253
0.020734221123041734,0.01962092079344474
0.002009120698665121,-0.0004447332286954906
-0.006114745342130936,-0.013179162556194257
0.011951130703074617,0.01052767798350387
0.004103393749609414,0.001565349544072948
0.004385010012607302,0.018956464248528215
-0.0022277150862058167,-0.007726108210652287
0.036337208864184845,0.0010263563419947923
-0.004807448826917184,-0.005807448826917184
-0.003496814935546348,-0.00858154866682943
0.001982389863041456,0.003429817474546277
-0.029719782686627453,-0.03377684688113023
0.001550262644615987,0.008798747084380058
-0.007154329058119436,-0.006447647563066271
0.026843287652516316,0.005457066008305122
0.0011781141053855007,0.006703574939746727
0.016818161160276953,0.04411312156495522
0.0007487629424003141,-0.006038738783407773
0.006051436627586622,0.0026265094870728855
0.00363975783350433,0.00878521339453362
0.002691786179921773,0.004049992490144238
0.010556851889263204,0.00038591632426051604
-0.0003589944503217743,-0.004254849872960191
0.026593917544020067,-0.0033829250635917132
0.0017832222951742142,0.02583513233450568
-0.014229617063832665,-0.012921815509051967
0.02653512074045181,-0.0008654684247205342
0.007767681016010462,-0.0010207252693030088
-0.004428207229327642,-0.01953197280163028
0.031786596153791855,-0.01394201600140365
0.0042022671300524774,0.002606568832983927
0.0021734890972179106,0.0007285622179239201
0.018264030428189557,0.007610253156042526
-0.005411115771436758,0.004126773671914792
-0.005083794125704268,0.003434702370299844
0.0011351287601287599,0.04140074373539949
0.02480034158691186,0.0027402978989475107
0.006510450172477911,-0.00011907402074262706
-0.0013904071978728563,0.011193010169119139
-0.0133721494167043,-0.01147862211263445
-0.02355775488444436,-0.026013428884190566
0.011372151195367242,0.03123695378241414
0.0,0.0
0.0010192376518858718,0.007720909401056462
0.0018183522793859134,0.0
0.004595739206571344,0.006929115308581611
-0.023444013788512148,-0.024362574394572754
0.018359047521880337,0.02031471492521735
0.012029275523985264,0.0021676841658475644
0.003023342309074964,0.016923810901216974
0.016112680569765878,0.0
0.011701283099030634,0.0014598470076948354
0.0006477816045357453,0.00043282234076079135
0.007367580450763897,0.028127955392320055
0.022628748941915085,0.03408595217433702
0.006999510640814988,0.013536835931050163
0.022917041105090758,0.014389033655217211
0.007932234581839816,0.0019669933188504593
-0.001754266700749647,-0.0011770797367702305
0.0015266497261612107,-0.008030267744503368
0.004033756002919637,0.015308613254562967
0.002921997753014653,0.00862980978156232
-0.006940224343213931,-0.00654018775897273
0.019520004238189375,0.04402227511673732
0.057158367465564325,0.012471260831778803
-0.005166732623273558,-0.019245070706704066
0.027689848071845977,-0.0017563926541169957
-0.0008603145235892692,0.011188108191217145
-0.01157999934126805,0.0015929869883218664
0.016779820816840794,0.007817311153068636
0.020432053904081107,0.006466453859649952
0.0032957034633311136,0.011164151942394784
-0.011212437054062802,-0.004802668647377753
-0.02877132612252657,-0.03237909465112376
-0.005150353399430367,0.0023161206711660824
0.001845238095238095,0.0036059654631083204
-0.0049989067387082795,-0.02883760805458001
0.04495713854404373,0.0034127913168631504
0.003536366860381885,0.004036139778288771
-0.003317165982274106,0.027161109040477992
0.021129309627744855,0.005361364473418803
0.026943340599557504,0.002124030631497991
-0.011352361718647522,-0.013290287099425266
-0.009716098886341049,-0.016189700534071875
-0.000840040360398267,0.003042158303131629
0.005386470500521895,0.0009185606060606061
-0.007060931299042339,-0.004347876732334938
-0.0070624071501933505,0.003492903222518471
-0.0026297153766082493,-0.021045134295188214
0.02005199679755524,0.0019177607373455745
0.024974833665028326,0.004006421968637678
0.01390250050767244,0.00507386050169793
0.00836178175652921,0.006871732906814163
0.01141636955822451,0.010957670057991578
0.008412904021992578,0.0032705107865010777
0.017957687775130616,0.015444652815690265
0.004838733345799226,-0.0013895179058430367
0.0013551376484775266,-0.001032372391455114
0.033573568951780305,0.014919210828030193
0.0035312975312975312,0.005329078776032904
-0.00885371304537389,-0.004094251204466301
-0.00673821898078191,-0.004212380475876335
0.020374033186259632,0.0063214779835882905
0.00556270795212516,0.005976236681750355
0.022134756614745628,0.0011363063744016123
0.006150395684154794,0.00416650892632593
-0.006514339093124919,-0.006037356995938218
-0.019224258931069507,-0.015468173882092845
0.0026898676626937496,0.002550536881419234
0.00025837654020870963,-0.0013731968613858656
0.007587164102687179,0.023100564011092898
0.01497194107156503,-0.0011928311658994323
0.02023638508444633,0.013236024921651332
0.00051718815396193,-0.007817852331303485
-0.008841458549306574,0.0014246885840550876
-0.01203918116179373,-0.02010789631784643
0.0066883644318946715,0.018393718740841527
0.0012679213441925306,0.01571315398442461
-0.014229617063832665,-0.012921815509051967
0.036500969091374014,0.023888264076253576
0.006439041399922867,0.0003333333333333333
-0.00872427984231364,-0.008340329094119178
-0.00039051890352272524,0.005000360477100714
0.020579915537014933,0.0061547385454236245
0.0029279661016949152,0.004648396105231922
0.009060320271267682,-0.003800210699389142
-0.003852796280960781,-0.019086956825004966
0.04644955105787742,0.023165851364904524
-0.0033472550793508336,-0.0004762715396035653
0.0009708976655255358,0.0020665047484524305
-0.0008025797150208822,0.0054937260216405236
0.0052322086043754615,0.005948226180926218
0.006986474912657328,0.013370750137004483
0.012283591261673414,0.016204037781054156
0.0006487078699353201,-0.02053937645553329
0.01646415134508244,-0.0018443462705466356
0.006474709988855392,0.0002672826266292692
-0.005733677020468584,0.022836599161070576
0.025980606246143925,0.014872877295767828
0.017323973927324307,-0.0003006093360988643
-0.007101966189746829,-0.010897219641391257
0.0010350877192982456,0.017679950644138888
-0.0014736221549073916,-0.00804275289396697
-0.02623273077550847,-0.02767902842989502
0.0003836551745174926,0.0018183238195526082
0.013704949741209404,-0.024183366436869597
0.014937617061792361,0.005312365232462075
0.004273255679032886,0.011440064062587182
0.02119936844063888,0.011353194637873551
0.012882260266014675,0.005623860846614178
-0.041275737178098425,-0.0404620305656734
0.0056049876406739085,0.005418295823318675
0.016634378905514117,0.014705689091634788
0.01339432940960187,0.0007095226441992081
0.0027053144362602687,0.013753988175719361
-0.0027286217821669914,-0.0020014045250542883
0.010751120542756523,0.007039642554149076
0.01469819314082557,0.013966043056735163
-0.0004448407775020678,0.0021705696518618503
-0.0007311157757373616,-0.00031533752413821445
0.002925259092074712,-0.012347299406852471
0.0016604933973779473,0.007246849322349881
0.0003846153846153846,0.0048667682416855896
0.012804055306502703,0.011844914830700357
0.007944868990444255,0.01348445062958309
0.006859374630544371,0.0011280257921457105
0.008237246870540163,0.0004488171533052008
0.007886167121221026,0.011066428437145894
-0.006034212924435063,-0.005929920506326855
-0.005931661589327245,-0.008705524706910918
0.009088612832862358,0.00875541988941451
-5.486515548436266e-06,-0.0005427750354220955
0.02205316413549541,0.0032346544895273774
-0.012812794112779238,-0.017885747373860422
0.028461028154269014,-7.820249311846e-05
0.011668328421259158,0.017693408597085892
0.0009498360124635848,-0.0029226644990117383
0.008258633913990576,0.0101234731152455
0.01179211143729825,0.025161513584236704
0.0012484123587575523,0.0034490552506163848
0.006419436338278388,0.004582872295696842
0.010022920006789997,-0.010585297797770487
0.003826114249843063,0.004877163616525318
0.010459669505070147,0.017490310107079764
0.00915451260073798,0.0003508771929824561
0.004495399114623976,-0.001060642533725559
-0.0021350342323747076,0.006518786408645488
-0.00528727553346065,-0.0017979575264500513
0.0031481481481481477,0.003513527252888955
0.0038425547876542723,0.005729982290358377
-0.029421156622287857,-0.03944322804297763
0.00589281348740485,0.003807598390490631
0.004475486271325975,-0.003486617599029117
0.005966515828788646,0.0012093827573703734
0.026049976986912384,-0.0009127679361043881
0.0,0.009121385083184745
0.03189257645260199,-0.0005633282206469622
0.004411913455792643,-0.002181818181818182
0.018355515673568416,-0.0019298771666798184
0.010281537845376066,0.001407301372449963
0.0029148629148629144,0.027794107331965398
0.027249396308936035,-0.0024299622100857443
-0.008428302588191779,-0.009627076066727653
-0.011515752718545302,-0.017292339162512157
0.00680458789648202,0.012508075535236833
0.002202380952380952,0.0
0.008315213664351354,0.02840520176243851
0.011995178232374157,0.0020377062550975596
-0.0038118598310594625,-0.0052511798606233945
0.010096828176788378,0.0008114866018091823
-0.000529278925998071,-0.004734497880975529
0.01164830319809794,-0.020875020307865574
0.01697990654950758,0.003985701467557217
0.0004545787545787546,0.0003213517665130568
-0.0004038461538461535,0.019857983431222928
-0.005175536112063722,-0.004142986383311461
0.0005172505348427486,-0.0121083546034143
0.02106267723200534,0.000588235294117647
0.00471769458441919,0.02979338390765264
0.01531431349337346,0.015223006000783176
0.044657425977935955,0.018618049848841443
0.03855649090967212,0.008684259969241477
0.010041449558210746,0.004301145930557695
5.50016665762322e-05,0.0006586066144750075
0.008835745920289273,0.006410634076049282
-0.0037817557239676882,0.014514647337913845
0.030298071573089207,0.0004198543658292973
-0.0031092862479851083,-0.003957182533538526
0.026512259866217247,-1.3173141581190352e-05
0.004742146488040568,0.01498963598095887
0.026626688958128763,0.018577094157106896
-0.0032901102581759734,-0.00420891805784378
0.010433342984091938,-0.01195824397574016
0.023247129761739947,0.013831521761033324
0.01418047152403436,0.003174432497013142
-0.010847571621041979,-0.016365772604861127
0.00652937406562731,0.011474136755326927
0.008674840768934223,0.0018684210526315789
-0.022014403564263173,-0.01704700055815039
0.006967436112249833,0.0003125
0.0028010603607815945,0.019825352278114983
0.0021553062852161836,0.006136800677156355
-0.002407179003263718,-0.009216461481089675
0.0006153846153846154,0.004154763532207141
0.004941189564718977,0.0033849998964355556
0.02402390458975058,0.009376650901579995
0.0005364414860864137,0.008991296019514056
-0.01803449535568225,-0.017351290384266173
-0.020830858056679818,-0.021646531787187614
0.004354110172431448,0.0001320065642124663
-0.0009768944505786606,0.03489824832085997
-0.001255562377079405,0.005831697943251187
0.0010128379091528111,-0.0028348804272585078
0.0036738185056623095,-0.0025926954181139227
0.014660440708188059,0.006074745553714074
0.01952987095756074,0.021977233256567773
0.006511076673464549,0.02179216865138056
0.007669785623961049,0.003662215873931539
0.0029294497886047178,0.02418970661779041
0.0048234600146364855,0.0008470244614822927
0.01114617354067482,0.0008333333333333333
0.0016942569858920675,0.004584521540701389
0.004993363654639239,-0.002501001171240561
0.02772826668786197,-0.00038660918436807284
-0.000442677049715812,-0.0036628711969461433
0.02684996355817664,0.011558926696586794
0.01997986624523456,0.00041666666666666664
0.0030259021097270456,-0.0014214185981201387
-0.02779557592643348,-0.006486615024878146
0.0065796469049784435,0.01391699940693954
0.005179312325635336,0.013550111595724902
-0.0017996879008175008,-0.0016433660617370409
0.005776770499772585,0.002992858668945625
0.0673245868822325,0.017941449120492458
-0.012994876312148606,-0.01428419280307369
-0.0033666666666666667,-0.00017767971758664985
0.0,0.0176778257871585
0.0060532682216328385,-0.0030365529254731773
0.005253073956324627,0.002634570034859676
0.004957405252554708,0.001979541338181185
-0.00030053387559734893,0.006418037976466631
0.012692475420266924,0.0037003871948487637
0.011177488343626071,-0.0027493939887012755
-0.0007716017277242409,0.016839293463063957
-0.003192053104812253,-0.005956412642277046
0.004059385544684338,0.0011337718129423792
0.002123671736538469,0.004398420961774471
0.005906975956672521,0.0049966880608406546
0.0035514585385137223,0.019377387765575967
0.028776727144902963,0.009494969946423919
0.014922428801414915,0.011319185588814678
-0.008161822311564659,-0.021689891884061455
0.007191898105961432,0.0006060606060606061
0.0015067281328150894,0.0331990329694321
0.016015659921408913,0.031832839159992174
0.029441050428470172,-0.0030230560182344175
0.02373896949289787,0.00836996531235255
-0.008753980876464893,-0.009458334511658478
0.040593708192734376,0.009985598367901192
0.013232498118705718,0.0012407680174936428
-0.0027125009644299444,-0.006707735635196529
0.01813493026800288,0.001249993130006192
-0.017718535070790107,-0.014488525972520636
0.011912332800640451,0.0022164195790323636
-0.0032954100446411084,0.0026131270759856447
0.00484606530094878,0.0028954435677260725
0.013619658719209008,-0.007647201199235393
0.004069129425698077,0.006127583044199279
-0.009455695980497265,-0.013429048295630103
0.004931851247915741,0.021982259061519568
-0.002297074078697321,7.934769290906737e-05
0.006319881223677965,0.005445478022589406
-0.00012077623795875465,-0.005244939337287674
-5.478345500742592e-05,-0.0018488392115162489
-0.00336589501404924,-0.014424931900830029
0.006210830826942793,0.008656962611646286
0.03951417267855921,0.005127999139734406
0.013567416858251646,-0.004536487314285195
0.0011899806591286,-0.0035555968188432444
0.003791924001528043,-0.0008977133977133974
0.016907536907751642,0.00936982729441746
0.024780264358728113,0.019310945338497584
0.009050962186519223,0.00355846202379197
-0.013581465035297096,-0.015835556876861192
0.02666610293563636,-5.809289706185149e-05
-0.0035282177044870765,-0.009757905874162216
0.0028489177277560727,0.002161600623139209
-0.001363994554464348,-0.006574068359173926
0.016679325201718193,0.0023206092153460573
0.002520861514753109,-0.005868158632077384
0.025044053458447613,0.03375461905017178
0.022906489229820633,0.009760007350694759
0.0031846601528906027,-0.0034164063312403974
0.019121361538418646,-0.0034253284572531005
0.0069187171238382205,0.016818345744098757
0.00393028743028743,0.003158347965778757
0.0006675559086018017,0.007395504837047086
0.015223475008490403,0.005063535091910378
0.006325331330649504,0.01810511530815333
-0.010458402469417665,-0.005381094742174285
-0.014720819676370605,-0.01808779566161357
0.008734153781146262,0.00010231660231660228
-0.009169175242056503,-0.008247991894605875
0.022213421522729374,-0.0011586731828430053
-0.0013639494035161857,0.00931412356288408
0.01611879330995677,-0.0010933117006608662
0.013039700415734793,0.001794902896106227
0.005464071792012555,-0.0017397278348891257
0.006421799721535085,0.007138489306373188
0.00023599111800395346,0.009170679351743207
0.002759470117716249,0.013582120882806307
0.000872711242250879,-0.0014348732587592897
0.002519102479749869,0.0006221256221256221
-0.0018136363636363632,0.022360721902158494
0.0110252983005729,0.0035425727031241803
0.012526071326838181,0.008598083926750906
0.016041968835614533,0.002729851708575113
-0.002548023867891537,-0.0027650167864873842
-0.007969391986724333,-0.008791580312987012
0.0038613143255959515,0.0025354609929078013
0.021565316225787935,0.04615373138214499
0.002044491467038108,0.03366308247817285
-0.017871272735086936,-0.015948736749861366
-0.021178336655049215,-0.022257529476167055
0.016642741457026638,0.0021523809523809525
0.0009166666666666666,0.00029761904761904765
0.027281370562856348,0.00525817679558494
0.0023796652142516806,0.0028487305434889854
0.037783779306745736,0.01232001574563494
-0.03415845910664999,-0.03556592571831399
0.007364452508654855,0.026037503172159925
-0.001225108225108225,0.003991507463223893
0.0006892281982392827,-0.010055227418643026
0.0014297060372951177,0.00043360324771652727
-0.025570933905400814,-0.03514702988424569
0.01096905054312801,-0.0013795885437676483
0.03048496829781088,0.0051403601844778315
0.00976190085263944,0.009812733935150808
-5.486515548436266e-06,-0.0005427750354220955
0.014338927708819163,0.007367391906566519
0.04467749747885691,-0.0004322527601597374
0.00305125690190368,0.005759485379437504
0.009983947210609887,-0.01539502151792645
0.0060178397014785355,-0.010642026596420056
0.022917041105090758,0.014389033655217211
-0.0018056121981371398,0.0039862085087202
0.034302397228060125,-0.0018756987999239416
0.006710293368938182,0.016170828961783207
0.005364264657045761,0.008399223650833164
0.014819404851557501,0.018974224888367322
0.010382725332872577,0.012288860703467833
-0.0024825455832966567,-0.002683508916492285
0.011862425629910434,0.005654582594205235
0.013170015615909969,0.0039654209226157
0.008019465239674712,0.002736542242048361
0.012075301266823315,3.901657590843748e-05
0.007999047130638813,0.009976956892083083
0.02846263438489368,0.0042425985207502955
-0.007713498356626818,-0.005403063013135494
0.009774766838822998,0.0010347018572825024
-0.0037952272751258075,0.005533016878071138
0.006404829175998917,0.0003456114851412397
0.015868706313439205,0.005091954006191643
0.00963943475734912,0.002028816004774331
0.030026442462082855,0.016931011626919984
0.00023124152206356998,0.01775720977672269
0.01237240437040791,0.0
0.010319159562955389,0.007953482490609
-0.0031205669316152966,0.0008998612482034544
-0.03410870547551027,-0.039490872999888786
0.01138170661257078,-0.0007062814156227899
-0.01217583493619585,-0.019682971556761606
-0.00521644640745716,-0.013418970868574274
-0.018614373637510187,-0.018821155744292294
0.007736810114047147,0.005929346924143739
-0.001323459341542524,6.709067691447121e-05
0.02822227595544965,0.04351941633556287
-0.003916732623273557,-0.01628078499241835
0.0011396199433490086,0.010926999574897919
0.01450034847409061,0.00042592592592592606
0.006819125691323617,0.0026841009446867833
0.012170764020057194,-0.004811158329577849
-0.0007152542026169139,0.002329036951762564
0.0053518063860455165,0.0020408745947539052
0.0018076153296827276,-0.007764076823542208
0.007630466458406277,0.0009090909090909091
0.00025496319358524547,0.002154083121530431
-0.023555192416497367,-0.02517682590962877
0.0005174719835853341,0.010583026853674973
0.023253593272972665,0.001951368523949169
0.0036302249522063776,0.00028640787104929587
0.028280632153718156,0.008034248986006033
0.008701514789647454,0.001019657074536018
-0.0031408532355794855,-0.008438798011198154
0.0013679917587457488,0.012550489726340734
-0.008634501280536916,-0.00023396164189928154
0.02429397501227935,0.006137354386232708
0.008059864580730521,0.001381227900996464
0.014109516172140719,-0.003895806487157892
-0.0010081639272869923,0.0027864111599890046
-0.007088267167195411,-0.009003805529542283
0.007692510306732783,-0.0016064008630788094
0.0014497973694895094,-0.0026154629003811297
0.009584071658572002,0.03717516744932275
0.020106983122551058,0.009409195292617481
0.016537144375049558,0.02902950895662553
0.016435624994714446,-0.005925076103371704
-0.002428938961459533,0.01835352320002772
0.002257847707847708,0.0018470346940274236
0.0007007518174472446,0.0037244604705183267
-0.0006320618876065982,-0.0014158418495839918
0.00233061405237485,-0.00026392402869718896
0.02753370592976975,0.008052466755619742
0.017498158270785262,0.023390057563978328
0.012723102495203031,0.012958393669184292
0.015128853968223598,0.0016448538269514187
0.009539199691460772,0.04448235451321971
0.007650733098290468,0.00183448732836476
0.027197040678887233,0.0034482941942107098
-0.007394415196643555,-0.008915709985969036
0.029344211293525563,0.003202406483973934
-0.0013621318385219749,0.015682184779190055
0.005025322881231309,0.000425531914893617
0.007405711754859533,-0.00806939634605079
0.012731392406800626,0.0035740166422024884
0.018987405134034834,0.001258160095013508
0.004976703947655798,-4.070500003324059e-05
0.0002663555057172075,-0.002456709956709957
0.008181117247875482,0.0004708723645869533
0.07220507747317823,0.008979328240447912
-0.011004854709757744,-0.012085741297802571
0.007932447844625873,0.007312654022411082
0.009114003306158223,0.0019517497832671896
0.004768056924985029,0.010202783767807366
0.005692264979612081,0.004807745156383928
0.013998546881719056,0.0013048906032994156
-0.003164787981716855,-0.0011073737987322553
0.006970837917741942,-0.0012867132867132869
0.00507147590743925,0.005903559034242735
0.004356501912252692,0.01427173109389692
-0.012374362939613855,-0.014758056216105903
0.0046609929078014175,0.018021350689347418
0.03129856708135432,0.0034699080451301807
0.002808142150247413,0.018228696327349237
0.00046313070548394033,0.00617488409362352
0.01656299033676773,0.007959160557379032
0.0036462943969175665,0.026600262027194795
0.01879008037063442,-0.00307765851333358
0.0015114543495225972,0.022884538191359487
0.0029590480689083176,0.02165293572984702
0.0058123558983460884,0.0013263157894736843
0.000975609756097561,0.006131557040909766
0.004691820520299829,0.00195008885353892
0.0015415202746904095,-0.0007418957608807228
0.015684269527359643,0.013650239364140863
-0.003000384000384001,0.0017656748825200406
0.01373161890191905,0.0017727272727272724
-0.0024523906271396636,0.013270085146000993
0.004095006429205207,-0.004849087885484319
0.004871721334600744,-0.00021234615736148482
0.00652937406562731,0.011474136755326927
0.0033878570250386805,0.009473376141161474
0.020155559803896696,0.002363299463199825
0.008527489946131344,0.018747821404365737
-0.013198078601328775,-0.005500534402693172
-0.0021469776219484975,-0.01052588399656059
0.029990786742738133,0.002528062694105264
0.009377752214438474,0.008106145775934942
-0.012001383990747403,-0.016623292404389336
-0.006080141957747299,-0.0010115580411427117
-0.0012178736373728563,-0.0020500590347781854
0.0028276471199499987,5.696602248326382e-05
0.007564544038930036,-0.011963158141299512
0.0035670126038707967,-0.00240474341566717
0.005025322881231309,0.000425531914893617
0.010572350820004801,0.004685843517906727
-0.00407950293389186,-0.0001350526596803894
0.018511308073661595,0.005791917633169386
-7.221538161178214e-05,-0.001574876920465156
0.015942732889467674,0.012308955551880843
-0.016204611606426292,-0.023286134204729612
0.0027055289200319625,0.020454940276351058
0.029006680328304286,-0.001165770979743696
0.02170297423028866,0.006162810724751828
0.014835778571535157,0.03637939229443943
-0.002091626464790479,-0.0008700474418182665
-0.010523326420472379,-0.012759976272990334
0.02887071598548663,0.003327082072998588
0.02871567069687264,0.0010651629072681705
0.0018867419639112728,0.02923057746908124
0.0027053144362602687,0.013753988175719361
0.026991820003231675,0.014515608716144036
0.008640244979329758,0.011551374253600592
0.000744535519125683,0.003276190476190476
0.02405280448736081,0.0083720721348164
0.0038421939783275937,-0.0013210802552613607
0.002163039317768677,0.00198020238815725
0.009240356382747183,0.0016068583579527743
0.008319134572381837,0.0013810334917497302
-0.025191236730274066,-0.0052572565772181015
0.0016509364940005854,0.00014874915483434751
-0.006240945830567063,-0.013092273965891498
0.002765922186497443,-0.015553305746890784
-0.012222128133756841,-0.011341396526980612
-0.0015714106625764881,0.0024010938010384647
-0.023816647793291065,-0.0204189806499286
0.0011933970906535297,0.011609710598131715
0.013984932024929305,-0.0003076923076923077
0.028239257370838364,-0.0035103581716800815
0.0009822635310752083,0.01186432368762179
0.0027702424673792386,-0.005043989779389241
0.010318882259414512,0.01749753796199735
0.008829739393069563,0.007281893617349582
0.026324796275175564,0.019086118850921558
0.006040958290994962,0.00014462747766673736
0.007735730558770879,0.001081081081081081
-0.0070488364738634565,-0.01434996947042696
-0.00016660881638320025,0.0025064599483204135
0.005458755693435438,0.00553599109097228
-0.02166120651472041,-0.014986217457717367
0.0028559728559728556,0.025414089754555474
0.022460748109924496,0.010216073406947886
0.011449032215658716,0.0038311688311688306
0.0229697865850965,-0.003040124129332176
0.004175147867269478,-0.0003076923076923077
0.05413992782369434,-0.01286180120556444
-0.001887697912288076,0.004364077319578139
0.019552353003153368,0.014530628478989885
0.010602668774225192,0.002684917421759527
0.0011290575228393566,0.00827473709626274
-0.0026742923016674623,0.0014353499648112394
-0.0011285881047895093,0.008698599245774728
0.028981845153256854,7.385725477106458e-05
-0.010949181413421254,-0.004047147572913152
0.012135700624616823,0.004654177326423158
0.0033591049924232767,0.01275272725811259
0.001350305321784602,-0.015016641190526203
0.006077525226888199,0.004185054175228064
-0.0018056121981371398,0.0039862085087202
-0.0027361393278572885,-0.0039451255497103335
-0.00010157734020366758,0.0017715648111649197
-0.014776524800140545,-0.008958329955633941
0.008842424424686189,0.022293112785888018
0.023906182504731862,-0.0004651162790697674
0.006625492864937294,0.003073706909112102
-0.0007142857142857141,0.007356808646455899
0.022287514654486345,0.007916147319725945
-0.00407950293389186,-0.0001350526596803894
0.010520058245374657,-0.0014844541513909931
0.007811359426202794,0.006116145372643007
0.0,0.0002941176470588235
0.0029367827939256507,0.003935483870967742
0.013616640831871833,0.0024268367746628616
0.009374497335628423,0.007411417803252168
-0.021571298093964908,-0.031107439651196393
-0.017740254740896015,-0.013708346020733689
-0.014840678736999886,-0.01575457081507107
-0.010527710176638536,-0.018596425332691235
0.022977031689712973,-0.0026132117538681483
0.01865161428578814,0.0009491628277655652
0.021982266967335663,0.01812897375937285
0.004773160173160173,0.00013483699399192365
0.02023915835748794,0.00033013939310783114
0.002051020408163265,0.001497491912325979
0.0322720452056499,0.012281159474140883
0.0006633771929824561,0.012001834421459422
-0.02779557592643348,-0.006486615024878146
0.005216449421510981,0.004602144959111514
0.001456258209118622,0.008469584083091201
-0.00016660881638320025,0.001289269685842513
0.008128037781256542,-0.0009294130639425728
0.015422241350441878,0.015626958969662416
0.01091825980918289,0.01952462508814231
0.015261207000326193,0.007175952246225043
-0.04874888999512733,-0.046825559357784846
0.0010293028537572825,0.004589265778934716
0.0018213347482303004,0.006887605929206848
0.005764493235102135,0.004918987203552695
0.00040334096090002304,-0.0029709373788955576
0.0030212146466918736,-0.0032819687846915415
-0.0022323781291172596,0.024677432416229352
-0.014229617063832665,-0.012921815509051967
0.02703915187440656,-0.00477304559064378
-0.007623699816630899,-0.009314019365503079
0.01365822352893669,0.006645868983547152
-0.000228494623655914,0.0142181452478046
-0.002007622440167691,-0.022178390748320283
0.0013861503773815124,0.002575908263673472
-0.014630380350741297,-0.030001217862562997
0.01292203174690693,-0.001430160285699777
0.017061199958237704,-0.0012644270340444923
-0.003974095253499794,0.004579147587495006
0.009425352250077523,0.002785543608124253
0.0023630977736923526,-0.000273972602739726
-0.012377078504764412,-0.015146324046274412
-0.0010311816996067648,-0.005125164376764062
0.030518156317135805,0.0015350980091376942
-0.01966169107672773,-0.02569150073339767
-0.01343357226908772,-0.012085181765270984
-0.002341079046797938,0.002542569684873602
0.0014829931972789115,0.0
0.02189436220298728,0.004283601554519404
-0.031730098888939434,-0.02270526140996202
0.0,0.0
0.004666490046066531,0.012025818082417618
0.005882950181175866,0.004372547739917475
0.041213896619141856,-0.002999807415630477
0.013418755568170687,0.051486944768704544
0.004766543031860016,0.001353924753485624
0.0066309909648305165,0.010533514588536068
0.00369751865580549,3.5664313798002695e-05
-0.0051398429163282446,-0.005124627913835495
-5.478345500742592e-05,-0.0018488392115162489
0.0216439106088533,0.005273825236191909
0.0038336750968329908,0.0019326316385139914
0.008734156219001959,0.005200764988088451
0.003955043018996508,0.0035316525051391034
0.0023847524391364568,0.014166807758003119
0.02106267723200534,0.000588235294117647
0.02235929522641476,0.0028836814821334954
0.03557238184218466,-0.0010110141647319633
0.0016965707125890192,0.0029102893340181473
0.010275241143270036,-0.0057844446272992175
0.009586226217358811,-0.009835002465222358
0.0016616856042192193,-0.005961991571819262
-0.011328224570970099,-0.0064005055590174945
-0.0004051513877996772,-0.010658913848153664
0.010231243347072086,-0.011848363941475716
0.03803011219169332,0.003605937737253068
0.021912274191006786,0.005737264947071546
0.0055340108272303665,0.00028839014129711845
-0.030408491985862384,-0.025284378084649534
-0.004436397559038314,-0.017547429336310535
0.00032967032967032967,0.0009487179487179487
0.011779730694970708,0.003860641867454576
0.0013594470046082948,0.011491577338536079
0.004266482305478133,-0.00021773636991028302
0.009779969353650159,0.006707808295539978
0.013811878676770563,0.0023526918466715073
0.00540063772027402,0.0
0.01838349903724529,0.023622910881781607
0.0001928551521999623,-0.0030297697822893794
0.004721872062653393,0.009729575356936998
0.026433046248639305,0.008426837920486182
0.008848264459063577,0.015507089084184918
0.005671029942375666,0.00869170449057767
0.026638246875565846,0.013873789576316941
0.011290815328804143,0.02188791090098324
-0.011951892134648905,-0.013822408030758881
-0.001990654020111774,-0.003648900903904367
0.006478351833048116,0.03735224392395205
-0.003079865493176034,-0.0011262950268183577
0.00646180903701772,0.012524886993022281
0.01598094788673852,0.03524994281295586
0.028863335466867097,-0.0002757411482460937
0.00553601729627015,0.005570301545826826
0.0025661906184813814,0.04026522531019217
0.021115037197291492,-0.0027291051933793133
0.0030320358203619717,-0.01950412027071001
0.0017882752018550845,-0.0012486941913549617
0.012268855570377737,-0.0003293076505762032
0.00846496651379498,0.0015477642829911224
0.029043093385139697,0.005209286419383263
2.0127928883089362e-05,0.007660013171337622
0.005630425843562429,0.002668290518721658
-0.00011856246022720271,0.002361755575991201
0.013112336995743578,0.0030623476567889496
0.007518717525521119,0.003540865255452419
0.010222844219231485,0.0034688269101177333
0.00049863935860525,-0.005545704210906796
0.010614599201159895,0.004099450069484938
0.010235525136296933,0.00503472160023884
0.004503645239445855,0.004370832496967503
0.012307081723507383,-0.00022727272727272744
0.0019008148080575764,-0.008281848145193352
0.006732195891467974,-0.005991919434475117
0.007897704299457155,0.0006426789698263722
0.014335667098431905,0.0053288028832235565
0.0,0.0
-0.03396025705290537,-0.037593258687427716
0.0038372000238953985,0.008393526146639598
0.011054371328079224,0.005150607751434885
0.03227906127274829,0.007443185911396202
0.04752325619812185,0.004787718864172836
0.00896848462171043,0.011440976118854822
0.006574239633381655,0.0
0.0030039336421879546,0.001702127659574468
0.0006246225029565167,-0.0006988901424262476
-0.0017007125897490084,-0.016061897123958998
-0.007431614588353624,-0.001999769231924643
0.014142891079021405,0.0010091048995678293
0.010284259161656584,-0.0005664418797454189
0.0479833775489352,0.01955641938436063
0.02108734141739629,0.0026823458465249513
0.00975308998639457,-0.0053577356429376395
0.0038187209929013925,0.0041191796263545764
-0.002887091558608586,0.008276533445024839
0.004093931593931594,-0.0011212121212121212
0.0020238240653051185,0.01127469274912249
0.013083240180560615,-0.026394982551780383
0.012008151666860308,0.0028760755016135216
0.014876342473783732,0.01955695741516123
-0.020489461210666977,-0.02060101111204488
0.015592451311237134,0.005626882510363645
-0.012184790951760973,-0.006593952133983115
0.03047143369043331,-0.0024899097119089044
0.0011866969009826152,0.0
0.013833678399010054,0.007762107029753622
-0.013673604562677273,-0.012067797823412154
0.03830275148789944,9.784653870331672e-06
0.008856448842466048,-0.0025937783045077278
0.0013356465197718252,0.001227742391623161
0.012403101142505986,0.014640715588619471
0.00045454545454545455,0.008645232580716452
0.008153543033026355,0.026837718687560887
0.0,0.00045454545454545455
0.0073753957867200605,-0.002696687370600414
0.002052910052910053,0.003991610538679988
-0.002964355173155864,-0.002964355173155864
0.013887426072484492,0.002918171683389075
-0.0004647270523596382,-0.005895337732446047
0.04815665165012766,0.015653941338830572
0.012689081277033495,-0.008473743950414392
0.012229312824682228,-0.006231702748195093
0.02750520523453719,0.0017238950298318727
0.00606551064894105,-0.0014996897470024011
-0.001351145721446473,0.0030449057226598912
0.013376076125891895,0.004138090912297445
0.011175434673438213,-0.001196969696969697
0.018569957171750747,-0.00044444444444444447
-0.00033898305084745765,0.009614583129329602
0.0030039336421879546,0.001702127659574468
0.011379363177722765,0.007826489521996919
-0.0007660318742884545,-0.003448862729318651
-0.008001170773374054,-0.008454616337804633
0.007932234581839816,0.0019669933188504593
0.0028240158273807065,-0.003656376155191214
0.005658664663982837,0.01347253614519795
0.005985278735436503,-0.001406502970776768
0.0024539416973538624,0.008415910995470635
0.016512764590394878,0.007839640987427652
0.004511872383912771,0.014707929601138127
0.02682220047351543,-0.003723450891677067
-0.015003281117814364,0.025523727668895768
0.010433862093453776,0.020490400529815482
0.007925125973867481,-0.0005738200418507324
0.007970811767969415,0.011984403665049638
-0.0009088327069599854,-0.0032214922782345685
-0.004806518484026615,-0.012965382037306104
-0.0051398429163282446,-0.005124627913835495
0.005914306911850693,-0.008556685487130563
-0.0033135221733430545,-0.011761396467723504
0.05109218039782829,0.049539113566325815
0.026241499556436967,0.006501672349199284
0.004244625231443708,-0.012116935492323252
-0.004688176403279615,-0.0016902852178199233
0.010651690142420704,-0.002425763099937561
0.014335556354629136,-0.001356853369763206
0.008844146221614144,0.0022525062656641604
0.0023409171883748154,0.012669391037477808
0.0001134756228072624,0.004956068057278291
0.00856169143179605,0.0059710016066769735
0.02851722661789422,0.0038629923551641117
0.0057573117534441935,0.006465367965367965
0.01498192277561331,0.0005662558127995914
0.02009690857490298,0.004800669779393184
-0.01646985544222469,-0.018909611653347973
0.0032475773747070954,0.004297511906761779
0.02530516004114509,-0.004510630418441855
0.0023167581060751403,-0.006879094413666964
0.049323945992087594,-0.0006285615305167023
-0.002262636555288292,0.0023258141930964484
-0.0038595202412994856,-0.004826362679874827
0.004343468349752717,0.03159834361680723
0.0006557377049180328,0.016421288543538443
-0.008986676106500618,-0.007771109667023622
0.0012769811902559357,0.004076227390180879
0.07181985310778287,0.014308658517995402
-0.0041540323677410574,-0.0019965339494067255
0.0086194989221305,0.024067104672896855
0.029918060807580363,0.0029113514440771
0.013006399761312184,0.005298785613236996
-0.005592299845669148,-0.021154059776658945
0.0005,0.0021081944969637656
0.012909691658852697,0.003059490462851808
-0.0022385751052705323,0.0035314951846149877
-0.0038318058392983645,-0.001250672675117658
-0.013987275747674603,-0.01193894962854946
0.00961011110188047,0.0013333333333333333
0.02035318431574044,0.007996099322168776
-0.001519912897530066,-0.0027197415849284567
-0.01237498092158272,2.040403226871712e-05
0.0012512218963831867,0.00041666666666666664
0.0067528519216606695,0.01054088512474817
0.0149326241359043,0.005960804249329167
0.008066876882187868,0.040810624987704054
-0.00416661632497701,-0.0055886369913591095
0.0030853273264846402,0.009296016652986256
0.020579915537014933,0.007379228341341993
0.017075922688137467,0.0009278216683357443
0.018382125825200303,0.013309681771661233
0.030026442462082855,0.016931011626919984
-0.009552769384399622,-0.00416557259981264
0.020866221932702107,0.0333570769973048
0.0006942749141437044,0.00823407801601383
0.022817562384489513,0.003001439520571844
0.04457694243610998,0.006888641315111903
0.007198007152596244,0.0015983154814363043
0.02647066665668856,-0.0014367183736322807
0.04495713854404373,0.0034127913168631504
-0.00044444444444444447,-4.4444444444444447e-05
0.01468312280900301,0.02377919784501205
0.009723707530972821,-0.0013043478260869564
0.011828575497585923,0.0021428057544385006
0.0018975127452360765,-0.004580396449104079
-0.0021014122437212727,-0.015264658103655598
0.0,0.0
0.035982326788428776,-0.0004560810810810811
-0.018543316948405726,-0.015454260185544069
-0.026064281722163712,-0.029265080022820498
0.015916473294810718,0.011143702752454328
1.4353054784559203e-05,0.004214883527776181
0.007895531093579685,-0.004911715528708432
0.0006895937133923093,0.008520633144079817
0.0007657834330766665,-0.0026561196408387915
-0.01599586425421804,-0.034204248766274106
-0.004661478775451719,-0.006167995567706852
-0.006635159618843959,-0.005635344855483767
0.016354922062304246,0.005176734376734378
0.014819404851557501,0.018974224888367322
0.017954108360670025,-7.667213136052474e-06
0.0027914416566540176,-0.00013178294573643404
0.009211648344156798,0.003213901451179176
0.00395525043515153,-0.0013662281870576208
0.0043379286654682755,-0.0004326497382109405
0.01771824682851038,0.007494487129997474
-0.001298631388841984,-0.002433438401180337
0.018886136710121643,0.019267665157285365
0.01511418106955503,-0.0011666666666666668
0.002427318295739348,0.0054733822597399515
0.022241857949425355,0.0033575209757111413
-0.011863473530330869,0.0035738838711245474
-0.0030324165832691964,-0.010165994339934994
0.005032529542135205,0.0003508771929824561
0.005406901824580185,0.0020972248090892157
0.0018323802119731922,-0.0056420048367404755
0.00272375444186242,-0.0007088953567848388
0.003481481481481481,0.0
0.02695829157814581,0.02800533466614497
0.0005284081166402189,-0.0009330212341508342
-0.0015098643551349953,0.0035451655270221016
0.025423455321396997,0.009252655086431723
-0.002434680193737753,-0.00834050636726191
-0.036411404008341065,-0.04172886432580138
0.040030267033380675,0.017801700457280127
0.00866768549283137,0.022885967803929645
0.011792534403576482,0.015055544706955814
0.011163845268303564,-0.00019964113638393666
0.0009676163353974903,0.0027283142389525374
0.004370099667774087,0.004368343498778282
0.012754318767330321,0.0007839642626876666
0.00019319433389652376,0.011172398068389445
-0.0019796115999251747,-0.006682172646594356
0.0008100982574852895,0.0005607901188154485
0.0075388358253080535,-0.00012510746443542648
0.0012136027530575593,-0.0015401069518716577
-0.005176246274001883,-0.007162465441549993
0.006192674466336355,0.009698617781330205
0.007658933964752284,-0.000851063829787234
0.007328369757317124,0.011637894433463143
0.026650818533980845,0.011139215021223139
0.028047107149458746,0.0046324938296158046
0.006199478390092241,0.005723905712453552
0.002762551976423412,0.0012999913804327794
0.0008038914490527393,0.009882284761501565
-0.006398878084187071,-0.006398878084187071
0.012177508668689925,0.018747020537343704
0.003385969884676178,-0.0026303220381296405
0.00901384504304365,-0.0019120396239040317
0.011075590282972468,0.010637607134319245
0.011068594351083929,0.0014963247930108385
0.014847780665135141,0.00072362962767225
0.006510450172477911,-0.00011907402074262706
0.003871025065459754,0.009311440314320954
0.009461301257578535,0.001647177547811223
0.01050038894094131,0.012053916788923634
5.50016665762322e-05,0.0006586066144750075
0.00522129994996768,-0.004375890162569099
0.0006060606060606061,0.0015384615384615385
0.013856480631148865,0.0
0.028836330053048136,0.0022903033522836576
0.0010350877192982456,0.017679950644138888
-0.0007977526627916971,-0.005935424907874505
0.0015150375860518784,-0.0006163233631006565
-0.004471991640367412,-0.00902202466926245
0.0029367827939256507,0.003935483870967742
-0.0007675070028011205,0.003994482116277495
-0.004140808610297255,-0.010292338424585094
0.013501814862933326,0.0068760816457714355
0.009917559183630492,-0.004684607043891194
-0.013668457600855024,-0.004031230274555604
0.0030517167599785266,0.014685167999870151
0.019389784347323503,0.010581012177724936
-0.022937616103390825,-0.017626615251924695
-0.00027250491793131,-0.001835385164369508
0.0018961069621997477,-0.00017724439060382274
0.010118436419068767,0.004258326419998893
0.0438244504560701,0.006677480217860774
0.0049916962763955595,0.00668075438542033
0.02300758694950392,0.0016614340743007008
0.03232267893470833,0.0020242785437937227
-0.004383271053067143,-0.0001400252619108127
0.005340355937440647,-0.012416453078647825
-0.02424702949227148,-0.0039034892207032643
0.05180449887182873,0.005030809246694812
0.010907054191485138,0.0033479182239302668
-0.005985899024864284,0.005504475023638732
-0.007315048780312236,-0.002871948099937554
0.0066099318630960194,-0.004278899225053493
0.0344468310883348,0.017336008619796957
0.0015714285714285715,0.01668146911566704
0.003568143167260967,0.00016157977762024285
-0.008712546867616947,-0.001784484729083543
0.012756786709489168,0.01311819750303378
0.0030039336421879546,0.001702127659574468
0.018684786772585206,0.024288565936204886
0.006143608401308191,0.0046855695733884935
0.009677662348986016,0.016106337105972958
0.012964902380603584,0.0011155537509798283
0.0021538514394297895,0.0018109918031514027
0.0025623664650476965,0.015288508028760998
0.008604607548324313,0.006502287266683551
-0.0045678911103656196,-0.007990425672795062
0.004123248789833857,0.0003213517665130568
0.01133112314949801,0.0019512454758356399
0.004712242213552794,-0.005227691484938324
0.016354922062304246,0.005176734376734378
0.012248754244324898,0.025226582158528944
0.03140024946455241,0.007161873469009851
-0.008712546867616947,-0.001784484729083543
-0.0015058638840151446,0.007471278120715994
0.02468786780678929,0.013322830768889368
0.002028209545085479,0.0016022660818713452
-0.009094254106461388,-0.004828289807389667
0.011518241575907574,0.006857845664107364
0.0006126361870906157,0.0026426409751670534
-0.011471390883358619,-0.01835638169846839
-0.02494152542662441,-0.025892106730915528
0.03859110032599732,0.009553478182239318
0.015413768820525751,0.004609541206570976
-0.023028025739250692,-0.028355466545063504
0.01609319046848949,0.021393277265272008
0.021629164960254244,-0.0024118384443478085
0.0009016726324136445,0.0016013090942558826
-0.007408813722504704,0.004720107542031934
0.021405960855708665,0.028166797920022572
0.0003846153846153846,0.015315835431694801
0.007990001187433987,0.001477808326787117
0.0039644512309747505,0.009494330886079538
0.022705594019406253,0.016496709294447093
-0.001251633470733283,0.002260105100028482
-0.022750758932339597,-0.020353096211688407
0.013627728426205042,-0.002882656367066602
-0.002510250677698386,-0.0056230179678459875
-0.014900940346439588,-0.02335946894379436
-0.005420135541433998,-0.01936264420627199
0.0031828627133449784,0.0017093333788041178
0.0008943212001395198,-0.0012356792144026186
-0.0025666783142259163,0.005509131798267254
0.03124003882151839,0.0024083880216824102
-0.0075458033052597795,-0.01405454523296875
-0.007545506217751784,-0.009765064265603609
0.005295326726767117,0.008739764980191782
-0.002409056245606121,0.025427197196406348
0.016334589300484533,0.019064843069024874
-0.01259847602956215,-0.0071202282750026415
0.004318925327546018,0.0035329063528972003
-0.00217734532409455,-0.00025790548412196876
0.006848877192304314,0.010139578480131518
0.024730040778424552,0.006314837326702129
-0.005170890068352852,-0.004072838210801768
-0.001095396221686867,-0.008895763241163056
0.007578055918153104,0.004658280183299916
0.01612346912607286,0.0008285509325681494
-0.008261413613103473,0.022493858884828397
0.005653243697110092,-0.0021376525091695376
0.0024658583102996033,0.0035922542930215563
-0.006521236245462345,-0.006444100099454861
0.03664078061979413,8.673236569187344e-05
-0.0013285980843115866,-0.0010098750925145814
-0.023559819886611707,-0.029906727277864035
0.007022090297038022,0.010900804175514336
0.004570594802631775,0.003903940886699507
-0.0021513607314551262,0.0043418638666692586
0.03246962688006927,-0.0009235141647319634
-0.002203024128065582,0.0003112592507491744
0.034918719981381206,0.008380114138816602
0.02096786530407938,-0.001788106434495609
0.003864869782548068,-0.006980433140732709
0.010820107532992177,0.0030275493282623687
-0.023720446355686937,-0.003770474471837759
0.0026400187308796385,0.018729860885034668
0.014999377213727712,0.00738983387100089
0.014872507926377815,-0.0017348563521795146
0.010219297148468894,0.002566729917773561
0.0181206707275615,-0.003618656836474582
0.043534857862323584,0.007860899537754481
0.0016353258065325115,0.008820759270623807
0.01577711525537817,0.0005184524346987401
0.04638029103314091,0.03464248368901264
0.03244000159197022,0.009141073036497065
0.0035434163682389417,0.010410132364951486
0.029982079883770104,0.000625
0.008487307179719725,0.03331197810045346
-0.0007152542026169139,0.002329036951762564
0.002545628028386649,0.02284839894193512
0.0,0.014222323076542469
0.008368815196928682,0.0030879953379953384
-0.0045862636466492985,-0.011770478888995602
0.002159539472039472,0.00011916543166543177
0.016274615566993104,0.012178653881061496
-0.014294683409521473,-0.019509525536080333
-0.0015028474628903665,0.0018612672254365008
-0.0037268098636894405,0.0009922301796137858
-0.012225353906319932,-0.010352649769452358
-0.015465497024170393,-0.01593305413545715
0.007812841857569135,0.008851956892083082
0.029568920790026796,0.004824671034767879
0.0022730711112786584,0.004707442716463697
-0.0005575895388160719,0.0020584002912031594
-0.0014627143489230306,0.03986225813227875
0.018204852280213003,-0.0009707650839726312
0.0014603785661517986,0.0002975580533312863
-0.0022538636593886826,-0.013184980015577446
0.003651089568272958,-0.002652184525602891
0.04541112035893356,0.023586080141777203
0.0009817063973554944,0.003158737971683501
-0.01706175628301897,-0.020964916149778433
0.01027670552271057,0.010683444192685796
-0.0007142857142857143,0.005821069207439829
0.0110215788947471,0.002320310337182154
0.0049573789123972724,0.0017102615694164988
0.00869382927623112,0.003213901451179176
0.03218471986163196,0.0012947522127933157
0.009464221994937017,-0.003097065194368674
0.00395848098421634,0.00956653785637751
0.007373589652416308,0.002691044745398924
0.004642032979052421,0.0004954499494438827
0.00021287679116004988,0.016519276433404197
-0.01056122871518552,-0.00662956707572294
0.03993195640447529,0.00699433121285316
0.005580827372839915,0.006504833843629786
0.010825782809871365,0.004015608825716764
0.0038489241721658156,-0.00031478643091943734
-0.032380933531179594,-0.0381944321722705
0.01705639500943078,0.0018034447821681863
0.0022379528084421328,0.006577619097159187
0.0387201674082135,0.0051599655585504636
-0.005998268312390951,-0.008227555508283305
0.004025562933891546,-0.003601780928282456
-0.003204207152195079,0.0061002569682166025
0.000979150903741068,0.005356867246228949
0.0018623668759663072,-0.009163522452096933
-0.00044444444444444447,0.0017922902494331068
0.019904113233632253,0.0036432907588853235
0.00020808333025574503,-0.003629848474117965
0.002035966959695773,0.0
0.00844228329809725,0.00647520279354884
-0.0031734794970718952,-0.00010912268935262762
-0.0005900064290670012,0.019390157569869976
0.01262019586252433,0.015347667063827633
0.012259830808073805,0.0021043730281018417
0.002057701024652745,0.01677401883610982
-0.0013346814964610718,0.013667277369457002
0.019685548346912624,0.007510974057640215
0.012303270147657676,0.020250514834342613
-0.0008930651513105112,0.01909647512469078
-0.0029926524574437454,0.00659303241473433
0.0013529682466635986,0.007641209513608151
0.01640271885667307,0.001863681960158512
0.0003846153846153846,0.0048667682416855896
5.50016665762322e-05,0.0006586066144750075
0.007705758282640263,0.007812368737398487
0.009018881028737468,0.003716643948049943
0.016518230001837757,0.05195073213129232
0.0028815791992594904,0.0052801045297824695
-0.002004002155562729,0.032343115753806426
0.004916186654749511,0.008577861419334504
0.008036953320644509,-0.00020824645903169854
0.0024776178527142704,0.00037037037037037035
0.016809830822296902,0.0032005494566082083
-0.0014627143489230306,0.03986225813227875
0.013911877100439824,-0.00034113712374581946
0.003136307000757129,-0.0010993788819875776
0.013047219178279883,0.006419210714636397
0.0017407407407407408,0.005385903646244533
0.02521827893558305,0.0
0.0427682943970929,0.01864793102601697
0.01040757547430929,0.024907077763004517
0.006947046043513222,0.018939603052103654
0.006199584406821247,0.0021496084258151803
0.0017329138049436816,0.005157552656710975
0.007047944626073528,0.016846892337327446
0.000425531914893617,0.0005128205128205128
-0.0010885170101526277,-0.001488943859005316
0.023225434926122154,0.004315941715627369
-0.001324110671936759,0.015769428388856827
0.0021967713140137826,0.0022582017260568007
0.0025176267485265786,0.022411119040401876
0.0008943212001395198,-0.0012356792144026186
0.010863295434652332,0.010625860346374683
0.04977432077105603,0.02781858298964032
0.0495611345752676,0.010263135835927275
0.012883985147679385,0.015717866665165333
0.004475486271325975,-0.003486617599029117
0.005764219564858719,0.004562838057999348
-0.0003508771929824561,0.021173598179683877
0.0004794012756539571,0.0010853784182582472
0.01040122186473906,0.003572783420539173
0.028668195464806066,0.012537979706154754
0.03490064899337849,0.004501966391815935
0.02327667199079087,-0.00010367525085294184
0.021486852365645917,-0.014933390058701975
0.004929277583322558,0.009684872523420361
0.013841437343243775,-0.0016319733431891126
0.016042140072827102,0.008757453839653801
0.014900303280972613,0.00038273061088238576
0.005593130344579117,0.011057567318274234
0.002654589289356629,0.009290504190189843
0.006691923101894799,-0.00135062439278082
-0.009990806538836602,-0.020323048253920055
0.006061774334081232,0.0640977826437936
0.007889736345857993,0.0031066974906318492
0.0032098032019949665,-0.012274082766397122
0.010089225224153484,0.002416915329656103
0.016354922062304246,0.005176734376734378
-0.007211813575876993,-0.0019856999390815214
-0.0057473121531345815,-0.01099322333780537
0.023584818137617033,0.0027805154306822827
-0.005358570314022995,-0.030231030803033306
-0.0025800821092496016,-0.0044492835977365305
0.007467663902431242,0.005382822850907957
0.013471741123064308,-0.023070365379558613
0.016538254607131073,0.05448426406720903
0.0024799536836011,0.013013022900908541
0.022492782888659076,0.008429213151851586
0.006731607568679994,0.0019367754228962813
0.0035186421614549716,0.01905918708490357
0.013882563027100692,0.014202200981922155
0.030026442462082855,0.016931011626919984
0.006552511090997302,0.01762833080276842
-0.007950534880113744,-0.009293886716108
0.0006245056529519556,-0.0021607418919304773
0.02075442574030648,0.0013247040613864136
0.0025240829346092506,0.0020892827373510045
0.014443768672017262,0.0028205701925224976
-0.0037202413783563974,-0.011102695015238001
0.011835012922530844,0.014855950473924287
0.008121334104047839,0.0030871761291929364
0.01886985657965395,0.009614064203090944
0.0006261174103641457,-0.00013794580212490642
-0.007063064536182644,-0.0054402850158784995
-0.014378788618935202,-0.009968437496853232
0.014777382602416175,-0.005682126757011548
-0.03973126008997502,-0.038669573875672526
-0.006032095461710296,0.00637350435383463
0.01796194360355708,0.0038706914644959043
0.018190966656639627,0.05718956552251049
0.008084586362094298,0.016505895463406063
0.036217249812909864,0.06583672170830467
0.029047377162849514,0.02489715267927626
0.009908383911434867,0.00037878787878787873
-0.005998268312390951,-0.008227555508283305
0.020230426974665913,0.010185576922662412
0.004716184892728723,-0.0007354661162710702
-0.007318305717692458,-0.008214182806540647
-0.00019825884482563803,0.007763568725680767
0.011750065091628455,0.0393544000994612
0.000586472602739726,0.0012957157784743991
0.0029959878817653316,0.016619691122270436
0.00919610519380137,0.0003564566193467707
0.004945548677766164,-0.021641762745692846
-0.022908194052092233,-0.024486547216080987
-0.013944730527019202,-0.015490786819099406
0.055496270586824575,0.02358131784418626
0.00722258513424953,-0.0013169502641214594
0.00976190085263944,0.009812733935150808
-0.00084259865830084,0.0021878471537372796
0.013664875071668955,0.00498722518423778
0.0011783667724843822,-0.005321837323924516
-0.010801149519556878,-0.01807868560545274
-0.007731595542800524,-0.009052232820619552
0.01907011423110223,-0.0013148938424854754
0.013599578267470642,-0.00770169465014216
0.0009120362809157531,0.010506448312414091
0.017034280486862143,0.031698996314965755
0.011314413474766645,0.01851771187436901
0.01181351839697423,0.009075799610059788
0.016757548757522372,0.01591481409958269
-0.0015674002384965845,-0.0026993802710342696
0.008631054062912138,0.002935310116291258
0.004621854732948001,-0.004103366451186348
0.00507147590743925,0.005903559034242735
-0.005395613878512274,-0.0030212319477605836
0.0,0.00922168947459457
0.004427232079806987,0.0036993006993006985
0.005012416861242763,0.0010267316778262148
0.0048611824222289345,0.0005414986188307214
-0.0006615396558294611,-0.005596767616532536
0.0016771557182884175,0.008637993511164885
-0.008712546867616947,-0.001784484729083543
-0.0010358964282915326,-0.0015289839691905093
0.004266482305478133,-0.00021773636991028302
0.010432857796152918,0.00030303030303030303
0.006324856610474373,0.0011093350383631715
0.017982909041823945,0.007646857183875803
0.018321129897339153,0.0007358517862221968
0.014055445148849422,0.011637851383526004
-0.00899306398620712,-0.01278184793030457
0.013039700415734793,0.001794902896106227
0.00626412834294597,-0.0009584665866583936
-0.011701540398906354,-0.015000504880930016
0.012943419802773932,0.0064634915748229115
-0.00474542701513861,-0.002908474251820405
0.013221054772967311,0.010081751140871769
0.0015032978228566238,-0.007890306970660222
0.014360868308710226,0.0003466538276360135
0.021077771847193005,0.018117434405248906
0.024807590372067576,0.021448928090557973
0.010870372261700342,0.011081584816540284
0.0008943212001395198,-0.0008356792144026187
0.0049295861360065096,0.005858121833046808
0.0011993728642002354,0.004212447407122862
0.0009238399238399235,0.0007264337051571092
0.022161877106793647,0.003985929132188037
0.01349121956440491,0.009859662266723144
0.0005332470016831564,0.015876480779040705
0.011940879309926393,0.0016694528875379937
-0.0022751274841410346,-0.004269074118444117
-0.00550676251092194,-0.0013055138495540125
0.00767818400878874,0.025087295133828867
0.02592274741135361,0.0066468560764418785
0.011750752785404868,0.00645289969886744
0.01856966050403621,0.0011180025476245792
0.0416331965773294,0.03249869162403098
-0.005412830364734373,-0.010627708942589582
0.034917846305685694,0.010331809125754312
0.019587380492653825,0.0027994311874872174
0.017532129483821046,0.00284479317476497
0.002887000889658026,0.009626945900324507
0.0338973987391859,0.018455067847086507
0.004852280483066908,0.009586023924306379
0.005494937570052772,0.00847371694933282
0.03305082706975073,0.004735618766585373
0.035106199533249866,0.030545610161059347
0.007749753251187233,0.0002777777777777778
-0.003217593539783505,-0.00463063739400383
0.016520159777977158,0.0007142857142857143
-0.01769732760829576,-0.016265033877806798
-0.03459533831763429,-0.030011792970095392
0.005813497879907165,0.008833500038012402
0.010682551527945162,0.014384241927739915
0.006074030242899955,0.011819693304067439
0.004405223688516667,0.0031609816503433527
-0.008669755729755613,-0.012613297817942687
0.009155116919556543,0.0011510221109720484
0.01634069658250343,0.0
-0.014756332482021399,-0.016719132816914756
0.005168657808086957,-0.0006096913825618892
0.004378634840494434,-0.0020389228205724367
0.002687030073773782,0.015446494304991405
-0.011308383665825901,-0.018092684470143942
0.021987690855313956,0.018043927883658422
0.009975598661213874,0.012522799501221437
-0.0003165880572744643,0.005731213152964273
0.005524055591322647,0.0038258523086109296
0.03053982390399732,0.0008666666666666665
0.003463425888231555,0.005402777247238068
0.004216501064158803,0.0004954499494438827
0.007551057589350947,-0.0010558308492104318
0.013291664475236546,0.002149554712042109
0.002818362923626082,0.00493484317597918
0.0044660284786409345,0.02486535135471305
0.004079436656143836,0.0029008003880669412
0.003605302848924062,0.011481362277525753
0.0329576622654673,0.03075311637861304
0.0007664091445675142,0.004001248377902189
0.0022525418016414774,0.004758785236561208
0.020767403335777843,-0.00032704058367533074
0.006760898711184038,0.020954745138591357
0.020908430442517636,-0.0037035730452279047
-0.011011921970417334,-0.012198557317765014
0.014861426585601882,0.004857819777916621
-0.003311483975630797,0.0022277674233382545
0.026529316767027668,0.050218316689951026
0.002123143712258333,-0.0075161933454598925
0.0007547169811320754,0.01034247403448702
0.027277397298299796,0.005817184778912041
0.060041870853229595,0.009780321879041928
-0.0028691996960633166,0.00092360761347237
0.025584795465902446,0.013061529816652262
0.022628748941915085,0.03408595217433702
-0.019009249138550448,-0.028779505550600007
0.0334233890807464,0.02708941593329616
0.03740405307461547,0.001836825720973875
0.021857774633109395,0.0013698372766634398
0.003947634702857833,0.00045462699541646916
0.00036110607712280633,0.004994401423138502
-0.0002658699843996488,2.0463991330297443e-05
0.0026645800754229766,0.0007572963679346656
0.029385549850677144,0.008766218258392827
-0.007047221316203119,-0.0061040577509339005
0.008562156629238987,-0.0028990533201290096
0.0059193052350755065,0.0012170800976292967
0.00621902204361373,0.00047604834088362837
0.0060606243804814,0.006971906730754514
0.00884808140591947,0.010448166540271803
0.0018713648195663284,-0.0035112049945076043
0.026363868722350563,0.00712838454827779
0.002669111994294591,0.0004955176945461372
0.01437353338783678,0.003499474906852613
0.007802213843600942,0.004605531419484908
0.02621114720445688,0.009188002565606966
0.0070306829990138915,0.005516368477345505
-0.004282662743544434,-0.007476392093399926
0.02220469700244616,0.025496303521698797
0.004534548862279954,0.002921579127366981
0.027277801266184776,0.00010075084593518706
0.012969880752613919,0.012160019087074297
0.0015114543495225972,0.022884538191359487
0.01960311797044348,-0.0011102659167729814
0.006482756140534609,0.000625
0.0058275959858929485,0.0012636815920398009
0.015159767685050281,0.006918228443983174
5.1643192488262885e-05,0.012290051470839046
0.025190091072187382,0.010725552213463713
-0.004031397774642596,-0.013062081940919098
0.024169677150358327,0.007338241139930314
0.0047566429407285655,0.0056988956857548685
-0.0026757598593284814,0.000107728072138066
0.018581752378517117,0.0033920722238276885
-0.0034119965603776285,-0.005590924953856994
0.010624010112699308,0.017587352416488806
-0.006169556930107296,-0.016621059799125266
-0.008261413613103473,0.022493858884828397
-0.03242395926137124,-0.023298953432225475
-0.005585398005458552,-0.00347869606659742
0.004768056924985029,0.010202783767807366
0.04116157960480787,0.0007121951219512194
-0.014110190778620333,-0.011324330279855833
0.011636652179965842,-0.006810448587208629
0.014228145982341936,0.000739765527332575
0.004839371547592457,-0.0017665130568356373
-0.0018842724365254158,-0.007114181465395542
0.020938097835824475,0.011476426753677837
0.009084317821242515,0.00938767027514431
0.0010726476717654713,0.0029008568013901776
0.037723029358818175,0.00703253831673051
0.035199247081934004,0.011002209925458153
0.002532620888913324,0.013854317234010937
-0.02166120651472041,-0.014986217457717367
0.006482756140534609,0.000625
0.05088879519656917,0.023361719270479406
0.01766617873680733,0.007587592726006559
-0.0032233353907269837,-0.0038881015272986697
-0.0008695652173913043,0.01600233050872381
-0.00019852880471847145,0.015157016924702695
0.014212231497897096,0.0013454954954954957
0.0017897839215169423,0.0018078969481408508
-0.0014003849962521133,-0.001494831470493984
0.0181633085953415,0.009786133411548981
-0.00029276667475876955,0.009512852543719062
-0.006217808655932352,-0.0032371420666124726
0.01165888673005741,-0.004609533024649595
0.011296591199450853,0.02639399546533883
0.013118794421060918,0.016280426612346424
-0.0034665270958246282,-0.002163098671950116
0.04055237176417331,0.01362495070931034
0.017375726057055414,-0.0003636363636363636
0.01531246938041857,0.025648993996071866
0.0,0.0
-0.009968023129351758,-0.007456967514975661
-0.019224693492938056,-0.01573403752532497
-0.0020645066062126246,-0.003586564219687789
0.0017924356345408977,0.019382043914705202
0.002549882192767425,-0.00633623316802892
0.00844228329809725,0.00647520279354884
-0.010726960970925254,-0.008959601896077796
0.026627561421659812,0.009878933703468824
0.0011547169811320754,0.001669496321448783
0.0004136787863486431,-0.00949682977496508
-0.00030271512113617385,-0.0007575420279754648
0.009154518245920184,-0.008509245925631518
0.008714916547081704,0.05027953610644583
-0.012996367346157129,-0.016262122302839164
0.0077580835384519885,-0.0100509023994181
0.0011876562974123947,0.0025580278981461525
0.019064044310925975,0.0019555198104730387
0.007707015877920357,-0.0012277754503560957
-0.01426652422863273,-0.016468770636061496
0.03271325952712662,0.005937871238249121
0.009595521271339166,0.013388020978028482
0.009419608383735768,-0.004738502628262209
0.015619058146372579,0.0026075424636012147
-0.001973775224526091,-0.0066965997145436796
0.003335706172039519,-0.005013520602749108
0.001886084480547715,-0.00031030748700902784
-0.012184790951760973,-0.006593952133983115
0.03289287727691633,-0.006509410034092615
-0.013911981322570516,-0.01969349866594495
0.04366694930107024,0.003673763169679685
-0.013953530679756056,-0.018027020496729915
0.004973197811949595,0.0021098901098901097
0.0028863552122600344,0.0008220390324803978
0.019043760180418916,0.008010196579486479
-0.0016927427495378056,-0.0007837642252436529
0.0011290575228393566,0.00827473709626274
-8.411807896513412e-05,0.005608895729144355
0.005593803843815585,-0.0005263157894736842
-0.011892382967286317,-0.014643024751548408
0.003638110413814104,0.00047614143416676387
-0.003659202590960078,-0.007008578824586786
0.004736840371607712,0.016338016053533293
0.0022436099471864514,0.0001908075056277509
0.006368630719501436,0.006235136606613686
0.002854725113345803,-0.0004261871412506624
-0.013794872680631658,-0.026947440602628416
0.010219297148468894,0.002566729917773561
0.021271753030470807,0.031402017749548636
0.004937326056316164,-0.0021332076996017227
0.037392575595463225,-0.00046519373299559004
0.0051596619244990045,0.0029767164280237353
0.022699254575721133,-0.00030217489149722294
0.013236067044478437,-0.0011295102448775612
-0.0011633037395749257,-0.001841269841269841
0.01957660431819625,-0.012307255784263536
0.007195503667855902,-0.0020471537158462394
0.03599347172270221,0.021209188415492058
0.01928655205681537,0.023958280257733233
0.00507147590743925,0.005903559034242735
-0.026211529736632242,-0.0381422380387344
0.0012090679663478432,-0.0007324315385987615
0.003848072432739497,0.024756009935587915
-0.004383562099091801,-0.009077913717260787
0.0035275763037662467,-0.0056991615962313814
-0.0038416808447763566,-0.0025022515420935025
0.0017441815106876632,-0.009399163840133326
-0.003047110186011565,-0.0035205393541144015
0.0315572340090923,0.006201718039330362
0.005960847855002203,0.01868527985603687
0.010750526515090796,0.019298305751197054
0.024853059388221445,0.0038588479892358524
0.05473201786500897,0.005746132343245494
0.009720713809259995,0.009458672238403028
-8.183781987371208e-05,0.0006728040406445979
0.012443035895512312,-0.0003827554772720251
0.0012418584455058618,0.004299812018764426
-0.006391314400101249,-0.015281486712406605
0.015868183647721117,0.004149343612862265
0.002379122031659348,-0.0018120553321064026
0.008264825536787935,0.0017832422586520945
0.017804954297285663,0.0007541009714922758
0.03230809185908067,0.0019896434636831484
-0.011615508935862322,-0.008817241588077335
0.01324575355156135,0.0018435693510819324
-0.004405155513189884,-0.020776073574527196
0.013909234752109503,0.005449243284744127
0.027213961511562558,0.007515170260803721
0.00022880792631975282,0.010449031188516363
0.0004020359399873033,0.0022580360531580038
0.007570670766713935,0.005284763934653084
-0.02359708025871681,-0.013677082080299009
0.0049043693923462835,0.010144456252378118
0.02178958690206717,0.007129403040382113
0.004135060943700499,-0.00298435482646009
0.0026152057155214518,0.004817277886148762
0.01344890272583355,0.01876977598489391
0.007364312296985433,0.013204223908879334
0.0005553042425902478,0.004720667379821292
-0.00037349317494960246,-0.010242539704893989
0.030518156317135805,0.0015350980091376942
0.0022884012539184954,0.000425531914893617
0.006465496027814736,0.005008231237707701
0.023586913170786036,0.01550111024059322
0.002899478363051388,-0.007835121541793204
0.010745828216474101,0.020885660080524546
-0.008712235374972224,-0.008862083526344076
-0.006461435497448318,-0.009683217202068328
-0.001225108225108225,0.003991507463223893
0.006390054931278335,0.017001970410792606
0.010950712062193986,0.016776564394184186
0.007367831341220283,0.007027931832892
0.009891106378267425,-0.0029395058942898733
0.005683815388876949,0.00018929928560571527
0.010218224088931232,0.02944865390029144
-0.01054611909019269,-0.010477384771409203
0.02636896173311842,0.002483262861169838
0.004412975219085274,0.0016505422588712674
0.0002782684742665452,0.018262737701919336
0.00018764681240948742,-0.0005917516098371345
0.0062556027300143206,0.010765078901661762
0.03438819744585521,-0.01917105684593482
0.022269537908456156,0.01329252837601988
0.0032081421502474132,0.018727775150195015
-0.0023795151202726864,-0.00018656513602797195
-0.038216564228458,-0.03493418602737914
0.0025019596776182295,0.0015948935072558077
0.012569060095502354,0.012026560452848094
0.0035414424272198768,0.016165145667724982
0.0013956085585966507,8.430004001129966e-06
0.006789165983520196,0.0017796738594614244
0.012787774923122493,0.02674264214950325
0.014505276647986705,0.007806757176721789
0.010750526515090796,0.019298305751197054
0.0014131259564529675,0.003942242259313322
0.0044667437825332565,0.0028793401910849233
-0.013678504215057567,-0.015355754033962363
0.010443274081247124,0.006183062599905134
0.010811753451365359,-0.002078323403187287
0.013991498846268144,0.030259159035210502
0.008036259770510897,0.009542411532803838
-0.00566375528623809,0.001005221133706549
0.029356040358738993,0.006038975691286617
0.07559210225741891,0.012651091903979613
0.006171555294636331,0.002178765525515868
0.011120241913475,0.00018815437655520005
-0.003700071325347243,-0.004985475284338925
0.0024958702672988387,0.00016098165034335256
0.023299248205080426,-2.2459334219899e-05
0.002449035426544381,-0.0035959197620685393
0.026669143773517943,0.0017766179638713567
0.00922236634675901,1.8469570186912566e-05
-0.004951522107361452,-0.004556885292563347
0.014228094282734485,0.006658891248513889
-0.0059137937937257315,-0.013806628316339713
-0.032831789333394416,-0.0376563603445961
0.011719001943425456,0.006459949859822776
0.0013356465197718252,0.001227742391623161
0.0007503607503607504,0.005596563251303797
0.013509978566604906,-0.00528262990939128
0.016902739738159086,0.012256910656254155
0.003213818681048148,0.006547590813539814
0.03206064122479132,0.040947891265907504
0.010248662595643042,0.0016035353535353535
0.00655647850216501,0.0016246752152694137
0.00930056311824904,-0.00519974077496038
0.0040611884010898795,0.007599206980483394
0.04319732577971767,0.01305121441320044
0.0013679917587457488,0.012550489726340734
0.023159940361834948,0.01097053122241579
-0.0026882424526669885,0.01210296953154381
0.0024789652703186534,0.008007796837768632
-0.004355117610671252,-0.001962996594339239
0.001618179864997914,0.0006092401317421164
0.014251819352496971,0.0008369877262325774
0.006095069736777186,0.006751795219846427
0.003848072432739497,0.024756009935587915
0.010398995872010989,0.011703087722064754
-0.0009006343448620562,0.0031399180143652323
0.05464769012699647,0.0037233250707420455
0.012157777933549156,0.0011537206551784631
0.0020854849734802737,0.01952123978278621
0.029842522092608716,0.005927467842575965
0.002107210575440881,-0.002110365968685154
0.010282600438241711,0.00215937058887055
0.022959365364606226,0.0005378906995847366
0.045690637152656345,0.009384538991846604
0.026780845601711567,0.000831233217481366
0.0004837490551776266,0.00016098165034335256
0.022444990810714178,0.008679916881548198
0.023228609572249932,0.004086864696149399
0.0200563107036771,0.014812860535319036
0.02974658126463172,0.0
0.006830372279230876,-0.01595678263338362
0.005975448953777126,0.004438532910061089
0.031292999697182175,0.010019967883039353
0.029171163058046772,-0.0036306931243186456
0.00877183172371682,0.006534177104268658
0.006135980498433415,0.02971172282491911
0.0013356465197718252,0.001227742391623161
0.014781009086379204,0.0031009438740756774
-0.02589921414983037,-0.026150479413441834
0.03642853533157541,-0.0062120591592508215
0.021808956266821798,0.00259306010445251
-0.0310101967738248,-0.031919327408468694
0.00020119225037257824,0.01901432324295702
-0.0023825994898211194,-0.003000075231465029
0.004175147867269478,-0.0003076923076923077
0.010224262304944097,0.003833824508824509
0.013688746062537303,0.0006906286955361733
-0.02166120651472041,-0.014986217457717367
-0.005784625847959705,0.010711838728929043
0.01547970152486789,0.0017511515419812984
0.00695094591151594,0.003653628117913832
0.004924242424242424,0.0
0.0021734890972179106,0.0010410622179239202
0.013134427486337932,-0.006847831651159388
-0.008213045101095327,-0.022175314025304302
-0.014789879873454257,-0.026792940204855602
0.013351292977781308,0.039710259273864054
0.003412418849965784,0.0011384615384615385
0.014765862109526608,0.01373308171360081
0.010154141588532218,0.04952076136964713
-0.015103157325615341,-0.024248424059505225
-0.0018149882903981261,0.0012398936769646156
0.019009050371447837,0.013827231178718128
-0.016051455224545635,-0.005906324987882225
0.017587421204100746,-0.005394141633935609
0.02271866381395555,-0.00024114959125181093
0.016512764590394878,0.007839640987427652
-0.004014286282830275,-0.005509028402164857
0.00857079376493668,0.010638033399934995
-0.0017879566489308486,-0.010729164479216992
0.01639846973823634,0.00525512108593903
0.026752666974564576,0.029999550326050096
0.02354910084963958,0.001948291237953807
0.0012645125193054977,0.0001165554036952083
0.025581515558711843,0.004929245316017489
0.04298729105927959,0.004333475788530077
0.005501075470763162,0.0035219609910868807
-0.0008371399023496045,0.0019774854111729015
-0.0006626421954404765,0.002763087206525522
-0.014765868315690597,-0.019056782568437448
0.00599625760087944,0.0038146867267807413
0.02423448894820582,0.014847683717097781
0.027197040678887233,0.0034482941942107098
0.00313597918022121,0.0002941176470588235
-0.0061899592469448345,-0.004518120534773343
0.012292339751590626,0.0002979227973621615
0.012177637609365514,0.009607621887005013
0.007703590361171599,0.008025086112744046
0.02691237163963154,0.01405756720580701
-0.004807448826917184,-0.005807448826917184
0.021642155086526563,0.006511689382377489
0.0036012831012831015,0.005230560243255979
0.008510769796388668,-0.0013532346685572487
0.031681886437677456,0.017670097940766717
-0.00038072975081985226,0.0007139104013532682
-0.0021158824346289087,0.0017734913295410198
0.030295971245151473,0.00677590231273865
0.017941198950165903,0.018305180657091188
0.009461301257578535,0.001647177547811223
-0.0017996879008175008,-0.0016433660617370409
0.00756612246924792,0.009670322933521434
0.004198867847534271,0.013498942257796506
0.030598967389131544,-0.00018089241846244936
0.020731074630968016,0.005313945859659373
-0.000894002672154447,0.004919593891310683
-0.001225108225108225,0.003991507463223893
0.006337984484554495,0.009773210732887823
0.005544175651934272,0.012576742747839093
-0.024338822062167767,-0.01805483306863781
0.01779764208366119,-0.0017246285882064403
0.006482756140534609,0.000625
0.009418160883807647,0.07286446582929933
0.029622421010477788,-0.0028979286540604127
0.001866825680779169,0.014602215441701077
0.01291063129471985,0.006603285662792433
0.0184910621854111,0.0191863765954691
-0.006556090550706446,-0.005494222771814994
0.009900602630321073,0.003174432497013142
0.007232365033456276,0.001081081081081081
0.03594330028122473,0.0011928854875283448
0.014445943998272114,0.0
0.004067563485681952,0.005059590103235803
0.03886303858681216,0.005566693511850898
0.018705392606444028,-0.006350575008437692
0.03853010868303524,0.0005215149743875254
-0.012442413966148638,-0.013098875282849951
0.0026493995505259584,-0.0007407407407407408
3.960785878613215e-05,-0.004156014477634982
0.022567256756222308,0.007040380196438947
0.006279707856766126,0.0037809158814961514
8.781960887852512e-05,-0.0017855721533325715
-0.017085714026613987,-0.016115566180447585
0.015765500401461158,0.024517615882029095
0.005055788550124663,-0.00031408092810531873
0.008875773877576862,-0.0036039063275883545
0.013015677371636076,0.019743004119607038
0.004534548862279954,0.002921579127366981
0.0177601331970193,0.0059029134415757405
0.001870314197469294,0.014059344186175668
0.007308021564763331,0.03787937051996455
0.014566483209615032,0.0025
-0.001262401668215621,0.0026710448664531367
-0.003544835251074854,0.009040158832503179
0.008044669594462893,-0.005390335832611261
0.007159049576193755,-0.002250230160307799
0.004807994915137772,0.004280311457174639
0.02192145495291743,0.0031014515232592704
-0.002657297544912111,-0.002347940795506829
0.006104953093040176,0.005345051587068394
0.029249800793288133,0.006335856669367936
0.0019575567377243678,0.003401762656386713
-0.011528980595258432,-0.010524566019407582
0.03794298887970493,-0.002819564380325415
0.004201707326033339,0.0010456252316717433
0.01615147008380192,0.01077529363276027
0.0033053724053724053,0.0006842105263157893
-0.00128621436562613,0.011071440488753564
-0.015567464660792245,-0.01457894625073679
-9.805297679976385e-05,0.009477649701984468
0.02517739606870945,-0.002761494841839174
-0.007312155641131081,-0.006008589330602602
0.035561829184089316,-6.746218179008723e-05
-0.004577779870317742,-0.0017173287891363472
0.014357705605755982,0.004252742642112446
0.002973913043478261,0.002429897180464624
0.022275303995472104,-0.006084427849639543
-0.007023489910313778,0.0026885901620301153
0.007740897395573017,0.007462157999558589
0.0006458028126272539,0.0024024799520530075
0.004084636227538736,0.013175622891140128
0.01347190226905048,0.013187768440737758
0.050855231193190596,0.014974646074620322
0.004886826721614982,0.0015871356282693338
0.013297543458532499,-0.011939334430231638
0.018713702487817865,6.860959319975718e-05
0.001994953404925103,-0.004683957726114153
0.0064408041977214395,0.00586096487793952
0.006216045883236237,0.00039790124190896073
0.006354524495830542,-0.000726315962740043
0.00331051831051831,0.025561415547042558
-0.013469954792130992,-0.009261510669489612
0.004685939185939186,0.0007407407407407407
-0.0009752783378627157,0.019809835413342414
-0.01006210390579619,-0.007926980744357241
0.04534213520785515,0.013631469577862529
0.008270991891019642,0.0014620509185825597
0.0015407361455748551,0.013833529863189213
0.05519512015985126,0.010837101905050215
0.017275825115961672,0.008181181898339059
-0.002985546535883561,-0.0006416185205221758
0.010189305348060514,0.002336777139213971
-0.02592263139814753,-0.030754819440458717
8.281385391613794e-05,0.04289019655191882
0.011820392301868083,0.01163737075481816
0.02886164163751502,0.02198378690402963
0.01864232086213576,0.002856798103856927
0.01584400335757893,0.02368155516065549
0.007542401174650461,0.01222896129447769
-0.0010295088278029316,0.01963445913520454
0.03014254711154721,0.0017800990929287075
0.03707500559249649,-0.0012674638800073993
-0.017579666782817253,-0.013169732440629339
0.011073877948445832,0.012373343395990348
-0.0032773109243697477,0.00011081163911369138
-0.0025125896838206823,0.0018048528545752795
0.0006681985685141039,0.0050995632028248816
0.01104895975820422,-0.0004
0.029014893562599144,-0.0007678412325087215
0.001725172975172975,0.008191211091191867
0.006199584406821247,0.0021496084258151803
0.004721872062653393,0.009729575356936998
-0.00015933084985775628,-0.005708119679854945
0.013862399234877733,0.003628977951558597
0.001748757211153279,-0.003975652993292808
-0.00934137996295746,0.0019161979687361066
0.0073084577433926105,-0.00029850746268656717
-0.008735788426635797,-0.013814873221969755
0.007434862698626028,0.006533715167335857
0.00022010951889997335,0.005901804050259428
-0.003611309474367712,-0.012987058234829593
-0.00543643748902925,-0.011007098238671784
0.004284781809050936,0.035888599872750754
0.0021637128223037077,0.04054386856728442
0.009822187098290858,0.0029855194409885927
-0.002171773665409417,-0.007932274363618036
0.016419615018425517,0.0010673986997381101
0.01847092089195569,-0.00043065621967241716
0.024716268229487096,-0.000389936163505503
-0.0014939249650054213,-0.00029709625093532824
0.026912883541950587,0.0027647005294977444
0.012670929641551887,-0.0008901790033865504
-0.001256816476295641,-0.012303508801034207
-0.0015129792489523139,0.006435451693610239
0.004924242424242424,0.0
-0.0013659477094607243,0.002521933580044121
5.50016665762322e-05,0.0006586066144750075
0.006449598249724361,0.006658348751602404
-0.0015541346520041325,-0.0021114743031567015
0.005275357807262305,-0.00669255037912204
0.007805174518774115,-0.00026007326007326006
-0.005226904783996546,-0.007806887763976041
0.000744535519125683,0.003276190476190476
0.0022244127471053783,0.005135409961137735
0.00211537550436561,0.047388997259597374
0.004602643737012444,-0.002797859914718313
0.006380419885611485,0.0025252040561331707
0.005604183761349923,-0.01101184038883069
0.0072523796066127225,0.006416256861418152
-0.005733677020468584,0.022836599161070576
-0.004911242289129019,-0.0227112854223515
-0.0058062453137583524,-0.014960278316498172
0.00410160041335763,0.0006767322718561116
0.024603496306505875,-0.0023574497773923768
0.012960082452404618,-0.003494831264233165
-0.0034046248722195216,0.0033590205852041307
-0.006066672341239136,-0.01606549487474467
0.0011518425524129601,0.007420470375540106
0.002833526855700617,0.004942939562003397
0.010049456360764385,-0.00346031262122756
0.0011741573431908424,-0.01372149297630372
0.014765449076106343,0.008716165379103141
-0.0006188459111634943,-0.0011591548775594172
0.004714433824822395,0.0067679389120485385
0.01764525619355698,0.0023210787947110945
0.0026567756921808848,0.006799372435268046
0.001977793527049374,0.0036807266009852213
0.04498848424672772,0.006925772060895348
-0.00957037028736753,-0.0025524301197235675
-0.00188560712697041,-0.0026927890163184285
-0.004976926648300193,-0.006299514135044625
-0.017672285297111855,-0.025129917225747464
-0.011149390129293713,-0.004969718644052731
0.007215593929879644,-0.0009331797235023042
-0.0008094467489067753,-0.0020068070043799367
0.009891874635546367,0.02225217369547447
-0.0028079339749406407,0.005599104262011412
0.02379903660788601,0.007272960654757198
0.01523243610947745,0.018672810090828634
0.01797765725379632,0.00875823376094766
0.026632096408549168,0.014638284056409594
0.003872394389361296,0.008103607936916774
0.004603119129856908,0.000307596156742267
0.007057814677004833,0.004077119341622859
0.02213239925313517,0.0
0.010522302169200281,-0.00026726411937242874
0.01429751639562076,0.0055936138174083865
0.004611411590896256,0.03716701209986495
-0.006006267887013943,-0.00810489083741783
0.002510779073184666,0.011951916140604653
0.004924242424242424,0.0
0.0037455719690880937,0.00883619347594323
-0.0016149328217639407,0.0008993238801047556
0.004384258184879302,7.619047619047617e-05
0.018258022541105482,0.013776669067028536
0.01522120181043517,0.010602896888988217
-0.018642220006822596,-0.021028982139502474
0.014294852948132203,0.0030623684925475208
0.0003846153846153846,0.0048667682416855896
0.006362018205337384,0.0018099334384715842
0.005671503495724865,0.006300799055590708
0.06330681686905235,0.0034511906401112243
0.003418181818181818,0.0034962663447829765
-0.0014640946738973606,0.00908316651046004
-0.01592563237037374,-0.0037879807313100713
0.004708368356659201,0.005855184429097473
0.023993268021563124,0.0015263157894736842
0.03373796070272796,0.0032943876330988166
0.03086502107563827,0.0034041133642777575
0.00907031849880506,-0.003350225992095981
0.00427965121612674,0.006212383356492981
0.0011690678711761807,0.013317312682606003
0.00313597918022121,0.0002941176470588235
0.01955384350736494,0.012184858121488461
0.0020364413623620986,0.002150432508618909
0.0003836551745174926,0.0018183238195526082
0.0007745472745472747,0.00030000000000000003
0.006427287550513739,0.01403250025614423
0.0003846153846153846,0.0048667682416855896
0.0014603785661517986,0.0002975580533312863
0.015653513228388413,0.0013013211957817053
-0.0032346365662121804,-0.016100262330653224
0.0029590480689083176,0.02165293572984702
0.005394312085176992,-0.003999464478968656
0.006962868159519236,0.003891813943245449
0.030026442462082855,0.016931011626919984
0.01349271368261734,0.00694466170547672
0.003222999222999222,0.003606507056378324
-0.004930278104191148,-0.002181382263190043
-0.0018425708579955982,0.0018811407943481687
0.030465047087074194,0.019081325289667828
-0.0009391124871001032,0.008842736295452023
-0.011989812387323407,-0.012461206895504158
0.030278244914155105,0.0011306774379501142
0.016590773677693953,0.004226319686286091
-0.010396267720388014,0.0014680959079517945
0.0009487179487179488,0.017504393501600424
-0.01472896376281076,-0.010425139836261603
0.003353117204108415,0.005269360257908098
0.05413992782369434,-0.01286180120556444
0.008227892948701803,0.0030975975243775185
0.0,0.011191557345022444
-0.0069763333122733855,-0.005619051503539672
0.003968388369765116,0.005318574531260479
0.009906330865894809,0.02670526228800295
-0.0038318058392983645,-0.001250672675117658
0.00948807452214668,0.005551685666458827
0.006176397704071074,0.004064801599028752
0.008233841060420367,0.010317770970564407
0.011791806995327616,0.00036097820308346625
0.012561076548268272,0.0012974649055360402
-0.023320204566045805,-0.02101645327692061
0.009651183768698099,0.019452698421149005
0.011274917902615476,0.00481182398868717
-0.00673821898078191,-0.0030002592637551227
0.03205419205547863,0.0075573646030781165
0.0007235984354628422,0.004971522011162199
0.011723357368151579,0.0022363818286844648
0.00274934521362684,0.0008333333333333333
0.01704065003732305,0.010234277485752258
0.005287169828192747,0.0015511262639508116
-0.005628457814109869,-0.006537548723200778
0.018986425806888647,-0.006991963605275773
-0.019879635265660375,-0.005616444967278266
0.007262271170175273,7.064364207221333e-05
-0.020396075447984163,-0.020803585913185835
-0.0068878798165908275,-0.01713280284285579
-0.003306609041365139,0.007397706208321573
0.006510450172477911,-0.00011907402074262706
-0.0011045551362914643,0.0020672654879997383
0.011862425629910434,0.005654582594205235
0.00042011464133668176,-0.004473911807914296
0.00767818400878874,0.025087295133828867
0.06621301490375393,0.009398812264464276
0.018076521483561606,0.0010205151540983344
0.00041666666666666664,0.002481613214371835
0.004801625014917265,0.007134637077223129
0.004472400930855699,0.00044871794871794866
0.0012820512820512818,0.032623245050436955
0.027793593350220223,0.011779464210206482
0.04624282958653321,0.00939517325357387
-0.00046625761099445325,-0.0031593793041161462
-0.009430093007009123,-0.00889909892330022
0.0012991476491501092,-0.0037233334899271983
0.011153074003770073,-0.0006666666666666666
0.018991829685244023,-0.0012381434865184706
-0.0199440995464335,-0.017896391273308145
0.01030427444843352,0.0
-0.006038176782387189,-0.009981718870574263
0.0009631429383836973,-0.007350027200521655
0.006935891349102976,0.0
0.04457694243610998,0.006888641315111903
-0.0016575597671316528,-0.0029117243326677814
0.007645236030009045,-0.004673736356465471
-0.0036968791583604603,-0.014419838956795765
0.006143608401308191,0.0046855695733884935
-0.005409494996974716,0.00022746424076496886
-0.007849486084308936,-0.006791735566246664
0.0050809783686435505,0.026431767995051553
0.01709780382457558,-0.0018308868075572514
0.02236142210719993,0.0034569836119508757
0.00469299432344325,0.015212552803280242
0.004175147867269478,-0.0003076923076923077
0.009191972063015228,0.004995579873932023
-0.0012709042533881254,0.003115338084800943
0.011445112651216477,0.009968436054934162
0.006199584406821247,0.0021496084258151803
0.010927257063628223,0.002302631578947368
0.0016509364940005854,0.00014874915483434751
0.007427404819335773,0.0006981613064903146
-0.00662978709847046,-0.008278074179621453
0.007084207428514821,-0.008556490072936958
0.012666882219748668,0.003582444918265813
0.0019638374525711164,0.002087949424270249
0.009228917897340599,0.02714043201657347
0.008095212501643904,0.0115061159840615
0.008379503029423899,0.0023987760620508077
0.012061282236642748,0.03882137038497517
-0.0035235040666104045,-0.00018814703129880345
0.0016074949594940876,-0.004231509070170445
0.015394413075219113,0.010868456787523028
0.030748023037486562,0.025133741824124978
0.001,0.011537291529431256
-0.002261932992503638,-0.005418982731942485
0.005813679757244412,0.002816306024130828
0.0033589167460863142,-0.010241991162845587
0.008144123569669339,0.021343932364258782
0.00839588581499798,0.0020774891774891775
0.0029138692813952417,0.0006557377049180328
-0.009823521329636242,-0.013381580714945284
0.00044444444444444447,0.000689655172413793
0.003426979403805275,0.005596658233185748
0.011753674531027162,0.0017535021433858346
0.004746426313118406,-0.00024262990455991467
0.022700238159638758,0.02202508125595407
-0.020822357498201,-0.032778023369518995
0.0078809335002176,0.007017467550573296
0.008044669594462893,-0.005390335832611261
0.010825782809871365,0.004015608825716764
0.009919783193296929,0.002554958090899112
0.0004837490551776266,0.00016098165034335256
0.03528547919066466,0.004859912125385271
0.0008144078144078151,-0.0005683890577507593
0.01021739695079447,0.008434772266692078
0.0011288265306122446,1.6025641025640904e-05
0.002823206033519595,0.0009048488716012597
0.030881407160291034,0.0016058995223844413
0.015564813742606513,0.0013440925209542232
-0.0002742601270823838,0.0038822056908410806
0.006708044610729024,0.0016633953931397643
0.010882501937543917,0.0037020109457096013
-0.004671357595704584,-0.004227006469662529
0.009422521166203197,0.0021345619025098725
0.017428129534648718,0.01801636866167563
-0.02416376525826709,-0.025697364499955227
0.008500079034400754,0.011415061132819091
-0.005182856534699651,0.0009886077208058168
0.015765500401461158,0.024517615882029095
0.018569957171750747,-0.00044444444444444447
-0.0007675070028011205,0.008088182410609697
-0.013764977088904801,-0.016171419354993357
0.0010693528693528696,0.003851610587245486
0.0026523168921009904,0.0008003705710338104
0.0013679917587457488,0.012550489726340734
0.03454149991397615,0.033365269495685586
0.04403279990462617,0.011122126453158791
0.03739661170312384,0.0015511708723899655
0.02753370592976975,0.008052466755619742
0.013894882333827602,0.0321314827993159
0.00907031849880506,-0.003350225992095981
0.004146819708931509,0.005652733772321037
0.0030039336421879546,0.001702127659574468
0.014599818718369295,0.009924148856848012
-0.011084501165260666,-0.0069537718917078
-0.004807448826917184,-0.005807448826917184
-0.007317507069130984,0.0016703861441513205
0.006143608401308191,0.0046855695733884935
0.023296890377455234,0.003861755806917098
0.0015685689933993617,0.002511169681823745
0.0009708976655255358,0.0020665047484524305
0.013614811519954577,0.0012
0.003242493078327584,0.032700339959658334
0.0037818125940926525,-0.005317653352166746
-0.0038514944845013986,-0.007674060986791404
0.013644716396019356,0.01818848980431933
0.005911175328853689,0.0050778699703795385
0.007386817553979803,0.000425531914893617
-0.003257096587331974,-0.003946751759745767
-0.00957037028736753,-0.0025524301197235675
0.006789165983520196,0.0017796738594614244
0.014858544102440328,0.013191060631441272
0.0010330691700029954,-0.00694670573263903
0.025790367764935734,0.04682565049167872
0.0053674739406788675,0.0012170899593258152
0.004764662118405534,0.03641728372216415
0.003100012511755178,0.008778054494546321
0.0015442742836359858,0.009141226152616519
-0.017861786320947554,-0.020443331756302353
0.013047096930145283,-0.0019639505575128413
0.0135952448364375,0.010547242944961741
0.0185858177531788,0.005452149511852734
-0.012366395076709828,-0.0017997179480282316
-0.008630119013164657,-0.006187849355812317
0.013327776505308975,0.012629160584532315
0.00831865560281286,0.02185703277115074
-0.002747676867990442,0.0010098049049739894
0.001179858793964184,0.001144819426152249
0.002924372174372175,0.004412871589914477
0.028435584589621296,0.02292345175350953
0.010005252131714347,0.0026565669085168
-0.005168041630449376,-0.005986408685271001
-0.015425460562141816,-0.010305125967311566
0.018191448827643945,0.0010665011115563706
0.024948207185221692,0.004786039121098665
0.02974658126463172,0.0
-0.011471390883358619,-0.01835638169846839
0.004206001585043209,0.002526405873070148
0.011376573929669963,-0.005913705707561697
0.026388530788350288,0.019772355296170628
0.003596524656675032,0.001740588253044949
-0.01333798440384982,-0.020080348242112685
0.02158647607424339,0.007876647048039812
0.006837907392697369,0.0025856374807987715
-0.002313053978429341,0.0019801862282533902
0.00020002102447545323,0.002054118386644465
0.006486316875702048,-0.011368447106517094
0.03847605037050055,0.00032312070011024895
0.035192048442236605,0.0035513487176024494
0.010015278973961882,0.0062468120712734845
0.01694430089211065,0.007006753224561695
0.006967436112249833,0.0003125
0.0038857142857142857,0.0075553513382720875
0.010089225224153484,0.002416915329656103
0.0022884012539184954,0.000425531914893617
-0.002566136791958994,0.003989605590100737
0.00483934943628867,0.0056489227915088435
0.043452483422676734,0.007777692949156072
0.007784972207083313,-0.0013104738215011513
0.03061816569335734,0.0037773346296042522
0.0029714379696232007,5.696602248326382e-05
0.001,0.005333488688289687
0.0066132541602060375,0.006330912619897359
0.008255180037638886,-0.0030433535052849818
-0.010212756535275192,-0.010212756535275192
0.0011515141323621397,-0.002576680331252242
0.025226645775195986,-0.0035317701236016663
0.0061420148717626286,0.005212045636968237
0.0052321413179596335,0.018956464248528215
0.00599822999338817,0.00440165753844522
0.041713108282520596,0.02173270007208114
-0.019184708034715843,-0.007293840310298467
0.03583927238065349,0.006963714819636695
0.004109637082057222,0.0032223010412321756
-0.002633857760148404,-0.008895763241163056
-0.019439038529794846,-0.02284901101345154
-0.0058053349326412235,-0.010125131927918819
0.006862057297541168,0.0068981052878799055
0.023689903092681788,0.006194747267731453
0.001081081081081081,0.03482171367784457
-0.004877081888799184,0.010632197116186386
0.02691237163963154,0.01405756720580701
0.025552378174965435,0.0027285291913034552
0.003758577752563788,-0.008419459361681583
0.013305595477151894,0.005869732606574713
-0.0010883911368350582,-0.011294438526550304
0.005486911633299388,0.003901586241855519
-0.0005614941457852208,-0.0034579788509390657
-0.019638260643451335,-0.02435860721483417
0.010966440165680534,0.05052444989414583
0.0024869445071057975,0.03174036200490935
-0.0058053349326412235,-0.010125131927918819
-0.014325703132163263,-0.01678615067448491
0.006167776204164588,0.015965389836164946
-0.02779557592643348,-0.006486615024878146
0.00767818400878874,0.025087295133828867
0.004216209304088532,0.004824172727785788
0.018695000995550742,0.005448696526966045
0.010455740176472219,0.0038754517579166446
0.013863290479769828,0.017186180566134652
-0.00034214656817295637,0.016217611324374492
0.0032093713128165556,0.0045192488386019926
0.017256284276823713,0.008560953038108957
0.012925069477539627,-0.004283461085765232
0.012510821676959405,-0.002004295949485589
0.020801509178781992,-0.00866694512986319
0.00983605589388857,0.0
0.0045887115551208404,0.0070999095150601765
0.01622579357122596,0.015462288409985616
0.016782613968274494,-0.0020734603419703735
0.01948002349238146,0.030344018358781262
0.04516265020611847,0.003338470643225059
-0.005621224650323305,-0.005006338335654696
0.005972367540265841,0.003993166613146097
-0.0058872117176343094,0.0036071415615615224
0.006298827817141665,0.008239638893468649
0.009840757589227575,-0.005596893768370848
-0.0019407407407407407,0.0023398741470170036
0.016214013429156664,0.005598477595159509
0.004266482305478133,-0.00021773636991028302
-0.027684877813642133,-0.02154087299435522
0.007331697910330669,0.00251771950524389
-0.001802934055611204,-0.012296992923026002
0.043225893304666536,0.02167260585695934
0.006588887974032482,0.0059679097300215315
0.0033386134016803177,0.004500200562376912
0.013923173221140667,0.03142337246778575
0.024395736368302785,0.00023996035391384246
0.014982287887839087,-0.010060141447828796
-0.004639007618427686,-0.002449216237317111
0.006108705313766872,0.005011017646707605
-0.005163117484306782,-0.011596011099403798
0.01416664282566873,0.0
0.000586472602739726,0.0012957157784743991
0.0,0.0
-0.01271189981790579,-0.014965991659469886
-0.0016588873388797692,-0.006553629656744782
0.030726011166023342,0.0027939108948845165
0.0036757678112263378,-0.008457244479944392
0.003991508042160482,0.003158708914968851
-0.013376262327567251,-0.013979187613224198
-0.013243917884592752,-0.027683621849643476
0.011789135387493068,0.023598359536242047
0.03635641687164083,-0.009226360176476432
0.009852526499736346,0.010959677001560673
0.022546272503441836,0.02705979422829335
0.011379363177722765,0.007826489521996919
0.030026442462082855,0.016931011626919984
0.016552272761766337,0.013111903453906682
-0.004015784293723998,0.002891820513527847
-0.0036496882248148697,-0.008178947884641012
9.728139629436652e-05,-8.830459611705241e-05
0.01873448757358602,0.008703768507869686
0.010602668774225192,0.002684917421759527
0.03779331469433734,0.01441648880143885
-0.0145537586432123,-0.017115323879882356
0.016193094094838115,0.005118253906001965
-0.0018848462049683612,0.008592568973489511
0.030748023037486562,0.025133741824124978
0.016153627859025434,0.004164715255959146
0.005104816239308772,-0.004536621196635074
-0.0003508771929824561,0.021173598179683877
-0.001514285714285714,-0.001514285714285714
0.019516033909396352,0.013228820432380859
0.026154463309564648,0.0018311557063914563
0.010111225508569658,0.025431800501230246
0.015684013258080342,0.0025216653429323997
-0.003257096587331974,-0.003946751759745767
0.026368865399941873,0.02170644131352985
0.004048914298914299,0.00044444444444444447
0.012147174237148929,0.014848923698265543
0.0013166490387662901,0.005834372055346652
0.013602808418304432,0.019471392981180873
0.018168760744516153,0.010267858818168416
-0.014416858392654322,-0.01651833839020925
0.0037279329798362046,0.0029178585867773274
0.03470879475058191,0.012768990026485693
0.003997844261002154,0.022496238024028413
-0.005420326702387332,-0.009075835954318105
0.0001440735444954216,-0.001500875516313305
0.00859199548114086,0.0007352360228737218
0.006329336865619331,-0.001042832803732159
0.06350335853206734,0.004876755852194274
0.006135980498433415,0.02971172282491911
0.008029271448464702,0.022693793997963556
0.009812947365275479,0.0006060606060606061
-0.012017549860622638,-0.010761894404967182
0.008622354978348961,0.018879544092097442
0.0007868643037551931,0.015176204770935266
0.04100465186870057,-0.0017070335014739476
-0.018167801155124917,-0.01403925077411552
0.0031302766032270035,-0.005264085080048453
-0.0059137937937257315,-0.013806628316339713
0.06466091951442708,0.00888122005924186
-0.0008733007020125076,0.0023505060798595656
0.0012192921191074807,-0.001627567366726817
0.0065623290755366225,0.0019156982380110624
0.019421409182250972,0.01411383557146839
0.024974833665028326,0.004006421968637678
0.0005275537634408603,0.010613324978385609
0.004026862026862027,0.0077383265439458825
0.029160566923380024,-0.0039841788866981
-0.03413700814295373,-0.03506799337599676
0.00457958422579989,0.0075542141973497625
0.006271625691402531,-0.003505391349043751
0.023951468862236876,0.0025932907697613582
0.017013064910479884,-0.001577639751552795
0.006967436112249833,0.0003125
0.0017481734369427053,0.015877018816997285
0.003004751242203339,-0.003852516488796035
0.009848094610672714,0.008574963594949548
-0.027893416038891866,-0.04132720484629514
-0.0017996879008175008,-0.0016433660617370409
0.014845631276378562,0.0025861920003711052
0.010496858977096379,0.0009329008964905301
0.006482756140534609,0.000625
0.014920374146305147,0.0019792514567827974
-0.011629440517832905,-0.0045572320281298
-0.00455037601654457,0.0011667570255412645
0.0018396717770621553,-0.0015714090057111323
0.0050577732486952204,-0.00033898305084745765
-0.008362478056785016,-0.0012256365376369805
-0.008302831664369691,-0.013855930878662001
-0.0018691909146947025,-0.00018832392229077132
0.005953090003487959,0.004366413216675118
0.0016236175319367168,0.02117920809420522
0.0551905518781691,-0.0013867826761460003
0.002195620889316957,0.0015952529437695752
0.007841639445552231,0.0020830447052565507
-0.003148226499037822,-0.0027570171152884373
0.005706170900550963,0.006164482716673905
-0.0020381756249447723,0.0007298706882061332
0.020370629164865435,0.001321754264668009
0.014615449617527474,-0.0016626819775067503
0.0011933970906535297,0.011609710598131715
0.017326880103897793,0.0076773203704094874
0.010010099629798975,0.006518414559985374
0.01222368714893353,0.011753074380286936
-0.0020381756249447723,0.0007298706882061332
-0.018473214638437836,-0.021739657274253074
-0.003103058811554919,-0.004015251033421204
0.02434943850869881,0.013306576572962619
0.017839889989536548,0.010175552020586964
-0.0004796085544081837,-0.0055213853586454295
0.02706547020047386,0.02541197382736421
0.0007175371884580502,0.008657777777960271
0.0035878706539923177,0.0006287040788228206
-0.008261413613103473,0.022493858884828397
0.01200003315721625,0.009486327104723302
0.019458289421677245,0.006142285714234976
0.014055932301701416,0.005740785831248036
0.01136057125636436,0.007292668903101458
0.024354791144889955,0.0061188626766188955
-0.0006252743358662206,-0.0014092848639989655
0.009609651106281184,-0.001640324309413745
0.01597241040603972,-0.0008527503014711297
0.004006482167720095,0.0028640600639716083
0.0030414129070985103,-0.0017599571807923263
0.002579634982248116,0.002728345648604269
0.002917516066183668,0.016594453881306138
0.0021897221339200936,-0.009901157701548294
0.0014511848535128076,-0.0046324560639279125
0.053697999237201276,0.00700045566487083
0.019110651197594978,0.008000707493712308
0.012028388264768035,0.000306178239475123
0.023008545213498082,0.004472872983511282
-0.0147328719696136,-0.02038995567425524
0.0008902205711131647,-0.0007625957980009908
0.019461453047638348,-0.006290137709169544
-0.006703767296017661,-0.022981031982884682
0.010497610988631832,0.006276386879814053
0.024508247423884702,-0.000540602714515758
-0.013895951619263564,-0.0128647345833408
0.022821611745164505,0.001588235294117647
0.01603489986558989,-0.010098156617261283
0.008481318360638842,-0.013318737023814224
0.00852065726267695,-0.0006358668423901816
0.016867756012399836,0.006732949931135129
0.011996982837879675,0.00624522898426208
0.01141636955822451,0.010957670057991578
0.0007645825724131468,-0.0015518257636901705
0.004527243379782098,0.006781692207251694
0.018806808178561223,0.013869314655969075
0.004364072933091315,0.00850785747672086
-0.02468957954974233,-0.020676656341326646
-0.02198679839373113,-0.009038909725063153
0.00265349262498491,0.0035879494242702487
0.004306205074700741,0.01700681096031959
-0.0010358964282915326,-0.0015289839691905093
0.009218099343865672,0.007049911346087379
0.027197040678887233,0.0034482941942107098
-0.019698323855674042,-0.019823722669137702
0.01016573815309317,0.001719834343763352
0.006708044610729024,0.0016633953931397643
0.005695412746059523,0.007436235352390008
0.0012701612903225805,0.0022433896053307093
0.002917516066183668,0.016594453881306138
0.0066699295174033005,-0.003924425372251782
-0.0044672396226595554,0.0028967535774929365
0.013225259508982554,0.01277293418402977
-0.0010971209005490898,-0.0011484685625399184
-0.002568240362634945,0.003946968735201268
-0.016203069998142593,-0.021272000335991092
0.0022379528084421328,0.006577619097159187
0.016445830837685787,0.018519948291397102
0.019247779951731835,-0.00277619394790681
-0.005485831002639659,-0.0033074713694413167
0.008504350856856174,0.02365748181888719
0.0024789652703186534,0.008960177790149584
-0.005598735328089976,-0.006204795934150582
0.011034603408780186,-0.0005912556735871684
-0.0011693657865798675,-0.0071609375657423
0.0022760302418074856,0.00036062731683639184
0.016066593233375944,0.0037639091828706294
-0.0017875785009379332,-0.00045424516760459994
0.018307536083053924,0.014187905604668375
0.009157526281187925,0.012417937741629597
0.008978567756459442,0.018447876164869374
0.014192564720315444,0.013280670980600422
0.0013356465197718252,0.001227742391623161
0.014083240180560622,-0.025394982551780375
0.015030952828002039,0.030690538390061334
-0.0006050420168067227,-0.0002875816993464051
0.0003644499063326159,0.002373787079291052
0.0004292509677399671,-0.010703221409404034
-0.010212756535275192,-0.010212756535275192
0.030379094655105972,0.004317875170144793
-0.0032165756377168,0.007328411278322748
0.027762744467333542,-0.002826295699850562
0.010999754157285881,0.0045243939450577446
0.0007127347821748696,-0.0012501556273378793
0.0077194821580378395,-0.007900398771029306
0.014148206320490454,0.00481089178211681
0.029000085240097416,0.003761652830368387
0.017133427266956266,0.0011512208989167513
0.003242493078327584,0.032700339959658334
-0.009410132775574372,-0.0033641546071385975
-0.0180446677674378,-0.019519080310083814
0.013690995057033297,0.0012907543166825724
-0.029003793361574725,-0.021972762389412752
0.012887396875950786,0.00943688536323676
0.003222133687646898,-0.005711400480404199
0.00767818400878874,0.025087295133828867
0.005033946983851262,-0.006395028540330295
0.01767085495347824,0.005222063756427835
0.0006472083590839221,-0.003495553326780973
0.0021126571526803306,0.01931485814505953
0.0036326431450732287,0.001286359374470661
-0.0005491212503307959,0.0068758300242854
0.02668564885935007,-0.0038888260851325154
-0.00225435087410112,0.000505519056099326
0.012059060674939838,0.0012390289449112977
0.04668250182045983,0.018631672921162194
0.0011846446065625115,0.025677545284404326
0.0006503593145384188,0.042247244486269556
0.003901294990110846,0.0081573107942523
0.004252031443207915,0.0008470244614822927
-0.001721274308252931,0.03630689321215724
0.013025974607825458,0.0018191669107653703
-0.007923993067421541,-0.006455997678245307
0.012094143721522413,-0.0066679365725997525
0.008079454539833221,0.013561286900178297
0.009875520311455813,0.017558952791366437
0.00098834228168216,-0.002228650636913687
0.005293168587361803,0.007083218856635746
0.00037276378099002257,-0.005006266858112469
-0.0004855691553512266,-0.0006360999288804788
-0.00046311444919227424,0.00326441571127771
0.0006126361870906157,0.0026426409751670534
0.048476516107719636,0.0033961027630589275
0.006112991097516767,0.001996678012060075
-0.004427320765529483,-0.005894995021269987
0.0076306450470913344,0.004674449198614768
0.027589377798973084,-0.001636609184368073
-0.026644352174915804,-0.027896102985227378
0.02389511219027929,-0.00012678080477701624
0.007024759102022022,0.01026969281443102
0.011249764445018531,0.005172152469396384
0.0022665803797879266,0.022477972915985783
0.013542672042254325,0.006679060761073443
0.008570883173854758,-0.0033668320682193565
0.018529390097386265,0.008213068957186605
0.0029327089666560755,-0.002868615696618676
0.006669660330027693,0.03524834496639707
-0.003399349161790584,-0.010443427384822894
0.03508063739849926,0.0026463991330992857
0.026253086238582014,-0.009521033344737289
0.009046401633347505,0.018919534022839024
0.00591020839549174,0.007699485937665737
0.008392865341544986,0.005339206154498508
0.01334908947248629,0.04165518673769088
0.003167718621284926,-0.0013218622840946489
0.013326385550089538,0.0003466538276360135
-0.007588297752604341,-0.013915463220844275
-0.005178483820856426,0.0023528608090894647
-0.012415174213266714,-0.02440694185403184
0.005950454798138195,0.017286883270146314
-0.009857626458765516,-0.007057119633846716
-0.0010366568602894108,0.0076565520488863035
0.020907858900030173,-0.0036651241293321774
0.010554628418509805,0.0028486984471211077
0.018090664891335838,0.022803945364540227
0.007402629547338849,0.0019666905144196983
-0.0009020017780108384,-0.004520024210621835
0.014912362376211906,0.008258422999785024
0.0031671844387323824,0.007206043161871071
0.022793035227583455,0.003493830487982322
0.02351361028168985,0.015460496858959885
0.005527540324807675,0.0036529915159484415
0.0008144078144078151,-0.0005683890577507593
0.008075213119092307,0.0
0.014151396554324744,0.0019030657605751497
-0.00908160757559938,0.0033428450324637145
-0.004727637964226212,0.001021707738762631
0.012152724539946078,0.002321270625329045
0.008782521635598887,-0.0012035852399816744
-0.0018485100225596098,-0.010847787122204404
-0.001255562377079405,0.005831697943251187
-0.01840285107249913,-0.02232447934939944
0.0030478474930087838,0.009040522986297575
0.0040531551143406334,0.013493533822510244
0.012243966593792139,0.005586452409002176
0.0026901430746464044,0.008900841963579691
0.004782029655369149,-0.0005666666666666666
0.008157936913329293,0.004258326419998893
0.0001920617342111514,-0.00047659046004148867
0.0038077744360531787,0.000355183845361858
0.015471827644156898,0.008904645755399787
0.006309762304941948,-0.000934013002792606
-0.0007675070028011205,0.003994482116277495
0.01248187814303403,0.00019288984149665287
0.01842652096850817,0.008328331430886534
-0.00044444444444444447,-4.4444444444444447e-05
0.006838167844359547,-0.0037746415770609316
0.014738302610193236,0.03456821999844062
0.004345416926478091,0.006120753614039477
0.010750526515090796,0.019298305751197054
-0.012798576951298352,-0.00585288719620148
0.011461258544157568,0.00584722431666777
0.005888701289025305,0.00414462292093871
0.0430883754533395,0.021287693927039292
0.006592549964117291,-0.011178199332670063
0.0015415202746904095,-0.0007418957608807228
0.0005994669587568845,0.004044790305439619
0.03426280464426924,-0.00013670586433670636
0.025156162451357014,0.024158249065274657
0.0031394195117786126,-0.0018573099415204678
0.017450982686814446,0.01037052784562794
0.010694754242257451,0.005253422016579912
-0.00957037028736753,-0.0025524301197235675
0.010353642490637782,0.00956156993075187
0.00017236735793159169,0.0032831466568265188
0.0045457732952278555,0.026998172524153947
-0.00360597592693963,-0.000494918037138626
-0.005167811243133525,-0.009975803040068714
0.017491005398657243,0.007015695971415258
0.021901398682641602,0.0015811979525390592
0.05174729527812666,-0.0018503706746710001
0.005552104899930986,0.003094865510306687
0.02652139344352082,0.0002702702702702703
0.0008134532690904249,0.0016141376494914874
0.010314166821519763,0.010627427344783183
0.02696112802344579,0.03523653701136121
-0.00019310653292664483,-0.003971124287056491
0.006923734340850211,0.015992897985246227
0.01631910717064491,0.00983878652228408
0.02119437155065213,0.005585854766448366
0.0,0.0023062388591800357
0.011425492661542806,0.0058467692827795705
0.0010049019607843138,0.0012085415720127215
0.01648571060476434,-0.000851063829787234
-0.01706175628301897,-0.020964916149778433
0.009247674305010183,0.0016075795909761756
0.002696965576644123,0.015270872503523488
-0.00666292555286016,-0.013101720284145912
0.009540476498782015,0.017417660945961914
0.02557805559698079,0.007768283266385734
-0.01460292390121113,-0.010126630259662456
0.010927257063628223,0.002302631578947368
0.012640875311065622,0.015977521465383913
0.026676654040810724,0.0037077526570882054
0.02268410972157057,-0.0016232778715537335
0.01965304686770431,-0.002896103896103896
0.017192778486790523,0.002518806853845217
0.03103483236002401,0.0037773346296042522
0.0032970753395071568,-0.005234309924907549
0.02381524206894257,0.00880828364161201
0.0033704664039766923,0.019589190575219982
0.002579634982248116,0.002728345648604269
-0.010213091950476578,-0.015118122273178148
0.007323577997513089,0.008195492598894396
0.015893510060871106,0.005452149511852734
-0.011568438552387254,-0.015952334728290073
-0.023330585022114138,-0.023490897575344304
0.027197040678887233,0.0034482941942107098
0.00799892317761986,0.009792877783396095
0.012441903306723876,0.011166513614113312
0.032633905531001414,0.007731820268117147
-0.013166238871575926,-0.01239845810379516
0.0017825311942959,0.003854031630801141
0.00439888625201028,0.0026688838016258295
-0.007678801549364775,-0.018646146340959704
0.007987307179719728,0.03298832413796102
0.0002978580800831578,-0.0014493185675481433
-0.014918897263565455,-0.01545476261758214
0.0010350877192982456,0.017679950644138888
0.014823953441819486,-0.009445396173014663
0.03868855092865972,0.006108161541197215
0.002970979835425374,-0.0029032095591211117
0.004036157920092955,0.000615995498754119
0.046369328420016113,0.027456590228238695
0.032633905531001414,0.007731820268117147
0.0023982758279096953,0.0081351783068951
0.04411448378941766,0.02515060691743161
0.014907445566874778,-0.0016503258616175276
0.011120241913475,0.00018815437655520005
0.01139381808532291,-0.002433650438453479
0.0005499871846166562,0.0027982372347385605
0.01063732997566127,0.03633757744192483
-0.0047514161825128074,0.014164830819889215
0.015916473294810718,0.011143702752454328
0.025295842159607982,0.001513155308353796
-0.002585796842479101,-0.005708260786013514
0.003384880157820225,-0.0033861447062446693
0.019893988596851948,0.0012529950669485554
-0.023330585022114138,-0.023490897575344304
0.008595780639704932,0.001625270940986568
-0.0011546123325665725,0.0008457548323953993
0.007395394879334849,0.003043594902749832
0.017200100085338094,0.00032601880877742944
-0.03045319273640168,-0.02516565315895338
0.003254761904761905,0.003710979544726126
0.0016982872200263506,0.006901633817937819
-0.0039537519838491525,-0.004257401391940935
0.003953242098403389,0.0011079734219269102
0.03222647540769422,0.009568393089727959
-0.0075896506582212395,0.015485189333597167
0.010421089219083362,0.005035284789821995
0.00812109191094093,-0.0005478037283166656
0.00032967032967032967,-0.0003846153846153846
0.021668879068731453,0.0047025193788148185
0.01864346052069309,0.014456895550789908
0.008590490196438868,0.001463419622917777
0.004866037132486735,0.014336505640182596
0.0029590480689083176,0.02165293572984702
0.011642443635729883,0.002800766283524904
0.004324086012747127,0.023641237353928066
0.006370996672206533,0.007752520544899325
0.030386031989091917,0.0012596436973631338
0.0051187912004557815,-0.000888888888888889
0.027022481242425015,-0.0005965438333464849
0.008780787481016314,0.014256667683064076
-0.0029684170573836604,1.6708662336845787e-05
0.043368594918486936,0.01018379646961749
0.0032226147119764144,0.0018207683034677654
-0.002026250140723501,-0.009684430387376066
0.006967436112249833,0.0
0.0008965866588121815,-0.0021268758865588475
0.01947160117983813,0.01660874651769398
-0.004774879141847361,-0.007279340734210006
0.023689903092681788,0.006194747267731453
0.0048861711549780884,0.0237808215296539
0.0012909248288761924,0.004514133614133615
0.007841085632634266,0.00917362576091716
0.03273120040975322,-0.003987853020574052
0.025809258617574358,0.003767787767787768
0.003877123772285063,0.01313628725407179
0.004238763513353677,0.00121462074510855
-0.011654162653803458,-0.014530791810195306
0.0062156368165173954,-0.00023083451284905258
-0.008169329808326898,-0.009232561051201526
0.008498033957622686,-0.0009533684256216608
0.01075587492450203,1.1074197120708776e-05
-0.019638260643451335,-0.02435860721483417
-0.0029466488530386827,0.0027525840015971536
0.023907037950505847,0.004893995230426098
0.009731679253574033,0.0036394695404706524
0.0003817844030609988,0.0018405853101808832
0.0009322810964602009,0.023051830486810178
0.03617970087919674,0.011113638219227121
0.008326956466199496,-0.004427849103290474
0.003150894994157878,-0.003076923076923077
0.02459605938997521,0.021737675435303777
0.022375371999730522,0.015964652537727272
0.0006766964814284042,0.008365099331786382
0.00960956289653226,0.01076038969987268
0.041058397843520424,-0.0025231461361778867
0.018567096236245362,0.009413396705771172
0.03583023152664824,0.004798065295768332
0.010089225224153484,0.002416915329656103
-0.0033364657033794452,-0.008407676835793975
0.0008630269483679998,-0.00028801533433886386
-0.005062174142892829,-0.01266709783772743
0.0100083816176859,-0.009400998291242194
0.027197040678887233,0.0034482941942107098
0.02099935420882836,-0.0021937782104443568
0.006666402662535102,0.00906019555157486
0.00564392394047376,0.019562040558446965
0.005032941128524298,0.003525378727678969
0.050380245428412976,0.005948485522255485
-0.001567515178114257,-0.005601615473554801
0.008043894918288531,0.012642251917783828
0.0005499871846166562,0.0027982372347385605
0.029076612405551466,0.00022726611193666854
0.009211648344156798,0.003213901451179176
0.00521031868773904,0.014344612674045994
-0.002802334236417448,-0.009846412459449758
0.0014908987111081832,0.0023759979717812877
-0.006561902382345677,-0.014627580815260926
0.04586118432320352,0.010266891933023077
0.013769137778102443,0.013246097520147852
0.009485929016954825,0.0004649409757615749
-0.004097269001959478,-0.01845463218960159
-0.01985528587228914,-0.027468625038802826
0.000586472602739726,0.0012957157784743991
0.0028992628992628995,0.01571500227615614
-0.004059729699115887,-0.0020994667228346046
0.0003468715074116061,-0.007571427541356002
0.006303705929247983,0.003662567453602791
-0.001355805992061961,-0.004224755053739398
-0.001053056030803111,-0.004612866901129653
-0.02438393228292918,0.0030525984276195788
-0.0036800401267549146,0.0025691060298063846
0.015156833436341565,0.0005100469118692547
0.0035186421614549716,0.02515825829233391
0.02587559392189737,0.006349809637613713
0.027812061973536775,0.0014947600661886376
0.017424247098539368,-0.007440558394143993
0.005900692195632763,0.007063915880432669
0.02753370592976975,0.008052466755619742
0.004167771728111446,0.005864044759446164
0.021912274191006786,0.005737264947071546
0.012989376183265748,0.011461103977201079
0.010367269586115392,0.004326737647922451
-0.014427366740179281,-0.011015431159851733
0.002035966959695773,0.0008
0.011048480045829825,-0.025702598115565023
0.0029259259259259264,0.0022256097560975612
0.004515920949431238,0.020715951138600266
0.0041944222569800784,0.012919725841599299
0.016742715012959344,0.0037910901426945693
-0.005176105242784427,-0.009099695077899919
-0.004970247941455815,-0.011327709777325166
0.009277664028847443,-0.003776107359266114
-0.0049901831646444,-0.007324421343454832
-0.005566753064258339,0.017825088014670042
0.005508068429542162,-0.004355766254944698
0.022237944546420692,0.012801594268632442
0.006370996672206533,0.007752520544899325
0.006697150114375593,0.02798840476218064
-0.012184790951760973,-0.006593952133983115
0.0011366300366300367,0.00033898305084745765
0.028198596269880673,0.0
0.014734347894008456,-0.011245242150422453
0.006428218115435015,0.012622616320828567
0.0036191223601522346,0.00778964615143928
0.007523052488614754,0.0023547744147697715
0.05892061966873665,0.0055981723999411655
-0.011231310764531176,-0.00887271466532651
-0.00467469307143555,-0.002660489288791956
0.03326718308110254,-0.0006337580486740152
0.006022124701167704,0.0026529765059176823
-0.009863152309471213,-0.002037936041654826
0.003609761653002207,0.006413181400040583
0.005132675696309626,0.01731174669221565
0.0004140406243534247,0.014662411588689042
0.014190619592801228,0.005375589541704977
-0.0025281598835974264,0.007459294700816946
0.0017638033334117053,-0.0018456302151954327
0.020129828411127308,0.00678783301617269
0.0023796652142516806,0.0028487305434889854
-0.004109833246402735,0.00260229960256676
0.029773107894982553,0.009324321942546355
0.015861097567255615,0.00915888837334991
0.030574068329160882,0.027113133326789916
0.01113381920802133,0.03344973094049893
0.049550308924948584,0.0018986149038727178
0.009211648344156798,0.003213901451179176
-0.023444013788512148,-0.024362574394572754
0.012522893424916828,-0.002186318488788025
0.05180449887182873,0.005030809246694812
0.011553303869179781,0.005316190021158965
0.006936487912100716,-0.004063370298321168
0.014400530944124645,-0.002730078501370591
0.0016755877008917362,0.004672917754385663
0.017239176811575913,0.02507672861465247
0.0033229925362847864,0.005981678924264976
0.015925132943517856,0.023690378481139654
0.003242493078327584,0.032700339959658334
0.025456874146411044,0.0106151925368963
0.0002622853661418392,-0.0026461676638875747
0.013229343418034736,0.009261628394842255
-0.02266553458473893,-0.00610611635013595
0.003938045171467155,0.0005553549396647706
0.015916473294810718,0.011143702752454328
0.007672722231133336,-0.005463390121374765
0.03956453894059579,0.011800373565542196
-0.011989011989522146,-0.00802144253335195
-0.00372044790383095,5.768160825561121e-05
0.026418977201609316,0.009324321942546355
0.0008073163179546157,0.0043057081810741245
-0.015853914022184556,0.0006069932969788895
-0.014570803639000113,-0.013387682944931877
0.004903733693207377,0.004729047374208665
0.04626818001750573,0.020655651935026567
0.000537878676670378,0.004773630816091043
0.009555642087491033,0.026358067967838107
-0.0019253605852576105,0.017313462589386135
0.0012,0.0007037037037037036
0.02750420639619681,0.0003123760108497272
0.0363229505519876,0.0035841195601644953
0.016641804222777702,-0.0021213682906364418
0.00676203383412278,0.0012388870779114682
0.002026936026936027,0.01154029164693167
0.011485181890324946,0.0012
0.023360098047902924,0.006675064541375586
0.007844706132613686,-0.0022897153424025016
0.012690851866260084,0.0035740166422024884
-0.006396543848355011,-0.014373824125390419
0.0011933970906535297,0.011609710598131715
0.0030875420875420877,0.004325271367288174
0.01410954689308435,0.0014909578357973985
-0.00961754115222968,-0.0034700985943465663
0.0050809783686435505,0.026431767995051553
0.04457694243610998,0.006888641315111903
0.029096239334845484,-0.0012538504267030248
0.012184698236845563,0.00900731988788925
0.021689598133416657,0.011866701286220065
0.00796234717663289,-0.0006629094532320339
-0.007800185981798368,-0.005938094826601391
-0.007602382318965227,0.02822505682104421
0.014288677429894904,0.005682880017653186
0.019872372894766243,0.00367096673317889
0.0,0.00995356618017706
0.012522893424916828,-0.002186318488788025
-0.01803449535568225,-0.017351290384266173
0.01795861603490129,0.0009871946889971756
0.0016714179088700033,-0.003495373631653178
0.017008515885911717,0.0034510835752126173
-0.0030415204215436835,-0.00555990669398164
0.023584818137617033,0.0027805154306822827
0.0009027373807044548,-0.002119071544166856
0.02971274184473975,-0.00018178947951382092
-1.9043554814109423e-05,0.007652709018823995
-0.025585781599051213,-0.01897274296605945
0.009166412365418316,-0.015616976301115632
-0.029075761306579975,-0.020742345029965678
0.019644930453840234,0.018312422258284538
-0.001298631388841984,-0.0004979545302125949
0.010042972933620093,0.011758021854685373
0.00833398243210673,0.005481933615648342
0.04390327927440845,-0.010855354868605751
0.021090977356345672,0.00041666666666666664
0.017343212008628584,0.015634174085702026
0.0058275959858929485,0.0012636815920398009
0.014533153103432186,0.005289164076664077
0.004124024124024125,0.016892650828320265
0.007932234581839816,0.0019669933188504593
0.010440578033908252,0.037840260783065995
0.011818613496842136,-0.0015462094411076936
0.008065843052615328,0.004917126586489471
-0.007366461155286845,-0.012448502676650718
0.01696203181047042,0.006755791514340384
-0.0035702162250420225,0.0034911843255145715
-0.0017850504001774778,-0.0017730632272160603
-0.024710351992184753,-0.014566605267311301
0.007429880833671495,0.004268001417286576
0.012543621542456071,0.0025143558873902266
-0.03422319114879953,-0.032876838249481295
0.01951162652224876,0.009212396253835393
0.009382316734809635,0.0017563375823850852
-0.0021808394646363975,-0.00153128216543651
0.006789165983520196,0.0017796738594614244
0.003290346907993967,0.015416666012779297
-0.009492231569845503,-0.005233380176045833
0.00765282656506321,-0.0068594802202707455
0.00968752218273563,-0.00017058119185778698
-0.010381462693413628,-0.010537987653161192
0.01078530237641779,0.010648797770144998
-0.0006188459111634943,-0.0011591548775594172
0.010242755978709663,0.00863508720201655
0.010072350820004801,0.004185843517906727
0.021548720978591906,0.01593263206808098
0.0,0.011242259072749651
0.004139263036269451,0.010710529705628347
0.004149086461424684,0.020708295037393184
0.004146819708931509,0.005652733772321037
-0.029631106600277117,-0.025217598918654504
0.018132418589034326,0.00325366568914956
0.012742872559398355,0.032829720529237244
0.02387753698101335,0.03634613209022516
0.03490064899337849,0.004501966391815935
0.012099804671388898,0.006122435541054729
0.010556851889263204,0.00038591632426051604
0.030025968811247167,-0.0041890813637998695
-0.0019277821231512204,-0.004434131701077183
0.01939849353691665,0.0013247040613864136
0.004426468936074598,0.0010405323653962491
0.005499716862565363,0.012903316402395257
-0.0035353669201090045,-0.0074367079292298995
0.005307545462302352,0.0400886737896058
-0.011207622714255076,-0.007820771354784213
-0.0023825994898211194,-0.003000075231465029
0.007798620190914845,0.03960026951182298
0.004657929895482221,-0.004459410904426
-0.018747729742882822,-0.014011314591826366
0.0030729487885807396,-0.00022603603994487314
0.005296736493640518,-1.27591706539075e-05
0.03418171054006749,0.0038190917381751856
0.013457457390717803,0.015908135637794297
0.0038063371966080076,0.0005055290692103252
0.006329336865619331,-0.001042832803732159
0.005025923584664648,0.003925378727678969
0.005688229347889399,-0.009491805855433827
0.01036162034747591,0.046374624757846275
0.008189139157814196,0.0018684210526315789
0.01650156729569164,0.008048132525288448
0.012174963287980851,0.0042923162666826265
-0.012400219338142197,-0.012092685299381626
0.011419473888751157,0.017546351230135253
-0.0007770946131449004,0.011665621050267512
-3.623188405797099e-05,0.010207152711113584
0.02290037066483604,-0.0011756050365227151
0.011127101370873808,0.011422012658694124
0.0027045863609930533,-0.001147729378048708
0.003964480309104533,0.009782021576499324
0.00863881730224677,-0.0009523809523809524
0.0028805405424483944,0.001872335297401044
-0.0007549882197394964,-0.002794375104705348
0.014524369146532752,0.005546494239779176
0.00846301678420053,0.003376763573418185
-0.00018923343625555774,0.0069266601031533065
0.00023124152206356998,0.01775720977672269
0.012886842502281013,-0.00884101602468781
0.013939098231305076,0.07100644792001705
0.0428025300298029,0.0006407456188601912
0.008740253275300829,0.004038342609771181
0.028793972777248496,-0.0029736058309715527
0.05473415532793882,-0.009635994753951539
0.0017207822138051504,0.002941293042550604
0.010574560811566342,0.0003508771929824561
0.006143608401308191,0.0046855695733884935
-6.127846350461805e-06,0.007700081431385547
0.02258898320999587,-0.0012644064159208148
0.002865987573701459,0.018523795716600434
0.0012512218963831867,0.00041666666666666664
0.0021811735513003546,0.00010521271079861781
0.0032669688801764273,0.0007965860597439544
-0.0017922821652652174,-0.015356301738270904
0.00967888671864988,0.004136446212213476
-0.004598055618708564,-0.013184980015577446
0.017547605280939214,0.0034036358532857016
0.00036525071244660097,0.003869493302286652
0.015552933770236328,0.01086511504061979
0.0017143709004174119,0.0009906214258482656
-0.0050495720868629,0.0018689328617066958
0.018307558378517073,-0.0053750034900647515
-0.015764574573622115,-0.015098597902990528
0.01529217411357657,0.0022393760373838533
-0.010416801005547007,-0.01193892113432318
0.008079454539833221,0.013561286900178297
-0.008498055555996472,-0.014608870589296259
-0.000348197033961618,0.01188104951296481
0.011066585571028308,0.00035422384532423756
-0.00013205351552498558,-0.007754465447562295
-0.025565864909118264,-0.022632272402541172
0.009387898809501277,0.005156208474717777
0.006156909060042378,0.0028258523086109296
0.012201234254486878,0.013620036753018525
0.009942560500792792,0.005109211735879471
0.0006492096492096491,-0.00033484162895927616
-0.003682045691900289,0.0025314414682927324
-0.006164153306927465,-0.006770937741131253
0.012005255892404367,-0.0004859816667145897
-0.0039537519838491525,-0.004257401391940935
0.01627678278303763,-0.0015972818299830453
0.030347212572984634,-0.008410330134750227
0.0004993294357611127,-0.0020041739930403424
0.023602649101605633,0.026496920240562494
0.01813493026800288,0.001249993130006192
0.00023448867619241948,-0.006278374828507436
0.02462333519858006,0.011120529839541933
0.007273208980271224,0.012473779648372506
0.04548544573568174,0.001841315503826154
0.043978341063816914,0.015439521562331027
-0.0014321831498728382,-0.0026511070673384766
-0.00030760993649024985,0.003992646920482234
0.01058924787607198,-0.003928395755318233
0.00042934303213654386,-0.0027521769846390234
-0.010182163832474913,-0.016361182234972283
-0.004396931934171155,-0.0027603569131717694
0.029794911064464608,0.0018616190141386112
0.02133096146069858,-0.0004901404684712809
0.00011936888437696913,-0.01349470659772744
-0.001545949946872554,-0.0024221427802471377
0.008585943121263581,-0.005163993335470416
0.014372621197581028,0.012182308882050257
0.0038721540584055005,0.025927362011691157
0.001978494623655914,0.007294373135188622
0.028725038490135375,-0.0010576963049724899
0.0029243981280455437,0.011061803388713418
0.005809808488486862,0.0034150959181197
0.007889153796222008,0.03810718748483522
0.008396700321650517,0.0055646957773351335
0.03945015372687568,0.005116212966364942
0.002528290274633406,0.003969462674425495
-0.036296008385632454,-0.03102027394987218
0.0014229339093823454,0.0036442888673934018
0.002113139992839241,0.009660681895167266
0.0028190743338008415,0.0042556504914303935
0.005384083968023938,0.0013132826617992936
0.0005463830008229655,0.0017102985464414592
0.01636370237655111,0.0036763561010708023
0.05283486672026682,0.04211946787969749
0.0022884012539184954,0.000425531914893617
-0.0021574771413249826,0.00012481045981321132
-0.006436947673289865,-0.0055321835055427565
-0.002125476471386554,0.02498672069502708
0.008047754197836664,-0.00416144023369347
0.019820170217725017,0.0028174397430202475
0.00457958422579989,0.008208903431169406
0.04374400343011361,0.00925072804467323
0.009121042308165482,-0.0005869218500797448
-0.013659719104364795,0.001504362720432341
0.002309532401841974,0.013006425192936428
-0.001114970572568751,-0.0030622736526304513
0.0024789652703186534,0.008960177790149584
0.0002727272727272727,0.000974025974025974
-0.006582086492733398,-0.006003986212527604
0.0005275537634408603,0.010613324978385609
0.007457586023872566,0.0011281273836765827
0.0032350877192982453,0.012890311676690757
0.023966243510914285,0.001588235294117647
0.002659024032847525,0.0
0.0001496749643253529,0.003548621355882507
0.008502661310825834,0.004614326072778308
0.0071149076383548795,0.0017872047530220186
0.001473220185481754,0.00195401594361848
0.006242932027722229,0.032945894278802165
-0.004639230189451277,-0.008864046718776344
0.01783504514032156,0.022568588275333916
0.001320945091090809,-0.007740246055684977
-0.0004953240283378357,-0.004163151533676293
0.01459127823914315,0.012742464614374087
-0.007492172528223545,-0.01143753914459373
0.0004837490551776266,0.0015920805598224953
-0.001246457434517875,-0.004760898132645517
0.0016609281695488588,0.013774769623398735
0.005947803249108478,0.004127659574468086
0.017711985798906073,0.004892986352952758
0.022200000129671084,-0.000342094959365752
0.0031029661728979516,-0.000487284519542584
0.0011857018308631213,0.007232765867020108
0.005480847839746769,-0.010260261501303762
-6.298757483172088e-05,-0.00383136998218894
0.020451075011557525,-0.0018630941551931702
7.564053001438836e-05,-0.003934252406315878
0.007219852667372934,0.005011151754336834
-0.011515752718545302,-0.016339958210131206
0.006135980498433415,0.02971172282491911
-0.001473917357946811,0.0018982284700813697
-0.0006464152026542467,-0.001011578571269065
0.0028321762326044726,-0.00034113712374581946
0.007798451806623212,0.007597292149936879
-0.003998188668780916,-0.005384047821200751
-0.006094154339338364,-0.004365593987130729
0.015073331760172393,0.020071860532294632
0.002954604153887992,-0.01617720678552517
0.024182785717017895,0.008856264638789612
0.0014220629536278338,-0.00023756317255131166
0.0037910586624291974,0.01206026622741023
0.00471769458441919,0.02979338390765264
0.02855659835459381,-0.004507693311582692
0.0022379528084421328,0.006577619097159187
0.0035417080345267484,0.0007675438596491227
0.01704523736761562,0.003968112514239671
0.012549266049020706,0.0011895381805383971
0.002973913043478261,0.002429897180464624
-0.0020743587482276956,-0.001493406116773999
-0.003224069565678101,-0.011608945459505558
0.01014569562095439,-0.0005622685372908387
0.006848877192304314,0.010139578480131518
0.0038063371966080076,-0.0008737812756172605
0.009838638431544651,0.01410358646134624
0.015801888294828214,0.012339012691158002
5.1643192488262885e-05,0.012290051470839046
0.06460872417578936,0.022613828292844074
0.0036166825577461322,-0.0009498553519768563
0.012008151666860308,0.0028760755016135216
-0.005601220028218577,-0.017608333866954956
0.006504842748721936,0.0004651162790697674
-0.018459369512380946,-0.007971741542548847
0.05199624659097842,5.645540953487429e-05
0.0021187443969835993,0.01644603882868509
0.014724456546850194,0.01431227673163022
-0.02779557592643348,-0.006486615024878146
0.0007868643037551931,0.014768041505629142
0.0028101786716323938,-0.007881077530263925
-0.0040188430076974965,-0.0047112630059998484
0.012522893424916828,-0.002186318488788025
0.004585302184256295,0.0009349440251337831
0.0006942749141437044,0.00823407801601383
-0.003257096587331974,-0.003946751759745767
0.006984654863369249,-0.004745792688735475
-0.0007675070028011205,0.003994482116277495
0.04457694243610998,0.006888641315111903
0.001379310344827586,0.0004
0.0028135334997651928,0.005917209329025225
0.005120772003028231,-2.1508989098946787e-05
-0.0022385751052705323,0.0035314951846149877
0.0032687108886107637,0.005242025142623394
-0.01919905277989156,-0.01852830221219411
0.012299869319393029,0.006588932200929292
0.03085787332399699,0.005753640126774066
0.004407262603260961,-0.0012675986755371262
0.0011547169811320754,0.0018566308243727597
0.007636174340356827,0.005255154617160402
0.008229872862078127,-8.417508417508419e-05
0.00471769458441919,0.02979338390765264
-0.0010825864100914627,0.0026117941084835483
-0.0003894428156297359,-0.003575952069949204
0.0028190743338008415,0.0042556504914303935
-0.003611309474367712,-0.01241562966340102
-0.0019883872892586044,-0.0002348000941838021
0.005440938745268905,-0.008248940881497429
0.0007159791370317688,0.011189767718750921
0.011127101370873808,0.011422012658694124
-0.017023702807502785,-0.011758825994901603
0.0010269360269360268,0.011114759732038055
0.015038678296495677,-0.0007671957671957671
0.009674402866531913,0.04022315387521015
0.02746536693476804,0.0033655834361716714
-0.0034262381214012335,-0.0017989577372089878
0.008109616076380333,0.00044924028506118045
0.012768594514693489,-0.0011814306644491964
-0.008579921401208501,-0.00447970874836427
0.009297429731640258,0.0013571428571428573
0.01813493026800288,0.001249993130006192
-0.0037275607516216256,-0.00190685423584765
-0.003287292555846528,-0.0048150703336243056
0.01374908933629539,0.02500817895968851
-0.0007675070028011205,0.003994482116277495
0.0003773584905660377,0.0002941176470588235
0.013813640029878825,0.0002056801402731635
-0.002964355173155864,-0.002964355173155864
-0.010637026145479594,-0.0067244858782339965
0.015540557343693397,0.002803546166037366
0.0013705120475882206,-0.012554460728170392
0.0013594470046082948,0.011095582506494735
0.021413501539156048,0.005146550349110714
-0.0007567157698268774,-0.012229748028292936
-0.003408241895723387,-0.0049441762944824556
0.007411316680314397,0.0006451612903225806
-0.0076073944960513805,0.00013944691793811234
0.028198596269880673,0.0
-0.011982049677592798,-0.006955133167363067
-0.0002933463639699183,0.013123837236788305
5.477865426794376e-05,-0.008383188086542794
0.011239690840462002,0.007547067324357106
0.005907403567026767,-0.0007903964890390036
-0.0036416429390947946,-0.0009847365787973312
-0.001774339950800282,-0.01687690441342945
0.020518760180418916,0.009358880790012793
0.001081081081081081,0.027725795661605348
0.003600541934472493,0.014404248885054203
0.015172072364734973,0.004781860188483039
0.0005284081166402189,-0.0009330212341508342
0.0012701612903225805,0.002070538926597678
0.001,0.006444599799400799
-0.0041540323677410574,0.0005034660505932745
0.0007758073376389531,0.0015533178335159856
0.0007154619489657624,-0.005562400716904899
0.006338717009851908,-0.0006624295188792204
0.027426019136707037,0.0022417238369366833
0.02071055128958124,0.009415137200028222
0.0005733730495768568,-0.0021496924128503077
0.009342417496808399,0.0003217438085950184
0.0038532881455910235,0.0005014104669277086
-0.020697147483072373,-0.015589059050525586
0.006018450008431694,0.00595590807065376
0.052593495251171525,-0.004693349329395841
0.01704065003732305,0.010234277485752258
0.022589576550625427,0.002487343957883333
0.006721955859406653,0.021080973612721293
0.013274212570710054,-0.009050902399418099
0.017610980995946178,0.002950815278830993
0.003314745857266903,-0.002029120014525207
0.010316961816263806,0.013401567258108753
-0.007120061853372064,-0.0025595636721509867
0.006012835419172928,0.0004166666666666666
0.011777894053749606,0.00502936881714023
-0.009748576671750053,0.006963423871246561
0.00825554476252002,-0.0018758557556458975
0.020084625032554797,0.020549411590180512
-0.020830858056679818,-0.021646531787187614
0.02253152405916981,0.022493071015073918
0.005489424054901862,-0.009864726016172885
0.020974000954287694,0.0019354538528929552
0.016584074476867366,0.014441773788694656
0.0003836551745174926,0.0018183238195526082
-0.006114312463244301,6.500960890037932e-05
0.005725410268967437,-8.986023051358791e-05
0.024840628971831768,0.003654361054766734
0.0156677443438303,0.028494755461306774
0.01182258797158337,0.03192181146397521
-0.0033407859503523617,0.015829636043028603
0.0165775246175219,-0.0003076923076923077
0.008149656963491979,0.0006274011244467273
0.00610481157810033,0.02370182614785517
0.015590773476265207,0.00030076628352490424
0.00483934943628867,0.0056489227915088435
0.020204817258896845,0.0020993468267467216
0.0014829931972789115,0.0
0.016108960307907504,-0.0029007967319885676
-0.006277090473335339,0.0014044195396545386
0.02912807997856843,0.0010916179337231969
-0.0006301216233304523,0.0085659351503284
0.01573156398248994,-0.002283856667473029
0.04038965493799637,0.0073785045098440204
0.014448147572340177,0.001750397307334459
0.006009927723979117,0.04643719327113755
-0.013211073183587973,-0.022681091956559898
-0.010960921871182739,0.003622975117585702
0.00015997414101088245,0.0031603743952749682
0.02505861793349513,0.007726705336040242
0.0012161282948530833,-0.00024642289348171705
0.007079288816312581,0.03374179724024158
0.01721448067070303,0.0013438752006341924
0.013050815640325335,0.0035547354606178137
0.00943068311357572,0.0018475133924880267
0.0019494036529911643,-0.005135531812062021
-0.006357198213080832,-0.03383120384221477
0.006566089473867942,0.0021357273678702248
0.012808131737499853,0.018411561842397627
-0.019186397760739292,-0.0018921042305107515
0.005238382336692939,0.00640456888789556
0.0010338393385712612,0.008029291173397578
-0.002184672962170258,0.003783854271774518
0.027998618541343133,-0.019342934287071515
0.032595145622555326,0.002615015166835187
0.044474309236723325,0.002194361108487085
-0.01457829166684226,-0.013110766264828827
0.01403944702115795,0.0013102900000844676
0.0018007083273908807,-0.0017185715770974969
0.015786279356915366,0.0012327766427354695
0.018333535012300835,0.021297198994608618
0.007515955762859786,-0.0009230769230769232
0.0006664885547339036,0.004830198292446229
0.0265890663859466,3.9879706341227304e-05
0.0021681840540698372,0.0016918272085690751
0.011433498077409475,-0.01664133635392632
0.006464597424788807,0.0014515890613451589
0.0022884012539184954,0.000425531914893617
0.010132811938408806,0.00315568553355957
0.004578991566169761,-0.0007543670158486095
0.024343749374501445,0.005707973864028557
0.0034859584859584856,0.03486557591973834
0.06253111835218221,0.009519669212455877
0.0063478334409931315,0.0058374812595615635
0.01760271136450029,-0.00210966810966811
0.006268459537457255,-0.0004976958525345621
0.023692017154165385,0.0027529329853849356
0.0067528903584574695,-0.005284754712587492
0.010410336405022473,-0.0021376525091695376
0.006482756140534609,0.000625
-0.0022030157346721643,-0.0027856696234180274
0.006544013317817067,0.015192425872727526
0.0018435374149659866,0.007509156537317064
0.0155357034746211,-0.009123947364488192
0.00663759854034535,-0.008464666708563539
0.0008709094129113262,0.003955288521488503
0.01197327319793394,0.009485765910630033
-0.02148755449856209,-0.002285645610833227
0.028580973526598406,0.06372684390861733
0.027610607174068942,0.0032752090260353573
0.002312857030807542,-0.01296320971657759
-0.005091360104864905,-0.002593636670861932
0.007591737483539468,-0.00033402932004197514
0.0030352830127266216,0.0064234260909398315
0.0005284081166402189,-0.0009330212341508342
0.00701375991720085,0.00309256423655854
0.0038451799641923785,-0.000777229760826106
0.009983546480049479,0.03296154845107662
0.0005284081166402189,-0.0009330212341508342
0.0040964192073769425,-0.003595844688863595
0.00780362421222341,0.008314605269394967
0.00431306164100146,0.006416259962972071
0.049254393540133765,-0.004311795438705737
0.002812225368616346,0.02708927711698536
0.00011473011473011469,0.0043893035550147865
0.009922863075824238,0.044891245656985324
-0.0022206958315134917,-0.006047973813513764
0.0005275537634408603,0.010613324978385609
0.013092801307944543,0.0025729520696339834
0.0024890579911930255,-0.0014484622654171316
0.002730326737229637,0.0032388091472451835
0.007796591913956195,0.0005334713595583158
0.01513531900057574,0.0021523809523809525
0.00655647850216501,0.0016403491964606365
-0.014077036443727662,-0.016078841902460027
0.013668217813650203,0.0196287055891824
0.007277281235096479,-0.0002658832321716792
0.0030672939241725683,0.004907146618548769
-0.0006786338343421437,-0.0052705911040458716
0.013530421132242745,0.005083038434806847
-0.0014528381990121277,0.0018268932095682642
0.017466608499983962,-0.0043220176382162655
0.021281084876933844,-0.001671772819709982
-0.013763833174422374,-0.018212017184463473
0.005890845740859742,-0.0028404992107471886
-0.004807448826917184,-0.005807448826917184
-0.015967180738580007,-0.008506239239386721
0.002202380952380952,0.0
0.006115759832024042,0.007967896501506373
-0.026319839543915296,-0.02346180741452122
0.006258501595341761,0.013638087347483962
-0.000908225108225108,-0.001514285714285714
-0.010680601781887063,-0.004505629367064935
0.001050831521419757,6.717521608825975e-05
0.011818613496842136,-0.0015462094411076936
0.008412792681927884,0.0369708669751484
8.571428571428575e-05,0.009886110123144136
0.0056603671336558845,0.022812937258966284
-0.0025476801217815034,-0.011829831768455262
0.006011217382580626,0.017697042970136922
-0.0006458228447072728,-0.005192581971262664
-0.0009391124871001032,0.007842736295452022
0.015009588592603016,0.0005328388448333867
0.016812063662711877,0.03202655495276797
0.008482596258152465,0.0047075401027841576
0.002800289139911781,0.0007080300712376185
0.004430870212423713,0.005493128682148243
0.008348420639157484,-0.0021824784612302145
0.003923667341430499,0.004003753912337633
0.01307741322565622,0.003595773997559712
0.002730326737229637,0.0032869399321952975
0.02974658126463172,0.0
0.002367808581760449,-0.0025683890577507594
0.001261918481620951,0.00794916704176117
0.00944159580394257,0.004085000467409263
0.0013598516426428318,-0.001739547537967276
0.011791535087677288,-0.0003044528319725492
0.05384681976241787,0.009962696113592176
0.005719802251706749,-0.005877735564307228
0.005886483609588905,0.0010916179337231969
0.013957821706173684,0.034334769531497576
0.02755078889576393,0.038963567195131686
0.0015417072379097696,0.0023960282703205603
0.006923734340850211,0.015992897985246227
-0.005154426526679908,-0.02667579868712788
0.0008695652173913043,0.01285755544530439
0.012001174870830031,4.3478260869565214e-05
-0.0046192023266597056,0.004537436319134986
0.0017380952380952378,-0.00035714285714285714
0.000125269227120685,0.00710332390013756
0.003611628883176827,0.01099746912721008
-0.005168041630449376,-0.005986408685271001
0.004006552203456228,-0.0012867132867132869
0.013307660559222483,-0.0013590718884971854
0.011669456919566959,0.004262288628197898
0.013759434794500227,0.03657308756201641
0.004241356022329121,-0.005158693244556582
0.03313270209847901,0.00107507526901344
-0.0027983384824817052,-0.00440278816749405
0.028180932157451846,-0.0038943619127427857
-0.01907834809938031,-0.024677954841844194
0.002043349702103188,0.010042485539203259
0.015590773476265207,0.00030076628352490424
-0.0020739949379267597,0.0006366994686624293
0.0022884012539184954,0.000425531914893617
0.02126423256729878,0.01236750959375535
0.0021540052451796627,0.005539458598796885
0.03933844997369845,0.007893450933576482
-0.001720147879602731,0.008286412111799816
0.002917516066183668,0.016594453881306138
-0.0037641869294728156,-0.006475656463522995
0.009100271787276364,-0.008010579802809805
0.010667435633694985,0.002382580170652079
0.008059892297120036,0.0019393939393939393
-0.013438246230198281,-0.016856125661776345
-0.0058872117176343094,0.004559522513942475
0.01959392619081979,-0.0013383204194942488
0.002105403794390573,0.042640644193576153
0.012279700045828516,0.016149631093392756
0.034377626804605835,0.005515157303090624
0.011308353309096901,0.002928289960752166
0.001081081081081081,0.025468285149760225
0.00700116758442366,0.00820932934562209
0.008262608333307794,0.003736179899900016
0.012674861356089792,0.0037705802968960866
0.00018707255150854016,0.016837752613092893
0.006143608401308191,0.0046855695733884935
0.002745390865605303,-0.0007144863301764993
-0.0007142857142857143,0.005821069207439829
0.013556819839245296,0.007953387950903478
0.004721872062653393,0.009729575356936998
0.004548238298335206,0.013108913383833624
0.023287720901374886,0.009760007350694759
-0.018185496390549515,-0.03300280932186694
0.017044121861326547,0.03198287129243977
-0.008689663133468736,-0.003906693555751468
0.010042972933620093,0.012234212330875849
0.05010293048036735,0.02784155612966215
-0.006816454034099886,-0.010271625335980345
0.021463175676656402,0.028503702550440407
-0.02779557592643348,-0.006486615024878146
0.010219252016485613,0.000625
0.0029846653337600327,-0.001517319495398007
0.006104237438741021,0.00044609873180542856
0.00591341310486709,0.000967741935483871
-0.006405634103073857,-0.005762978892430841
0.010511680444071317,0.005395177773967911
0.0031667783178372494,0.003515597042868582
-0.0036620923549451415,-0.01806183160212537
0.002828145311369745,-0.0018569065658273973
0.0029422161996338955,0.01938410135533606
0.0386527393353425,0.015564483303130223
0.006089371547592457,-0.001331730448139985
0.043971144945846655,0.019342709995515066
0.0036243656883043073,0.02610155070326647
0.006732202654335103,0.011137964576086479
0.006223686986328296,-0.001401571738270423
0.008204012679821475,0.008898006952140235
0.028186567798548272,-0.0017449839971324845
0.01694244073158812,0.01574679121057263
-0.0024266346716615853,-0.0015656177225090429
0.004969512916535372,-0.0013513651131044227
0.008531617709666144,-0.009002154322268955
-0.0004,-0.0004
-0.007521316305879565,-0.010509148998168898
0.0065796469049784435,0.01391699940693954
0.002659024032847525,0.0
0.008773968692693035,0.013140603432360135
0.02512419676831084,0.0055684430512016716
0.009545569043707682,0.003834121471573989
0.04954032102609858,-0.001396809152901808
-0.006122822545648264,-0.006876330088903112
0.022511894103412054,-0.0018263143360704335
-0.015926630379176004,-0.01880059670764242
-0.02253427662503294,-0.022242950407390934
-0.0145980971206298,-0.010735869401209132
0.010898992009353303,0.00882166790568634
0.0056101774148243555,0.006719618468388924
-0.004644716085470767,0.018567243207883416
0.002111111111111111,0.005333488688289687
0.07467380243714203,0.012730789665536386
0.030026442462082855,0.016931011626919984
0.008069071731717496,0.0018256661839611142
0.0030162383945803355,-0.0013520177211142135
0.03039047795281784,0.018684440817847616
0.01161907271778484,0.005200641171437236
0.02103602863905199,0.0014034687067838972
0.007185641504235996,-0.002148029684426119
0.004281555803294933,0.011803354954858085
0.00028149190710767064,0.007940775035689171
0.012048055924360463,0.0069194787235487085
0.011809918090546712,0.01611620525676543
0.01705606386273981,0.007574974168022192
-0.005321507947659149,-0.012641125618410073
-0.001303973894270817,-0.017150280962342838
0.016837829449199513,0.005504304289097925
0.0012994142288684386,0.0017023824040689195
0.0005603481977638201,0.02200615369094406
0.04637515115851997,-0.002765447493346781
0.012832408808834433,0.013796010697384276
0.004370099667774087,0.004368343498778282
0.004103393749609414,0.0018932183965319647
0.021612900657988186,-0.007619917252340394
0.00961011110188047,0.0013333333333333333
-0.024357777519786974,-0.03516758385476757
0.011868252340242436,0.009941879122475872
0.0225641127544434,0.0018263893792221254
0.03414379958482691,0.018667582692410197
0.015916473294810718,0.011143702752454328
0.00856206468742899,0.001983102918586789
-0.011125940614551516,-0.0119729423569446
0.010725899950615162,-0.006033871515961193
0.02396034252721361,0.0033184189260815344
0.004493535511669771,0.004404994054022109
-0.004752724225592892,-0.0014241799085116177
-0.00797748952936114,-0.007843745307481326
-0.0013036182214821413,0.003685714426486684
0.02488769775886306,0.02792938197759225
0.004904327731565804,0.0002751209459215982
0.005640130079844655,0.0017111557613752673
0.01964340772430962,0.00539631943308492
0.002613514305243628,0.002225948336613934
-0.0061229454886950144,-0.004894397125198375
0.005025322881231309,0.000425531914893617
0.01231228215319722,-0.024510810821347012
0.014801060318523676,0.012104523876801705
-0.0003508771929824561,0.021173598179683877
0.01021739695079447,0.008434772266692078
0.005445298463586317,0.013326890482655455
0.0017161271943880645,0.0015542136719978782
0.012639675532464171,0.0088745542034768
0.02927096254597606,-0.01233166633645881
0.037300581454287655,-0.002874185788388956
0.030854702466084214,-0.013943677130971756
0.021630489663386186,0.0030916563672591137
0.018081339055333878,0.0009383524277141298
-0.008712546867616947,-0.001784484729083543
-0.0067485885648976614,-0.007131619577572636
0.008627902588180806,0.002162162162162162
0.008165628371883109,-0.004404929597256964
0.017387436070238613,-0.0056277480831252915
0.0009817063973554944,0.003158737971683501
0.005791855648668189,-0.0023340048076890205
0.010089225224153484,0.002416915329656103
0.0007724764686790004,0.0023960282703205603
0.001142276666866832,-0.0009683890577507593
-0.014110670092590382,-0.02657275639810805
0.019525734658682903,0.0036241381167851756
-0.021879993093857738,-0.02344859760972671
0.01346951538129015,0.0022237872198059548
0.01175023725466182,0.005237339690964729
0.005448853515615993,0.0028711777889368333
0.0037240829346092503,0.0026451612903225807
-0.03234287391088133,-0.043209857769106394
0.018423737604545867,0.008142841033092407
0.006807866323905669,0.05958553388103422
0.0058020964873556,0.0012793832877990297
-0.0007466666388335442,0.009895175226751379
0.016779404753993504,0.00946974660998189
0.042930520414374694,0.009896082561514297
0.004251970382847317,0.004926378221539512
0.008877599702987257,0.00845995230311909
-0.007431614588353624,-0.001999769231924643
0.0021199268960909044,0.005774394142355156
0.019854427956592424,-0.000530580116995279
-0.014466250441814486,-0.017005125197746846
0.0055212877577406755,0.00890613955151711
-0.0008964839054974565,-0.002336425371841883
-0.002171773665409417,-0.007932274363618036
0.009685573699377045,-0.004308397459429777
0.018081339055333878,0.0009383524277141298
0.005430077061285477,0.03538811269974972
0.008959037646160824,0.0010012043094749861
-0.000428903463942437,0.000685072966541616
0.0006060606060606061,0.0015384615384615385
0.014561124728384792,0.010474776491764495
0.0027637631546558114,-0.0070667796554776275
-0.020924343217180508,-0.02376198887579782
0.005859424948336185,0.0014031597886783797
0.012694721981754756,0.012331087126725412
-0.024710351992184753,-0.014566605267311301
0.005905243221119112,0.0007554463459759484
-0.020133525226386662,-0.02191237642837616
0.04380850587417666,-0.00030306093154030883
0.014747516280570156,0.009150460294848978
0.013731034467661147,-0.0028690108568773885
0.016443915247084707,0.02246620055475756
0.056766866849898415,0.014837939694257014
0.006629413536481746,0.03922729544704845
0.027014970718242548,0.009975932944454891
0.02268988564368999,0.009594509219846562
-0.008739499196190537,-0.01457196431034761
-0.0008781645569620253,0.003352591101270963
0.008398349263183332,-0.005289388313301357
-0.004633867393213655,-0.005090702303603658
0.016512764590394878,0.007839640987427652
0.0058123558983460884,0.0013263157894736843
0.013367869773599543,-0.002886707446459769
0.018700382081711906,-0.00039940029985007473
0.007660002117511021,0.002869728532956927
0.0009228581221419618,-0.016649429007747393
-0.004332941051525357,0.014088694079735776
-0.003113460782049023,-0.011344276065573079
0.016039056519303638,0.016942533527729953
-0.0007565044768988724,0.01357736178579089
0.0027312020822457257,0.004666864473456107
0.0011547169811320754,0.0018566308243727597
0.011413010556611293,0.0021077771402393457
-0.013835655338846455,-0.00566888671282598
-0.0003275903033264152,0.007853870825368772
-0.02857258945512003,-0.03853736905851545
0.009689223973651104,-0.0015567841728024794
-0.009863152309471213,-0.002037936041654826
0.004424707947222524,0.008744531371640558
0.006536291444201286,-0.002092499253474863
0.005076027962737253,0.0017862050642088144
-0.004706926406926408,0.016629296162827014
0.002958487467238889,-0.0022512875891833534
0.0013725694485908018,-0.00039664590728420495
0.007387236439063832,0.0032929989348579334
0.025165667182720623,0.005707973864028557
0.0072698271175801275,0.009909759260497947
0.012442587703873447,0.03688295177928943
0.010345199193446543,0.0021044974560506967
0.017503927754915428,0.021960318792396388
0.0050809783686435505,0.026431767995051553
-0.001508062384071444,-0.004207524210621835
0.0038451799641923785,-0.000777229760826106
0.002973913043478261,0.002429897180464624
0.0010628604630877189,0.0023148541944109473
0.026704385266875432,0.0007921568627450982
0.02950093403415514,0.004371763504814097
-0.0005487350864994862,-0.004015251033421204
-0.02779557592643348,-0.006486615024878146
0.01871753788747857,-0.0005277434553963628
0.00023124152206356998,0.01775720977672269
0.0004960492742327443,0.016035506314410232
0.015927951665374467,0.010730569802781219
0.017344646382841954,-0.0005584843923913665
0.003416114833793194,0.011508092394718365
0.01676174464983688,0.006879434072446924
-0.015150446283811195,-0.02355846187706829
-0.0017422981182778443,0.0016426307118115376
0.009665774573441664,0.009302239972370934
0.01938791195792234,0.0038720239997685063
0.01579779094668488,0.0052049357088325985
0.0057702559565073995,0.019798931975052753
-0.015248451785228366,-0.017583399769982064
-0.00793019515744912,-0.024037773166789622
0.034657020686106974,0.014366730167333877
0.018834370709397343,0.03687848379609891
0.018273952584134917,0.003116491540045807
0.03010006822889312,0.013099499088361697
-0.002985582337532473,-0.0034523092617829935
-0.009081647082358995,0.01155141067516194
0.06027902346974581,0.021539475309434508
0.00447889654806211,0.0351753522176718
0.002973913043478261,0.002429897180464624
-0.019160700888059403,-0.004538847595698028
0.0015227808861567396,-0.0005411079611077011
0.010826046133072724,0.0004843350383631715
0.009646195465929812,0.002579365079365079
-0.0009391124871001032,0.008842736295452023
0.005814240166809416,-0.0003715056385965266
0.027680271897231056,0.00018706613080014616
0.016125913082371934,-0.0018945796422631775
0.005791590139568685,0.005713945455343962
0.008774058812216554,0.0054542493898523895
0.041087783665658274,0.003184788188239638
0.047647953621762204,0.04662031813053135
0.0036608936003672847,-0.002191125335862178
0.006158857530228066,0.004735812231728747
0.006442504552395919,0.006776548982913109
0.03323067375830531,0.017544987332928117
0.014937617061792361,0.005312365232462075
0.012777387437218554,-0.000351555800100066
0.019529978974231522,0.0036910850651546943
0.0026465522127867448,0.0025760662786403965
0.02587559392189737,0.006349809637613713
-0.0003508771929824561,0.021173598179683877
0.014288677429894904,0.005682880017653186
0.006984182644672702,0.0016290752043818752
0.00040220719086942955,-0.0016266835299608377
0.004600636707611964,-0.0043110100800398225
0.022109796802368048,0.015917755056769727
-0.012519013642395176,-0.013713408694338786
0.00300463753844895,0.0
0.042278714651889676,0.015983165227996022
0.00117249000943042,-0.008152093194520494
0.015128378003621875,0.005697039696549062
-0.0028746784245439923,-0.011072371918470363
0.0037426633697930914,0.004145996755246628
0.0097309091394338,0.0021952066700129044
0.0038582489906531727,0.0031114528746107695
-0.03045319273640168,-0.02516565315895338
0.006377870535453711,-0.003317250067788439
-0.010962174260647385,-0.0201092345158318
-0.019638260643451335,-0.02435860721483417
0.010472728182962365,0.004416783977549959
0.005984819832206863,0.002571376171418308
0.0020175953079178883,0.0063779506588246505
0.03755831941051354,0.005900069269723703
-0.012423966318300204,-0.01298432112452177
0.01810006092395456,0.003081024356997251
0.013392026497172674,0.017546632335642867
-0.014704874115597469,-0.017416518541470024
-0.013065167247182683,-0.011064667587150176
-0.0021192171249379485,0.0036271309457409006
0.014216367279197905,0.0006798913290299785
0.020883153449104463,0.004554317001248528
0.008124221336293617,0.0006481481481481481
-0.0014193029193029195,0.002846755963601122
-0.012792965927655168,-0.011770283014003237
-0.008918561707860989,-0.019654263967793337
0.006662506940372088,0.0016075795909761756
-0.010066013268809227,-0.003913689334776449
-0.0026720739573605013,-0.004281727936436738
0.00767818400878874,0.025087295133828867
0.005385936243129826,-0.006792100871115545
-0.020556809866013256,-0.030364159169457238
0.004578953887694951,0.005393983139140525
0.0007745472745472747,0.0011
0.008365643031352628,0.004447068896051572
0.006870639083518493,-0.000818406763422091
0.005219902503588491,-0.00034232706730334857
0.0017429248373861885,0.000615995498754119
0.008584322594498574,0.005532089448646429
-0.00969829001321732,-0.020273024450184605
0.0008836645023821759,-0.004284665533594919
-0.002948253028291735,-0.008554789195578096
-0.0010358964282915326,-0.0015289839691905093
-0.018311165263682004,-0.026482501527162892
0.00664906528709289,0.00043478260869565214
0.0023374431313919145,0.0086223968370801
-0.002155238491104752,0.0011244549485386244
0.015950598557046877,-0.00486532366253059
0.03402969265675898,0.006467649859810923
0.037467807812471714,0.0017056545938533515
0.006264938226251727,0.01055945948211285
0.004198867847534271,0.013498942257796506
0.015765500401461158,0.024517615882029095
0.006428641819756342,0.0029342731384705296
0.008789766634345421,0.008127047261944145
-0.006774944274120982,-0.009258028479777409
0.02578329169175905,0.0010653204272000703
0.023584818137617033,0.0027805154306822827
0.0008073163179546157,0.00706865951545403
0.016337196781121402,0.013135800035519795
0.008101184555271028,-0.0011565483635605587
0.04229062751646375,0.0001599360255897641
0.015120492100355694,0.008032172602219043
0.011482358254544333,0.013119846426349216
0.007414864947259313,-0.0015252146760343483
0.0012715055136107766,0.013209545851477912
0.002202380952380952,0.0
0.006968319625635986,-0.01179864795693705
0.0008307797071842016,0.004738721362956369
0.011113150494370783,0.003766586798130963
0.0022884012539184954,0.000425531914893617
0.0016551712025582917,-0.007423525628748996
-0.0019484542925109379,-0.0040412638739706404
0.0013027733452051623,-0.004520024210621835
7.527959146437849e-06,-0.005911124325715807
0.026850085682917482,0.0027758284380364163
0.003550357607260946,-0.006370938426080182
0.0022853402937091315,0.0004555429864253396
-0.0026569997778414954,-0.003533192611216079
0.009227162609564453,0.005629848295032995
0.004974763239927158,0.009247643417547384
0.015741886539982184,0.006578665772657813
-0.0026811104731642717,0.0024326090109111644
-0.025100787283091175,-0.028635495467159412
-0.002196850473981821,0.010342460733166747
0.003267916808528856,0.007549127400470104
0.008364469050537985,0.00970896522414185
0.042960997944710436,0.018604755996774656
0.004253365351206307,-0.000863970588235294
-0.0026661554840300104,-0.012807563687617986
0.03471047918011501,0.0013286280647425443
0.012611045508348033,0.0004679060898390257
0.005413263804583747,-0.0003846153846153846
0.03443741445437266,-0.0011412574405120293
0.016563116517740638,0.008590213394862753
-0.023559819886611707,-0.029906727277864035
0.030638871996756408,0.040890409452996684
0.0008035153797865661,0.0036339005213845226
0.0013231855408639011,0.013555104120201339
0.012462609410853587,0.0006451612903225806
0.008994787556225691,0.036887025587256796
-0.0032346974081609997,0.0021973049180417383
0.023053868067133866,0.0025969471590283045
0.002051020408163265,0.001497491912325979
0.01703408589919162,0.0055971538427006815
0.009299018844581284,0.013569013051822147
-0.005284421602178202,-0.0012907793314015387
0.011546044208498517,0.0068238997735154475
-0.004372388067166579,-0.008502820149660697
-0.0022385751052705323,0.0035314951846149877
0.002202380952380952,0.0
0.046840687802644415,0.01945618146965233
0.025949939314883857,0.027895879914856928
0.008348231681681589,-0.0012472729940452782
-0.004774879141847361,-0.007279340734210006
0.006377105411482444,-0.0034284195921358753
0.017128351352800525,-0.007095219279499253
0.005900614389490478,0.012590186619962685
0.0028980711112786576,0.0016488891648794562
-0.0014702917879741654,-0.0062177844903347395
0.0061672030848441165,0.01089473193195625
0.0012899462110425564,0.008172199669074202
0.012287914610444732,0.007328044485039063
0.015353820757285403,-0.009831848053620772
0.000724801930988255,-0.0038864653692538566
0.04303344501675958,-0.0005655193805071306
0.011556203349486878,0.028090002636479927
-0.0022927167969447482,-0.0051106175981662115
0.006482756140534609,0.000625
0.04144768140167081,0.007332482520411433
0.00927877539968945,0.006731507012500061
0.009088612832862358,0.00875541988941451
0.0009814814814814814,0.0009285714285714286
-0.011555129347081396,-0.016747307539259588
0.0006126361870906157,0.0026426409751670534
0.03897687807602759,0.02831957215468444
0.000586472602739726,0.0012957157784743991
0.00589281348740485,0.003807598390490631
-0.005566753064258339,0.017825088014670042
0.03311469257271189,-0.016453528968568776
0.006321081351664724,-0.00704960064525681
-0.012637530558868692,-0.0006276878236691277
0.009737814755692922,0.015892904716465414
0.017788371317111386,-0.0037238359199396674
-0.016732009301650922,-0.015188746890303403
-0.002961654703882908,-0.005879398772535227
-0.0011220238095238093,0.007239224372603672
-0.018092412838302433,-0.02866785859018129
0.009689415381337267,-0.006973898458308696
-0.03234287391088133,-0.043209857769106394
-0.003959410337529421,-0.0019694756168516687
-0.008351680921267604,-0.008636375562980511
0.005598964296520154,-0.02189823407686971
0.006322359922684702,0.009134192480279222
5.1643192488262885e-05,0.012290051470839046
0.04073240983909567,0.01245852612495451
0.017153280507845783,-0.00029850746268656717
0.016396961277451418,0.0014892015573019684
0.028153143365565125,0.0038484493036327547
-0.01585239462232579,-0.033142309314458045
5.50016665762322e-05,0.0006586066144750075
-0.00036450443452897344,-0.009155602677159133
0.005724639897468072,-0.007572508796708946
-0.0008271750010880447,-0.002308656482569526
8.571428571428575e-05,0.009886110123144136
0.000586472602739726,0.0012957157784743991
0.006848877192304314,0.010139578480131518
0.015289726315971516,0.0005520341942714174
-0.0017996879008175008,-0.0016433660617370409
0.016746490111508725,0.007511458273205775
0.004874335104974068,-0.010982334347521413
0.0027950088655913164,0.004127378683558529
0.010130037054003265,0.006304880917483909
0.0057227358491980665,0.0007241968130767161
0.006143608401308191,0.0046855695733884935
0.009338822633220613,0.008586740095967752
-0.0026164311878597597,-0.0028545767597819276
0.003882879966506563,0.000991098757452128
0.013225259508982554,0.01277293418402977
0.007002496639920993,-0.0008421873534102638
0.01400238206904068,0.014755357228234532
0.0324796862975663,0.005973237394432304
0.014447722077022345,0.012905466336718081
0.0016771557182884175,0.009137993511164885
0.010193283739276946,0.0033453801280322387
0.003273619788346296,0.002788020558395574
0.025364032639359088,-0.0028221096245767225
0.007010571316252814,0.024698995877460467
0.01605254512788193,0.0025288126488834627
0.00809408253998727,0.0014079803924722852
0.03305791173455878,0.00032183014939825456
0.0024955229955229957,0.0022000995520159283
-0.0036271070573511525,-0.012973589631363584
0.003319602008371277,0.015129247836468252
0.008145464196213151,-0.012246122763618944
0.017488903995158844,-0.002005445095289168
-0.009057813443875198,-0.010226033213901895
0.04955714446616516,0.014518602992965908
0.004924242424242424,0.0
-0.011895415041145796,-0.021474489622823553
0.00859989757925984,0.01792511758452434
0.004563023621539108,0.020565159638123658
0.036241378282156976,0.003990346907993967
0.039213167090795226,0.004825957250756543
0.012160933092597002,0.005654582594205235
0.009703269952693713,0.002954300881120901
-0.0011857375583780123,0.00380103803622555
0.0024772460803648057,0.000989526446864404
0.007977227964642307,-0.016443895831033915
-0.0036057066109871517,0.002631290580310544
0.0014893134923850866,-0.0025709411869594932
0.006760477755740787,0.0431670684924019
0.028386270321724267,0.008335743443877594
0.00982767427830681,-0.00996024015310106
0.008168162744057482,0.022954181507869608
0.0035931732210720746,0.003026186552611822
0.00570215965362578,0.006062485285486054
0.007656968794459126,0.003743514994741224
0.00837210262455502,0.006026974042605
0.02559049785042563,0.002663824745351839
0.0061762701318150235,0.024685527606304002
0.02106267723200534,0.000588235294117647
0.002111111111111111,0.005333488688289687
0.0067417560694871615,0.0027835847726791884
0.014750067388439678,-0.0026957827150244995
0.0013356465197718252,0.001227742391623161
-0.0027490836871161915,0.006520517053915133
-0.0007152542026169139,0.002329036951762564
0.02220169558341617,0.01720286388528236
0.0026980768920647057,0.0007166228174400784
0.0010350877192982456,0.017679950644138888
0.0070105876958737835,0.013527560242017619
0.01182777866824456,-1.0928961748633858e-05
0.008079454539833221,0.013561286900178297
0.0038930725055740883,0.002343574783954422
0.00037222906283266265,-0.00041614676173499674
0.010045707540149468,0.01314401539641119
0.01716194488107241,-0.0004484040104784019
-0.0008695652173913043,0.01503993760768729
0.007274079792786562,0.04252040909579607
0.001536140837078124,-0.008123799401759401
0.0003649650803729757,-0.0049761488646620266
-0.018784658434082297,-0.014696389672666278
0.007192412562809763,-0.0019094466125092885
0.01601935919715197,0.0010315925209542231
0.0022562271042562447,0.018518898539391038
0.0134411964191858,-0.01608832070761948
0.010725899950615162,-0.006033871515961193
0.006757675501347234,0.021648518852943745
0.0032596686632592855,-7.178249467111207e-05
0.031065403911010574,0.03469160155852606
0.011922383760343689,-0.00530848141052609
0.008875320746234755,0.0006768856346974243
0.012585399410028258,-0.001291794382116962
0.0005,0.0021081944969637656
0.032921745671617514,0.0191096461147417
-0.03191257860857221,-0.02851965620058819
0.01871590467005638,-0.011035969432552098
0.015603711821603486,0.021028444985701653
0.009160842911837717,0.05268808242484637
0.0034859584859584856,0.0363167253450257
0.023593688415182456,0.0089416653550082
0.02276423039457173,0.006486464655811249
0.028162443277551616,0.062050937939973794
-0.006800424797811556,0.002307178598519914
0.002933569887789198,0.008629878538812814
0.003668628000292581,0.0032232887490165224
0.009404039023738368,0.006518414559985374
0.006772312373834886,0.0054002466958777
0.013039700415734793,0.001794902896106227
0.012122632298320123,0.009099027871755754
0.023651824140013232,0.005974310399855064
0.0037240829346092503,0.0026451612903225807
0.009564962077034356,0.0021744324970131416
0.017716012936774918,0.00921945048895563
0.02579256695875838,0.008551679397491114
0.040431256791288596,0.0014959517356542573
0.0032350877192982453,0.010155986338163739
0.0023492812985929385,0.000689655172413793
0.001821048482459598,0.022228948787004384
0.012640875311065622,0.015977521465383913
-0.015625904154080578,-0.012188803113302477
0.003985362183148889,0.00017319216543354443
0.017372592280409705,0.0077868185396016585
0.019131266673623634,0.004472872983511282
0.014288677429894904,0.005682880017653186
0.022783960092917756,0.06988940409237286
0.01336707151253156,0.00015528262438295817
0.003191093416320675,0.0031741556782981482
0.017215743696452658,0.007725690588388822
0.005690804321561874,0.010629923137694274
0.006174964198938388,0.00516931301014922
-0.0006570757665617048,-0.008000905136146952
0.001267403455645768,0.00419942115541801
0.04497236659985024,0.009775786644966582
0.0071979144744845555,0.005688333200753001
0.015700204815829875,0.004589569160997733
-0.0049738424735102475,-0.008872125262349938
0.010219297148468894,0.002566729917773561
-0.006607292842849369,-0.014304109681798438
0.06105587022360903,0.007911873834644352
0.026568761827315334,0.007047659885890052
0.0036314181862164424,-0.015196146699621391
0.008729530834576872,0.004033808970742769
0.030999557027197387,0.024268947770758657
-0.007873410356611184,-0.005317415614008593
-0.001294708545101655,-0.005231618819199858
0.019622383374633304,-0.010209879085038714
0.012451337238865665,0.0094760851477579
0.004241356022329121,-0.005158693244556582
0.008149671626508335,0.001249288281124822
-0.0046695149623782375,-0.008319076739251524
0.008204012679821475,0.006253228110370967
-0.00927973671846398,-0.010956986537368776
0.018860635677058934,-0.0007881799655444577
-0.020342332946114632,-0.01716102111123441
-0.007496263225909587,-0.007964537805510688
-0.0026305728041287144,0.0022686210406838523
-0.0008695652173913043,0.01503993760768729
0.018557293718281718,-0.0018277143553059882
-0.001255562377079405,0.005831697943251187
0.0206724827961221,0.004805303330276123
0.011515533521270634,-0.0009090909090909091
0.0036302249522063776,0.00028640787104929587
0.015624430152711493,0.027800881300256243
-0.03622557799592759,-0.035217296508660255
0.0007879214760507583,-0.021568463924722055
-0.00579094535241308,-0.0013183539321377433
0.02249986606874814,0.009302088116365228
0.0034592494876734313,0.0013049322730102073
-0.03422319114879953,-0.032876838249481295
-0.012680609840652793,0.009509174638445795
-0.0040780959320056666,0.009829396824622203
-0.02101243607844227,-0.018627597355039778
-0.00568183671560035,-0.004731514758831616
0.0043891378322229386,0.004069341785999804
0.01384090748241954,0.005530841268343002
-0.01216803723612592,-0.004497990309858296
0.002579634982248116,0.002728345648604269
0.008913366180221573,0.0013333333333333333
-0.005166732623273558,-0.019245070706704066
0.025225868116082475,0.01077209655462153
0.010461150718317005,-0.0035425850684558426
0.017515264360710343,0.01314599980343102
0.017839507681744214,-0.006051213941553632
0.01028476338242913,0.0011121660533224159
0.007471386642506613,0.014790512246731917
-0.0018115452557729674,0.003980140329997383
-0.002967982550933137,-0.01813697626894669
-0.003482607562212825,-0.005380124459729722
0.012487888572061963,0.0030246556398230593
0.025851109231086966,0.020095667161225503
-0.020309243880586806,-0.013135478625500878
0.0014955229955229954,0.0007285622179239201
-0.003097837243762652,0.004023953386075354
0.025069028381558753,-0.003332286206018457
-0.0008143016403885969,0.0030656105748649376
0.03704150420264347,0.02259006005160724
0.01691120279951758,0.00754663164890667
0.0014603785661517986,0.0002975580533312863
0.012310486782679833,0.002550576059511574
-0.014678798661736318,-0.006234400884842204
0.004803572364941609,-0.0016938036763439277
-5.019812761311582e-05,4.7435397616720984e-05
0.0073144416169721735,0.002237623203140444
0.0014434697891133426,-0.0011020503020856367
0.0035664983604297594,0.010350154357588105
0.006522967624572578,0.0024016575384452196
-0.002342155998831345,-0.004994229134197459
-0.00026569614711175523,-0.002772045725037718
0.027352631236319383,-0.0010430784607696154
0.00021026592455163865,0.01367206180670766
0.004595739206571344,0.006929115308581611
0.014698654282105886,0.020676817042184235
-0.0022821844594074414,-3.0362310548068955e-06
0.01053151628204355,0.0072609368466522665
0.02465415285354553,0.0039044482797679727
0.0,0.022082180050989133
-0.0015221719229485875,-0.0010123379437729898
0.02854724914994778,0.007255642357953283
0.023584818137617033,0.0027805154306822827
0.004175147867269478,-0.0003076923076923077
0.0022200562452532532,0.0011047876107935766
0.002579634982248116,0.002728345648604269
-0.00260823839264556,-0.0016936047919654472
0.0022374087258307165,-0.004641293918319286
-0.002171773665409417,-0.007932274363618036
0.0013631868131868132,0.00472973140907708
0.006848877192304314,0.010139578480131518
0.001978085198321965,0.004199267367727063
-0.022431075846909558,-0.02061805993684615
0.0007440060613691894,0.003341891697390419
0.004292180316154508,0.011992930850550736
0.014713960749265627,-0.015211246801133815
0.0019381250488649908,0.016148542344733882
0.010412197221517521,0.0
0.002694985644137615,0.004227577527444843
0.0010484330484330485,0.01071948042974154
0.0027052785303504846,0.015307094931846192
-0.0010358964282915326,-0.0015289839691905093
-0.0010638687068725804,0.0018785768884240876
0.006284582687727144,-0.00038720110762844543
0.002659024032847525,0.0
-0.005755343842739749,-0.0050289011499706085
-0.011479296257670434,-0.016089787791050584
-0.0038942414710071427,0.011222569098556784
0.0007846951056415807,-0.0019809209072739493
-0.004460234284931969,-0.00015113589711017623
0.01581331843751321,0.04639362186309877
0.0023161300194548275,0.00422281318192796
0.005025322881231309,0.000425531914893617
0.002145993086590631,0.018225283983883664
0.00777708508470759,0.015316691494863376
0.02959934901657279,0.02000846566945833
0.001506014225350013,-0.0019962416971892267
0.005412003627258213,-0.006369358532262429
0.015410190553038251,0.00045068050386228974
0.007242409320340693,0.0028954071223617726
0.0012675374939525883,0.005738696331518381
-0.01957794494173224,-0.01995227987977575
0.006279707856766126,0.0037809158814961514
-0.000875004077013596,-0.0013774843889840373
0.01474110331496771,-0.0033925749205215476
0.008443108038068527,0.014658676382250192
-0.011916637985223895,-0.01480381629395237
0.049609603680421985,0.008215702412669007
0.003599772064735722,0.0022751624933959437
0.026748364961745694,-0.0018914792007442022
0.001845667916659001,-0.002469167694146973
0.010459298608664276,-0.0005838536530243838
0.02242876971511222,0.01935262108016652
0.0003836551745174926,0.0018183238195526082
-0.021271129922567272,-0.026198270755489708
0.00023124152206356998,0.01775720977672269
-0.013805245220579375,0.0017502506149169768
-0.00771834557074385,-0.01255554326036036
0.0027052785303504846,0.015307094931846192
0.010700723497533812,-0.00017746452224160804
0.003351758701458339,0.009220502535105134
0.0020238240653051185,0.01127469274912249
0.011789748656407206,-0.0017647058823529412
0.01719617456035854,0.03659133602310234
0.02253009538884847,0.00021365058454505138
0.0344356019179733,0.004375907887638574
0.010617470665756773,-0.0015306196816519983
-0.005074569387369606,0.014831445619891297
0.005096257428800364,0.009963445338102499
-0.007050941286708062,-0.006014167573179445
0.010509328509180241,-0.010724072575312374
-0.0019841287135774588,0.007278740632937045
0.002195620889316957,0.0015952529437695752
0.00211537550436561,0.047388997259597374
0.008617717933488206,0.0006735819291311282
0.015364300621797704,-0.00978983156717703
0.014568858845513679,0.00765497502792243
0.012564271690769397,0.0021500000000000004
0.017926778265621644,0.007832226650748597
-0.014229617063832665,-0.012921815509051967
0.007900144516756186,-0.008155362715358072
0.0031856278648474128,-0.0007652974642105076
0.0021635731597577394,0.010630010818843186
0.005174439199416898,0.0033073929815996186
0.012821739637925244,0.008695894075534597
-0.006450698976492367,-0.009934395475745284
0.00549389938860869,0.001502404800133984
0.0006126361870906157,0.0026426409751670534
0.002901612253649037,-0.004005832120523358
0.032865487792360266,0.006200502918490723
-0.024710351992184753,-0.014566605267311301
0.005525073590810657,0.01030084466100797
0.01672474516687304,0.012102876163471336
0.023256937090657404,0.0013775302138510394
0.015673102671532955,-0.004734829411915538
-0.004743856872980802,-0.012240845013130976
0.009127809409486272,0.003951347997010395
0.009026865111568645,0.006904664215651383
0.003827112865087824,0.003961336408567868
0.016407823752516267,0.0016130240917474957
0.0010693528693528696,0.0026016105872454856
0.006789165983520196,0.0017796738594614244
0.01880015673092131,0.010028115333682246
0.027720156798103142,0.04192936991090043
0.02976371780793088,0.013429300693043811
0.033624841177653346,0.013022379094125094
-0.009202505082992888,-0.006265283240507888
-0.00016215648700713438,0.003638527893393931
-0.00422321244587116,-0.001048508816042482
-0.0029427715142000856,-0.0048274354613640335
0.017993185636766117,0.02669241071574855
0.0026569576861835403,0.015241011735373084
0.02869103919774544,0.000689655172413793
0.0013992516827921295,0.00756996213742918
-0.0037843345516224494,0.01915071982232667
0.009642744098961948,-0.0032391045535175096
-0.007224985167547849,-0.005946269468932275
0.013297591592427924,0.0018865042469153063
-0.0031929565606458182,-0.004833579378687992
0.020347711273539827,0.0059939795028902286
0.005241756715546952,0.002291970235666686
0.015827575809105654,0.03278227857133592
0.06063932376858497,0.026564574778896878
0.015348767448063383,0.0046622002330240315
0.012863010493616866,-0.007311562887349689
0.030511557500680537,0.001420544152495077
0.0036978505867408347,0.001262417509376632
-0.016660498263223213,-0.02410058406788431
0.016313113642481045,0.00541533167378309
0.00373478559660122,0.004921751459754557
-0.005755343842739749,-0.0050289011499706085
0.005576054741250398,0.015538014953427928
-0.00040537062457103633,0.007478715931216029
0.0037240829346092503,0.0026451612903225807
-0.007286232502016091,-0.008031682660387935
0.014654724097555477,0.03483411191336395
-0.036768344250096285,-0.032685504598346696
-0.006450698976492367,-0.009934395475745284
0.0011547169811320754,0.000967741935483871
0.015223011199519132,0.0032959735196577303
0.005295326726767117,0.007527643768070567
-0.008980362296473792,-0.008537739870948986
-0.0017850504001774778,-0.0017730632272160603
0.01663579609058664,0.0036589364344125014
0.0015789473684210526,0.03167295450933123
-0.0009734216016469626,0.004079388344596502
-0.0008271797818157505,0.01665382118510327
-0.0009113163417140482,-0.0028529949228483908
0.0037903210047477787,0.02426789682905443
0.007457586023872566,0.002461460717009916
-0.007017951623372201,-0.008471336475499603
0.02148573587213712,-0.0033107440860417935
0.05473201786500897,0.005746132343245494
0.047519510091749935,0.0187789967480547
-0.00846353531564539,0.010517390545987382
0.0029138692813952417,0.0006557377049180328
0.00767818400878874,0.025087295133828867
0.009697751884656073,0.010420291109154666
0.004697818499795316,0.019243476609684583
0.015345841331396914,0.01914012234795362
0.001296941624343871,0.0013072818251939416
0.018112533557125624,0.005599882020987527
0.01765443620582306,0.01585921029884342
0.0021950461033652885,0.021805058434341273
0.0272104289339858,0.011120529839541933
0.023053868067133866,0.0025969471590283045
-0.00755529093430752,-0.0003377057318546938
0.0069752787723721486,0.0016710396947685086
0.004553106769906787,0.0005040964011836999
0.014991052934594608,0.01690668907508426
0.00372520438414081,0.007443029457586844
-0.014660120041706562,-0.013789615623173957
0.004681593639883476,0.00867895144970974
-0.005284421602178202,-0.0012907793314015387
0.016260182424341553,0.00767214870729978
0.007823119461172142,-0.0006339001286904066
0.0017344762481263693,0.0005337561374795418
0.03388254535634509,0.002371192769424461
0.006199365202968367,0.004681427603589202
0.04145882120059033,0.0067441921772278535
0.0129534705274822,-0.004087175745886153
0.0005858726027358381,-0.012084623993192415
-0.02461835870143731,-0.02859838441900996
0.00041101941101941066,0.0007264337051571092
-0.0010665383174546413,0.0006931417769764838
-0.001148028317807465,-0.005937748059572021
0.014966957859882253,0.014052580162008657
0.0004761904761904762,0.0069232950443100134
0.014742697776486279,0.014562173566063995
0.008303464832426334,0.011955988456131885
-0.026034802221330984,-0.01917960701855498
0.00871800882383608,0.007888688839713266
0.002202380952380952,0.0
0.00540063772027402,0.0
0.0072982376130074095,-0.0010664504429014634
0.00015997414101088245,0.0031603743952749682
-0.025808091172168535,-0.032434429799860665
0.03227906127274829,0.007443185911396202
0.015916473294810718,0.011143702752454328
0.006135980498433415,0.02971172282491911
0.018150412756446396,0.002844515701274693
0.002755131420965499,0.012033981408469903
-0.006249596182148643,-0.007066457801989984
0.027944610013783004,-0.0013134062884285899
0.005563114898807517,0.006813631656010434
-0.005917442512299298,-0.00956078627361558
0.025027792235252186,-0.0005386993567908392
0.008866924455218098,0.018635770790209054
0.0016509364940005854,0.00014874915483434751
-0.0038692598185575927,-0.0046993953445830395
-0.0005702544685435599,-0.004527626953743962
0.017549419775055607,0.007832226650748597
0.029891368575309062,0.00817980395337522
0.011175434673438213,-0.001196969696969697
0.006337984484554495,0.009773210732887823
0.016925212883588225,0.0069970781807009805
-0.0010098666858983987,-0.009301954403627645
0.004924242424242424,0.0
0.027346303057713135,0.05040809138723943
0.008249880846133211,0.009735357160597004
0.00023653504867097216,-0.0037841624753168985
0.030618917572409646,0.01270992370924652
0.00743754955845004,0.008881301811188593
0.004682066457770148,0.0002094747675000972
0.032887027559383955,-0.0019452830684170263
-0.02779557592643348,-0.006486615024878146
0.0020205581157194054,0.009554415909042548
0.007794220093030195,0.01915448180281838
0.02753370592976975,0.008052466755619742
-0.02779557592643348,-0.006486615024878146
-0.008136964118489142,-0.011755986758144762
-0.004407187792011673,-0.0016489522232787926
0.011424821011615967,0.008541334130807137
0.002301077516194388,-0.004567788831076254
0.0004861597086350828,-0.004333946410513222
0.008086713551937751,0.00554607843137255
0.015404869808138237,0.012135924028460027
0.008238956077355641,0.0012529297986119013
0.03443731060287766,0.010625763585488852
0.008315213664351354,0.02840520176243851
0.018072254485377203,0.0038395179524680044
-0.013876505333692883,-0.027695739922356306
0.02334765417521494,0.003439723107221565
0.02486451872983317,0.03347054878461412
0.006886979548829776,-0.00204969593392592
0.0001496749643253529,0.008653182933431211
0.0030478474930087838,0.009040522986297575
0.005450269494107727,-0.00043478260869565214
0.0093302147366483,0.004549287964627804
-0.01066120085752882,-0.012967847277300609
0.004252031443207915,0.0014104047431724336
0.0010014571787380034,-0.004444020688362307
-0.03386086671041392,-0.03421642971685912
-0.003079865493176034,-0.0011262950268183577
0.0024351121816333678,-0.014721995037768219
-0.0038318058392983645,-0.001250672675117658
0.003980597953078894,-0.0074005272778402955
0.017031842089680154,0.007863195765647984
-0.013114058632143311,0.004128801951250406
0.03536452774852245,-0.0010189256236077487
-0.002391636391581518,-0.013688448142627102
-0.0051285998737649035,-0.005529026722617592
0.0008307780930659567,-0.008263676657422924
0.004390181247324104,0.010210315829404577
0.005028935518791209,0.034674878985748454
-0.015831893515508722,-0.021209736114611886
-0.024710351992184753,-0.014566605267311301
0.007350140672588915,-0.002817577285214432
-0.02293612018205512,-0.017076124140121537
0.01102778105448903,0.008024645065060272
0.0029590480689083176,0.02165293572984702
0.0036192494271190135,0.010987142987946466
0.009975802571390805,0.0044370989500766
0.0016065994223888962,0.0007268170426065163
0.0022438431529073315,-0.004539341303348043
0.0016418136485320829,-0.005746547444461094
-0.00021749777596466544,-0.0020050838252004314
0.00735264852032996,0.0013570275705969206
0.00470007637214364,0.0011858974358974358
0.009136057361352073,0.005594011773905768
0.001668148207603014,-0.0010855614973262029
0.0017151015926329335,0.0034823804573804575
0.003848072432739497,0.024756009935587915
0.028748479871942508,0.0030410183222115673
0.003972155370571032,0.008335307008432798
0.005126165149615635,0.005528232702553647
0.011626408750472392,0.0010309480446838847
0.004600835926653822,0.0034071043761393703
-0.01070026289426074,-0.011186792182704419
-0.008614327698995287,-0.009621777869168638
0.007315242040061507,0.007115333226909228
0.006991704322517863,0.006870119472660896
0.01075020340809953,0.003273508480627141
0.005767718633305722,0.0017796738594614244
0.008368815196928682,0.0030879953379953384
-0.0404700397656116,-0.03770467623625452
0.029811636300242497,0.0066468560764418785
0.03658073170765777,0.0014947600661886376
0.022198569148032875,0.005370479480242205
-0.0033220198427339814,0.014592504535748974
-0.01802271859342739,-0.021449687983996376
0.014953689627974096,0.0013699263727735885
-0.024425493756407044,-0.03002029827116486
0.018153019401708048,0.00867458171501293
0.0,0.001565349544072948
0.026666513881643785,0.003831017329458222
0.0013286740071269086,0.0068047982129515565
0.004249620449438945,0.003408631127095751
-0.001984260599299633,-0.006470572300164753
0.004714417018906337,0.001217170281955766
0.0051187912004557815,-0.000888888888888889
0.004289046110628043,0.01093710386799394
0.0020901790033865503,0.017021616302278407
-0.0013990693733750654,-0.0018162191329372575
0.020583397681076646,0.016184682033366246
0.006939653410241645,0.0027835847726791884
0.004454783442507422,0.011400528466339951
0.009360628156233858,0.003917055436907274
-0.001600764525228034,0.009513147526187921
0.011695304057117127,-0.011160456740730792
0.0,0.0023062388591800357
0.0029958746302240057,0.010437583593613776
0.020517176257361734,0.0
0.018569957171750747,-0.00044444444444444447
-0.0038942414710071427,0.011222569098556784
0.00826847587123846,-0.0027458619294770496
0.003409530432152345,0.004562838057999348
0.004502895945623456,0.013332493754070916
0.008092378025638438,0.009626470021206862
0.04496224932721338,0.019492822132167496
0.006199584406821247,0.0021496084258151803
0.02855659835459381,-0.004507693311582692
-0.006543608853045823,-0.009230702009799452
0.006848877192304314,0.010139578480131518
-0.0008295313672572148,0.021261306199030213
0.015305795771567727,0.0017647058823529412
-0.00044427925744841773,-0.0006357487723500622
-0.011194380244953608,-0.00147311669561824
-0.005074569387369606,0.014831445619891297
-0.00011701363036267787,0.004079801935590259
0.01455234900247572,0.004272183245373072
-0.007489011523444672,-0.014336467105907037
0.0004149293688767374,0.001976659413730352
0.0065921919530722356,-0.003782905951791592
0.030438164875038753,-0.0036188561345336257
0.0005503833892064047,-0.0031313351431995497
0.005329867927039975,-0.007579285815696144
0.007030008751441295,0.004174038267463813
0.019720312928773957,-0.00307765851333358
0.002278826163437146,0.008848509422339071
0.006760477755740787,0.0431670684924019
0.043239905614807714,0.001558266314556881
-0.01454423736590976,-0.014030823859260046
0.0030897746226560977,0.0057075819166027214
-0.007040038588848783,0.011609007163329976
-0.0019811750015440513,-0.012861082444277812
0.01634426163049288,0.00020116706538430857
0.004175147867269478,-0.0003076923076923077
-0.004732823415773749,0.017144471099059946
0.009882745899989285,0.004954121904166508
0.002917516066183668,0.016594453881306138
0.014618930049913489,0.04141917954744593
0.006992549585167825,0.0031258487255547054
0.03130979925245411,0.0006804315664052831
0.014123024552491729,0.028475553364409968
0.020081090840503954,0.02343469560507996
-0.01465130750583762,-0.004792314705779711
0.004941189564718977,0.0033849998964355556
-0.015272311825823637,-0.020537347964504668
-1.934341903891447e-05,-0.008525980236505394
0.004924242424242424,0.0
0.026500265885324018,0.009504756345310549
0.0037758826710439617,0.003852195706657949
0.0142815658270728,0.006271818229013007
0.014820833276437883,0.009901287225014366
0.010457327354759523,-0.010459331830012745
0.005814722962465781,0.014084762053567568
0.004721872062653393,0.009729575356936998
0.0077398943320987615,0.010852529434905212
0.004149946547847979,0.01953259482087479
0.007390322604453544,-0.006098843007491868
0.03423773063667126,0.0016958179507353386
0.0005,0.0021081944969637656
0.00918687104873266,0.023669515186850287
0.0017222799722799724,-0.000833198436331321
0.0011366300366300367,0.00033898305084745765
0.004949274929234969,-0.0016215855206037529
0.021776849857493927,-0.0017591896950785281
-0.0014295619525241552,0.004710754639120691
0.02060028299364543,0.012177795894986163
0.00021962937542896363,0.004273973507930924
0.002105403794390573,0.042640644193576153
0.023227375902940627,0.019434069517550265
0.017402713781191775,0.010217726124717833
0.013945291134249898,0.0011894552006952962
9.732151723149639e-05,-0.002720579283989967
0.0047606028311910666,-0.00018859401468097122
0.026947325635422112,0.015793909467576556
0.015642294670609944,0.012821111600357076
-0.017570628690795898,-0.019267108760085666
0.0043379286654682755,0.000710207404646202
0.005582385274781422,0.027085572445250485
0.0011656244989578322,0.006919374460928816
-0.010027289254116462,-0.00815598645900735
0.007976014502620955,-0.011675770468655994
0.0061657911127742165,-0.002038888700572841
0.0035925150591229493,0.003450608928988425
0.01813493026800288,0.001249993130006192
0.02770955157280674,0.022023227571654595
-0.0005861046654935904,-0.0006214329918037545
0.009870084847237663,0.003116883116883117
0.0059950721859903236,0.010901932013852877
0.0006060606060606061,0.004375084999320006
0.002252099450201917,0.005135409961137735
-0.026644352174915804,-0.027896102985227378
0.0024789652703186534,0.008960177790149584
-0.0034323145840877136,0.01316304385509783
0.013295569749414784,0.004833762582977342
0.030288519725730705,0.003595416331185825
-0.0005708550821839249,0.008004384050453476
0.012283144485469896,0.0017122598898944962
-0.00044444444444444447,-4.4444444444444447e-05
-0.0018283031438285826,-0.0019065113515210497
0.006143608401308191,0.0046855695733884935
0.006186965365131659,0.013079655409088729
0.007394538874990508,0.014654367957106689
0.004613185767838756,0.009484712404784322
0.004401901212295981,0.0
-0.004845518052010162,0.008481660825340763
0.0032061421614549717,0.015009474690546422
0.012011257442942144,0.0032765196838910634
-0.007100686244024056,-0.006165164302516082
0.011137123568787478,0.0047022016418242826
0.006194751446154517,0.005040622470011725
0.011175795434652332,0.009433289476384457
0.0009247690438763589,0.0061236939419755144
0.0017370232589839097,0.01170145649026402
-0.011029961489371874,-0.02084126697956123
-0.0038796598899144673,-0.007819076739251524
0.007140777582652697,-0.00029638356462337746
0.025885533657384246,0.008621331937295976
0.0025165058776110156,0.0027033550912904276
0.013064395350374904,0.01824498892100557
0.007377359240224759,0.019941862376579987
0.007932234581839816,0.0019669933188504593
0.018914081831114673,0.00924602982219425
0.002659024032847525,0.0
0.002846941935760707,-0.0034052148579757236
-0.0008143016403885969,0.0025527900620444244
-0.003984963743624201,-0.005604512963518665
0.006482756140534609,0.000625
0.00767818400878874,0.025087295133828867
0.010028534426073502,-0.00029891986645343344
0.022984848900870644,0.0009664662650586252
0.01533667902904293,0.021530726261346323
0.01818220771732003,0.007688956989636116
-0.03371456808542214,-0.031904159550423444
-0.024742738236460234,-0.026936983482446594
0.002117258748096246,-0.0010166901148224699
0.0003307027261722304,-0.0023675645269194794
-0.022222308523087972,-0.04107062211446605
0.0009463105904060909,-0.0031395094359032705
0.00831341461580428,0.012630267701898082
-0.0050951318315968115,0.0055807486852211124
0.013529886404355037,0.031667898499683336
-0.00827919346777169,0.010176793916123002
0.044925009112159756,-0.0017761052956091093
0.018122015657937477,0.002336160548757879
0.03883944660947081,0.00398096048537252
0.01589015041219919,0.004340505211093446
0.00955354681170589,0.008800091310441321
0.00719717327661032,0.004382164555638272
-0.010875228375250744,-0.01570928063147453
0.01956508267620205,-0.004135442818753317
-0.006909408009086968,-0.005794443001717834
0.0029653011843218985,0.0027528813787170135
0.010927257063628223,0.002302631578947368
-0.0134980668095073,-0.015029646013335103
-0.024693820870102558,-0.021928450665025124
-0.006436947673289865,-0.0055321835055427565
0.019234315716258943,-0.00324579831787927
0.02639552766755089,0.060590256655058766
0.005859765602909598,0.0034838889506540183
0.0017464929098026107,0.009254649554674272
-0.00653641212167709,-0.022492685929858793
-0.02149752311637108,-0.0039699831629062335
-0.003904253257264005,-0.007348215426475154
-0.0065629297976785815,-0.0023552861247014643
0.004924242424242424,0.0
0.03389894221836625,0.0002095336462344128
0.019131385914612324,0.0011493268053855569
-0.022321210664858693,-0.02775452294764163
0.011920420854739256,0.004011682090598782
0.009677363025754521,0.003818831406456719
0.03555491976065634,-0.001246878463399114
0.010454648954231234,0.005409219491232173
0.017033644405652863,0.011863747603230583
0.0009770148044014556,0.0016861158263597287
-0.007456530420325692,-0.014803847529577693
0.0011974420307192223,-0.010368089760911813
0.002510779073184666,0.009660249473937987
0.004821238467248653,0.017859245108526274
0.02360407546875888,0.010427842553179896
-0.014815536390773314,-0.01851438037373032
-0.02545364859754677,-0.027424158624280624
0.003741405138752725,0.0005786066924313386
-0.002509264945185545,0.007763740692919867
-0.0012479636109903134,0.013868987746821998
0.009228917897340599,0.02639969127583273
0.024368960407270865,0.0031183397847887916
-0.0181011686180309,-0.010893534408021942
-0.019638260643451335,-0.02435860721483417
0.00882376589344758,-0.0029162165393492173
0.0007472882948376574,-0.006381287901099233
-0.01465130750583762,-0.004792314705779711
0.010089225224153484,0.002416915329656103
0.018584958946639366,-0.0021088160752539623
0.008344130314934665,-0.007360924564164843
0.00011473011473011469,0.0028508420165532476
0.014491968300639018,-0.0034010939201117338
-0.01105376069161098,-0.025364014342581655
-0.014535233224387448,-0.013183690742528597
0.010616260295922917,0.0019522932022932025
-0.015759479671001907,-0.021655795359810923
0.010097205656783018,0.014463877763142985
0.010770208095305555,-0.005818925757241816
0.005364264657045761,0.008399223650833164
0.0008302808302808303,0.009903562582485856
0.009100271787276364,-0.008010579802809805
0.015531511747970326,-0.0008086634214100287
0.008700622322294148,0.010162117599859117
-0.012172588758588631,-0.013001769435860153
0.005459422234217278,0.002905832351984149
-0.009134693157479362,0.018178054833889082
0.0021574482128781723,0.017617295681731787
0.011075112592669176,0.0019707556935817804
0.006442504552395919,0.006776548982913109
0.0008712121212121213,0.009452447328789514
0.00946599820327872,0.002407867772753319
-0.0005857289037696327,0.0027743169704028204
0.024629006684919012,0.0015759065708865648
0.0025104937595038486,9.032035128427821e-05
0.008499408063495062,-0.0034769896953159053
0.01639992218422667,0.00447747844458567
0.017115035397394143,0.003561435246928767
0.03600212136546727,0.05595684890534731
0.0011189337291847967,0.009600211481268967
-0.002585796842479101,-0.005708260786013514
0.03497881163990087,0.017368372786033818
0.009558182336191198,0.006555133142424541
-0.008980362296473792,-0.008537739870948986
0.024868984477514913,0.003596622575646847
-0.009370062769106048,-0.005576110034718694
0.008729534779133154,0.010202213791499506
0.023700522860703274,-0.0021639358084370873
0.012906801085263802,4.738948966471102e-05
0.004768056924985029,0.010202783767807366
-0.003015280161068481,0.004036678528153985
0.05096095202697406,-0.0002348117981884328
0.018198712511749846,-0.003589633823788364
0.007932234581839816,0.0019669933188504593
-0.002007483113754185,0.00593724067230216
0.013492140184340942,0.0027890109890109887
0.024257753733974846,-0.003929924798849485
0.007186324230203418,0.0
0.0021126571526803306,0.01931485814505953
0.010812094799637625,0.006180135151009189
0.028198596269880673,0.0
0.02313142178451442,0.005489542914257614
-0.008065250408834714,0.006197241069281269
0.009187858431243463,0.001449341253518213
0.00793829746888084,-0.0044906399523853896
0.01028476338242913,0.0011121660533224159
0.02213589943224179,9.634156692980226e-05
-0.012486299433373238,-0.007937167117157692
0.006510998147265286,0.0012842986657028402
-0.01949624625296717,-0.02862970529217145
0.015512677491141777,0.0021523809523809525
-0.0010358964282915326,-0.0015289839691905093
-0.0031806450372493,-0.012558482557390973
0.014016098578662853,-0.007911394669984471
0.013212300305024117,0.0010532244438186426
0.0054682990135322546,0.0025855916280420072
-0.027147826957703708,-0.037051791789007596
0.002973913043478261,0.002429897180464624
0.004254143195312934,0.00046358231140839834
0.013256320297956507,-0.0010604122245913292
0.009313037051453716,0.00794231797371295
0.0021845142558915877,-0.0008342570850423258
-0.0010896622884895377,-0.010112001798885254
0.00945959542865827,-0.007471022402251336
0.001,0.011537291529431256
-0.004807448826917184,-0.005807448826917184
-0.007431614588353624,-0.001999769231924643
-0.0022214894195704557,0.0016636338022780208
-0.0019841287135774588,0.007278740632937045
-0.0068716087112224485,-0.004024826488131166
0.0053815244305519955,0.012381953229766197
-0.013109271015657422,-0.011576060672177622
0.012366108248010927,0.0051174240473697875
0.014819404851557501,0.018974224888367322
-0.0013521624623290748,0.03048993697350046
0.016136163767970047,0.0038088286198883214
-0.015653297731057253,-0.020687965294636623
-0.004569664184565681,0.004348518950360857
0.010602668774225192,0.002684917421759527
0.026129929632893574,0.0021478969860548817
0.008344472247379428,0.0033851732035521677
0.04379925739960551,0.0006777889993054053
0.004318807244734533,0.0023050624656139425
0.01732650155840299,0.0023716536175973236
0.02049431891501345,0.029874198954308182
-0.02166120651472041,-0.014986217457717367
0.015452263383246824,0.04180705833532472
-0.010212756535275192,-0.010212756535275192
0.018626209244629717,0.0024043947909494125
-0.007431614588353624,-0.001999769231924643
-0.003851360974990087,-0.0014403492691050838
0.0014829931972789115,0.0
0.012938090172003688,-0.0007843605669692626
0.0024120325708338825,-0.0010920306912121447
0.015580200266987101,0.021726192411789382
0.004539096752304302,0.01938929288563004
-0.004796841410841883,-0.01686443163731083
0.018429178662327052,0.002616522018643523
0.00028205128205128203,0.0006867587027770094
0.004760143797378259,-0.0015857408872376796
0.01465531755460176,-0.0016062657887063571
0.0005219234538211721,0.00749970159113497
0.0061818850458574244,0.007925868486352357
-0.022344220519177442,-0.020553449386485113
-0.000685579196217494,0.002752476063052031
0.021520856218076645,0.01779636878127884
0.0007960567409824749,-0.0017518756908902668
0.018516458686092186,0.0034302325581395347
-0.0012841452289836276,0.013163269196107387
0.008595780639704932,0.001625270940986568
0.023506514943901442,-0.003492273989727797
0.049349664368740755,0.007507837257513739
0.0029026033649994323,-0.002308986326626141
0.003056116781834976,0.0066157930988300345
0.002784096520323477,-0.0035799284986344337
0.007893577871290797,0.005271991801732814
0.02721925006485672,0.03204891091583542
0.009228917897340599,0.02639969127583273
0.014734950790509092,0.006476612321297643
0.00310222263676436,0.0009
0.005598652924263312,0.0022990656175749203
0.020513672305088288,0.01446573047111313
0.023215600300669003,0.02051867964172579
0.0038718358569688827,0.001342659926332257
0.00907031849880506,-0.003350225992095981
0.023279758680461008,0.016136921909669696
0.012759071355140997,0.011995942590673514
0.03594768654037271,0.02305107861780998
0.0006717485154570319,0.003851887188051825
0.007376248844942994,0.03523279788601894
-0.001971006202311689,-0.011092473839864616
0.013039700415734793,0.001794902896106227
0.004670585102687144,0.002811188811188811
-0.0033200566723755286,-0.004769587368968124
0.007280333247635419,0.004268720759544932
0.004400209453516561,-0.0018247688647809205
0.030725836953481633,0.00028516619822187327
-0.006481700756800456,-0.013843327962576861
0.002917516066183668,0.016594453881306138
0.007630466458406277,0.0009090909090909091
0.038293009481445886,0.01829899320781257
0.004821238467248653,0.017859245108526274
-0.00407950293389186,-0.0001350526596803894
0.0024907815462115054,0.015328894427813291
0.0098547957779513,-0.0008385968152404598
0.015388245038569068,0.009694077314281317
0.007514540336617278,0.011836316898677339
0.006333487303342377,-0.0023292311037114593
0.002880230902662706,0.0006726567233633291
-0.01605917747498782,-0.01827969612045923
0.0022379528084421328,0.006577619097159187
0.0008759367126379451,0.007594508564701926
0.017767304155167953,0.02858446024907516
-0.0013568980776614585,-0.0036346044526704424
-0.0020381756249447723,0.0007298706882061332
0.015690309474736958,0.01971508108463728
0.03889588813814274,0.06913374729538276
0.003695240412726935,0.0
-0.0027477481687965943,0.009514292978757718
-0.01975721120926674,-0.01354381304194694
-0.005694918019271389,-0.0006235008487925284
0.05338966603096132,0.009422514348679615
-0.01571384433467683,-0.00043833021983075496
0.004067332968965562,0.03296160402605131
0.01689722311635716,0.0065900792091495835
-0.0018777971732461523,0.0017999074655280882
0.011049081826547447,0.00494195382240923
0.02030116412873885,-0.001702475150253911
-0.006403690873953472,0.0008911437103207541
5.50016665762322e-05,0.0006586066144750075
0.005277464470008278,0.00949549002639306
0.021795892881034153,0.016686093200629373
0.027575718431480163,0.013137538179851404
0.006662513408864338,-0.0064116572864114174
0.00018587096886430636,-0.0008346867692924313
0.0011351287601287599,0.04140074373539949
0.00017439958292618692,0.01174565649324849
0.03381125123969664,0.030339610655960955
0.0018796538022406318,0.008054259188816165
0.011982497617378948,0.023575693893376302
0.02632716430173227,0.046966191032219266
-0.00891635642103301,0.007141291597798924
0.018081339055333878,0.0009383524277141298
0.02119936844063888,0.011353194637873551
-0.005075865930033389,-0.018545537658695738
-0.007507536845807079,-0.022574563926423874
0.02741904412438583,-0.0004187762061346278
0.027206807401496766,0.002771466548458571
0.001419311349633797,-0.0029009369656349307
0.006164060137643155,0.005067477422247277
0.004048002941221447,0.0053193704589361585
0.026950359594282162,0.002493208402738173
-0.0053444465710938685,-0.007815915242032248
0.02914988892096295,0.0024795450941567233
0.0006214625721109584,0.01192486514617373
-0.009618699520770607,-0.010147415738197017
0.023432709177658207,0.053373680911192725
-0.0024789419140821,-0.011255280704225136
0.002554391844714425,0.009929367629228985
0.01481964637438553,0.0057882263355915845
-0.0022351520668237312,0.01901681878307069
0.028849145367195822,0.0012121212121212121
0.011924967347824797,0.012724345097131237
-0.005247499165306511,0.015065797475455854
0.018977834262543798,0.013641765715504416
0.007558241243889777,-0.0030250377877663196
0.02587449234819552,0.0529826864426529
0.0058338553333103435,-0.0010027311285408687
0.018144506216076692,0.0065560090764654605
0.0037373908698659537,-0.0010136439745290124
-0.006315855184844208,-0.008886730427492218
0.0004682064113608504,0.009415147348288178
0.025959228940762368,-0.0034725368994728083
0.036687222050572316,0.0010316358015217582
-0.0005905281174309485,-0.00029945355969440354
0.02855659835459381,-0.004507693311582692
-0.005233198026280778,-0.007025824126219288
-0.001324110671936759,0.018896640976019355
0.004514393758014972,0.011481362277525753
0.00408243257130866,0.01562321892542024
0.003015123808738247,-0.00135537883632747
0.0004533343094519698,0.015508968939126105
0.015372209621040293,0.01165046029484898
0.014491968300639018,-0.0034010939201117338
-0.001126556120859515,0.005236138049461387
-9.344280182377145e-05,0.019006912048069168
-0.00453702636968766,0.0005770075951634975
0.03596663795710407,0.021114229573244242
0.0005089096949562066,-0.000919661733615222
0.010913035615721064,0.02451069527180431
0.004920240607902734,0.018210519246326114
-0.0062835566990600104,-0.019443236276294823
-0.0007622807190408483,0.000503523969060303
0.011188634557695098,0.02287182883991987
0.003884095503995379,0.007443103086238651
0.05367757029397334,0.050497844252161035
0.01249841370058162,0.022797001810074147
0.04270383142696097,0.03141927022015027
0.0060935589914481066,0.010013121952708644
0.0012749615975422427,0.0018083157976774996
-0.0025169057276653644,-0.001613416713948137
0.04818058963972188,0.0051326782624918675
-0.0018848462049683612,0.008592568973489511
0.005076733379638434,0.0017646824055292615
-0.0027077163743010587,-0.0004285681459484242
0.013526694317885335,0.008144698270190731
0.020619517102817814,-0.0002587346386195184
0.014516477951415955,0.007490893414915288
-0.004286023993919631,-0.00811396517039022
-0.0012863278222681475,0.0029444278359648406
0.00524620636290179,0.0037244604705183267
0.02237688420744149,0.007518311621419065
0.05433372891043551,-0.006045771247638744
-0.0015648639594930194,-0.01195695365689048
0.027049432444576152,-0.0055566520768729
0.008813301273994094,0.012723386880604618
-0.001586203377205074,0.01425110800565896
0.003412418849965784,0.0011384615384615385
0.044362300036561206,-0.00392137868305632
-0.005269698068748123,-0.007608907470457525
0.007477967019717523,0.0009479955133418129
0.023060826951881948,0.00678783301617269
0.0058275959858929485,0.0012636815920398009
0.06914022490356449,0.0069040551242065505
0.007857918870930427,-0.000737499835047617
0.010360716006190193,0.02998604031778452
-0.011708769772335785,-0.010457269172095688
0.007625150701237658,0.008818065709975797
0.00118867419265081,-0.004624658287343122
0.0032773837273837275,0.0029656122562540187
0.013062889766486075,0.005427050861065184
0.00567585480768788,-0.004452751635204276
0.018770362710844615,0.0015857817243269989
0.0030039336421879546,0.001702127659574468
0.006740755074530353,0.016133530297657416
0.006977734111990724,0.027085572445250485
0.0022379528084421328,0.006577619097159187
0.01141177073829741,-0.0027173440506531397
-9.592654212135614e-05,-0.0026055228927052074
0.006939492923997906,0.011458446929652423
0.003242493078327584,0.032700339959658334
-0.009678849841688274,-0.00292541206265103
0.0005511962523690739,-0.00023281427576367104
-0.003246434874094598,0.0241944979694306
-0.003204207152195079,0.0061002569682166025
0.02899655557450329,0.01427176199403828
0.00525312598287374,0.005212045636968237
0.009050962186519223,0.00355846202379197
0.015608199741000592,0.0036937413713759777
0.01841360642090194,0.005457502091412817
0.01652301526915048,0.017543695199874264
-0.014643453666924077,-0.019606484974484105
-0.00044444444444444447,-4.4444444444444447e-05
-0.024438695586503807,-0.00911194460708134
0.01279436223370979,0.005224766176445097
-0.014618589550910464,-0.01916430902899775
-0.0029974325942879543,-0.005336870613483308
-0.0010049019607843138,0.018446907678379202
0.020721067884047272,0.00230906398233764
0.000385832769645272,0.04826409953714554
0.0034731361606116797,0.009944983067812073
-0.0019557121425240517,-0.004861809647567444
0.0020296173503676182,-0.00206436532678968
0.02529773484294911,0.006568608413228993
-0.011637183175021607,-0.008074252976735845
0.000846065973559235,-9.768404969643339e-05
0.002346114309297929,-0.0007730614973262029
0.0029544659443712287,0.03286078658859939
-0.0007675070028011205,0.003994482116277495
0.013634250881400387,0.00854909475643911
-0.001274110744410254,-0.0010610234344417997
0.0023314490619982613,0.00027352520922637277
0.010762105054149252,0.01736341249260213
0.0009708976655255358,0.0020665047484524305
0.022166559990544923,0.020257951819213815
0.00959508686096154,0.00987289349919759
0.007496131378103367,0.0002664708831478426
0.008737135024973348,0.009833737739314327
0.007034267518329702,0.0
0.018050378917659368,0.004661412614719211
0.024124320170337325,0.023709800522126002
0.0010714285714285713,0.002103960571948377
0.0024553317657724557,0.005289450103186924
0.0324939416124098,0.006442190105261576
0.002019789734075448,0.012870319268843204
0.013833442451165618,-0.00029850746268656717
-0.0023256249886546886,-0.0012014167099412536
-0.014792345876517763,-0.012521383114182157
0.01336207057220154,0.0017037117291424297
0.0026068210859661466,-0.00019298245614035088
0.0021001221001220997,0.005690725662349089
0.0019117944327946739,-0.0021841722793335704
0.03929978000439358,0.012190487918104998
0.03310107577261988,0.0053899240142640786
0.0039242324829105325,0.003763077823829208
5.50016665762322e-05,0.0006586066144750075
0.030923184562970586,0.006963652741568564
0.009211648344156798,0.003213901451179176
0.009461301257578535,0.001647177547811223
-0.017121249177552318,0.002838679735522893
-0.004383562099091801,-0.008462529101876172
0.02269654392567908,0.03819147782888363
-0.0020414872367962317,-0.003780693581297993
-0.0018412145296131388,-0.0119453810335047
-0.005827691291579891,-0.005356108801019673
0.026011997945329254,-0.005552961025546821
0.00857079376493668,0.00875541988941451
0.014169563179287224,-0.016141829404728678
0.03219493064360934,0.009847318384463597
0.006566066463312929,0.0009048840893677428
-0.001060409407665505,0.0008653623910202862
0.0049573789123972724,0.0017102615694164988
0.025604658478037973,0.006910608978412483
0.026762149867007288,0.0007112021857923499
0.007746389682365292,0.00010964912280701767
0.0004588586215427005,0.00800626930145604
0.001404955101157633,0.0024628620213648375
-0.001060409407665505,0.0008653623910202862
0.004046746903889761,0.011132042063989028
0.009021421454094713,0.005624533551313546
0.005163526247067905,-0.0032277658641576283
-0.0014809787832024543,0.003908247209004186
0.0037489496989943014,0.0262644492177257
0.010383511967819604,0.0002987148344912654
0.002535658785658786,0.0032187421806065875
0.007514271803957796,0.00058846303657328
0.009873004777837487,0.012453368389094296
-0.009578393655055998,-0.014175716925942815
-0.011415453995364595,-0.010030452678066003
0.013815370195762552,0.008698514869738551
0.00433225725124905,0.003357946645584344
0.028198596269880673,0.0
0.048933609232879635,0.01193153533619372
0.016292150290580575,-0.00265499747914243
-0.008956661104097324,-0.0018969213304539344
0.00767818400878874,0.025087295133828867
0.008196398822897463,-0.003989698317066229
-0.003846986293561939,0.008883384904499338
0.021887601820533013,0.004220793873104797
0.04217953549164484,0.004510202194563744
0.033976042131353856,-0.008142018733993107
-0.008008735850645992,-0.0017539059514138158
-0.00662898821735652,-0.006772330900407476
0.0054668776408124675,-0.011251938371005441
0.00047560975609756096,0.005631557040909766
0.004337877054554922,0.03948409241768927
0.025152765012233527,0.0028515158433642905
0.02065628018743606,0.01115017441669075
0.03537888022066738,0.017809906556763927
0.010892308019148292,0.002693919996356828
0.007585905980429308,0.011667341038437385
0.02808878049138506,0.01791982697982141
0.005884941472842691,0.009603026147764357
0.027651830198550234,0.0011094065420385497
-0.001586203377205074,0.01425110800565896
-0.0011769472732214865,-0.0048287389382134826
0.00041101941101941066,0.0007264337051571092
0.015953419124853475,0.011532419996729864
-0.013581465035297096,-0.015835556876861192
0.005120687783904843,0.008848673315503371
0.004603580949011935,0.006767003056609819
-0.001688868706872581,-0.0001783813856394501
0.018707423887911093,-0.009654214292360856
-0.0037845850879842354,-0.00010474618650014277
0.0013169259066214563,0.0065158508047206114
0.000744535519125683,0.003276190476190476
0.03311811092080878,0.008907388967149868
-0.004109833246402735,0.00260229960256676
0.0017547639558509126,0.03177745209681668
-0.004345396953653535,-0.002924453993045509
-0.0017692590248126645,-0.000301807642024185
0.006482756140534609,0.000625
0.009723407696986801,-0.002440889775492103
-0.0006881050903269677,0.0114433596076695
0.048724817736743406,0.007515237231423211
0.037665129705631226,0.007284578443601374
0.002661632207815337,-0.0009537757437070939
-0.01229162285692988,-0.016171419354993357
-0.00553403579149655,-0.00847047723494016
0.004265591431180428,0.0004952251061176027
0.0021114236628971663,0.014594552189537877
0.027984337796179242,0.05583311890570572
0.001435136897001304,0.02296301123558027
0.0032747848357604454,0.0027268374899953847
-0.029095641423979995,-0.04069956632233271
-0.0021469776219484975,-0.01052588399656059
-0.01900294772111563,-0.023846200086554095
0.001691487767782196,-0.003592330273254979
0.016233535491805024,0.0025522721417447613
-0.01611257773787337,-0.01681270576746961
-0.024710351992184753,-0.014566605267311301
0.00471769458441919,0.02979338390765264
0.0242647261382678,-0.00345223183827835
-0.0028347834251014475,-0.01138680843392379
0.009789506860938465,0.003045329169919334
0.02668514074623997,0.011107132177764885
0.001816078658183921,0.0017588652482269504
0.019542152577129112,0.0027552528255887767
0.029555640795652968,0.0027939108948845165
-0.01194622213473279,-0.016573471829388734
-0.008943833563185729,-0.009037638969283775
0.0061707663737325495,-0.0032358362098838765
0.02151667702387144,0.002303739145844409
0.004512133561973046,0.0005435417295882414
-0.0031606752580157333,0.006518786408645488
0.016895726780367576,0.0010315925209542231
0.0016132003446879617,-0.0035060524590444526
-0.01919905277989156,-0.01852830221219411
-0.004551271551936336,-0.009278946845844951
-0.009502470236934043,-0.022186539603253768
0.005293168587361803,0.007083218856635746
-0.014015976536616155,-0.014294490844423899
0.01686121018378045,0.014154929307335048
0.03366379368633352,0.015076602983063658
0.019815127696601997,0.003994603670011884
0.0015476385062033965,0.012769587825163537
-0.00015875613747954166,0.0018405853101808832
0.03518639796166076,-0.005549045203546356
0.0288204688755549,0.005787667455672723
0.04249212928603601,0.015983165227996022
0.010202405896224773,0.001610447059405818
0.010115744582589964,0.002265836189270761
0.00014597008994871215,0.004021683586818127
0.005119052958366125,0.00011843350448001617
-0.03371456808542214,-0.031904159550423444
0.03417040758121515,0.0023502700061291226
0.019635161195129768,0.01342740007175049
0.022618306143632593,-0.003729600826185571
0.00457958422579989,0.004233185229036111
0.0028336011888798647,-0.019292487145701094
0.00767444996590274,-0.008027298311704158
0.009057538689610244,0.0031545342769392203
0.01870053391087628,0.0019822990638261573
0.006517935402541064,0.0028331698812248006
0.0058275959858929485,0.0012636815920398009
0.008310976868147704,-0.004452830208398458
0.036893741390206514,-0.0018247476342538984
0.0006645506586381218,0.02562763979868963
0.0056098149000386585,0.014133639213218249
-0.001988264585922505,-0.003525613206411442
0.001912284436874601,0.001410523047593986
0.009338822633220613,0.008586740095967752
0.006358625059977541,-0.004629505711770629
0.03082245032257478,0.0037059036338975265
0.002219275868242033,-1.7543859649122792e-05
0.014937617061792361,0.005312365232462075
0.010966445841374434,-0.0006744704570791528
-0.002187224356430168,-0.011433681107093446
0.03844093240872097,0.01601937775991157
0.003888919587309727,-0.001548930030253126
0.01204303048197575,0.03202037168820479
0.0022088067224244547,0.0127056622390388
0.0038810145724863586,0.008320955986940558
0.00995701514868839,-0.0017647058823529412
0.006510450172477911,-0.00011907402074262706
0.016577083830439814,0.02187722506628558
0.07508276589480474,0.00025070485054406837
0.02118105604604598,0.027985613044052
5.50016665762322e-05,0.0006586066144750075
-0.013978082368219935,-0.01222336538708786
0.003623141276239062,-0.004015934734678997
-0.014466181175646957,-0.00775116678218548
-0.019986071294430606,0.0036053593924611944
0.009164863304238024,0.010199266786558185
0.0015912117433432007,-0.005239212410624758
-0.0024104402048186722,-0.00783780057683172
0.011195827288457793,0.004311084762877885
0.011966895660187625,0.0003610675039246468
0.04256667210792477,0.005711294467796139
0.003850911314954031,0.010156564799630008
0.0064408041977214395,0.00586096487793952
-0.01460908811961763,-0.014065531487925404
-0.0020286046490616636,0.0040958338350439655
0.010505851735714798,-0.0011208429574023704
0.002202380952380952,0.0
0.01522177959254051,0.0074969521960953234
0.028370981460688918,0.005882428860634376
0.009612603605013257,-0.0002015021489585999
0.0019580498866213153,-0.0017959183673469388
0.021991920489180916,0.011910798902721132
-0.0040782002567554725,-0.007556630576835113
0.01042269182507124,0.0008761904761904764
0.0041884651305703945,0.0030273561537215955
0.007205768702271701,0.03413965605775565
-0.0021439538305907616,-0.008221688043976008
-0.006582378457764635,-0.00644797896655472
0.014288677429894904,0.005682880017653186
0.027405130461832124,0.0010606754414336575
0.010707132713811917,0.04350943756111324
0.018317980430258517,0.02849937455614868
0.004674427010948066,0.004431912914671535
0.009845368431929126,0.003644904614939484
0.0023045613872457286,0.010257811013190838
-0.001338026865200733,-0.015781955057940167
0.0154706061089784,-0.001604873624115409
-0.0038318058392983645,-0.001250672675117658
0.0008800773694390715,0.014591004174345265
0.004768056924985029,0.010202783767807366
-0.010479282492394227,-0.008265423883234679
-0.003079865493176034,-0.0011262950268183577
-0.003048020911952733,-0.0019908042268290712
0.05429295490935796,0.050545539005738147
-0.003235169100846671,0.017578546229743974
0.0033808127356514447,0.0049401802265983275
0.009372787424496102,0.0025615713330366732
0.010313622145371746,0.0004028345195114789
0.012962550672746508,0.01873447294137515
-0.0018425708579955982,0.0018811407943481687
-0.006858522263682217,0.023856502452061668
-0.01751741576324826,-0.0060092176657182035
0.005607078195826729,0.0034292236893289753
0.003086381739783537,0.00873946830532766
0.0002708353872950145,0.008841136646712357
0.026585212853521743,0.0018845467597825097
0.00878191028623902,0.0335402680390188
0.007041559663030075,-0.0020164443486538793
0.02768914208815904,0.0001165068526213322
0.012777973062312577,0.0013587399533936213
0.01946410315966132,3.438148074125236e-05
-0.003611309474367712,-0.012987058234829593
0.0002026107000717833,-0.001938543321994351
0.00011473011473011469,0.0043893035550147865
0.0011202695025975939,-0.003673183494004973
0.010892726620224877,-0.0006304347826086958
0.00209248715866363,0.010964198315046268
0.018217405002748932,0.011806019057506006
0.004431381118881119,0.0004651162790697674
0.01984102826067025,0.04296811049405059
0.0069110734754793055,-0.012377502018812516
0.01812566563067856,-0.0037490828777417724
0.00460068458596793,0.0031801582065733016
0.013934878576969545,0.004766838673941575
0.0035966494368780515,0.004296192337763152
0.009430201037461216,-0.0007863153949194193
-0.011708769772335785,-0.010457269172095688
0.004768349428881438,0.03437715663190529
0.004702222636764361,0.0004
-0.008494163493732141,-0.023948113263477466
0.009716454524858862,-0.006493059868884713
0.008446546064362435,0.012966055347559019
0.0013586913496675596,0.0002593506521257152
0.004093608401308191,0.007285303719920668
0.02733546590722452,0.008065778500296831
0.023431285985813875,0.00013407121332036
-0.006436947673289865,-0.0055321835055427565
-0.006492597211160991,-0.019220284958617564
0.0011111111111111111,0.0004
0.004195146726021257,0.026343995138774546
0.013039700415734793,0.001794902896106227
0.016656053031063416,0.007380342188375645
-0.01725901878652225,-0.0200334484338524
-0.0017996879008175008,-0.0016433660617370409
-0.004747689096549395,-0.004512835039183816
0.01123303357942295,-0.0008636431229919607
-0.0017996879008175008,-0.0016433660617370409
0.01741435278555782,0.009476623242502506
0.0058275959858929485,0.0012636815920398009
0.006051436627586622,0.0011170755248087342
0.014937617061792361,0.005312365232462075
0.0013679917587457488,0.012550489726340734
0.02550603525170737,0.0027402978989475107
0.009223944981078291,0.000995833411888916
0.00936101865585805,0.016450201381638593
0.022010256227945692,0.04130481664446715
-0.012486802168018831,0.01240448477947076
0.0020826685539168006,0.004902087074368863
0.002683345845088511,0.008007694993445806
0.008513253434899887,0.039013752114715736
-0.002171773665409417,-0.007932274363618036
0.001250957093741882,-0.003998836255941516
0.007976425568350497,-0.000314429382785504
0.002202380952380952,0.0
-0.0018056121981371398,0.0039862085087202
0.007457266562867425,0.009759325896198635
0.008446059478808714,-0.0032744131989312433
0.023144967894669553,0.007650228744540514
0.016512764590394878,0.007839640987427652
0.006869997172527729,0.0004138684138684137
0.0021637128223037077,0.04054386856728442
-0.004774879141847361,-0.007279340734210006
0.04012045933173102,0.014485594130652528
0.006732457574859075,0.01198932064664232
0.02215718097477246,0.004614386958632288
0.010663346952165774,0.0030367225007405423
0.00871933103987223,0.006540752348554993
0.003943205487323135,0.015242990177810065
0.009647706437777882,-0.001679577321682585
0.016512764590394878,0.007839640987427652
0.020161985047197295,0.004393429635726055
0.03772978869871465,-0.0009529342290692992
0.009811326982936673,0.004544096529056085
0.004424183555848136,0.001626266416510319
0.021911920956758313,0.008218536699384852
0.0064610005816353846,-0.0022113771283319944
0.0013679917587457488,0.012550489726340734
0.002856625479424545,0.001422360248447205
0.0034321200745047464,-0.0005538975715484061
0.014937617061792361,0.005312365232462075
1.3078101359226268e-06,0.0034790777831844623
-0.0017875785009379332,-0.0017875785009379332
0.029975888021451836,0.004514420523950294
-0.0008802489384562434,-0.012906405873172391
2.898550724637688e-05,0.0037793962187943324
0.02233756225773863,0.0026340017524310393
-0.000892491032814401,0.008600811656246996
0.014819404851557501,0.018974224888367322
0.010715662607980101,0.01483143777029135
0.008684034425469722,0.023589260231911244
0.03230809185908067,0.0019896434636831484
0.00277874316949716,0.016399733159461947
0.00652937406562731,0.011474136755326927
0.014203575705177739,-0.008950432833189166
0.008107606023308556,-0.017427586989258764
0.009211648344156798,0.003213901451179176
-0.0054950170246478415,-0.0013969946676187506
0.020579915537014933,0.0061547385454236245
0.0050431104877001545,-0.0011439073408513142
0.006839163183820494,0.004333986168487611
-0.02681083783526335,-0.03470644895115493
0.009921038571268689,0.012438218372018247
-0.02483599098448984,-0.027119518036470468
-0.001586203377205074,0.01425110800565896
0.011729363892304457,0.012078454853086186
0.002182564534378865,0.0026437073749311646
-0.0019077843108488762,-0.0016385627141120313
0.007322729474871421,0.003688986949080017
-0.0006836866622787546,-0.0020475882236073873
0.022675412166244597,0.0031597582114329236
0.017411292368391767,0.005191153111249954
0.0033660035021371177,-0.0017972707314518367
-0.004691336731889725,-0.012221863721863721
0.029110311091564593,0.018161420325861544
-0.007652273353290674,-0.015207431388257864
0.003647823119770916,-0.006920297128521221
0.0013511537853643117,0.0030033947139466986
0.007682071505327166,0.008938016502208155
0.007417175266170707,0.00774898920957115
0.017214576119231755,0.005203118723904684
0.021001062019853148,0.00031862306640008387
0.0052669284947458065,0.004987808822246548
-0.002349913285936811,0.0005973770334151297
0.006881480836465663,0.004494191587615806
0.011228750743622791,0.0037944384970341836
-0.000660832161137926,0.003618388381205817
0.017060213315103566,0.0032856866956455216
0.04126904186723799,0.00196078431372549
0.045539214909886105,-0.011018170693450225
0.001550275196076944,-0.0036054541538826017
0.004595739206571344,0.006929115308581611
0.01307741322565622,0.003595773997559712
0.01198408797596802,0.006238853632284503
0.02335001322372819,0.026902729735405653
-0.019184708034715843,-0.007293840310298467
0.010533186406717856,0.007567410734050917
0.006771175190902467,0.009476956892083081
-0.0011993865511362757,-0.005077667906131724
0.02151599240337195,-0.005599070526255728
0.0003836551745174926,0.0018183238195526082
0.015066538529508799,0.009842906208496795
0.002108289837804742,0.009289654729274021
0.00427680618820163,-0.00032230143664285695
0.002341882876204596,0.005237816224740519
0.004139263036269451,0.010710529705628347
0.015011221670269333,0.01577868781032781
0.018982482986557466,0.023971015569555762
0.0029710778672803993,0.005328554413230515
0.014819404851557501,0.018974224888367322
0.0009817063973554944,0.003158737971683501
0.026626688958128763,0.018132649712662454
-0.01817061972485278,-0.02696813498518903
0.02658224570172476,0.0012354786107877044
0.007934081565854727,-0.003175292045921959
0.0012512218963831867,0.00041666666666666664
0.021989664969342904,0.0005858585858585859
0.045876893687051286,0.02266650867002932
0.00796437167894299,0.035042388365917776
0.0013350467482801595,0.00810572616768161
0.008807031196276096,0.004894660894660895
0.0014829931972789115,0.0
0.013727097835869841,0.00020689828464218716
-8.755895205528677e-05,-0.0013472415120802852
0.013253787815990351,0.0014804287876151517
0.0010714285714285713,0.001591140059127864
-0.002408206878601395,-0.004325123075694287
0.00793426795876686,-0.003368132257891839
0.0034524189750269356,0.0031287767859709643
-0.003223764868266147,0.0027278154510561076
0.014212439843867416,-0.010631092143311625
-0.0038370489819768887,0.0023096508958956735
-0.0014627143489230306,0.03986225813227875
0.015059724967976753,0.004501657073085644
-0.005982871599167669,-0.003720083924268977
0.0015440973701843263,0.002133290785455811
0.004554073680601859,0.00030486672081817164
0.013259365224888606,0.0025538476376225213
0.0023805053111355425,0.010450297618998114
0.005389407322035848,0.011048568585194556
0.016001355993820507,0.001430215858149894
0.015782228575874274,0.002729851708575113
-0.004982405389483876,0.005299521991044768
0.03415792311834506,-0.0025109151309977438
0.0036595346633864993,-0.005043989779389241
-0.0006845714362519323,-0.0068881225289114285
0.0029969420519401976,0.008720048535533688
0.0012433579832128294,0.0012914448753910263
0.010062059402999216,0.006084338509202634
-0.00575481037149661,0.011472000358340543
0.0005,0.0021081944969637656
0.015839982134898904,-0.01838871402660515
0.002305581910183428,0.010839731774887248
-0.020972262840251325,-0.0262546583829778
0.008378225765067419,0.0019451256894749145
0.014392236985985876,-0.000636347724706077
0.015624430152711493,0.027800881300256243
0.00391243907482695,0.013793382719852738
0.019306510560613114,-0.0014634733810042575
0.016556229480896797,0.004198984127922088
0.02620882255434826,0.031100947395331598
0.008652020102301174,0.005655179673416756
0.01054259767579611,-0.004076230099598813
-0.006979318196826038,-0.010336931724060399
0.008735207083082692,-0.009315857486123695
-0.0027573074697690757,-0.0028846610485761433
-0.020152061755571063,-0.017065796135645413
0.02753370592976975,0.008052466755619742
0.004716184892728723,-0.0007354661162710702
-0.0010358964282915326,-0.0015289839691905093
0.0,0.0004
0.0002590437271288333,0.008528400712280764
-0.00044444444444444447,-4.4444444444444447e-05
0.0005284081166402189,-0.0009330212341508342
-0.002351990965433255,0.0008979134673910471
0.009624369086885102,-0.0020318988869003005
0.003942548722429176,0.0021995653023832657
-0.014678523796270385,-0.01819017461326047
0.03439058263182684,0.0005111452561390901
0.04498871873804446,0.017358452296363514
0.006102611117997585,0.004323945638144996
0.0024776178527142704,0.00037037037037037035
0.006848877192304314,0.010139578480131518
0.0007739024274431537,-0.007087194318132841
0.01962404937786226,0.002186783476597413
-0.007752706266832016,0.003408499876621094
0.003669732658382779,0.0006153846153846153
0.0010987570156106912,-0.0014341064333762907
0.006496955268057551,0.044648882394701446
-0.004570680958165853,-0.00043571776331928665
-0.015300487667160642,-0.02275803054105731
0.014468227973467356,-0.004600174363029135
0.014938689648865827,0.03150946923051502
-0.005199586611514272,-0.014969267911301832
0.0012353300345865816,-0.004932293336951351
-0.002075410382687751,-0.00019071740363940486
-0.007361573811830224,-0.016544734224582077
0.003418181818181818,0.002688713201408938
0.051370226277699375,0.008995608364057783
-0.02984677844279101,-0.04097936158064152
-0.013940667916463841,-0.01604214791401877
0.00719370166234681,-0.0016437732637982474
0.01205753616542978,-0.0008678112393282671
-0.0235885303400431,-0.023130319485978
0.0032376953026333833,0.002830639340899258
-0.005777495560279604,-0.0031337018614913136
0.007569754003716891,0.005698315819807181
0.02214822748757413,0.08242967490167273
0.0015338732848448411,-0.0019644347591516132
0.029123304557142682,0.0007451023853124322
0.024299295120781866,0.002934042154144869
0.0364855490584578,0.004460136268671589
0.030014621590806388,0.005472754959179354
0.00973935132508349,0.0026755086438629803
0.008751943102883073,-0.003098909060840537
0.0017891997397527651,0.009310212143768317
0.009960630170150576,0.022983199625850638
0.009461301257578535,0.001647177547811223
-0.009057345345556522,-0.00036482500538972083
-0.004000675485270806,-0.002992544697676949
0.018569957171750747,-0.00044444444444444447
0.0031801876379751576,0.020688195753134103
-0.0026638348147338163,-0.0034348310171703937
0.026362295295083576,0.00888082406785779
0.00030303030303030303,0.0034725481506807433
-0.0012709241241787485,-0.008869201213092436
0.033223830669455556,0.06689168391422812
0.0006942749141437044,0.00823407801601383
0.005286786299955937,0.004127659574468086
-0.002583334375341041,0.005672855338669465
-0.004438718523465936,-0.007106133815433043
-0.0024503890489532033,-0.0028748962498897817
0.03571309714653561,-0.0005442226954766403
0.000586472602739726,0.0012957157784743991
0.0033704664039766923,0.019589190575219982
0.02179926507035289,0.0036825731007047533
0.009833758531230615,0.0016823406478578891
-0.0012991420208153248,0.01718900743804929
0.013212301416918931,0.003221081884217476
0.0026901430746464044,0.008100841963579691
0.012817830665149306,0.002988938787152199
-0.013348960868213907,-0.012823945263097688
0.003911106619592242,0.009043287261852363
0.014175242190369005,0.0
0.006360325919975509,-0.009108663819698277
0.019412913742635186,0.030650954985049078
0.0012512218963831867,0.00041666666666666664
0.008756538688308018,0.05618972204294719
-0.00023659673659673667,0.025781252434666037
0.0003846153846153846,0.002517053401537055
0.012515498219490506,0.013567643450069899
0.07594997447424283,0.012174127581614817
-0.006054318209467044,-0.002670408579004531
0.003966163515343843,0.01617940432455722
0.034234960799277146,0.005885868397755884
0.0022884012539184954,0.000425531914893617
0.006680059686141994,-0.010906269386251204
0.0006190511706776897,-0.0028821477625966888
0.011592574684835634,0.0020958828435663776
0.0173435981249773,0.016562073564982363
-0.010052964844916894,-0.014963424755376806
0.00907031849880506,-0.003350225992095981
0.005940923388351857,0.00025524518782737244
0.008749152746201876,-0.005753663560250024
0.02781828032648659,0.012460968544435033
0.04165894496910257,0.022166508670029318
0.008297954374717335,-0.00023827791986359768
0.011121984837631601,0.06699935550512022
0.0073753957867200605,-0.002696687370600414
0.011202226313459683,0.0
0.0009456177867057198,-0.0016260881963118135
0.006763377185612278,-0.0029173327579642885
0.030026442462082855,0.016931011626919984
0.016742715012959344,0.0037910901426945693
0.0010525224351200582,0.010398882408493982
0.002535658785658786,0.0032187421806065875
0.016390651088282526,-0.0015584812013383442
0.0010051872772726075,0.01562924476290288
0.006825993555859087,0.009250512976915166
0.036500969091374014,0.023888264076253576
0.0,0.014117325983472125
-0.0006301216233304523,0.0085659351503284
-0.000601205260711622,-0.000382241174605967
0.012593573842787083,0.0021965442886495517
0.007681448528041902,0.0009070512820512818
0.003143086213674414,0.014402762001253192
-0.0015612076771062164,-0.0005982378834055039
0.015590773476265207,0.00030076628352490424
-0.0013954722482945052,0.0003376355656257955
0.0003846153846153846,0.0048667682416855896
0.02496791676424578,0.0059496444985860505
-0.00013106707036489133,-0.002571759734185842
0.0013356465197718252,0.001227742391623161
-0.011171764318510115,-0.01365738879226359
-0.0004587913383969429,0.00786992667580494
0.01230277399512843,0.03198047615180161
0.0008452508389265936,-0.0015576073865917303
0.02817397857787481,0.003998976442676496
0.027038475312132295,0.03289676964311361
0.006482756140534609,0.000625
-0.0041328965147749905,-0.008487052307743458
0.004929166931699199,0.004325153560697558
0.025219292815297088,0.007911229793732447
0.00024341513558508035,0.009410606689020586
0.014155923998795204,0.01019978319320194
-0.005247499165306511,0.015065797475455854
0.043726463544837064,0.00965558365254169
0.00642884407955253,1.8469570186912566e-05
0.007191133471630076,0.0047888474029507844
0.00719370166234681,0.00035622673620175176
0.0056028875148086445,0.0005094974078288014
-0.007791796654275518,-0.00508172786881359
-0.008471535590692794,0.005451348424066553
0.010779917726825418,0.00890333370611454
-0.0010366568602894108,0.0076565520488863035
0.0075670834512627525,0.0066124025215556674
0.0003846153846153846,0.0048667682416855896
0.016112680569765878,0.0
-0.0022427103572920156,-0.005177233827524115
-0.0011565146659224274,0.0009100894614040116
-0.004946354243208859,-0.012007292433738487
-0.02616431813970491,-0.02594574633940009
0.0016020841903194843,0.00435964333589548
-0.0022297393533684657,0.0005894356178226604
-0.007047221316203119,-0.0061040577509339005
0.0345134407375625,0.017163567501018974
0.017347491514716457,0.014359640132914497
-0.009433480304396138,-0.008409813227303496
0.022902823902531802,0.006270432212434336
0.0036166825577461322,-0.0009498553519768563
-0.015103157325615341,-0.024248424059505225
0.03533111344443749,0.010077727631518353
-0.058508840138882884,-0.05314117092216243
0.0337941885602732,0.027464774656869126
0.00414670612381321,0.003925339263834437
-0.009698157768640966,-0.018644082090909522
0.02165181344538011,0.005143372450396696
0.020228106037493122,0.0045631220950881814
0.00310222263676436,0.0009
-0.008753980876464893,-0.009458334511658478
0.028973394059403072,-0.0035739148239148236
5.1643192488262885e-05,0.012290051470839046
0.018498033579028916,0.002118472652218782
-0.0036872599163364633,-0.003597568159681469
0.031017290892056543,0.009068620431852602
0.021742272317222623,0.018065626797514934
0.003368170489487319,0.007051084352268659
0.004352628827470118,0.006644814973320044
-0.009083067597949262,0.013473383547815994
0.008482127390949298,0.004138202717754178
-0.0155822996588319,0.001953889464660928
-0.0019037532569958979,-0.005262055638684562
-0.0043174059438283435,0.003844952685088346
0.008057984965053175,0.03384914418654425
-0.0021728703781576254,-0.007342661579723355
-0.003170346814695077,0.003661299081140783
0.016997280888219432,0.005170782143211828
-0.0032511481791205853,-0.006694511393699251
-0.0136504178193802,-0.015399335568297949
-0.016977118656437497,-0.019683052678870428
0.0056667867837321435,-0.005835213971605736
0.009052980943665,0.017192044881155378
0.005695725704514104,0.0024355433474265316
0.01129830780093938,0.011978441414509232
0.030171055989997555,0.002361044135752866
0.012800995615428917,0.0032758937617600233
0.04036538555591331,0.003019068227277128
-0.006201482034122751,-0.0019922675445485493
0.047238457039019924,0.002560750318862412
0.003884095503995379,0.00844310308623865
-0.003687991225476258,0.0009013716786919444
-0.005721688205264615,-0.005520709431521785
0.0008631679269791182,-0.007684214022957184
-0.0044801913695513675,-0.0051672491281855104
0.00022010951889997335,0.005901804050259428
1.2801897887135087e-05,-0.005714780560714361
0.014920374146305147,0.0019792514567827974
-0.005037824729304641,-0.005229254298196106
-0.001324110671936759,0.015769428388856827
0.02626445938374767,0.009237634916278664
0.002044491467038108,0.03180702187211225
-0.00044361794338145574,-4.938857455438674e-05
0.014290727204565767,-0.0022818300601955615
0.010885149085625987,0.018434207938257414
-0.01331492768286896,-0.03482666346169118
-0.00731453172068507,-0.005525308337000828
0.008909536480919404,-0.017228118904152386
0.006216270252658393,0.011476270454041721
0.002241858445505862,0.013693473659586477
0.023584818137617033,0.0027805154306822827
-0.0021790890269151137,0.006492866996827868
-0.008154096074234275,-0.017934451212479635
-0.022669221752539725,-0.027996662558352536
0.02081816783269711,0.014453857473339157
-0.008972433573137803,-0.011592273868082922
0.0007142857142857143,0.0031815044858523123
0.0222481498511732,0.0009383524277141298
0.0021587301587301586,0.000851063829787234
-0.004340293637148253,-0.012007292433738487
-0.01430498507728746,-0.020853221909760137
0.0012933472692305843,-0.0024036394819535595
0.01646617904337995,0.004306169692601243
-0.0018115452557729674,0.003980140329997383
0.010903470701944376,0.017801882858223074
0.0013172893036995223,-0.002531801133318305
0.03442314781319245,-0.0032202452007087934
0.0011483593437374953,-0.001176470588235294
0.012522893424916828,-0.002186318488788025
0.02691237163963154,0.01405756720580701
0.023051449621945108,0.005256625336558924
0.006482756140534609,0.000625
0.025325525577488163,0.01558452495405803
0.012666969177511492,-0.00041795423741490013
0.013167215905431962,0.017048906047169236
-0.015595367561027917,-0.016947830870899516
-0.0032897836340248336,-0.006454725829725829
0.017498158270785262,0.023390057563978328
0.0010183890183890184,0.019620945948462958
0.008730238957823891,0.005131717588174438
0.006794523575152193,0.015645406581238364
-0.002659798687856222,0.004249062037831759
0.01099189032555432,-0.007393736709393251
-0.0027981982829860877,-0.002257801691149472
0.011967050627165078,0.005259281136558399
0.006852615906224258,0.0026412051810272234
-0.004897210533852682,0.0012115621883102244
-0.0003508771929824561,0.021173598179683877
0.027197040678887233,0.0034482941942107098
-0.0010358964282915326,-0.0015289839691905093
0.04287513919309567,0.009270398381139931
0.013249581082925828,0.005041421198692076
0.007627644775380626,-0.0005188930958249689
0.04611110541103929,0.023641172955167458
-0.00018489168480829727,0.017647162258596923
-0.008444919162098543,-0.0077004277970803316
0.02588587993726589,0.0059288037090387
0.006143608401308191,0.0046855695733884935
0.011651347858730041,0.009736006089861056
0.002973913043478261,0.002429897180464624
-0.015231004176055754,-0.008527650184181616
0.002089527232155608,0.011048440268314103
0.03337105618174034,-0.00013854028967536002
0.002386149866490269,-0.0031815768912689425
0.03810190774147246,0.008186295363092224
0.002028209545085479,0.004433656286337517
0.012447809079567433,-9.322162936223691e-05
-0.03161017860778936,-0.03156502599378232
-0.001225108225108225,0.003991507463223893
0.021119865876476154,0.047598864306938715
-0.004171124082593907,0.0007839030094481062
0.0015953400767504365,0.005309161149600479
0.008734827470534952,-0.009081789580971129
0.01897100414063764,0.0009302325581395348
-0.0024682539682539684,0.01030123495117503
-0.024710351992184753,-0.014566605267311301
0.007517178827145232,0.011973999965634263
0.014610597746586563,0.04455878948212828
0.020935409674276432,0.016990934657258202
-0.0020109384787341377,-0.0024792716697973048
0.007656017122744294,-0.003547869474944304
-0.005839496744745521,0.0013509431215965352
0.020090340814244913,-0.0011344734268912422
0.004278413343884149,0.0034575279822082207
0.00021287679116004988,0.016519276433404197
0.018799652562859856,0.005490012956759844
0.018532025205000087,0.026169579701264645
-0.02842048057191792,-0.032821305615366676
0.02522955176656573,0.0009878048637149734
0.0,0.0002941176470588235
0.019181980587452605,0.01768478468997046
0.0076771434352763,0.004523346876288053
-0.012216612171199638,-0.013687246626248366
0.01564374678000504,0.009935956674579789
-0.00437287706826704,-0.0070099474446991186
0.01600005580800894,0.027785766580444536
0.003086381739783537,0.007713827279686632
0.016001637826018295,0.03751017705798609
-0.0022060984275419533,-0.004635402810537339
0.040971413737502335,-0.0007844061369583358
0.01692552525290971,-0.0030173590057111306
0.004976703947655798,-4.070500003324059e-05
0.03295833272253123,0.04454504151412795
0.01468312280900301,0.02377919784501205
0.015657576250896997,0.005088202240830427
0.01958416262504059,-0.0009707650839726312
-0.00013596112392723434,0.009272773282532969
0.01318050425958959,0.00217797191780258
-0.006427176022940283,0.0018782324898903614
0.026478266687861973,-0.001636609184368073
0.0015127355206364969,0.006603233272984727
0.02753370592976975,0.008052466755619742
0.015129074012388827,0.0005263157894736842
0.0011290575228393566,0.00827473709626274
0.002176132155237941,0.002260444379602136
0.01969539788373696,0.014168081504978104
0.0014829931972789115,0.0
-0.0011985547842325336,0.000956820197220517
-0.02291563380075985,-0.00890088206247817
-0.007924011874280032,-0.00794801913794808
0.006378863391423152,0.00534638664003234
0.042805574126084094,0.01711804984884144
-0.004273275314880267,0.005039213543342653
0.005521623961753995,0.0018794366107672848
-0.012623832959810125,-0.028858128306160972
-0.001484432364037969,0.006844285650163916
0.01973489760551867,0.035366505847984106
-0.007018773598498763,-0.015143755736761359
0.022587198249439867,0.04226586931696698
0.00600087770203073,0.01754295872938042
-0.008577830857654435,-0.007709437612964588
0.007864263879941371,0.0025303486268251785
-0.01999221398687967,-0.03362527088546738
0.005179312325635336,0.013550111595724902
0.0031226191362467154,-0.003964960048702162
0.03414218308110254,-0.0006337580486740152
0.03363589286598226,0.0034666605255909903
0.02106267723200534,0.000588235294117647
-0.0015987061498053488,-0.003109259759078437
-0.018154415128773815,-0.020541177261453693
0.00016257510300869216,0.015356504091090583
0.010789362431483481,0.008805605515806648
0.002946213728034685,0.0062288358000806825
0.002757006250073569,-0.012076749460635864
0.013814856350340219,0.040430060277405935
-0.015939041315297407,-0.020507965458903286
0.016679571198987983,-0.0005318943784331266
0.014360449328538622,0.013630581223428735
0.0003846153846153846,0.002517053401537055
-0.009853827737561405,-0.006404543175378922
0.0015703580581062386,0.02432087444811755
-0.007100686244024056,-0.006165164302516082
0.0004761904761904762,0.0052963919598758525
0.010634042383518331,8.644490687480418e-05
0.014486358440010942,0.0029074900376896344
-0.007986671294476774,-0.016419966796079072
0.0023594762481263694,0.0003076923076923077
0.0249114167610478,0.003437475001428489
-0.009054244146549765,-0.02046832501950565
-0.009272661548061974,0.0004282227023844152
0.005576290591491957,0.005016170785117829
0.001816326530612245,0.00921300518641449
0.00041242078281517817,0.0005389323776366324
0.0054592068325463265,0.0002666666666666667
0.017520732387867742,-0.0022365010960995165
0.008963358241413664,0.014700463696115834
0.0075253937377049865,0.0049520004356788765
0.004585361220550191,0.0030430293180777196
0.02967030276943062,0.0033403717574332784
0.031572288126973116,0.007907616449932275
-0.0212455493230109,-0.020851393612722258
0.0070818002337606455,0.002901218962719199
-0.007975049665772768,0.008670833647176813
-0.006574738699117516,-0.011166981740893037
-0.012804057636674571,-0.01638627100982871
-0.0017250093482452716,-0.005018699617321468
0.019893988596851948,0.000919661733615222
0.0028736902134056564,-0.0008835672281059343
0.0064466772936621515,-0.01821200880830917
0.006408830344752292,0.009585226185569453
0.008221134830083597,0.0009002320085455175
0.01494442692302132,0.0010437668651276277
0.023025141243141797,-0.0032369900949939523
-0.00011253221469116267,-0.0006044243895750355
0.0,0.0
0.0064642762044699095,0.0076930636839608185
0.014937617061792361,0.005312365232462075
0.003039213768115223,-0.0013043719247952659
-0.003484509077768344,0.012932906497070552
0.004660026284414564,-0.009426055290328264
0.013769823452793092,0.0015140158882790264
0.014453688165376776,-0.0017915893630179344
0.0002801410563146394,-0.0015832324982353854
-0.0007565044768988724,0.01357736178579089
0.005364264657045761,0.008399223650833164
-0.0035083987569199146,-0.005956666601607197
0.016850668822284327,0.011915972677141253
-0.0021624681684617687,0.0008965892884624004
-0.0005431464655494692,0.001187319381299536
-0.00021791327879445814,-0.0010732212886207394
0.01732308415056652,0.0007907868958886427
-0.004739464962614474,0.016566284291823018
0.010602668774225192,0.002684917421759527
-0.003851360974990087,-0.0005892854393178496
-0.014235041828032872,-0.016842247779649773
0.002917516066183668,0.016594453881306138
-0.031477196653118565,-0.03165468690508398
0.0036302249522063776,0.00028640787104929587
-0.00034325258075258063,0.003263483406536952
0.027173907260858977,0.02230324885385892
-0.00046973611479058514,0.016727033894866003
0.012941490001081678,0.0012698861847202513
-0.001648358882617223,0.0007484942133510453
0.02855659835459381,-0.004507693311582692
0.006831784821547133,0.01119191010903879
0.02691237163963154,0.01405756720580701
-0.03045319273640168,-0.02516565315895338
-0.009886807588222152,-0.017104937273832777
0.023584818137617033,0.0027805154306822827
0.004200498997211106,0.001422360248447205
-0.007193400826679757,0.013561484231057002
0.020447503567097562,0.01085127015615588
0.017774142852922475,-0.00039170506912442396
0.000472689135118538,-0.0054165753914379635
-0.000685579196217494,0.0005855002730002731
0.000586472602739726,0.0012957157784743991
0.017498158270785262,0.023390057563978328
0.009943670738957182,0.004418897622876933
0.010819765281738636,-0.009092875821156672
-0.003079865493176034,-0.0011262950268183577
-0.016702270529415073,-0.013819538336523829
0.0021635731597577394,0.010630010818843186
0.0013729641404543276,0.026252224716728636
0.003596524656675032,0.001740588253044949
0.005844621306010672,0.00723884518108187
0.019492189257293818,0.008346026345285931
-0.0021033326952306806,0.0008035803701470995
-0.011708769772335785,-0.010457269172095688
0.0134474927850274,0.0039042456969121224
0.027501481944573084,0.005177654239286986
0.0070717651724427925,-0.0017984189723320159
0.015064786077676685,-0.002768578190113863
0.0030715679644597945,0.00861965811965812
-0.005389528166270996,0.006470831234909259
0.006545590086002508,-0.00023929693637077796
0.005112673424777007,-0.0069459818232948415
0.007323027792985799,0.005019312677207414
-0.003204207152195079,0.0061002569682166025
0.001306894902483138,0.02084540710038957
0.022089688135705287,0.024022300522126002
0.0023452200570844637,0.0029363544257161277
0.005530194778689611,0.011006643966387952
0.028689488331345124,0.042213225576572956
0.0018814167645245083,0.00853762284800195
0.001646091290464476,-0.00534207151681473
0.006396493358898953,0.008840636883138955
0.0,0.00338683123636164
0.0029624447134162703,-0.0019644347591516132
-0.0001203703703703704,0.01029273825589615
0.008632291408527296,0.0029214039399735603
0.0009487179487179488,0.01817106016826709
0.037723029358818175,0.00703253831673051
0.024714220403052062,0.008410241874527588
0.010503083751772392,0.005745018222949436
0.005426057944855815,0.0055318362155297104
-0.0010240064304053338,0.0035635672974678413
-0.012345127927261439,-0.027789778839268427
-0.0008495908085973999,-0.00034107276376163205
0.02924887421012906,0.004561115408264885
0.0016982872200263506,0.005568300484604485
0.0017897839215169423,0.002295701826189631
0.03444183106605933,0.01935374340018544
0.06350335853206734,0.004876755852194274
0.002271222821742307,0.0077852055749763555
0.018044570015818263,0.004940656434630409
0.023045169151669716,-0.0038695377792938783
0.006489712817653582,-0.0017397278348891257
0.05093657975778976,0.021376775633643014
-0.0002278588062464386,0.0018721316443972413
-0.0005144208037825059,0.0029084229507258296
0.0037221078857809786,-0.001843173263381721
0.018198912066507103,0.017323123305625958
0.02151433130290689,0.016536211190245224
0.001432608786895358,-0.00267839019619577
-0.005982871599167669,-0.003720083924268977
0.01573352561559182,-0.014855849211250367
0.004868433232507342,-0.009127387232463497
0.0010565287183200017,-0.003986570112845078
0.002202380952380952,0.0
0.00891072865876599,0.0006654593529415069
-0.004687975624565558,-0.0015909492441250877
0.01931076759207478,0.005357642422558982
-0.0007547155878271528,-0.013268015053627118
0.004201707326033339,0.0010456252316717433
0.0011288265306122446,1.6025641025640904e-05
0.007526785418091903,0.01106393433258464
0.014150303280972616,0.0018049528331046077
0.012303418630667674,0.006780649980269191
0.00020225155139376276,0.01746843736839037
0.000125269227120685,0.00710332390013756
0.0038613143255959515,0.0025354609929078013
0.028139948421517156,0.00020771182141045156
0.0016717441074790573,0.01061832578638797
-0.0043199853540353906,0.000207086051193843
-0.0008813999728717603,0.009156047063472218
0.06275588378459258,0.004816149791588216
0.0014673137785463182,-0.00036957049022266417
0.0028467570627291753,0.008161808724889065
0.0058221104525033795,0.0005649284104992419
-0.002171773665409417,-0.007932274363618036
-0.014535233224387448,-0.013183690742528597
-0.001225108225108225,0.003991507463223893
0.02560939010451648,-0.003416915977891588
0.018891467224474767,0.0027951247651499395
0.01479487926338917,0.005514614151838171
0.015171386122936573,0.03335798677521924
0.002416326530612245,0.011071316689887282
0.0015276157903524306,0.008328927341213311
0.010225702055631888,-0.0010480487615185342
0.005687594151879867,0.015544113767728414
0.0010623571509301762,-0.008460121541793205
0.033818036929532246,0.003233470295298253
0.002278826163437146,0.008848509422339071
0.018483097310530307,0.01321575996585141
-0.007070994253790616,-0.010911313086200018
-0.0008442673138542558,0.007404496144954447
0.00022010951889997335,0.005901804050259428
0.014109229311898085,0.04025996180911202
0.012552312555704367,0.009724718746256874
0.006378943459002863,0.010984678981325874
0.0005219234538211721,0.00749970159113497
0.05321758082902898,-0.004195474405291409
0.01647294051347764,0.012306038634637844
0.01927593753313664,0.0010144300144300145
0.004139263036269451,0.010710529705628347
0.012193180129175127,-0.008901294232428305
-0.0014712784159825448,-0.0095398714311877
0.004086255444065487,-0.004403399956205434
0.009570198591644742,0.0008267407514206786
-0.0016127740862367547,-0.00966694445909901
0.0015415202746904095,-0.0007418957608807228
0.00483934943628867,0.0056489227915088435
0.0014829931972789115,0.0
-0.0007632529250325001,0.013682827387913998
0.006143608401308191,0.0046855695733884935
0.01178627731860122,0.004615131866301339
0.003336817414723473,-0.002463981800046606
-0.0008853286110422813,0.004838379893803013
0.023689903092681788,0.006194747267731453
0.007877535479956788,-0.0022510709629353694
-0.004115279120098884,0.012933795932283786
0.01270702010690196,0.01674884813160344
0.01709710106783907,0.002145446691159171
0.005236594235579233,0.01704776896672063
0.007183072809776091,0.0034928043879656778
0.006632448260869349,0.004630615416329702
0.006250632956187164,0.0010840246611360442
0.0015863444239328514,0.004892460069276998
0.004117516066183669,0.020841197826609235
0.0002679029299261018,-0.006280322063928664
0.004277123141095519,0.006240384615384616
0.014599818718369295,0.009924148856848012
-0.0017996879008175008,-0.0016433660617370409
-0.001750722734704428,0.0007635988152346054
0.020758886992542372,-0.009528956553550483
0.013441936837458222,0.013418377395968847
0.008584322594498574,0.005532089448646429
0.021149445445782167,0.001163606049599238
0.004149086461424684,0.024317043536792947
0.02261448910607865,0.028465284978140413
0.0385059139385171,0.011102432891693489
0.03395747983919792,0.030852236357528418
0.021219790364172788,0.0003640711279791972
0.01953778498907768,0.01197405207887544
0.001590686579039823,-0.0005411927254032516
0.003596524656675032,0.001740588253044949
0.010004172497799578,-0.005244048265001192
0.008994993270300875,0.050650126271346775
0.022783934266176586,0.010254049563140655
0.004201707326033339,0.0010456252316717433
0.03098986895325343,0.015999615225922362
-0.017824858693389626,-0.01780260413737304
0.007351022485385315,0.005635734249380917
-0.006800481906441329,0.0017476988679881837
0.0024789652703186534,0.008960177790149584
0.003497704151493204,0.0066141709184937385
-0.000457312643207277,-0.008754027629460304
-0.020697147483072373,-0.015589059050525586
-0.007358213512419728,-0.007352754123850431
-0.01605277753630732,-0.024701490286785567
-0.003079865493176034,-0.0011262950268183577
0.013775003107977293,0.0215884975542082
0.005721644808134941,0.00028552091426674504
0.018088113812803133,0.0038269713525518564
-0.011239665156586474,-0.02058025069180941
-0.018280710596692888,0.0011316374141275808
0.00519063620810315,0.0013922039266912548
-0.0006916622460934156,-0.007594026499859012
0.003021875715571783,0.003043594902749832
0.002818362923626082,0.00493484317597918
0.013097069588527686,0.0020459735196577305
-0.0028962524761299655,-0.005003853215582157
-0.0033085959815450493,-0.00265632795879661
0.0031654654010366723,0.03023113745650843
0.036436959423264,0.020362962296149936
0.009516784420832713,0.0011873015873015873
0.022319789341639935,0.013541568133490363
0.03623100626264328,0.023839977402467735
0.0015535991968342287,-0.003480764163372859
0.006328979217349337,0.013951388841860726
-0.00504324203856933,-0.007030785053719845
0.012949031299630893,-0.01196605639351244
-5.478345500742592e-05,-0.0018488392115162489
-0.02457048652666663,-0.023791715431762606
0.011089981753074058,0.003507475551121251
0.005349512828493443,0.00026247527667522946
-0.001609764016744568,-0.003929467260360855
0.015163326892513623,-0.010530244620946465
0.013465120699454703,0.0049983579638752055
0.015019651705413323,0.00368727212423967
0.006374352774374948,-0.009292288137226727
0.028748479871942508,0.001989881958575204
0.025291697261935885,-0.0013752892771443897
0.002672661061907117,0.0
0.015565955063503792,0.001451903940810822
-0.003374426835040578,-0.002219491482204176
0.04457694243610998,0.006888641315111903
-0.012001383990747403,-0.016623292404389336
0.00021026592455163865,0.01367206180670766
-0.0006626421954404765,0.002763087206525522
0.008920145953912198,-0.00324916799183017
0.0013355522546906785,-0.010094867245603026
0.002703488645329883,-0.0004021472379873611
0.000954414941065896,0.0034737413295296525
0.011195827288457793,0.004311084762877885
0.020520678756210248,0.010791299920048401
0.012867915940851002,0.006597902097902097
0.0022379528084421328,0.006577619097159187
0.004502392947554238,0.003983790615930074
0.00343449214031046,-0.000851063829787234
0.018960943647314817,0.011235829365133287
-0.0006188459111634943,-0.0011591548775594172
0.023109701795463053,0.004166840024963595
0.0024738704074652815,-0.0037356586229854664
0.0077676585214417095,0.0024133349978026613
0.01219179750961603,-0.0079045191967492
0.0009392438316945242,-0.0006998889487368743
0.046543293332131974,0.005495323536916829
-0.006555467502818485,-0.011696043489310644
-0.0008695652173913043,0.01600233050872381
0.0016900208506154296,0.0004277817832251862
-0.016366089064221857,-0.01874109523016879
0.01586357292346497,-0.006393506237916109
0.001603137754102875,-0.007421325805043683
0.013334377816735039,0.015469789215600663
0.002528523932204381,-0.006206543049671109
0.013039700415734793,0.001794902896106227
-0.019160700888059403,-0.004538847595698028
0.0016547619047619048,0.004782408116154696
-0.004335577222165382,0.011345262270529552
0.007626862092804516,-0.002985511066900365
-0.0018363095238095237,0.004034412967160358
0.025363029355874783,-0.00029462694168576505
0.0164344754181069,0.005651597833905477
-0.0007620972917468873,-0.001530812324929972
0.002554391844714425,0.009929367629228985
0.011175434673438213,-0.001196969696969697
0.004091941748970987,-0.0005871885959626158
0.0039019313803023664,0.0038909761628796867
-0.010213091950476578,-0.015118122273178148
0.016848609585747926,0.008733036450391737
-0.017132649117553918,7.65622657671397e-05
-0.003747867212951261,-0.007021327839968315
0.03162346681219353,0.006670218978878777
0.013698960730862015,0.009290532674501304
0.0015662967523432632,0.0003551304160995285
-0.023444013788512148,-0.024362574394572754
-0.0015098643551349953,-0.0004009129043504476
0.0013679917587457488,0.012550489726340734
-0.0006197271401535325,-0.0012148654511078595
-0.024710351992184753,-0.014566605267311301
-0.0021208479181245277,0.0009435088895947399
0.021608048236762933,-0.00302464670392527
0.0043860149387416735,0.0026320947189840144
0.01984290117692261,0.0013508991207486273
-0.007159312642842705,-0.0029476444078179974
-0.0014499261559194655,-0.004106550640518802
-0.0050930128622168145,0.009807779050759469
0.003823669250960015,0.04202013949895193
0.005812699749319468,0.0
0.019332785216704434,0.003855764473033152
-0.001526547860411084,-0.016581849500908595
0.0067175702585574055,0.03637103357933172
-0.008406153570472565,0.02558462192386725
0.017145533783961275,0.013902763081684104
-0.007983383899098626,-0.007772491014884449
0.0008402490934514284,0.002514576195836577
0.0028434458848849153,0.034493008843277495
-0.018268294272846403,0.012690355673852169
0.011087767704544298,0.0019208975301551498
0.0005649866569483785,-0.0007028708670267052
0.014838098500774364,0.0008648069945875217
0.0008128709489862154,-0.0009071522966553397
0.00383379201650575,0.0009392987964416535
0.0,0.019306699558889414
0.012120526749715121,-0.002364905618015844
0.000484000292844098,-0.0026716824982757513
0.0013679917587457488,0.012550489726340734
-0.008008820416797745,-0.021108278910279343
0.005150518663726211,0.0014611527834656078
0.02106267723200534,0.000588235294117647
-0.0004,0.00012631578947368418
0.013688125826422676,0.007890633760744205
0.008766449965056235,0.005661127868952673
0.009846652689949189,-0.01467076178973427
0.0009950201748178027,0.011731775685733439
0.009027153371678167,0.009095645957011098
0.0010499909420516019,0.00989059918827536
0.0007272727272727272,0.000689655172413793
-0.00033304111664365314,-0.0028525915008999194
0.019683731816473475,-0.002218978157301832
0.0057562089898868084,0.007953831254588229
-0.0022970562282952725,-0.0026622195969100908
-0.003496814935546348,-0.00858154866682943
-0.002719585814943721,-0.0026412043667515418
0.006186541754033563,0.006011476351745629
0.007546766140956679,0.00781654634755127
0.026572553228593348,0.051984569075804156
0.0023809523809523807,0.002307692307692308
0.029589567817907142,-0.010644702092671774
0.017402713781191775,0.010217726124717833
0.0032725910819314764,0.03447988611877268
0.009226751591337175,-0.004416681283150525
-0.00041384318654149634,0.012471139213976882
0.010817042590077163,0.0017125722576331857
0.0005032255812464411,0.015858771310667607
0.0006068198566356268,-3.478260869565212e-05
0.010718326212844674,-0.0018589682759611783
-0.009181950523294093,-0.009348831771053057
-0.012994876312148606,-0.01428419280307369
0.020944261480716327,0.0027218196457326894
0.05098753089952747,0.03584429268969874
0.0031299299902966156,-0.0014595490782355752
0.013826205645210114,-0.0011149110634752716
-0.007072010413982118,-0.015536198128914661
0.012850977780208793,0.045573406202836
0.007630466458406277,0.0009090909090909091
-0.002723818725677835,-0.001838818091251023
0.0042975012302473884,0.00013974070039362955
0.0011521174208908877,6.238859180035652e-05
0.013196525488140006,0.0015836214298329827
0.006282195167229899,0.03347518960811506
0.025354656405195134,0.002697632676656948
0.006986474912657328,0.014196146962401311
0.013056699270486125,0.0015360176150381547
-0.00722415136445545,-0.01046565567148401
-0.010033242624207822,-0.012250636918770435
0.0055039322960017305,-0.000451063829787234
-0.009155063044882492,-0.013889485130742056
0.004593672470022602,0.02706712102318797
0.025149115807447244,0.0012107065048241519
-0.0019330400782013686,0.012136241302693106
0.005525188126990445,0.0063792133928774
0.025885502416188606,0.012238581684640287
0.0014520855866264875,-0.0038499608490716146
0.00886691723692526,-0.001388668230773494
0.012976250235955526,2.4961597542242568e-05
0.0056296351392658706,0.012840657981471442
0.007938792164035775,0.018337567171631472
0.0010806108884029641,0.0005926728641567382
0.0018323802119731922,-0.0056420048367404755
-0.0061040331048952765,-0.012836759451369216
0.049387084056544815,0.04662031813053135
0.020106378936294,0.010692915804896612
0.013890540073264214,0.002393939393939394
0.0034739031323614126,0.02982652276031818
0.0375764639513582,0.00406242146435103
-0.004807448826917184,-0.005807448826917184
0.0005284081166402189,-0.0009330212341508342
0.0012512218963831867,0.00041666666666666664
0.008816954072821048,0.001477808326787117
-0.011092716928023327,-0.007574218279283822
0.00212374199952548,-9.556146101012686e-05
0.022537643000308118,0.003133207978141474
0.02496159017337001,0.018716095103175335
-0.023635100607114972,-0.02206260642251045
0.004505271288097253,-0.011375152348145998
0.014327515738392367,-0.0041404673608295296
0.0042654509926947125,-0.0018685334240561109
0.0002927154843630818,0.026276760710794468
0.0031209521705779005,-0.0009230769230769232
0.0023847524391364568,0.014166807758003119
-0.0173359939057382,-0.013676359300901952
0.003849710988475236,-0.0005913773335372002
0.0021635731597577394,0.010630010818843186
0.005712644683738194,-0.008233463153140668
0.014819404851557501,0.018974224888367322
0.002676047797346993,-0.002740654708903725
-0.007658688145765402,-0.009702834471612439
0.043728751321162905,-0.0009689074909304835
0.006199584406821247,0.0021496084258151803
0.015765500401461158,0.024517615882029095
0.04457694243610998,0.006888641315111903
-0.032498832497533055,-0.03640776023167325
0.012326543344028593,0.004391028767587314
0.002958487467238889,-0.0022512875891833534
0.001857007768050816,0.0034649945673600915
0.003347165598247951,0.033570903064202226
0.0035186421614549716,0.02515825829233391
0.0024776178527142704,0.00037037037037037035
0.00907031849880506,-0.003350225992095981
0.022537485105859616,0.002506857721409415
0.0338973987391859,0.018455067847086507
0.0021635731597577394,0.010630010818843186
0.005559762470747243,-0.004381438791817941
-0.010045291712149053,0.005392065689306363
0.0020288074784070523,-0.0054561796935606605
0.006199584406821247,0.0021496084258151803
0.04090657671689663,-0.00027484658310588815
0.0003846153846153846,0.002517053401537055
0.0023089875589875596,0.0002534562211981567
-0.007479363952513465,0.02411040331250871
0.0011392233003830305,0.009204242327071331
0.019950467712554397,0.002786114338358384
0.02174048260384035,0.01315964912394217
0.001412565026010404,0.0010540185194563075
0.01651804374490292,0.04427476408198706
0.02828788234398433,-0.0008406964656964658
0.005364264657045761,0.008399223650833164
0.022873713256308662,0.015071769874289865
0.017825856463322538,0.00510796952192301
0.003056116781834976,0.007920140924916991
0.0013741436968824723,0.0007910505633161595
0.01958625912317409,-0.005266071887152045
0.0009614607056447995,0.009412280993289383
0.008312557544170958,0.010871408704595204
0.001955607295112438,-0.002942044426428134
0.0029532073254356864,0.0016276003476370648
0.017018048313211086,0.005108043303287358
-0.014223261896625646,-0.010209212607959237
0.00025882199222732657,-0.0032006967267725625
0.029797589884283954,0.02658971503802893
-0.01559780831160991,-0.019683052678870428
0.008245576308946258,-0.0014606646834868873
0.02854724914994778,0.008055642357953283
0.0019260580608110843,0.005029221295945529
0.006635204037325798,0.000954481640758568
0.0005373250521922305,-0.003457417114762544
0.0022665803797879266,0.023144639582652445
0.011508182821196878,0.017222708096450372
-0.005998268312390951,-0.008627555508283306
0.015470746834372386,0.001549448076231824
0.03686325496549643,0.005396117678759268
0.0015359043386238384,-0.010106186368614184
0.027240895009828493,0.009324321942546355
-0.004726582312981939,-0.00760785855167085
0.019544067584842128,0.0007541009714922758
0.008079454539833221,0.013561286900178297
0.005592790124241947,-0.012416453078647825
0.004825835872746628,0.03423205034520537
0.010091910849126817,0.009013511383122308
0.02111644474848886,0.006931623683383624
0.026477752276731756,0.004371832703015246
0.002700799024855976,0.0
0.012010640808930228,-0.0010173345205885531
0.0025001190902538724,-0.0026889678390769594
0.024886451391067252,0.009570138586997515
-0.011812313736632272,-0.01483335944162878
0.006945982577280433,-0.00978051094539211
0.014615191427143393,0.00850744610097032
-0.010816496044666463,-0.011140261823082923
-0.010472692045292694,-0.00729424740466318
0.027346303057713135,0.05040809138723943
-0.00021749777596466544,-0.0020050838252004314
0.0038893034040514756,0.02486884076903148
-0.014229617063832665,-0.012921815509051967
-0.006054318209467044,-0.002670408579004531
-0.007260591105403086,-0.0038888559489194396
0.0021196548192466053,0.005531276492954528
0.015186986696103444,0.04220285965733564
-0.005931661589327245,-0.008705524706910918
0.0029377909619208147,0.0010590246175156016
0.02485757477527979,-0.0066560404277795585
0.011905619225832964,0.0021257857020568886
0.017643795810047817,0.008123238283959347
-0.008030107407481689,0.007133886784193827
0.003848072432739497,0.024756009935587915
0.00041242078281517817,0.0005389323776366324
-0.004595932462818657,-0.012765315855458035
0.009304436318695068,-0.0005738200418507324
-0.0012713355960298103,-0.0010063957861644653
0.014810912704029788,0.0009049381351171658
0.003808912566962552,0.003224039316570902
0.0010896057347670252,0.009249928690744176
0.006482756140534609,0.000625
0.003903014063432892,0.027630336204276
0.005317455525139056,-0.0038700830383711403
0.005606000488718697,-0.011805267612886814
-0.019161000086099875,-0.02909926934773791
0.0048828853297743485,0.007510397896295401
0.007442651670467858,0.03278179536661647
0.003832246972995065,0.006457114620612985
-0.001694578338457534,0.008265612911162724
-0.006069659182853739,-0.011019596730358735
0.011598175313822078,0.06782372826497685
-0.004584824111390442,-0.001606521619233225
0.01417338939199781,0.0015409688225249303
-0.0012883757928268333,0.005122185147942651
0.011789694528950546,0.011261470882006124
0.003099249143774908,0.0010857643834075647
0.006638457767557147,0.012970519587560545
0.006083868903308468,-0.0025579381589679075
0.0075659275767251295,0.021513966375382824
0.0036243656883043073,0.02610155070326647
0.01145453308316561,0.00962676151720455
-0.010009429357992244,-0.006187849355812317
0.00022010951889997335,0.005901804050259428
0.004506819461321147,0.03249693410240224
0.0028954022319379793,-0.004220878810912071
0.0008902205711131647,-0.0007625957980009908
0.028191018520582013,0.007255057788565448
0.00846496651379498,0.0015477642829911224
0.004262011603732555,0.006485964299171847
-0.021214198289644277,-0.024161988875797822
-0.004102633620738176,-0.0022763122475289756
0.0010457090373415176,0.0069008434274985195
0.009461301257578535,0.001647177547811223
-0.0033645366508042035,0.0012454625225326622
0.006115299024033296,0.037526378108806935
0.02759921723332138,0.00019727688332339482
0.00038619901835469563,0.021079044548311516
0.011286167665401163,0.016497251723614093
0.009811326982936673,0.004544096529056085
-0.007321907836036956,-0.00958615942713231
-0.004970485668865197,0.007342963613084482
0.015854854281663156,0.006183434352780946
0.004175147867269478,-0.0003076923076923077
0.0005,0.0021081944969637656
0.011475479361144956,0.0014677177177177176
0.02799796054064248,0.0033671315463298388
0.007527362875588479,0.004496871556524396
0.009104131992826245,0.00686317227310893
-0.00929867094307339,-0.006408118422280015
-0.003988415294818895,-0.006875393557520867
0.0038532881455910235,0.0005014104669277086
-0.005617734530747938,-0.008617083563653347
-0.0036860632851599146,-0.001284646038789021
-0.0021404694707794296,0.003115338084800943
0.010596828906095396,0.01207518262985376
0.006819399219481687,-0.00668787213512537
0.015013091720914171,0.012861741160433017
0.024669284820058788,0.019065825373896537
0.0052321413179596335,0.018956464248528215
0.007653551728124945,0.0019393939393939393
0.00642884407955253,1.8469570186912566e-05
0.0006868016941827346,-0.011568547942020089
0.01780778653853713,0.048404177148655275
0.0011366300366300367,0.00033898305084745765
0.008099997595220995,-0.0016620859760394645
0.0034641637933020136,0.0013574329849976598
0.007799992230096489,-0.01071767947862088
-0.00044444444444444447,0.0017922902494331068
0.018081339055333878,0.0009383524277141298
0.01224096328976436,0.000689655172413793
0.009705403844778566,0.009786508812824602
-0.013202442720180818,-0.017206559885597498
0.006196840405206587,0.005675352165843521
0.020277537833063845,0.003374110618642649
-0.0008072222069177015,-0.008934143501811516
0.014275245317689101,0.007545430349254725
0.008601391024612586,-0.0025654862009678986
0.006403895199311159,0.010040864118639626
0.006231642103778221,0.0010422870902747064
0.017201261686599127,-0.006755459299453511
-0.007013510089597046,-0.00757195029548683
0.020270177570330065,0.00017065935117547616
-0.007286232502016091,-0.008031682660387935
0.018142584625215945,-0.0011000322855323932
0.008351913831467831,0.011960459461773976
0.003261904563811323,0.006318412499578473
0.0014794956710459176,0.004758785346572711
0.006482756140534609,0.000625
0.0012787864309603434,0.0010269189473570868
0.025341237596076715,0.0031561233961490422
0.004768056924985029,0.010202783767807366
0.000979150903741068,0.005049174938536642
0.031212139396684536,0.023824532853554826
0.004299468693034286,-0.0002632205706581581
-0.004190188798756861,-0.006706313557873611
-0.002184672962170258,0.001895188561588003
0.0005623613884483455,-0.005127530997646572
0.038634293118938526,0.0025312633492283474
0.03958534360854553,0.03347608243823925
0.04312364459075014,0.03844778639933028
0.022495199584972425,0.01315964912394217
0.01688917704460535,0.0047243226372412385
0.0017857142857142854,0.0070446720794089535
-0.0010358964282915326,-0.0015289839691905093
-0.003760168909466684,0.00019481593987214808
-0.0018012472071792596,-0.005715723949075356
-0.006331380767391212,-0.012683737774477025
0.0030692138694147775,-0.007457357452417147
0.00032967032967032967,0.0009487179487179487
0.01849385594747345,-0.002408620040524275
-0.00044444444444444447,-4.4444444444444447e-05
0.009776450835992346,0.03781029136285566
0.018323603877316498,-0.0023168192921497405
0.00852155579803809,0.012175574218483635
0.028073470086596997,0.0074641003246637624
0.029849472555562265,0.013140139199177595
0.01842436646531382,0.0001878558003681253
0.0010331498767717669,-0.007011908318079522
0.0007824795212635009,0.010596193817502401
0.010208785919360726,0.018397755636924133
-0.022370476234363747,-0.03708846816846503
0.0008231039877830224,0.003259938768901796
0.0016653572688818405,-0.0052914139568871026
0.015655856771905494,-0.0013911359616675441
0.0015789473684210526,0.03167295450933123
0.007313666271166068,0.003071391952205906
-0.00522278954641866,-0.002811777840533656
-0.005965481438068255,-0.01369468891175891
-0.0035083987569199146,-0.005956666601607197
0.0033664110473036407,-0.0007625957980009908
0.015433213659666566,0.0022994274802129906
0.0007826320965855849,0.006850722027218476
0.0017137375374864667,-0.003891165203871661
-0.002159629872716097,-0.032529289983317694
-0.008168059135997016,-0.0029559349981494853
0.01977692662491765,0.009322639832730146
0.033489689236463435,-0.0004535646928437607
-0.007602382318965227,0.02822505682104421
0.005501075470763162,0.0035219609910868807
0.017385118149191806,0.009450579590196642
-0.019638260643451335,-0.02435860721483417
0.0029725071973748223,-0.0048287389382134826
0.006199584406821247,0.0021496084258151803
0.006416811644540207,-0.007170802215229243
0.008365648664458766,0.017382393597620296
-0.010264089304918952,-0.0013111652720687317
-0.004155873938657981,-0.0014898645252810357
0.020967043494357927,0.005098384954443707
0.0020844135111937104,0.0010121830345802487
0.014012658535051525,0.0023206092153460573
0.0068322610782661245,0.006624048230042569
0.005922352324629499,-0.0007592388384139882
-0.001176470588235294,-0.0002875816993464051
0.0005752361387910054,-0.0013537251449688755
0.024123257981788413,0.001948291237953807
0.0056247505096029245,-0.001578678351592343
0.009088612832862358,0.00875541988941451
-0.003761781056357912,0.003454734916719585
0.01588234997033079,0.016852110046852706
0.00917660849033786,0.0013930289088629859
0.010723669097921011,0.010955871322720405
0.0245454079335539,-0.0010492545753896458
0.000721526799311565,-0.0016215538847117793
0.036424498201862186,0.004911979710299039
0.0036892831062235523,0.004338875878199651
0.003841084079261199,0.0065015796983964695
0.005707907736843839,0.0011173862934785016
0.0010831500832240767,0.007354495122410796
-0.0009854406696511962,0.022493884033492825
-0.0007239122063919909,0.0008378944982718568
0.018717506143158466,-0.000460968403132307
0.0032687108886107637,0.0021587301587301586
-0.004015991878955445,-0.005568932024157986
0.030026442462082855,0.016931011626919984
0.018068107911198027,0.014000849120238423
-0.002628510339185008,0.005973763357759619
0.005303475020080448,-0.0019824016563147
0.006726900388809399,0.028645534953650142
0.010875921366724512,0.016749218851201293
0.0027052785303504846,0.014552377950714117
0.05330477973864591,0.008546643733417951
0.01568160625183719,-0.000697301956034832
-0.00427819284718187,-0.0060229225372692334
0.02358444679242351,0.005892770586024018
0.0048351283297356435,0.006498923016622138
0.04018160190127647,0.009700716789626907
0.016485723648606516,0.005709514671241934
-0.019184708034715843,-0.007293840310298467
0.017223453036198443,0.010227965905885818
0.04191716207669193,0.004874962153685557
0.0077798201910432505,0.010015630959978256
0.0036455103955549987,0.007273771568932859
-0.002009352275803019,0.009084593681317438
-0.023720446355686937,-0.003770474471837759
0.001439098531607055,-0.005629094413666965
-0.0019848308420822966,0.0027363568193746416
0.0122189791320737,0.03488965237192495
0.010089225224153484,0.002416915329656103
-0.006662407150193351,0.004081138516636117
0.00015997414101088245,0.0031603743952749682
0.019592725225036942,0.020831020327462632
0.016217068223711585,0.0031667704646043855
-0.006671552918347017,-0.002344882051133708
-0.0005133569177458433,-0.0010955844688622083
-0.011019636351860297,-0.01814096539953943
-0.03367395926137124,-0.02390501403828608
0.0039019313803023664,0.0038909761628796867
-0.007601119746380043,-0.012877857412775875
-0.004005538507415973,-0.009661122024689116
0.025063298214771962,-0.0025589596479323982
0.0058407570918545225,0.011809712041271956
0.003059732498560363,0.0024593048640149835
0.009001540054356322,-0.0023947599307896097
-0.01753224161727912,-0.005827655200222829
0.016520159777977158,0.0007142857142857143
-0.0018866939413455753,-0.0036182061631017
0.018370278828805202,4.6382189239332135e-05
0.017375726057055414,-0.0003636363636363636
0.003374160090308815,0.0013098439105291783
0.0028180669357139943,0.0006451612903225806
-0.0028378066408089927,-0.008868276292544542
0.014461091609906856,-0.0003307587685982883
0.018345584439889775,-0.008293112431867259
-0.001980925432418022,-0.0007825260336774137
0.015092468618388179,0.0012463450292397663
0.013270840898208363,-0.0018573485987214416
-0.004059959536744189,0.0037687797027346074
0.01444378022815597,-0.003830593359689978
-0.003257096587331974,-0.003946751759745767
0.000586472602739726,0.0012957157784743991
0.007087257839101628,-0.004685842867577511
0.014819404851557501,0.018974224888367322
-0.0007901339994517433,0.01920665309184706
0.004941489856092772,0.006383867172729783
0.006796696805286424,-0.000849691425962612
-0.004223794598853284,0.004771161530806697
0.007653495211464559,0.016305768759277386
0.014479795168888893,0.0038897052054946792
0.004662908520051377,0.009210315829404578
-0.0029779675192618525,-0.004302333764306986
-0.0018188128308473696,-0.016437465822415353
-0.007401792738472059,-0.014057418082758384
0.007261837525188981,0.004734317729054572
-0.0009069794912643691,-0.005856549746611349
0.01658222704935181,0.003970062873586358
0.005065065358202021,0.0073705734351534845
-0.0010358964282915326,-0.0015289839691905093
-0.0010097657693629173,-0.0004065064493851507
-0.0067485885648976614,-0.007131619577572636
-0.002171773665409417,-0.007932274363618036
0.01101956065569142,0.007635738674911072
0.007630466458406277,0.0009090909090909091
0.0009875940415593502,0.003942242259313322
-0.0015098643551349953,-0.0004009129043504476
-0.0036504629334767388,-0.007326349561425402
0.0011474111663445294,-0.016465941696226012
0.010441450740068496,-0.001317636774447406
0.004598349484654437,0.006333383810063055
-0.012521846390808772,-0.014199335568297949
0.023963460577270286,0.015038326261264917
0.009155116919556543,0.0011510221109720484
0.04556927361895472,0.0041835240232104935
0.04457694243610998,0.006888641315111903
0.007501014953427569,0.02276200487607768
0.001685891748003549,0.014425240020225707
-0.0025158452593580446,-0.00308331940900771
-0.0005614941457852208,-0.00267366512544887
-0.012828471864224287,-0.010061038851679615
0.0013679917587457488,0.012550489726340734
0.014937617061792361,0.005312365232462075
0.004920238867048145,0.011023450726207362
0.019285575691835418,0.017583968837881866
0.00864523705656133,-0.0014268461007591444
0.013621286537131003,0.005514650361852657
0.010533595701752708,0.025486949765983206
0.007893301652219327,-0.002504099140275445
0.026484939685731564,0.006014630670670333
0.009637764579522406,0.011517519906828354
0.0028533015336336554,0.013952625509081433
0.02588587993726589,0.005144489983548504
0.0005673659673659673,0.007331035973366251
0.007536486598419697,-0.002248459919556265
0.02081877809518768,-0.00016753699730404428
-0.0010811799767133342,-0.0021606661268538403
0.0005637963647954158,0.0003180880336535433
0.022897444598093356,0.007103406603222373
0.01879722342694853,-0.0031068916381249323
0.010260649302285514,-0.0010604122245913292
-0.002903598337941109,-0.0004142152157029645
0.0022884012539184954,0.000425531914893617
0.008428275998830462,-0.0068490508388593
0.001679281438403582,-0.016097009675515216
-0.00995137676694659,-0.00015019948648625076
-0.006084259666048689,0.0037444922168664574
-0.0007229495108862956,0.0021402886570305235
0.0037240829346092503,0.0026451612903225807
-0.000246344084338046,-0.003955820752454719
0.002346114309297929,-0.0007730614973262029
0.010672885611838885,0.0049098249880881895
0.010927257063628223,0.002302631578947368
0.00767982019104325,0.008214481534690898
0.021901398682641602,0.0015811979525390592
-0.017951983606660504,-0.012502949283964905
0.015592513071204198,0.008054298977026952
0.007804704033144188,0.014405902128945002
0.005498644740915235,0.008978037052535744
0.03369557527946337,0.02361143005699118
0.006135980498433415,0.02971172282491911
0.011040091383498613,0.003849695159885529
0.023584818137617033,0.0027805154306822827
0.01934086041881867,0.0018054780930784886
0.008148410270048792,0.003932357882714861
-0.015568150439935844,-0.015323507441247271
0.008398349263183332,-0.005289388313301357
0.008347187553408728,0.0013048906032994156
0.0008837717452254666,-0.009093198742385136
-0.0011656562506587751,0.005704833870797602
-0.01645984622771688,-0.023333446763131774
0.04457694243610998,0.006888641315111903
0.019752126404760397,0.0008303149007718242
0.017498158270785262,0.023390057563978328
-0.003079865493176034,-0.0011262950268183577
0.027797734846674214,0.012737681701331232
-0.029586076497288956,-0.03443273630799533
0.026537122805613687,0.012330772705226796
0.007630466458406277,0.0009090909090909091
0.0005765087758528523,0.004344548792039441
0.006573181772002938,0.0010673466961903556
0.015127133579486602,-0.0049412660204405014
0.017475834628298655,-0.0011039201377597285
0.0023388372773604986,0.0010550804753262858
0.011342707847241404,0.01168964190836083
0.011167376237777502,0.0066762551287872715
0.020165241334569445,0.002569587275469629
-0.03091418326538371,-0.034521951793980904
0.050791736867175405,0.005304937534201155
0.004485074067787802,-0.0002380952380952381
-0.003691141541437221,-0.001589482425504751
0.019213892437996566,0.0002851810377006346
0.011592495470566727,0.0189436756023937
0.00338396343319854,-0.0028825504905776924
0.018283316430089198,0.001796382189239332
-0.00826194568765351,-0.013221568708558062
0.015765500401461158,0.024517615882029095
0.004566774078052274,0.012189637108425945
0.0011513547877651542,0.005152019492089823
0.025373975702173836,0.0005558696201577846
0.013469079194089108,0.008606503951448151
0.0037987523603237013,-0.001574876920465156
0.0055462550437118795,-0.010814821517800102
0.011445634438712325,0.01970385138073856
0.041087783665658274,0.003184788188239638
0.008275236220256008,0.013047055184733055
0.0020393678455496826,0.002822385097660217
0.0034739031323614126,0.02982652276031818
-0.005986888046203856,-0.006223673465369929
0.03844454451076783,-0.0009459412100357289
0.014241022080371011,0.006862058677575921
-0.010719570018900951,-0.015456264576499342
0.04457694243610998,0.006888641315111903
0.007383266359540799,-0.0028486569016291886
-0.0015682378679207675,-0.004010323749520891
-0.003999017792578283,-0.0038223233790686526
-0.0018725141427804997,-0.008510521256686058
0.006493811492910949,0.006841930147549484
0.005721982789894504,0.0077407201817407964
-0.0043278820688302,-0.010317792602222342
0.006509791735929033,-0.003594573133339583
0.0064486024898548185,0.0094296416926625
0.005948206919651948,0.009390392348700616
0.008583274926263132,0.002605717696914831
0.020554564723515113,-0.00012671624713958812
0.011382115866672206,0.012000102363516011
-0.0014327755396083622,-0.006745993076304866
0.00575044699662362,0.004286416138673066
0.002128136301865116,0.018324774716299952
0.003964480309104533,0.009782021576499324
0.0023982758279096953,0.0081351783068951
0.012196939205992262,0.042910705535681895
0.03227906127274829,0.007443185911396202
-0.0080244862278709,-0.018976736975941016
0.011826872530303751,0.000276001705029838
0.007971062148591447,-0.0025598369517962523
0.002262626262626263,0.0
0.0014829931972789115,0.0
0.014809685816083402,0.004621552598036741
-0.0007213129519445197,0.003225838811140352
0.0026075972784546974,0.015073083264348967
-0.002964355173155864,-0.002964355173155864
0.013201195622987851,0.039250226943976806
0.023584818137617033,0.0027805154306822827
0.018589908929811782,0.011881598393663342
0.03929978000439358,0.012190487918104998
0.0021635731597577394,0.011319665991256975
0.01700276219457466,-0.0028833042163183206
0.009772337435751271,0.009900678584181161
-0.023594458598718653,0.003842072111830106
0.03445217538192325,0.006612479989966912
0.004287731776960523,0.018264692951052132
0.017062554289226768,-0.0009682943711433164
0.03428330533725268,0.01546165399959478
0.00020157137548441981,0.0011657131513480505
0.012858489350112131,0.00024542769484944566
0.003766309210199314,0.0003508771929824561
0.014682244533865746,-0.004353449575935344
0.010893263651894625,0.016296423261179194
-0.02080429345073673,-0.005687457970472789
0.006303130342115662,0.01773771351373068
0.0011366300366300367,0.00033898305084745765
0.05464717495437181,0.01000050059786067
0.018117533486126474,0.005082089060030237
0.007936008126402522,0.019026013704928922
0.0025104600671363875,-0.00034683792753458995
-0.0027184152539122116,-0.003314893581681242
0.009960630170150576,0.021215645146431754
0.007451039564072249,0.003182784520509095
0.0018286795649355737,-0.005899225856406183
-0.00029225191951003354,0.010125072378185825
0.01059539494322103,0.0024930555555555556
0.05648815506863991,0.01872142797270456
0.0016395019995649445,-0.003759015220623388
0.0062915694326580425,0.006349599047667304
0.027572445189203584,0.021731404861122725
0.007377894014588907,0.0069217310784348935
-0.010295778479717882,-0.010327553956826767
-0.012994876312148606,-0.01428419280307369
0.0030927083181181547,0.00419943868793904
0.035618019045692575,0.00483828269019841
0.014318062664315031,0.010851154663569047
0.03155596300916294,0.008201848422439869
0.00424557585271871,0.006226167955102292
-0.012180861431434918,-0.021289517116593423
0.01820271628932467,0.01125408831489197
0.004691052822173668,0.003512120211393922
0.011087767704544298,0.002946538555796175
-0.011187569503680996,-0.005137739870948984
0.008877483143656701,0.034172857386843725
0.01067509077832085,0.012229919655231871
0.0045403381482346725,-0.0026708117688932324
0.0048094767551289256,0.0016561743655822527
-0.0050797852539127795,-0.01640220516660469
0.03211581536258956,-0.002170575821619593
0.019320980545200272,0.004052817193195354
0.013758860875157633,-0.006688791547135174
0.0070304111427230195,0.014424304843015455
0.020954017363919573,0.014985173933535339
-0.018973027135496003,-0.01683419450726315
0.02261448910607865,0.028465284978140413
0.0036337164782644597,0.0026324074559142454
-0.00025316455696202533,0.005058672182352043
0.0030868111465016403,0.013972214420577844
0.004861287417678395,0.03684929357206494
-0.01918953842116724,-0.027976592154531306
0.010360254699877341,0.0051596292825250014
0.013530322517425203,0.0017259059888114579
0.03311811092080878,0.008907388967149868
0.00541433538762414,0.021576826147855173
0.020422183431970962,-0.00033898305084745765
0.015765500401461158,0.024517615882029095
0.030755562841261345,0.006560013381448399
-0.015625904154080578,-0.012188803113302477
0.006488766920868963,0.003922299922299922
-0.0012708468002585642,0.00024358617518672283
-0.021638276369168503,-0.022699975222053505
0.031211586384880186,0.005220160741587179
0.0016366268223392579,0.013365382836354939
0.03197037486835994,0.019342840336540792
-0.0075681970220473445,-0.00752319779860194
0.03500142517991629,-0.003563928648358989
0.0029714379696232007,5.696602248326382e-05
0.024122155036762617,0.057212408717629074
0.0,0.001565349544072948
0.002917516066183668,0.016594453881306138
-0.010212756535275192,-0.010212756535275192
0.002304257872269658,0.027947261051881105
0.005981476386363076,0.000863681592039801
0.03531734778699036,-0.0008558087576638702
-0.0018283031438285826,-0.0019065113515210497
-0.03636794695383861,-0.032613149630131344
0.013477374017037743,-5.995479763709795e-05
0.023951415030142597,0.004078960591053686
0.012107133685223521,0.0008344424936592744
0.04135069670169259,0.007592549172887639
0.003400288641954273,-0.0029665329417537896
0.004938802375496223,-0.0005281394847742316
0.0010882415577205089,0.0037214424754618293
0.0009356188205226941,-0.016793460991649467
0.0029590480689083176,0.02165293572984702
0.013176021899472156,0.03638716019067758
0.04662073999504774,-0.00044415111014437696
-0.0006834265036759759,0.002372705319844943
0.0024968169085816143,0.006386711369363232
0.013818149467084612,0.009658310528420973
-0.0010050914565806705,-0.0037527173578651013
-0.0012708468002585642,0.00024358617518672283
-0.0015229011312186541,-0.014076833747445639
-0.004657865284579423,0.010818719734617559
0.003389914579388263,-0.004280286175023017
0.00848369426951003,0.003786231884057971
0.028338745138183304,0.058413150719931105
0.010916425125675693,0.017405487049043104
0.0021604143828534124,0.0014928231263951486
-0.010988294089579373,-0.007519045259737789
0.03012067789526593,0.011909176682057172
0.005426779099815565,0.012428360281510474
-0.012919275550617247,-0.006013878826017491
0.011201035007131332,0.010727044400363728
0.006135980498433415,0.02971172282491911
0.011946453746836682,0.03455699582776457
-0.019184708034715843,-0.007293840310298467
-0.004807448826917184,-0.005807448826917184
-0.008074550866139054,-0.014477002423898372
-0.0026147888705175815,-0.002808339558808299
0.0011114506834028857,0.008762018713531012
0.008157936913329293,0.004258326419998893
-0.0034559486558746657,0.0033839148813345783
0.004528925664503031,0.001565349544072948
0.0130569004365212,-0.00047684027378424687
0.0025508155842478633,-0.019026262722646004
-0.013853481870105273,-0.010722454900499542
0.010594721315620005,-0.0018449804164089878
0.020406845416423968,0.005152450432284758
0.0030196581196581195,0.0006842105263157893
0.027686794953290548,-0.006510029013716343
0.01548145274434335,-0.0020394115234471976
0.010219297148468894,0.002566729917773561
0.029381480230943578,0.004075393848462116
0.0042805917270809166,-0.013752773964653185
0.012780568030678069,0.004262288628197898
0.00023124152206356998,0.01775720977672269
0.019215880746558535,0.012184879801329398
0.02608523018493068,-0.0018843477710797862
0.0029138692813952417,0.0006557377049180328
0.007495803848309166,0.028234013685741636
0.001501972147118643,0.010893820862347223
0.005179312325635336,0.013550111595724902
0.006752093649008778,0.003968181818181818
0.0042031720606049445,0.009574853131505143
0.016053824893221328,-0.00011973220577871785
0.006848877192304314,0.010139578480131518
0.015082683436660072,0.016578545993273817
0.02106267723200534,0.000588235294117647
-0.0006909004640679429,0.002318795736950735
-0.003311483975630797,0.0022277674233382545
0.013728269203275046,0.0012315808613478701
0.005640188072526012,0.01632106702651024
0.012359021424762893,0.016058980914473442
0.0018213347482303004,0.006887605929206848
-0.0010857430833071204,0.04891563177005786
0.006937835948601781,0.00983389913643374
0.007923130207735869,0.00830330369513806
0.032761301646889396,0.0022207271346998507
0.02691237163963154,0.01405756720580701
0.00907031849880506,-0.003350225992095981
0.004175147867269478,-0.0003076923076923077
0.010031023316170331,0.0148091705998161
-0.0014936474936474938,-0.0024776987718164193
-0.0033500206394975578,-0.009757905874162216
-0.0017053283997989612,-0.004085766023235439
0.021887601820533013,0.004220793873104797
0.01197327319793394,0.009485765910630033
0.0008760955927751279,-0.0011324870283074915
0.004768056924985029,0.010202783767807366
0.016516758524284945,-0.00029324053004318226
0.04915383421503539,0.004614321747433839
-0.005698359383200685,-0.012266210042813938
0.01638271773859513,0.0007142857142857143
0.0008897536724132502,-0.020283217457981027
0.001117095800325614,0.0006419087554957123
0.01322449056326202,0.0002702702702702703
0.005257619639082299,0.008497516823923674
-0.009843645471845129,-0.018156727135049792
0.01806111278883095,0.0016075854092853338
0.0018899261411062396,-0.004530541469350113
-0.0050814366034459876,0.0031881081531060732
0.006144759907163977,0.004491973744221945
0.020422183431970962,-0.00033898305084745765
-0.010079330661067365,-0.01962062868234005
0.018648008440328004,0.005765398118582467
0.003655066561450991,0.007595929933468875
0.01021046193449547,-0.0036382402093140392
0.004667180459759119,0.0013794903926482873
-0.0076907806060318475,-0.013941543285914631
0.00037978759999707234,0.003021159262103869
0.018629814210733175,-0.002051248954204273
-0.02046476666981567,-0.0295372875544409
0.002176132155237941,0.002260444379602136
0.019840916682562514,0.009535888664637145
0.01182777866824456,-1.0928961748633858e-05
0.0022379528084421328,0.006577619097159187
-0.006589049010969118,-0.005880918158375896
0.015916473294810718,0.011143702752454328
0.01259089681139317,0.0018673887990326773
0.0005951450712547591,0.0017107820558072322
-0.006893160072015966,0.008328810096131723
0.0006633771929824561,0.012001834421459422
0.02629875583226846,-0.015832294484200607
0.005592639105053699,0.005449955197581937
0.006567473940678867,0.0012170899593258152
0.018840816858890986,0.00024096385542168676
0.0009817063973554944,0.003158737971683501
0.016116268698741665,0.02525928375351678
0.004160492419280818,0.004038608886538583
0.0061307991380068205,-0.002313599279369356
0.023308205541296305,-0.0014749595911442408
-0.03321548184311874,-0.03947486997998084
-0.004738135334165762,0.015898186908732247
0.03227906127274829,0.007443185911396202
0.004255633606628754,-0.009063873113169741
-0.0018382811759025761,-0.013210198433088426
0.0008403549352395175,-0.0037882331910198807
0.00907031849880506,-0.003350225992095981
0.0009708976655255358,0.0020665047484524305
0.03717645690936462,0.0011202919897816653
0.0008712121212121213,0.007031023570606996
0.013423351835785635,0.0010534453572428257
0.010386679392510251,0.029020888995054103
0.008790556642782535,0.0029797739636982555
0.003813583754753495,0.0017288884338573784
-0.005566753064258339,0.017825088014670042
-0.012994876312148606,-0.01428419280307369
0.003655066561450991,0.007595929933468875
-0.0010476835315118317,-0.003167772287813288
0.012236370602346152,0.0006799431752184662
0.005743822726930559,0.00048221309081145514
0.0010463011223143252,0.0005935535454574983
0.008846592542670397,0.007243253330431883
0.0014989796285995042,-0.0003414833511712059
0.030518156317135805,0.0015350980091376942
0.0006543966533154844,0.0013897397522423692
0.00594712352433069,-0.0009557769144966808
0.005196934088862954,0.0030068782872664174
0.02906798536365757,0.009609754145623565
-0.002606496213254381,-0.009336189279913658
0.006554337209789279,0.0012422280545043842
0.014838374031204846,0.020968728458175573
-0.012336229880042265,-0.01541969360134417
-0.0077838109344925835,-0.003272287467866437
0.025820584560121117,0.004113419896248213
0.01266427439003456,0.003849695159885529
0.02485626102691218,-0.0223207897327096
0.0073375956426655325,-0.0005826523879612243
-0.0002860200267197771,-0.0038666492308283354
0.00011342792265361164,-0.001762283298974126
-0.01322454862374447,-0.007677863229889512
0.009137032099253848,0.0023124685077125628
-0.014531428509734368,-0.01918757443612868
-0.0012200862411718425,-0.00307111342787242
0.004475486271325975,-0.003486617599029117
0.03983521968323841,0.004030279855994374
0.07452011985635927,0.00712488081014442
-0.002734343468276612,-0.011539134218892029
0.006971334244012698,0.005806636879574684
0.04212121697800308,0.015201455958713618
0.017280054455883008,0.005457502091412817
0.009218099343865672,0.0063462076423836744
0.014937617061792361,0.005312365232462075
-0.00031909878900409413,-0.0047665025401300905
-0.0033241734859968813,-0.024875894175101852
-0.002081118802452358,-0.01458862947311242
0.017539820223267524,0.0006737232845645362
0.004628338707172043,-0.003136225539998228
0.016599451306955275,0.007882174239964184
-0.008650063056809518,-0.012246579325098553
0.0003342894211202721,0.004944849310887567
-0.001801397134304823,-0.006597499995257038
0.02183812950946699,0.0013071895424836603
0.023754001659734066,-0.0019110710025064172
-0.007061043175819341,-0.01112932437547522
1.3078101359226268e-06,0.0034790777831844623
0.065465158337625,-0.006555031317091143
-0.004317760714282828,-0.01741475753359825
-0.008600835811210145,-0.014084298862197154
0.007566236395228411,0.010828320109695875
0.003415784930023145,-0.008731911489736656
0.02287616268019055,0.00909375122156383
-0.02870184802652358,-0.035741070900221134
0.04634213520785515,0.012122035615598381
-0.0022985170867758573,-0.0020100011067281064
0.009088612832862358,0.00875541988941451
0.008973312479501911,-0.0028403005447946127
0.0018510731597577395,0.011179884051083644
0.0061762701318150235,0.024685527606304002
0.0020238240653051185,0.01127469274912249
0.011651621111299143,0.0008
0.0037202242202242206,0.0076824190133700995
0.0015187802539140204,-0.0023603392888575958
0.04080405576275367,0.015073829424770174
-0.012469987462033243,-0.006454063734473814
0.002085319995914575,-0.0005517503805175037
0.0008073163179546157,0.0076400880868826015
0.018697283335989634,0.005354976997199606
0.030011461877200708,0.0012333965844402277
0.0038753229878084224,0.009925383593432927
0.05085260315259581,0.04901027165883626
0.012447703233801328,0.023265837438020756
0.010466538613771953,0.002879933750504862
0.0013679917587457488,0.012550489726340734
0.014159543395236344,-0.005283066654631991
0.023816138268158114,0.0027127653948080133
-0.0017996879008175008,-0.0016433660617370409
0.013448849463792347,-0.002919193025864691
0.0009458354060904277,0.012423673890431827
0.0005,0.0021081944969637656
0.03600212136546727,0.05595684890534731
0.017957891439410616,0.01897016684761667
0.0153269662098599,0.0027840501792114696
0.04780010908079726,-0.0077923642418373205
0.0028973701027850667,0.009254649554674272
0.010387097224362901,-0.003247442233944172
0.007093550371724952,0.009065254362542064
0.002138313741564515,-0.0006204656025089461
0.005268240531398425,0.023321502250560316
0.005473589912996219,0.02076009530224646
0.012035534447832844,-0.0033457974548734815
0.005448853515615993,0.0028711777889368333
-0.004774879141847361,-0.0060672195220887945
0.01776340069323931,-0.00029850746268656717
-0.008374083275661883,-0.010857130561947662
0.007016945983233117,-0.00135738870132995
0.008230803197354381,0.006756393354383838
0.0022379528084421328,0.006577619097159187
-0.0007827459548626452,0.007993934947677849
0.022871048033887485,-0.014036133908606755
0.006313177678160914,0.003427002897761325
0.0017132129439901495,0.002665091429855931
0.007391868097686418,0.004020990255004578
0.005574199584965416,0.01047906042675632
0.04313501241751003,0.009876142135671903
0.002267475955899601,0.008633963555686823
0.0028286095969429557,0.007206848811405759
0.01858338059320139,0.004208818797066988
-0.011124601389312079,-0.011848743272786115
-0.005327953103970481,-0.01315954298431785
0.025530211673888577,0.005974310399855064
0.002081028193940253,-0.0027214334629496965
-0.008261413613103473,0.022493858884828397
0.0010699693883205394,-0.013301147096510728
0.009041194292473792,0.0009764264133131214
0.0020894122809695303,0.004508028091224268
-0.006459432750259805,-0.016697797408001556
0.008317489646549133,0.010477016183409942
0.00019214033128042447,0.01371195741006502
0.008504976658211018,0.00658157161109515
0.037082796327588916,0.0005027290448343085
0.029209927292448444,0.012843283004258615
0.002664062990149946,0.0019153380344385817
0.004743636158035779,0.013847447553505653
0.008696921436365863,0.0025859020310633214
0.023908110985604192,4.459639046875568e-05
-0.003101880445464751,0.013162054463058877
0.0037240829346092503,0.0026451612903225807
0.003951619141092825,-0.00207307896781581
0.03523667207838418,0.005468197733585837
-0.00016769341582573453,0.0063001817441192525
0.0050058321479374114,0.0018051282051282052
0.008631241905699995,-0.0031659765355417525
0.0021553062852161836,0.006136800677156355
0.016547475445162177,0.0029777459306749013
-0.0009725605976326802,0.004063532554688291
0.012827995421578043,0.0061904716930953375
0.01973365392065687,0.0032797610698196734
0.008689968579648457,0.009937124936330574
0.001081081081081081,0.02871978777064408
0.027847431026173014,-0.001149156366797321
0.016998069938744996,-0.005264153865385051
-0.02124992794606248,-0.02130592470069849
0.01873804838638693,0.007116137102654721
0.005788842347211185,0.0025746521436594075
0.011711184265267491,-0.010344503933352987
-0.01465130750583762,-0.004792314705779711
0.0010183890183890184,0.019620945948462958
0.02072088781995092,-0.002945797454873482
0.0007864260666901116,-0.019537374131428177
0.006228919744451681,0.0004798432674809668
0.0026239103600224946,-0.016669802260676263
0.0038779502483085064,0.0018460489694779704
0.01513531900057574,0.0021523809523809525
0.0053419165584580736,0.0012086147263407915
0.02311280420257704,0.008019242961477184
0.021069708882138577,-0.006611172254048734
0.044471021139325356,0.026363565313089754
-0.0018056121981371398,0.0039862085087202
0.0013345138424938133,-0.013618995042577093
0.0009294871794871796,0.01234850158295364
0.00028499398860732696,-0.00026194919931595874
0.006115759832024042,0.007617019308523918
0.019841478301255433,0.004756577904250081
0.010602668774225192,0.002684917421759527
0.0032128777643752257,0.003364648999920868
0.015729714213426824,0.01227929552628378
0.000351863891913955,0.01787631157498664
-0.02830253396616645,-0.028625543562494728
0.0017891997397527651,0.008738783572339745
0.017634330720186532,0.01146604075834854
0.01670189851764418,0.05196130268699283
-0.004314131411268727,0.0010234331571991953
0.010179971236803184,0.006144741033975652
0.0009791666666666666,0.001639766081871345
-0.03449430393724867,-0.04076068388382492
0.0032690272199532885,0.0038317362531215386
0.003012271906281123,0.0018083157976774996
0.0006047338530286031,0.002174398514771316
0.009192118745542748,0.003116883116883117
0.0022241139983224588,0.005665957854962475
0.014917469755263703,0.0018672612835303407
0.006675357563463784,0.001760082023239918
0.0005284081166402189,-0.0009330212341508342
0.017699284113634042,0.020320429643656306
-0.003376668890169087,0.0006074580939578974
-0.0004081632653061224,0.008922975275317248
0.017573972561590566,0.014166058706800622
0.022456948401138606,0.013033357362807283
0.007467406933229788,0.000890702947845805
-0.00012040070961251686,-0.0017517430780142644
-0.0009729068745462192,0.002948271635771635
-0.0021148496173885338,-0.001938543321994351
0.00164540963664077,0.0002602852402705611
0.002659024032847525,0.0
0.0406784423727664,-0.002371781342821836
0.008079454539833221,0.013561286900178297
0.004436091121461858,0.007061418774104544
0.011912332800640451,0.0022164195790323636
0.009104132637625426,0.0016032438297004224
0.0018114685603925207,0.01011941005384596
0.0030587611815602466,0.0017014556521327729
-0.0006188459111634943,-0.0011591548775594172
0.030883757492158916,-0.002608126308713392
0.004553489425262438,-0.00016238797433683794
-0.00044444444444444447,-4.4444444444444447e-05
0.0076026562997480625,-0.016305646983107647
-0.003538925176186317,0.005172849574939753
0.03695273506605911,0.010077727631518353
0.014618045173060156,0.014181882084486626
0.0028276471199499987,5.696602248326382e-05
-0.03082879312356237,-0.03908914305743138
-0.011295009684697134,0.0006879724179223549
0.00028469118414724574,0.003716290958456349
0.003702130439336567,-0.002597484110433544
0.0069407387168403745,0.020423585587618035
0.009589743930514719,0.004326645763409161
-0.008944012666138278,-0.009690076911834822
-0.0016799885540694868,-0.0009909418096848248
0.0017822830886740659,0.015413544069775239
0.02119936844063888,0.011353194637873551
0.036049758133197524,0.015287352385892785
0.017598388700722202,-8.333333333333337e-05
0.021889737911389845,0.0
0.009155116919556543,0.0023755119068904155
0.0037240829346092503,0.0026451612903225807
0.008669696216956478,0.006318659485299669
0.0013356465197718252,0.001227742391623161
0.016460954130628928,-0.01947660710972804
0.0014203902572372312,0.0036980250142014844
-0.01504183465046216,-0.014797191651773588
0.010750526515090796,0.019298305751197054
0.02261448910607865,0.028465284978140413
0.0009817063973554944,0.003158737971683501
0.0009727697628182132,-0.008765594886580092
0.014937617061792361,0.005312365232462075
0.004103393749609414,0.0018932183965319647
0.015601879826094591,-0.0011981829709571228
0.0006451612903225806,0.005899256361451358
0.0016509364940005854,0.00014874915483434751
0.010096206602641796,-0.003773353654190157
-0.006436947673289865,-0.0055321835055427565
-0.0020250399992006083,0.014889448573329892
-0.0021493794460252973,-0.0017379039886734997
-0.00899814498493986,-0.010340598162593912
0.006681802530119735,0.006978326082242947
-0.0031929565606458182,-0.004833579378687992
0.004581005672213201,-0.005243556187617782
0.020514756713417084,-0.006239082862975319
0.03617718103468811,0.011295495030166804
0.002683691857420671,0.018336954728479966
-0.0015728740365390983,-0.0051050842593100285
0.009997820591458362,0.008344527684491516
0.00668357521860917,0.006542798324739939
-0.002316448106849176,-0.014453121574204517
-0.0020319225384824347,5.635411934630866e-06
-0.00852043926142204,-0.012696408456309396
-0.015678835774121425,-0.01586260415398109
-0.0018795614193063978,0.004798867727868226
0.006499111897133873,0.007932296200147541
-0.004302445640654359,-0.0055103796366546024
0.006510450172477911,-0.00011907402074262706
-0.011147666581852012,0.0026246401312188354
0.0044134705873836305,0.0105287840073121
0.04563715098101879,-0.0015934065934065933
0.007790853083579696,0.004027081191639034
-0.026311486928788937,-0.030912173274571127
8.571428571428575e-05,0.008977946857838013
0.03679931329644953,-0.02048828814031957
0.006670680545437315,0.002272294372294372
0.033495192164576706,0.006084035739778374
-0.011206528070968358,-0.013232769727670249
0.0017065929364959106,0.00867727432333218
0.07559210225741891,0.012651091903979613
-0.0036365731659177506,0.00412293440901354
0.03230187751878801,0.059305831266541736
0.03323528014549106,-0.0038335996585777635
-0.006492502101253522,-0.00040754740206002445
-0.002954032367741058,0.003682075676261723
0.026954907108735684,0.01892432402330484
0.0073144416169721735,0.002237623203140444
0.00471769458441919,0.02979338390765264
-0.000337088092538438,-0.00625006576548285
-0.007545529712805803,-0.005810625606728924
-0.005511113325338187,-0.013916612806313174
0.019746776046637434,-0.003009064732251201
0.05519512015985126,0.010837101905050215
0.010675708042003717,0.00400915382462067
0.010263601759603625,-0.0006351454881233839
-0.009643602832252029,-0.014654991539824346
0.004819102672914504,0.0019443478519830589
0.011762345576916036,-0.007502523980633987
0.0013356465197718252,0.001227742391623161
-0.003695451391918703,-0.0003446538770594688
0.0012820512820512818,0.031597604024795924
0.007176259078011933,0.005567349659534343
0.027511251376577162,0.0037238383176427577
-0.03045319273640168,-0.02516565315895338
0.041087783665658274,0.003184788188239638
-0.009619457943128193,-0.009261226345174704
0.0008865264608372558,0.0001801730213727426
0.02558155233439964,-0.0013752892771443897
0.0034859584859584856,0.03566557591973833
0.009540698842626493,7.303625655466408e-06
0.017604433216441978,0.02398935663703659
0.013261873225747707,0.002800766283524904
0.0033704664039766923,0.019589190575219982
0.02387383828602697,0.010579494696361784
0.007976014502620955,-0.011675770468655994
0.01405286841584453,0.012814753610071774
-0.008225267068959355,-0.0018405017082983744
0.014878852532194991,0.007175648378180629
7.348578503870579e-06,0.008996521391510009
-0.0013125838757417716,-0.002708365218581937
0.02871018313803831,0.007223342158481231
0.0010413649919686387,-0.007684214022957184
-0.011928980595258432,-0.010924566019407582
0.03102861378370634,0.030797343853105702
0.020070001737577257,-0.003588543087784061
0.004475486271325975,-0.003486617599029117
0.004180827053153417,-0.0063508595623797395
0.0014667856096880726,-0.009079260139410558
0.020993715878821963,0.0010144300144300145
-0.005150336590834797,-0.007192922144058648
0.00857191365015214,0.005432658100011832
0.01134694961419917,-0.002078305095297082
0.003242493078327584,0.032700339959658334
0.019993138447790035,0.004490534599778703
0.0,0.0019873015873015875
0.0327952196643485,0.0018409750096587763
0.0019163216542730178,0.0018937888198757764
0.004252031443207915,0.0008470244614822927
0.007918069463453525,0.004589465389489643
0.011120241913475,0.00018815437655520005
0.026253086238582014,-0.009521033344737289
-0.003035357459420465,0.005726274385099959
0.014988385030598898,-0.002008533673305212
0.011178912887796408,0.008348040758705101
-0.007551842822340412,0.004738112643602944
0.0036302249522063776,0.00028640787104929587
0.0007392890176500105,-0.0033334188161774363
0.005047628445813677,0.00213315649867374
0.0033164378599470305,0.010873883367909452
0.0014603785661517986,0.0002975580533312863
0.014600199989414812,0.05450078243416525
-0.01322454862374447,-0.007677863229889512
0.00404028149478318,0.03252374165716113
0.016304496998942222,-0.0077480831746969455
0.023584818137617033,0.0027805154306822827
0.006416660726688216,-0.006530444024286638
-0.0016525498983116262,-0.012157767827237577
-0.0020381756249447723,0.0007298706882061332
-0.019160700888059403,-0.004538847595698028
0.0001565393256931103,0.006952769130080977
0.0003825346980602523,-0.0026927882739379116
-0.012513020169363823,-0.02528589027283663
0.005752030329942398,0.0006340161649944257
0.003968942899742788,0.012190499647645958
0.004101541504867491,0.00013821143578008547
-0.010122249510998675,-0.007183650503190033
0.012829742421977207,0.00699705840344177
0.01626338387287745,0.013193384935388163
0.033667361012414854,0.011977220056252178
0.023683856265267113,0.003907136402293787
-0.006503021654794785,0.009467336784390759
0.004898430660104085,-0.015083442906167165
-0.017593600263678483,-0.02052308921444403
0.030026442462082855,0.016931011626919984
0.011590048849689883,0.0025538476376225213
0.012695208095305555,-0.0051939257572418155
0.021225305527931136,0.004393465036335216
0.0021279027283309685,0.001060427413411938
-0.006192104248013721,-0.019867672755326842
0.010205090627184001,0.0032386311404168544
0.0049573789123972724,0.0017102615694164988
0.016948006359583448,0.010665211891227057
-0.00035127584171715763,0.008072319682284345
-0.007771441939785791,-0.017334246022299774
0.050278157753562806,0.01997762651831029
0.015816316941403487,0.03648944630484003
-0.015318340256397181,-0.01770510238907706
-0.0024256640676622175,0.0012048406305844163
0.014478718472264094,0.007821545191750181
0.011282337009835266,-0.0006304347826086958
-0.014259944651304306,-0.014004442227629338
0.01956863289995867,-0.003960778544111878
0.029927991758307366,0.011040668094808933
0.00483934943628867,0.0056489227915088435
-0.010590409513767527,-0.014388796597469417
0.0378821610676291,0.020515207154552517
0.005950401481639498,0.01483660466744391
0.0015349684756692842,0.005360834058087887
0.028338745138183304,0.058413150719931105
0.007467406933229788,0.000890702947845805
-0.013774369290913097,-0.021984970872871372
-0.0006567338014706434,-0.0031593793041161462
0.015729714213426824,0.013390406637394894
0.04151426198276991,0.007818873873251437
0.011632627267055004,0.006858336388879738
-0.005541448672489135,-0.0037585510639089933
0.006199584406821247,0.0021496084258151803
-0.011511465393237304,-0.014029212746955051
0.016453649473158787,-0.010530244620946465
0.005895431293753347,0.004062761395834035
-0.009585860842168547,-0.013015279576653091
0.002694985644137615,0.003773032072899388
0.03312427530711389,0.008074749045737335
0.007652010284536563,0.009782941160954928
-0.0014978582153386613,-0.010705729430190531
-0.0008828683164086892,0.0017991012369100137
0.015390731448964714,-0.02140918060328611
-0.0005207328833172612,0.017402833860141426
0.010273349263183334,-0.005289388313301357
-0.00961041038715805,0.0027700170404933583
-0.01241955515053193,-0.004027310935061052
0.004515184581249074,0.021537814617075126
0.008209792335225926,0.0012878267676443226
-0.00021749777596466544,-0.0009154954474764614
0.004121644808134942,0.0003077431364889671
0.018804445565487483,0.0059162705179954195
0.001316205533596838,0.017524908920462448
0.01338455041324607,0.0003632961172101816
0.013697932731226568,0.0014853441376550618
0.002128238633476345,0.007442032688195106
0.0031530082095585607,0.005158025312566943
-0.0024059263343996027,0.003055915304828347
0.041485541315210366,0.001470339834821136
0.000586472602739726,0.0012957157784743991
0.02310120513873514,0.00044940071521556416
-0.001721274308252931,0.03630689321215724
0.015042810111408938,0.007961266545720406
0.01593522031750095,0.009521118462360591
0.001,0.009835163869856785
0.018653081095749258,-0.0006538734896943852
0.015828136039843028,0.0019962310431683693
-0.0195436914116799,-0.024826086954406374
-0.018629728983765866,-0.02686996992791441
0.022984105470277707,0.004199838314849111
0.011719354348664694,0.010538665569236107
-0.0007405044768045745,-0.004653906595603163
-0.014156059891827864,-0.005585504074867281
0.03266685579766898,0.004966570524490158
0.011592056484845122,0.0069336349077187935
0.012549266049020706,0.0011895381805383971
-0.002665476523018064,0.004264535012062753
-0.008802949071473293,-0.014559586780449954
-0.001409977332594959,0.02110293969579157
-0.0016554621848739494,-0.00014102920942866233
0.013170015615909969,0.0039654209226157
0.012233085393762493,-0.0006467679680365202
-0.01707102290748837,-0.016071208144128178
-0.015231004176055754,-0.009133710790242222
0.0023979277059309675,0.003415179312592151
-0.0017329370511316275,-0.00382574663259133
0.020039569194415144,0.006610125567243703
0.0005284081166402189,-0.0009330212341508342
-0.0015218494006477637,-0.012163594082121768
0.025341237596076715,0.0031561233961490422
0.016438844352536595,0.010431910569793758
0.0006386677838290741,0.008711029111124365
0.007523052488614754,0.0026578047178000747
0.0013679917587457488,0.012550489726340734
0.012325460467315417,0.015496602335730417
0.010137885963759762,-0.0035124294874517904
0.016172996728446267,0.003022118105593347
0.005837713733583884,-0.0031346307060592772
0.017372298442928393,0.003988398264050887
-0.0006301216233304523,0.0085659351503284
0.02062788894694871,0.0025237775189559182
-0.001378461563922637,-0.007041891536108391
0.02082869471920429,-0.0023574497773923768
0.004410779494719464,0.011286036761451557
0.011048926585965575,0.0007115105908584171
0.0022430756920171872,0.010351967033419625
0.021115037197291492,-0.0027291051933793133
0.019273290709224743,-0.0007142857142857143
0.030026442462082855,0.016931011626919984
0.013462810710473323,0.0066711665447725475
0.005409308683460142,0.025431184989914014
0.005662012365439537,0.0006842105263157893
0.011238311900614278,0.008453234110111469
0.023584818137617033,0.0027805154306822827
0.008344472247379428,0.001424388889826678
0.019597963796755716,0.006148750771331416
0.007101068564470832,0.03391561215188675
-0.003965350242661167,-0.0063045596443705686
-0.0011769472732214865,-0.0048287389382134826
0.02020095417931283,-0.0027293199614004194
-0.0035909231356106297,-6.788523120521486e-05
-0.004552835746938352,-0.00212912274557449
0.007523951290792104,0.002109617682198327
0.0025737820857461933,-0.000863970588235294
-0.01804787390120386,-0.006108968975028535
0.012668582579210053,0.02024047243198644
0.004252031443207915,0.0014104047431724336
0.011779730694970708,0.003860641867454576
0.0007879214760507583,-0.021568463924722055
0.007809825789987581,0.02294615446767197
-0.00958214911594673,-0.01073891271886955
-0.010051244007171327,-0.010890754215789672
-0.010425356678278635,-0.027350616629760755
0.01029691779172769,-0.0031479222231418284
0.009951136698550713,0.019701162855828028
-0.008878353561951696,-0.001298717259930882
0.00313597918022121,0.0002941176470588235
0.010898992009353303,0.00882166790568634
-0.00038079383821126855,-0.00358958337423443
0.0018132870169344335,0.0034442645264244815
0.024798190663085005,0.021154031800447823
-0.009771255284723755,-0.004905014378041956
-0.0035077848626597938,0.0009979288935914937
0.0075475025623361214,-0.0003260163583549856
0.0016593423307132453,-0.0029058304177239837
0.00676881830911258,0.002764430192494908
-0.045398945870902964,-0.04553460587308795
-0.006617634865266205,0.002090187624445161
0.004927140000578903,-0.007945844208741327
0.004995291748194963,-0.002294691248530326
0.0006126361870906157,0.0026426409751670534
-0.003204207152195079,0.0061002569682166025
0.0011366300366300367,0.00033898305084745765
0.01003071425268606,0.010123971890163038
0.00792730020097192,0.010432637378334235
0.004642032979052421,0.0004954499494438827
-0.01769732760829576,-0.016265033877806798
0.005557008422097937,0.0026529765059176823
0.012028388264768035,0.000306178239475123
0.010926553442811788,0.0020120513844629276
-0.007417416418802358,-0.014268744554126793
0.023879827005380976,0.003567129404356412
0.027197040678887233,0.0034482941942107098
0.024923527231030775,-0.0005550630962595409
-0.019555637016621774,-0.027473322522163203
0.002736166994804043,-0.005167479810425042
0.0013372486780194696,-0.0011491735484034865
-0.00028274979933741624,-0.007398755707240011
0.002706865016006768,-0.015810272259681003
0.0014948450044506654,-0.0018166946048301983
0.023432709177658207,0.053373680911192725
0.01790045112627968,0.00645289969886744
0.002899047406615219,-0.0023101689208036816
0.004175147867269478,-0.0003076923076923077
-0.0032028813480426384,0.010866400032851836
-0.005311864497494836,0.013981612899008988
-0.0008135169255164493,-0.006301677032775142
0.027618801905652284,0.011778957465499182
0.0019439877017820954,-0.0067343311927859605
-0.024710351992184753,-0.014566605267311301
0.008907324721330928,0.003462040294481878
0.0023594762481263694,0.0003076923076923077
0.01753013759136824,0.00384776748870797
0.006890339252308267,0.002373558146797335
-0.000428267210311663,0.009855388480413611
-0.0010358964282915326,-0.0015289839691905093
0.01438251765686668,-0.0003960608434172208
0.002659024032847525,0.0
0.005238262808219534,0.004490460088339198
0.015506349057161996,0.006448749508889544
0.019295788371125173,0.008675281698578324
-0.011511882418648088,0.0034653963747151365
6.285544462620793e-05,-0.006200175167728449
0.011314413474766645,0.01851771187436901
0.01166016041932002,0.00956859922114666
0.01301350955091871,0.010550774661057177
0.0014829931972789115,0.0
0.02167418350625258,0.01013773662072372
0.007139489802783804,0.013630592841480979
0.0020238240653051185,0.01127469274912249
0.008837738998845893,-0.010042190616821024
-0.0013266460138992645,-0.0174662644937539
-0.0050729039934492215,-0.004270103913344994
0.004676956109087916,0.004963816225810508
0.007228518491811439,0.011162488798410631
0.004821238467248653,0.017859245108526274
0.018650483159120816,-0.011296359863663313
0.00815773124827535,-0.00593090329202637
-0.0008794276094558741,0.02003663094208749
-0.0007397580115991072,-0.011393525958371769
0.007917163777942481,0.005717332378782513
0.006297214228599806,0.0014480928215572317
0.019423002907103654,0.03253326087505407
0.0032141578194389243,0.008717843203121418
0.006193345130079546,0.01460472736681592
0.01021046193449547,-0.0036382402093140392
-0.009765606395984623,0.00021758197271867612
0.0006851586690730599,0.021856655568147473
0.02034428455518278,-0.005294722954035019
-0.0006212121212121212,0.02225555098908184
0.006636065289123918,0.0037120171285768204
0.0061689636928107215,0.04761061607851135
0.033607398230877196,0.03453576229872204
-0.0046015853905659,0.01697843429520783
0.00039249317085036754,0.005327404842122097
0.011552941711696879,0.002336777139213971
0.0007159791370317688,0.011189767718750921
0.0026898676626937496,0.0019623015873015868
0.006528487875930874,-0.00043319264725162664
0.0026748294471031463,0.005320572673513851
-0.00802963184385671,-0.015632963303151483
-0.0017996879008175008,-0.0016433660617370409
0.002973913043478261,0.002429897180464624
0.0414062450042375,0.024758751011926032
0.00379753131908622,0.0038483961052319217
-0.0018842352932734487,0.0100816669210219
0.010089225224153484,0.002416915329656103
-0.005968988211551141,-0.005391782469231817
0.0047616345850142175,7.722608257389445e-05
0.005939632437391584,-0.002908067014361477
-0.009200571629511262,-0.019739744237750708
0.0210400474468921,0.013463482578356287
0.032633905531001414,0.007731820268117147
0.005396788494299082,0.002196808753717824
0.012541544343334037,0.002915398330017109
0.004397828723160262,0.011300398616425707
0.014437591153145208,0.0027935083132351645
0.010778840116493476,0.00234603889402651
0.008336034072543826,0.012895699669358773
0.004090615004678332,0.0006060606060606061
0.022164290851158175,0.009382029402363589
0.027020527667550892,0.0617892362468955
-0.011405093775780594,-0.011337525827923689
-0.0021394117864706095,0.004322269586290036
0.014358236182156432,0.03683419440065844
-0.00864086564216708,-0.0005854356734459835
-0.00019876546826366748,0.0059910359312569834
-0.008719257145370491,-0.014659760784707767
-0.01848131395606432,-0.022158116383001056
0.007280564558783574,0.00023078992418684285
0.03068986375449578,0.01038891917465386
0.00965746238118997,0.00062172341704529
0.005862788598261229,0.0036987370421612603
0.007514689525422646,0.011034059238710895
0.004397828723160262,0.011300398616425707
0.001175526948368,0.0004896009447309044
-0.025631672001024203,-0.010992724460235977
0.01415307026922448,0.006664012054370172
0.01407480175531539,-0.0023809523809523807
0.02564543176090401,0.010971765038425558
0.010625247246384847,0.013081776792703805
0.02535911195213867,0.00033569914328175523
-0.01989407714055933,-0.02006617893032878
0.013100393270983411,0.0037705802968960866
0.00018262859418830338,0.004293997035279823
0.008581269024249587,-0.0006120865499552003
0.00516074898568253,-0.001317636774447406
-0.015245692482434112,-0.02038995567425524
-0.002964355173155864,-0.002964355173155864
0.02559637526304778,-0.002003975832960177
-0.0031929565606458182,-0.004833579378687992
-0.00418829251676649,-0.00468829251676649
0.018630130934158814,0.009501914486869953
0.0154706061089784,-0.001604873624115409
0.007042978510068156,0.0006494708994708993
0.0042635850645621805,-0.0009912269212565307
0.00627404230753918,0.001024800099950025
0.03537321696099559,0.002978058954103889
0.018177140466429813,0.0018857604842124958
0.00022010951889997335,0.005901804050259428
-0.014229617063832665,-0.012921815509051967
0.013726317591777457,0.007690613898940464
-0.004193959015541461,-0.020926305826901588
0.00457958422579989,0.007637474859740835
0.011887297040515799,0.0005800208983215778
0.02678735403597829,-0.0007073200613408703
0.006735746598019415,0.004912389990749736
0.00672832812985961,-0.0019049901401485708
0.030312955864857157,0.025361470735379026
0.020686993810252022,0.004824671034767879
0.004768056924985029,0.010202783767807366
-0.003079865493176034,-0.0011262950268183577
-0.029080219208345325,-0.0533304910711304
-0.009585589428076762,-0.011252826093798981
-0.009927760992502999,-0.017195424532634705
0.00189705522971652,0.0024692353643966545
-0.007312155641131081,-0.006008589330602602
-0.016315747363013805,-0.017827030983595678
0.016460996417567816,2.6808630175296187e-05
-0.011375228375250741,-0.015409280631474526
0.02111636050597876,-0.0006044062798161158
0.005647651838118552,-0.00036101634683724233
0.00765889197853816,0.007424593045378556
0.023689903092681788,0.006194747267731453
0.009352391793970157,0.00028965517241379303
0.0023630412600170684,-0.007938019987418596
0.0017969129537830399,-0.00926121558985191
0.027223578981181176,0.0022487358095198695
0.0502703726852838,0.01272285125563975
-0.00850861523272089,-0.007283902919407836
-0.006006267887013943,-0.00810489083741783
0.00028279990744402316,0.02562518564969825
0.0015410687745268034,-0.012831315689761615
-0.009492702083667282,-0.013629947263598022
0.0008874842370744013,0.00357080986389497
0.009099240655102888,-0.0012832172315410603
0.002089465028938714,-0.0027149348596717015
0.0063548855864990015,0.010990082436714314
0.036806672464766016,0.003834271099744245
0.007432537383623347,0.0025800970145420654
-0.01993726007720289,-0.016275828727554915
0.008758719584143352,0.00015019762845849805
-0.0024675720210426307,0.01985442794839383
0.013839008788631868,0.0006798913290299785
0.011992351137075745,0.006988908561192026
0.024491600253389173,0.0017792207792207788
0.044083385492418296,0.00566883291474943
0.02686891212393635,0.018418353337286794
0.004218853845983567,0.004145996755246628
0.0014434697891133426,-0.0011020503020856367
-0.02573852488643636,-0.03375530015473234
0.012136531681736168,0.0035176073596700783
0.0019765366268647646,0.0
0.04303240071770974,0.014923856469822812
-0.00463506442006412,-0.008685480459423552
0.01782111454535462,0.0028865429939822183
0.005025322881231309,0.000425531914893617
0.0045732206971446565,0.01395943479518649
0.02974658126463172,0.0
-0.02037458483603579,-0.02684464729238077
0.010862520518758391,0.0008877507469056765
0.012485633351268595,0.01838930103244877
0.004130615755073959,0.024018819640065622
-0.0016468040900149564,-0.0042010331814195
0.027711291050480223,0.007542362005723772
0.007587062285586215,0.0015060606060606063
0.0016900208506154296,0.0004277817832251862
0.013057330628960745,0.0006421216970748371
0.0003836551745174926,0.0018183238195526082
-0.01406764381872008,-0.00659810639591734
0.0027316817984442757,0.0019721878899469345
0.0042130092621895905,0.00848638989119118
-0.0012538931508658448,-0.007944580383927455
0.031211984658468504,0.006313070295496691
0.014907445566874778,-0.0016503258616175276
0.014684114241545317,-0.001886014944520259
0.014150303280972616,0.0018049528331046077
0.008362604999005326,-0.0041346356674727466
0.010992932145797225,-0.0027439703153988864
0.0024243345546276374,0.004503663652588572
0.005804812063130347,0.01175015846675069
0.0025070471118030183,-0.007749332019617762
0.0040923475238536355,0.03501421112392168
0.0039095051317402235,-0.0020818461085241498
0.007979132863943934,0.007520526892215781
0.024150604094356886,0.008415065572005685
0.06602403726261202,0.03483250657082895
-1.7986185698328026e-05,0.0019838974690412443
0.002496354153298347,0.027398210321753994
-0.02025052684313715,-0.012632462029251675
-0.0029200203106328647,0.00011649696613084438
0.0006060606060606061,0.0015384615384615385
0.003078238574445176,-0.007138660415314859
0.009663453965390938,0.01857011906928876
0.012640875311065622,0.015977521465383913
0.0025415743157827767,0.007665957854962477
0.009266571340341832,0.0030857142857142854
0.004556932867195814,0.0014511729405346427
0.036007199219007344,0.015697517175806648
-0.02196855319147959,-0.027650969704138013
0.0038613143255959515,0.0025354609929078013
-0.010924449030738194,-0.012053129893764409
0.0023208009944548583,0.016531943475929168
0.002805250305250305,0.0020182509913192585
0.018793557385959794,0.018514797076573976
0.00471769458441919,0.02979338390765264
0.006211821950039494,-0.0021194297209849557
0.0028627284845127972,0.0426415275663121
-0.00026189750444115777,-0.0012021090290171448
0.006686274952630501,0.004606201728828467
0.009502914510187602,0.015024533692391078
0.00941290902028946,-0.0006219044949070181
-0.007401792738472059,-0.014057418082758384
0.02183812950946699,0.0013071895424836603
0.03232155954342843,0.016437408032222486
0.016416034440954345,-0.0015067137216191353
0.007352503502457609,0.015535222639152187
-1.219488836277146e-05,0.004435364829233879
-0.02600977031418813,-0.011025651170390262
-0.009585589428076762,-0.011252826093798981
0.023835296772118618,0.002471529015646663
0.008910897724277252,0.0031667704646043855
0.00445093710399937,0.0019701590301543868
-0.0042913468525424825,-0.012265470993479263
0.002659024032847525,0.0
-0.0025818760053548883,-0.000882002713482744
-0.001239742346963977,-0.00446348986561137
0.014707135017942078,-0.02140918060328611
0.024225118785643287,0.0028483870940094365
0.0064629909271993165,-0.005070192299793818
0.013311037542396036,0.0024155900515209407
0.03403133344096453,0.005224893162393162
-0.003102959106150393,-0.002076731027062346
-0.014229617063832665,-0.012921815509051967
-0.016749366682926366,-0.01835478868282869
0.005803929255307954,0.0021369652080003576
0.00161975266789891,0.0015430594759030223
0.004175147867269478,-0.0003076923076923077
0.0208802588330093,0.0038690979899518507
-0.00030760993649024985,0.003992646920482234
-0.012609998694666284,-0.009825501086590485
-0.005265661970885821,-0.004896784885061359
0.009100637787583793,-0.0010641219678984865
0.0010964449535878114,-0.0012010230903847922
0.03941196178685604,0.003249921464351031
0.010174902030669904,0.007390859031376026
0.0012512218963831867,0.00041666666666666664
0.03271958637888992,0.013110086904160215
-0.0019750749427037287,0.0021698918333357634
-0.00010852778244082564,-0.0007372579111709546
0.045019425839775584,0.018359773567203502
0.0008270495833408269,0.008579176794102404
0.0004761904761904762,0.007612950216723808
0.00793865373858752,-0.002333627989131502
0.007665618093785757,0.009521673793568258
0.0006210078860182221,-0.0027273746330084133
-0.0025315162840552005,-0.00093771711455033
-0.01230409076662179,-0.014266891101515147
0.017724625178242685,-0.0011182974598791147
-0.002171773665409417,-0.007932274363618036
0.012184328736798884,-0.004283461085765232
0.03280607512198192,-0.002745264017315246
-0.03636794695383861,-0.032613149630131344
-0.0005710561609885735,-0.005499497564903597
0.003520313858691018,-0.009433982576362581
0.0032777882319295756,0.004021110897159034
-0.005402849990919743,-0.0021366000287749987
0.006912308535311058,0.0026396538467967044
0.01603414610954674,0.010590310877640393
-0.005317726575756161,0.009268982256025302
0.006183531003197578,-0.003273467717578745
-0.005733677020468584,0.022836599161070576
0.024772041805254892,0.0034229863185528215
0.03390933671027087,0.001319183465537316
0.0003846153846153846,0.0048667682416855896
0.016503288998340842,0.004098451961004555
0.016354922062304246,0.005176734376734378
0.005548685600664982,0.018031235977910058
0.006520831625944886,0.0026943556925371095
-0.002232025058574549,-0.0022641595907090814
0.013315486728757816,-0.00025146370023419176
0.022360453231396092,-0.007444759053843999
0.00663408801770788,0.001453417168639672
0.0023388372773604986,0.0010550804753262858
0.015654711737772112,-0.0015766630759949099
0.017489227469024718,0.002384502923976608
0.020686993810252022,0.004824671034767879
0.010145793759743284,0.0007840077312330392
0.006251752498490592,0.0077501782803318965
-0.0001334278443754144,0.007136635522045787
0.002346114309297929,-0.0010855614973262029
0.008606787346524574,0.024043630945624953
0.05239788887896527,0.012652987023271153
0.00481190033521513,-0.0015300506634571944
0.010359403538076739,-0.008245699420520124
0.004593672470022602,0.02706712102318797
0.00894745334499242,6.471649718293028e-05
-0.013987275747674603,-0.01193894962854946
0.0021635731597577394,0.010630010818843186
0.0171376807289914,0.006072618077348843
0.005179312325635336,0.013550111595724902
0.007361327819115441,0.0025387136672850954
-0.006871787115127795,-0.00708323083296207
0.014071847873448442,0.000519795225568589
0.0018814167645245083,0.00853762284800195
0.007336102817019583,0.006421277979733858
-0.023330585022114138,-0.023490897575344304
0.0009788551385346948,-0.012496354250496892
-0.012121398512736392,-0.010924010708147356
0.002026936026936027,0.01154029164693167
0.012969673128699033,-0.001196969696969697
0.008885524198693838,-0.005634615384615385
0.0009708976655255358,0.0020665047484524305
0.0007376953026333836,0.0033569551303729425
0.009917689679028735,0.0035520890348476556
-5.9618743829270094e-05,0.021641474311693713
0.002909181092030824,0.00013019853182848207
0.02467200834764869,0.04369371924518407
0.006169210609144845,0.003592005379157275
0.005179312325635336,0.013550111595724902
0.015394598441368937,0.0017602134113546889
-0.0077602928255940985,-0.010755247442475704
0.00015997414101088245,0.0031603743952749682
0.014709882432075414,0.005057618056372048
-0.00418829251676649,-0.00468829251676649
0.004951587070403524,-0.005053033641191192
-0.0005487350864994862,-0.004015251033421204
-0.02779557592643348,-0.006486615024878146
0.0018921995739672507,0.0004957633230886255
0.000586472602739726,0.0012957157784743991
0.0032669688801764273,0.0005827702702702703
-0.00421254450764952,-0.005738008448166438
0.0007819628917164556,0.00964990627552149
0.010260003244933853,0.013437051681437
0.00537509417834557,0.010307630489254236
0.04068367611185183,0.026560452199137392
0.05167750994226595,0.043648927121021135
0.0015415202746904095,-0.0007418957608807228
0.006892218465711181,0.004122552885710781
-0.002168370822096458,0.005116582883591729
0.00023124152206356998,0.01775720977672269
0.010160013134614647,0.015027523180387374
0.001739710101645744,0.004233128275233538
0.008022208634461445,-0.005212257730365617
0.019524073509398183,0.006874913788787719
0.0033440968300460223,0.011631001993045937
0.002227810686965616,0.007479305515283759
0.014909884164918799,0.002807006429599498
0.012064282391751766,0.0010132530368139048
-0.002964355173155864,-0.002964355173155864
0.0026163932685671814,0.03328172498806132
0.010812094799637625,0.008931994515444616
0.0018522320285994781,0.011529244924486152
-0.020789893049804976,-0.02367881873325436
0.002917516066183668,0.016594453881306138
0.004095714284036889,-0.0033438930746881156
0.007670577509090319,-0.000967741935483871
0.012470273264902453,0.01018346395407881
0.0026881546113326753,0.00375903844501925
0.007877535479956788,-0.0022510709629353694
-0.0014117228517791973,0.0015889643995079797
0.0060423639950398025,0.0095931256333786
0.005420272826719976,0.00886355578825776
-0.020935487688244436,-0.021892092561110528
0.00020414952314135038,-0.024266058324166107
0.0023388372773604986,0.0010550804753262858
-0.001560643893576661,-0.014508900911947512
-0.0004758386042262356,-0.0010789995619971226
0.006009927723979117,0.04643719327113755
0.01344524852521521,0.002214066536379361
0.0073185500314294424,-0.00209236087948147
-0.001054783455007426,-0.00318708252848297
0.00045454545454545455,0.00807380400928788
-0.0007463100880073467,-0.0038869910915915757
-0.0013639494035161857,0.009368669017429535
0.006541301177568315,-0.0009235530575866708
0.01969539788373696,0.014431215300271003
0.006521626465178064,-0.005070669411056184
0.003313989376602335,0.0351753522176718
-0.02779557592643348,-0.006486615024878146
0.0013917295829060533,0.007781340601616182
0.012109429912182494,0.03839752056925979
0.020756648192896823,0.011770364230828063
-0.01194622213473279,-0.016573471829388734
-0.0016444522960914676,-0.005252273193196127
-0.003271284947181839,-0.003026006173635968
0.00946785361894551,0.007819507779953426
0.01612632420965586,0.03909474327408896
0.0021885782987451446,0.0008522702098676307
0.03260293575794715,0.013076590173296331
0.012177637609365514,0.009607621887005013
-0.000556783422577041,-0.008755319629423632
0.0005275537634408603,0.010613324978385609
0.04327834915278747,0.010080977322676477
-0.011468761558329526,0.006161133241945517
0.0038376617285563012,-0.0027762855673640597
0.015049962354044067,0.005048600216661123
0.005960964731131387,0.02295644769588945
0.0017857142857142854,0.006438611473348348
0.011286167665401163,0.016497251723614093
0.006699152039796841,0.0016767538112768038
0.005693172792629389,-0.011270900089795376
0.011401274015643652,0.007070721786697467
0.04385079277615884,0.01610350107082153
-0.0007142857142857143,0.005821069207439829
0.016661877100439825,0.00013505335244465668
0.021912274191006786,0.005737264947071546
0.00471769458441919,0.02979338390765264
-0.023444013788512148,-0.024362574394572754
0.0035385349624638884,0.0024901449096560845
0.0007407709352056889,0.01009684153804002
-0.030486529889987252,-0.025867544193902605
0.004874981340498582,0.001591140059127864
0.001116845157213442,0.013506015056889432
0.005678867792291932,-0.003375011840484986
0.000586472602739726,0.0012957157784743991
0.015130625577454187,0.001055627711692662
-0.01478966004562412,-0.027434645956574848
0.02263351632379109,-0.0026204552054935686
0.0016855344109442468,0.002601037186597647
0.029517247587895097,-0.0006790637758525859
0.001081081081081081,0.029511998882835656
0.016255224119973943,0.0005110297410500255
-0.001232313116824469,-0.0072163661307921385
-0.009997172090140028,-0.006284392454065573
0.002295176822308537,0.007588721981631935
0.008220708879904802,0.0029183898538737247
0.004768056924985029,0.010202783767807366
0.06842645208813108,0.002829428644907008
-0.009720660086945889,-0.011658585467723633
0.014480345890678188,0.008859165671479529
0.020698771657794587,0.007782746181125251
-0.002838659329549867,0.005573503538179489
-0.031046370433532536,-0.042094739776329694
-0.008193087777516546,-0.010074507011876956
0.00030190870957,0.002808937951991498
0.011082452908743321,0.0051592361444629834
0.03637591554309804,0.0008042264169349334
0.03033967672956913,-0.0010048835116565446
0.0011933970906535297,0.011609710598131715
0.048689618826494356,-0.0033474241405291715
0.0012329931972789115,0.0034118457725113697
0.018569957171750747,-0.00044444444444444447
-0.00012115002080687141,0.0029320560760189244
-0.005287779900299721,-0.008514794370464143
0.004478299194897777,0.009101371498351912
0.005216267862845606,0.002402584354274757
0.011066686915570856,0.011285870349172318
-0.012022452152871671,-0.01308370069803207
-0.0005614941457852208,-0.00267366512544887
-0.017621439215919757,-0.004885224414846748
-0.004636136216010967,-0.014453121574204517
0.010231925850006696,0.0033183533447684386
0.0027320825500173687,0.020628086195559107
0.002875503788594304,0.017730339313680406
0.01042110551340839,0.014702047269453985
-0.01114209101194262,0.00012629495235191857
0.03803231473609485,0.00012718860516561323
0.004918158354186899,0.003978613581816492
0.0050809783686435505,0.026431767995051553
0.03186364251863265,0.002542955789363581
0.001212149549795689,0.0044091643575751484
-0.0003685336505031521,0.0013801110062689505
0.001068365733177759,-0.0004755026193880244
0.0005979957341148041,-0.0019076218975532474
-0.002458755627190742,-0.007788209245374729
0.006614406254816824,0.026775241374197813
-0.00045870550737457444,-0.0008327122153209108
0.024105649311582523,0.02995512780991264
0.043905877295700974,0.014939521562331026
-0.008253556055784414,-0.010859506929765977
-0.0029432837122509614,0.0060874174895028735
0.010365071965348667,-0.000780629224315996
0.006144389194218268,0.026801980381654423
0.011047683378891822,0.0033904588609586393
-0.009888903082889589,0.008990573503380866
0.00796234717663289,-0.0006629094532320339
0.0026068210859661466,-0.00019298245614035088
0.00022010951889997335,0.005901804050259428
0.005406096503663187,0.0012022332982313368
0.03820104379073566,0.013699299389502529
-0.00957037028736753,-0.0025524301197235675
0.05046979851560552,0.010693401233327732
-0.007802250981106875,0.007038487515486563
0.021343816213082956,-0.0037932969381957622
-0.0173359939057382,-0.013676359300901952
0.0024772492139731434,0.00440768712146871
0.0028992628992628995,0.01571500227615614
0.0032725910819314764,0.034399634466646914
-0.0012991420208153248,0.01718900743804929
0.01481244505407121,0.0016079371916657703
0.005336618210081234,0.007946618881760504
-0.0013141947149713797,-0.002408816389431764
0.006263058186536408,-0.001836329295444074
0.005807734150788391,0.00874165473897661
0.00022010951889997335,0.005901804050259428
0.031173674183332622,0.01882169392438734
-0.005068391321569097,-0.0068719224309825595
0.01575687622919975,6.165862679273666e-05
0.008022190965855462,0.0070579488562470555
0.00394626635176736,0.005697378092779497
-0.003496814935546348,-0.00858154866682943
0.01854392997767428,0.009506398363936451
0.008208097376480098,0.000928740343428023
0.030322180058467103,-0.0007332242225859247
0.021806882986578242,0.008123938068815225
0.0022884012539184954,0.000425531914893617
-0.0022821844594074414,-3.0362310548068955e-06
0.023730345098439857,-0.0018241193518509302
0.0011290575228393566,0.00827473709626274
0.0005954551709772288,-0.006756844379607777
0.007809825789987581,0.02294615446767197
0.012853022116761871,0.0002295900178253122
0.012387568318899117,0.02043881915390013
0.0014829931972789115,0.0
0.023253593272972665,0.001951368523949169
0.006371528884215297,0.004816025944225927
-0.022584757462888246,-0.028254522947641626
-0.00447850862522574,-0.006536355065593578
0.002202380952380952,0.0
-0.004665620311842856,-0.002554065748067956
0.022736251902047925,0.002116938218690459
-0.019200102357627404,-0.02007134982192741
-0.01722167165979107,-0.02161301544661656
-0.005669299696598995,-0.013637878566302084
-0.027319611946667353,-0.027970148388256712
0.006969259234346695,0.014173045416227938
0.010672821667236319,0.0032570346320346315
0.009122253826424795,0.0042015292603527895
0.013181333379357769,0.008846643159022245
0.0021733269910496214,0.00063900552221355
0.014112619351769787,0.004536879382597861
0.03530741745455679,0.0021039406781054515
0.0068534380854322514,-0.0001147274190698472
0.016957541991718,0.0032266637377548523
0.031587646947576084,0.02213641963504252
-0.014535233224387448,-0.013183690742528597
0.0011366300366300367,0.00033898305084745765
0.011493556852706378,0.006827823166775556
0.009389487458290189,0.003583188355873532
0.01642365298679875,0.002512191846885546
-0.002131895522506068,-0.0031484775592191395
0.0016691682435847127,0.00814148685131388
0.00622627996981021,0.016875347428352564
-0.0006264956051800739,-0.0029385852589655357
0.011452416278706693,0.007002019377490119
0.018642065544240888,0.021881178866896625
0.014338588949278256,-0.007206169654082023
-0.0007675070028011205,0.008088182410609697
0.015609276926281071,0.007526230330971709
0.028290571140034484,0.004075393848462116
9.732151723149639e-05,-0.0007597949702644767
0.008002778149264218,0.004349306246332373
0.0008702324322515517,0.007014473044515021
-0.018392063090195882,-0.02140934567890704
0.00796437167894299,0.035042388365917776
-0.0229956675368096,-0.004710288817983355
2.8416209968658637e-05,0.0011032096437355154
0.017765211967370475,0.018514797076573976
0.03304186077959943,-0.0005838196117535256
-0.001973775224526091,-0.006737939110988493
0.028737380242005152,0.010188589558112948
0.027277569599899694,0.006964043538567688
-0.011735572884838345,-0.017206472021534504
0.007402629547338849,0.0019666905144196983
0.009367806132423252,-0.006961956575268744
0.016481736814793743,0.026848579350422654
0.01225273245138146,0.0012292889236305417
-0.020697147483072373,-0.015589059050525586
0.006574239633381655,0.0
0.003509680593620563,0.003310261569416499
0.0008262669408848813,0.0004185125823108508
0.00861811487999137,-0.003007751025576824
-0.006280005027060383,-0.00786532079045612
0.00951990719668427,-0.002890879379007327
0.027619952173909557,-0.00023103806532846728
0.03865882284900228,0.014112924264969295
0.020981487144726124,0.0020971360581150686
0.004247068688582636,0.005234966146849331
-0.003653695061230198,-0.012758606811504201
0.0,0.0020326340326340324
0.021470333337798273,8.509264711869299e-05
-0.0001929055608449158,-0.006559363506389252
0.014295412566645464,0.0033357274533745125
0.0002727272727272727,0.000974025974025974
0.0015415202746904095,-0.0007418957608807228
0.028541606207313736,0.010929478608107165
0.0017789851340680467,0.005964587845623214
0.0075673724180424055,-0.01540282256651703
0.0007903355787389154,0.005468717339012174
0.03071357770270074,0.001420544152495077
0.02666473393756533,0.00843983817491691
-0.0028298956237092984,-0.00801021054299903
0.001403340960900024,-0.0029709373788955576
0.004324181456109939,0.0018915517169091442
0.018968729929225835,0.011189642183478805
0.010602668774225192,0.002684917421759527
0.009079458671866934,0.008829701329630757
0.018081339055333878,0.0009383524277141298
-0.034267558300314256,-0.039543417077693745
0.03648225510881807,0.008204109226058718
5.1643192488262885e-05,0.012290051470839046
0.04461274950087901,0.009168035182992595
0.017716913721440457,0.016236899226979074
0.03156945331246746,0.0022979797979797976
0.00803276473869664,0.005191309589599863
-0.00038079383821126855,-0.00358958337423443
0.014348372361115082,0.005629752329864316
0.016642741457026638,0.0021523809523809525
0.00617913054318342,0.00340615253193476
0.014866164893334598,-0.015319089938388717
0.003709213402590031,0.00796527760378788
0.009686425038241384,0.0012936827682029216
0.002579634982248116,0.002728345648604269
0.028894833346545454,-0.00692105865124923
-0.00543360171487459,-0.014013484434447079
0.025314646578066556,0.010569805194805194
0.01844136481608962,0.0025032965387782363
-0.004807448826917184,-0.005807448826917184
0.021435736575883876,0.006677978969701154
-0.008769276960261493,-0.016646383894572434
0.0028736902134056564,-0.0016835672281059345
-0.004688176403279615,-0.0016902852178199233
-0.0020836221137192825,-0.004257401391940935
0.023752160752670996,0.005543220884899875
0.0159018947626989,0.003968891236379957
0.005704039113777901,0.009637418225002737
0.03051425745748426,0.01995868251675368
-0.01465130750583762,-0.004792314705779711
-0.02137704963326153,-0.02240226672636256
-0.0032773109243697477,0.00011081163911369138
0.005581647905909399,0.002118077863781101
-0.00443757863174823,0.0052966208000771765
0.015133191198672135,0.003472565343153578
-0.0007675070028011205,0.003994482116277495
0.015078469400812419,-0.00206214109926169
0.05298089000744257,0.018597240382639615
-0.005155466755466755,0.0026444018801528415
0.025275399173466634,-0.001036546407599934
0.017686539889225344,0.02353030311494157
0.010089225224153484,0.002416915329656103
0.004976703947655798,-4.070500003324059e-05
0.013846353848944302,-0.010355000785794497
0.0032141578194389243,0.008301176536454754
0.012834891374437093,0.004042517006802721
0.0019511893350523156,0.001242314258332565
0.006433056904447632,0.0032272461326843327
0.0011521174208908877,6.238859180035652e-05
-0.00010807494065651502,-0.00294286250155485
0.004324336632631003,-0.004897578920942974
-0.0020661367919589937,0.007019157119652266
0.013394145219047542,0.0109036758180241
0.0010709805929067394,0.00712049056165822
-0.01609892716479258,-0.020989439151203597
0.020955141057572735,-0.0010492545753896458
0.016254163698040166,0.05129923096305828
0.0025937104457613522,-0.002937649762779556
0.0017564906907449307,0.0020019764662621803
0.008161721785815276,0.014463877763142985
0.013256320297956507,-0.0010604122245913292
0.013981957205348823,0.021969247690867305
-0.010209400164303198,-0.01087362008568136
0.011042603037881848,0.04241749930894435
0.019954850772303967,0.0012153205813164366
0.008479964574022886,0.010000338378234526
0.002061301230455015,0.01405753103484288
0.015916473294810718,0.011143702752454328
0.0075357398521245025,-0.006445606340084826
0.005264708694387072,-0.011312316760849981
-0.009844673929018298,-0.008327561114099564
0.036465028270258965,0.009261115920538113
-0.002612246870846391,0.0008891356347176839
0.0033555979530788937,-0.0074005272778402955
0.024213776217674447,0.004099333391975494
0.02997308577813708,0.0017647058823529412
0.0057935763716550565,0.002258658008658009
0.043154122218655354,0.010563102980017383
0.007580163023134397,0.0015074619525847985
0.0029959066204430095,0.02681885763749077
-0.007123989273882836,-0.006142442840884498
0.0013537324547290052,0.003101938975403386
0.018569957171750747,-0.00044444444444444447
0.0157002908169908,-0.0035580955858252727
0.03846134858065405,0.004015928515928515
0.016883514691805067,0.002593986648565742
0.0061762701318150235,0.02311629683707323
0.011371783434614867,0.0059153332269092284
0.022027975153529125,0.003567129404356412
-0.006872882290746212,0.005916024236054564
-0.00468919176345327,-0.0007767359920240746
0.0038228127250723703,-0.003414774404746873
0.014714839658306536,-0.006918433497107128
0.01813493026800288,0.001249993130006192
0.0003817749141437043,0.008964903629206674
-0.00026450315224426073,-0.003047694476632057
-0.0024712277464071083,-0.005673505728407381
0.007106532356532355,0.016170403005321368
0.004536324113563143,0.0005729940444757377
0.010012349087600755,0.023099895240084673
0.0022940759430323,0.0005000201865234769
-0.01107692158035436,-0.014567432229978031
-0.0014464855484345742,0.0017937630675335593
0.012516498385778018,0.007504952932771187
0.010922706961811215,-0.010433218509990945
0.003898545608342516,0.0128838960073205
0.004901466711960855,0.0003197635697635699
0.004626307363091484,0.005743280604724038
0.010849917449555,0.0031231115639549574
0.00853445505832323,-0.004310906411270229
0.00754524697397643,5.921052631578921e-05
0.017324388424467235,0.009513387010501804
0.003314768289787515,0.0028849861311450067
0.026723656018596064,-0.014398087826870217
0.0012512218963831867,0.00041666666666666664
-0.0009613995421952955,-0.0016703486773392137
0.00600876919857672,0.003839429590116541
0.0206570556756885,0.017594576196463825
0.028513065947974224,0.030752335355089103
0.00813416356537201,0.0033359134064131846
-0.0018051133076092442,-0.0013884466409425777
0.0005434315908186227,-0.0002431678279996412
0.02314706103337454,0.0010580888417579828
0.002659024032847525,0.0
0.014819404851557501,0.018974224888367322
0.0017538265306122447,0.0006410256410256409
0.014927855548060087,0.008222063400836562
0.004515584394422738,0.001621060082598669
0.009981323524055419,-0.0015694273463183238
-0.01668523161667673,-0.027988618326901207
0.015698279662212135,-0.0025531508244773203
0.03125750115672175,0.013847559001015447
-0.00269529555258446,-0.001907955302791144
0.00037978759999707234,0.003021159262103869
0.008506054148447463,0.0028224475997295473
-0.0032773109243697477,0.00011081163911369138
0.018288394641391304,0.000913613749434645
-0.021893361008993015,-0.030907468788732427
0.006151649441129816,0.006407636956839691
0.016354922062304246,0.005176734376734378
0.021608048236762933,-0.00302464670392527
0.015918937271766496,0.0029305758495372976
-0.006114312463244301,6.500960890037932e-05
0.0685195766705571,0.025823572638633392
0.009957418561444172,-0.00023714989245027956
-0.02080429345073673,-0.005687457970472789
0.016512764590394878,0.007839640987427652
0.002585031009081305,0.023639230768644326
0.010602668774225192,0.002684917421759527
-0.033226490819139136,-0.038502349596518624
0.0030436816030760126,0.0020421605924390777
0.00439229071734144,0.005566794704448416
0.008234811767933836,-0.0010709000113650062
0.03772271151650695,0.013003295220564329
-0.015575407235480442,-0.025714671994482727
-0.001409977332594959,0.02110293969579157
-0.005083794125704268,0.003434702370299844
0.006789165983520196,0.0017796738594614244
0.02555560928878299,0.046297194113340635
-0.005755343842739749,-0.0050289011499706085
0.0036252123252569286,0.024937202461450807
0.011670861345145812,0.0013699263727735885
-0.014329626782736306,-0.016056778948483112
0.00216205169659342,0.0005868131868131868
-0.012237970003444721,-0.025610931702620486
0.010893263651894625,0.0172055141702701
0.03094584492243902,0.01332044148959215
0.022669221988315454,0.025877227784687366
0.014082123600964709,0.008784223235326571
0.00584327485380117,0.012642816837492094
0.01795144955608089,0.013244021706530114
0.010046746060822448,-0.0014716410118675591
0.012843661111421309,-0.0021994884910485936
0.005975828145930831,0.0023482927142013943
-0.0034434967256606426,-0.004912103726698563
0.009192958700308318,0.006673690711099784
-0.00987054019163791,-0.011920450585483484
0.0009027373807044548,-0.002119071544166856
0.003211466165413534,0.00581412076285916
-0.007205870159383853,0.004820283973329542
0.03213089926628372,0.015202429808745836
0.004615580371394324,0.005787313329237069
-0.005155466755466755,0.004672849622886299
0.024455441922911547,0.03515995125596069
0.007932234581839816,0.0019669933188504593
0.02333976818975479,0.007320492310226138
0.013473450105208461,0.0009324193962787896
-0.02237799432120144,-0.02426336100714233
-0.00731453172068507,-0.005525308337000828
-0.005586579630956136,-0.0070993162692835
-0.0018277925731418915,-0.005860475440255064
-0.024710351992184753,-0.014566605267311301
0.00671432022951286,-0.0014744224377164186
0.0064241384092642686,-3.243433809271964e-05
0.0008797216195764656,-0.001702061618115468
-0.016424996188760976,-0.01476238271752292
0.005982772077595614,0.012743713385821902
-0.00718702029877329,-0.008900181689354036
0.025225868116082475,0.01077209655462153
0.021544560482891925,0.0016109066124371063
0.005417253798944499,-0.0028319392444146265
-0.007451503565248079,-0.00378262392951829
-0.0031092862479851083,-0.003957182533538526
0.025096418990533064,0.0010229885057471263
0.0022884012539184954,0.000425531914893617
0.024395988329749325,0.030010038304422507
0.0066268008546170425,0.03393884280097483
0.008221858775077097,0.0012296371526905425
0.022393014691220067,0.024334171219876903
0.026513692584745428,0.0029796757998477525
0.007092421659270296,0.027221439359017236
-0.002670495249281075,-0.0021935131520943742
-0.014695119654280886,-0.015943331756302352
0.0005750041416535349,-0.004133963751908743
0.004057246671459608,0.010710050422355545
0.004801637483472081,-0.0013326788319740499
0.007630466458406277,0.0009090909090909091
0.007313666271166068,0.003071391952205906
0.014819404851557501,0.018974224888367322
0.004679715467075992,0.0276253343304396
0.020436921566467182,0.016882170765603697
0.004431381118881119,0.0004651162790697674
0.027305149635086012,0.004012585305897449
0.0019495852380102853,0.007188031275581139
0.004109637082057222,0.004578233244622007
0.03490064899337849,0.004501966391815935
0.006206247049513967,0.009754853275366978
0.004429403166609294,-0.0031103046232540564
0.02048542560827566,-0.009075803036344657
0.020070001737577257,-0.003588543087784061
0.018119505674169905,0.01462669643287903
-0.0003990308505200657,-0.0031466567518044965
-0.039825643016139854,-0.0431604432640861
0.018353867488624484,-0.003328882781595846
-0.014185066062276942,-0.011938899140671547
6.0335429248320385e-05,0.010199757438072152
-0.020473547322971186,-0.017140511119694696
0.004865537351276249,0.014255497931010122
0.01103046767204218,0.0005684335044800165
0.0035046286907263876,0.006308048437764763
0.003801321322648721,0.005209518987100622
0.021593558391375032,0.00039965244114425515
-0.004918694702500993,-0.01712388386330491
0.014882884276957782,0.02993682912437529
0.02190570906157993,0.0017147375079063884
-0.012687318314529194,-0.010857818059590466
0.027197040678887233,0.0034482941942107098
0.019127450945589312,0.019824993881261195
0.02111644474848886,0.006931623683383624
-0.0008695652173913043,0.017427862423617428
0.0030548465879437665,-0.01595525484749945
-0.0017997736228891532,-0.0006542451676046005
-0.005540160455875182,-0.006731864974258408
0.002367808581760449,-0.0025683890577507594
0.001668148207603014,-0.0010855614973262029
0.010265025254899359,0.000946327452099719
0.025950603169386858,0.015369071598974314
0.02322316025451346,0.01169624989224137
0.0003842956279761136,0.01177180667769828
0.006701877755364202,0.011904290804330551
0.011745380336004687,0.0005255348516218083
0.01423747502392617,0.0001111160648616348
-0.00034770784770784776,0.027974200627614226
0.002159058538669705,0.0003508771929824561
0.008338865667372412,-0.01305924502346856
0.007076644056802566,0.019855603746066455
-0.012378282114050083,-0.0029381610796981924
-0.01817631376240037,-0.02716127140337548
0.0055188682630240415,-0.008309154743234494
0.009178946858452355,-0.0008333333333333333
0.00038931682653771274,0.0054485938233723545
0.021241201324133496,0.012334511077158137
0.004210331121995196,0.015867445961242004
0.04169814963447036,0.06760468343228843
0.0032254679467161934,0.004521882212989471
0.0003396854542892652,-0.006772665275460181
0.002812225368616346,0.029296672895809714
0.004157322865644252,-0.013636920702866371
-0.014229617063832665,-0.012921815509051967
-0.002837529351687221,-0.00857434029739751
-0.00019056961677788682,0.008780735935277565
0.01223701126734874,0.0064202273076547425
0.03640408801151555,0.012840049299774565
0.0052393392258773645,-0.011146457397103486
0.0016415963474787005,0.0003508771929824561
0.0019209160698845408,0.001555929821689039
-0.021533213697983996,-0.0246409924896056
0.017743584188450717,0.022010026337104315
0.007225000404977361,-0.007017747557668377
0.0,0.01533343418765358
0.0030196581196581195,0.0006842105263157893
0.005290532307575684,-0.006398085229170569
0.016512764590394878,0.007839640987427652
0.017206881449141898,0.04863084432867506
0.0012683342555391023,0.003049984112160462
0.019642023533078527,0.00678783301617269
0.01219420730541839,0.0041786473688912714
-0.020293190641450826,-0.026049175444993564
0.002745382579909435,-0.004159485775778593
0.00851261423409512,0.007297899989671823
0.005946148910546608,0.003453663519341011
0.00025496319358524547,0.0036174977556767737
0.03250453050159713,0.0008176266883565021
0.004579392819470089,-0.004117653352166746
-0.025601709500928695,-0.02952580466464056
0.00022010951889997335,0.005901804050259428
0.02429167031826305,-0.0012332238585493073
0.009359413055490911,0.006031132118310672
0.016867615044884078,0.01804850821394853
0.00899213095564815,0.004313524161279914
0.013642835813977926,-0.0024796915288718565
0.0036980177962456957,-0.0018735083564216937
0.011418735387491993,0.04330051936024537
0.0016509364940005854,0.00014874915483434751
0.0027673967504475983,0.0033987028476616067
0.029236502660391267,0.00805087473202922
-0.007387155560207411,0.003938802239642131
0.01476517904774494,-0.004510416286678426
0.01676117888683301,-0.00014379084967320254
0.0018972438315510536,0.011262546294504655
0.0011547169811320754,0.0007017543859649122
0.009881209837185516,0.01763273750100071
0.021115037197291492,-0.0027291051933793133
0.0012125157010572166,0.004113545429476315
0.0011714643434433906,0.001399916037759609
0.007203633632476933,-0.003549757269237697
-0.013000404075584684,-0.01742001420702849
0.000993676603432701,0.007628352030486908
-0.009720660086945889,-0.011658585467723633
0.014922428801414915,0.011319185588814678
0.005159533204837743,0.002858807858807859
0.01614060226777287,0.010709162842049844
-0.004091780673496063,0.010818027950265631
0.002976085294719292,-0.01241149426821568
0.004292180316154508,0.011368999226619115
0.010187641948241916,0.007315162774747267
-0.00018062989228419257,-0.008970342783739278
0.012800995615428917,0.0032758937617600233
-0.0069217204631566494,-0.009195672483932375
0.020332087521539734,-0.003068662403487591
0.005434029226963353,0.022214841699156176
0.010549188599626561,0.004877242007371968
0.018081339055333878,0.0009383524277141298
-0.005641668739628864,-0.0015574936147638076
0.0020833333333333333,0.0022681992337164752
0.014764512319652203,0.013579278903823322
-0.013122185557225241,-0.01037461896880824
0.0027053144362602687,0.013753988175719361
0.00907031849880506,-0.003350225992095981
0.059724722603110666,0.01580026351778588
0.0011921108748907984,-0.004361552843540804
0.01848329109306309,0.005579758884240422
-0.012979606466400614,-0.024788583268892533
0.02127945846933314,0.008391153267301547
0.0018010065458527857,0.00639147225227853
-0.012269332501771,-0.015903170936667474
-0.005853644567003999,-0.0021880820593362287
-0.01038047036842555,-0.003439692661836592
0.011594717739561791,0.014164991249009688
0.015765500401461158,0.024517615882029095
0.002137824990766167,0.0016683375104427738
-0.008937262653845566,0.021404995000982377
5.50016665762322e-05,0.0006586066144750075
-0.0019589329991115036,-0.005768008189586882
0.041087783665658274,0.003184788188239638
-0.005124214584591934,-0.016080727536172935
0.007747365323048661,-0.00045957275449478533
0.00015997414101088245,0.0031603743952749682
0.013772081070318909,0.009627121381334204
-0.026485487170328552,-0.02642754509856135
0.001691661279896574,0.0019729805558587076
0.01955125900774422,0.0016372435266068515
-0.0014346370131227268,-0.00684638511888962
0.006093745787552387,0.007193162919631466
0.01456372604361728,0.010549921997765088
-0.009370909403925489,-0.008404836948491331
-0.006694315210870077,0.015926489965344542
0.003291457297633823,0.0010585113810920258
-0.00044444444444444447,-4.4444444444444447e-05
0.0028045266405502785,0.009269284166295057
0.0022237436476566915,0.005494304848684299
0.01687354569907886,0.0009523809523809524
0.011074706204006468,0.014464279571489507
0.012194754770555826,0.00026219512195121953
0.0021734890972179106,0.0010410622179239202
0.01480580530415125,-0.0004401960426723196
-0.0013842893750119437,-0.00529677613495633
0.020785155933916714,-0.004066252587991719
-0.001255562377079405,0.005831697943251187
0.015230020912844408,0.05542514195391399
0.021570841285701157,-0.00266601376653564
0.004668029213990293,-0.002290572857670932
0.0044937226923289645,0.006309590103235802
0.0019675020362755033,0.0006684491978609626
-0.007707211834438905,-0.01945120191132823
0.012411355513077897,-0.0005092198942848727
0.007922155479993545,0.008966685058790322
0.002863840125291604,0.00045734018024963085
0.02321856208997799,-0.000156926406926407
0.02220469700244616,0.025151475935491895
0.03728630441422253,0.06790033917192213
-0.019150473371642142,-0.01464043566684542
0.025073006832025478,0.004915865318463809
0.0041575621039212675,-0.009757847060700504
0.011510455560697247,-0.003211743258488518
0.0014603785661517986,0.0002975580533312863
0.019565023581373537,0.005465659693585898
0.005428258249686822,0.004139051467855816
-0.0011582231810457425,-0.010467086909064238
0.006823858998848081,0.002583333333333333
0.004448963690121002,0.009296016652986256
0.001345269961122001,-0.007695638126296745
0.004139263036269451,0.010710529705628347
0.00698019761764841,0.022484482384651124
0.019380059873272695,0.003937349247500058
-0.019301958575090178,-0.014811726614977493
0.004454783442507422,0.013022150087961573
-0.006456492894373997,-0.0071991836413880525
0.0027121212121212117,0.003985653649832754
-0.013984748109213362,-0.01720204943072513
-0.006970673486984885,-0.0005434451038015316
0.0016897821749474195,0.0009414636260693832
-0.004120668236836125,-0.004642602070654194
5.1643192488262885e-05,0.012290051470839046
0.008569259234346696,0.014684601656597742
-0.02971286398321358,-0.029675342729864367
-0.007230523897595629,0.0011551630455194674
0.01049020711098342,0.0024929213570592575
-0.027608486265732438,-0.03058074821350765
0.008076063055529954,-0.011034633201949891
0.012565110489381998,-0.0008649036918261677
-0.020014192008857692,-0.0336472489074454
-0.0011158980129970294,0.007243218793326357
0.0005052103334890765,-0.0009634974733194598
0.02138754385481213,0.011573063622486056
-0.006192104248013721,-0.019867672755326842
0.018343214932962818,0.03711644369024268
0.03931756285172699,0.01144287327818208
0.00471769458441919,0.02979338390765264
0.04040893501399258,0.005556380226850381
0.007374278883258445,0.0014127307837923748
0.03747156141661844,0.0023307359307359306
0.00961011110188047,0.0013333333333333333
0.00859989757925984,0.01792511758452434
0.018332845403474,0.008428587709858685
0.003235851042315857,-0.0015682882255621498
0.005341872672686212,0.006370119472660897
0.0047643790877708765,0.024850522194928778
-0.0002525726602697815,0.0019263199369582349
0.0008758788933321125,0.0013859568391189252
0.01967935130406011,0.0017171170154318413
0.013092628853185889,0.00355846202379197
0.009823214063220207,0.0006060606060606061
0.011082452908743321,0.0051592361444629834
0.0010038138221777019,0.017311040100132707
0.009869183069683625,-0.00046637815852467184
-0.001987986270022883,0.002909578833491876
0.011193219872931145,0.014542679723656344
-0.020374241561532083,-0.0050824907916483565
0.0036036611855384633,0.013141009530650585
-0.00256376422047267,0.004607182582281577
0.014901589086874396,-0.00939322027626301
0.017239176811575913,0.02507672861465247
0.032920672139666596,0.011832169916193661
-0.007491804956493221,-0.012416647431397577
-0.0005105105105105106,0.0011272742193794828
0.019666642792840222,0.00865708572034292
0.0003468715074116061,-0.007571427541356002
0.020733282069485638,0.003783662048798805
-0.006593311361247078,-0.002522079995260814
0.0003228425985778928,0.00011241830065359488
-0.013798272889977302,-0.015500284940993807
-0.024529488584507844,-0.026053360887977498
0.004111339398699922,0.0329849478352144
0.01342264733807826,0.0026674176069139176
0.043971506841873405,0.01128954157033423
0.013344566350834053,0.011322525093589036
0.005609821689333154,0.013602846615252118
0.011066715920053522,-0.006261984484604908
-0.00035442462687044736,0.024549999602225557
-0.00542814146672746,-0.016392188797844834
0.012817265489394322,-0.0012446736447153228
0.008148374830702573,0.0008051552106430154
0.025493974426514122,0.012230632680425112
0.03463289376731318,0.05007525656550088
0.008694405464931056,0.004508743944227815
-0.0001233552024589822,0.0010761985468192344
0.02035531962526499,0.005293962529700321
0.0012769811902559357,0.004076227390180879
0.0033603838372097085,0.0010503584229390678
-0.02779557592643348,-0.006486615024878146
-0.021163196198756437,-0.024969619701482593
0.0032376953026333833,0.002830639340899258
0.0007551057413504383,-0.0016465689048466292
0.04331221559410425,-0.00019258771447314225
0.03281031525899396,0.009895013138040702
-0.008174480652488122,0.001386259958916402
0.006337984484554495,0.009773210732887823
-0.01590320290384418,-0.010323064635452303
0.00312109287060245,-0.00606582223763169
-0.010653793439134992,-0.009164157466698982
0.008235772035070575,-0.006750932335488313
0.012584581828342455,-0.0039416679330556885
-0.0018457067997750196,0.009715800240540872
-0.008261413613103473,0.022493858884828397
0.010025892905746533,0.005299264353837067
0.02413303547976424,-0.0014617151999139575
0.025275399173466634,-0.001036546407599934
0.006234811339131136,-6.130117745040305e-05
0.0013410673327068964,0.001103901127490958
0.015286603922862182,0.009935956674579789
-0.0027409427009856034,0.003440214593857554
0.007168920421993701,0.00045421245421245406
0.00589281348740485,0.003807598390490631
0.01598581469869746,0.003946309441651057
0.006061774334081232,0.0640977826437936
-0.0016540487811347892,0.0002769940292103525
0.00925414301840347,-0.0002407116692830977
-0.00044444444444444447,-4.4444444444444447e-05
0.008425474194705598,-0.0018616861194447397
0.011955995579700476,0.026888495143209793
0.0038708270468479893,0.046026765146834334
-0.011665905736173635,0.018404982879765063
0.004230785762420145,-0.012971406603845536
0.0017538265306122447,0.0003333333333333333
-0.0018662405770415837,-0.007418360471086496
0.00241529877855715,-0.0030041793438770905
0.010427945562308392,0.0048357342493809165
-0.0009961033063601854,-0.005479137018737767
0.006907833291727778,-0.00834077046470189
0.025168362866779988,0.032243835892520716
0.040445390490702296,0.0017534552550877878
0.004768056924985029,0.010202783767807366
0.029119702445089234,-0.0021241770392367463
0.018739334641491214,0.008268848644347163
0.02115600668059945,-0.002386756463892986
-0.015399403959689388,-0.010741579211207731
0.011692312439684962,-0.0020274334827988607
0.002146244676732482,0.002502760242121944
0.01672643638504254,0.004891737119389542
0.0029839039309587437,-0.004079883444528662
0.032887027559383955,-0.0019452830684170263
0.000806122448979592,0.008129174555389251
0.0023314490619982613,0.00027352520922637277
0.003968388369765116,0.005318574531260479
0.0031441632905064225,0.004228810008148407
0.0036166825577461322,-0.0009498553519768563
0.009518970801667852,-4.592105048129361e-05
0.017669263365282267,-0.0008407157629693922
0.002680508290079799,0.0010396736002493702
0.004475486271325975,-0.003486617599029117
0.0057227574198121176,0.002133290785455811
0.017070362770749584,0.027730379712349026
0.0003558604537368766,0.001372485086315445
0.0016509364940005854,0.00014874915483434751
0.004785191402600631,-0.000392156862745098
-0.0005669616219857968,0.021001157930110165
-0.028269581297599645,-0.028051009497294825
0.008099885912154943,-0.017535141799726588
0.0,0.0004
0.002747530247530248,0.006078269420772986
0.022459213022306166,0.013556797657426147
0.004250944511725536,0.001188604367805349
-0.005650835438465674,-0.0001289573039953678
-0.006108089798776495,0.0015639768576367653
0.0011348621143600704,0.00299319558328383
-0.01000163676000167,-0.013482672470396527
0.010692582865931933,0.0007723813826438796
0.006101431564275406,0.020150077311079116
0.01141636955822451,0.01342723527538288
0.006798699827507132,-0.004633933573462281
-0.030287802143565076,-0.022636018624065453
0.0029938267307112803,0.008580182655683215
0.01056749544977608,0.006659148287081472
0.022628748941915085,0.03408595217433702
0.003596524656675032,0.001740588253044949
-0.004807448826917184,-0.005807448826917184
0.00696771735455924,-0.0010150068264495713
0.008347119846576191,0.05345240297943801
0.0036338397857606066,0.004360427127610376
0.003242493078327584,0.032700339959658334
0.008989393845825323,0.005594458229942102
0.00544442445959746,0.004136446212213476
0.0026563052733999766,0.0038433693033357095
0.014282129997942115,-0.0003636363636363636
-0.008660355272996483,-0.01881700358137042
0.021115037197291492,-0.0027291051933793133
0.01131957148378971,0.019444458874238683
0.0021818784073706337,-0.0005263157894736842
0.0006060606060606061,0.0015384615384615385
-0.007724985167547849,-0.006497333298719508
0.0016415963474787005,0.0008386820710312367
0.00219541064326747,0.017270521742796644
0.006482756140534609,0.000625
0.008023627100627654,0.017844024347420138
0.0037711854407737047,0.000565272615287246
0.016140168989278336,0.006432563582161894
0.0040961479198767334,0.001577236699549524
0.01356451035512558,0.007328044485039063
0.04815753238422079,0.014353811266941977
0.020246149279890685,0.0021038291753570793
0.015853403385190826,0.00807003322171859
0.03712641329253508,0.00029850746268656717
0.0049442661386462005,0.007875882428073617
0.008443472958522779,0.019243476609684583
-0.00044444444444444447,-4.4444444444444447e-05
0.008483844194419003,0.0173046722497231
0.0009322810964602009,0.023051830486810178
-0.006482449968339052,-0.0026394545040741516
-0.0010050914565806705,-0.0037527173578651013
-0.007436891100165845,-0.0023766204450727142
0.03844093240872097,0.01601937775991157
0.004708368356659201,0.005588517762430805
0.0049803353020633975,0.007182411210205292
0.022361876723077354,0.013851299711216555
0.014682564192778339,0.011805380399274758
-0.002673007533758496,-0.0015639604135023917
-0.02173943745960394,-0.02137663787621612
-0.005679883512544803,0.0005770075951634975
0.003305417793100095,0.007752992426141772
0.009424630981897433,0.0017821777924222186
0.0027673967504475983,0.005268794744069293
-0.010960921871182739,0.003622975117585702
1.0480625880927158e-05,-0.017838682597988025
0.012635312102973566,-0.0015009644888310208
-0.0009391124871001032,0.006748103527090442
0.0042738389461435865,-0.00034819204029730303
-0.001254456639175869,-0.0029641859568420156
0.0034063022298316415,0.0006451612903225806
-0.001558261562008694,-0.0053297092962327364
-0.0021502667737157023,0.0071263504694211175
0.010080633719943596,-0.011082699162320875
0.024265732422933978,0.002631435529282146
0.0143004065195183,0.0003122095969638923
0.002085319995914575,-0.0005517503805175037
0.004924242424242424,0.0
0.00032967032967032967,-0.0003846153846153846
0.018899364682966203,-0.00041836707076750666
0.05262479635410269,0.0021487218961388724
0.0024776178527142704,0.00037037037037037035
0.019180833339579848,-0.0032465203822129992
0.004175147867269478,-0.0003076923076923077
-0.014659056459385481,-0.020384689630747674
-0.005755343842739749,-0.0050289011499706085
-0.0006969224900530225,-0.000532172969263639
0.00026392269795017485,-0.0011563688981478743
0.03105739469696298,0.012734003127833678
-0.017718535070790107,-0.014488525972520636
0.002105403794390573,0.042640644193576153
0.0022940759430323,0.0005000201865234769
0.021865811516956137,0.009530844172207597
0.004935775701372965,0.005628592497887041
-0.0010097657693629173,-0.0004065064493851507
0.0016509364940005854,0.00014874915483434751
0.028198596269880673,0.0
-0.0008695652173913043,0.01503993760768729
0.004995291748194963,-0.002294691248530326
0.016519811555517138,0.016595040060196287
0.030802237692380087,0.012024603100932134
0.009581998822085984,0.01857107507762378
0.01300381150356616,0.004873748706854187
0.006337984484554495,0.009773210732887823
-0.003088575295410424,0.0013125959240878771
0.0016258470438925362,0.0033183150506152564
-0.005392534420490685,-0.019665480743014732
0.010750526515090796,0.019298305751197054
0.017170148879875908,0.003995647801214716
0.007940279045914222,0.0030230264879186324
-0.008261413613103473,0.022493858884828397
0.026538090040588894,-0.013716565042736658
0.008698156456885478,0.000726149666997291
0.021877961351950855,0.0010147304149239126
-0.0067890086661984836,-0.0052902052645786846
0.036500969091374014,0.023888264076253576
0.00946278366992294,-0.0009351828296792521
0.0024920843582890285,0.0024795293156722287
0.000691042220719907,-0.00633623316802892
0.018103263586799048,0.007045958471161493
0.006558927644957387,-0.00042039474381079
0.013614811519954577,0.0012
7.902724369034672e-05,0.0040630607076173044
0.008066876882187868,0.040810624987704054
0.010996780821506093,0.002785543608124253
0.027430672717623016,0.015652693438714865
-0.0005557875353244379,-0.01016390971879022
3.588015498747019e-05,-3.290185008613007e-06
-0.02277916442281739,-0.010987981800508036
0.025225868116082475,0.01077209655462153
-0.010715440950456394,-0.007485887571698609
0.0021876037557771767,0.011917366944980147
0.007005832147937412,0.0018051282051282052
-0.02621752032545032,-0.020829398235891843
0.007497774794663555,-0.0029697851467198767
-0.001973890552278185,-0.00022899956199712366
0.002202380952380952,0.0
-0.0023971723430728058,-0.009310431001435988
0.0007142857142857143,0.022103114579068984
0.005801944601660426,0.0020341220852056773
-0.03892478563585361,-0.04562866558242985
0.005286692580562292,0.01346360086709265
-0.007699457237948947,-0.012754537495364825
0.004993833193887784,0.005581804571911977
0.007984583490552616,-0.0011971291048240894
0.00040628038403753806,-0.004242706635513688
0.007855985944303222,0.009818906938902503
-0.006436947673289865,-0.0055321835055427565
0.022150365478760134,0.003424261320392313
0.00875193822609153,0.011682981631637656
-0.008863511063137184,-0.015560893766722105
0.02157235385371544,0.009103626070776243
-0.024710351992184753,-0.014566605267311301
0.026879680883729332,0.0015499255257658614
0.004931851247915741,0.022588319667580174
0.019125364179250582,0.008330566656862534
0.0017464929098026107,0.009254649554674272
-0.006222394707713925,-0.01115539654259969
0.008655682082967874,0.012401621237772002
0.02408443421941887,0.013240315791678683
0.007311349320255701,0.012010160347840394
0.006143608401308191,0.0046855695733884935
-0.011084501165260666,-0.010135590073525982
0.018901687976784716,0.04890750453489756
0.004175147867269478,-0.0003076923076923077
-0.006336304941992549,0.007044614482328243
-0.0026811104731642717,0.0024326090109111644
-0.006066646762296567,-0.013333853943250857
0.003177446705461563,-0.0034901817021448824
-0.001154527361566124,-0.004374721508796455
0.002786137828407826,-0.008634815816261812
0.0010527737033108643,0.012702243818853654
-0.0032139397167415228,-0.0067008546986769175
0.0030890461106280417,0.011150568564217256
0.006785633133315728,0.0034159152095923828
-0.002454122471249434,0.018214689050974113
-0.004039432057129134,-0.009926416002211945
-0.00021749777596466544,-0.0020050838252004314
0.004456037296482102,0.014084293552420316
-0.02483599098448984,-0.027119518036470468
0.006485167922961449,0.005550952825027496
0.003848072432739497,0.024756009935587915
0.023288379747874257,-0.007145460657623864
0.04762337826741964,0.010631066899532556
-0.010168572522073063,-0.017289901569752197
0.01832132436337463,0.002216894647331883
0.07261561674061272,0.026415045394926603
-0.0033861024010476207,-0.012787828909620547
0.006199584406821247,0.0021496084258151803
0.0002970235200582885,0.0028411457428568054
0.006807085343919555,-0.0006204771596562642
0.012737417378965268,0.0071564881213059895
0.003204866562009419,-0.0011579818031430935
0.005974799952441678,-0.0022040341082408843
0.027245282979036056,0.00034157456115323833
0.004475486271325975,-0.003486617599029117
0.0009487179487179488,0.017504393501600424
0.030631191677220046,0.0051361150975893655
-0.006002210069861517,0.0030162080501078877
-0.00010807494065651502,-0.00294286250155485
0.0028980711112786585,0.01060714739141317
0.048127572088590004,0.01492295902677045
0.0022349021729059348,-0.00865527979659029
0.004772263023939442,0.0
0.03881509823239953,-0.00837563421150495
0.010018663090775655,0.010172751548671612
0.025980606246143925,0.014865355056102732
0.01259087018766164,-0.0031978859405481196
0.006405745300722361,0.053108351057259987
-0.0003835855072146198,0.0005894356178226604
0.03373504881024046,0.0037773346296042522
0.019225149264102487,0.00041666666666666664
0.00011934997853798104,0.007064507747159181
0.019903278936690208,0.031305302607419185
-0.0044531901140161465,-0.002938757138570859
0.003452092887254254,0.0022578367505903738
-0.0016190720806563644,-0.009212875218393379
0.011134405831118256,-0.011794392855275452
0.009133221108076952,0.003183982683982684
0.023196317833513752,0.008680950478855746
0.010925525729793936,-0.013265795917294338
-0.0018227678317783722,-0.000996738140623548
0.009088612832862358,0.00875541988941451
0.0010795174262623443,0.001814860525189229
0.013525436308169474,0.013927695854751065
-0.007807530212186961,-0.009978880448152429
-0.00567153811945015,-0.00190690767701286
0.018901687976784716,0.04890750453489756
-0.002488617919156091,0.013940052915813997
0.008366639159296845,-0.003024575982527759
0.008090934711142042,0.014218510641635197
0.012485629170619593,0.0015026299403865437
0.006789165983520196,0.0017796738594614244
0.032216955547009464,0.01753411509733463
0.023835119736747797,-0.0017637534710502364
-0.001255562377079405,0.005831697943251187
0.018630665976842386,-0.0014826340248518598
0.008437099200333413,0.004123265008217841
-0.0035282177044870765,-0.009757905874162216
0.008536903779368292,-0.001338968459947468
0.022676662444822915,-0.001024444095983761
0.005330655655132698,-0.008258458299047585
0.014754640152160717,-0.0008652988403211417
-0.019529378496781716,-0.018595632991805597
0.010471394444085829,0.011076092844385339
0.005671673740398134,0.008144919834448603
0.004441540385145165,0.006025675449240013
0.012781249586268095,0.02400687925290428
0.0037530175443954428,-0.007100166844512208
0.005630942871136576,0.00518934872279905
0.017752458509210405,0.0009441583629570282
0.0038547771810234204,0.005776988241599625
-0.0404700397656116,-0.03770467623625452
0.0040917874396135265,0.006305116328420774
0.0007996160036070309,0.0055439090748569285
0.006503668041933988,0.004868532130419148
0.03270866613092543,0.00509366235053753
0.009192560642841715,0.005655179673416756
0.026637863029560848,0.014241473959431757
0.02359171738082743,0.00682316515803786
-0.014869686821395311,-0.015156547384294155
0.026179014366210344,0.004402032159094306
0.026435911817285378,0.0008298512315158156
-0.009875203115719189,-0.0013308703469084443
-0.001243250233644572,-0.001957020757020757
0.03133629580321579,0.018617521915664653
0.029611698467862876,0.0030289283367803464
0.0028403015140303274,0.006919659092808439
0.01585098853757542,0.012571098680527176
0.011982497617378948,0.023575693893376302
0.002579634982248116,0.002728345648604269
0.028973190708730254,0.0007178642337139114
-0.0002230718562109173,0.009442655259875995
-0.010764478207359606,-0.008244542003212875
0.0032789441135305797,0.012339322855787718
0.004904327731565804,0.0002751209459215982
0.004144429998514995,0.006612323802024892
0.016118541482871573,0.0004761904761904762
-0.01316438386018718,-0.01329648831487228
-0.001758031020988286,-0.0064948932479909904
0.02572587947426935,0.01965768086284168
0.010900762418145766,0.010448622350158109
-0.004990658724716636,-0.027482985331291655
0.02924887421012906,0.004561115408264885
0.0010238095238095238,0.003378439019285875
-0.02623273077550847,-0.02767902842989502
0.0013941893878705765,0.004892862629183455
0.02492293276862768,0.0020299965120334847
0.0012933507170795305,0.0
0.004485074067787802,-0.0002380952380952381
0.027197040678887233,0.0034482941942107098
0.04304618253836806,0.0038287991777396406
-0.005232443367967292,-0.004220185913605603
0.002055897319055214,0.002625582654045652
-0.00025316455696202533,0.003977591101270963
0.011202265263259308,-0.00025554221688675475
0.042136694856599106,0.010714414722352135
0.025227172324482537,-0.0019739354540790786
-0.002080447781292174,-0.0036425011222176104
0.01036817248779458,0.005232530982011024
0.017147150358292704,0.035821785856423594
-0.009165334117646234,-0.009583022405018153
0.012124615651057909,0.012826560452848095
-0.01361238415994673,-0.007196425897120855
-0.0005233334236034795,-0.013172772885093439
0.001975609756097561,0.007718619206083375
0.036500969091374014,0.023888264076253576
0.0032872736713912103,0.003207749678026669
0.0028380952380952385,0.0026583479657787575
-0.00041627481265864167,-0.0035758403932768536
-0.006791143205395917,-0.0010640982536236666
0.00527285840010212,-0.0008611260166487035
0.006214073083728244,0.001060427413411938
0.008262832449515601,0.033297163374357265
0.005139212726514289,0.006420904421375748
0.00011473011473011469,0.0043893035550147865
-0.0028952673171912056,-0.0074515285124272124
0.0003836551745174926,0.0018183238195526082
-0.01178961297774335,-0.012760060831472938
0.03321384179809559,-0.006908571288867545
-0.00030760993649024985,0.003992646920482234
0.0009315894247461935,-0.00014514110379910375
-0.006114312463244301,6.500960890037932e-05
-0.014878016713532163,-0.01468094199918911
0.012272657855997928,-0.0010532038986899306
0.009611919733810363,0.05152872698876252
0.0096695172930405,0.003925181504440249
0.002659024032847525,0.0
-0.0054441194250238875,-0.008576710081743058
0.05446976373375068,0.0028791787616009134
0.0009579897089612658,0.0009100463153294616
-0.004807448826917184,-0.005807448826917184
0.006108785487173215,-0.00039344814806313577
0.026390128084396457,0.001038343929350486
0.0040691105584722605,0.00232937181663837
0.021356437016365894,-0.0017427278603749192
0.0025131838500626323,0.0026293103448275863
0.01398844576067921,0.0029786473688912713
-0.005168041630449376,-0.006440954139816456
0.03569249361065001,0.006937731882545818
-0.012730494330284113,-0.016171419354993357
-0.015991812813644077,-0.01806071370992524
-0.0033663784346248914,-0.009613617009601422
-0.012658641841399768,-0.013173630728481678
-0.023393798724666643,0.0005960939398321138
0.002711022840119166,0.017433807231351368
0.01721349411566946,0.023238644930245037
0.0022884012539184954,0.000425531914893617
0.01852022948842193,0.01456708740200392
0.008329735814714839,0.0049593789857940804
0.008081031286351428,-0.009943559452359124
-0.01980050777901505,-0.018737144129188817
0.006329767744167363,0.012593876124934228
-0.024710351992184753,-0.014566605267311301
0.00040745914086193387,0.0051517522121118315
0.009556308122484593,0.005167996685853829
0.011779730694970708,0.003860641867454576
0.005987768527797968,-0.007904725617229137
0.030876754575054698,0.013077570411230118
0.01716168757068277,0.0009302325581395348
-0.00510223994869922,-0.004518120534773343
-0.007509369560880633,0.0030530171016617414
0.015447644282002623,-0.001378472409339148
0.003848072432739497,0.024756009935587915
0.0028815791992594904,0.0052801045297824695
0.018100985402030062,-0.0012284739136852415
-0.008261413613103473,0.022493858884828397
0.00406050468817701,-0.009555893763085126
0.004619246467035516,0.005842929872311332
-0.0006951806165541603,0.002160053019981225
0.003384615384615385,0.00699404397374082
0.0023641444988413834,-0.011230403427805917
0.006585950468182311,0.008138976360050591
0.02589548775623185,0.0075429991908779305
-0.010847571621041979,-0.016365772604861127
0.006199584406821247,0.0021496084258151803
0.00042934303213654386,-0.0027521769846390234
0.034446792725833196,0.018022047188453783
0.009702734845972222,0.029085165883102764
0.03517560363321135,0.014321739342709767
-0.01155012097507375,-0.011797111615617613
-0.02319177230283851,-0.035662107412340285
0.011073877948445832,0.012373343395990348
-0.0005352720377679747,0.0006977211595109369
0.002263953308596166,0.01038880560174741
0.019516033909396352,0.013228820432380859
-0.002659256452704641,0.003374319109334812
0.007054163700579749,-0.00287314101397746
0.004768056924985029,0.010202783767807366
0.02687828684799588,0.019091415828251104
0.05667951091347599,-0.0003811258565356925
-0.023444013788512148,-0.024362574394572754
0.017513066237921295,0.01155841001029458
0.007686391346758709,0.030710746693863932
-0.021274083355387146,-0.010752606733385591
-0.006436947673289865,-0.0055321835055427565
0.0017742623979912116,-0.00037037037037037035
-0.0033342632227432232,0.0011037600448540385
-0.013937627993417568,-0.008836840490178355
0.026493378965568058,0.0003877327002726298
-0.0002230718562109173,0.00960180645350995
-0.0075293764284138165,-0.005509988286645596
0.001094632768361582,0.003700410992516256
0.00933828660492048,0.00202914090371058
-0.009719145685937923,-0.015468854849176832
0.0027053144362602687,0.013753988175719361
0.019735799571550774,0.001577244822910928
0.015186986696103444,0.04220285965733564
0.01195468167665431,0.013637636682274197
-0.001255562377079405,0.005831697943251187
-0.006498592430359509,-0.014590605589609253
0.0057935763716550565,0.0033112895876053774
0.01679507386834459,0.002168762030468019
0.0034609929078014178,0.016760846487666747
0.010454289981146262,0.014553939519431881
0.04401085986244589,-0.013638602110637863
0.014557557722903607,-0.0005902498427283482
0.013371497218204482,-0.0016584045406081078
0.014819404851557501,0.018974224888367322
0.025341237596076715,0.0031561233961490422
0.0034025939529609825,0.015036045192852607
0.013205789235932394,0.005871095236067589
0.006288205978811664,0.013567973188611249
-0.0020713789834112895,-0.002603493410687007
0.00189705522971652,0.0045746568246568245
-0.008643467249243728,-0.002303112400988747
-0.0018425708579955982,0.0018811407943481687
0.012445292337506617,-0.0041346356674727466
0.01084386773618523,0.01483143777029135
0.021166397480718423,0.001137329931972789
0.003463425888231555,0.004340506184967006
0.013756111477435289,-0.0009365504319324728
-0.006512240498648443,-0.0019553776523417946
-0.02263776398260378,-0.027193608138447938
-0.01146642668685002,-0.018238082476683466
0.01604569732807855,0.023752117035521405
0.009303919153967735,0.006982714457361743
0.0041518824899035665,-0.004238009556607553
0.04554504621158217,0.009932769916744336
0.050188006279915376,0.0093182906755935
0.01912663376517297,0.004283039081773334
0.01681416579827729,0.012668133148045557
0.006404829175998917,0.0003456114851412397
-0.00044444444444444447,-4.4444444444444447e-05
0.021059487172255944,-0.003633805123166825
0.011278209915173974,-0.0012916666666666667
0.0174869308238511,0.003866670563479074
0.012986574947883814,0.0037904588609586395
-0.0006301216233304523,0.0085659351503284
0.021205150281598185,0.006980707271939713
0.0010513269007945917,0.0019172590518103851
0.01784609039283125,0.002074089863080222
0.0007017109169249094,0.014256045994753013
0.02974658126463172,0.0
7.902724369034672e-05,0.003457000101556699
0.0229697865850965,-0.003040124129332176
0.0018435374149659866,0.007509156537317064
-0.002362875886954288,-0.005849790868889683
0.004972670037656378,0.040370495913812046
0.0030875420875420877,0.0041371961371961365
0.0012512218963831867,0.00041666666666666664
0.03186790628188583,0.011937284594331962
0.025480710878462202,-0.005093168841055793
0.00713094333427748,0.003678607653209145
0.0068464686682077995,0.0016648841354723709
0.002202380952380952,0.0
0.005645396572677398,-0.0005057754978129686
-0.00392275917523186,-0.011721554097666375
-0.00336972643918778,-0.0046508879069985555
0.0034592494876734313,0.0013049322730102073
0.017450982686814446,0.01037052784562794
0.011328127677549184,-0.00022556619547043624
0.002128238633476345,0.0066577189627049106
0.01712346912607286,0.0008285509325681494
0.015445793822576217,-0.0009881626351003602
0.0005284081166402189,-0.0009330212341508342
0.0007547169811320754,0.008338783572339744
0.0016509364940005854,0.00014874915483434751
0.007061480089932402,-0.0011143095002321504
-0.0006626421954404765,0.002763087206525522
0.005159533204837743,0.003171307858807859
0.013375920754243912,-0.005670322690686448
0.003005008188128596,-0.012875739095000414
0.02628944205628917,0.003919700961806225
0.012170764020057194,-0.004811158329577849
0.0025360886492961964,0.0013263157894736843
0.00472156032309832,-0.004279351357321746
0.0004446815367868005,0.019310064491318862
0.004824417716346581,0.00019062142584826537
0.0018598432684110433,6.627028366158793e-05
0.008076472726393596,0.0023987760620508077
0.004068968787616515,-0.002147006865231737
0.0058776183613619545,0.0010405323653962491
0.0006349864078274594,-5.093959580963628e-05
0.06350335853206734,0.004876755852194274
0.006883654048005989,0.004294034295628742
0.007998747597830525,-0.0021787136530020167
0.0003980726785864294,-0.00829758868333396
0.01513774649965418,-0.0008561088544838395
-0.014044334488980181,0.002206117106397256
-0.022669221752539725,-0.027996662558352536
0.0423632228498367,0.006145362561820579
0.005293168587361803,0.007083218856635746
-0.0036699590233760957,-0.006928610897240372
0.04108203884942141,0.036033030235604516
0.003596524656675032,0.001740588253044949
0.005855127412749917,0.01264461737180179
0.01174608201604086,-0.0019036999941530654
0.0020743097895137945,-0.0061851932645527845
0.005859897523386445,0.01856469051885456
-0.0031734794970718952,-0.00010912268935262762
0.008079454539833221,0.013561286900178297
0.012741338558498082,-0.01492201058243021
-0.0010366568602894108,0.0076565520488863035
0.00822912114977695,0.019791334879020163
-0.002373448058200594,0.012198248216361477
-0.011308383665825901,-0.018092684470143942
-0.012884499826176406,-0.01799024928361262
0.00767818400878874,0.025087295133828867
0.020094236563458476,0.007697639889437526
0.018851375729814417,0.025905154191045776
0.02171954118736851,0.017176592806991898
0.007138645618609769,0.0053284052949951555
-0.009765606395984623,0.00021758197271867612
-0.003494107330888366,-0.010161803039126253
5.50016665762322e-05,0.0006586066144750075
-0.004728274187275278,-0.01288089987518822
-0.015092964119827397,-0.008232423923564297
0.013550373779068824,-0.0022473462210304317
0.0009512774806892455,0.003122399042829114
-0.001409977332594959,0.02110293969579157
0.011806994775379298,0.023655617066937522
0.006549278981616922,0.024080954824546703
-0.00750409516816165,-0.011387913379170944
0.013538313870200044,0.03914782248136835
0.005914474671206508,0.006276404778631117
0.013146773506476446,0.0006944293674916775
0.0012708083233293316,-0.0004963235294117648
5.50016665762322e-05,0.0006586066144750075
0.0056658095535406326,-0.0009449406360050767
0.0049113398825001535,0.020279179771935323
0.0010927922422295372,-0.005233316372053627
0.008740253275300829,0.004038342609771181
0.0003468715074116061,-0.007571427541356002
0.011162713346230386,0.0039466834061232196
0.0013716669603909557,0.01911908317664146
-0.003079865493176034,-0.0011262950268183577
0.007803777716823787,0.005479574047637046
0.0010350877192982456,0.017679950644138888
-0.013897055846998045,-0.002612983600246992
0.006863760596165464,0.002919629390217625
-0.004122042525032116,-0.004032350768377122
0.0009655862344937975,0.01080938182495256
0.016387868396497272,0.013888524703443017
0.023144521152723307,0.001243717075244169
0.01959807569183542,0.017723750778055197
0.0071548329205435544,-0.0003361795812882769
0.011740622794386757,0.01320462145701725
0.012165208458985067,0.033146422744618216
0.02284155495120949,0.00666553236539625
0.00581980455220942,0.0031862960568842923
0.009556308122484593,0.005167996685853829
0.02561136855315565,0.006517249262882724
0.00907031849880506,-0.003350225992095981
0.021689066407064743,0.000588235294117647
0.0052112254830610615,-0.004311417080446821
-0.02700451719702826,-0.02142230943231018
0.00020951419841336587,0.004385456824854939
0.001316326530612245,0.0
-0.022669221752539725,-0.027996662558352536
0.027197040678887233,0.0034482941942107098
-0.008567460528654449,-0.0033646047888549815
0.00528871124410709,0.014114876300640563
0.007424850745473836,0.010335750761736198
0.021513578687505367,0.011816007021885217
-0.010113194737579718,0.0112294054356265
0.006797324425822184,0.013382595388102426
-0.0013791693030823459,0.020261970626814323
0.006815874785924282,0.012734810618187271
0.048173695009790136,0.008292649649952475
0.0019666042198735346,-0.001151801083807376
0.019183566834351944,0.01291672466726452
0.012443933818055496,-0.005190187484834768
0.0027361614298574977,0.002135793484310116
-0.012416580437355,-0.011061315225822533
0.011764968173861044,0.0028760755016135216
0.0019205051293387097,-0.0020150523615614494
0.009779832061897102,0.05777323657330439
-0.0005711403872903514,0.016026316788885026
0.005476076555023923,0.0020125832342066615
-0.007368904306876586,-0.02095938857807399
-0.02383203577938662,-0.015611393090568207
-0.0052528824418502425,-0.001628138465354683
0.011555666629604038,0.019175025202418
0.004500821503125651,-0.0005128205128205128
0.010714694565645725,-0.0013100854264949638
0.023393947653850132,0.001018066555504348
-0.009405891261168212,0.01195386055683165
0.009159052595485186,-0.0009507631017843115
0.008777168341520284,0.004357527307693574
-0.0191934358644495,-0.028857153297425546
0.002496354153298347,0.027398210321753994
0.006208210535925367,0.00041779788838612364
0.0025088952093219137,-0.0009979516047184207
-0.024472512644958772,-0.018417723888733625
0.0020459156323285248,0.004025927810854632
0.016690835269859157,0.0035501286598725746
0.03413831107108481,0.009520321651340213
0.006143608401308191,0.0046855695733884935
0.025885502416188606,0.013038581684640286
0.010183624997004525,0.0031667704646043855
0.0013871705483387564,0.02408363827440543
0.018235845967125873,0.008721400064486974
0.011289155434053151,0.0033604395604395604
-0.006512240498648443,-0.0035385042032102824
0.0057119456379756475,0.04184055908065349
0.004250080933692327,0.0035391790454987653
0.0029243981280455437,0.011061803388713418
0.006139017535054103,-0.0003483765083360634
0.033317667486593434,-0.001238648514783585
0.0014192279936966357,-0.0008947697416737208
0.014031009624647393,0.01150806926758125
0.06081641591406288,0.020743886312869282
0.0021946279011053824,-0.012845511337825693
0.055892735942738365,-0.005989131402109514
0.005293168587361803,0.007083218856635746
0.011555945673460001,0.020034307181929098
0.02379592951590495,0.0017994485092285785
0.030518156317135805,0.0015350980091376942
0.004046746903889761,0.011132042063989028
-0.011359693718099261,-0.011785487048828503
-0.004096477212341,0.008523232402595218
0.014808505945744599,0.008547870105499721
0.009364290452759024,0.007615897006151893
-0.007068758298435738,0.004245817403782491
0.003007193706254745,-0.002909385081039079
0.019707679268598833,0.016980658980678937
0.019566365491239315,0.0017876156904525053
-0.020697147483072373,-0.015589059050525586
0.005530303030303031,0.004544427001569858
0.02974658126463172,0.0
0.010785948913079824,0.006789470451177547
-0.010610331130396205,-0.013321725325681101
0.011837989009927451,0.008992145848595976
0.017498158270785262,0.023390057563978328
0.019885970993656917,-0.005806799346852697
0.0022233191232319373,0.0014385982462661465
0.05588303468580125,-0.005203546097078942
0.0021690287493415592,0.003012516984181259
0.008997106409535188,0.005832583515534805
-0.02298821882795885,-0.024776097615837635
0.020786901912723102,0.019062190308579145
0.012640875311065622,0.015977521465383913
-0.011403280828980733,-0.0030699627957624653
0.027197040678887233,0.0034482941942107098
0.004697818499795316,0.019243476609684583
-0.010696157472692138,-0.021382072257078822
0.012760075351009863,0.0008054226475279107
0.0007516570872528015,0.003437317204682608
0.004067942024752655,0.00725410185067994
0.0027053144362602687,0.013753988175719361
0.030026442462082855,0.016931011626919984
0.04094832376400745,-0.00784161107419779
0.016757606909352407,-0.008351855644741167
0.01601156277883791,0.015790555627049077
0.03663666892981441,-0.0017677340955350555
-0.0015502454098118203,0.018264168687801525
0.0048345195766118475,-0.009429877495344156
0.002579634982248116,0.002728345648604269
0.0025415743157827767,0.007665957854962477
0.014819404851557501,0.018974224888367322
-0.0012722214134491296,-0.020470930664680434
0.035458303121317584,0.003125363622658174
0.012839653631289843,-0.0017270788912579957
0.003111930925156081,0.003464612071369765
0.00681570394489428,-0.001843173263381721
0.01753069361439023,-0.00392030206699755
0.032661036025209436,0.0008666666666666665
-0.009410132775574372,-0.0033641546071385975
-0.02080429345073673,-0.005687457970472789
0.017449594182401586,0.0021955895369803738
0.024125648882675394,9.855872494654843e-05
-0.005118532257650783,-0.0028536811797681355
0.007457266562867425,0.009759325896198635
-0.0020319225384824347,0.0004056354119346302
0.00428757512719777,0.002811085405822248
0.01947854734367441,0.0006233062330623306
0.0013713235294117649,0.001639766081871345
-0.008482522112747776,-0.01359836076982652
-0.020972262840251325,-0.0262546583829778
0.014040287142699759,0.04204706650749402
-0.009803630785155813,-0.01396319396535197
0.022594799774370768,0.001897632676656948
-0.006622704735530196,-0.006391007604959473
0.020340773413678622,0.01125959715377061
0.006444639512458631,0.008156516519153131
0.008019077616974762,-0.010412108928514447
0.010540734649979112,-0.001514285714285714
-0.001262401668215621,0.0026710448664531367
-0.004723031383857417,-0.002497176997742598
-0.015567464660792245,-0.01457894625073679
0.003596524656675032,0.001740588253044949
-0.0005361192700060469,0.01746901750128444
0.004111888111888111,0.004901529048403646
0.024661082830251667,-0.009189652767492059
0.0021637128223037077,0.04054386856728442
0.004424452632339414,0.019895255660932698
-0.0017338099529318717,-0.002699810535585644
0.011889795320133142,0.018048728369904777
0.022050570698817856,0.019395525652677933
0.01658420726941951,0.0028839956734619046
0.009196787958167753,0.003082139472027606
-0.0006970259640335162,0.001753141236159059
0.0010256410256410256,0.006502822908108012
0.027488269999567504,-0.0022577597840755734
-0.022431075846909558,-0.020260917079703296
-0.0026730994192134608,-0.01673090091463647
0.0030445521635422716,-0.0014362380026320268
0.029255435203528662,0.017388799216375535
0.013117176027140399,0.004605971277399848
0.02689946536782064,0.009393186647601996
0.012306381482744884,0.007536800818124002
0.02321973512136318,-0.0017637534710502364
-0.0016219590442171647,0.008979305103122679
-0.0011170136303626788,0.002469941606217732
0.021141597926009656,0.029036266036818786
0.006775863685790653,0.0015264017005475472
-0.0015420051569419412,0.018944357326395975
-0.000697119192509232,-0.005574278485976343
0.014668072537580068,0.008735411376556871
0.009841374986743312,0.008816651417117814
0.016696131660604133,0.006639209105122536
-0.0011430340557275543,0.0008831681961928919
-0.01385764198411708,-0.013427924453038802
0.008988431491389021,-0.011043529073230814
0.02822787213109566,-0.001270772238514174
-0.00558535137150914,0.0006690132752324041
0.004681597343937636,-0.001596594903434315
0.00629208902676877,0.006369324424305612
0.026254290708153064,-0.00042981430080143686
0.03956469471561562,0.0036198993897853422
0.05098753089952747,0.03584429268969874
0.008652266405095763,0.0035338683155637395
0.010203899537433924,0.00793054635537766
-0.0060601166261335425,-0.011917665034862428
0.01141636955822451,0.010957670057991578
0.01459127823914315,0.012742464614374087
0.012706749373027005,0.000739765527332575
0.016232380281358916,0.018268517565066505
-0.005734967452614068,-0.0061388572136466864
-0.010344436812024814,-0.015492267425473591
0.004485074067787802,-0.0002380952380952381
0.002655306285216184,0.007565372105727783
0.001312135641055184,-0.0013335108167616583
0.013185430166402631,-0.0008590633504554213
0.01664794393396112,0.006443677505158359
-0.014415714006092942,-0.01611726455218708
0.013530421132242745,0.005083038434806847
0.008423410518998755,0.006488434028158286
0.007084858264368179,0.0013333333333333333
0.017274412995419177,0.0017304878235447185
0.01666863190347176,0.027989010628823807
0.021111759505392524,4.901960784313723e-05
0.0038627829377306617,0.008701715040836392
0.014929660612671182,0.008576759527752909
0.00014328160586600525,-0.008083668123990702
0.025033400188902558,-0.003318912517732267
0.001873460099921253,-0.003956633151794442
0.001050831521419757,6.717521608825975e-05
0.0035065618663179645,0.004449834105052006
0.018423737604545867,0.007742841033092408
0.004357238450041401,-0.0016976770833382285
0.0018200622906505263,0.0027588103569037284
0.015324669513167327,0.0020736922035386896
0.0003825346980602523,-0.0026927882739379116
0.0010813516695244345,0.010240900861802127
0.008506392234138998,0.0037525492849788166
0.009304932007352109,-0.0002708060687965511
0.0012512218963831867,0.00041666666666666664
-0.005932576423771504,0.015807639886764042
-0.0006611254651273935,0.014981850334707145
-0.011719582157757615,-0.021751961600770343
0.0076210232177926305,0.014955688469674036
0.0017332906939558682,0.016263982021580806
0.010147083522648929,0.004175974263599576
0.0007052273430250541,0.004233128275233538
0.040095218333683236,0.017300093355893317
0.014863848543112752,0.025540628005548544
-0.006872198013128488,0.001990097212058641
-0.008062152547788567,-0.0047682485316654
0.0032226147119764144,0.0014041016368010987
0.001195425840587131,0.007770270734556449
-0.001225108225108225,0.003991507463223893
-0.007516964974974769,0.0016541483396007063
0.01326681901720158,-0.0007876051297460488
0.004111235346053801,0.0014950780081274377
0.00618738660973663,-0.004711266769108384
0.05065942648374916,0.02147559734816458
0.0006492096492096491,-0.00033484162895927616
-0.0069217204631566494,-0.009195672483932375
-0.00044444444444444447,-4.4444444444444447e-05
0.008561126919516686,-0.0066679365725997525
0.0034592494876734313,0.0013049322730102073
0.015590773476265207,0.00030076628352490424
0.0010350877192982456,0.017679950644138888
0.00961011110188047,0.0013333333333333333
0.025812882288569178,0.0026860916469909806
0.010241199654408152,0.00037833514949459383
0.008523490791989694,0.0034673323511831278
0.009502608909498538,0.0026197974139150603
0.011201056225455676,0.004059947122950219
0.00246031746031746,0.026400167938026003
0.007283887565549629,0.005378993952906997
0.0007159791370317688,0.011189767718750921
0.008944076457743987,0.0015492947484991551
0.0020050490056138237,-0.008454392067719032
0.019140112352627955,0.0018667380735160294
0.018882369271189886,0.020813228485752434
0.013778247375955479,0.00044885173417680713
0.000893034814149938,0.003895333971366484
0.020235790975976452,0.0
0.007161821420578794,0.0013132826617992936
0.025824658565628936,0.004037353539259728
0.001845238095238095,0.00340992340992341
0.0026563052733999766,0.0038433693033357095
0.04303344501675958,-0.0005655193805071306
0.006511076673464549,0.02179216865138056
-0.002739188549043146,0.006668416258208697
-0.029963989986372654,-0.04010903651072952
0.00711917934674835,0.023660975254354212
-0.004018212733302501,0.0045774053271776475
0.03821526384782545,0.00670627562424953
0.009656731642838066,0.0014492402850611805
0.011894580687178951,-0.002921429969940749
0.004425520246080967,0.00043293041160845
0.00944561144062138,0.03574391788128073
0.010216307092312533,-0.0013628480747124817
0.017781918989413673,0.020163359124258998
0.004662908520051377,0.009210315829404578
0.009304123904927998,0.004377789791676248
0.022372716489031972,0.01935899234393957
0.053980245457058706,0.008840432411080488
0.028299275629124248,0.0026092285763251893
0.007417175266170707,0.00774898920957115
-0.005704798766710614,-0.004639788285256814
0.007126429975130542,-0.01709239650866761
0.006433080999929636,0.027221439359017236
-0.0007607363227963449,0.007630737888896436
0.009193030860104302,0.0319039872463138
0.008113354473681998,0.016430666871826472
0.009813343018346903,-0.0159536265975134
0.00030303030303030303,0.004298252500975258
0.006366183238259037,0.005323015349430444
0.004996848817510382,0.0001548387096774194
-0.0010358964282915326,-0.0015289839691905093
-0.0010020806865551324,-0.0027265264655708396
0.0067618696312057485,0.0002655418739366559
0.011634414223852635,0.0035441401884933996
0.02278416102549071,0.00534323624489785
0.0003846153846153846,0.002517053401537055
0.019933687451129938,0.014179354700022719
0.010118503439229829,0.0016823371560213667
0.01029901516523974,-0.005616988444574081
0.026680694761671214,-0.007303633514289511
0.03099969780808625,0.012142358629235439
0.03013793712122957,0.007794671072195829
-0.009867058318402937,0.008443245496150185
0.015629685645636122,0.010061457626974024
-0.001552507708216017,-0.0052705911040458716
0.0005275537634408603,0.010613324978385609
0.0008943212001395198,-0.0012356792144026186
-0.00020659868262449133,0.003499135806650755
0.028630616553599463,0.005713913161281582
0.0259679629641863,0.006869735861254223
-0.0008695652173913043,0.01503993760768729
0.0035360937860937866,-6.837606837606835e-05
-0.016992807266798506,-0.018464252516452184
-0.0014861234541100493,-0.0017940597115452413
0.0005275537634408603,0.010613324978385609
-0.017166259843726658,-0.0008588115368128868
-0.0032773109243697477,0.00011081163911369138
-0.0007792313001678489,-0.0030956396362711663
0.009733326802357618,-0.0004871206543918243
0.03507512913763915,0.0037570005946129174
0.03731809662197454,0.024521377331393618
0.0020536465148624956,-0.010554879675582217
0.02329202653683713,-0.0033884256043554537
0.0023809523809523807,0.00271585557299843
0.0013679917587457488,0.012550489726340734
-0.0037497001435442563,0.009320790262122514
0.008070218394791611,0.002510822510822511
0.002784626139930123,-0.007318369882197881
-0.00839113116265739,-0.011959667272753603
-0.0018441297158669524,0.006296789963069153
-0.0026384630617828954,0.027035057034635324
0.0021733269910496214,0.00063900552221355
0.022572540744655718,0.00302037943152332
0.011401420829998739,0.004621415381066964
-0.022693662532308263,-0.02246776078913784
0.003242493078327584,0.032700339959658334
0.024000115354250513,0.043319098435227646
0.014709960330793944,0.006286262590485357
0.002202380952380952,0.0
0.0046412219836946544,0.024958109452354875
-0.0019435790903283164,-0.0019217133743449537
0.0037835756442139413,0.0005516007074002952
0.013807227331559233,0.002107394827148864
-0.00045454545454545455,0.000974025974025974
-0.011017801419020996,-0.015304589462768007
0.0,0.002026266416510319
-0.0044801913695513675,-0.0051672491281855104
0.010745828216474101,0.020885660080524546
-0.005755343842739749,-0.0050289011499706085
0.010049258042442201,0.011512421648225303
0.004570932361689166,0.004239154474221131
0.012822914984155769,0.015369191364079392
0.015679711050070037,0.0021499634748273584
0.002540128776954922,0.0037208548110211127
0.0018940377046105187,0.01744267581325507
-0.0006611254651273935,0.014050746655777383
0.026502459843413748,0.011612096666237507
0.009707958056855155,0.006577050843703597
-0.0006607237716786639,-0.015546963362673855
0.005606656146950417,0.004286416138673066
0.020127139694996583,-0.001209124559481762
0.014652981542172448,-0.00993688089317452
0.036322802570041425,0.02471770044143568
0.0034852721627076683,0.012803121635980566
-0.001779177990123024,-0.0031125113234563573
0.0023875281027826833,-0.003933461096364995
0.007803447949682194,-0.001575490309837212
0.006504842748721936,0.0
-0.001586203377205074,0.01425110800565896
0.02433165387177715,0.007158545494976364
0.00875405967096738,-0.0033286837388396663
-0.001251633470733283,0.002260105100028482
-0.0022985170867758573,-0.0020100011067281064
0.019662959775960706,0.01562894941719739
0.001552657748875768,0.0026921042191358035
0.0024948850966874147,0.007417006287813151
0.0008610282267517318,0.018507821434047965
0.00303293841380574,0.010177110110662408
0.003859639083263729,0.0005495640523537292
0.023493099448154565,0.005691615952885079
0.0044892589528585485,0.0011858974358974358
0.003940143074646404,0.008526373878473307
0.009634651121152374,0.017534301356621543
-0.000894002672154447,0.004502927224644019
0.013119615876666412,0.006447119142858931
-0.011004192531660526,-0.01647530426612845
-0.0018515734846756178,-0.007601142231345014
-0.0040808305558337355,-0.010980215480974538
0.003460447221673497,0.000467274841432639
0.0022345980988780914,0.0047417283590248235
0.027915810736568056,0.0017552239589351084
0.0061579683392304135,0.0025237841430490876
0.021009938615381158,0.03490012686198448
0.00252529785464709,-0.0003278793210648105
0.008079454539833221,0.013561286900178297
-0.0017996879008175008,-0.0016433660617370409
0.006325331330649504,0.01810511530815333
0.0015213810100311313,-0.0005714285714285714
-0.0011430340557275543,0.0055891691571561455
-0.005459074482854752,-0.006978876259747467
-0.007793448644249653,-0.002670408579004531
-0.0013720670772017027,-0.007521739144706146
0.00483934943628867,0.0056489227915088435
0.004137891299633966,0.008007694993445806
-0.022431075846909558,-0.020260917079703296
0.021311626678446362,0.008199021961451978
0.0032162205420384372,0.0023285714285714285
-0.0010050914565806705,-0.0037527173578651013
-0.0033136543128102656,-0.0030959423090517503
0.027887838256014076,0.008494969946423918
0.005385602606654711,0.0038469256439848352
0.0008231039877830224,0.004260564159771089
-0.009518563111706832,-0.013478715740465901
0.001031536307990956,0.006326931892845066
-0.009920443102606622,-0.027202528887764844
0.006366183238259037,0.005323015349430444
0.028783581873835194,0.06377524871691614
0.0177967643847452,0.017933191127933786
0.0008128563187516126,-0.011026593330833181
0.01749347247212501,0.0029624562585598025
0.0367649125222469,0.005907101499241467
0.005037670448150019,0.0053086156719562945
0.004169079361302398,0.002663972586553232
0.01089972125827389,0.0029420867669715596
0.011556203349486878,0.028090002636479927
-0.006308795397612636,0.004946350582262664
0.0233616664678285,0.00959162794543224
0.0008699912284493971,-0.0006967344315359034
0.005016374411190759,0.0012206469446192497
0.030752403017018804,0.0015277108024195328
0.0021199268960909044,0.005774394142355156
0.007549167314275436,0.010159522320497931
0.0014396995732970787,0.006270765836679011
-0.014891177405888092,-0.017965814032714016
-0.016509868599436563,-0.010818287017471706
0.008805248944575815,0.004196017490339081
0.003848072432739497,0.024756009935587915
0.005117328392276116,0.010211149003100543
-0.021511728465035566,-0.020951366129554186
0.008337046884775372,-0.0016041409697696886
0.005364435184677523,0.0045613923507540535
0.018964647378592207,0.0038561292366170413
0.023192772341249814,0.00020481862768210622
0.014169456769765741,0.024847882167612172
0.029842522092608716,0.005927467842575965
0.005711832248849347,-0.016623508156114537
-0.014606527868933211,-0.01550263457037918
0.05246310836995961,0.014580542915718257
-0.025811479106990543,-0.030156265477291125
0.03429407127887342,0.009631116724656455
0.010641789277560106,-0.002179929243882732
-0.000649656613391919,-0.016343822947430055
0.0160308665737246,0.0021078180124996064
0.0007019241555827581,-0.003699826815531989
0.008882002270805617,-0.0018594178675930412
0.011475297124250302,0.00015019762845849805
0.004276484162568915,0.01042328505402279
0.01877125082997312,0.003600795925139669
0.005750542805207022,-0.006138479533854932
0.0006126361870906157,0.0026426409751670534
0.0024843140519709697,0.002048223781378585
-0.005373425810122557,0.005379853512068593
0.026270061417940492,0.002352627578010512
-0.0011393320445994039,-0.011531421741996865
0.011202925468088112,0.007880210434206579
0.03379357904862826,-0.0072025263063427835
0.008453732883008047,0.0017763157894736842
0.002812896676352963,-0.0017715104198188383
0.020523916084261355,0.001586734100685967
0.01031475521811685,0.023843063873725003
0.015650582605031726,0.03320203196385086
0.013671782433029005,9.539261308344352e-05
0.008453282194573798,0.007728293552754966
0.020496139275179567,0.019111028583716334
-0.01148708329890031,-0.008089865298768777
0.0005477357973973501,-0.0035700625930426997
-0.007610464669306167,-0.01405292998981777
-0.003366556744042839,0.002250572723792501
0.023352532335280236,0.0019185201298140275
0.02935958669159122,0.000836683455786085
0.05204968578588493,0.0011118997874216092
-0.004648197631897201,-0.012843258132970428
0.0024843547429754323,0.0007502834469846321
0.005025322881231309,0.000425531914893617
0.010960109272604743,0.006936858351749323
0.0009080670996173463,0.004758785346572711
0.022484064416177427,-0.01435848152089294
-0.010413983830708923,-0.027235677698258673
0.006319615320438242,0.0026414094865707767
0.018709324192859655,0.006675588100791123
0.03227906127274829,0.007443185911396202
-0.003244886705579262,-0.004125459693062047
-0.01043349146415193,-0.011416538022856384
0.010821133305839411,0.007941356812372537
0.013270840898208363,-0.0018573485987214416
0.0054919690222746936,0.0013872858455234558
0.05183761550789337,0.014813090274057632
0.015816316941403487,0.03648944630484003
-0.017365861970561232,-0.012037085283450988
-0.012180861431434918,-0.021289517116593423
-0.02190144972219335,-0.034371784831695125
-0.005989479374860046,-0.009603148762772977
0.000169048605480282,-0.003699601052753116
0.009694325692147615,0.03876354311271157
0.004052382413747422,-0.011401083131622077
0.0017052594391282969,0.019012718192272657
0.006171555294636331,0.002178765525515868
0.008087630369702324,0.0054603834105458335
0.0042843615760907285,0.005211576371787725
-0.014666286616228812,-0.009048881036144426
0.0019637102719760593,0.0002459642026662362
0.03462488943199174,0.01374269036480426
0.01813493026800288,0.001249993130006192
0.002823807628737327,0.0021990058245395083
0.0073979627085313275,0.007653271748539552
-0.0004428571428571429,0.009200358820919024
0.004785191402600631,-0.000392156862745098
0.004380164077860333,-0.006091169899380064
0.002197183467192252,0.0102168681258024
0.011720217045573859,-0.00031120681302999886
0.007280220775277173,-0.004779915063073027
-0.0006301216233304523,0.0085659351503284
0.009087057841866263,0.01834975344856199
0.03482371905483261,0.014542936518226428
0.009152504926723443,0.0018104418548136056
-0.00957037028736753,-0.0025524301197235675
0.002601156666455719,-0.00606582223763169
0.027869386151951524,0.004973774042489599
0.005075855537152292,0.006199658744387548
-0.0017996879008175008,-0.0016433660617370409
0.016512764590394878,0.007839640987427652
0.006722102732311273,-0.006171239336623518
0.0048774991734264975,0.009004062517119814
0.00652937406562731,0.011474136755326927
0.002416326530612245,0.011071316689887282
-0.007148048304108713,-0.010669992887622787
0.0011921108748907984,-0.004361552843540804
-0.00021791327879445814,0.0006914845937322014
0.015911362500704965,0.021294984617012472
0.002150678150678151,0.01152084749937559
0.010033813352025824,-0.00291418200674099
0.02253383344971261,0.0005378906995847366
0.02321973512136318,-0.0017637534710502364
0.011314413474766645,0.01851771187436901
-0.0027477481687965943,0.009514292978757718
0.025341237596076715,0.0031561233961490422
0.004510766808391151,0.0010048837542679908
-0.00955057716945403,0.008028359739918885
0.019893988596851948,0.002131782945736434
0.005293168587361803,0.007083218856635746
0.0008712121212121213,0.006718523570606995
0.0003846153846153846,0.010953156195706833
0.0022884012539184954,0.000425531914893617
0.011583295019727612,-0.0009507631017843115
0.008308881600817112,-0.0021428571428571425
0.02951008183580687,0.007735664532904711
-5.323868677905945e-05,0.004959885550635505
0.0047600395752416475,0.023513451835232006
0.00040628038403753806,-0.004242706635513688
0.007184338012429452,-0.012201684749874535
0.021889737911389845,0.0
-0.01222854410787958,-0.01010597751946258
0.018726731333622106,-0.0030125962304139763
0.0003825346980602523,-0.0026927882739379116
0.006775007323503564,0.017365770898488044
0.006143608401308191,0.0046855695733884935
0.010006237729190882,-0.008561691599923075
0.01835939593142305,0.00762330847313159
0.0023452200570844637,0.0032440467334084355
0.007497298427159368,-0.0036155363432148644
0.006199584406821247,0.0021496084258151803
0.003075648900720855,0.017072125268305097
-0.020697147483072373,-0.015589059050525586
0.0009817063973554944,0.003158737971683501
-0.0055923984383809315,-0.0032952270734676312
0.018771561984077586,0.0018667380735160294
0.005214018541110832,0.014276435647994648
0.0022280454099607686,0.00280333769871585
0.02583060679898131,-0.00032704058367533074
-0.0007038608648913362,-0.019869776237679226
-0.008739499196190537,-0.01457196431034761
-0.006593943102212368,0.0004704743711921996
0.028980674169110578,-0.0003414432920597187
0.002575220968433531,-0.0054138820052206885
0.0016509364940005854,0.00014874915483434751
0.022208611638694517,0.004856763071247711
0.004603946529435114,0.005197814317342667
0.0012500386737482596,0.0004121951219512195
-0.0013075058734783969,-0.0025849403267193018
-0.005114257502326183,-0.011097886292935628
-0.004627007327692006,0.0005094175622384848
-0.0014298213086204221,-0.013672402807436377
0.00763841880546754,-0.0030295209857973183
-0.010262076131233332,0.003926508366617801
0.003265689375088112,-0.003665740819464223
0.0002825806623649417,-0.006008216339431868
0.001124716553287982,-0.0009448545375597047
0.01015607521613506,-0.005240478597910348
0.05180449887182873,0.005030809246694812
-0.0015471338887986306,0.0030760412902769143
0.0035132956177463233,-0.0031983685329352927
0.03406635093685276,0.0025044922450411806
-0.0010366568602894108,0.0076565520488863035
0.0006913729239843361,-0.004145904081640499
0.02806790402220608,0.0015753938484621155
0.019605096082336678,0.005447827822015365
0.0132568950502613,-0.0028887149634528554
-0.00188560712697041,-0.0026927890163184285
0.006072773533650382,0.0002964418433012651
0.05022254256052405,0.00822571538181125
0.010187641948241916,0.007315162774747267
0.006078869882978941,0.028467003079561348
0.010433688528843212,0.00425241226353656
0.012598971136570792,0.007168016194331983
0.01811205387198527,0.020258388023268736
0.03854642223446832,0.0051599655585504636
0.0,0.0
-0.012284423487899754,-0.006367372253285156
-0.0013990447957839263,0.01783977837885982
-0.01919905277989156,-0.01852830221219411
0.007244089608394583,0.016581417170119944
0.004593672470022602,0.027760113667400128
0.006503278989079129,-0.0003358031598854009
0.01214348915933744,-0.0027827218319021597
-0.003308861003751012,0.007867019513066911
-0.0005186880244088482,0.010133634798966609
0.0002993656551379441,0.0031399180143652323
-0.013598046608868729,-0.022328338335097227
0.0036302249522063776,0.00028640787104929587
0.015172922452012424,-0.0014423829720779336
0.011391972217550547,0.0009399340424299778
0.009599881107234049,0.009307982900338737
-0.0018064658345517473,-0.006385428158362951
0.010219297148468894,0.002566729917773561
0.010040819302518322,0.004984688992130496
0.006199584406821247,0.0021496084258151803
0.03502520937052229,0.008583430054879814
0.007886172402987845,-0.0008759624460468606
0.02287365179409733,0.0018781576508347358
-0.006780451397137635,0.00982135933269952
-0.00306794936260107,-0.006185618410429314
0.01704492913718566,0.007253513710569917
0.009700660696959513,0.0028142313098265303
-0.009359710047690744,0.01801159204664321
0.010418873605140747,0.00519984168529989
-0.021790502790857924,-0.02665787145033116
-0.0022038677823534953,-0.007615615888120389
0.0028992628992628995,0.015839442147188413
0.02209450041090173,0.0030129030687872423
0.012700184422815088,-0.0016878895874797512
0.009035833343328317,4.738948966471102e-05
0.007156886517620889,-0.00021329497697784167
0.017686481987606632,0.0034510835752126173
0.012446340923139471,0.0035751180459111464
0.010898992009353303,0.00882166790568634
0.010703591121526666,0.012862225020795877
-0.005170890068352852,-0.004072838210801768
0.01144958550221708,0.017368180226044715
0.00959608707748565,0.016533832898531064
0.009401878477928186,0.005174218771340746
-0.008109419192103604,-0.008396361720165063
0.005163526247067905,-0.0032277658641576283
0.006313151554901702,0.0003888126594817627
-0.014050027987954312,-0.013013149813555542
0.020949085823048746,-0.001529519999279143
-0.002017410457418241,-0.013184980015577446
0.0058188083986408555,0.0022544178875335275
0.004548153855853646,0.007285303719920668
0.015013658774280224,7.620547006861791e-05
0.011466344932634048,0.007267345314965781
0.025305082208246094,-0.0015197013687602012
0.004611041039884342,-0.003549757269237697
0.0010726476717654713,0.0029008568013901776
-0.005176246274001883,-0.007162465441549993
0.0012418584455058618,0.011180631880456277
0.009045870959521864,0.004768779400520772
0.004125311451129346,0.004145209798690274
0.014288677429894904,0.005682880017653186
0.015225621680051114,0.0017030231662488425
0.006719982747640518,0.016124973524630694
0.006848877192304314,0.010139578480131518
-0.0016324828810955333,0.0021605169233252725
0.0029025851121564908,0.014034306532664447
0.00375649711590215,-0.0024003836373901266
-0.00030117635798234364,-0.007155445682081349
-0.006265590383584615,0.0010472622979141415
0.019090027415616516,-0.008167359199423388
0.0004989769096152073,0.008745612459556648
0.003795560650823107,-0.003025888344486341
-0.003079865493176034,-0.0011262950268183577
0.003204866562009419,-0.0011579818031430935
-0.0020150511678984455,-0.002580433465715377
0.004471544704561415,-0.00441010150946007
0.012098841810277802,0.001540369446539353
-0.0005720506520628388,0.004218632666241038
-0.00014973402826029417,0.0023803233128854087
0.0028670328346204347,0.001760098182363779
-0.004753767486142149,-0.006700553298319489
0.0004035733823155793,-0.00933311697874347
0.007084906804853682,0.01538441859934892
0.010724287572198966,-0.010906269386251204
0.006784586362094296,0.01452337798088858
-0.026235820204272155,-0.006818948688487078
0.0015213810100311313,-0.0005714285714285714
0.0023641444988413834,-0.011230403427805917
0.005593803843815585,-0.0005263157894736842
0.004819102672914504,0.0019443478519830589
0.005455446405079691,0.037172069186439574
0.002102678823831353,-0.0028741287289990747
0.0031209521705779005,-0.0009230769230769232
0.011372081430034493,0.004665995569370836
0.004202372697962339,-0.00024494800988484515
0.033237064337806876,0.005944099485681467
-0.006259107494880667,-0.005961469210827078
0.010573161189114413,0.0141429734269721
0.01328839987308507,0.0030389787996509135
0.030026442462082855,0.016931011626919984
0.0017638033334117053,-0.0018456302151954327
0.020106814563299776,0.002192799082162407
0.0133808372205983,0.033931302977713566
0.004818195515334391,-0.0050853047544970895
0.007873442432800882,1.420425618572441e-05
-0.004639184976450527,-0.012915234929863123
0.006003571581102923,0.0018120268620268616
-0.0011949298072058267,0.021691539595638343
-2.2198205585798134e-05,0.011213838437520433
0.005171662792455631,0.0014714285714285712
0.028198596269880673,0.0
0.0038718358569688827,0.001342659926332257
0.014755587571918256,0.007209932829575752
-0.002447026236299289,-0.009780787688108195
0.0003846153846153846,0.0048667682416855896
0.004660867382533303,0.0006181851716136628
-0.00919274053277949,-0.006928365197784971
-0.022043889170445384,0.008626427086479774
0.004446601913191775,0.0032550465838509317
0.013392128236183711,-0.0007559916043156732
0.0038077744360531787,0.000355183845361858
0.00021351783910705455,0.001987775792703005
0.007327327453516295,0.005915908661211899
-0.00507449380549411,-0.001037410735341339
0.008667044238811272,-0.014717492191456506
0.0442335222286231,0.017093211382700656
0.004001370120094483,-0.00017724439060382274
0.004853113968964393,0.0023330003330003326
0.05248708338566195,0.017462537697665946
0.01813493026800288,0.001249993130006192
0.015162434042566187,-0.006208860886710695
0.0685195766705571,0.025823572638633392
-0.013639824648990115,0.003668033193192248
0.008415513779113376,0.0016025641025641025
0.002087528825598815,0.00873034834884367
0.0123331915255993,0.002256644227022536
0.00767818400878874,0.025087295133828867
-0.006589613263128558,0.00513182925192566
0.015844379464590524,-0.0008625229925158838
0.03521804919613163,0.02001604353752817
-0.0043571994537040136,0.001576518931554658
-0.001009673790550513,0.00011380382728108738
-0.008261413613103473,0.022493858884828397
0.0020304757561939507,0.0066157930988300345
0.0038611543471575548,0.0
0.027778524441923143,0.021763306071467283
0.0020605604324869164,-0.0013193575701428107
0.059076152577074346,0.009884992420149235
0.009461301257578535,0.001647177547811223
-0.006476043356719464,-0.015544187437202423
0.0029138692813952417,0.0006557377049180328
0.00151930556140213,0.00909897732217145
0.009687346794277737,0.01748803151506079
0.021412838134584757,0.012221743065336497
0.0017799422613140378,0.007329840007938028
0.0039907047185220295,0.021133783669371412
-0.00012615745152543077,-0.00036406748988716126
-0.0007561015335988293,-0.00021996674381120473
0.024046364281035293,-0.006884427849639543
0.004942666884922209,-0.0007742916721699908
-0.015054984663811553,-0.024796161796815763
0.007110600110600111,0.0008
0.006423431867615535,-0.0023804328773272864
0.004228756825078737,0.0019717753251761007
0.014338588949278256,-0.007206169654082023
0.023251066029853502,-4.083647168388882e-05
0.001361403687870826,0.0008042681404327777
0.005179312325635336,0.013550111595724902
0.008191447263548873,0.0004896321070234114
0.015766352752639424,0.006911740769278857
0.001403340960900024,-0.0029709373788955576
-0.006670145140199583,-0.005129648304239954
0.002911666548848205,0.007843339511124843
0.005339531541610014,-0.0018529249920220033
-0.011942516474921373,-0.012619735095588083
5.50016665762322e-05,0.0006586066144750075
0.005234384745528717,-0.01181986538608842
0.0017897839215169423,0.0018078969481408508
0.0029434343434343434,0.005974649802287827
0.0362065414925478,-0.0035379960684459445
0.028630616553599463,0.005713913161281582
0.0032063655436783255,0.00552002337251521
0.007044844108447676,0.001330677458460128
0.0030975594453855324,0.008741368438126463
0.03858602196207882,0.01194378228037948
0.004175147867269478,-0.0003076923076923077
0.003848072432739497,0.024756009935587915
0.01742256839077839,0.0014802677942212824
0.017358504103740183,0.008150300628721607
0.006760477755740787,0.0431670684924019
0.02327667199079087,-0.00010367525085294184
0.005007695037756683,-0.0011681582063161008
0.014600199989414812,0.05450078243416525
0.0016509364940005854,0.00014874915483434751
0.022137538241051632,0.01129820277810722
0.014142431777527106,0.004518545205657008
-0.007793448644249653,-0.002670408579004531
0.03292856507778344,0.008745785737879286
0.011975550289063917,0.0072734618821305086
0.018569957171750747,-0.00044444444444444447
0.0036320835384799403,-8.968248254013979e-05
-0.024710351992184753,-0.014566605267311301
0.007405749834327742,0.006267031302436495
-0.001255562377079405,0.005831697943251187
0.009088612832862358,0.00875541988941451
-0.006030640163320106,-0.010146223364479972
0.004874335104974068,-0.010982334347521413
0.024883999647646017,-0.0034757321974656307
0.008061525496428436,0.013579265904235489
0.0029590480689083176,0.02165293572984702
-0.008284101956521774,-0.0012605329998892773
-0.00030760993649024985,0.003992646920482234
0.017141734939358555,-0.0006102659245516386
0.06011013957480674,0.018481329896876328
0.0035186421614549716,0.02515825829233391
-0.012015409601992415,-0.013350992309668146
0.003223966307906278,0.003246904595421227
0.010768078714969436,0.011230665079922196
0.005525188126990445,0.0063792133928774
0.020138925711245637,0.006459745106286489
0.016801153870975475,0.0038521170543386243
0.01745778582534768,0.015539554768288619
0.007493570060452081,0.004289045553803468
0.010136988809871812,0.004937223144126043
0.01840895149609853,0.008391969576173339
0.0033069261351800164,0.009953417137131677
0.0034580940911809912,-0.0026662796697626417
-0.016358080509385434,-0.016161005795042382
0.0049160414902826724,0.006412675876456897
0.002510779073184666,0.010874535188223702
-0.0018425708579955982,0.0018811407943481687
-0.02779557592643348,-0.006486615024878146
0.000693282816742519,-0.0034098077438716387
0.006548964009840857,0.0007046051086073875
0.014323006292133728,0.014905724950302164
0.00387056232506401,0.03196017870886439
0.005611675341532798,-0.005751823104968452
0.027182269774335285,0.0030016904250912955
0.027498533255226127,0.005331189983982784
0.027458822554348256,0.03098420712811264
0.009440439050963987,0.003079239698097525
0.016575914779230164,0.0037928547924709274
0.004763169272774936,0.0003508771929824561
-0.03807439814710607,-0.03622010873985133
-0.009613839622245067,0.014544902619286242
0.02050932765383084,0.007188144415444656
-0.0005150653318059702,0.009850965596019855
0.024427878442749212,-0.0021253116265014726
0.023584818137617033,0.0027805154306822827
0.01920522142633881,0.0030642089093701995
0.0035186421614549716,0.02515825829233391
0.006711323062628293,-0.002223684210526316
0.009121912562444814,0.014260776451650933
0.0028992628992628995,0.01295622809365314
0.012685313609424239,0.013621829770106226
0.01468312280900301,0.02377919784501205
0.016349334117009118,0.0138073263356556
0.007498602839405757,-0.0008534884050951162
0.013162044337320784,-0.000474178522961494
0.013039700415734793,0.001794902896106227
0.026640729475007185,0.019310945338497584
0.005882950181175866,0.004372547739917475
-0.023982752357547245,-0.03553850383157238
0.011234277137718985,0.00332369220353869
-0.014044334488980181,0.002206117106397256
0.010219297148468894,0.002566729917773561
0.07411062077593744,0.011169610422498134
0.004623341374531222,-0.002089993659628838
0.03353864465338025,0.01059102383311738
-0.010212756535275192,-0.010212756535275192
-0.0024186082795922613,0.004695129047960855
-0.0009990488084309895,0.017846987629840355
-0.001005201049080244,0.015742343545788094
0.007279388958883048,0.0032766465474396494
0.0012701612903225805,0.001270538926597678
-0.0017996879008175008,-0.0016433660617370409
0.004647572963872711,-0.0051468999947783135
-0.007680267264696033,-0.0077291073135360815
0.0062986083442736675,-0.0018775266807576846
-0.006893160072015966,0.008328810096131723
0.025348304051575888,0.009975932944454891
0.00865982119708537,-0.002266077302307621
-0.002411699889567947,0.003163760301122429
0.028138295003759608,0.0016061176713325948
0.012687442598815511,-0.0003909984949456418
0.007547291626339108,0.010489192588795382
-0.01352656074484056,-0.010408241124331205
-0.01161295469849645,-0.007490464849961976
0.0020604678435722397,-0.0026027687882393047
0.012787774923122493,0.02674264214950325
-0.002533120594338207,0.00480261711883408
0.02740863428126576,-0.005121655247741335
-0.004486479261352879,-0.003558604017688162
0.0025796780150214157,-0.0005823664434085043
0.008750355435880932,-0.011595785202500201
0.017945999086724243,-0.001397592440781809
0.028026783646640976,-0.009851483272359143
0.00666936740587716,0.012340144113803218
0.00250644369107981,-0.0007037446557570395
-0.007402505082992889,-0.004447129464459376
0.00189705522971652,0.0024692353643966545
0.01605833874178604,-0.000807758196916945
0.021115037197291492,-0.0027291051933793133
-0.0028941647296243734,0.0012735078758217017
-0.0005146594595029112,0.031044293754796233
0.013092177311916689,0.009105745804245679
0.0018429858429858431,0.009224929132028653
0.0013624941278755883,-0.0008380966859227729
0.0008749466608073166,0.014124463101939067
0.01548947434977252,0.001840605190374523
-0.004879234349462136,-0.015330737218480108
0.0010605098501590229,-0.000649277933712424
0.005261382195207888,-0.0013960134749117104
0.03739661170312384,0.0015511708723899655
0.002659024032847525,0.0
0.007061295360716349,-0.002342948717948718
0.010729677160283536,-0.00811156288734969
0.026426309597429896,0.00981327792624669
0.00886691723692526,-0.001388668230773494
-0.0008752960845300941,0.0020627563978063796
0.0045637573437238965,0.01736895950693359
0.03059952252425786,0.004810340343848003
0.001379310344827586,0.001639766081871345
-0.0006883578335728476,-0.0021566910246360147
0.001113139992839241,0.0084361920992489
0.024010244694869246,0.008723604945141598
-0.0021265704952792164,-0.0011805934837849632
0.01269202618213813,0.006588932200929292
0.0058338553333103435,-0.0010027311285408687
0.0018814167645245083,0.00853762284800195
0.023135231631009445,0.0023855550405223053
0.031613790166683337,-0.00013670586433670636
0.004697818499795316,0.019243476609684583
0.009219000566824826,-0.001933510284842683
0.012135962312748374,-0.000851063829787234
0.010352067593679263,-0.005703439638434995
-0.0021502667737157023,0.0071263504694211175
-0.0030387998493303387,-0.0028709543095549743
-0.014044334488980181,0.002206117106397256
0.016349334117009118,0.014961172489501755
0.0054498411722036484,0.020895268821021835
0.002184845023480002,0.011946950518806666
0.004601907965752359,0.0026679561573178597
0.0004654493376297887,-1.7543859649122792e-05
0.005730835204431916,-0.004815793748882705
-0.005984414250026802,-0.0031544712290857806
0.008869142779683554,0.0025859020310633214
0.0026282872308564798,0.00232937181663837
0.010396433678954833,0.010518476571128015
0.006230096759139782,0.009758774901989535
0.013053813288788865,0.009279934432365113
-0.009600531414837998,-0.017154339995103105
0.007971217424860753,0.004084994792441602
0.013927559431579771,0.009221917487594978
0.0048329360246100695,0.006674036852383568
-0.024710351992184753,-0.014566605267311301
0.0021266244411459827,0.019116019640080136
0.0153269662098599,0.0027840501792114696
0.00961011110188047,0.0013333333333333333
4.34955231011279e-05,0.014417312682605998
0.03584763483598203,0.005715887733084939
-0.0018073828513809412,-0.006399033388826563
0.028878201304890765,0.007340765317565523
0.0036226743419801935,0.0029507380917946574
0.020816452571397602,0.01892989132641991
0.011860648117968036,0.013820717007179514
0.054943185944810194,0.02202890295359442
0.018081339055333878,0.0009383524277141298
0.00646180903701772,0.012524886993022281
0.030021019043865012,0.00967950241386855
0.02147470877651323,0.0005293771605363149
-0.005971005383077117,-0.00718429244211761
0.002202380952380952,0.0
0.01131562845718717,-0.0028528339855288486
-0.006794205118983232,-0.011729038022856384
0.008288362949453471,-0.003733073929829342
0.007658166127163844,0.0006451612903225806
0.008165680271362642,0.052934146537371676
0.01281170914482761,0.0016858182006829108
-0.026965320927078602,-0.02377566743292036
-0.012916879779131273,-0.02458943334309151
-0.005956846746670583,-0.001919763676517812
0.01374173829729507,0.021143985922128978
0.005984800320486714,0.011153370906727375
-0.0013679386550436781,0.002689973125076529
-0.005115069988531002,0.005111040619015534
0.019009090168884385,0.0010531238702807567
-0.0006227192324506194,0.016386834823626215
0.001975609756097561,0.009051952539416708
-0.0010188944365076228,-0.001228889742267353
0.012358546885753987,0.005455825556980193
0.0005128205128205128,0.03070894774589575
0.021168092812591667,0.01318599133747829
0.007964096398306924,0.000588235294117647
0.0386946115452162,0.008743889174616938
0.016130866483581585,0.007198662290932726
0.0026711359269498804,0.006342868884792624
-0.008193087777516546,-0.009780389364818133
0.05338966603096132,0.009422514348679615
0.015465511876289377,0.006862058677575921
-0.008689663133468736,-0.003906693555751468
-0.0015912429145711095,-0.00849740167248154
0.0005404519545011911,0.01670300884734008
0.008142982139785237,0.023594591125227642
-0.006660863365984898,-0.006883356622957852
0.001202843064575602,0.019813541125062274
0.004748288461686064,0.003692052140948575
0.016589893146767655,0.031123500688258438
-0.003938385291627931,-0.003093325324792952
0.012229312824682228,-0.006231702748195093
0.00807603998898376,0.005492939767094396
0.0020647773279352227,0.017212106732526468
0.008973054264387685,-0.01158289643428188
0.02714987245314937,0.02152581918804908
0.0035361008621362256,0.0004850622791180122
0.010471038277543254,-0.0032164472782119846
0.009060320271267682,-0.003800210699389142
-0.004778613674436749,0.022797556731514873
0.004067942024752655,0.0069874351840132735
-0.011042188152173081,-0.010623388705265696
0.0017813967813967812,0.0064031987755695016
0.00045454545454545455,0.008645232580716452
0.011023915525077616,0.007215432588964843
0.0032825396825396824,0.0033823873433589413
0.01957660431819625,-0.012307255784263536
-0.013935656816833685,-0.017948203696713384
0.0038182266165319224,0.013340663066617556
0.016165224091799157,-0.005096800836187017
-0.012009106242451087,-0.019666403758414153
-0.00309283434784395,-0.002676167681177283
0.020887853864428353,-0.001184149184149184
0.001679281438403582,-0.016097009675515216
0.017331618294003488,0.014964973790402809
-0.0028021669257960384,-0.0028021669257960384
0.016233535491805024,0.0025522721417447613
-0.010556059186411441,-0.019068257873416244
0.027197040678887233,0.0034482941942107098
0.020869753219824937,0.00512647181679777
0.01233574092662054,0.0012886831876395446
0.02183514520217946,0.0017994485092285785
-0.0006043699219191352,0.0025569388465680413
0.006223854955063481,-0.0046020567305790966
-0.003770850339676151,0.0009562402899527152
0.0030039336421879546,0.001702127659574468
0.005386470500521895,0.0003125
0.018715798688482,0.0009413068636746607
0.007284384560917887,0.0
0.0010692307692307696,0.0016222097673710574
0.014845678357696838,-0.0020025524141020785
-0.0031929565606458182,-0.004833579378687992
0.0070396829329240915,0.00036138068746764413
0.012769265368169136,-0.0025545385817669804
-0.000685579196217494,-0.000495580808080808
0.018332845403474,0.007254259392673227
0.003596524656675032,0.001740588253044949
0.02118121981047611,-0.00144136460554371
0.001816326530612245,0.006665831146703136
-0.0033139527351837327,-0.008592406121453964
0.0024382970862252256,-0.005602033483784833
0.04717653518486154,0.023908708507761667
0.006885910172916489,-0.0008700661115127217
-0.002579858720925367,0.004242985063459975
0.028561390554821986,0.0007142857142857143
0.012033232187533134,0.0028306920271845143
0.004371691905613708,-0.0009862650699355778
0.0037240829346092503,0.0026451612903225807
0.0022853402937091315,0.0004555429864253396
0.009060802202360918,-0.003393374526069387
0.012444688754870483,0.03313823068945631
-0.018775827878705485,-0.02023687720883164
0.007934461385756281,0.0024643891281148954
0.0010714285714285713,0.001591140059127864
0.010235525136296933,0.00503472160023884
0.004129862083622567,0.002078877545122211
0.0025909204568093465,-0.005649155570965023
0.02763248130510182,0.006463922875890531
0.0027735832088319314,-0.003494940076456761
0.004600835926653822,0.0034071043761393703
0.023350237652058122,0.009333797384943932
0.025341237596076715,0.0031561233961490422
0.008696921436365863,0.0025859020310633214
0.003932570491964902,0.0016073779837434254
-0.005050425580332713,-0.007505201962538158
0.0022287830106039676,0.002446518884268172
0.02893677092749746,0.0027642844264924036
0.0034739031323614126,0.02982652276031818
0.006909626402309761,0.0027130832401148237
0.01040881365511247,0.005942805633483466
-0.006801357432265786,-0.0064340776532213016
0.002015070410689211,-0.005816343927705784
0.017191866434126884,0.051557673596967744
0.02026701021614905,0.003624502432551968
-0.002988660823993335,-0.00436137414114282
0.0016636623763558744,0.011070452068548509
0.017190638857156965,-0.0055231138067514795
-0.0009391124871001032,0.008842736295452023
0.0022931785195936137,0.005738696331518381
-0.0006318420420290717,-0.008512208225268396
-0.02025052684313715,-0.017453708694301396
0.00524546733917268,0.0021333109868556313
0.014819404851557501,0.018974224888367322
0.009361201005861727,0.006878106867597357
-0.006413715700585635,-0.012463946735323538
0.00948807452214668,0.005551685666458827
0.010625322307941496,0.0009023258797618999
0.019706247548167605,-0.009178823370748598
-0.012994876312148606,-0.01428419280307369
-0.008417461377144785,0.013774803403905328
0.007804284164585252,0.006490131278629119
0.00032967032967032967,0.0009487179487179487
0.051526364309487246,0.011118567832123656
0.004149946547847979,0.01953259482087479
-0.012114311169437527,-0.010457278764130733
0.0006681985685141039,0.0050995632028248816
0.021274630409681184,0.0019010025869032627
0.005108484706947592,0.003449465263418752
-0.0077537915557579044,-0.006953672501475669
0.002539918060808718,-0.002860465393666675
-0.001957601492346674,-0.0008938532166185942
-0.001432883729365203,-0.003349799926458095
0.00533293602461007,0.005074036852383568
-0.0027279315461121475,-0.003214024449901084
-0.009165966473183119,-0.0032277319461368296
0.03182145737760895,0.0016114645675245618
-0.01435066031571273,-0.023144699176291667
0.008006157969293532,-0.006025727727616806
0.00471769458441919,0.02979338390765264
0.0014829931972789115,0.0
0.003441250720684015,0.0068131049414093545
0.00612853597132958,-0.0003219831578040533
0.05201663901651125,0.014136723691696359
-0.013593358879579302,-0.02985100538457542
0.03127043383815329,0.0031794871794871794
0.019510984788191958,0.00591245413249045
0.011114489007099725,0.019329484720435386
0.007887322319192563,0.0004616679616679621
-0.010212756535275192,-0.010212756535275192
0.006931923463827958,-0.004665614352186018
0.00959608707748565,0.016533832898531064
0.017248603314834125,0.006707264389479642
0.003823338823338823,0.024311415547042557
0.00028185217141213695,0.0009141924578889082
-0.0021269571816387167,0.006575222367551654
0.028066615758945115,0.004022690982372186
-0.007100686244024056,-0.006165164302516082
0.015110049937641003,0.005970608573863787
0.02948376009993283,0.00893658649654503
0.019011248606365338,0.008397590869109166
0.02135222571727179,-0.004330819384784186
-0.019171437801106583,-0.013435771505858174
0.030792517548943153,0.021827768379098722
0.023210230665021547,0.0057278275560907555
-0.004734480907627982,-0.009766002347519029
0.017108874915434284,0.008718874082316367
-0.009498509733525175,-0.0077689563547673895
0.010755033329808924,0.006063400171215811
-0.002794564001570868,-0.00995394518736672
0.004416829782275181,0.001866788621200386
0.001189415196622222,3.3644764023903814e-05
0.007287356840780843,0.003116883116883117
0.022618146684190366,-0.003813434695006912
-0.0140357809764027,-0.0034825005377146917
-0.0011583245260137843,-0.003664348609457222
0.0029138692813952417,0.0006557377049180328
0.004506175710751677,0.001964380122359016
-0.007002470236934039,-0.022186539603253768
0.0034170630806429642,-0.000917610144833127
0.010963120405950265,0.004968764249730721
-0.0024862087140767714,0.012911069303738825
0.012421419426591359,0.002228073538263907
-0.0020119596225586997,-0.006046059917999244
0.018072254485377203,0.0038395179524680044
0.015443311129928758,-0.003302106533077399
0.002230594100361542,0.013321151053129612
0.006288887708958264,0.004370309699726151
0.007148869321001769,0.013506758902327613
0.032669984705899595,0.0014947600661886376
0.019481897472606865,0.02639704637901569
0.005232686379122475,-2.7301328123542634e-06
0.00685250600283002,0.0025415573818266595
0.0008943212001395198,-0.0008356792144026187
0.0,0.006412745098039217
0.001530462992102394,0.008995220517847171
-0.004348857358019072,-0.013324764207514597
0.010089225224153484,0.002416915329656103
0.003879783887759387,0.005255922946034164
0.0057935763716550565,0.002258658008658009
-0.006296919122892939,-0.0015235036849772891
0.0014989796285995042,-0.0003414833511712059
0.021009798717674263,0.002237830657557509
0.020809777845631906,0.009738833808430077
0.019334940594291763,0.007946555644930462
0.00463558251272692,-6.224186710300939e-05
-0.0027810763422847634,-0.004801194463517188
0.008258633913990576,0.0101234731152455
0.023247129761739947,0.013831521761033324
-0.004284173283679634,-0.00892737512431946
-0.005294510452113165,-0.014550570241965752
0.005113728544990372,0.003553557597001824
0.0026317384078652917,0.010376875831713785
-0.02409906399828319,-0.02843132242730118
-0.007431614588353624,-0.001999769231924643
0.024864474387636056,-5.1781571642529195e-05
0.012426935665339537,0.004773135276909196
0.01265573248070769,0.015925036646071422
0.01602076033320866,0.013504029396348639
0.005222516152453023,0.007932296200147541
0.02880210779545572,0.04475097963495993
-0.004023453575517911,0.0035634760908249026
0.006789165983520196,0.0017796738594614244
0.0018192066002985733,0.010266281004250245
0.013620101531535055,0.0067536556563500124
0.014441922112082707,-0.0020620450484123646
-0.003078548261385261,0.004073729787520276
0.010920554999602481,0.009800164296825915
0.0020624615733198445,-0.0010764436352550706
-0.0011057813446358348,-0.0031502749744235815
-0.002820718462823726,-0.0007167578908753489
0.0009841752144066525,0.003479146665296192
0.004231800010196666,0.004199486473282042
0.004768056924985029,0.010202783767807366
0.007496698754146645,0.008374880141558887
-0.02689104668791526,-0.032233491275455696
3.137703015848592e-05,0.007019430549059366
0.007237535955502269,-0.001471097115457046
-0.005555278373415993,-0.005275702637672399
0.003064099067299876,0.0028958316339016232
0.028160016391060604,0.014156395713273897
0.0024005134788189987,-1.3495276653171379e-05
0.008234811767933836,-0.0010709000113650062
0.0012034632034632036,0.014572446928417674
0.005201336543219548,0.018956464248528215
0.047567522605817876,0.03026738975439852
0.0060308079861952245,-0.0011370725025102906
0.011065727112512021,-0.00014488530102806031
0.009036160681520855,-0.0023549147641219255
0.016861240474763676,0.004703526493000177
-0.002712576115568928,0.003781178728280172
0.006368561898815239,0.011813648363804396
0.0008595590283392348,-0.0004373681236643167
0.0003667532048753459,-0.002814676989676989
-0.0028079339749406407,0.005599104262011412
0.009833758531230615,0.0016823406478578891
0.009681066847693346,0.0041436688311688305
0.0013027733452051623,-0.004520024210621835
0.04892494542729175,0.010309751385607488
0.008534701307383818,0.003503260511335025
0.031227979614886436,0.008331795189333276
0.025949939314883857,0.027895879914856928
0.0035836461575188784,0.004612144689256073
0.00584327485380117,0.013551907746583002
-0.00697299540944331,-0.00713776702865769
-0.030185229695904696,-0.03060046098025919
0.03445217538192325,0.006612479989966912
-0.0046015853905659,0.01697843429520783
0.030473557204317596,0.0034356544686159375
0.015483114987135328,0.009666361932039423
-0.0018855819284106963,-0.0017151841727728843
-0.01746943683669406,-0.014476197160408696
0.0127237674790295,0.001501212424064321
0.006792324686934885,-0.0008544857126092823
0.032034939773970504,0.009768310174304514
0.02245392948528269,0.009187888688227992
0.0288204688755549,0.005787667455672723
-0.019160700888059403,-0.004538847595698028
-0.004501267715928292,-0.010544247002859677
0.004844451569161803,-0.0006419898159028593
0.006477967785462761,4.738948966471102e-05
-0.0034377749074940255,0.005912062124137082
0.003012271906281123,0.0018083157976774996
0.002540448892012645,0.013002676046535867
0.002346114309297929,-0.0010855614973262029
0.015671421698687325,0.014804590776398098
0.021636444488138243,0.001307827697300317
0.0009247690438763589,0.0061236939419755144
0.00022570906152995706,0.007338693332579519
0.0334870976392896,0.002684402290018693
-0.004191810928881867,-0.004688245866493275
0.013885420059664737,0.009783063032092545
0.007296747795055617,0.0029729667357418057
0.010111651716600872,-0.0042598484751063675
0.03724417421922112,0.056986319643313216
0.04697540916546428,0.017562494293285887
0.00907031849880506,-0.003350225992095981
-0.013683526922886635,-0.02198378377079805
0.006681802530119735,0.006978326082242947
0.0026980768920647057,0.0007166228174400784
0.014113967824243989,0.0018583901294472556
0.030026442462082855,0.016931011626919984
0.036219029931128806,0.035174793305209395
0.005025027704182974,0.008505516783770763
0.0073810942777286755,0.015351088218739864
0.0009852142058024414,0.013700011917324988
0.03533427260111972,0.0012609708030760672
0.006482756140534609,0.000625
0.015164744193043513,0.003894538112558843
0.017246490111508722,0.009614022375769875
0.0013010379558935515,0.00036950521434550923
0.0379529719241104,0.007466539948218728
0.0018129919325080772,0.009222582482486249
0.0008537324547290047,0.0026019389754033855
-0.005037773408244574,-0.005727252417304613
0.013630042096351377,0.0230717033137514
0.009784218541434509,0.006162037460219815
-0.012858884275262779,-0.01181082823813802
0.0028888335971012603,0.0043639094932481845
0.03583023152664824,0.004798065295768332
0.004818774470508373,-0.019395710485094184
0.014333730441256864,-0.0019298771666798184
-0.001052581980768394,-0.003454430515375549
0.01653082114286485,0.003072637145122975
0.0011521174208908877,6.238859180035652e-05
0.005416702474868099,-0.010029410453998994
0.018793557385959794,0.018514797076573976
-0.027943637559697893,-0.026628768454160942
0.0004913213280225601,0.0072098931800865405
0.03230809185908067,0.0019896434636831484
0.013048306937432929,0.009216252375288291
0.007960051870592644,0.00047681112197241215
0.0053165025439397984,0.0016767538112768038
0.01322084602898854,-0.00025974025974025974
0.004099163001844233,0.0006557377049180328
0.005771877117479032,0.0
-0.005755343842739749,-0.0050289011499706085
-0.01721010664160335,-0.0197148133238346
0.01547676021552255,0.013436014664626059
0.0034954022849191164,0.037051178371567677
0.0038201215936178342,0.007854548469385176
0.0003552753991628915,0.006152201491303148
0.006400435886152248,-0.005283147453610696
0.0006126361870906157,0.0026426409751670534
0.003419551452764522,0.004895479384067319
-0.00436979791442698,-0.01183473143466826
0.01259089681139317,0.0018673887990326773
0.007740855891986306,-0.004586017993712978
0.012383785421393807,0.005188307180471228
0.03285268943902721,-0.0018431572674643144
0.0149165894813849,0.001303513737372296
0.05559165620805926,0.04981826627846541
0.014028378003621875,0.00459703969654906
0.0023388372773604986,0.0010550804753262858
0.00432659147663608,0.00287377156893286
0.021417668577113216,0.005279443682842246
0.0025280121829917047,-0.013737740863173541
-0.02874767601062897,-0.025401998054312716
-0.0009314671772733644,-0.010658913848153664
0.0002992889180194716,-0.002018436879679288
0.015133191198672135,0.003472565343153578
0.0036302249522063776,0.00028640787104929587
-0.004042178591440846,-0.003211636505988006
-0.006252403999761926,-0.0031634261921820073
-0.0076556099308039815,-0.004053860342044335
0.006219776994570294,-0.004369575764823167
0.012533364745656337,0.013690816278402133
0.007297887873066229,0.008383487834268462
0.0031512841625104373,0.0012212430954008928
0.009446718411491906,0.003920767321742683
0.0012971472035275006,-0.006340318246913838
0.006164390080356467,0.0016633509920945377
0.0053871841127606885,0.007955768810126763
-0.0037202413783563974,-0.011102695015238001
0.006020152980344364,0.0014515890613451589
0.011864112537217591,-0.008055577528197948
0.01392730759032099,-0.0013348023609374312
0.0006842830865637691,0.022685522880130787
0.004209051549832881,0.010941696569058211
0.010632975952483817,0.00363381494402582
0.006423289853828027,0.004006952051675764
-0.0007239122063919909,-0.00024318658280922433
-0.024710351992184753,-0.014566605267311301
0.004697685036867618,-0.0008825459151024645
0.004556932867195814,0.0014511729405346427
-0.009410961052667168,-0.011629562975725729
0.0005980634480634481,0.005291003653618283
-0.014351338190356501,-0.015514490337587214
0.010369861980052077,-0.008214944383537535
0.00020283975659229209,0.0018145459602280632
0.057877059729470624,0.011672237272528328
0.02417546150077508,-0.0007577788402967842
0.015916473294810718,0.011143702752454328
0.010310646318459696,0.00018116763019607272
-0.0010358964282915326,-0.0015289839691905093
0.010257480878633266,-0.001991566781498131
-0.0006718216622160003,-0.002411233211233211
0.00168938664094272,-0.01047811199593806
0.0020721494746339464,0.0004016043693463047
-0.005363107240754079,-0.012222763979246926
0.008399317949625281,-0.0007050528789659225
0.013530421132242745,0.005883038434806849
-0.02369139026526336,-0.024469552994996594
0.009543443486646467,0.00887097026137065
0.03944097371594169,0.00885445621259893
0.026568761827315334,0.007047659885890052
0.001008060093525432,0.0064191507025608404
0.012779609104334377,0.003462962962962963
0.008843447854880664,0.004373092097481952
0.007892298123480353,0.008515228205103179
-0.004481590055377908,-0.003514794799796288
-0.000548986961289688,-0.002684468040203146
-0.022266034853707227,-0.02808152750283964
0.01237282943816079,-0.0024458156854730295
0.0066264795366575095,-0.0030265420090111036
0.032633905531001414,0.007731820268117147
0.011269417046606202,0.033228467034360755
0.009031420376611884,0.019378083948220024
0.00541182559404654,-0.0035555968188432444
0.010371237355325911,0.004015608825716764
0.011843717200017301,-0.00923689195344467
0.007767657899085437,0.006535173597598086
-0.019492511312504304,-0.02438441145636136
-0.015309687332413715,-0.015162684056657627
0.002680508290079799,0.0010396736002493702
0.03689654921568765,0.0035573944875309078
-0.003597168860204659,-0.005329785121304921
0.014889737301418926,0.0002266997358121546
0.0012418584455058618,0.0034442645264244815
0.014644415985578252,0.009402023909547502
-0.005617734530747938,-0.008617083563653347
0.019200741358341697,0.002647437833484345
-0.012549119236292745,-0.014337493125587604
-0.0010366568602894108,0.0076565520488863035
-0.006282137007611431,-0.008820296465922957
0.006482756140534609,0.000625
-0.010396267720388014,0.0014680959079517945
0.0022525418016414774,0.004758785236561208
0.010443339236761424,-0.0012621685740565975
0.017005482465240113,0.025050488182848236
0.0011933970906535297,0.011609710598131715
0.002917516066183668,0.016594453881306138
0.00010018532621833146,0.0030566576869982443
0.007241977773463762,-0.0005792889379929167
0.0037352212879480217,-0.0008204160414177087
0.011400336688896569,-0.0012775390890898885
0.02146046367524472,0.002562784229233236
0.030518156317135805,0.0015350980091376942
0.013117176027140399,0.004605971277399848
0.0037355627973521136,0.00874438356665989
0.014058584386053763,0.002494734518295386
0.015143665556234956,0.016609405809283405
0.002795807015014212,0.0027182007596761515
0.007164224715934931,0.011494768790594374
0.002634508348794063,0.0
-0.013378067607745046,0.0013970401885426784
0.005992248289872632,0.0032706789612396685
0.020543602381312302,0.015304249608485147
0.021848111682682456,0.00696475852728713
0.0020854849734802737,0.01952123978278621
-0.008693067638132664,0.01009340257328301
0.009071676815187907,0.006188848161291755
0.00979854903368933,0.0014322821675762853
0.00880624282405428,-0.0007907012433558784
-0.004225505874755213,0.002154042887907723
-0.0004667783111975323,-0.011738130327077198
0.006879922153138487,0.006312193909053293
0.016049796977558064,-0.00465852765434248
0.004477802718317779,0.025389187799742415
0.026380838298084158,0.013642756353243102
-0.0007619925611728881,-0.005977776776957104
0.0021962481962481957,0.000974025974025974
0.002818362923626082,0.00493484317597918
0.00806367820337684,0.009759522320497932
0.0270455214815298,-0.0008634989519900492
0.0023510710700498563,0.006851542177629135
0.009461301257578535,0.001647177547811223
0.00020247325222515732,-0.004296805488847662
0.027197040678887233,0.0034482941942107098
0.015740889387478835,0.025775158466050697
-0.013798272889977302,-0.015500284940993807
-0.009960334928639847,0.0014693658578597939
0.008756198532348533,0.003316164659486678
0.01175432896511224,0.008719104103072733
0.020669947414994512,8.410828393046969e-05
0.016886331282552264,0.0011173436329333973
0.015197681348865408,0.0038687824397676917
0.01605640021323867,0.008660707115029188
0.0013356465197718252,0.001227742391623161
0.033311681865940676,0.005111524327930033
-0.023307338266650136,-0.023861769993533982
-0.0058224171197446975,0.019274014086740714
0.01745357691339926,0.001515326778484673
0.01757830986239699,0.01313743981542788
0.03183805108106277,0.009822321579083967
-0.005196328958501958,-0.017445824995233672
-0.004182137603736431,-0.0073886538944632485
-0.013877097475576873,-0.014475828727554912
0.01823101687860176,0.000784313725490196
0.0006658228776872844,0.01512660202650753
0.03362384948929798,0.00029850746268656717
0.005512698363235861,-0.007525203983731932
0.01870005407167115,0.004633609075612876
0.015610182596666574,0.017200213696331984
-0.009202505082992888,-0.004726821702046349
-0.0025497258732674654,-0.0006875805288008834
0.0027631249621298754,-0.0008193979933110368
0.007191421022736967,0.0028098127138224804
-0.004760029546831804,-0.005853584913093399
-0.019160700888059403,-0.004538847595698028
0.006183969611890125,0.0027529159322173292
0.0315572340090923,0.006201718039330362
0.0020472362073800958,0.0048851772339321455
-0.012071064053315508,-0.008243277208148
0.026122310608534934,0.0050619880208783415
0.010554266813321406,0.003287017566197133
0.009960630170150576,0.022983199625850638
-0.01322454862374447,-0.007677863229889512
0.009461301257578535,0.001647177547811223
-0.0009391124871001032,0.010331708195806538
0.00048333333333333323,0.0002671152228763665
0.022263770325106815,0.002823376623376623
-0.0009433404696562594,0.0024338068467871948
0.028900995465706403,0.002336413774957753
0.004570927725350732,0.0033751962323390894
0.008253201185874321,0.013204223908879334
0.01938247741676792,-0.0026114449768635892
0.026875396284858903,0.005239433079972164
0.02541085867069615,0.012322296531680228
-0.001658141210757802,-0.013301147096510728
-0.0036961579485173222,-0.006230761751623404
0.04114933947078036,0.0018233014570417456
-0.0020381756249447723,0.0007298706882061332
0.020835700499351465,0.014644722501154698
0.010927257063628223,0.002302631578947368
0.011967918206680004,0.004611295681063123
0.008956935210825936,0.002931251273323935
0.006482756140534609,0.000625
0.006438277096668202,0.011278828178386803
-0.0012285102446343774,0.0006675620295939384
-0.005554829163058045,-0.006914870039507591
0.015534529546318473,-0.00210966810966811
0.010427898932105491,-0.004168771135060256
0.015345454931398782,0.005468863668705639
-0.0023966300195383894,-0.006150885334309377
0.010665446943199349,0.011988373450030234
0.005025027704182974,0.008505516783770763
-0.0063553678411899135,-0.01682402014146475
-0.0015552306620969115,-0.00490233477738701
0.008629228532230915,0.001768080259719698
0.03308732087905951,0.00479029824426902
0.0024581939799331104,0.008831218837019653
0.01277715499150549,0.004965591446758467
0.01455562759311528,0.028514059542418577
0.006393138168200576,0.0002768924197495625
0.0037325870594348137,-0.0015576154853986519
0.0034077417390664076,0.006788578631592126
0.000691042220719907,-0.0060237331680289205
0.0064386285507715985,-0.011696102110492273
0.0031050491145636593,-0.0019344162095929467
0.014199662281318913,-0.004296291419074192
-0.0287187614984433,-0.028037503487992742
0.005951432872529219,0.009407344127771186
0.006510450172477911,-0.00011907402074262706
0.007950930915083336,0.003740471338098055
0.026690153995160344,0.005025957337983384
0.006510450172477911,-0.00011907402074262706
0.004250080933692327,0.0035391790454987653
-0.002115073477677396,-0.003218420482807397
0.002958487467238889,-0.0022512875891833534
-0.004500456231886772,-0.012637193092010194
-0.014229617063832665,-0.012921815509051967
0.002973913043478261,0.002429897180464624
0.05081364682436631,0.018182690136460553
0.021703660084770246,0.008527726109618269
0.014686601961192624,0.0012717703349282294
0.008504347616357448,0.0022521893841020886
0.0038781163595955417,0.000448617007505904
0.009600507385219548,0.01722869106894479
-0.002155238491104752,0.0011244549485386244
0.04354032902638688,0.007927275528435068
-0.00043634735107422364,0.0055404139055198285
0.005640130079844655,0.0017111557613752673
0.0015497554758763183,-0.004472088246568602
0.00893210766993236,0.025415769520096294
-0.026644352174915804,-0.027896102985227378
0.04225885236715486,0.0061494698478758054
0.011632627267055004,0.006858336388879738
-0.01436911635088121,-0.03454053916853023
0.012443772336423816,-0.003722876172060091
-0.002804032482740501,-0.007696342633061129
0.005881051098827319,0.0015096130126426147
-0.001324110671936759,0.01931330764268602
0.0009315894247461935,-0.00014514110379910375
-0.02166120651472041,-0.014986217457717367
0.002303756907095931,0.013460453388270285
0.013615233986192864,0.0007860602932761554
0.010780516257362413,-0.012962520941633375
-0.007565392176983493,-0.0065655774136233
0.002697672047071906,-0.004268000997380466
-0.003476975623692327,-0.00896065073725975
0.014311294120153844,0.00698059372456372
-0.0034206172673438653,6.107454678898946e-05
0.0009817063973554944,0.004370859183804713
-0.007570250818631599,-0.01537153466655879
0.009461301257578535,0.001647177547811223
0.002793038860305917,0.002403940886699507
-0.0006881050903269677,0.0114433596076695
0.007784972207083313,-0.0013104738215011513
-0.005339887473350707,-0.00764164185931562
0.00626975359794053,-0.0011159742586553546
0.0026697399499566055,0.006055467061267921
0.0054592068325463265,0.0002666666666666667
0.01454043946108009,-0.010907474296454747
0.005458392604626285,0.014430462907549634
0.029842522092608716,0.005927467842575965
0.00413054011925872,-0.003065181843397769
-0.019160700888059403,-0.004538847595698028
-0.002898958676455972,-0.0023628238866683473
-0.002646400694551659,0.03975895826760563
0.008864962077034357,0.0006481481481481481
-0.003760168909466684,-0.0014268056817494726
-0.006673335768590832,0.013359549261564112
0.003795560650823107,-0.004238009556607553
0.03537845767034142,0.0011067624920564761
0.011121136283837724,-0.0035603543743078624
-0.019160700888059403,-0.004538847595698028
0.003647924769068117,-0.0024127156814346337
0.01664154632176243,0.0063838621001177775
0.027455464660338606,-0.00018842764378478678
0.011607252965821983,0.006323899773515448
-0.0029704948808297153,-0.02366363152981236
0.006477967785462761,4.738948966471102e-05
0.007220940170640191,0.00937167156955892
0.02898399034226551,0.0005783574383568645
0.014232307628992464,0.008410023861838218
0.004004414185505211,0.005115237825304757
0.0057691864300982755,0.013081403036047275
0.0022491438101194202,0.0027268374899953847
0.015984979421516693,0.00731847737665524
0.019949117344892593,0.01814317506824711
0.008331499614004836,-0.0034442346224129
0.003086381739783537,0.007713827279686632
0.02862206844694637,0.0031021208411601622
0.015932458859663812,0.016825576211714093
0.0006060606060606061,0.0015384615384615385
0.016584074476867366,0.014441773788694656
0.007975058847743953,0.03309563356755523
0.002051020408163265,0.001497491912325979
-0.004835578887964043,0.0024906342048094986
0.0,0.00045454545454545455
0.02855659835459381,-0.004507693311582692
0.010219297148468894,0.002566729917773561
0.019849621748628008,0.0007034632034632032
-0.0031929565606458182,-0.004833579378687992
0.02668564885935007,-0.0038888260851325154
0.0013327360036501541,0.0050969955268831
0.022476945624312013,0.01579576651822502
0.013540503691990152,0.005364288007764457
0.0018840004982340341,-0.0015740914074543711
0.039873769135524775,0.0006407456188601912
-0.0033217731041839116,0.00963825057958283
0.006760477755740787,0.0431670684924019
-0.0025040855115130572,-0.004906816611977769
-0.003999017792578283,-0.0038223233790686526
-0.0017633417209239055,-0.002666998319586804
-0.0005878750765462338,0.03080036561637024
0.019738352721740897,0.008919726220405348
0.004895253448963505,-0.000671690144758412
0.009178210141138763,0.01216902330753259
0.021730095388848472,0.00021365058454505138
0.009516367619750797,-0.005731853143049973
0.013274325876924644,0.00769378872930814
0.015645786508822365,0.0009571585521530714
-0.006939371094734328,-0.009160293366098592
0.0026563052733999766,0.0038433693033357095
-0.0018818708755478663,-0.002025134225642336
0.012043291248976094,0.006805085708896781
0.009338822633220613,0.008586740095967752
0.001141914469897136,-0.010040712694955562
0.010533595701752708,0.025486949765983206
-0.002531568649215707,-2.715883372661921e-05
0.007197325351652224,-0.000230654004450197
0.003516996416577354,0.001918203255298457
0.020551199252519078,0.016627298293621834
0.013039700415734793,0.001794902896106227
0.01942670101974134,-0.0011428571428571427
0.005319980556325094,0.003789801674542799
-0.012032871725136292,-0.016721575246689595
0.0035870294871081653,0.002296245301162689
-0.0005352720377679747,0.006413839754886498
0.01274176123067743,0.005260237932483765
0.01859194627814609,0.000466536967432569
-0.0031929565606458182,-0.004833579378687992
0.006329871443078992,0.0009184726522187823
0.008196778499806812,-0.016011369001441515
0.003402763902763903,0.008222101553052641
0.025480710878462202,-0.005093168841055793
-0.005530397737956412,-0.0065054466257519076
0.01291063129471985,0.006603285662792433
0.015188310401308575,0.0015219838495671794
0.0026518156864021518,0.004949577835183691
0.05180449887182873,0.005030809246694812
8.051007337422228e-05,0.003581916174308147
0.003849976963268667,0.002689097806366485
0.0043406738136319185,0.002979174648645387
0.007414827470270079,0.0024491093885618312
0.005396694808459514,0.003986394557823129
-0.0006191236530455526,0.005064420438953924
0.017337974346455523,0.001976540968126128
0.01184272932364951,0.008199489815854017
-0.023330585022114138,-0.023490897575344304
0.04104243671607443,-0.0014894678735860954
0.011346214146268737,0.0060239947604493315
0.0053881782685116855,0.0064377634457894635
2.6578398353038248e-05,0.0053038781405148686
0.005907063316324894,0.0003333333333333333
0.00249441435279512,0.014212579132872081
0.004873635553783752,0.0006228234221739839
0.011559414612722434,-0.0004431760969278503
0.04381508907920768,0.025688912889700998
0.011624904059360116,0.007576921398936393
0.014181559864630516,0.01265790274105735
0.04121114003902406,0.027670554039450568
-0.012994876312148606,-0.013072071590952477
0.008966285118406879,0.0004445571331981068
0.0009487179487179488,0.017504393501600424
0.003974264665993989,0.006549294644984534
0.010182421288444585,0.0063641358641358635
0.029566479255310914,0.010992254132498037
9.763091059230775e-06,-0.004004306350532073
0.016496187208512824,0.0021523809523809525
0.004209169938917695,0.0032226147426592947
0.01763541733333453,0.006028945776660398
-0.0013898748373098635,0.0035382701264541454
0.007603394286903603,0.010584997495522774
0.025386997945329254,-0.005552961025546821
0.015390577622854196,0.010107017669664075
0.04069425661866466,0.011095377669136458
-0.0061396546846873915,-0.010066975598374826
-0.006883625104912205,0.0016392928619416887
-0.02022751696228141,-0.023816229326345275
0.0021114236628971663,0.014900107745093432
0.03348196007514469,0.053097615747201114
0.007291661077988704,0.004090935384104264
0.0051920970198118515,0.0014542124542124542
0.00506692765156377,0.0011721572201448364
-0.02587568916044962,-0.00547630818678654
0.0008685548725431162,0.0013296977130954157
0.0061825835739741965,-0.010944185358233355
0.010567738207305583,0.005905089217201018
0.0038753229878084224,0.009300383593432928
0.0031718854406923734,0.021216718965551336
0.004768056924985029,0.010202783767807366
0.02876263914486044,0.004857847357515131
0.012040242137225337,0.001769988877624084
0.0033364935066383565,0.008519854396524078
0.007419911210150589,-0.0005846650101475367
0.02279597981783041,0.013867908459830689
-2.5615815138190987e-05,0.007497329545771403
0.01813493026800288,0.001249993130006192
-0.0007410738010921146,-9.481953888391698e-05
0.01477080830288026,0.007993716743879168
0.024301875011711042,0.019630323748994483
-0.023070685537507202,-0.020893571266285778
0.03045553726340975,0.011941131144764566
-0.0038770180381758066,0.0010440132752324045
0.030026442462082855,0.016931011626919984
7.348578503870579e-06,0.00833604667530774
-0.006635159618843959,-0.005635344855483767
0.0004830751557178669,0.005873426860830122
0.021731062180375772,0.00843840931150995
0.016904465581872044,0.007253435358338228
0.0015164667652975347,-0.002243940465698254
0.019505640884152107,0.04826884053140533
0.0048169714683578575,0.009089101564717435
0.007622372211109057,0.002135728067058742
0.015102260433450858,-0.01654069235900949
-0.0007142857142857141,0.009383075062966217
0.0012793313068172156,0.01203614742754422
0.010052229015422375,0.024432446362420035
0.0006655740296153921,-0.003068455526450916
0.05802448097095659,-0.006890107989366726
0.011903127405084691,0.010001161320367807
0.02703915187440656,-0.00477304559064378
0.0041400712183001015,0.001921351766513057
0.0012234635141457708,0.013440278789775219
0.03864962427456188,0.00114503850832943
0.0004890150025025543,0.01331812088632112
0.011175945378613742,0.006413003746649162
0.021191638547599256,0.016882170765603697
0.005295326726767117,0.007527643768070567
-0.003955727324810773,0.005210690776245797
0.00863881730224677,-0.0009523809523809524
-0.006650561717765111,0.01129549235845186
0.009958296975479,0.005146897394800495
0.013447413998898266,0.0
0.003885372227987241,0.004533355198348172
0.015652388653059218,0.0004136570651404332
0.024680322206386777,-0.005180370046594197
0.005507794965499281,-0.0025654862009678986
0.0022884012539184954,0.000425531914893617
0.006934620459455155,0.0032086167800453513
0.00449783769963164,-0.0059352733727281465
0.00021594684385382054,0.006438789979959364
0.011165688130887549,-0.0004701144338619544
0.023955427858110636,-0.01991071353135862
-0.0022385751052705323,0.0035314951846149877
0.010891221033075984,0.022182022083720637
-0.001790645976540611,-0.010418048793481469
0.007140579416370441,0.007226808636745294
0.007998747597830525,-0.0021787136530020167
0.0013713235294117649,0.002488888888888889
0.0076367132255472005,-0.0006552996190471398
-0.0012032443302366941,0.002684636959268151
-0.007962103905796193,-0.006326980744357242
0.0051470125388266875,-0.00740149391694276
0.010845547227294939,0.0013288263258659583
0.03194376846938356,0.0005311165109264334
-0.009711662812166963,0.010519022269330497
0.007984583490552616,-0.0011971291048240894
0.0018392209611669211,0.012033051231549397
0.0018213347482303004,0.006887605929206848
0.003999729360585619,0.008390565767300007
0.0052960020868463315,-0.00044444444444444447
0.005662012365439537,0.002509607351712615
-0.030076108811097,-0.042964304993720996
0.008977590157327815,0.010438494100127179
0.01091067971807167,0.0019141088796261212
0.005609821689333154,0.008861313638425022
0.020165241334569445,0.002569587275469629
-0.014560605863804768,-0.009277089318055593
-0.0027259378708657783,0.003420762007006784
-0.0019580731774478145,-0.001538922820572437
-0.0012430490524873213,0.0037775662996078953
0.0016803915774038624,0.004609941273714162
0.011914461384198993,0.001067990321908387
0.0027831616691296047,0.018124790925982234
0.003422142312302495,0.015218149717792909
0.04462650476868965,-0.005189420928630175
0.004057161278559752,-0.0020940107919306156
0.011004065771255839,0.010304037421484833
0.0021499733644764073,0.022948305508007145
-0.0006641590831935186,0.005667313699438182
0.0034320206804899327,0.005690474035151831
0.013818653246723277,-0.0013333333333333333
0.02426839138954773,0.01713901624777068
-0.006831136473451991,-0.01572018572921121
-0.008075657012901048,0.014869779205273263
0.06176761260159157,0.008111901889467416
0.006555678688747655,0.0006999169381776294
-0.0024833869852316694,-0.009619020058042702
0.005874558656396622,0.006724561883657749
0.02579565500402777,-0.001554261154117683
0.003161505717896695,0.0022884012539184954
0.013037872770147582,-0.00029875123139715045
0.004347181332171567,-0.010434286950739082
0.02768621620195776,0.004929245316017489
0.006337984484554495,0.009773210732887823
0.008749152746201876,-0.005753663560250024
0.018569957171750747,-0.00044444444444444447
0.02855659835459381,-0.004507693311582692
0.008059892297120036,0.0049354723707664885
0.0209250282410828,0.004389119726117454
0.010185156780499794,0.00017739513707255633
-0.01795959367999539,-0.0328126604528638
0.013880231443245739,0.019411302127479334
-0.00084259865830084,0.001787847153737282
0.0031037797692111107,0.0031162423622504605
-0.0019263735462693226,-0.005943954687272624
-0.006931896757049293,-0.005349446300340687
-0.007249067057604258,-0.009532862676958454
0.011892904904227031,0.005231034602316067
0.002780751863436205,0.00813015143872275
0.0025783091829107013,0.009839731774887249
0.00486913338234093,0.010943886994868413
-0.004623305959879082,-0.006605271945277434
-0.004814868983650011,-0.00577280048209971
0.004924242424242424,0.0
-0.009359670044969877,-0.016867988943130643
0.004175147867269478,-0.0003076923076923077
0.0007068470956419189,0.0024360308945454304
0.004240004694888173,0.0028954435677260725
0.006135980498433415,0.02971172282491911
0.01124295886210701,-0.005482750381928825
0.01490843931607467,0.002442521859180856
0.009354583756608347,0.006691722856962785
-0.0031929565606458182,-0.004833579378687992
0.00540063772027402,0.0
0.01881244693922186,0.0030989626619878723
0.03997342003637616,0.0018354577405767358
-0.008346788886609476,-0.0029097128241258735
-0.005850292975847333,0.00046706877243904085
0.011730822652120936,-0.010829588260673331
0.039013910225711775,0.017553522137881767
0.014937617061792361,0.005312365232462075
-0.00788934463134864,-0.014441756191506512
0.031060260431933565,0.005815744393583238
0.00819421311768406,0.013473863423630477
0.01569187743577366,0.013191060631441272
0.005507090272244928,0.009820266349423002
0.03451599278113461,0.003654066315581962
0.020749739380461193,-0.014774371713085783
0.0003846153846153846,0.0048667682416855896
0.005712672085259613,0.004239142750718752
0.010583646111415115,0.002800766283524904
0.0086194989221305,0.024067104672896855
0.0018731934668335263,-0.005608660239410845
0.013434539777094707,-0.0005859392624098501
0.01240381134583189,-0.0035995020535168013
0.013431358736728856,0.003446398419530223
0.003359684874725319,0.005145262742778271
0.014526717770843753,0.001278861300973281
0.0027763106214579716,0.0035115092382550037
0.00529691016895796,0.0038715280153636318
0.01503208536737738,0.005323409123155549
0.02670477662078377,0.005022510805339122
0.009912440059001883,0.006902665758005025
0.016370369526446497,0.015873028967077662
0.018563803634755363,0.04855405154786133
-0.012982410528987347,-0.015161715795184369
0.008657507067122861,0.00458486469888729
0.018269253941200627,0.0027951955140072867
0.014373752707755769,-0.0055477375822084035
0.016285133010853724,0.01960904988804956
-0.0039549549549549555,-0.001206059113953851
0.02967212627882234,-0.0009985912778904954
0.0008116355857617497,-0.00784746272408138
0.021891442299216413,0.002771393676022812
0.00019049717836371028,0.0008671078025916735
0.007870189717772072,0.004349626316695689
-0.008417842391424823,0.0068010847284459604
-0.0020381756249447723,0.0007298706882061332
0.006489903293433422,0.00020119225037257824
0.004532122077506139,0.0035687520364939716
0.010696175927612274,0.00026691210308329495
-0.02945496421568526,-0.03129432740846869
0.0037240829346092503,0.0026451612903225807
0.006789165983520196,0.0017796738594614244
-0.0038318058392983645,-0.001250672675117658
0.01765218109723964,0.0014853441376550618
0.0007442649391973971,0.0018069699322877178
0.006958874458874459,0.0028987179487179487
-0.009892052650640526,-0.01093826372482313
0.018789239990051075,0.008330566656862534
-0.01746175300210296,-0.020656222588486674
0.025225358907527022,0.010377780909388233
0.02605581299760009,0.006517249262882724
0.010012271088282171,0.00760055992302797
0.020347711273539827,0.0044555179644286905
0.009861780416038713,0.006562830125791452
0.004924242424242424,0.0
0.0015415202746904095,-0.0007418957608807228
0.005992248289872632,0.0032706789612396685
-0.0013729269288646883,0.005938336399630253
0.017362135648499925,0.005868116914783072
0.016354472484910825,0.004661412614719211
-0.009935192554069414,0.01075613196769111
0.013139493955245385,0.00633468286099865
0.005720198966125833,0.002929719451838562
0.02676272567345931,0.010203861706015595
0.011288866355346648,-0.0008416066159738535
0.007811747717298716,0.0009046285730741803
0.0005700461104602866,-0.002204246713852376
0.010197390232479361,-0.0007974594196537635
0.006741554981632253,-0.004117653352166746
0.00942120373211117,0.002758880575808551
0.00039465906304882777,-0.002771651613563378
-0.005329005020937031,0.0011856439116549522
0.019255255468924946,0.003849341253518213
0.0037064011707505307,0.0038353648292338777
0.025341237596076715,0.0031561233961490422
0.007734452393552145,0.0037692224166893593
0.030212907447679266,0.014141545830269749
-0.003352633550168213,-0.005299204866807222
0.025068289660573402,0.0015499255257658614
0.005448853515615993,0.0028711777889368333
0.008601255773449902,0.047215310597481165
-0.004359821755694741,-0.00928075017934219
0.023080403106712003,-0.001998397114806652
-0.010724191879331857,0.004843444403339125
-0.010541854450105921,-0.016341384531652153
0.0017344762481263693,0.0005337561374795418
0.0043356162038146765,0.005146815393823097
0.011862425629910434,0.005654582594205235
0.01979415721982373,0.003664380980198936
0.00642884407955253,1.8469570186912566e-05
-0.006752319102658496,0.0001881734578487275
0.0009743463565610388,0.009468185040107952
0.0029138692813952417,0.0006557377049180328
0.0033517656422314794,0.003026113708844421
0.004991028891656431,0.006209540996637769
0.030026442462082855,0.016931011626919984
0.025226352845547424,0.014658986225602477
0.014102293410689684,0.00582977930180907
0.005142303988591275,-0.00061149936655127
0.004387370906038907,0.004521131893273702
0.000824127288062749,-0.0016342809885860903
0.007973403591864355,3.13873195229127e-05
0.005450793972752518,0.0062515774072721825
0.011854032458756294,0.0008354555584845118
0.0004777246324539925,-0.003337253055841261
-0.015112803845598023,-0.008192200465712726
0.00627404230753918,0.001024800099950025
-0.003933687060322073,-0.005428648922338782
0.007601308465665512,0.001425199899770321
0.025341237596076715,0.0031561233961490422
0.006199029784840246,0.010272767572326197
0.004198241570637987,0.03744860119334764
0.009497163739659663,-0.0001560617963084713
0.004289411504736131,-0.0018530765261203222
-0.007534092861546547,-0.0017238203248589167
0.012426935665339537,0.006908636631922745
0.006147177392681526,0.024760501282111023
0.007051520657297864,0.0064787104845398565
0.007490849030963503,-0.0009060805284856754
0.0068824881826056354,0.002659385549629452
0.02194693503659743,0.021603006316425366
0.0040430879350168,0.002351140582348384
0.02213746540886413,0.0017121672700363471
0.003727832564533796,0.007594508564701926
-0.010054131096754867,-0.007537739814928527
0.002697672047071906,-0.004268000997380466
-0.0033134199940007564,0.002872655647643829
0.0018814167645245083,0.00853762284800195
0.00397679118230302,0.013466091474982128
0.0071753425159873175,0.0016767538112768038
0.0006218430037202814,0.010959191348832404
-0.007431614588353624,-0.001999769231924643
0.02693621889983336,0.0035044645356689464
0.023567881212511757,0.0029018842971843847
-0.021416031049152757,-0.023828291521410198
0.0162709478834057,0.003189673423213275
0.009088612832862358,0.00875541988941451
-0.033555009784045436,-0.04859873993701381
0.021912274191006786,0.005737264947071546
-0.008453976562394286,0.00034325657472852183
-0.0034536690930552817,-0.001493406116773999
0.0011366300366300367,0.00033898305084745765
0.0017253796643809426,-0.0002338404671522864
-0.0072111266219526534,-0.004497602167810625
-0.024710351992184753,-0.014566605267311301
0.004514677944311811,0.006807924000917389
0.0022379528084421328,0.006577619097159187
0.004821238467248653,0.017859245108526274
-0.004729499250216561,0.012161571930384371
0.02788926784733977,-0.0021241770392367463
0.003907067314220936,-0.00030091849228880245
0.03924439600737737,0.027095041094368878
0.000831869483945113,-0.002814676989676989
0.012761620460355375,-0.0017939144650108104
-0.0029432837122509614,0.0060874174895028735
0.0029351256214652736,-0.0022739720719994524
0.010898992009353303,0.00882166790568634
-0.010668377517431677,-0.006030590140704319
0.02678735403597829,-0.0007073200613408703
-0.012684216527289304,-0.009128561071633848
0.041760167695458525,0.009263586947269642
0.0008867458501325772,0.0066734178973025925
0.004597510975042316,0.005706008816259583
0.021992654120434642,0.01946032461785105
0.021358578790916568,0.00445494629741441
0.006990887323543532,0.001659983291562239
-0.0033203563459019174,-0.0062655723035783175
-0.00035848521878416653,0.001393489320087784
0.003952921676633796,-0.0001262241554280917
0.005884941472842691,0.009603026147764357
-0.016793043015422407,-0.019907980996791894
-0.027125478596108962,-0.028432154859441575
-0.007845617142471752,-0.013488373514819563
-0.0019982364170161673,-0.00216816660087467
-0.00273613759102658,0.0005218272781472725
0.012402272323713095,-0.009350378698069409
0.000797608121859093,0.002992858668945625
-0.007028091306034714,0.006338017083749335
0.020799608889671563,-0.0009836065573770492
0.004364072933091315,0.007707857476720858
0.02009025318475106,0.0019142857142857143
0.012402030649150207,0.0015849612038443908
0.0029145899637702914,0.012495260817916284
0.002272763170329854,-0.001650398280716032
0.029807352279926144,-0.0037673342994391807
0.023398826172156426,0.019295878992868717
0.011087470782716272,-0.0033810190413451286
0.0022170623509253314,0.0013330172061783697
-0.000905594594956545,-0.011814157848340386
-0.007117274953674582,-0.011531018724831027
0.007262174993200801,-2.2863902287205157e-05
0.0013824613117170226,0.01749116692053274
0.0146021281934538,0.006210724861341784
0.004610186233317288,-0.006978556210734747
0.014995573114255143,0.002967895235843206
-0.021055560067997244,-0.02022765309125306
-0.017657511173574475,-0.024211231223958
-0.00042968030891199103,0.00831299199362859
0.029422617980571743,0.005779944025860541
0.011811077489147517,-0.0006666666666666666
0.021796828823711836,0.01759673437550505
-0.0006862866460350735,0.03719694953584491
0.0027948043558508676,0.017264722641082052
0.00837210262455502,0.006026974042605
-0.005084372074014635,-0.010495870589278434
0.011837940205991888,-0.0018527663024412878
0.000965789483991588,-0.0021128965670739117
0.003124708427478865,0.011329521756432055
0.001721891509814253,-0.011501479153687497
0.003264422894871821,0.013783981374708813
0.009257635574505534,0.01774761126677583
0.028198596269880673,0.0
0.012101101663427883,-7.063225521234426e-05
0.0067523963087872865,0.045073229465349224
0.013388261501442233,-0.0016965046888320545
0.02487745445179726,0.012145664251650989
0.03740405307461547,0.001836825720973875
-0.0010358964282915326,-0.0015289839691905093
0.01001124169866771,0.0009603174603174604
-0.002007483113754185,0.00593724067230216
0.007405749834327742,0.006267031302436495
0.0014603785661517986,0.0002975580533312863
0.0012512218963831867,0.00041666666666666664
0.0008599587144101743,0.0014899114854826116
0.00853522821351015,0.03564769953716152
0.006478351833048116,0.03735224392395205
0.00041101941101941066,0.0014407194194428234
0.012618800849436408,0.006390343376366662
-0.010212756535275192,-0.010212756535275192
-0.001939420803782506,0.0004023418696447482
2.3812516835454434e-05,-0.0006083204937231326
-0.0006408716283716283,-0.00046610794532809955
-0.0015103813003219373,-0.007262084473706784
-0.006359482821676836,-0.0093977384157195
-0.0008695652173913043,0.01503993760768729
-0.0017996879008175008,-0.0016433660617370409
0.014775827837440575,0.00896655817945992
0.03534061904379787,0.014455454980130872
0.0043944341976948145,0.006488000786873964
-0.006109051989820471,-0.013941543285914631
-0.014425645779349046,-0.020448165331873155
0.013769823452793092,0.0015140158882790264
-0.007318305717692458,-0.008214182806540647
0.0061320541699644215,0.0010980910623767763
0.0042913078965393335,0.006786279347428873
-0.02445311027062133,-0.018870902505903252
0.022681011997623464,-0.0019110710025064172
-0.008174480652488122,0.0038862599589163972
0.004039046220137245,0.004927273274132659
0.000622792819847633,-0.006151801252747839
0.04801941416426358,-0.0035292218203112234
0.009418160883807647,0.07286446582929933
0.0012883141613622764,-0.01389615836238874
-0.0016468040900149564,-0.0042010331814195
-0.006941721132731879,-0.015657066106669507
0.006805196244545884,0.01272418190004419
-0.00667673132034419,-0.010766867059856659
0.00017236735793159169,0.0032831466568265188
0.01708539356952669,-0.0036694525289740604
-0.011908819169146231,-0.01083847100336606
0.017060213315103566,0.0032856866956455216
0.006241710478938217,0.0019393939393939393
0.010587500824348676,-0.001971181660832401
0.0016166666666666664,0.0020329779712094896
-0.0016398613001073013,-0.0053517414144718875
0.03255357444967344,0.00992468726091283
-0.008193087777516546,-0.009274507011876956
0.05283486672026682,0.04211946787969749
0.0034055626180526464,0.006531486070678644
0.014327410218432025,-0.004100011830344836
0.008254872019017423,-0.0016127320954907162
0.04151426198276991,0.007818873873251437
0.02559279161930006,-0.001982821282059774
-0.011708769772335785,-0.010457269172095688
0.0014705658022876947,-0.006297097655334115
0.008335049368171435,-0.001126340066805062
0.020964573278539254,0.016960663413101137
0.00944509387542079,-0.00458769878519809
0.01270531485627891,0.0007985074626865672
0.02903654381989841,0.001392156862745098
0.009312132770746008,0.008817929095683432
-0.013343260211076456,-0.007476123567628053
0.003839127401239202,0.008013187532369117
0.028768638239259455,-0.0028544928454025103
0.022127061538139824,-0.0010888366019944967
-0.001271608657328666,-0.00013747270105181168
0.016512764590394878,0.007839640987427652
0.021076554660493893,-0.001623134363648139
0.03154757850961147,-0.000984559399530808
-0.005968988211551141,-0.005391782469231817
0.005915600657692926,-0.008348796414263077
0.04579703470194902,-0.0015934065934065933
0.0019483594729496371,0.005761454724612618
0.010446392990091482,5.273566249176006e-05
0.04220200269125205,0.007445788051344326
0.012796567486634314,0.003560064935064934
-0.0066352277912882,-0.010669992887622787
-0.0013904071978728563,0.011193010169119139
0.005476076555023923,0.0014492029525165206
-0.022176201732023705,-0.020258971820004114
0.014142891079021405,0.0010091048995678293
0.009725972235608057,-0.00341017360711758
-0.007501657767231885,-0.005511461957616587
0.018149650229073177,0.004069147754322733
0.016309330220848434,-0.0020589735181723904
0.002138128828767279,0.00023301147748610316
0.001444073088140826,0.012112982988719163
0.0,0.00045454545454545455
0.004303052834719867,0.011502178264213713
0.0036935274708916146,-8.968248254013979e-05
0.0027230098250422977,-0.00665358606018165
0.026100102216535206,0.0002405851622752234
0.002973913043478261,0.002429897180464624
0.021565316225787935,0.04753304172697257
0.0011933970906535297,0.011609710598131715
-0.009539007302807437,5.447462145571902e-05
0.005596273753104836,0.0016034897384208519
0.007841085632634266,0.00917362576091716
0.02462575023110191,-0.001238648514783585
0.0011290575228393566,0.00827473709626274
0.0029138692813952417,0.0006557377049180328
0.007301023763299305,0.004349306246332373
0.018335039741768918,0.0018936850322527634
0.002422072366863511,0.005204227172783543
0.0022134387351778655,0.008111621342956503
0.001694002145228254,0.016611381176478396
-0.0009473418000598942,-0.01088315978796452
0.03999164383381838,0.010243090296035541
-0.0026164311878597597,-0.0028545767597819276
0.030203607940773917,-0.0003401101530763166
-0.0015233336980824555,-0.006044278439615432
-0.0007951259853002501,-0.006317054871374386
0.004735123972555118,0.013127839337549917
0.018191448827643945,0.00044150111155637044
0.027277397298299796,0.005817184778912041
0.0061657911127742165,-0.002038888700572841
0.0006696428571428571,0.007698015279333051
0.014934348139516948,0.005696713736727425
0.004016620844860048,-0.0017120875694261939
0.027085422609585384,-0.000389936163505503
0.00021962937542896363,0.004273973507930924
0.0060308079861952245,-0.0011370725025102906
0.004572676395739944,0.0038757953165847914
0.0022491438101194202,0.0027268374899953847
0.002975961531802697,0.007197922602810363
0.021688123410659572,0.0021293771605363143
0.0013886600352062814,0.016819163792099707
0.016023015269150485,0.018648958357769
0.003596524656675032,0.001740588253044949
0.006918674764675882,-0.0001428571428571427
0.004052382413747422,-0.011401083131622077
0.0004679011984029986,0.007412419579055725
0.0090470759999755,0.010427204585019913
0.01329846100929816,-0.0019790298864076493
0.005985997531347231,-0.0005233598902442509
0.014885925784400194,0.004523322498061371
-0.025256594570850298,-0.028164970907421222
0.015485715244266693,0.008064681254835842
0.02214890802643063,0.009534672620946944
0.005001275330814061,-0.002248459919556265
0.00778674043134493,0.0056041328643543315
0.0007255931391754815,0.004508995442868041
0.002249000885271377,0.016551344212665756
0.0028010603607815945,0.026476491320347732
0.0085052061430772,0.009639537706215704
-0.011403280828980733,-0.0030699627957624653
0.006256314363289621,-0.0032435677184798123
-0.00599613096457903,-0.004892003428884736
0.0013387874175545406,0.005927568459369508
-0.006465487522119598,-0.017465492407519552
0.004851993860312143,0.019807533945677885
-0.007329622987160781,0.008640193259493556
-0.0018789344449069685,-0.002140495882274858
0.015329041553428067,0.006945260257202604
-0.01702301177579387,-0.017460246496701783
0.0007800114870582407,-0.0026492885584033375
0.010025871061988191,-0.005595078174878761
0.011762855713944724,0.007398970863256578
0.01205753616542978,-0.0008678112393282671
0.024472047171162036,0.01866970399301348
-0.006240945830567063,-0.013092273965891498
0.029692066731395392,-0.0007489453614888814
-0.0008268218405229734,0.0008482329670966493
0.007248322566969615,0.002186202442100083
-0.004411868174242024,-0.0034486951884538245
0.008479964574022886,0.010000338378234526
0.01343838839105611,0.029559919774860114
0.001886084480547715,-0.00031030748700902784
0.01683877057610878,-0.0028080596864744145
-0.004577495560279602,-0.003356194262707118
0.028443393811569632,0.009671440534659213
0.01549788639094835,0.07932607056985101
-0.013529916108504625,-0.015852767955541757
0.022310699240011854,-0.0006754567305789373
0.011087470782716272,-0.0033810190413451286
0.011712533891081092,0.0034700516883081995
-0.0001761285206734707,-0.0019577943104246856
-0.01219265968111435,-0.007833847953335315
0.006234811339131136,-6.130117745040305e-05
0.002224481388447529,0.007695410187922063
0.013393753643941768,0.008280312322489356
-0.0024560048462819936,-0.003592254035405807
0.027224396552542378,0.006604847007361239
0.024354791144889955,0.0061188626766188955
0.01720768088900881,0.004011573432237231
0.03703272916973226,-0.0016674638800073987
0.010219297148468894,0.002566729917773561
0.001031935867153529,0.0021392687188484284
0.0030624827313065666,-0.0025669245404455684
0.0013356465197718252,0.001227742391623161
0.008239782392451713,-0.0012799996415657905
0.012276712705264547,0.023849440680215134
0.00968766347767984,0.007659210593866529
0.009532179778891018,0.0006195992496143489
0.01277758565690962,-0.004136307953505178
0.01832740088546186,0.003873406647112457
-0.024710351992184753,-0.014566605267311301
-0.0002146572906830996,0.0030988814120889593
0.03223432879903974,0.002942474381018358
0.010880186691395153,0.01338413387821695
0.011531603742500627,-0.0012857055612777398
0.018831630308205567,0.0009394245794650245
0.015754949518787267,0.029148059649320348
0.012878549299146719,0.003828791798849224
0.00963137165010458,0.0
0.027166339610881236,0.01926225515041105
0.004287542087542087,0.0040464064014782905
0.005128169239873961,0.000928779482807616
-0.008319032412132051,-0.028931063670068882
-0.01116113798289153,-0.025757878279807172
0.018424217313283614,0.0016666666666666666
0.00540063772027402,0.0
-0.008193087777516546,-0.009274507011876956
-0.00014677187162251849,0.006217704648841874
-0.0043799290120092975,-0.011496712316971363
0.04662825460048898,0.004496911549318525
0.009788249560559825,0.010525498144649956
0.02749906187516893,0.008929905303688028
0.009215290260766406,-0.020899666717983843
-0.001114970572568751,-0.0030622736526304513
0.006790515525111789,0.00047314065304041465
0.0025437587246083283,-0.002870444317636063
0.012955711884311613,0.007652448104262459
0.0024843547429754323,0.0007502834469846321
0.02781828032648659,0.012460968544435033
0.003882959146117041,0.013191105511525249
-0.02409906399828319,-0.02843132242730118
-0.00418829251676649,-0.00468829251676649
0.011672810350174503,0.0025815548777409856
0.004518811783469429,-0.006397627278478902
0.011966895660187625,0.0003610675039246468
0.021892547608479366,0.009196947936853219
0.002994528421819186,0.05605136661789088
0.007267784880096759,0.018918840362141136
0.019935364365181805,0.00458413045309776
-0.001409977332594959,0.02110293969579157
0.009779832061897102,0.05777323657330439
0.0066800908489605595,0.012057788542162681
-0.012970308887361259,0.0081592677953994
-0.007168822779751076,-0.017296088244030762
0.044065524710489766,0.00794285852401017
0.00540063772027402,0.0012121212121212121
0.009822419486861599,-0.0046538950497760564
0.005179312325635336,0.013550111595724902
0.007793839483960662,0.01224557760873084
0.00798588731475272,-0.0025864618461505728
0.0013540051679586562,0.010156987455367514
0.0017912862049314984,-0.010447807746432038
-0.005712999796668937,-0.004886792942354145
0.004601298083153701,0.002997310571231898
0.0185919316953862,0.012587108860635084
-0.0022385751052705323,0.0035314951846149877
-0.04497779690098114,-0.039134742173130684
0.015288903995158845,-0.0009402277039848197
0.006199365202968367,0.00418796355130162
0.007995928223321173,0.022240870388955225
-0.004882046920917565,-0.008929210913043814
0.023610559182772814,0.04461785103891153
0.01693350071079765,-0.004529161176364147
0.002916298749086269,0.025472582726314186
-0.0031863925992505577,0.0008824058065198814
0.030259868497187467,0.013873789576316941
-0.0010507271693491436,-0.006218712116469159
0.008256177877849704,0.0063706916345201104
0.013256440350728725,-0.0029398756868614945
0.005410188978954219,0.0399297565512617
0.027197040678887233,0.0034482941942107098
0.010114172214286902,0.009635282940025495
0.007682071505327166,0.008493572057763714
0.03560922122321473,0.0019407643117216903
0.007838606824989736,0.0018215291715344235
0.0003846153846153846,0.015315835431694801
0.004254484637684457,0.006512692995671487
0.019249661317303397,0.025775158466050697
0.011536517898727925,-0.0019947149486871335
-0.002753747161705342,-0.004748715156673336
0.007072365733641315,-0.0019604606307000224
0.020554624443456106,0.010177918642204355
-0.027390659714156693,-0.02460047380671823
0.011770805337535615,0.0027868286894285324
0.0037493961149882137,-0.0007134729978567063
0.023287720901374886,0.009760007350694759
0.0013675354704533469,0.010009470391199045
0.027307892018998803,0.0052137173276002305
0.002680364324054751,-0.0012480945465142852
0.007137852912071429,0.0013342513786231292
0.02043918035439358,-0.0010108031315461657
0.0015698614648497334,0.013050649351653768
0.031093874765747802,0.0008321781042881201
-0.003079865493176034,-0.0011262950268183577
0.0074767530009251845,-0.0008886179824042293
0.0010533610533610535,0.0032232887490165224
0.014609589706496152,0.004854618468570335
0.026193846079300025,0.008135197039062894
0.008079454539833221,0.013561286900178297
0.009064087483635621,0.013803709164609376
0.0029367827939256507,0.003935483870967742
0.015820204151555183,0.00520171515991507
-0.018165693736179222,-0.012975052453844862
0.052785922968491265,0.010731286438040312
-0.04152325182031179,-0.047902632415856565
0.004266482305478133,-0.00021773636991028302
0.010927257063628223,0.002302631578947368
0.016584074476867366,0.014441773788694656
-0.01305835269296046,0.0014174065636549365
-0.033048207618772155,-0.04248657866539236
-0.018411871881249254,-0.02692358364315704
-0.029421156622287857,-0.03944322804297763
0.00019559768987686618,0.01821583272632582
-0.0003508771929824561,0.021173598179683877
0.01477027769371498,0.009705726549569006
0.011047683378891822,0.0033904588609586393
0.0019507850639926111,0.009391594516594517
0.002686199276662672,-0.01598641811185079
-0.005551469110960684,-0.0063417768502442165
0.02688086643207814,0.0032191664218758076
-0.00122396336988878,0.004023953386075354
0.005025027704182974,0.008505516783770763
0.021871482136375242,0.009328390749366484
0.001435136897001304,0.0206697481528435
0.006411083360215512,0.0019423643738726007
0.004909718400695817,-0.03040430410339145
0.004563553465813112,-0.002161213151185619
0.0007376953026333836,0.0033569551303729425
-0.0017850504001774778,-0.0017730632272160603
0.03470625899522169,0.01531893493424977
0.004594826891539,0.003045329169919334
-0.01710653959377865,-0.01691789212801822
-0.01509708410141382,-0.003326264900300961
0.006722102732311273,-0.006171239336623518
-0.006671552918347017,-0.002344882051133708
0.0017875940415593506,0.003931496645278234
-0.008852148312485337,0.0147863637980991
0.008952630661772812,0.007559803476247531
-0.0016816272129659866,-0.0004167323621086603
0.014937617061792361,0.005312365232462075
-0.013770376506912766,-0.008643245268057917
0.012927236925279174,-0.004666844942816109
0.0024776178527142704,0.00037037037037037035
0.02220469700244616,0.025496303521698797
0.004674699416267679,-0.012394530383435392
-0.0006218653037445166,0.01161981459992793
0.003717864602711094,-0.0003226843062806516
0.008803213395706442,0.02781784395803339
0.0028496295781971354,-0.0021370934364521176
0.011006516109966722,-0.009221906489694644
0.0020656337544030226,0.017464840831048805
-0.009094254106461388,-0.0038282898073896685
0.01673672263847007,0.0030573192875418334
0.004222374460576371,-0.013982232827971433
0.0259179520953383,0.0073941750956666545
0.018827780150596888,0.012044902484928389
0.007776408910687,0.005743458152960249
0.0023247147687783538,0.004731443853090748
0.014978213902381682,0.00264426777387894
0.005293168587361803,0.007083218856635746
0.0039907047185220295,0.021133783669371412
0.013427628363271903,0.002308388332978497
0.01048018805888155,0.004417060796063249
-0.003773661631717899,-0.005378111316730244
0.047647953621762204,0.04662031813053135
0.016082913799494867,0.016141379057453442
0.0011366300366300367,0.00033898305084745765
-0.004945475623775593,-0.011007460643421734
-0.00035698864392839143,0.017132620874785252
0.005858117979951223,0.0013483358820474349
0.016478303890395944,0.0047832382200085795
0.010791379805942646,0.002800766283524904
-0.0037145135566188196,0.02967354548526776
0.009131502660083154,0.0027869221053827557
0.011692928161141796,0.001967764812631746
0.0009847426247830702,0.0031178586689456253
0.0003846153846153846,0.0048667682416855896
0.01895314784784384,-0.0007658988632538921
0.001094632768361582,0.0029004109925162558
0.0005515513356960985,0.00899655014437334
-0.003883165413435828,-0.0067228556561896545
-0.00905505817579829,-0.00952082625875837
0.004040970469539757,0.007403587607037985
0.03872127910272302,0.026618859543395875
0.030019578904956004,-0.0012479474548440068
-0.0170700136015272,-0.010717491478562198
0.006529053941803203,0.014904463839443783
0.006088528670777684,-0.005548983482081703
