1,2
0.006956106051802635,-0.0029462790116667747
-0.004728381521999836,-0.006743591744452715
0.0034387584310024977,0.00022091179562266916
0.0023914743214845657,0.0037693949416279793
0.0112832086160779,0.0017289732350036502
-0.0036691646091639996,-0.008138500154018402
0.011422999203205109,0.006388084497302771
0.0046282741241157055,0.000737328955437988
-0.036538366228342056,-0.045829158276319504
0.030134834349155426,0.023491818457841873
0.004028720781207085,0.006034852471202612
0.0042477319948375225,0.00323124835267663
-0.010239539667963982,-0.009229402989149094
0.003662116825580597,0.001201563747599721
0.013201005756855011,0.0041478779166936874
0.03172438591718674,0.0009150906116701663
0.0014362750807777047,0.00042542500887066126
0.0026168685872107744,-0.0020892007742077112
0.2623690366744995,-0.0018647137330844998
0.02680298127233982,-0.004462900571525097
0.001000158372335136,0.006964254658669233
0.000414003967307508,-1.965044066309929e-05
0.0038862719666212797,0.02158498764038086
0.002542781177908182,-0.002537458436563611
0.0027375291101634502,0.0025639475788921118
0.000698703108355403,-0.0019415476126596332
0.006737497169524431,0.0007097440538927913
-0.0004822411574423313,0.03450465202331543
0.0007767043425701559,-0.00035076020867563784
0.0020705414935946465,0.0014092965284362435
0.016257574781775475,0.002892094664275646
0.00035164097789675,-0.0001418271567672491
0.002413760405033827,0.0024023570585995913
4.945538239553571e-05,0.031369276344776154
-0.007568690460175276,-0.007233792450278997
-0.006228066049516201,-0.0004956326447427273
0.02675313875079155,0.0001206649758387357
0.0016257069073617458,0.004999030847102404
0.008816852234303951,0.0056154984049499035
-0.004278441891074181,-0.0036537249106913805
0.051395442336797714,0.0005991433281451464
0.024016210809350014,0.0029102738481014967
0.1597174108028412,-0.0047559719532728195
-0.0018127489602193236,0.011384532786905766
0.006302912253886461,0.00429860083386302
0.007391031365841627,5.4483331041410565e-05
0.0023638843558728695,0.0032017789781093597
0.007080377079546452,0.003535192459821701
0.012560299597680569,0.0043262033723294735
0.008646109141409397,-0.0011966791935265064
0.0058312127366662025,0.002418753458186984
0.010647260583937168,0.10154818743467331
0.002793559804558754,-0.02384626865386963
0.0034239725209772587,0.02383998967707157
-0.0010387720540165901,0.006708495318889618
0.0031750458292663097,0.009175464510917664
0.0017385302344337106,0.007879626005887985
-0.0047911303117871284,-0.00044079963117837906
0.1340378075838089,0.00038616638630628586
0.019196679815649986,0.002836325205862522
0.002034025266766548,0.0008324443479068577
0.0002842075191438198,0.0034245369024574757
0.08218997716903687,-0.0001735124969854951
-8.132599759846926e-05,0.04715463146567345
0.01810227334499359,-0.0018438711995258927
0.009035558439791203,0.001954956678673625
0.006154302973300219,1.3192241567594465e-05
0.002569371834397316,-0.0003531654365360737
0.0026906761340796947,0.01346629299223423
0.0279440525919199,0.001563248340971768
-0.0005474399658851326,0.001488305744715035
-9.66670922935009e-05,-0.0005324747180566192
0.0008297173772007227,0.0044052512384951115
-0.0044315280392766,-0.007235669530928135
0.002557607600465417,0.0003132395213469863
-6.87380088493228e-05,0.0013505019014701247
0.005324332043528557,0.0004857773892581463
0.0015143508790060878,0.0013692756183445454
0.0031924305949360132,0.00018857070244848728
0.007304282858967781,-0.024378981441259384
0.005610985681414604,-0.008428037166595459
0.0019270271295681596,-0.00034752997453324497
0.0005286356899887323,0.0009790717158466578
0.0015277635538950562,0.018849223852157593
0.0029905724804848433,4.12574900110485e-06
-0.005349581129848957,0.01594960130751133
0.0025692202616482973,-0.0017309640534222126
0.23103494942188263,0.043187037110328674
0.00010489743726793677,0.009647877886891365
0.0019914740696549416,0.0063440012745559216
0.003081045113503933,0.006820062641054392
0.004268166609108448,0.02219504304230213
0.0006253935862332582,0.002534731524065137
0.020226605236530304,0.005011260509490967
0.0008809043210931122,0.0006980799953453243
0.01802883669734001,0.0027554419357329607
0.005233496893197298,0.005149107426404953
-0.0006383265135809779,0.003627205267548561
0.0037265513092279434,-0.00010843583731912076
0.0023914743214845657,0.0037693949416279793
0.006024588830769062,-0.0009227978880517185
0.001035490189678967,0.002401805017143488
0.004936462268233299,0.00022572126181330532
0.10010510683059692,-0.00525163859128952
0.009732206352055073,0.0013795406557619572
0.01234279666095972,0.004551649559289217
0.001880105584859848,0.061649102717638016
-0.06890231370925903,-0.06918590515851974
0.03187160938978195,0.0013514960883185267
-3.9665635995334014e-05,0.0005510128103196621
-0.0035259872674942017,-0.0033956507686525583
0.003960386384278536,0.00016997341299429536
0.0011554659577086568,0.07391227781772614
0.008994590491056442,0.021543871611356735
-0.006371862255036831,-0.007455294486135244
0.00010725650645326823,0.0005791328148916364
0.003713393583893776,0.006509140133857727
-0.003294828115031123,-0.001697687665000558
0.02783578261733055,-0.04139929264783859
0.00104801869019866,0.002648058580234647
-0.0330803357064724,-0.04488913342356682
0.004333867225795984,0.0005872286856174469
0.0010294131934642792,0.004440261051058769
0.0009533713455311954,0.0039476617239415646
0.0004000203334726393,0.008870460093021393
-0.009884227998554707,-0.007181120105087757
0.00028306228341534734,0.010006452910602093
-0.0002891994663514197,0.006927084177732468
0.00023953523486852646,0.0011206958442926407
0.0026422312948852777,-0.00061343505512923
0.04177218675613403,0.015716589987277985
0.0005653280531987548,0.00014749255205970258
-0.000148922365042381,-0.00030306397820822895
0.009020842611789703,0.007860049605369568
-8.205414633266628e-05,0.006067468784749508
0.00014519694377668202,0.0007684494485147297
-0.07206269353628159,-0.07372621446847916
0.04032779857516289,0.0005551811773329973
0.0022340435534715652,-0.00046263253898359835
0.020943675190210342,-0.004566837102174759
0.0003670650767162442,0.008931232616305351
0.005063825286924839,-0.0014397975755855441
0.004563258960843086,-0.002552152844145894
-0.002189642982557416,-0.0022809093352407217
0.0010592819890007377,0.0011800829088315368
0.054555755108594894,0.005611061118543148
0.0028022900223731995,0.0014841350493952632
0.014987013302743435,0.010938728228211403
-0.00043682847172021866,-0.0063340673223137856
0.009479891508817673,0.024766385555267334
0.011707413010299206,0.005477406084537506
0.0029637657571583986,-0.0004752730019390583
0.0004047430120408535,-0.0009607815300114453
0.010398692451417446,0.00045988301280885935
0.010873221792280674,0.000653783674351871
0.005619891919195652,0.00013362395111471415
0.005264587700366974,0.0004758668947033584
0.0010626772418618202,0.002579739550128579
0.011630548164248466,-0.0017573648365214467
0.01483982615172863,0.0008263617055490613
0.006432628259062767,0.017610538750886917
0.000925958389416337,0.001133656594902277
0.004978344310075045,0.00021292822202667594
0.058354057371616364,-0.0003606185782700777
0.0009533713455311954,0.0039476617239415646
0.004219116643071175,0.007824028842151165
0.0024811942130327225,-0.00017071298498194665
0.00028986670076847076,-0.001499506295658648
-0.001023456221446395,-0.001006431644782424
0.0023987554013729095,0.0009608871187083423
-0.0023205673787742853,0.003982784226536751
0.002245579846203327,0.0006298134103417397
6.0292939451755956e-05,0.021473128348588943
-0.062215905636548996,-0.06367723643779755
0.00013742789451498538,0.003314295783638954
0.0012392377248033881,-0.0007291791844181716
0.01491918507963419,0.003720354987308383
0.00847578514367342,0.009588437154889107
0.00396732660010457,0.005322586745023727
0.0008428414585068822,0.0005670919781550765
0.0005750979762524366,0.0014070298057049513
0.0030357595533132553,0.023314358666539192
0.012528724037110806,0.001234137685969472
0.0015104934573173523,-0.0016796787967905402
0.0045522782020270824,0.0007885467493906617
-0.00775392260402441,-0.006847599521279335
0.01931219920516014,0.09283699095249176
0.002402188489213586,0.0007461763452738523
-0.004130471032112837,-0.005377620458602905
0.005302090663462877,0.008131960406899452
0.025259975343942642,0.002903975313529372
0.0007712046499364078,0.0003860830911435187
0.01163722388446331,0.00038008386036381125
0.07569601386785507,0.0005925853038206697
0.004118569195270538,0.0009647030965425074
0.053732872009277344,0.0008925592992454767
0.00043488037772476673,0.00012043876631651074
0.017358893528580666,0.0007398854359053075
0.0039544557221233845,0.007986177690327168
-0.00016451533883810043,0.11072886735200882
-0.036538366228342056,-0.045829158276319504
0.006082469597458839,-0.016849320381879807
0.0013406118378043175,0.001787560060620308
0.019808277487754822,-0.00070957001298666
0.019025621935725212,-0.0029145334847271442
0.004776709247380495,0.0005454258061945438
0.0021471986547112465,0.002495479304343462
-0.000651608919724822,-0.0010923942318186164
0.003966354764997959,5.160400178283453e-05
0.000444961478933692,0.018920596688985825
0.0006243278039619327,0.0019011141266673803
0.000725468504242599,0.002291996730491519
0.035453975200653076,0.00938920583575964
0.003608488943427801,0.0006553475977852941
-0.010488549247384071,-0.03135358914732933
0.008132588118314743,0.010385305620729923
0.04793132096529007,0.0002646051871124655
0.0027375291101634502,0.0025639475788921118
0.010426359251141548,-0.00043824847671203315
0.003609672887250781,0.021123236045241356
-0.005349581129848957,0.01594960130751133
-0.0010613736230880022,0.015985669568181038
0.002934096846729517,0.001260617864318192
0.011178548447787762,0.0006245834520086646
-0.0006949814269319177,-0.0013077744515612721
0.0027718478813767433,0.015987081453204155
0.0005653982516378164,0.007787115406244993
-0.0001889178529381752,-0.0038925937842577696
0.0009276359342038631,0.0020095801446586847
0.0019161272794008255,9.66869993135333e-05
0.0027243569493293762,0.0020152132492512465
-0.029923221096396446,-0.034997712820768356
0.009307803586125374,0.01674889586865902
0.0004457295872271061,-0.0008705317741259933
-0.0006724813138134778,0.0009145545773208141
0.0003923834301531315,0.00934562087059021
0.04061136767268181,0.0009445216273888946
0.005269663408398628,0.004793999716639519
0.0032560438849031925,0.00014735248987562954
-0.0005077985115349293,-0.001072575687430799
0.0005518410471267998,0.005906468257308006
0.00095727713778615,-0.0017679303418844938
0.019136864691972733,0.004270946606993675
0.002487121382728219,0.01329840999096632
0.008287177421152592,-0.006910161580890417
0.015423594042658806,0.0003564067592378706
-0.009217824786901474,-0.011400661431252956
-0.0177574772387743,-0.018515726551413536
-0.0035226689651608467,-0.001950262114405632
-0.0034625802654772997,-0.002534151077270508
0.006489153020083904,-0.003279520897194743
0.0003489555383566767,0.0025118303019553423
0.001923446194268763,7.990178710315377e-05
0.17981025576591492,0.05595806613564491
-0.0047911303117871284,-0.00044079963117837906
0.0009196196915581822,0.009766913950443268
0.0013214827049523592,0.001448613591492176
-0.0028621824458241463,0.006021818611770868
0.004241056740283966,0.0008768871193751693
0.0051583778113126755,0.003691114252433181
0.010291198268532753,0.0012728595174849033
0.0032132978085428476,0.001461199950426817
0.0001743951579555869,0.0030074696987867355
0.0037869499064981937,0.0013515151804313064
0.002487121382728219,0.01329840999096632
0.0037906565703451633,0.0002117361727869138
-0.007136192172765732,0.004080905579030514
0.009252015501260757,0.007720908150076866
0.0012393845245242119,0.0002708288375288248
0.023623386397957802,-0.014505989849567413
0.004019504878669977,0.001120074070058763
0.004383952356874943,0.003492644988000393
0.001083242241293192,0.000789425743278116
0.004413788206875324,0.007894315756857395
0.0013902802020311356,-0.00035055881016887724
0.023864006623625755,-2.8733251383528113e-05
-0.0356912724673748,-0.03681227192282677
-0.00946081429719925,-0.016200585290789604
-0.027528617531061172,-0.024357613176107407
0.0006379714468494058,0.0007061397191137075
0.002425306010991335,0.021028602495789528
0.025628164410591125,-0.0011457630898803473
0.06048857048153877,-0.0016803322359919548
0.00038494844920933247,-8.653161785332486e-05
-0.0008885734714567661,0.006052193231880665
0.07351774722337723,-0.004968918859958649
-0.000263935886323452,-0.0013232153141871095
0.0009498583385720849,0.002451983978971839
0.0041460092179477215,8.585116302128881e-05
0.0012443613959476352,0.0010755222756415606
-0.00918586179614067,-0.039204392582178116
0.0047532967291772366,-0.00012186694948468357
0.00185287999920547,0.0016446416266262531
0.002487121382728219,0.01329840999096632
0.030134834349155426,0.023491818457841873
0.009293632581830025,0.0006518142763525248
-0.004496046341955662,-0.00422712741419673
-0.03737318515777588,-0.04205761477351189
0.000452088366728276,-9.408144978806376e-05
0.02649437077343464,0.005093702580779791
0.0001528396096546203,-5.861448880750686e-05
0.002454176777973771,0.005761817563325167
-0.0014482419937849045,-0.0042733121663331985
0.017196174710989,2.7964648324996233e-05
0.40318363904953003,-2.1806714357808232e-05
-0.029959509149193764,-0.03421180322766304
0.0022114550229161978,0.00044346379581838846
-0.018695173785090446,-0.01832144521176815
6.0684746131300926e-05,-0.0005915699293836951
-0.0001257733383681625,0.00011996709508821368
0.007720195688307285,0.002608370501548052
0.005662283394485712,0.006330007221549749
0.0030162630137056112,0.000481291557662189
0.031257715076208115,-0.00013253075303509831
0.004223610274493694,0.0064959339797496796
0.020834552124142647,0.0046758647076785564
0.006300124805420637,0.002347585279494524
0.0009921742603182793,-0.0061707040295004845
-0.00018874520901590586,0.004083964042365551
0.002674839925020933,0.012094033882021904
-0.0006144084618426859,0.0037637227214872837
0.1222720593214035,0.0005341689102351665
0.022989466786384583,0.02528744377195835
0.03955026715993881,0.04509549215435982
0.012197800911962986,0.000377085612853989
-0.026813704520463943,-0.029114942997694016
0.0021123914048075676,-0.001820441335439682
0.0278643686324358,2.226801007054746e-05
0.01275995559990406,-0.0012820812407881021
0.00022249876928981394,0.00016670489276293665
0.006052049808204174,0.0012229171115905046
0.003595453454181552,0.01773720607161522
0.011965335346758366,-0.0005482655251398683
-0.0016663703136146069,-0.002045353641733527
0.006308083422482014,0.03806290775537491
0.00935527216643095,-0.0018098382279276848
0.04983024671673775,0.058429766446352005
0.0022226942237466574,0.005652196705341339
-0.0006029803771525621,-2.9388407710939646e-05
0.007138480432331562,0.02363264560699463
0.007700416259467602,-0.00033186766086146235
0.002497326349839568,0.0046167862601578236
0.003074671607464552,0.014841395430266857
0.0001938141940627247,0.0002743832883425057
0.016192087903618813,0.00042966665932908654
0.005126345902681351,-0.0040873996913433075
0.0748322606086731,0.004887059796601534
-0.011765394359827042,-0.02077900990843773
0.0014240449527278543,0.0005291381385177374
0.007083685137331486,0.0009860479040071368
0.02033161371946335,-0.0038520321249961853
0.0006025745533406734,0.010114983655512333
0.0164029523730278,0.0008048583404161036
-0.04256051033735275,-0.004455726593732834
0.009600460529327393,0.00020239291188772768
0.002660798840224743,0.024564361199736595
0.01803489588201046,0.00015267507114913315
0.002004068810492754,0.0008752928697504103
0.002402034355327487,0.00036259216722100973
0.00016867226804606616,0.0028696830850094557
0.0011902505066245794,-0.00012286740820854902
0.00564619479700923,-3.732444019988179e-05
0.00034132672590203583,0.0002578930289018899
0.013013731688261032,0.04312000423669815
0.03537588566541672,0.0007029534899629653
-0.004596550017595291,-0.012002315372228622
0.0060984063893556595,-0.00018266943516209722
0.004152538720518351,0.012104826048016548
0.0021148330997675657,0.0027039640117436647
0.01328927930444479,0.002412910806015134
0.016321716830134392,-0.0009888500208035111
0.025184085592627525,0.011320944875478745
0.0018942714668810368,0.004976007621735334
0.0005791352596133947,0.005332950036972761
-0.0257160272449255,-0.024999480694532394
0.004961991682648659,-0.0001857102324720472
0.005017020273953676,0.0054667312651872635
0.005710856057703495,-0.00013962610682938248
-0.007437198888510466,0.0014416873455047607
0.0041120294481515884,-0.0026965616270899773
0.0022487954702228308,0.10908203572034836
0.009362678974866867,-0.004073355346918106
0.007803487591445446,-0.004814182873815298
5.516245437320322e-05,0.011937420815229416
0.01014481857419014,-0.0006426635081879795
0.005612977780401707,0.07112771272659302
0.003134462283924222,0.0013795406557619572
0.0035033728927373886,-0.002449324354529381
0.005651945248246193,0.006302957888692617
0.014175483956933022,0.007963333278894424
0.0008960109553299844,0.006350058596581221
0.01170026883482933,-0.00041688093915581703
0.0041205701418221,-0.00018929809448309243
0.0006057531572878361,0.0019092606380581856
0.006850623991340399,-0.0036528948694467545
0.003372419625520706,0.00044620278640650213
0.0007583941332995892,0.004875514190644026
0.006031928118318319,0.00829125102609396
0.05140291154384613,0.0161373782902956
0.0020984916482120752,0.002339462051168084
0.02428569458425045,-0.008624398149549961
-0.015274939127266407,-0.014805297367274761
-0.017186887562274933,-0.02328914776444435
0.03516731411218643,-0.01917886734008789
0.028732677921652794,0.001342176808975637
0.024095553904771805,0.00010949952411465347
-0.00045742501970380545,-0.0003209169954061508
0.001541032106615603,9.661378862801939e-05
0.001981783891096711,0.003713420359417796
0.0008440733072347939,0.0014716859441250563
0.016683345660567284,0.006430618464946747
0.0008534797816537321,0.006723972503095865
0.0064213392324745655,0.00343073601834476
0.0019700387492775917,0.0027810772880911827
0.0007150915334932506,0.005581391975283623
0.014603383839130402,0.025975164026021957
0.00402981648221612,0.002934593241661787
-0.0025276285596191883,-0.0031470798421651125
0.0004285901668481529,0.0006200993084348738
0.023374954238533974,-0.0012076806742697954
0.0022872930858284235,0.008032342419028282
-0.00793814193457365,-0.00850384309887886
0.003758626524358988,0.1072092354297638
0.057003822177648544,0.0015140159521251917
0.00801751296967268,-0.0010144442785531282
-0.00011926260776817799,0.00532294437289238
0.0005741339409723878,0.009414790198206902
0.0023987554013729095,0.0009608871187083423
0.004976166412234306,0.0072158570401370525
0.0002319922496099025,0.0006875286344438791
0.003566540777683258,-0.0018098382279276848
-0.00038418732583522797,0.0075262971222400665
0.09811180830001831,-0.0031800505239516497
0.03042260929942131,0.02824106439948082
0.0033470061607658863,0.04217059165239334
-0.0010856088483706117,0.014900908805429935
-0.00013377191498875618,-0.001809965935535729
0.0008959120605140924,0.003989343531429768
0.0016655554063618183,0.019032640382647514
0.004609983880072832,0.00010938962805084884
0.0049124835059046745,0.005668534431606531
-0.005877178627997637,-0.005410502199083567
0.04440240189433098,0.004845651797950268
0.013254265300929546,0.002751225372776389
-4.700927092926577e-05,0.0011768052354454994
-0.0022785922046750784,0.002300575841218233
0.000983523903414607,0.0008394835167564452
0.014921601861715317,-0.04620613902807236
0.015254456549882889,-7.799801824148744e-05
0.006835553795099258,0.0023218723945319653
0.014488887041807175,0.02598370984196663
0.0010830516694113612,0.0034351563081145287
0.0037432501558214426,0.005741534288972616
0.006732971873134375,0.0018147656228393316
0.001861515804193914,0.00013164684060029685
-0.04542398080229759,-0.04662982001900673
0.06867484748363495,-0.0031137699261307716
0.0027093742974102497,0.0012326716678217053
0.0007537055062130094,5.340449570212513e-05
0.002213511848822236,0.002149490872398019
-0.0012710028095170856,0.0013144721742719412
0.00631963973864913,6.880561704747379e-05
0.002325891749933362,0.0005806603003293276
0.15018993616104126,0.0028960013296455145
0.01098072063177824,-9.830408089328557e-05
0.0008944658329710364,0.09614696353673935
0.0025234699714928865,0.0039476617239415646
0.01469793263822794,0.0011222957400605083
-0.03750121220946312,-0.029402803629636765
0.0004887789255008101,0.0017575471429154277
0.06597791612148285,-0.008149961940944195
0.0013822102919220924,-0.000580444757360965
0.005175338592380285,-0.00011723372153937817
3.389260018593632e-05,0.0005842584068886936
0.002497326349839568,0.0046167862601578236
0.011585398577153683,-0.0006374357035383582
-0.07588878273963928,-0.10253472626209259
0.002866600640118122,0.0012294156476855278
0.0014240449527278543,0.00044606998562812805
0.026409348472952843,-0.001199847087264061
-0.0029050111770629883,0.008522026240825653
0.007303798571228981,-0.00023917594808153808
0.002497326349839568,0.0046167862601578236
0.0003993147984147072,-0.0013662956189364195
0.018910100683569908,-0.00018824407015927136
0.018181880936026573,0.0009352432680316269
-0.04089461266994476,-0.045173995196819305
-0.009663868695497513,0.05426067113876343
0.0016452063573524356,-0.0016171250026673079
0.003591760527342558,0.0024645233061164618
0.00015881465515121818,0.0012513227993622422
-0.0008145735482685268,0.0443136990070343
0.002716615330427885,0.0022362302988767624
-0.00136483833193779,0.01505571510642767
0.05677356943488121,0.0005365150282159448
0.0004957104683853686,0.00520982826128602
-0.009217824786901474,-0.011400661431252956
0.02307271957397461,-0.00177976512350142
0.004558568820357323,0.003481724299490452
0.002917674370110035,0.00022989546414464712
0.005188382230699062,0.003603830700740218
0.0018622234929352999,9.361191769130528e-05
-0.011456882581114769,-0.011662814766168594
-0.00244731642305851,0.04265011474490166
0.004272424150258303,-0.00017620643484406173
0.009527944959700108,0.00023878311912994832
0.026133470237255096,0.0017031071474775672
0.002501728944480419,-0.006670108065009117
0.0005727399839088321,0.2659890949726105
-0.00012135734868934378,0.010360119864344597
0.0007528651622124016,0.000645526044536382
0.0004458808689378202,0.009204979054629803
-0.000519723747856915,-0.0016198044177144766
0.001680021290667355,0.0017679560696706176
0.0008944658329710364,0.09614696353673935
-0.0191897451877594,-0.027979368343949318
0.02423129603266716,-0.0008400268852710724
0.005594995338469744,0.37474068999290466
0.0006075622513890266,0.0046929423697292805
0.004790925886482,0.004987583961337805
0.000651886744890362,0.001419674837961793
0.010284549556672573,-0.0006675750482827425
0.010013035498559475,5.714988219551742e-05
0.0008944658329710364,0.09614696353673935
0.0014019610825926065,0.00017348217079415917
-0.00018248462583869696,0.002083900850266218
-0.0007189289899542928,-0.0010112493764609098
-0.003404356073588133,0.012317782267928123
0.08946924656629562,0.04437091946601868
0.0002706031664274633,0.015345116145908833
0.0006328191375359893,0.03950236365199089
-0.018115639686584473,0.0037601105868816376
0.01696462742984295,0.00025061433552764356
-0.001069341436959803,0.020227864384651184
0.017925042659044266,0.00046795918024145067
0.0017000281950458884,0.0011139482958242297
0.0018161711050197482,0.003227176610380411
0.00015774928033351898,0.0002697785384953022
0.027923813089728355,-0.007536980323493481
0.003354917746037245,-0.0007300494471564889
0.0008927138987928629,0.00440569780766964
0.0004774258122779429,-0.0007486038957722485
0.20322605967521667,0.0003621803771238774
-0.00549689307808876,-0.009202288463711739
0.0010086132679134607,0.0044005997478961945
0.0031323516741394997,-0.0004469730192795396
-0.0005973021034151316,0.046588946133852005
0.008942022919654846,0.009399091824889183
-0.0013588654110208154,0.0005894328933209181
-9.468052303418517e-05,0.008243211545050144
0.000925958389416337,0.001133656594902277
0.001942673115991056,0.00163875927682966
0.003240987192839384,0.0006449572974815965
0.01385805569589138,0.00014379520143847913
0.014669264666736126,0.0025016607251018286
0.01190833281725645,0.005129128694534302
0.00033986661583185196,-0.0034285616129636765
0.00037759417318738997,0.014110060408711433
0.0035529015585780144,0.009757033549249172
0.011544836685061455,-0.015639115124940872
0.006562288384884596,-0.0030060114804655313
0.0008353606099262834,0.00038563471753150225
0.0045884218998253345,0.0013897657627239823
0.0004665256419684738,0.00027724442770704627
0.08642216771841049,0.009610943496227264
0.0043067652732133865,-0.00027367210714146495
-0.0014326674863696098,-0.011201341636478901
0.0002754686283878982,0.05336484685540199
0.004982444923371077,0.0012619215995073318
0.014200269244611263,0.011155917309224606
0.0036338926292955875,0.0007734704995527864
0.03187160938978195,0.0013514960883185267
0.011018902063369751,0.0006278589135035872
0.0013319212011992931,0.0011116288369521499
0.0006625810638070107,0.0004490994615480304
0.0009260077495127916,-0.0009154077852144837
0.0165129192173481,-0.0166376531124115
0.00011349051783327013,0.009825724177062511
-0.004183086100965738,0.00035319291055202484
0.004574364982545376,6.522501644212753e-05
0.0057963356375694275,0.0006228565471246839
0.0004333461110945791,0.004254241473972797
0.00013086144463159144,0.002147587249055505
0.0032038565259426832,-2.585380570963025e-05
-0.00010438513709232211,-0.000729322899132967
-0.0007190778851509094,-0.007787555456161499
0.00022233981871977448,0.015539735555648804
0.017829962074756622,0.0020883500110358
0.00012868002522736788,0.022754648700356483
0.0019958452321588993,0.0013318879064172506
-0.0022092170547693968,0.008734278380870819
0.0006212888984009624,0.002018734347075224
0.02669769711792469,0.0017185973701998591
-7.031252607703209e-06,-0.00117386260535568
-0.0015892339870333672,0.020653676241636276
0.012233094312250614,0.0003551757545210421
0.02544223703444004,0.0008800394716672599
-0.0009221293148584664,-0.001462440355680883
0.006538205314427614,-0.001245205057784915
0.00029086199356243014,0.00015386880841106176
0.03187160938978195,0.0013514960883185267
-0.0017564892768859863,0.00014829449355602264
0.0009652507142163813,0.0024475709069520235
0.0009936634451150894,0.0016678485553711653
0.00020523671992123127,0.0052149309776723385
0.09879627823829651,0.00017761702474672347
0.08140535652637482,0.0008413678151555359
0.006288836244493723,-0.005271469708532095
-0.0015207657124847174,-0.0027414043433964252
0.2250700742006302,-0.001048545353114605
0.027212003245949745,0.0003796386590693146
0.0005903837736696005,-0.0008457180229015648
0.005049000959843397,-0.001001823926344514
0.013588985428214073,0.01324777863919735
0.0012112822150811553,0.0043905614875257015
-1.300009898841381e-06,-0.0013750861398875713
0.001687070936895907,0.00492263725027442
0.011078893207013607,-0.0009343497804366052
-0.007621980272233486,-0.012682379223406315
0.00048866868019104,-5.508863250724971e-05
0.004019504878669977,0.001120074070058763
0.11275630444288254,0.0016151689924299717
0.013110531494021416,0.010905957780778408
0.003073784988373518,0.0005206268397159874
0.048911694437265396,0.0013098764466121793
0.11595138162374496,0.0011072662891820073
0.010040930472314358,-0.000837766274344176
-0.007940875366330147,-0.01785304769873619
0.00044598800013773143,0.004254198633134365
0.0011767316609621048,0.0023345714434981346
-0.17891043424606323,-0.17808261513710022
0.0016869440441951156,0.03210259601473808
0.011779467575252056,-0.0005396637134253979
0.02502882480621338,-0.0046484218910336494
8.91619420144707e-05,-0.00015458022244274616
-0.0002859891392290592,0.01330147497355938
0.0005523986183106899,0.01838269643485546
0.008870260789990425,-0.0005552538204938173
0.0005045668222010136,-0.0037511615082621574
0.0009871505899354815,0.015074889175593853
-0.00021812226623296738,-0.00226592062972486
-0.002769531449303031,0.0019801182206720114
0.006531527265906334,0.006074258126318455
-0.00022988743148744106,-8.433079347014427e-05
-0.0035226689651608467,-0.001950262114405632
0.00021826796000823379,0.0042274631559848785
0.006991053465753794,0.0011366234393790364
0.00045098544796928763,0.0006059377337805927
-0.014520782977342606,-0.015986651182174683
0.0004002228088211268,0.0009754656930454075
-0.013041396625339985,-0.015656812116503716
0.00026552798226475716,-8.890751632861793e-05
0.0016632917104288936,0.0004631456104107201
0.0069975657388567924,0.006238191854208708
-0.00827978178858757,-0.009796545840799809
0.07652153074741364,0.00014320835180114955
0.005929260514676571,0.00014463768457062542
0.02303086221218109,0.004465882200747728
-0.010055558755993843,-0.028815826401114464
-0.00017322490748483688,-0.0002206417266279459
-0.0014540657866746187,0.0019638945814222097
-0.01556336972862482,-0.023940423503518105
0.0008236882276833057,-0.003013181034475565
-0.03737318515777588,-0.04205761477351189
0.031494613736867905,-0.0008747204556129873
0.0010079321218654513,0.020840918645262718
0.011640701442956924,4.466355312615633e-05
0.01209170650690794,0.005952897481620312
0.0020649454090744257,0.0008560479618608952
0.003821516875177622,-0.005629521328955889
0.0017923094565048814,0.0009113819105550647
-0.00030106311896815896,0.011019909754395485
-0.017937861382961273,-0.023419899865984917
-0.0006949814269319177,-0.0013077744515612721
0.04563101753592491,0.03307187184691429
-0.00010214494977844879,0.012598995119333267
0.012420953251421452,-0.00012081576278433204
0.0052413009107112885,0.00883856788277626
0.006479038391262293,0.03316105902194977
0.004934795666486025,-0.00032825645757839084
0.13245877623558044,-0.005755839869379997
0.0007502055959776044,0.005873403046280146
0.016673218458890915,0.0029164368752390146
0.01177824754267931,-0.001953733619302511
0.0003240210935473442,-0.0026965616270899773
0.00026822061045095325,0.0034890109673142433
0.0039023072458803654,0.0009759374661371112
0.018112406134605408,-0.005341413430869579
4.3950858525931835e-05,0.003592497669160366
0.0071572777815163136,-0.0011324024526402354
-0.06899898499250412,-0.058652833104133606
0.0075382050126791,-0.0062521956861019135
-0.18224094808101654,-0.18335029482841492
0.011779467575252056,-0.0005396637134253979
0.004939688369631767,0.0014667647192254663
-0.006037517916411161,-0.009220363572239876
0.005259223747998476,0.017105422914028168
0.0001001963100861758,0.010984187945723534
0.002544982358813286,0.0011758634354919195
-0.002782289870083332,0.027210472151637077
0.0033558132126927376,0.0007412334671244025
0.002702779369428754,-0.0008252980769611895
0.0010592819890007377,0.0011800829088315368
0.013278149999678135,0.007324545178562403
0.007936825975775719,0.00341280410066247
0.0003349189064465463,0.00858983863145113
0.0005756748141720891,-0.0005935141234658659
0.00012554375280160457,0.04393585026264191
0.008175752125680447,0.007940790615975857
0.0022941860370337963,0.0003655458567664027
0.005912293680012226,0.0008564817835576832
0.0015926742926239967,0.002209009835496545
0.004096352029591799,0.005690509453415871
0.014887711964547634,0.00018021606956608593
0.0010822912445291877,6.120284524513409e-05
0.006892056670039892,0.003112345701083541
-0.004766874946653843,-0.005494444631040096
0.00737333670258522,-2.8311624191701412e-06
0.07790876179933548,0.003815598785877228
0.0009243774693459272,0.0006270721787586808
0.0003764325228985399,0.0004399720928631723
0.0018052516970783472,0.0009317605290561914
-0.01905639097094536,-0.017694709822535515
0.0017290146788582206,0.045817840844392776
0.006232683081179857,0.0007663763826712966
0.004435716662555933,0.006162628531455994
0.025184085592627525,0.011320944875478745
0.0004814117855858058,0.007836763747036457
0.002373760100454092,0.000908207381144166
0.026912640780210495,-3.6154357076156884e-05
0.0013965376419946551,6.642157677561045e-05
0.009677954949438572,0.004172516521066427
0.03766997531056404,0.0021179472096264362
0.01581026054918766,0.00045541409053839743
-0.03196141868829727,-0.0322166383266449
0.023948239162564278,0.004855918698012829
-0.041796013712882996,-0.036000896245241165
-0.08549627661705017,-0.0699332132935524
-0.011307967826724052,-0.011604770086705685
-0.004082933999598026,-0.0070816767401993275
0.0014799681957811117,0.08054441958665848
0.0010484301019459963,0.03407377749681473
0.018964622169733047,0.0037709111347794533
0.01867547444999218,0.0003155571175739169
0.0075188069604337215,0.029885994270443916
0.004221120849251747,0.02050747536122799
-0.0017188196070492268,-0.007213233038783073
0.0016455315053462982,0.0040278653614223
0.0011583867017179728,-0.00011175706458743662
0.003527869936078787,-0.0018425784073770046
-0.00024031481007114053,0.0005406375858001411
0.0005253323470242321,0.00017273830599151552
0.0005289206746965647,0.0006633811863139272
-0.001092490623705089,-0.0018683337839320302
0.009244473651051521,0.0005741508211940527
0.0006510820239782333,0.0066036563366651535
-0.001621042494662106,-0.0014722896739840508
-0.04215335473418236,0.017291709780693054
0.0068201832473278046,0.0011571722570806742
0.007296561263501644,-0.0006974006537348032
8.191820234060287e-05,0.004296800121665001
-0.0006993100978434086,0.00035364239010959864
0.0010725179454311728,0.004181545693427324
0.0002551275538280606,0.001947872107848525
-0.015009131282567978,-0.016679830849170685
0.000197539571672678,0.027078252285718918
0.01281599048525095,0.04098185896873474
0.005843042396008968,0.00015490877558477223
0.003081045113503933,0.0012319970410317183
0.001757117104716599,0.0016266353195533156
0.004936462268233299,0.00022572126181330532
0.006499432027339935,0.0009073556866496801
0.014346678741276264,0.007423396222293377
0.011959463357925415,0.001795595046132803
0.01828640140593052,0.0010459672193974257
0.008128378540277481,0.00867274310439825
0.007361806463450193,0.045652586966753006
0.017722124233841896,0.0011534119257703424
0.0933016762137413,0.01924930512905121
0.0015639314660802484,-0.0008638104191049933
0.0002906068693846464,0.02253195270895958
0.013787339441478252,0.0005913970526307821
0.0035162775311619043,-0.0001628758618608117
0.004816998261958361,0.03420301526784897
0.0054374453611671925,0.0014259498566389084
0.0034768194891512394,0.009324944578111172
0.011404184624552727,0.001221406040713191
0.0005623487522825599,0.005125195253640413
0.000617673562373966,0.0005529197514988482
0.004776709247380495,0.0005454258061945438
0.006006980314850807,0.0014839810319244862
0.004415247589349747,-0.0012700879015028477
0.0009731050813570619,0.0007696119137108326
0.000915290554985404,-6.395237141987309e-05
-9.223236702382565e-05,-0.0014131047064438462
0.031485121697187424,0.00042505795136094093
0.0061126938089728355,0.0009583815117366612
-0.004709557630121708,-0.007241943851113319
0.0006387262837961316,0.03555641695857048
-5.63283683732152e-05,-0.0003639708738774061
0.006644840352237225,0.006622353568673134
-0.013338884338736534,-0.015312912873923779
0.007107383105903864,6.475442933151498e-05
0.0048078736290335655,-0.0002103883307427168
-3.71014466509223e-05,-0.0012898498680442572
0.004475857131183147,0.0005194745026528835
0.029950417578220367,0.0007060005445964634
-0.004949611611664295,-0.006565675605088472
0.01112861093133688,0.2258358895778656
-0.0070314607582986355,0.009676522575318813
0.00030629365937784314,0.0003234654723200947
0.008761215023696423,-7.741310400888324e-05
0.002223135670647025,0.011944504454731941
-0.001370929880067706,0.006499758921563625
0.0036643301136791706,0.0020259576849639416
0.0054750507697463036,0.003082089824602008
5.88797265663743e-05,-0.0001878624316304922
0.018417632207274437,0.0009626178652979434
0.005202539265155792,-0.0005652178078889847
-0.0008926954469643533,0.006443042308092117
-0.00661164615303278,-0.008672021329402924
0.0024311125744134188,0.00037537870230153203
0.01426106970757246,-0.0007276521064341068
0.0022340435534715652,-0.00046263253898359835
0.1033291444182396,0.0041825114749372005
0.0007579667726531625,0.004021377302706242
0.0020569616463035345,0.0034968957770615816
0.0038048040587455034,-0.00160060019697994
0.00030849670292809606,-1.6161066014319658e-05
0.012470494955778122,0.0067474115639925
0.003163954708725214,0.004097249358892441
0.017457270994782448,0.005819232203066349
0.003599681658670306,0.0033499549608677626
2.3267522919923067e-05,0.0009472266538068652
0.0016244857106357813,0.033055830746889114
0.04357241466641426,0.001354792038910091
0.001089761033654213,0.0034203340765088797
0.0004774258122779429,-0.0007486038957722485
0.01752329245209694,0.005741063505411148
0.002402188489213586,0.0007461763452738523
0.4342302083969116,0.05078316479921341
0.002656076569110155,0.013497420586645603
3.491929965093732e-05,0.013719098642468452
-0.0017500160029157996,-0.0017866718117147684
0.009059678763151169,0.0006284303963184357
0.004218582063913345,0.0009949456434696913
0.0012916451087221503,0.0007301557343453169
0.013462590985000134,0.0003979837929364294
-0.02558126486837864,-0.0157405287027359
0.01872975379228592,0.010687306523323059
-0.07515805214643478,-0.06255108118057251
0.00283640343695879,-0.002756189787760377
0.028376363217830658,0.0005150156794115901
0.014501990750432014,-0.01403526309877634
0.008735845796763897,0.0013263039290904999
0.006432628259062767,0.017610538750886917
0.001083242241293192,0.000789425743278116
0.0005421522655524313,0.0007300306460820138
0.021164847537875175,0.003578145755454898
0.3046492338180542,0.014757773838937283
0.024493061006069183,0.003336623078212142
0.03278767317533493,-0.005324130412191153
-0.0012409794144332409,0.005639166571199894
0.0013348973589017987,0.11537337303161621
0.0006504245102405548,0.0010072733275592327
0.0029736992437392473,0.052261289209127426
0.0030569927766919136,-0.0010372409597039223
0.010078126564621925,-0.000658305361866951
-0.01472113560885191,0.04145500808954239
0.002207474783062935,-0.00062958849593997
0.006093228701502085,-7.439118053298444e-05
-0.0047911303117871284,-0.00044079963117837906
0.0012801134726032615,0.0007393363048322499
0.0024853802751749754,0.00029489584267139435
0.015360399149358273,0.0014758086763322353
0.0023846393451094627,0.0007796480786055326
0.0016365060582756996,0.00013714941451326013
0.001310882973484695,0.007298309821635485
0.004906578920781612,0.09547530114650726
0.016849039122462273,0.0017032047035172582
-0.001035427558235824,0.0035144935827702284
0.0006973120616748929,-5.994818639010191e-05
0.0006251824088394642,0.008043304085731506
0.019758302718400955,-0.007298517040908337
0.011322161182761192,-0.0028450842946767807
0.1801055520772934,0.004239792004227638
0.0029690961819142103,-0.00015792576596140862
0.07730203121900558,-0.005124812480062246
-0.007950511761009693,-0.012803100980818272
0.016778375953435898,-0.0013011638075113297
0.003457074984908104,0.0014205285115167499
0.0035653235390782356,-0.0013188577722758055
0.02739233896136284,0.28774717450141907
0.020617902278900146,-0.02852075733244419
-0.052807822823524475,-0.0520000234246254
0.0021719406358897686,0.0002961503923870623
0.02523856796324253,0.014648210257291794
0.0031472877599298954,-0.004355191253125668
0.04157776013016701,-0.006641452666372061
0.0021674695890396833,-8.717271703062579e-05
0.015063341706991196,-8.521278505213559e-05
0.039494965225458145,0.0014935110229998827
-0.014478320255875587,-0.016313748434185982
0.0025393308605998755,0.019344359636306763
-5.928974132984877e-06,0.01503705233335495
-0.00015801499830558896,-0.0007064304081723094
-0.004936051554977894,-0.007622934877872467
0.018964622169733047,0.0037709111347794533
0.002155501628294587,0.0007963377283886075
0.0042800018563866615,0.0005064813303761184
-0.04131685197353363,-0.01222185418009758
0.07514860481023788,6.0484278947114944e-05
0.0021908499766141176,0.003181915497407317
0.01918584294617176,0.02373005636036396
0.004065381363034248,-0.0009491461096331477
-0.004308981355279684,-0.007790155243128538
0.0017145880265161395,0.0033572367392480373
0.0009815931553021073,0.006288882810622454
0.002634601201862097,-1.529291330371052e-05
0.013132845051586628,0.0024731867015361786
-5.98988845013082e-05,0.001324632903560996
0.00022002789773978293,0.004909129347652197
0.03808430954813957,-0.0010481498902663589
0.012394786812365055,0.0012375098885968328
0.004444917663931847,0.002236511092633009
0.013363155536353588,0.009415079839527607
0.001980281202122569,-0.0010563270188868046
-0.00018451700452715158,0.025239739567041397
0.0012937081046402454,0.0028993182349950075
0.004776709247380495,0.0005454258061945438
0.0012217353796586394,0.00024615618167445064
0.005930459592491388,-0.0014950038166716695
0.007375842891633511,0.00019312537915538996
0.01875297725200653,0.12153840065002441
0.01549298781901598,-0.001471756026148796
0.00317236315459013,-0.0027550985105335712
0.0057230074889957905,0.0010172799229621887
-0.004522594623267651,-0.005274779628962278
0.01902148872613907,0.0023380473721772432
0.0004754494584631175,0.0074696410447359085
0.004797793459147215,-0.00021539611043408513
-0.004877097904682159,0.02866288833320141
-0.007517634425312281,0.010051663033664227
-0.02850886806845665,-0.03025066666305065
0.0011163809103891253,0.01140683889389038
-0.0016734374221414328,-0.002847920870408416
0.000797359854914248,0.022605976089835167
0.0061251153238117695,0.042055558413267136
-0.0011351052671670914,-0.0007953455206006765
0.0038713200483471155,0.010502326302230358
0.0011432560859248042,-0.00043824847671203315
0.030879752710461617,-0.0020211730152368546
0.005054554436355829,0.0008032857440412045
0.000862110813613981,0.007710499223321676
0.046983350068330765,-0.004195177461951971
0.01221733633428812,-0.00023633288219571114
0.020985061302781105,0.005724849179387093
0.052747417241334915,-0.005923510529100895
0.00877492967993021,0.024447206407785416
0.025037307292222977,-0.019847530871629715
0.0008021318935789168,0.003386074211448431
0.0019791123922914267,0.0005832926835864782
0.002402188489213586,0.0007461763452738523
0.001973323058336973,0.0012559358729049563
-0.0002983922604471445,0.001640318427234888
0.024493061006069183,0.003336623078212142
0.0011880912352353334,0.0033680167980492115
0.023333389312028885,-0.001420734915882349
0.005259223747998476,0.017105422914028168
0.00028941917116753757,0.004333148244768381
0.003300213487818837,0.00021005119197070599
0.0036527852062135935,0.0016636860091239214
0.017525814473628998,3.533680865075439e-05
-0.018780965358018875,-0.013617973774671555
0.002934096846729517,0.001260617864318192
0.002799237845465541,-0.00041452969890087843
0.008592057973146439,0.004794801119714975
0.004821730311959982,-0.0032005785033106804
0.00014703150372952223,0.0004350519157014787
-0.002046197885647416,-0.0013879388570785522
0.006496898364275694,0.01032812800258398
0.00022863168851472437,0.0020438735373318195
0.0733778104186058,0.000601495208684355
0.00010494678281247616,-0.0010559940710663795
0.003257937729358673,-0.005611334927380085
0.0014043496921658516,0.016742099076509476
0.005268435459583998,0.004563373513519764
0.0010445802472531796,0.0006787488237023354
-0.11472523957490921,-0.14195725321769714
0.02252865396440029,8.206046186387539e-05
-1.6151738236658275e-05,0.0029368470422923565
0.002402188489213586,0.0007461763452738523
0.07190877199172974,0.0005365150282159448
0.002326764864847064,0.0003336028312332928
0.0051122186705470085,0.006006172858178616
0.001032334635965526,0.04182790219783783
0.004916848614811897,0.00031672290060669184
0.0025120535865426064,0.11258891969919205
0.00213608518242836,0.02514800615608692
-0.0020098979584872723,0.09732654690742493
0.0019276314415037632,0.002175245201215148
0.0010931834112852812,0.00014865072444081306
0.007434152532368898,0.009585675783455372
0.015754451975226402,0.003604574128985405
0.0015744185075163841,0.0005062856362201273
0.002461805706843734,0.04987824708223343
0.0030386713333427906,0.01731793023645878
0.0005350104183889925,0.008782566525042057
0.004936462268233299,0.00022572126181330532
0.005540387239307165,0.012245618738234043
0.0029459854122251272,0.046527761965990067
0.00040453439578413963,-0.0017749348189681768
0.004851152189075947,-0.0008015244966372848
0.01191720925271511,0.005945487413555384
0.0015559124294668436,0.0022233787458389997
0.0038441410288214684,0.0013969411375001073
0.0060259755700826645,0.006568186916410923
-0.014272091910243034,-0.02178790047764778
-0.001108595635741949,-0.00498324166983366
0.012688758783042431,-0.0007060414063744247
0.0014099922263994813,0.0023263334296643734
-0.0042900824919342995,0.02890126220881939
0.02031468041241169,0.014646989293396473
0.0008596577099524438,0.014547265134751797
0.017670266330242157,0.0049870312213897705
0.015321224927902222,0.010415593162178993
0.00261628907173872,9.124559437623248e-05
0.000644975109025836,0.05220620706677437
0.02950870618224144,-0.005059842020273209
0.003118895459920168,0.002301896456629038
0.0045025646686553955,0.00677298940718174
0.004102930426597595,0.0017295347061008215
0.0045884218998253345,0.0013897657627239823
9.215150203090161e-05,0.000264593749307096
0.007270441856235266,-0.0004364268097560853
0.2544294595718384,0.006422427482903004
0.028196733444929123,0.003353793639689684
-0.02850886806845665,-0.03025066666305065
0.018346937373280525,0.0005277585587464273
-0.006682123057544231,-0.007893451489508152
0.0018836542731150985,0.0019646338187158108
0.00016231578774750233,0.002384602790698409
-0.022265028208494186,-0.036069225519895554
0.009744159877300262,0.006319711916148663
-0.0043244631960988045,-0.004582682624459267
0.0051903813146054745,-0.0002723457582760602
0.002109048655256629,0.0007224998553283513
0.004198551643639803,0.00012547621736302972
0.04037277400493622,0.007890012115240097
0.02314591407775879,-0.0020600990392267704
0.015420087613165379,0.05217433720827103
0.00112164078745991,0.0038525527343153954
0.03584115579724312,0.0006568544777110219
0.01333873625844717,9.150673577096313e-05
-0.0023916284553706646,-0.000864176545292139
-0.05542035400867462,-0.03623506426811218
0.0045765843242406845,0.057340774685144424
0.0026238730642944574,0.00038705504266545177
0.001491487491875887,0.002081740414723754
0.0002542170404922217,1.2304008123464882e-05
0.002767288824543357,0.0012579155154526234
0.000250691722612828,-2.718075120355934e-05
0.02470356784760952,0.008644510060548782
-0.03737318515777588,-0.04205761477351189
-0.0027643670327961445,-0.002748416271060705
-0.006371862255036831,-0.007455294486135244
0.04384990036487579,0.002005597809329629
-0.032807424664497375,-0.04344054311513901
-5.961715942248702e-05,0.0021001133136451244
-0.03737318515777588,-0.04205761477351189
0.14038434624671936,-0.004466786049306393
0.004459513816982508,0.00021076173288747668
0.008535078726708889,0.008267567493021488
0.005553972441703081,0.00046080679749138653
0.0005906064761802554,0.007237304002046585
0.013509145006537437,0.000957778946030885
0.002781809540465474,0.00172087037935853
0.0007734294049441814,0.008094551973044872
0.021594904363155365,-0.0008416543714702129
0.011322161182761192,-0.0028450842946767807
-9.472545934841037e-05,0.001531914807856083
0.0017056866781786084,0.005161666311323643
0.011236348189413548,-0.0020179273560643196
0.001704166759736836,3.8758356822654605e-05
0.0107583524659276,0.004501143004745245
0.0004363373445812613,0.016665833070874214
-0.003985612653195858,-0.006246078293770552
0.00349890673533082,-0.00033569036168046296
0.004721156321465969,-0.00015574204735457897
0.03554137423634529,0.0032857514452189207
0.0107583524659276,0.004501143004745245
0.0020549283362925053,0.0001327560021309182
0.007762112654745579,0.002863110275939107
0.004936829209327698,-0.0007266663596965373
0.021490495651960373,-0.005324130412191153
-0.00567752867937088,-0.006515003275126219
-0.0008429104927927256,-0.0038215601816773415
0.08898299932479858,0.15092472732067108
0.00159794045612216,0.03585570305585861
0.0008920731488615274,0.0022170748561620712
0.0050089722499251366,0.000671618152409792
0.002402188489213586,0.0007461763452738523
-0.0025276285596191883,-0.0031470798421651125
-4.220992559567094e-05,-3.720895620062947e-05
0.0031277290545403957,0.0005628499784506857
0.006223106291145086,0.005153023637831211
0.0012004029704257846,0.00026925757993012667
0.01270290371030569,0.0014083173591643572
0.0009295280906371772,0.004909323062747717
0.0028491602279245853,0.017499463632702827
0.0072270589880645275,0.006229201797395945
0.0024840047117322683,0.015537512488663197
0.022953907027840614,0.0009689659345895052
0.0010583753464743495,0.03019869327545166
0.005324332043528557,0.0004857773892581463
0.0019276314415037632,0.002175245201215148
-0.005257278680801392,-0.006012963131070137
0.0013631314504891634,0.000556881248485297
-0.005150045268237591,0.24483512341976166
0.0002447881270200014,-0.0006724703125655651
0.0037377853877842426,0.00864914245903492
0.04201556742191315,8.05800300440751e-05
0.006924775429069996,-0.0002723643556237221
-0.014272225089371204,-0.017654601484537125
0.0003936139983125031,0.0011105379089713097
-0.0989113301038742,-0.14903660118579865
0.00888127088546753,0.00163278728723526
0.0020477038342505693,0.008896583691239357
0.045571550726890564,0.021926604211330414
-0.0006953376578167081,0.0073530226945877075
0.0003757053054869175,0.009693444706499577
0.05672498419880867,0.0008417369099333882
0.017163177952170372,0.0008748560212552547
0.024053843691945076,5.6035059969872236e-05
0.002970087807625532,0.000137486174935475
0.0006520961760543287,0.0042138914577662945
0.0042502544820308685,-0.010333899408578873
0.002944571664556861,0.0009939320152625442
0.007070633582770824,-0.002234824001789093
0.0014530005864799023,0.0018333401530981064
0.0016482931096106768,-0.00010332907550036907
0.008430661633610725,0.0002070045447908342
0.006490714382380247,-0.0052352058701217175
0.003873575944453478,-0.0009415289387106895
0.01184768881648779,0.0031096080783754587
0.06903408467769623,0.028046052902936935
0.008605998009443283,0.0066388510167598724
0.00020162668079137802,-0.0020493092015385628
0.004816403612494469,0.005023982375860214
0.027133237570524216,0.001917827408760786
0.0024889118503779173,0.0011613547103479505
0.259593665599823,-0.004965219181030989
0.01449072640389204,0.0006118103628978133
0.004975426476448774,0.0018069554353132844
0.006559267640113831,0.0035455087199807167
-0.00028550438582897186,-0.0034043919295072556
0.00041304249316453934,0.0034153247252106667
0.0015496229752898216,-0.0012568082893267274
0.005059102084487677,0.001759052975103259
0.0043093194253742695,0.0037871808744966984
0.03995196893811226,0.01501545775681734
0.0011971080675721169,0.0006526341894641519
0.007025944069027901,-0.0007898645126260817
-0.01035158708691597,-0.011567135341465473
-0.003689614124596119,0.013656807132065296
0.0003421918081585318,0.001199312275275588
0.000929724657908082,0.0034286687150597572
0.007313946727663279,0.03743698447942734
-0.003330867039039731,0.0016345679759979248
-6.21018698439002e-05,-0.0010471291607245803
0.005358549766242504,0.010462385602295399
0.03174583613872528,-0.0005134232924319804
0.12351540476083755,2.2239837562665343e-05
-0.0011235077399760485,0.03687037527561188
0.0008598283748142421,2.3757202143315226e-06
0.012901735492050648,0.09603296965360641
-0.00038428069092333317,0.0007992143509909511
0.0008230351377278566,0.0021387143060564995
0.027779433876276016,0.00047749094665050507
0.0005591963417828083,0.000296394428005442
0.015370250679552555,0.00044014639570377767
0.00027471332577988505,1.2678887287620455e-05
0.002579199615865946,0.0015657892217859626
0.007927773520350456,0.00013315555406734347
0.0001302011078223586,0.00019607007561717182
0.0026261811144649982,0.00010449610999785364
0.0015885804314166307,-0.0006678575882688165
0.0033927285112440586,0.0005579150747507811
0.00131762376986444,0.0001535917544970289
0.0027440953999757767,-0.0002616630226839334
0.003254656447097659,0.0011614739196375012
-0.0118947084993124,-0.01997152343392372
0.0016734577948227525,0.004307112190872431
0.011052051559090614,0.02695859782397747
-0.000396468210965395,0.001557609299197793
0.0044224439188838005,0.0010158129734918475
0.0019595306366682053,-0.0001784593623597175
0.0013635804643854499,0.011323723942041397
0.017488157376646996,0.0033430003095418215
0.00011431018356233835,-0.0007182199042290449
-7.496992475353181e-05,0.00875806249678135
-0.01032322458922863,-0.006967014633119106
-0.001659531146287918,-0.0014329091645777225
0.001703066984191537,-0.00019461673218756914
0.00085105886682868,0.00039844686398282647
0.0007735324325039983,0.0009380564442835748
0.0021860161796212196,-0.003655188949778676
0.0009829811751842499,-0.006350594572722912
0.08290059864521027,-0.0008967395406216383
0.012202037498354912,0.0004762831667903811
-0.018001139163970947,-0.016980573534965515
0.0012335467617958784,0.0015428428305312991
0.030825279653072357,0.00017038598889485002
0.002237265696749091,0.0010609604651108384
0.0025666917208582163,0.0017147227190434933
0.0018626815872266889,8.954753866419196e-06
-0.007621980272233486,-0.012682379223406315
0.004836473613977432,-0.00415442232042551
0.017392626032233238,0.013312432914972305
0.0018837277311831713,0.006636362988501787
0.006450985558331013,-0.00291468296200037
0.0036332805175334215,0.005274093244224787
0.00013725706958211958,0.006986296270042658
0.0007292611990123987,0.0016116730403155088
0.0010656206868588924,-0.0017029433511197567
0.023162666708230972,7.255395757965744e-05
0.007251792587339878,0.03843020647764206
0.024316934868693352,0.005909380968660116
-0.0045687370002269745,-0.00443255202844739
-0.016852276399731636,-0.02155686728656292
0.005279042292386293,0.005516815930604935
0.018389781937003136,0.0002973476657643914
-0.006324129179120064,-0.007369446102529764
-0.005057964473962784,0.007292712107300758
0.0030591462273150682,-0.0005385861732065678
0.002274302998557687,0.003059104550629854
0.0028332776855677366,0.05591767281293869
0.0015758606605231762,-0.00011446575808804482
0.0009144092909991741,0.02141503430902958
0.004667151719331741,0.0008136688265949488
-0.0019031558185815811,-0.005159683525562286
-0.026963192969560623,-0.017517264932394028
0.017114711925387383,0.04583515226840973
0.015684502199292183,-0.0002124595921486616
0.00046851264778524637,0.0014678040752187371
0.0033988929353654385,0.009500149637460709
0.003354917746037245,-0.0007300494471564889
0.005507100373506546,0.010030139237642288
0.06238485872745514,0.00232471851631999
-0.10369465500116348,-0.10942896455526352
0.0019114587921649218,0.00087965332204476
0.015091562643647194,0.0007825769716873765
0.0016079740598797798,0.00037317335954867303
0.004238666035234928,0.0008623388130217791
0.0113636814057827,0.0018293537432327867
0.02470356784760952,0.008644510060548782
0.0036310937721282244,0.0005545135936699808
0.2060324251651764,0.0009167534299194813
0.01349269226193428,-0.024958716705441475
0.01915525458753109,-6.216891051735729e-05
0.002635809127241373,0.01968896947801113
0.002091530943289399,0.0013711159117519855
-0.016756249591708183,-0.01748034358024597
0.0009652507142163813,0.0024475709069520235
0.0007199370302259922,-0.0024914853274822235
0.0048744408413767815,0.006140188314020634
0.0073618413880467415,0.0013940436765551567
0.004033497069031,-0.0011460515670478344
0.011414019390940666,-0.0008810382569208741
0.0003182371729053557,0.0028509304393082857
-0.0066625322215259075,0.0028763199225068092
0.0029036852065473795,-1.3999699149280787e-05
0.016346048563718796,-0.000518644112162292
-0.004553280770778656,-0.02014368399977684
-0.0013708994956687093,-0.0008873722399584949
-0.00928215216845274,-0.00039964262396097183
0.03346659615635872,-0.0008333048317581415
0.051792509853839874,0.005756170488893986
0.0007680872804485261,0.005458837375044823
0.009732269681990147,0.004809622652828693
0.04370887577533722,0.0025462196208536625
0.0046964483335614204,0.0021518482826650143
0.016037682071328163,-8.57159320730716e-05
0.0003257667995058,0.001564293634146452
0.046740464866161346,0.001264239544980228
0.05997232347726822,0.0020936280488967896
0.0008455953211523592,0.00033594429260119796
2.6668276404961944e-05,0.006624867673963308
0.0037742708809673786,-0.00010496103641344234
0.0015626532258465886,0.009660816751420498
0.005809292197227478,0.006884124130010605
0.0013454622821882367,0.008658178150653839
-7.774028927087784e-05,-0.006930412724614143
0.004632852505892515,0.00011056005314458162
3.18038510158658e-05,0.0009824283188208938
0.0008809043210931122,0.0006980799953453243
0.038599833846092224,0.0072066085413098335
0.012018037959933281,-0.0001306665362790227
0.004308636765927076,-8.13299193396233e-05
0.004258681088685989,-0.00011970507330261171
0.007756948936730623,0.03175956383347511
0.001846667262725532,8.158327545970678e-05
-0.01556336972862482,-0.023940423503518105
0.006179085001349449,-0.010055331513285637
0.04518242925405502,0.001947090495377779
0.023188391700387,-0.0008758372277952731
0.004333867225795984,0.0005872286856174469
0.004016569349914789,0.0006301826215349138
0.0013172709150239825,0.0010486069368198514
0.0006786431767977774,-0.0002531269274186343
-0.0019541012588888407,-0.0011875253403559327
0.013214466162025928,-0.0002748061378952116
0.009673381224274635,0.027731584385037422
0.0014434757176786661,0.0004498169291764498
-0.0021336155477911234,-0.0018846513703465462
0.0039061354473233223,0.005492182448506355
0.010230153799057007,-0.008588992059230804
-0.028231564909219742,-0.049973733723163605
0.0022534308955073357,0.0005682302871719003
0.0021324458066374063,0.004164491780102253
0.0006933157565072179,0.0033218213357031345
0.01522305328398943,0.0026976871304214
0.0017240060260519385,0.0012510049855336547
-0.0337480753660202,-0.03494780510663986
6.238918285816908e-05,0.006904405076056719
0.027635684236884117,0.0003262344980612397
-0.0007097134366631508,-0.0027889758348464966
0.002633469644933939,0.006935996934771538
0.0018137702718377113,-0.0001108483993448317
-0.005710523575544357,-0.031539421528577805
0.0007038532057777047,0.002256866078823805
-0.0005428408039733768,-0.0008785616373643279
0.0015513633843511343,-9.874824900180101e-05
0.06624523550271988,0.0031368560157716274
0.006070325151085854,-0.002925887703895569
0.0006735361530445516,0.0004823628696613014
0.005139046348631382,-0.0004075247561559081
0.0036332805175334215,0.007266298867762089
0.005723841954022646,0.0010963845998048782
0.010981090366840363,0.0005980462883599102
0.001358285080641508,-0.00018929809448309243
0.02446465939283371,0.0005135529791004956
0.0035651398357003927,0.004896406549960375
0.011322161182761192,-0.0028450842946767807
-0.00045601133024320006,0.0033378025982528925
0.05326065048575401,0.0010376946302130818
0.05997232347726822,0.0020936280488967896
0.0001757031277520582,0.007310803048312664
0.0178470890969038,-0.007566755171865225
0.0020943244453519583,0.003027619095519185
0.0008746323292143643,0.0030821561813354492
-5.06480282638222e-05,-8.573751256335527e-05
-0.00026941264513880014,0.0034775659441947937
0.005577323958277702,-0.0012081463355571032
0.0011919662356376648,-0.003432296682149172
0.0027445799205452204,0.002356773242354393
0.005412103142589331,0.0011311109410598874
0.0022239878308027983,0.00040160081698559225
5.9074489399790764e-05,0.00015866989269852638
0.007797794882208109,9.158600732916966e-05
-0.0011352637084200978,0.005268765613436699
0.0021255183964967728,0.001260861405171454
0.0043093194253742695,0.0037871808744966984
0.0451987162232399,-3.6154357076156884e-05
-0.0011409502476453781,0.012914755381643772
0.0021431741770356894,0.001313813030719757
4.945538239553571e-05,0.031369276344776154
-0.004925642162561417,-0.007771877106279135
0.015250452794134617,0.015254140831530094
0.0025134198367595673,-0.0002082046412397176
0.05641629174351692,0.00030854728538542986
0.04043979197740555,0.001378097222186625
0.0017153727822005749,0.001306226709857583
0.010944888927042484,0.04654689505696297
0.018554311245679855,-1.2738593795802444e-05
-0.04366505146026611,-0.043648481369018555
-0.020629512146115303,-0.022475149482488632
-8.15416278783232e-05,0.0006226468831300735
0.0024068790953606367,0.023226046934723854
0.24119095504283905,0.0014297796878963709
-0.010764319449663162,-0.006061511114239693
0.0005823267856612802,0.0015632923459634185
0.002198216738179326,0.0007109328871592879
0.0002693260321393609,0.0027699973434209824
0.03715777397155762,-0.0012741999235004187
-0.07555180788040161,-0.07207601517438889
0.013726318255066872,0.007676620036363602
-0.0005980927962809801,0.00433002645149827
-0.271299809217453,-0.052974238991737366
0.0007285689353011549,6.953562842682004e-05
0.02165401540696621,-0.0004937715129926801
0.0018441874999552965,0.00015665651881136
0.09358688443899155,0.003251782851293683
0.0021360868122428656,0.0020066467113792896
-0.004244212992489338,-0.005108592566102743
-0.0011983527801930904,0.02287162095308304
-0.012057892046868801,0.011547474190592766
0.00473812548443675,0.0007628790335729718
-0.00546885235235095,-0.0035893458407372236
0.0009403781732544303,0.0007963377283886075
-0.009406187571585178,-0.014253523200750351
0.0010786609491333365,0.003989593591541052
0.002663220278918743,0.0028941326308995485
0.004502228461205959,-0.001797077595256269
0.004900204949080944,0.0021541963797062635
0.0037873825058341026,0.006392491050064564
0.007108067162334919,0.0002268187963636592
0.012517036870121956,-0.0012679450446739793
0.08207318186759949,-0.022347111254930496
0.005164827685803175,0.01175599079579115
0.000639502250123769,0.0030082648154348135
0.0016708674374967813,6.991485133767128e-05
-0.1620912253856659,-0.17698746919631958
0.0006914616678841412,-0.0006800208939239383
0.0018799336394295096,0.030284572392702103
0.007189788389950991,0.0026993080973625183
0.004317400977015495,0.003667395329102874
-0.0045950748026371,-0.0042185792699456215
-0.0007164091221056879,-0.0005664160707965493
0.007762112654745579,0.002863110275939107
-0.001136093633249402,-0.001225310261361301
0.016321226954460144,0.0022960936184972525
0.02258826047182083,-0.007473300211131573
-0.03750121220946312,-0.029402803629636765
-8.236186113208532e-05,-0.0009055910632014275
0.007849053479731083,0.007894315756857395
0.01349269226193428,-0.024958716705441475
-0.0008784662932157516,-0.0009001349098980427
0.0027375291101634502,0.0017622660379856825
0.008749798871576786,0.0003902519238181412
0.027239250019192696,0.0064744604751467705
-0.008923843502998352,-0.018979782238602638
0.017140602692961693,0.001535900984890759
-0.0027683963999152184,-0.0019547578413039446
-0.017240900546312332,-0.020119113847613335
0.0010054116137325764,0.0008615215192548931
-0.0014649066142737865,0.03195306658744812
0.05104973912239075,-0.001613736036233604
0.05484607443213463,0.005308464635163546
0.0624086819589138,-0.00017304760694969445
0.0031555145978927612,0.0022676517255604267
0.014689924195408821,-0.0023723598569631577
0.0107583524659276,0.004501143004745245
-0.00028075347654521465,-0.002322921296581626
-0.0005583497695624828,0.06772276759147644
-0.0013653358910232782,-0.000348726287484169
0.05029752850532532,0.016583623364567757
0.0006737555377185345,0.0021355533972382545
0.01364046335220337,0.0024540068116039038
0.001658695051446557,0.002928636036813259
-0.0006045482587069273,0.015970615670084953
0.0032526652794331312,0.000570750271435827
0.0014833495952188969,0.0013192312326282263
0.003815672593191266,0.006331856362521648
0.001049419748596847,-0.00015792195335961878
0.0066798715852200985,0.00472228741273284
-0.02850886806845665,-0.03025066666305065
0.0018761766841635108,8.861503010848537e-05
0.0006736962823197246,0.009829165413975716
0.008848248980939388,0.0002846038551069796
0.010602617636322975,-2.8733251383528113e-05
-0.0009154955041594803,-0.000757399364374578
0.0010683783330023289,0.00010745241888798773
0.08592429757118225,9.463218157179654e-05
0.0010126103879883885,0.0017435142071917653
-0.0021849963814020157,-0.001141776330769062
0.0002175802073907107,0.0005449465243145823
0.0009155701263807714,0.00974363461136818
0.0037508776877075434,-1.6825273633003235e-05
0.001214928226545453,-0.0020046329591423273
0.0005031704204156995,0.024019232019782066
-4.523745155893266e-05,0.001696671126410365
0.003133027581498027,-0.0001892558066174388
0.007060651667416096,0.07173196226358414
0.004719047341495752,-8.452156907878816e-05
0.05629817396402359,0.00033349142177030444
0.0025502347853034735,0.0018666775431483984
0.00148750189691782,4.584609996527433e-06
0.019251124933362007,-0.0008965827291831374
-0.0001959416549652815,-0.0006381402490660548
0.000632241484709084,-0.00013839604798704386
-0.00036240677582100034,0.0005962408031336963
0.0020967237651348114,-0.0007078102789819241
0.0013022685889154673,0.001868035877123475
-0.0029699874576181173,-0.0040392158553004265
0.021610911935567856,0.001682729460299015
0.004217078909277916,0.0005072543863207102
-0.0014482419937849045,-0.0042733121663331985
-0.001414347207173705,0.02541298419237137
0.028951158747076988,0.014782012440264225
0.003222051076591015,0.021498478949069977
0.0011323899962008,0.00030112185049802065
-0.014692867174744606,-0.014874273911118507
0.0010592819890007377,0.0011800829088315368
0.003969341516494751,-0.0008624888141639531
0.001042172429151833,0.013141009025275707
0.0017367800464853644,0.00026847771368920803
0.002631839131936431,0.0030953390523791313
0.0011648933868855238,0.006572181824594736
0.0004530828446149826,0.0004545695846900344
0.0021850711200386286,0.001071362872608006
0.0026279452722519636,0.00011858600191771984
-0.0047911303117871284,-0.00044079963117837906
0.0040789577178657055,0.01688125729560852
-0.00014587183250114322,-0.0003639708738774061
0.00334877148270607,-0.0002536448009777814
-0.010343301109969616,-0.011652292683720589
-0.01556336972862482,-0.023940423503518105
4.9046240746974945e-05,0.002247283700853586
0.008524924516677856,-0.0005051675252616405
-0.0008885734714567661,0.006052193231880665
0.005070599261671305,0.005894288420677185
0.0004531419835984707,0.015245690941810608
0.052063021808862686,0.02651820331811905
-2.073920040857047e-05,0.0073963128961622715
0.03799248859286308,0.00013072906585875899
0.011268375441432,0.005948565900325775
0.004229780752211809,0.09494014829397202
0.021881485357880592,0.0013962698867544532
0.0795646533370018,-3.551947884261608e-06
0.0034825573675334454,0.018196890130639076
0.016813576221466064,0.007244509179145098
0.0021076956763863564,0.3823472559452057
0.0068841176107525826,0.0003629776183515787
-0.0006792371859773993,0.004239272326231003
0.002340499311685562,-0.00018317106878384948
0.03774448484182358,-0.00117109261918813
0.015616270713508129,0.00043643612298183143
0.0054458496160805225,0.0074003455229103565
0.017275584861636162,0.00040394585812464356
-0.011489944532513618,-0.013724218122661114
-0.0011779067572206259,-0.0012324531562626362
0.0013199294917285442,-0.00022956976317800581
0.0016496506286785007,0.0006182975484989583
0.0021182186901569366,0.023460954427719116
0.0018824656726792455,0.030287105590105057
-0.012597210705280304,-0.08112893998622894
0.013674481771886349,0.003480782499536872
0.0018682723166421056,0.001070256344974041
0.04855797067284584,0.015404462814331055
4.3502499465830624e-05,0.0005686309887096286
-0.002769531449303031,0.0019801182206720114
0.0036401799879968166,0.05175088718533516
0.0014146002940833569,0.0009738253429532051
-0.001016972935758531,0.003703468944877386
-0.005799734499305487,-0.007124023512005806
0.0015769170131534338,0.07128994911909103
0.00016094750026240945,0.0018228950211778283
0.0009793099015951157,0.004551228601485491
0.0024063270539045334,0.002863466739654541
0.0036427027080208063,0.017123455181717873
0.0022948384284973145,0.0033637641463428736
0.004375351592898369,0.012225125916302204
0.002597533632069826,0.003332508495077491
0.004828142933547497,-0.004315940197557211
0.0031756917014718056,0.0011839040089398623
0.003073784988373518,0.0005206268397159874
0.0009403781732544303,0.0007963377283886075
0.0005773167358711362,0.001196512603200972
0.004242269322276115,8.434016490355134e-05
0.0016455315053462982,0.0040278653614223
-7.922481745481491e-05,0.004725001752376556
0.0041460092179477215,8.585116302128881e-05
0.0012604454532265663,-9.079105802811682e-05
0.007985981181263924,0.013798106461763382
-0.006571902893483639,-0.010532485321164131
0.0015091608511283994,0.027240870520472527
0.00258462387137115,0.0006034481921233237
-0.00025853049010038376,-0.0029744277708232403
-0.0047911303117871284,-0.00044079963117837906
0.00028014439158141613,0.004840238951146603
-0.09757125377655029,-0.09488105028867722
0.0014295722357928753,0.002344760112464428
-0.00173200445715338,-0.0028380260337144136
0.012861584313213825,0.05628802999854088
0.00310912705026567,0.002513754880055785
0.004141478333622217,0.046457622200250626
0.00545236561447382,0.00033750428701750934
-0.002019776962697506,-0.00906245969235897
0.00697984267026186,0.003988693468272686
0.0009980403119698167,0.0008617573766969144
-0.0016738253179937601,-0.0015866645844653249
0.007263048551976681,0.016630716621875763
-0.014193382114171982,-5.747564136981964e-05
-0.09717025607824326,-0.09795579314231873
0.00687289796769619,-0.0032346262596547604
0.0007958417409099638,0.0806557908654213
0.025461692363023758,8.441883255727589e-05
-7.575683412142098e-05,0.006451655179262161
0.004932337440550327,0.0008706951630301774
0.0010670454939827323,0.005259224213659763
0.0016734577948227525,0.004307112190872431
0.00037712673656642437,0.002993867266923189
0.022901322692632675,0.003261926118284464
0.007274399045854807,0.0009261160739697516
0.002797255525365472,0.009161155670881271
0.006039922125637531,-0.0001880525378510356
0.0033191940747201443,0.001982205081731081
0.009450229816138744,5.935979061177932e-05
4.3875654228031635e-05,0.0010750816436484456
0.020801478996872902,-0.0011496433289721608
0.004934795666486025,-0.00032825645757839084
-0.0008911614422686398,-0.00011381425429135561
0.0016387542709708214,0.0016420448664575815
0.06235717982053757,0.03099021129310131
0.001442877808585763,0.0009705350967124104
0.002345963614061475,0.0005542467697523534
0.027111267670989037,-0.0017609946662560105
8.44064197735861e-05,0.0005842584068886936
-0.00536135770380497,-0.006102381739765406
0.0015571346739307046,0.006454905960708857
0.015011013485491276,0.009518234059214592
0.00287033012136817,-0.000161068033776246
-0.0006194484885782003,0.0041726985946297646
0.002715436276048422,0.02760559692978859
-0.00018238206394016743,-0.0007875861483626068
0.014537648297846317,0.0005065570585429668
0.011224710382521152,0.0003096617292612791
0.0010165231069549918,-0.0008577475091442466
0.01203387975692749,0.06303783506155014
-0.004765050485730171,0.07769374549388885
0.006679926998913288,0.01051988173276186
0.002296553924679756,0.002040550345554948
0.0036939289420843124,0.0131218321621418
0.010706080123782158,0.0019659902900457382
0.04373347759246826,8.364151290152222e-05
-0.0019422918558120728,0.007927685044705868
-0.008606144227087498,-0.007833974435925484
0.00012703519314527512,0.026569880545139313
0.007212183903902769,0.010500449687242508
0.048737600445747375,-0.00015147996600717306
0.01370334904640913,0.0001059566275216639
0.002269591437652707,0.00013133093307260424
0.0007088541751727462,-0.00021498311252798885
0.006024588830769062,-0.0009227978880517185
-0.002501934301108122,-0.002400196623057127
0.00019903320935554802,0.00021467584883794188
0.0037928977981209755,0.004505138844251633
0.018964622169733047,0.0037709111347794533
2.204260090366006e-05,0.0022001084871590137
0.002105626044794917,0.0003911902313120663
0.0026478793006390333,0.0001004249497782439
0.0045884218998253345,0.0013897657627239823
-0.030241956934332848,-0.030919823795557022
0.00112164078745991,0.0038525527343153954
-0.0006240233778953552,-0.022013911977410316
0.0003270754241384566,0.000499161658808589
0.0014406826812773943,0.017310768365859985
0.008045225404202938,0.0023402241058647633
0.0006506314384751022,0.0017271238612011075
0.09350557625293732,0.005129956640303135
0.0023895965423434973,-0.0001570998429087922
0.003323469776660204,-0.00021368692978285253
0.007270441856235266,-0.0004364268097560853
-0.0062799155712127686,-0.050274550914764404
0.00024127171491272748,0.004857982508838177
7.853824354242533e-05,0.0045216744765639305
0.006024588830769062,-0.0009227978880517185
0.0023296421859413385,0.05731905996799469
0.004002048168331385,0.1732904464006424
0.0018377297092229128,-9.098116424866021e-05
0.07781656831502914,0.0027239019982516766
0.002830257173627615,0.00029571272898465395
0.0020140523556619883,0.00031677779043093324
0.011322161182761192,-0.0028450842946767807
0.00029344766517169774,0.009563308209180832
0.03187160938978195,0.0013514960883185267
0.0004526670090854168,0.00042580481385812163
-0.000263935886323452,-0.0013232153141871095
-0.000779904774390161,0.004662301857024431
0.0071706282906234264,0.0204461682587862
0.010759148746728897,-0.0001725496258586645
-0.00039779022336006165,0.0013509143609553576
0.002390631940215826,-0.0007648050668649375
0.012441466562449932,0.0019146790727972984
-0.00022988743148744106,-8.433079347014427e-05
0.0005763385561294854,0.0007107990677468479
0.038967765867710114,-0.0015035015530884266
0.010284549556672573,-0.0006675750482827425
0.005181067623198032,0.00137748708948493
0.001113810925744474,0.0004932937445119023
0.006699079181998968,-0.0007124663679860532
0.006671597249805927,0.0004580527311190963
0.033992916345596313,0.05673012137413025
0.00010302782175131142,0.0004228755133226514
0.0036990903317928314,0.00019979989156126976
0.004223610274493694,0.0064959339797496796
0.0036020835395902395,0.00033168215304613113
0.0007445324445143342,0.0019720615819096565
0.03646596148610115,0.0012751977192237973
-0.00036948779597878456,-0.0007898606127128005
0.01232082024216652,0.00024017260875552893
0.0014882246032357216,0.0074396138079464436
-0.00021891470532864332,-0.00024376940564252436
0.014298247173428535,-0.00339005165733397
0.006021678913384676,-0.003987428732216358
-0.004022482316941023,-0.003735485952347517
-0.0388977974653244,0.048151858150959015
-0.004318238236010075,-0.004644264467060566
0.053528793156147,-0.007802547421306372
0.02016749605536461,-0.003148880321532488
0.0003082199255004525,0.0011696141446009278
0.0070335171185433865,0.005997064523398876
0.00034740311093628407,0.1367020457983017
-0.0025034404825419188,-0.0005719608161598444
-0.01428479515016079,-0.01412299182265997
0.0024895002134144306,-6.285190465860069e-05
0.0010555069893598557,0.006260172929614782
-0.0035259872674942017,-0.0033956507686525583
0.0004575392813421786,0.0002281116903759539
0.002211506012827158,0.0007103707175701857
0.002740399446338415,-0.00026535909273661673
0.0038039223290979862,-0.003164665075019002
-0.00040975381853058934,-0.00016563647659495473
0.012978228740394115,0.005499010439962149
-0.0006045482587069273,0.015970615670084953
-0.0005676677683368325,3.184599336236715e-05
-0.004712323658168316,-0.0069635785184800625
-0.07904057949781418,-0.07890020310878754
0.010988036170601845,0.01817064732313156
0.002845782320946455,-0.0007253515068441629
0.0020597546827048063,0.0013193810591474175
0.005735376384109259,0.008399615064263344
0.005476604215800762,-0.0013918839395046234
-0.005906352307647467,-0.008729481138288975
0.016146576032042503,-0.0008782417280599475
0.04263754189014435,0.004031525459140539
0.0002605816116556525,0.016243238002061844
-0.03884759917855263,-0.039620526134967804
0.012337550520896912,-0.000661529425997287
-1.0055067832581699e-05,0.000585985544603318
0.00045479927211999893,-0.00045713214785791934
0.026113441213965416,0.005150485783815384
-0.0016691286582499743,-0.001735386555083096
0.010041827335953712,0.0018834946677088737
0.0018129907548427582,0.0013684015721082687
0.0143309710547328,-1.891862484626472e-05
-0.0014980359701439738,0.0024909740313887596
0.020634040236473083,0.10090429335832596
0.006905996706336737,-0.0023083644919097424
0.003254656447097659,0.0011614739196375012
0.0002447881270200014,-0.0006724703125655651
-0.01158902794122696,-0.01236726250499487
0.0768512412905693,-0.00013690156629309058
-0.013845261186361313,-0.07088349014520645
-3.638368798419833e-05,4.6079891035333276e-05
0.001889699138700962,0.00047144960262812674
0.0001019291375996545,0.0026346633676439524
0.01918584294617176,0.02373005636036396
0.08291993290185928,-0.001572044799104333
0.0047791521064937115,0.0749441385269165
0.002703792881220579,0.0007571991300210357
0.0038152982015162706,-0.001277916133403778
5.8106728829443455e-05,0.008322525769472122
0.0019427031511440873,0.0013277457328513265
0.0054677738808095455,0.005570956505835056
0.0014867716236039996,0.011839531362056732
0.0024453960359096527,0.00046534076682291925
0.001965161180123687,0.0168464258313179
0.00702749053016305,-0.006024042144417763
0.0003321378899272531,0.0005181935848668218
0.0012216545874252915,0.0025891840923577547
0.007519630249589682,-0.0015123272314667702
-0.00038560887333005667,-0.0006906925700604916
-0.010039231739938259,-0.012132540345191956
-0.003958563786000013,0.01848522014915943
0.0008990811184048653,0.004785576369613409
0.0007747975760139525,0.028666367754340172
-0.0007406454533338547,0.007962370291352272
0.002987978048622608,0.0006645888788625598
0.005017020273953676,0.0054667312651872635
0.04844817891716957,0.0028371107764542103
0.0015604090876877308,0.008949428796768188
-0.03750121220946312,-0.029402803629636765
0.004371801391243935,-0.0001240051060449332
0.0012156821321696043,0.0004997216747142375
0.012155717238783836,0.0021442214492708445
0.001632928615435958,0.004430379718542099
0.011459731496870518,0.011785692535340786
-0.0001881545758806169,0.0016483073122799397
0.0039047920145094395,-0.0003800124686677009
0.005821945145726204,0.004940723534673452
0.0017414074391126633,0.0006818787078373134
0.0005732179852202535,0.00024240196216851473
0.001370950834825635,0.020788665860891342
0.0003923834301531315,0.00934562087059021
0.013373963534832,0.004487587604671717
-0.00010385364294052124,-0.0064024170860648155
0.0019376293057575822,0.001883309450931847
-0.0026380587369203568,0.0646551325917244
0.010620065964758396,0.0004225335142109543
-0.013480384834110737,-0.013840442523360252
0.010010920464992523,-0.0004069417773280293
0.0008702905615791678,0.0004943498061038554
0.007797794882208109,9.158600732916966e-05
0.004022113047540188,0.5793532133102417
-0.002140447497367859,0.00626177154481411
-0.000370553694665432,-0.0008173903916031122
0.0006677660858258605,0.004676687065511942
-0.005415094550698996,-0.006595999002456665
0.004292582161724567,-0.00015787675511091948
0.0033411842305213213,0.004257058724761009
0.000454567838460207,0.028806159272789955
0.005428963340818882,-0.000784556264989078
0.010233432985842228,0.0009347433224320412
0.008018299005925655,-0.0005129225319251418
0.006432628259062767,0.017610538750886917
0.004832166247069836,1.706136390566826e-05
0.1770813763141632,-0.0006676393677480519
0.0008390350267291069,-0.0007023488869890571
0.0024068790953606367,0.023226046934723854
0.005600607953965664,-0.009880408644676208
-0.00302998349070549,-0.003142245579510927
0.005259223747998476,0.017105422914028168
0.0012939408188685775,0.00047865850501693785
0.0008267266675829887,0.00015312676259782165
-0.0011256318539381027,0.010295598767697811
-0.00018994673155248165,0.0026400364004075527
-0.012606851756572723,-0.00618739053606987
0.0027595979627221823,0.0014414428733289242
0.005751925520598888,0.0015424262965098023
0.013583394698798656,0.017365192994475365
0.08751252293586731,-0.0015380331315100193
0.00015256328333634883,0.0006284101400524378
-0.002329773036763072,0.0244335625320673
-0.00847599282860756,-0.0039328341372311115
0.014808109030127525,-0.02317071706056595
-0.005677652545273304,-0.007892227731645107
0.01566641964018345,0.00010152847971767187
-0.025907084345817566,-0.029580166563391685
-0.0036915233358740807,-0.00867260992527008
0.0022708121687173843,0.003165901405736804
0.009748317301273346,0.04291091859340668
0.059273794293403625,0.0003070496895816177
0.024316934868693352,0.005909380968660116
0.02513827197253704,0.0010007205419242382
0.02044573426246643,0.0013081961078569293
0.0004961756058037281,0.008487026207149029
0.005352778360247612,0.010028346441686153
-0.0012743121478706598,-0.0003422759473323822
0.0010592819890007377,0.0011800829088315368
-0.0015378340613096952,0.00504800770431757
-0.0032583526335656643,-0.0035134167410433292
0.002371439477428794,0.0008603943861089647
0.018385127186775208,0.012498530559241772
-0.0007086392724886537,-0.002322921296581626
0.0003974436840508133,0.013116410002112389
-0.021589387208223343,-0.024489009752869606
0.004685156047344208,6.618531187996268e-06
0.0006078965961933136,-0.008615592494606972
0.005344579927623272,-0.003046765923500061
0.0027356056962162256,0.0005383535753935575
0.0016658296808600426,0.0039966776967048645
0.002633867785334587,0.02232590690255165
0.0009344565332867205,0.00023863796377554536
-5.8875244576483965e-05,0.0058336709626019
-0.0006368786562234163,0.018463799729943275
0.0037508776877075434,-1.6825273633003235e-05
0.0021719406358897686,0.0002961503923870623
0.02503754012286663,0.02528744377195835
0.0034348401241004467,0.001786805922165513
0.0005650976672768593,-0.0006803759606555104
0.003254656447097659,0.0011614739196375012
0.00037174668977968395,0.038457877933979034
0.0010822912445291877,6.120284524513409e-05
-0.010440511628985405,-0.0013908445835113525
0.01448979414999485,-0.00203567068092525
0.0039212689734995365,0.0004907782422378659
0.004821336828172207,0.0004987263819202781
0.01732780411839485,0.00289520644582808
-0.009484026581048965,-0.004706813953816891
0.007466878276318312,0.008819921873509884
-0.0006949814269319177,-0.0013077744515612721
-0.0025458394084125757,-0.003932548686861992
0.011322161182761192,-0.0028450842946767807
0.0008241130271926522,-0.0006413813098333776
-1.5517231076955795e-05,0.01916133426129818
0.01533212698996067,0.021172601729631424
0.0014867716236039996,0.011839531362056732
-0.07499586790800095,-0.07353748381137848
0.0031744269654154778,0.00034379528369754553
0.013090438209474087,0.004588535521179438
0.005745341069996357,-0.002537458436563611
0.011802099645137787,0.000738991133403033
-0.0005566104082390666,-0.0003959955647587776
0.035078708082437515,0.0009338589734397829
-0.00112901721149683,-0.006216305773705244
0.00915489811450243,-0.0010750500950962305
0.0008607335621491075,-0.0002422392717562616
0.0011404013494029641,0.0014323757495731115
0.0008024195558391511,0.0015350431203842163
0.0019893695134669542,0.008674943819642067
0.002740399446338415,-0.00026535909273661673
0.005469353869557381,0.05788199231028557
3.38222598657012e-05,0.003199182450771332
0.0012443613959476352,0.0018504062900319695
0.000848117982968688,0.0030628968961536884
0.0003096655709668994,0.0010859690373763442
0.0018672861624509096,0.009022126905620098
0.0068404655903577805,0.015614909119904041
0.009995434433221817,-0.005803024396300316
0.005204354878515005,-0.0029562446288764477
0.004470801912248135,0.013863385654985905
0.0011261848267167807,0.0013978733913972974
0.0018054164247587323,0.0008156702388077974
0.0012116958387196064,0.044076401740312576
0.004411209840327501,-0.0007433786522597075
0.004955778364092112,0.003106677671894431
-0.00029208604246377945,-0.002115801442414522
0.046232860535383224,0.004464801866561174
0.00333558302372694,0.000886963214725256
0.007756948936730623,0.03175956383347511
-0.0006860674475319684,0.017954085022211075
0.0009196196915581822,0.009766913950443268
0.0006259093061089516,0.007403919007629156
0.06855673342943192,0.0011926739243790507
0.0026476802304387093,-0.0006320934626273811
0.004903554916381836,-0.0022178906947374344
0.001028306782245636,0.003254809882491827
0.0016293528024107218,0.003272116184234619
0.004182004369795322,5.6199016398750246e-05
0.0003670650767162442,0.007458829320967197
-0.0006045482587069273,0.015970615670084953
-0.0022782520391047,-0.0022229235619306564
0.001471800496801734,0.0006182397482916713
0.0005375202163122594,8.726719534024596e-05
0.002402188489213586,0.0007461763452738523
0.0010549187427386642,-0.00028075207956135273
0.021908346563577652,0.00010507181286811829
0.007466026581823826,0.0019438856979832053
0.008868025615811348,-7.1851653046906e-05
0.005784566048532724,-8.172491652658209e-05
0.0037552551366388798,0.002309659495949745
0.006214115768671036,0.045623112469911575
0.021373286843299866,0.07364292442798615
0.003101761220023036,-0.0003975745930802077
0.0013325018808245659,0.01846640184521675
0.004639132879674435,-3.6645011277869344e-05
0.0016328139463439584,0.002115120179951191
0.0047494275495409966,-0.000711616943590343
0.03172438591718674,0.0009150906116701663
-0.03582676500082016,-0.045492928475141525
0.0048203482292592525,0.0020669354125857353
0.0033999464940279722,-0.0015919676516205072
0.17479947209358215,0.015523543581366539
-9.66670922935009e-05,-0.0005324747180566192
-0.01329569611698389,-0.011398335918784142
0.07715155184268951,0.0018674342427402735
-0.0044315280392766,-0.007235669530928135
0.005136086605489254,0.00019078301556874067
0.003962249029427767,0.0024742898531258106
0.001132356352172792,0.0019146498525515199
0.017250550910830498,0.049434129148721695
0.0041399854235351086,0.00019347606576047838
0.0019934328738600016,0.00046009061043150723
0.003665153868496418,-0.0025971042923629284
0.003303030738607049,0.0012064725160598755
0.003237907774746418,0.007404468487948179
0.0015048638451844454,0.07074850052595139
-0.0005827912827953696,0.03683627396821976
0.02303086221218109,0.004465882200747728
0.027600159868597984,-0.00013335887342691422
0.0076894755475223064,0.0007998095825314522
0.0008905876311473548,0.03483685106039047
0.0012688541319221258,0.00022176257334649563
0.0018534050323069096,0.001110023120418191
0.003073784988373518,0.0005206268397159874
0.025478070601820946,-0.0016804228071123362
0.00966456439346075,0.0058118547312915325
0.1864231675863266,0.022657692432403564
0.0007712131482549012,0.0033551554661244154
0.01851164735853672,-0.0005461147520691156
0.0018330119783058763,0.0005096672102808952
0.0006148311076685786,0.00047144960262812674
0.021719763055443764,0.0018489968497306108
-0.005827306769788265,-0.007455294486135244
0.004218582063913345,0.0009949456434696913
0.025022530928254128,-0.0008718642638996243
0.006739289499819279,0.0003421730943955481
0.0012392377248033881,-0.0007291791844181716
0.007694772910326719,0.0010595195926725864
0.00017727818340063095,0.000783594383392483
0.0008801024523563683,0.0002661421021912247
0.03190921992063522,0.0002996347611770034
0.0008001785026863217,0.009428314864635468
0.0035794845316559076,0.0007845453801564872
-0.01595732383430004,-0.01979876309633255
0.015305180102586746,-0.015550559386610985
-0.00022793893003836274,-0.00042257679160684347
0.00095727713778615,-0.0017679303418844938
0.028549475595355034,0.0002646051871124655
0.0008534797816537321,0.006723972503095865
0.01797746866941452,-0.0008848994038999081
-0.004072216339409351,-0.005257416516542435
-0.002435374306514859,-0.0022461279295384884
0.0011888312874361873,0.0020079005043953657
0.007961681112647057,0.08621415495872498
0.0030162630137056112,0.007009151391685009
0.0013768728822469711,0.00024352490436285734
0.0011111048515886068,-0.0022258551325649023
0.000590769574046135,-0.02549758180975914
0.0008242308394983411,0.004436359275132418
0.00015158765017986298,-0.0014288435922935605
0.0009784860303625464,0.0005787389236502349
0.003630995051935315,0.002808615332469344
-0.02516336925327778,-0.03598516434431076
0.020518915727734566,-0.0013483099173754454
0.025655388832092285,-0.0001737830025376752
-0.03592981398105621,0.09476931393146515
-0.002278727712109685,0.02772214449942112
0.01403217762708664,0.003098666202276945
0.0006489157676696777,0.0022235247306525707
0.004865054041147232,0.0012828726321458817
0.05458991229534149,-0.003742203349247575
0.0006856803665868938,0.00010536368790781125
0.17621318995952606,-0.0027790828607976437
-0.00031888653757050633,0.042848486453294754
0.0015580295585095882,0.0006359886028803885
0.016636786982417107,0.001955505693331361
0.0004584685084410012,0.002013258170336485
0.004653080366551876,0.005072323139756918
0.005724093411117792,0.0005036874790675938
0.00039226957596838474,-0.0031461003236472607
-9.716891509015113e-05,0.005131865385919809
0.0014189062640070915,0.0010092612355947495
0.05237884819507599,0.0007000498590059578
0.0032570790499448776,-0.0022207535803318024
0.006625074427574873,0.001348366728052497
0.054658811539411545,0.0002811570593621582
0.0017964495345950127,0.00020592808141373098
0.005958145949989557,-0.005629521328955889
0.007168804761022329,-0.005230539944022894
-0.0025911128614097834,-0.0006049040239304304
-0.00038250733632594347,-0.0010190937900915742
0.04065487161278725,0.002913277130573988
0.0031047218944877386,-7.232022471725941e-05
0.0022932805586606264,0.005212288349866867
0.0009706176933832467,0.001342489616945386
0.022901322692632675,0.003261926118284464
0.000220288842683658,0.0047178189270198345
0.00135315814986825,-0.0004443693323992193
0.003591760527342558,0.0024645233061164618
-0.053594961762428284,-0.05998644977807999
-0.010710228234529495,-0.005187501199543476
0.004329207353293896,0.07430798560380936
-0.0016914897132664919,-0.0011454011546447873
0.035284411162137985,0.0025004830677062273
0.00039570595254190266,0.011456436477601528
0.015527581796050072,0.008865272626280785
-0.0013239368563517928,-0.002321456326171756
0.024316934868693352,0.005909380968660116
0.002149381907656789,0.06078087538480759
0.0015550068346783519,0.007995130494236946
-0.000899248756468296,0.026739392429590225
0.0022595280315726995,0.0011862997198477387
0.0005216656718403101,0.002911434043198824
-0.011491942219436169,-0.011087430641055107
-0.0002832444733940065,0.0018484145402908325
-0.01268039084970951,-0.013725616969168186
-0.001540113240480423,-0.010684195905923843
-0.007976140826940536,-0.005878148600459099
0.0003560830373317003,-0.0015201721107587218
0.017489049583673477,-0.00335493846796453
0.0006146354135125875,0.0003468208306003362
0.0018363327253609896,0.003536403411999345
0.002606610767543316,0.0004178916569799185
0.015839889645576477,-0.00020348493126221
0.00011488992458907887,0.0044932859018445015
0.008874678052961826,0.002361719496548176
-0.0009341161930933595,0.0018701683729887009
0.0064213392324745655,0.00343073601834476
0.043602462857961655,0.20877186954021454
0.003777716774493456,0.018691757693886757
0.048737600445747375,-0.00015147996600717306
0.0010166942374780774,0.0031111964490264654
0.00044343798072077334,0.002291339449584484
0.0024068790953606367,0.023226046934723854
0.0005816272459924221,0.0015027289045974612
0.0013889113906770945,0.0002137818664778024
0.0011613316601142287,0.000181608455022797
0.015523860231041908,0.0001300982985412702
-0.00046181445941329,0.0035541593097150326
0.001937417546287179,0.004751326981931925
0.005115760490298271,0.034550637006759644
0.014884227886795998,-0.002231939695775509
0.0004384865751489997,0.08872471749782562
0.005303090438246727,-0.0003983493661507964
0.0018819000106304884,0.0023171398788690567
0.001657539396546781,0.06357864290475845
0.0016369209624826908,0.021741695702075958
0.0017566914902999997,0.0320267379283905
-0.00016272906213998795,0.17797137796878815
0.004104243591427803,-0.00010170764289796352
0.002535248873755336,0.00025551047292537987
0.0003697407082654536,-0.0006086018984206021
0.006483340635895729,0.0005259586614556611
-0.05214085057377815,-0.05870750546455383
0.0017855059122666717,0.0002464059507474303
0.0083082914352417,0.0006524675409309566
0.003788558766245842,-0.00014195870608091354
0.0025229938328266144,-0.0022393467370420694
0.00575477397069335,-0.0015731106977909803
-3.7441495805978775e-05,-0.003736247308552265
-0.032804232090711594,-0.03447867929935455
-0.007041967008262873,-0.006465080194175243
0.00379150896333158,0.0021869176998734474
0.0017945320578292012,0.00044800929026678205
-0.006650310009717941,-0.00378651125356555
0.00112164078745991,0.0038525527343153954
0.007412607781589031,0.04328727722167969
0.014738157391548157,0.05369459465146065
0.011094323359429836,-0.0027453338261693716
0.006082219537347555,0.0684124082326889
0.006357741542160511,-0.0020841453224420547
0.0006354067008942366,0.00014257855946198106
-0.002214381005614996,-0.0005034776404500008
-0.002868795534595847,-0.004688050597906113
-0.00034391932422295213,0.00011438899673521519
0.005070599261671305,0.005894288420677185
0.0007133264443837106,0.003958398010581732
-0.00043585727689787745,0.0036873072385787964
0.004761874210089445,0.006131111644208431
0.0039171744138002396,-0.0002635629498399794
-0.0012918151915073395,0.017674369737505913
0.0075169941410422325,0.001894905581139028
0.03163409233093262,-0.00020259351003915071
0.3046492338180542,0.014757773838937283
-0.04215335473418236,0.017291709780693054
0.0068540070205926895,0.003151136916130781
0.0037709695752710104,0.015907112509012222
0.00040924083441495895,-0.0011138248955830932
0.0008809043210931122,0.0006980799953453243
-0.0007060341886244714,0.0047569721937179565
0.015333794057369232,0.0008160187862813473
0.0003718009975273162,0.00011826152331195772
0.035194069147109985,-0.0019792593084275723
0.0025931717827916145,0.0071062506176531315
-0.010345173999667168,-0.013054345734417439
0.0036705457605421543,0.0010725274914875627
0.03842390701174736,0.0020041754469275475
0.0006886380142532289,0.004109538160264492
1.5652338333893567e-05,0.005832846276462078
0.0058865780010819435,-0.00278650876134634
-0.005349581129848957,0.01594960130751133
0.0005258054006844759,0.0006423833547160029
0.0003983809729106724,0.00046132548595778644
0.0015310546150431037,0.00016857602167874575
0.003254656447097659,0.0011614739196375012
-0.0025458394084125757,-0.003932548686861992
0.0028085950762033463,0.00016747001791372895
0.0018672861624509096,0.009022126905620098
-0.016825763508677483,0.10614119470119476
-0.002238462446257472,-0.0034968117251992226
-0.009102997370064259,-0.0007050614804029465
-0.02850886806845665,-0.03025066666305065
-6.141886115074158e-05,-0.0029515959322452545
0.0001853771973401308,-0.0005766960675828159
0.002379707293584943,0.0006776690133847296
0.004524873103946447,0.00013967521954327822
0.0009196196915581822,0.05318945273756981
-0.009217824786901474,-0.011400661431252956
-0.012708914466202259,-0.02077341452240944
0.023199940100312233,0.0032175960950553417
0.07373373955488205,-0.004999483935534954
0.00023697363212704659,0.011388634331524372
0.0023636315017938614,-0.0007251968490891159
0.005536110606044531,0.007618546951562166
-0.0038282861933112144,-0.003655910724774003
0.00213608518242836,0.02514800615608692
0.0038285190239548683,0.003307834267616272
0.00575477397069335,-0.0015731106977909803
0.02115609124302864,-0.0010154594201594591
-0.0007398664020001888,-0.0048677995800971985
0.0006886380142532289,0.004109538160264492
0.00011766703391913325,0.002308959374204278
0.007026243023574352,-0.00041267668711952865
-0.001073754276148975,-0.0014337599277496338
0.021240349858999252,0.00034106624661944807
0.004204142838716507,0.0006108956295065582
0.028606053441762924,0.0009948359802365303
-0.09286603331565857,-0.10387648642063141
0.0009528286173008382,0.0014856754569336772
0.018181856721639633,0.0008095530793070793
0.0005635785637423396,-4.7482462832704186e-05
0.0011259858729317784,0.0001481695071561262
0.006619369611144066,0.0006474497495219111
0.0006392317591235042,0.008368100970983505
0.002402188489213586,0.0007461763452738523
0.0007768552750349045,0.00023331432021223009
0.012066967785358429,-0.005071092862635851
0.000862110813613981,0.007710499223321676
-1.5168829122558236e-05,0.010884988121688366
0.0008640763117000461,0.00013572716852650046
0.029016537591814995,0.00038071436574682593
-0.003985007759183645,-0.0037853200919926167
-0.001845365623012185,-0.0009121090406551957
0.0014940400142222643,0.016910739243030548
-0.015641286969184875,-0.022146953269839287
-0.0011196192353963852,0.0019375440897420049
0.0017469287849962711,-0.00023790278646629304
0.017256643623113632,2.3086584405973554e-05
0.0007130305748432875,0.0012770374305546284
0.011664907447993755,0.03309953957796097
0.054561980068683624,-0.009877568110823631
-0.004355066455900669,-0.0071402424946427345
0.0679452195763588,0.002143662888556719
0.0005806513363495469,0.01777135767042637
0.00321601377800107,-0.001811776775866747
0.0010592819890007377,0.0011800829088315368
0.014212431386113167,0.0007889566477388144
-0.004000852350145578,-0.005389132536947727
0.0013633500784635544,0.06759621202945709
0.0006735361530445516,0.0007023999351076782
0.0007165359565988183,0.001219743164256215
0.00024592498084530234,0.0066244471818208694
-0.0018541701138019562,-0.014207741245627403
0.002094527706503868,0.00027615827275440097
-0.01974799484014511,-0.029762055724859238
0.0010592819890007377,0.0011800829088315368
0.003605989273637533,0.0017723115161061287
0.013798311352729797,-0.00012137147132307291
-0.10117122530937195,-0.11296842992305756
0.0010158853838220239,0.028813930228352547
0.0015913936076685786,0.008726303465664387
-0.0007998846704140306,0.0005098069086670876
0.0009990278631448746,0.00018202884530182928
0.052278753370046616,-0.0005862382240593433
9.395269444212317e-05,0.001640318427234888
0.011312291026115417,0.005443963222205639
0.010477177798748016,-0.0015598838217556477
0.006255780346691608,2.882555236283224e-06
0.004174712114036083,0.0006917941500432789
-0.004765050485730171,0.07769374549388885
0.0038131955079734325,0.005792494863271713
0.014912002719938755,0.0013778076972812414
0.00035977934021502733,0.01355058141052723
0.045771706849336624,0.0003814698720816523
0.005145439878106117,0.004624194465577602
0.00036368679138831794,0.025319157168269157
0.003813565941527486,0.011520354077219963
-0.03818455711007118,-0.038956549018621445
0.006484337151050568,-0.00964267086237669
0.01918584294617176,0.02373005636036396
0.002345939166843891,0.0010642751585692167
0.007098738569766283,0.01060884166508913
-0.004766080528497696,-0.005323675461113453
0.040678273886442184,0.013251350261271
0.0007733540842309594,-0.0001771984389051795
0.0019276314415037632,0.002175245201215148
0.006137288175523281,-0.004941415973007679
0.020706113427877426,-0.0007804991910234094
0.0006830887869000435,0.015366999432444572
0.00045040619443170726,0.0013838111190125346
0.0039893644861876965,0.026617318391799927
-0.007073682267218828,-0.007025802042335272
0.026458419859409332,0.0009478309657424688
3.18038510158658e-05,0.0009824283188208938
0.006622112821787596,0.0007721605943515897
-0.001108595635741949,-0.00498324166983366
0.0001186811423394829,0.002057391917333007
0.0033535026013851166,0.0025236355140805244
-0.0006582797504961491,-0.0019799871370196342
0.007539356593042612,0.00014027795987203717
0.007027880288660526,1.9324352251715027e-05
0.0002706031664274633,0.015345116145908833
0.001680021290667355,0.011449865996837616
-1.1526746675372124e-05,-0.0007419630419462919
-0.0020253858529031277,-0.000917917350307107
0.0018137702718377113,-0.0001108483993448317
0.0011001545935869217,0.05766037851572037
0.0007341266609728336,0.001877366565167904
0.013311794027686119,-0.00011727400124073029
0.001362827722914517,0.0015949507942423224
0.00994626060128212,0.003326212055981159
0.0007955678156577051,0.00029576796805486083
-0.0027886508032679558,-0.004840202629566193
0.014077452011406422,0.002360530896112323
0.003856067778542638,0.023784121498465538
-0.019064681604504585,-0.022750772535800934
0.0010201132390648127,0.0004014656587969512
0.0007418465102091432,-0.00021849584300071
0.0042372881434857845,0.015150107443332672
-0.00025054789148271084,4.369323141872883e-05
0.034848786890506744,-0.0012514458503574133
0.0139537388458848,0.030514243990182877
0.004376438446342945,0.005908333230763674
0.0031014536507427692,0.0027547506615519524
-4.6922592446208e-05,-0.0031665831338614225
0.0018620884511619806,0.0032155008520931005
0.0023850046563893557,0.08986704051494598
0.02750200219452381,0.0022620216477662325
-0.005062790121883154,-0.005696270614862442
0.026992835104465485,0.0002811570593621582
0.02963128127157688,0.0027602959889918566
0.0024427541065961123,0.00029977329540997744
0.012538887560367584,-0.009970175102353096
-0.002099779201671481,0.1364765763282776
-0.017090683802962303,-0.02845550701022148
-0.12782563269138336,-0.12162621319293976
-0.006399847101420164,-0.00930429995059967
0.0041460092179477215,8.585116302128881e-05
0.08197729289531708,-0.011408327147364616
0.006260982248932123,0.00034565303940325975
0.013070088811218739,-0.0008206389611586928
-0.0004810758400708437,-0.0009883358143270016
0.0002524277369957417,0.01719006709754467
0.3261425793170929,0.012980572879314423
0.00024231895804405212,0.01716194860637188
-0.00269866269081831,-0.00967429205775261
-0.216640442609787,-0.19442149996757507
0.0013382115866988897,0.0028085869271308184
0.00178759905975312,0.0003533797280397266
0.021631598472595215,-0.0009839375270530581
0.008328885771334171,-0.0001239205157617107
0.0024625540245324373,0.003453619545325637
0.003401922294870019,0.0030202162452042103
-0.000930168607737869,0.0012433779193088412
0.010131191462278366,0.012201240286231041
-0.009874355047941208,0.04918266832828522
0.005149549338966608,-0.0012701187515631318
0.0193074569106102,0.00038305550697259605
0.019478689879179,0.016984056681394577
0.002645255299285054,0.0011674768757075071
0.02356824092566967,0.01521086785942316
-0.00038170506013557315,0.0019623972475528717
-0.0035226689651608467,-0.001950262114405632
0.004790925886482,0.0009338301606476307
-0.0006045482587069273,0.015970615670084953
-0.008275043219327927,-0.014253523200750351
0.0013631314504891634,0.000556881248485297
-0.008212246932089329,-0.00017977412790060043
0.0005059914547018707,0.044798873364925385
-0.007509472314268351,-0.013400686904788017
-0.057208918035030365,-0.04932636767625809
0.01915525458753109,-6.216891051735729e-05
0.03207434341311455,0.024310344830155373
0.01734452322125435,-0.0026016226038336754
-0.014134577475488186,-0.009820111095905304
0.003036380745470524,0.01672384887933731
0.00014430267037823796,0.006427588406950235
-0.0767524242401123,-0.1543128490447998
0.0019943267107009888,-0.0002426179707981646
0.11275731027126312,0.0012138917809352279
0.0023240428417921066,-0.007184281945228577
-0.002055566059425473,-0.00283372076228261
0.011707413010299206,0.012156255543231964
0.006137288175523281,-0.004941415973007679
0.009459998458623886,-0.00023633288219571114
0.000901535153388977,-0.006480706389993429
-6.99295342201367e-05,0.03001249209046364
0.0107583524659276,0.004501143004745245
-0.002185964956879616,-0.0021137259900569916
-0.00021829060278832912,0.0007778056897222996
0.010307143442332745,0.011004162020981312
-0.12335655838251114,-0.12708918750286102
-0.03750121220946312,-0.029402803629636765
0.014161658473312855,0.013419612310826778
0.000337686826242134,0.0035584960132837296
-9.30142414290458e-06,0.03836256265640259
0.00036732846638187766,0.03555641695857048
0.00850463006645441,0.010402128100395203
-0.006816008593887091,0.02598448656499386
0.014394789934158325,0.0016869623214006424
-0.002099779201671481,0.1364765763282776
0.00095727713778615,-0.0017679303418844938
0.0025835088454186916,0.005153023637831211
0.03172438591718674,0.0009150906116701663
0.009153109975159168,0.0012016862165182829
0.009168223477900028,0.03377053514122963
0.007880227640271187,0.003595267189666629
0.003940284252166748,0.00019232416525483131
0.0014451082097366452,0.003919258713722229
-0.00039025250589475036,0.013423253782093525
0.023308338597416878,-5.931803025305271e-05
0.000932471186388284,0.00046919193118810654
0.0004935520701110363,0.027244767174124718
0.0023636315017938614,-0.0007251968490891159
0.0037080110050737858,0.0020622466690838337
0.034926366060972214,0.010897401720285416
-0.0006460645236074924,0.0031508896499872208
0.018202662467956543,-0.00014117392129264772
0.057408466935157776,0.002039747079834342
-7.340137381106615e-05,0.00011075608199462295
0.006288836244493723,-0.005271469708532095
-0.00920937955379486,0.052125249058008194
0.02502511814236641,-0.0017324798973277211
0.008373674005270004,0.0011723058996722102
0.0021114880219101906,0.0013234427897259593
0.008827880956232548,0.0006734946509823203
0.003137633902952075,0.0025422617327421904
0.00347727257758379,-0.00020728111849166453
0.12918877601623535,0.0021707769483327866
0.016509881243109703,0.0014244724297896028
0.005996107589453459,0.0008210048545151949
0.005414308048784733,-0.00026179623091593385
0.00795731134712696,0.009594760835170746
0.0027352042961865664,0.00925822090357542
0.0009936634451150894,0.0016678485553711653
0.008215338923037052,0.0003414255625102669
-0.00016492651775479317,0.00026188604533672333
0.017241081222891808,0.0011791398283094168
-0.0005795569159090519,-0.005541825667023659
0.04277128353714943,0.00023863438400439918
-0.007508335635066032,-0.012664231471717358
0.0013083304511383176,0.01084617804735899
0.0064213392324745655,0.00343073601834476
0.0001560619566589594,-0.0017590841744095087
0.0012902935268357396,-0.0005652178078889847
0.0025998777709901333,-0.004468600265681744
0.0013328151544556022,0.012478948570787907
-0.0009461436420679092,0.03384969383478165
-0.004766874946653843,-0.005494444631040096
0.014789296314120293,0.01548502966761589
0.0003363706637173891,0.03192160278558731
-0.008546367287635803,0.0032752715051174164
0.0024513069074600935,0.00011809883289970458
0.018872391432523727,0.12918871641159058
0.001687070936895907,0.00492263725027442
-0.010538926348090172,-0.012814071029424667
0.012521723285317421,0.002188432728871703
0.0023914743214845657,0.0037693949416279793
0.0023384110536426306,0.006853461731225252
0.002799177775159478,0.010642072185873985
0.002617050427943468,-0.0007404934149235487
0.0031639686785638332,0.0004954935284331441
0.0009634758462198079,0.0012023060116916895
-0.0006460645236074924,0.0031508896499872208
0.004320275504142046,0.0007560752565041184
-0.00033667986281216145,-0.0019822714384645224
0.00047790969256311655,0.0031566456891596317
0.0063718026503920555,9.010167559608817e-06
-0.006701450329273939,-0.012635070830583572
-0.01736106351017952,-0.022007223218679428
0.024829067289829254,0.02263394370675087
0.003372419625520706,0.00044620278640650213
-0.0019411735702306032,-0.001295942347496748
0.0006084353080950677,0.005107205361127853
0.008128378540277481,0.008221516385674477
0.007797794882208109,9.158600732916966e-05
-0.015799878165125847,-0.012395214289426804
0.0037797715049237013,0.001727498136460781
0.006667417008429766,-0.0023627006448805332
-8.568918565288186e-05,0.0014019067166373134
0.00021471358195412904,0.0008348219562321901
0.0001186811423394829,0.002785163000226021
0.13156044483184814,0.007157047279179096
0.053755275905132294,-0.00070957001298666
0.016831200569868088,0.0026449079159647226
0.0014049687888473272,0.003746963804587722
-0.01371508464217186,-0.018548330292105675
-0.030079388990998268,-0.03910178691148758
0.0020705414935946465,0.0014092965284362435
0.00517874164506793,-0.0009715806227177382
0.0009403026779182255,0.0004936914774589241
0.0021509004291146994,0.0005151450168341398
-0.0005791670409962535,-0.000297615653835237
0.006161671597510576,0.004924584645777941
0.0007198035018518567,0.004883327521383762
0.009327668696641922,0.0014424433466047049
0.0010058600455522537,-0.006053922697901726
-0.005360215902328491,-0.004601243417710066
0.0074187712743878365,0.005429799668490887
0.0035695829428732395,0.018096337094902992
0.0015487867640331388,0.0014847490238025784
0.014284132048487663,-0.0029652221128344536
-0.001852994435466826,-0.002758876420557499
0.005248991772532463,0.011960864067077637
0.012470494955778122,0.0067474115639925
-0.0022973399609327316,-0.0003573107533156872
0.024316934868693352,0.005909380968660116
0.03037925437092781,-0.0008315815357491374
0.006904463283717632,-0.00906245969235897
0.022901322692632675,0.003261926118284464
0.0004113719332963228,-0.00310464296489954
0.018964622169733047,0.0037709111347794533
-0.043263960629701614,-0.03790471702814102
0.0020705414935946465,0.0014092965284362435
0.00018384690338280052,0.00951790064573288
-0.0002505710581317544,0.003517331089824438
0.00011349051783327013,0.007176107261329889
0.0011726324446499348,0.0009790717158466578
0.007189914584159851,-0.0007182114641182125
0.011912071146070957,-0.009206557646393776
0.0006775760557502508,-0.0009067505015991628
-0.00045363412937149405,0.002758187707513571
0.0042714402079582214,0.0015550648095086217
0.05997232347726822,0.0020936280488967896
0.0020705414935946465,0.0014092965284362435
0.03334997966885567,0.008091483265161514
-0.007780277170240879,-0.008703437633812428
0.0011937425006181002,6.186493556015193e-05
0.005659146700054407,0.000513098668307066
0.0043714456260204315,0.002718625357374549
0.017358893528580666,0.0007398854359053075
-0.0045950748026371,-0.0042185792699456215
-0.008291550911962986,-0.00660889595746994
0.011560231447219849,-0.0013603110564872622
0.0036865109577775,0.005261690821498632
0.01130868960171938,0.30348026752471924
0.001890882384032011,0.0001347615907434374
0.040305253118276596,0.041135523468256
0.0012069189688190818,0.06662213057279587
0.024493061006069183,0.003336623078212142
0.0009842414874583483,0.0009261216619051993
-0.006330033764243126,-0.008015923202037811
-0.009056391194462776,-0.01291625201702118
-0.01428479515016079,-0.01412299182265997
0.0667688325047493,0.010127612389624119
0.0021285898983478546,-0.03905332833528519
0.0021753760520368814,0.0011269845999777317
0.022917315363883972,7.056405593175441e-05
-0.08608845621347427,-0.11226017028093338
0.006674362812191248,0.0036351094022393227
0.0009939526207745075,-0.0034437833819538355
-0.0005470093456096947,0.007283762563019991
0.016812486574053764,0.00014125985035207123
0.009264092892408371,0.00034131872234866023
-0.004090082366019487,-0.010630270466208458
0.0021431308705359697,6.189531268319115e-05
0.0031253015622496605,0.004582585766911507
0.005827745422720909,0.0009336702642031014
0.042955949902534485,0.007291337475180626
0.0026539561804383993,-0.0030206346418708563
0.002695944160223007,-0.00037099517066963017
-0.00020138271793257445,0.004100760444998741
0.009070217609405518,0.005515605211257935
0.017358893528580666,0.0007398854359053075
-0.011234696954488754,-0.0006371550261974335
0.0074162669479846954,0.0005134205566719174
0.002082249615341425,0.00027791125467047095
0.0013511661672964692,0.0006379279075190425
0.024689029902219772,0.0006054092664271593
0.002649774542078376,0.008636357262730598
0.030299996957182884,-0.0006301983376033604
2.365277032367885e-05,0.0002931094204541296
1.9738217815756798e-07,-0.00016354276158381253
0.023377811536192894,0.0023401647340506315
-0.010533242486417294,-0.01630496233701706
-0.0031695032957941294,0.009981676936149597
0.0018481540028005838,-3.452249802649021e-05
0.0006702825194224715,0.005286852363497019
-0.0006460645236074924,0.0031508896499872208
0.0008682393818162382,0.010063515976071358
0.0032226019538939,-0.00348459929227829
0.07509088516235352,-0.005059856455773115
-0.002001785207539797,-0.002299289219081402
0.01691163145005703,-0.0004170514002908021
0.001022191485390067,1.6511708963662386e-05
0.0002677817246876657,0.033263709396123886
0.008456462062895298,0.027351288124918938
0.002129147294908762,0.0023825245443731546
0.0011481211986392736,0.002521112561225891
0.00014124566223472357,-0.0009607815300114453
0.010944888927042484,0.04654689505696297
0.00577287282794714,-0.0026076361536979675
0.0039328308776021,0.01119412574917078
0.0036338926292955875,0.0007734704995527864
0.005708941258490086,-0.00022382270253729075
-0.015641286969184875,-0.02188360132277012
0.003010937012732029,0.01579602062702179
0.0023380699567496777,0.018706709146499634
0.0004897076869383454,0.00016514549497514963
0.008283142931759357,0.0004477056791074574
0.08171529322862625,-0.0024149161763489246
0.016401473432779312,-0.00035145890433341265
-0.00035944191040471196,0.006009915377944708
0.1829577386379242,0.001758053433150053
-0.0009603620856069028,-0.0010965875117108226
0.0018788587767630816,0.0014052351471036673
0.0015979805029928684,0.027926214039325714
0.012656442821025848,-0.004500749055296183
-0.0020098979584872723,0.09732654690742493
0.0037274817004799843,0.008638838306069374
0.018369795754551888,4.9591857532504946e-05
0.0015506779309362173,0.0065862517803907394
0.0025722214486449957,0.0016558247152715921
-0.0012595090083777905,0.0019638945814222097
-0.001404809532687068,0.02512703463435173
0.030603846535086632,0.001410059630870819
4.51515952590853e-05,0.001667435746639967
0.0009544866625219584,0.005176439881324768
0.09784387052059174,0.00803451519459486
0.005544101353734732,0.01949995942413807
2.0289415260776877e-05,0.08850110322237015
0.000415417249314487,0.04369944706559181
0.0018227682448923588,-6.315213977359235e-05
0.0011611517984420061,0.0004007683019153774
-0.0177574772387743,-0.018515726551413536
0.01361066848039627,-0.00040773977525532246
0.00474140839651227,0.00032121618278324604
0.019102811813354492,-0.003801091108471155
0.0022438832093030214,-0.0003236933844164014
-0.0261224415153265,-0.02082349918782711
0.0010122149251401424,0.00024653313448652625
0.008038477040827274,-0.001936800079420209
-0.016806522384285927,-0.015421164222061634
0.0004278570704627782,0.0006615138845518231
-0.0030523505993187428,0.008700871840119362
0.0015248263953253627,0.003363546682521701
-0.00013506374671123922,-0.0002783457166515291
-0.017657462507486343,-0.019657904282212257
0.004131930880248547,0.002107735723257065
8.657373837195337e-05,0.01032834779471159
0.0033623683266341686,0.05491548031568527
0.05145611613988876,0.0012433816445991397
0.0003456545528024435,0.0009901804151013494
0.0009135275613516569,0.0072594741359353065
-0.0022972943261265755,-0.0023991549387574196
0.0023384110536426306,0.006853461731225252
0.009866379201412201,0.10634258389472961
0.004540502559393644,0.002545606577768922
-0.0027336564380675554,-0.004507970996201038
0.002681974321603775,0.00012192501162644476
0.008238434791564941,0.0013635149225592613
0.03187160938978195,0.0013514960883185267
0.02692228928208351,-0.0005560419522225857
-0.023775389418005943,-0.022892341017723083
0.0009402094874531031,-0.001503068138845265
0.005259223747998476,0.017105422914028168
0.000882171792909503,0.0006670490256510675
0.009541299194097519,0.0034356843680143356
0.004789815284311771,-0.0032212447840720415
0.02368837036192417,0.0007671431521885097
0.0034971018321812153,0.0003684395342133939
0.011284071952104568,0.008310885168612003
0.000882171792909503,0.0006670490256510675
-0.01415124349296093,-0.00960654765367508
0.008262068033218384,0.0024721045047044754
0.0023540304973721504,0.00102072989102453
0.001386546529829502,0.008782237768173218
0.0014421697705984116,-2.025338471867144e-05
-0.007014585193246603,-0.005817166995257139
-0.0002865963615477085,-0.0012560797622427344
0.0034816483967006207,0.00028646038845181465
0.035179879516363144,-3.646607365226373e-05
-0.00484590046107769,-0.005266015883535147
-0.002209898317232728,-0.0014747282257303596
0.009780810214579105,0.009483685716986656
-5.8803707361221313e-05,-0.008934062905609608
-0.00028804922476410866,-0.003808286041021347
0.04043979197740555,0.001378097222186625
0.0026222141459584236,2.058397512882948e-05
0.0008336821338161826,0.0002064820728264749
0.004725748207420111,0.0006669355789199471
0.0017740116454660892,-0.005137092899531126
-0.00047444028314203024,-0.001036650501191616
-0.006872621364891529,0.012679515406489372
0.0049245706759393215,0.00024744836264289916
0.003805818734690547,0.0005556340329349041
-0.2564045488834381,-0.2550138533115387
0.00045763386879116297,0.0023227545898407698
0.006093551404774189,0.00046105755609460175
-0.01190327201038599,-0.014285271055996418
0.010381147265434265,-0.00037220778176561
-0.02154477871954441,-0.02150764688849449
0.00040149723645299673,-0.0009770210599526763
-0.014040427282452583,-0.03018183633685112
0.00688561424612999,0.004391331225633621
0.002557160332798958,0.037523530423641205
-0.006105700507760048,-0.01853184960782528
-0.019129902124404907,-0.02341899834573269
0.004338034428656101,0.015208052471280098
0.006515444256365299,-0.002436682116240263
0.003899926319718361,0.0014642204623669386
0.024316934868693352,0.005909380968660116
0.000449884042609483,0.006628758739680052
0.005822082050144672,0.002209707163274288
0.001083242241293192,0.000789425743278116
0.0016348075587302446,0.0011027018772438169
-0.009939935989677906,-0.011194400489330292
0.002597533632069826,0.0015568721573799849
-0.003286803839728236,-0.004307161550968885
-0.002185964956879616,-0.0021137259900569916
0.002497326349839568,0.0046167862601578236
0.024493061006069183,0.003336623078212142
0.007010958157479763,0.00015459119458682835
0.0019136223709210753,0.006545513402670622
0.0006355595542117953,0.010517443530261517
0.021045265719294548,-2.7399291866458952e-05
0.012882186099886894,0.002840038388967514
0.01383435633033514,-0.0001281656150240451
0.016521362587809563,0.0005712101119570434
0.008007963187992573,0.0021126808132976294
0.003120480803772807,0.018124587833881378
0.0002447881270200014,-0.0006724703125655651
8.387278649024665e-05,0.009261282160878181
-0.0431186743080616,-0.041488006711006165
0.0007541918894276023,-0.0003571768174879253
0.012185591273009777,0.00030883250292390585
0.0005397096974775195,0.00052779505494982
-0.002470198553055525,0.0020407824777066708
0.0002683416532818228,0.007312612142413855
0.006093228701502085,-7.439118053298444e-05
0.0008444659179076552,0.002552319783717394
0.020943675190210342,-0.004566837102174759
-0.006673956755548716,-0.011316142976284027
0.003850906156003475,0.0019163313554599881
-0.001279250718653202,-0.006875632796436548
0.0041280766017735004,0.01502186432480812
0.0739450752735138,0.004716341849416494
0.008284429088234901,0.00044393184361979365
0.0010411303956061602,-0.00032275094417855144
0.009945908561348915,0.0219291839748621
0.0010592819890007377,0.0011800829088315368
0.012245062738656998,-0.005937284789979458
-0.0009341161930933595,0.0018701683729887009
0.03143509477376938,0.05833665281534195
0.0010223087156191468,0.0006939410232007504
-0.011389735154807568,-0.011728399433195591
0.007848115637898445,0.06696727871894836
-0.0009719960507936776,0.14229123294353485
0.006446240469813347,0.010603783652186394
0.001113810925744474,0.0004932937445119023
0.010771691799163818,-0.0011451406171545386
-0.010207537561655045,-0.054796405136585236
0.10992243885993958,0.000396838819142431
0.006512964144349098,0.0039281779900193214
0.002601773012429476,0.011963045224547386
0.0019332882948219776,0.001472036587074399
-0.001509842462837696,-0.003931254614144564
0.0002202490286435932,0.04999100789427757
0.0006735361530445516,0.0007023999351076782
0.00948775839060545,0.002388742985203862
6.415919051505625e-05,0.0010916751343756914
0.002633469644933939,0.006935996934771538
0.005811095237731934,0.005839578807353973
-0.21049508452415466,-0.21450936794281006
0.021926632151007652,0.0011301108170300722
0.013139676302671432,0.008286911994218826
0.00023937600781209767,0.0016693229554221034
0.0009869507048279047,-0.0005969887133687735
-0.009887980297207832,-0.014569475315511227
0.02689124457538128,0.0011459653032943606
0.003344727447256446,5.0547547289170325e-05
-0.000284531619399786,-0.003084780415520072
0.026611141860485077,-0.005026418715715408
0.0020028818398714066,-0.0002508084289729595
-0.00011637713760137558,-0.0001866340171545744
0.0016869440441951156,0.03210259601473808
0.02115609124302864,-0.0010154594201594591
-0.023514242842793465,-0.02568434737622738
0.01039546076208353,-9.427813347429037e-05
0.010315904393792152,0.004192642867565155
0.031442008912563324,0.017310768365859985
0.0003852600639220327,5.6031494750641286e-05
0.0013958606868982315,0.00021452002692967653
-0.0070314607582986355,0.004773881286382675
0.004924910143017769,-0.000871331081725657
0.0339321494102478,0.0014779786579310894
0.004335676319897175,0.0009146035299636424
0.0017514178762212396,0.0015640970086678863
0.05370667204260826,6.501280586235225e-05
0.008859657682478428,0.0011192780220881104
0.004625462926924229,0.049122802913188934
0.008843193762004375,0.01626003161072731
-0.0029183565638959408,-0.004055709578096867
-0.00024218703038059175,0.0005577143747359514
0.0005986448377370834,0.001657300628721714
0.00088792439782992,0.0006612653960473835
0.001491487491875887,0.0023319816682487726
0.014008447527885437,0.0008542739087715745
0.011800914071500301,0.035018160939216614
-0.0029040169902145863,-0.0005353949964046478
0.0007379826856777072,0.016980191692709923
0.0016412572003901005,0.0009141504997387528
0.009117141366004944,-0.0011535272933542728
0.0022772885859012604,0.0021839095279574394
0.004431752022355795,0.00023106412845663726
-0.0003021337615791708,0.009723877534270287
-0.0020846715196967125,-0.010442418046295643
0.0001736716367304325,0.01388704776763916
0.0006084353080950677,0.005107205361127853
0.0012302582617849112,0.003740111133083701
0.0027372711338102818,0.22404566407203674
0.009348051622509956,0.012226207181811333
-0.003044640179723501,-0.006260722875595093
-7.16286594979465e-05,0.015089222230017185
0.021842366084456444,0.002643513958901167
0.0031066148076206446,0.002132376190274954
-0.0007913282606750727,-0.001892200787551701
0.04395526647567749,0.0007455851300619543
-0.0005430246237665415,0.0018353143241256475
0.010611241683363914,-0.0005609157960861921
0.01701948419213295,-0.0024979214649647474
-0.00015289965085685253,-0.001684373477473855
0.007077479735016823,-0.004080431070178747
-0.04588031396269798,-0.049152400344610214
0.0017599808052182198,-0.0034198854118585587
0.005824329797178507,0.0016624131239950657
0.02952471747994423,0.005596695467829704
0.0012215690221637487,0.002704632468521595
0.034107815474271774,-0.004637329839169979
0.04830896109342575,-0.00021868140902370214
0.000680421304423362,0.0017203919123858213
0.00620252825319767,-0.0010301248403266072
0.013441894203424454,-2.8733251383528113e-05
0.0003277856740169227,0.03123038075864315
-0.002062616404145956,0.008556395769119263
5.278072785586119e-05,-0.0010475076269358397
0.0009784860303625464,9.943671466317028e-05
0.001863814890384674,0.0009794727666303515
0.05743871629238129,0.05240486189723015
0.004452346358448267,-0.0007248253095895052
-0.007933986373245716,0.04026312008500099
-0.00028159236535429955,-0.00726261455565691
0.0047212322242558,0.0007229478796944022
0.0005449798190966249,0.007678077556192875
0.0011963467113673687,-0.0004246111202519387
0.00037655519554391503,0.00017754100554157048
0.007158621214330196,-0.0007522641681134701
0.007228039670735598,-0.0035759806632995605
-3.507042129058391e-05,-6.473666144302115e-05
0.0008252620464190841,0.0012572723207995296
0.004628963302820921,0.017732447013258934
-0.0014874273911118507,-0.005738857202231884
0.002343466505408287,-0.011569422669708729
-0.00043785758316516876,-0.002551416400820017
-0.0008272359846159816,-0.0012790149776265025
0.00023966669687069952,0.052345000207424164
0.001238335738889873,0.0006640322972089052
0.0008754080627113581,0.0014219522709026933
0.0018534050323069096,0.005120646208524704
0.015572730451822281,-0.00041389709804207087
-0.0035442193038761616,-0.0030560255981981754
-0.0005268112872727215,0.002916545607149601
0.0047791521064937115,0.0749441385269165
0.031728681176900864,-0.005093721207231283
0.00994626060128212,0.003326212055981159
0.0016107764095067978,-0.007389483042061329
0.005693021230399609,0.00492309033870697
0.007632980588823557,0.000975262257270515
-0.019661810249090195,-0.011757886037230492
0.003357507288455963,0.0001338159927399829
0.01320578996092081,0.01309792511165142
0.031374987214803696,0.18809135258197784
0.004484407603740692,0.0023595953825861216
0.01723351702094078,-0.00018447672482579947
-0.0005276813171803951,-0.0025722417049109936
0.0007081384537741542,0.00020545965526252985
0.026312220841646194,-0.003315669484436512
0.001836569281294942,0.000666704960167408
-0.0014006972778588533,0.1322777271270752
-0.04402359202504158,-0.036444950848817825
0.005911855958402157,-5.6157645303756e-05
0.028282826766371727,0.0049640219658613205
0.012009928934276104,-0.008321437053382397
-0.001074085128493607,0.029393451288342476
-0.021397864446043968,-0.02469368651509285
0.022141169756650925,0.001001843367703259
-0.048443663865327835,-0.05412568151950836
0.00046830036444589496,0.0027279865462332964
0.002221916103735566,0.009578747674822807
0.0004939339123666286,0.006192433647811413
0.0002661589242052287,0.003736122278496623
-0.02306203357875347,0.03283872455358505
0.0029889075085520744,0.00030689837876707315
0.0003090029349550605,0.023029930889606476
0.002755289664492011,-0.0018757920479401946
0.0002447881270200014,-0.0006724703125655651
0.03209691122174263,0.000772555940784514
0.0003407648764550686,0.009800254367291927
0.009469578973948956,0.003509165020659566
-0.0009951582178473473,-0.0008831386803649366
-0.0618426650762558,-0.05709013342857361
-0.01624368503689766,-0.009412546642124653
0.0026697106659412384,-3.872159868478775e-05
0.003288339590653777,0.01079476810991764
0.0016369209624826908,0.021741695702075958
4.945538239553571e-05,0.031369276344776154
0.0015969499945640564,0.0009421067079529166
-0.04131706804037094,-0.0462646484375
0.02600390836596489,0.004719850607216358
0.03971044346690178,0.0013007621746510267
-0.004948195070028305,0.0005473168566823006
0.0044199698604643345,0.000515166437253356
-0.028024790808558464,-0.029514720663428307
0.003337800968438387,0.0007427522796206176
0.2245987504720688,0.0004449952975846827
0.0021969578228890896,0.0006053992547094822
0.0019889799878001213,-0.0006436714320443571
0.001691093435510993,0.0010301494039595127
9.713988401927054e-05,0.005750463344156742
-0.02850886806845665,-0.03025066666305065
0.00367468548938632,0.0359528474509716
0.000197539571672678,0.027078252285718918
-0.023118840530514717,-0.03130263835191727
0.006335523445159197,0.019988641142845154
0.006254422944039106,0.013619085773825645
0.0005370466969907284,-0.0003254153416492045
0.0045025646686553955,0.00677298940718174
0.013139676302671432,0.008286911994218826
0.017581354826688766,-0.01864052005112171
-0.0005364175885915756,-0.01630496233701706
-0.05654825270175934,-0.059192001819610596
-0.011454638093709946,-0.03304775804281235
0.0023800258059054613,0.002027527429163456
0.0009035816765390337,0.002977727446705103
-0.00014182121958583593,-0.00015935658302623779
-0.028024790808558464,-0.029514720663428307
0.0027984105981886387,0.03089560568332672
0.001637937850318849,0.0011973674409091473
0.05029752850532532,0.016583623364567757
0.002990332432091236,0.0001538760116090998
0.00042434228817000985,0.0007441434427164495
-0.023514242842793465,-0.02568434737622738
0.001083242241293192,0.000789425743278116
-0.002817505272105336,0.11810891330242157
-0.00447474280372262,-0.0019872132688760757
0.0037797715049237013,0.001727498136460781
0.0010989697184413671,-0.00037099517066963017
0.0034509801771491766,0.00130821845959872
0.0009415305685251951,0.007954094558954239
0.0008513061911799014,0.0017973852809518576
0.01915525458753109,-6.216891051735729e-05
0.030635399743914604,0.0123181426897645
0.11514610797166824,0.03848034515976906
-0.0025458394084125757,-0.003932548686861992
0.007421276997774839,0.01601811684668064
0.005123091395944357,0.027693897485733032
0.003961555194109678,0.012206891551613808
0.0022671017795801163,3.3930904464796185e-05
0.0019054593285545707,0.01077782828360796
0.02866055816411972,0.000720981159247458
-0.0012436416000127792,-0.008615592494606972
0.0019503653747960925,0.006874400656670332
0.00033677430474199355,0.01719006709754467
0.003983855713158846,0.001133583253249526
0.0004173722118139267,-0.013194615952670574
0.006979623809456825,0.0057642534375190735
-0.01049112156033516,-0.011022188700735569
0.0030108257196843624,0.00021601386833935976
0.0008927138987928629,0.00440569780766964
0.011620734818279743,0.0035013961605727673
0.0013865367509424686,0.0009487185743637383
0.019389910623431206,-0.013847697526216507
0.0007555096526630223,0.000523738213814795
0.015624349005520344,0.004600629210472107
0.036315418779850006,0.004464801866561174
3.18038510158658e-05,0.0009824283188208938
0.010082593187689781,0.07089027762413025
0.015036816708743572,0.0022607597056776285
0.00011493946658447385,0.154067724943161
0.002340499311685562,-0.00018317106878384948
0.007921175099909306,0.004677525255829096
0.0030873750802129507,0.027118515223264694
0.03332355618476868,0.0032016143668442965
0.001512915245257318,0.0010194734204560518
0.001990952529013157,-0.0005201876047067344
-0.0013588654110208154,0.0005894328933209181
0.0003029170911759138,-0.0015136066358536482
0.0003952092956751585,-0.0021585228387266397
0.0007099233334884048,0.006327022798359394
0.0006855177925899625,0.006273374892771244
0.014298247173428535,-0.0035841711796820164
0.0611848384141922,-0.003088208381086588
0.018964622169733047,0.0037709111347794533
0.0005968580953776836,0.001122230663895607
0.008691640570759773,0.013491611927747726
0.0023079412057995796,-0.00033105758484452963
0.002283716108649969,0.0058007691986858845
0.0002516561362426728,0.0031230561435222626
0.0010446305386722088,0.004033134784549475
0.0004867485840804875,0.0004758668947033584
0.002003173343837261,0.00020039547234773636
0.00047633558278903365,0.0039018967654556036
0.001334653701633215,0.0026612882502377033
-0.013681740500032902,-0.014704599976539612
0.00338489911518991,0.014713449403643608
0.00041535019408911467,-8.467229781672359e-05
0.002173883141949773,0.00019162487296853215
0.0036241693887859583,-0.0018556949216872454
0.0004511578008532524,-0.0008459662203676999
0.001777801662683487,0.0018965413328260183
0.0037260022945702076,0.0026100934483110905
0.0035162775311619043,-0.0001628758618608117
0.005582824815064669,0.011776466853916645
0.001741874380968511,0.0034833664540201426
0.0018341775285080075,0.0009444269817322493
-0.017054637894034386,-0.01931655965745449
0.0016391348326578736,0.0028513127472251654
0.0025401702150702477,-0.005552430171519518
0.005149549338966608,-0.0018717808416113257
-0.0016734374221414328,-0.002847920870408416
0.0028491602279245853,0.017499463632702827
0.0008615122642368078,-0.001981064211577177
0.0024068790953606367,0.023226046934723854
-0.00018296028429176658,0.0008132705697789788
0.0020540922414511442,0.001809172797948122
0.011632737703621387,0.0008161044679582119
-0.002362671308219433,-0.0032864378299564123
0.0024068790953606367,0.023226046934723854
0.0045765843242406845,0.0098703159019351
0.013244137167930603,0.002710379660129547
-0.001991128083318472,0.003689228557050228
0.0030461286660283804,8.76805279403925e-05
0.0002778777852654457,0.003279269440099597
0.0008212641114369035,0.0005936202360317111
0.013407757505774498,0.013950368389487267
0.01321165356785059,0.0038728276267647743
0.0109849339351058,0.0015263528330251575
0.0018869813065975904,0.0014178566634654999
0.0020016226917505264,0.0011484625283628702
-0.002847150433808565,-0.00929096806794405
0.0311494879424572,0.0007541331578977406
0.0020779913756996393,-0.0001423587673343718
-0.01913505420088768,-0.021949296817183495
0.0010368440998718143,0.00041120388777926564
0.002865496091544628,0.05326724424958229
0.0010553000029176474,0.0010405981447547674
0.002026820322498679,0.019534919410943985
0.0008064409485086799,-1.69751001521945e-06
-0.0004535701300483197,0.03508716821670532
-0.00048191266250796616,-0.0001924256794154644
0.02750583551824093,0.002874221885576844
0.005320153199136257,0.04127197712659836
0.04266905412077904,0.00033153683762066066
0.0012924057664349675,0.006656987126916647
0.028813166543841362,0.008526692166924477
0.005257422104477882,0.013622990809381008
0.002563118701800704,0.012400875799357891
-0.004562877584248781,0.02839517593383789
0.0005913245840929449,0.0023752155248075724
0.003337800968438387,0.0007427522796206176
-0.0005972602521069348,-0.0010638930834829807
0.03211814910173416,5.4800973884994164e-05
0.03219643607735634,0.0014101689448580146
-0.010478557087481022,-0.005750752054154873
0.00213608518242836,0.02514800615608692
0.0047791521064937115,0.0749441385269165
0.0010058600455522537,-0.006053922697901726
0.0003376239037606865,0.0007209522882476449
-0.001804668572731316,0.00038114748895168304
0.0003142099594697356,0.0015823220601305366
0.004905010107904673,0.0029178920667618513
0.05186987295746803,0.01030243095010519
0.0021146831568330526,0.1281842142343521
-0.0009719960507936776,0.01819104142487049
0.009177807718515396,0.16585442423820496
0.0055763269774615765,0.00010449365800013766
0.003665153868496418,-0.0025971042923629284
0.00994626060128212,0.003326212055981159
0.002813264960423112,0.0003715511702466756
-0.011234696954488754,-0.0006371550261974335
0.002525507705286145,0.00024169245443772525
0.01176409050822258,0.0010237032547593117
0.008955984376370907,0.0019246467854827642
0.010233432985842228,0.0009347433224320412
0.11858506500720978,0.0027766861021518707
-0.0007164091221056879,-0.000439751660451293
0.0011219303123652935,9.187901741825044e-05
0.013415176421403885,-0.0010351646924391389
0.008422589860856533,0.022586751729249954
0.0023444248363375664,0.0048062498681247234
0.0031253015622496605,0.004582585766911507
0.02025105059146881,-0.05592069774866104
0.0004404357459861785,0.010476794093847275
-0.005040363408625126,-0.0031652324832975864
0.00010564022522885352,0.0009062868193723261
-0.008651821874082088,-0.0075448607094585896
0.044103823602199554,0.00240462482906878
-0.0013692688662558794,0.00015616370365023613
-0.0017501020338386297,-0.0018745746929198503
-0.0016848588129505515,0.0009102141484618187
0.0018137702718377113,-0.0001108483993448317
0.003337800968438387,0.0007427522796206176
0.02098776586353779,-0.00017787731485441327
0.00021212693536654115,0.002150801243260503
-0.0009395116940140724,-0.003238444682210684
0.0008971531642600894,0.005412044003605843
0.0014276624424383044,0.001600196585059166
0.014488887041807175,0.02598370984196663
0.005792309530079365,2.52415775321424e-05
0.006996289826929569,0.0012765009887516499
0.09775039553642273,-0.010314363986253738
0.0004762246389873326,-0.0004251728532835841
0.013703268952667713,0.006292447447776794
-0.04256051033735275,-0.004455726593732834
0.00019005450303666294,0.002534731524065137
0.000757091271225363,0.008923126384615898
0.0007919149938970804,0.03783418610692024
0.0014867716236039996,0.011839531362056732
0.0018622234929352999,9.361191769130528e-05
0.004300433676689863,0.005894303787499666
0.005354780238121748,0.013981850817799568
0.00019761326257139444,8.516339585185051e-05
-0.00023128377506509423,0.0010396306170150638
0.25475427508354187,0.030357414856553078
0.002316705882549286,-0.030325697734951973
-0.0032435362227261066,-0.003101153764873743
0.28074392676353455,0.07848913967609406
-0.005397373344749212,-0.006649050861597061
0.004468636121600866,0.011051079258322716
0.0051122186705470085,0.006006172858178616
0.004074300639331341,0.00010439968900755048
0.014172260649502277,3.133773134322837e-05
-0.003326176665723324,-0.006305717397481203
0.002940085716545582,0.0008317450992763042
-0.0006113159470260143,-0.0048402585089206696
0.006281913258135319,0.01833454519510269
0.08949749916791916,-0.0011564872693270445
-0.0002866671420633793,0.0003208676353096962
0.00307416426949203,0.006510469131171703
-0.006725076586008072,-0.007172996178269386
0.002691985107958317,0.01163848303258419
0.00046854245010763407,0.1133684366941452
0.06680747866630554,0.0016253755893558264
-0.0017263393383473158,0.0015714374603703618
0.004007071256637573,-0.0024167990777641535
0.0036813984625041485,-0.0011249613016843796
0.006822012830525637,6.424720049835742e-05
0.005819625221192837,0.010777370072901249
0.008430411107838154,0.0052707805298268795
0.00847570225596428,-0.003383902832865715
-0.05147603154182434,-0.1074972152709961
0.004802756942808628,5.79722982365638e-05
0.00023077073274180293,-0.00023472646716982126
0.046751152724027634,0.002162408549338579
0.0036611121613532305,-8.023806003620848e-06
-0.0006045482587069273,0.015970615670084953
0.01234279666095972,0.004551649559289217
0.000315071054501459,0.03735676407814026
-0.0010228096507489681,0.0010283722076565027
0.0017160162096843123,-0.00043422618182376027
0.0013754756655544043,0.001548221567645669
0.001104248221963644,-0.005404192954301834
-0.03530875965952873,-0.03614277392625809
0.0001240102865267545,0.002256637904793024
0.00043419338180683553,0.00021694361930713058
0.002503535943105817,0.006517697125673294
0.004223610274493694,0.0064959339797496796
0.003353218315169215,0.00018334951892029494
0.0002582698652986437,0.0012432567309588194
-0.0009348908788524568,-0.0007332393433898687
0.0006666101980954409,0.0021190980914980173
0.005226932466030121,0.0006607107934542
0.0011871922761201859,0.001494651660323143
-0.0010473682777956128,-0.00102623354177922
0.0018623506184667349,0.003018199698999524
0.007610177621245384,0.005234395619481802
0.08207318186759949,-0.022347111254930496
0.0038862719666212797,0.02158498764038086
0.003312688786536455,0.00409933365881443
6.503803888335824e-06,-0.00014284175995271653
0.0006551569094881415,0.00020672089885920286
0.01234279666095972,0.004551649559289217
-0.0005997996195219457,0.0010246080346405506
0.003981245215982199,0.01102654542773962
0.009773962199687958,0.0005419073859229684
0.0003892876557074487,0.0019217212684452534
0.004540502559393644,0.0014601130969822407
-0.004627561196684837,-0.0058160629123449326
0.0023567425087094307,0.0023536854423582554
-0.00033667986281216145,-0.0019822714384645224
0.003254656447097659,0.0011614739196375012
0.010246844962239265,-0.004923203494399786
0.005085077602416277,-4.686485044658184e-05
0.003206092631444335,0.0015884789172559977
-0.008291550911962986,-0.00660889595746994
0.0036837663501501083,0.0022585887927562
0.004569154232740402,0.005596984177827835
0.022134894505143166,0.0002648679364938289
0.0028408945072442293,-0.00022126181283965707
-0.029083913192152977,-0.055337853729724884
0.002585120964795351,0.0023828777484595776
0.01491060946136713,0.0010215064976364374
0.011664907447993755,0.03309953957796097
0.0018362600822001696,4.720487049780786e-05
0.0023987554013729095,0.0009608871187083423
0.00484981294721365,0.001062534167431295
0.006445051170885563,0.01301524043083191
0.0009835551027208567,-0.0026890805456787348
0.0039649223908782005,0.00010712430230341852
0.0838952288031578,0.0039558312855660915
0.004816908854991198,0.09716004133224487
0.005004240665584803,0.00021627347450703382
0.005142656154930592,0.02189503237605095
0.0008304824004881084,0.006605315022170544
0.00112744455691427,0.0032734195701777935
0.015733037143945694,0.0032052411697804928
3.18038510158658e-05,0.0009824283188208938
0.005503010004758835,0.0007717875996604562
0.0005571944639086723,-0.00021045771427452564
0.047815579921007156,-0.00117109261918813
0.0038865054957568645,-0.0007274164818227291
0.0004733176901936531,0.0008763313526287675
0.002402188489213586,0.0007461763452738523
0.02544223703444004,0.0008800394716672599
0.00343589810654521,6.165642844280228e-05
-0.001414347207173705,0.02541298419237137
0.0217508003115654,-0.0025894283317029476
-0.0013547129929065704,-0.002673987066373229
-0.14384441077709198,-0.1557728350162506
-0.0003400977002456784,0.001239901757799089
0.0016610327875241637,0.010536231100559235
0.00262012192979455,0.004509446676820517
0.0014169120695441961,0.02009723335504532
0.002895547542721033,-2.91315809590742e-05
0.0020599383860826492,0.0036918320693075657
-0.003652172163128853,-0.0035543651320040226
0.0039893644861876965,0.026617318391799927
0.0005075317458249629,3.190606366842985e-05
0.0035162775311619043,-0.0001628758618608117
0.0011277201119810343,0.0010122008388862014
0.0018857347313314676,0.003419026266783476
-0.001530451700091362,-0.010023507289588451
0.014245799742639065,0.00245483685284853
0.015309357084333897,1.4848741557216272e-05
0.016342049464583397,0.0007566818967461586
0.08468132466077805,-0.00013415480498224497
0.0005680718459188938,0.0016417724546045065
8.718413300812244e-05,-0.0021017303224653006
-0.0010581720853224397,-0.0011432230239734054
0.009052644483745098,0.004657665267586708
0.00178759905975312,0.0003533797280397266
0.0014133361401036382,-0.00022614594490732998
-0.0016633043996989727,-0.0010645258007571101
0.0013297699624672532,-0.00012661876098718494
0.003538826946169138,-3.794312942773104e-05
0.003957170993089676,0.021378763020038605
-0.001053724903613329,0.00020828924607485533
-0.002454967238008976,-0.0013253310462459922
0.000347546418197453,0.001466882647946477
0.006356248632073402,0.003998492378741503
-0.09211954474449158,-0.10197612643241882
0.009408588521182537,-0.0013435871805995703
0.003342884127050638,0.009112650528550148
0.00095727713778615,-0.0017679303418844938
0.003856067778542638,0.0055996449664235115
0.0003321378899272531,0.0005181935848668218
0.00303341681137681,0.025798792019486427
0.004040868487209082,0.0069234007969498634
-0.00033667986281216145,-0.0019822714384645224
0.0013867005473002791,-0.0011106303427368402
0.0058657703921198845,-0.011685149744153023
0.008177505806088448,0.0015035272808745503
0.00036953092785552144,0.009778390638530254
0.000698703108355403,-0.00210939790122211
0.007061288692057133,0.003956437110900879
0.008939535357058048,-0.0014164390740916133
-0.004130471032112837,-0.005377620458602905
0.022295614704489708,-0.002897013444453478
0.001956555061042309,-0.0010888025863096118
0.010267328470945358,0.003935587126761675
-0.015641286969184875,-0.02309490740299225
-0.00039779022336006165,0.0013509143609553576
0.002486875746399164,0.006400926969945431
0.00966456439346075,0.0058118547312915325
0.003612460568547249,0.0029451060108840466
5.8377248933538795e-05,0.0010622305562719703
0.008626755326986313,-0.0025036423467099667
0.03333139792084694,-0.012343436479568481
-0.014370491728186607,-0.011642862111330032
0.005958145949989557,-0.005629521328955889
-0.02150198072195053,-0.02329838275909424
-0.04256051033735275,-0.004455726593732834
0.003984854090958834,0.006311762146651745
-0.004948195070028305,0.0005473168566823006
0.0009990278631448746,0.00018202884530182928
-0.007493188604712486,-0.010455065406858921
-0.007568690460175276,-0.008507621474564075
0.006461589131504297,0.01523228082805872
-0.005786366760730743,-0.006723074708133936
0.11279532313346863,0.0006082153413444757
0.006152271293103695,-0.0018151269759982824
0.004480469971895218,0.004632697440683842
0.017488157376646996,0.0033430003095418215
0.005031981971114874,-0.0001280864526052028
0.005806216970086098,-0.0011144141899421811
0.0034846593625843525,0.008370843715965748
-0.00031379377469420433,-0.000697385345119983
-0.01624368503689766,-0.009412546642124653
0.00790365133434534,0.004695706069469452
0.00483257370069623,0.004718962591141462
-0.0018398873507976532,0.00575158791616559
0.00021317890787031502,0.0187228936702013
0.034107815474271774,-0.004637329839169979
-0.0020194435492157936,-0.0018747623544186354
0.0018377297092229128,-9.098116424866021e-05
0.016076501458883286,-0.0015199199551716447
0.005418528337031603,0.03002622351050377
0.029644619673490524,0.00020765952649526298
0.0025080027990043163,0.011493437923491001
0.001182053703814745,-0.007240284234285355
0.01802883669734001,0.0027554419357329607
0.0010058600455522537,-0.006053922697901726
-0.044956643134355545,-0.04512151703238487
-0.008935090154409409,-0.00581198837608099
0.005833757109940052,-2.1262596419546753e-05
0.03910393640398979,-5.582696758210659e-05
-0.02067427523434162,-0.03974301367998123
-0.01963944360613823,-0.019479094073176384
0.001271432964131236,-0.0008400359656661749
0.003372419625520706,0.00044620278640650213
0.0033430159091949463,0.0019164599943906069
2.475426299497485e-06,0.004264816176146269
-0.049251437187194824,-0.055577538907527924
0.03820196911692619,-0.0008954167133197188
0.0009096786379814148,0.0013737909030169249
0.0006722267717123032,-0.000999653129838407
0.057345911860466,0.00019748928025364876
0.0018819000106304884,0.0023171398788690567
0.005745341069996357,-0.002537458436563611
-0.008124803192913532,-0.007009479217231274
0.024493061006069183,0.003336623078212142
0.0005513757932931185,0.01686629094183445
0.0030454981606453657,0.002241705544292927
0.00037712673656642437,0.002993867266923189
0.0006749327294528484,0.020640302449464798
0.007138480432331562,0.02363264560699463
-0.0019077755277976394,-0.0011743535287678242
0.05754324048757553,0.0037060051690787077
0.02513827197253704,0.0010007205419242382
0.003613747889176011,0.00123107573017478
0.01901847869157791,-0.0008181941811926663
-0.01960921660065651,-0.019180579110980034
0.024451792240142822,0.0005300109623931348
0.0009537306032143533,0.0009934213012456894
-0.06286066770553589,-0.07070719450712204
-0.0013742593582719564,-0.001587563194334507
0.013980932533740997,-0.0016843387857079506
0.008293643593788147,0.0009906317573040724
0.0009378967806696892,-0.0030547636561095715
0.012207677587866783,0.0010163416154682636
0.08676712214946747,0.006442415527999401
-0.0010617885272949934,-0.00017337256576865911
-0.0004973761970177293,-0.0008831386803649366
-0.0011863838881254196,-0.0024262345395982265
-0.00030750216683372855,-0.00020766470697708428
0.0012973020784556866,-0.004130631685256958
3.18038510158658e-05,0.0009824283188208938
0.00029290630482137203,0.003971830941736698
0.002579504158347845,0.0007832864066585898
0.0009433000814169645,0.011776483617722988
0.05745114013552666,0.0018704679096117616
0.00040658543002791703,0.0003607743128668517
0.035160575062036514,0.001783172832801938
0.003815672593191266,0.0038897234480828047
0.0005347440601326525,0.0014843683457002044
-0.010056581348180771,-0.012154599651694298
0.01418448705226183,0.00010069999552797526
0.0015793726779520512,-0.0025795663241297007
0.003051931504160166,0.0001246383908437565
0.0008963524596765637,-3.157460014335811e-05
0.0010651794727891684,0.0007175822393037379
0.02051776647567749,0.0025004916824400425
0.0004831220139749348,0.0009739668457768857
-0.0014482419937849045,-0.0042733121663331985
0.0006524418713524938,0.0016317430417984724
0.003913920372724533,0.004362466745078564
0.018648147583007812,-0.0009233649470843375
0.0013391129905357957,0.006289680954068899
-0.006283385679125786,-0.008073735050857067
0.0018388463649898767,0.00042933117947541177
0.000690071377903223,-0.0008229505037888885
-0.0014557064278051257,-9.081675671041012e-05
0.0011204638285562396,0.0024295318871736526
-0.008675756864249706,-0.010156750679016113
0.020850149914622307,0.004198134411126375
0.0004871592973358929,0.03455057367682457
-0.0003060782328248024,0.005009029991924763
0.004033125005662441,0.005963779520243406
0.0014483691193163395,-0.004473668988794088
0.001494494965299964,0.001246322295628488
-0.0005470093456096947,0.007283762563019991
0.0011666343780234456,0.000819037202745676
0.0014759686309844255,0.00559224421158433
0.0014612474478781223,0.01408203225582838
0.0018388463649898767,0.00042933117947541177
0.0002447881270200014,-0.0006724703125655651
-0.0011497803498059511,-1.6825273633003235e-05
0.00029854438616894186,0.0012342545669525862
0.008515998721122742,0.05165644735097885
0.00017631094669923186,0.013657727278769016
0.029644619673490524,0.00020765952649526298
0.008174174465239048,0.012096894904971123
0.00028758373809978366,0.006009030621498823
0.0018673489103093743,3.226117405574769e-05
0.0017875261837616563,-0.0009777476079761982
0.006763402372598648,0.02650618553161621
0.03258490562438965,0.020233701914548874
0.00262016081251204,2.821053749357816e-05
0.005322805605828762,-0.00017293798737227917
0.010619217529892921,-0.003040979616343975
0.02470356784760952,0.008644510060548782
-0.1452588587999344,-0.15676893293857574
0.0006279267836362123,0.004188240505754948
-0.004201166331768036,-0.005377620458602905
0.003463001223281026,0.01741756498813629
0.001290393527597189,-0.0001682456349954009
0.0016329337377101183,0.00991789624094963
0.0011764199007302523,5.549859633902088e-05
-0.006440949626266956,0.0017895251512527466
0.0034929343964904547,0.01833932101726532
0.0001202087732963264,0.0032970765605568886
-0.0072240158915519714,-0.007975824177265167
0.03919815644621849,3.667650162242353e-05
0.00630950927734375,0.027877431362867355
0.002852085279300809,-0.0005263396305963397
-0.05019677057862282,-0.05214208737015724
0.006493759341537952,-0.004341241903603077
0.006644840352237225,0.006622353568673134
0.005916246213018894,0.03926384821534157
0.0032647058833390474,0.00847974605858326
-0.022063419222831726,-0.011730356141924858
0.001871101325377822,0.0010330899385735393
0.0057478900998830795,-0.00017957182717509568
-5.834188777953386e-05,0.0012631244026124477
0.19060204923152924,0.01256478950381279
0.0012893605744466186,0.0015271794982254505
0.038241416215896606,0.0006596747552976012
0.002142835408449173,-0.000366175954695791
0.010237066075205803,0.00025061433552764356
0.002129147294908762,0.0023825245443731546
0.003631706815212965,0.0011314586736261845
0.0018137702718377113,-0.0001108483993448317
-0.03252289444208145,-0.03433702886104584
0.006009506527334452,0.0009373137727379799
0.002470272360369563,0.0002754332381300628
0.005836419761180878,-0.0024532608222216368
-0.0039735520258545876,-0.007257753983139992
-0.003008132101967931,0.0018346193246543407
0.041234202682971954,0.006496982183307409
0.008521552197635174,0.1630888283252716
0.003078354522585869,-0.00010443245992064476
1.4493627531919628e-05,0.0012789275497198105
0.002477493602782488,-0.0009777476079761982
-6.141886115074158e-05,-0.0029515959322452545
0.003348619444295764,0.0015236960025504231
0.00112164078745991,0.0038525527343153954
0.00037712673656642437,0.002993867266923189
-0.018202953040599823,-0.01969815604388714
0.0022416245192289352,0.0010030098492279649
0.0026195759419351816,0.0007297502015717328
0.013976434245705605,0.0008840103982947767
0.014321113005280495,0.004501647781580687
0.009187120012938976,0.005776198580861092
0.005377721041440964,0.009257749654352665
-0.018081318587064743,-0.01854858174920082
0.002650568028911948,-0.0024182756897062063
-0.007293136790394783,-0.007881424389779568
0.007227262947708368,0.01110585406422615
0.01287359930574894,-0.00047392206033691764
0.0040170541033148766,0.0035713398829102516
0.00047746780910529196,0.028864657506346703
0.005176106467843056,0.0026916523929685354
0.005480245687067509,0.004843194968998432
-0.004626512061804533,-0.004611572716385126
-0.006391691975295544,-0.006185112055391073
0.008982744067907333,-0.002553288359194994
-0.003863723250105977,0.024913271889090538
0.00750011345371604,0.00029344449285417795
0.004333867225795984,0.0005872286856174469
0.07361408323049545,-3.716837818501517e-05
0.0011535541852936149,0.0007356300484389067
-0.016868550330400467,-0.02353777550160885
0.001191984862089157,0.003200048115104437
-0.0007373306434601545,-0.0012324531562626362
0.0006206619436852634,0.006194528192281723
0.0005228439113125205,0.0002675020950846374
0.0004957104683853686,0.0027703805826604366
0.0019276314415037632,0.002175245201215148
0.00010722831939347088,0.0017888335278257728
0.0013401806354522705,0.001105709932744503
0.007694772910326719,0.0010595195926725864
-0.0007984041003510356,0.0015539508312940598
0.00597783736884594,0.006064125336706638
0.007236332632601261,0.00363941234536469
0.0003195648605469614,0.010824494063854218
0.007619899697601795,0.009204216301441193
-0.12060169130563736,-0.12601755559444427
0.0009661703952588141,0.0006915188860148191
-0.0024813227355480194,-0.0131449606269598
0.004081339109688997,0.006072286516427994
9.464235336054116e-05,0.0023518914822489023
0.01113420631736517,0.0009849348571151495
0.0027356056962162256,0.0005383535753935575
0.006337143946439028,0.007715374696999788
0.019974980503320694,-0.000454702036222443
7.717681000940502e-05,0.022533338516950607
-0.00039606570499017835,-0.0003106186049990356
0.008254502899944782,0.01253423374146223
0.002819707617163658,0.001341929193586111
0.000220288842683658,0.0047178189270198345
0.007694772910326719,0.0010595195926725864
0.0014710475225001574,0.0017804598901420832
0.00104801869019866,0.00325298635289073
0.0002538883709348738,0.0018516562413424253
0.004006614442914724,-0.0002630832605063915
0.007221507839858532,0.0064744604751467705
0.01260347105562687,-0.00021868140902370214
0.00948775839060545,0.002388742985203862
0.00025340725551359355,0.0002771500439848751
0.0004846550873480737,0.005890220869332552
0.005136625841259956,0.003767854068428278
0.0008809043210931122,0.0006980799953453243
0.0017447510035708547,0.006881328299641609
-0.004599313717335463,-0.01060823630541563
-0.005767039489001036,-0.006531101185828447
0.04620624706149101,0.004735834430903196
0.002824221272021532,1.1339376214891672e-05
0.0009218875784426928,0.011127660982310772
-0.0006468198262155056,-0.0008560987189412117
-0.0004955251351930201,0.009863178245723248
-0.026593904942274094,-0.01588212326169014
0.00047166162403300405,0.002795635024085641
0.007658744230866432,0.0015770862810313702
0.003957150503993034,-0.0007903019431978464
0.0036187507212162018,-0.05135137215256691
2.8691021725535393e-05,-0.0002977906260639429
0.01234279666095972,0.004551649559289217
0.0031441773753613234,0.010696658864617348
0.008806165307760239,0.024818778038024902
0.0011872430332005024,0.00030341558158397675
-0.09834297001361847,-0.04867285490036011
-0.002618443686515093,-0.006338548846542835
0.015624349005520344,0.004600629210472107
-0.008260183036327362,-0.006273618433624506
0.0018864913145080209,-0.0014686897629871964
0.0191925298422575,0.002785948570817709
0.001965161180123687,0.0168464258313179
0.02996760793030262,0.0033813542686402798
0.0003332538763061166,0.00038073345785960555
0.0001509368885308504,-0.0009395459201186895
0.0004837270826101303,-0.0015753700863569975
0.0001938547211466357,0.021748986095190048
0.007039820775389671,0.001009626081213355
-0.002099779201671481,0.1364765763282776
-0.0018908634083345532,8.185533806681633e-05
0.004883098881691694,0.00028553279116749763
0.02000250294804573,-0.0013679792173206806
-0.012329084798693657,0.009136728942394257
0.0006906620692461729,0.017706243321299553
0.018964622169733047,0.0037709111347794533
0.008264151401817799,0.0013760409783571959
0.033435627818107605,0.001120152184739709
0.003069814993068576,0.011953987181186676
0.0073862262070178986,0.0033270532730966806
0.058511387556791306,-0.00038454742752946913
0.0034030938986688852,0.012931271456182003
-0.012220287695527077,-0.01244072150439024
0.0128563791513443,-0.000216003623791039
0.021162567660212517,0.00014866374840494245
0.001057201181538403,0.0006029710057191551
0.001724634668789804,0.0021022227592766285
0.0011456665815785527,0.0008365048561245203
0.007059540133923292,0.019083447754383087
0.0006995379226282239,0.019032564014196396
0.009970232844352722,-0.004015974700450897
-0.0014482419937849045,-0.0042733121663331985
0.0314040407538414,0.0031528575345873833
0.04303896799683571,0.02788572572171688
0.01972791738808155,0.004677525255829096
0.017364561557769775,0.0002447964798193425
0.005955556873232126,0.005844064988195896
0.009277335368096828,0.00023929556482471526
0.004008797463029623,0.000975262257270515
-0.004975507967174053,0.013401063159108162
0.013364736922085285,0.0006044066976755857
0.5315886735916138,0.06104590371251106
0.0008527796599082649,0.040670592337846756
0.0002376077463850379,0.00854343269020319
0.004910625517368317,-0.016664329916238785
0.05710656940937042,-0.01734490506350994
0.0003277304640505463,0.004924375098198652
0.00010353968536946923,7.94165680417791e-05
0.011647611856460571,0.0009568172972649336
0.006729272194206715,0.0007777734426781535
0.006126670632511377,-0.00033564705518074334
0.0031047218944877386,0.0009497588034719229
-0.003462653374299407,0.019008534029126167
0.0006025745533406734,0.0012928174110129476
-0.0005667014047503471,0.0031437152065336704
0.015843797475099564,0.005717388354241848
0.0017727731028571725,0.014688422903418541
0.007396156899631023,0.00500214658677578
0.008405433967709541,0.0006828384939581156
6.999890320003033e-05,-0.0025168464053422213
0.01031448133289814,0.0017314499709755182
-0.007927646860480309,-0.006345702335238457
-0.023842664435505867,-0.022688521072268486
0.005897361785173416,0.004719624295830727
0.0020705414935946465,0.0014092965284362435
0.046751152724027634,0.002162408549338579
0.014427753165364265,-0.01601477339863777
0.022133084014058113,0.0022459474857896566
0.00043862033635377884,-0.0018105427734553814
0.003609672887250781,0.0026976871304214
0.0054120030254125595,0.0014283659402281046
0.0007804528577253222,-5.279769538901746e-05
0.0022496720775961876,-0.003943148069083691
-0.02607562392950058,-0.01900985650718212
0.016172979027032852,0.0002941591665148735
-0.02850886806845665,-0.03025066666305065
-0.002362671308219433,-0.0032864378299564123
-0.00033667986281216145,-0.0019822714384645224
0.1855817288160324,0.04421369731426239
0.004776709247380495,0.0005454258061945438
0.011381490156054497,0.0019261417910456657
-0.0002622200408950448,2.2067339159548283e-05
0.008927487768232822,0.0025243882555514574
0.0018137702718377113,-0.0001108483993448317
0.0028724379371851683,0.0007485522655770183
-0.0004655840457417071,0.00021037482656538486
-0.0003333897329866886,-0.0022649813909083605
0.008390065282583237,-0.00015488520148210227
0.00021545926574617624,-0.0005250886315479875
0.004936462268233299,0.00022572126181330532
0.017854740843176842,-3.717068466357887e-05
-0.002525865100324154,-0.013521933928132057
3.38222598657012e-05,0.003199182450771332
0.0036327438428997993,0.010568843223154545
-0.0007504234090447426,0.003328371327370405
0.008044097572565079,0.016773661598563194
0.0010581155074760318,0.00017188994388561696
-0.03750121220946312,-0.029402803629636765
0.0056437416933476925,7.46450896258466e-05
0.0025071720592677593,0.0005553726223297417
0.012604285962879658,0.0006282918620854616
0.003731696866452694,-0.000671165413223207
0.05093858763575554,0.0011774087324738503
0.004604557994753122,0.006638780701905489
-0.0580609031021595,-0.057378917932510376
0.0012239812640473247,-0.0003567040548659861
0.002402188489213586,0.0007461763452738523
0.00733987707644701,0.0019865832291543484
0.007538039702922106,0.0007176690851338208
-0.01972404308617115,-0.010178015567362309
0.0034384331665933132,0.006519872695207596
-0.14111803472042084,-0.14474543929100037
5.032162880524993e-05,0.0024667060934007168
0.0031963116489350796,0.005841085221618414
0.02900201827287674,0.009267809800803661
0.004271187353879213,-0.0004386220534797758
0.0014264634810388088,-0.002644315827637911
0.00865241140127182,0.06917647272348404
0.030316535383462906,0.0006443182937800884
0.0035600648261606693,-0.0001266412145923823
0.02051537111401558,0.0007999753579497337
-0.005136541556566954,0.01382361352443695
0.0038046063855290413,-0.003026812570169568
0.0024581472389400005,0.013373417779803276
0.07190418988466263,0.0005300347111187875
0.013652298599481583,0.0036651494447141886
0.003492394695058465,0.00022236144286580384
-0.009056391194462776,-0.012864390388131142
0.002340499311685562,-0.00018317106878384948
7.894565351307392e-05,0.000202177616301924
0.02287709340453148,-0.0022116131149232388
0.007588724140077829,0.0021203651558607817
0.004162745550274849,-0.018930017948150635
0.0011617743875831366,0.0038280354347079992
-0.0055529032833874226,-0.005791742354631424
-0.06899898499250412,-0.058652833104133606
0.0026656717527657747,0.002899236511439085
0.19328323006629944,-0.007421853020787239
0.005345426965504885,0.00042855425272136927
0.004336985293775797,0.0008389081340283155
-0.0016500765923410654,0.0020902473479509354
0.004669826943427324,0.008174711838364601
-0.02850886806845665,-0.03025066666305065
0.000665784056764096,0.004741953685879707
0.00994626060128212,0.003326212055981159
0.00020626375044230372,0.0024079016875475645
0.006171550136059523,0.002631537616252899
0.02886529639363289,0.0010281911818310618
0.12151829898357391,0.0020578783005476
0.008418851532042027,7.501347863581032e-05
0.00525878369808197,-2.8365087928250432e-05
0.008882272988557816,0.0006526958313770592
-9.66670922935009e-05,-0.0005324747180566192
0.011562072671949863,0.0008061707485467196
0.004255556967109442,0.002355318982154131
-0.00066713010892272,0.0004597095539793372
0.00027003377908840775,0.003890631953254342
-0.00817838218063116,-0.010083664208650589
0.012674359604716301,0.05662443861365318
-0.0249057374894619,-0.039164312183856964
-0.005349581129848957,0.01594960130751133
0.06984323263168335,0.08585269749164581
0.0025998777709901333,-0.004468600265681744
0.022079871967434883,-0.0003617068286985159
0.0009120381437242031,0.004323677625507116
6.841844879090786e-05,-0.00013503688387572765
0.0009094465640373528,0.0004203946446068585
0.0013998254435136914,0.0047179232351481915
-0.027766957879066467,-0.027542447671294212
0.004218582063913345,0.0009949456434696913
0.021047022193670273,-7.936888141557574e-05
-9.572692215442657e-05,-0.013389973901212215
0.004016569349914789,0.00031343719456344843
0.003995274193584919,0.0005738325999118388
0.00275647034868598,-0.0015515852719545364
0.0002923161955550313,0.0028492575511336327
0.021661510691046715,0.0022094030864536762
0.007550348993390799,-0.00025019096210598946
0.0012889256468042731,0.0004313528770580888
0.0018272832967340946,-0.004664747975766659
0.04862159490585327,-0.00289483112283051
0.0024068790953606367,0.023226046934723854
0.00047817701124586165,0.003727978328242898
0.005007703322917223,-0.001074303756467998
0.0004774258122779429,-0.0007486038957722485
0.0003775122750084847,0.0004671464266721159
0.00018715998157858849,0.00013330619549378753
0.00011010879825334996,0.0009122081100940704
0.01380741037428379,-0.00019819813314825296
-0.0017131248023360968,-0.0031607209239155054
0.003354917746037245,-0.0008427751599811018
0.0007960677030496299,6.46475818939507e-05
0.03172438591718674,0.0009150906116701663
0.0010837985901162028,0.00850363913923502
0.0008818433852866292,0.004497098736464977
3.18038510158658e-05,0.0009824283188208938
-0.004626512061804533,-0.004611572716385126
5.4433534387499094e-05,0.002458639908581972
0.0025930677074939013,-0.0012887135380879045
-0.00030106311896815896,0.011019909754395485
0.007706797681748867,0.0029349555261433125
0.0008746323292143643,0.0026503587141633034
0.025310952216386795,0.01144781056791544
-0.0034996308386325836,-0.006013552658259869
-0.0013661766424775124,-2.752058207988739e-06
-0.002975103911012411,-0.004431911278516054
-0.0014118594117462635,-0.0036949480418115854
0.005269663408398628,0.015527174808084965
-0.001139916363172233,-0.0010412647388875484
0.0014341521309688687,0.005746577400714159
0.0035440956708043814,0.002330718794837594
-0.003055053763091564,-0.0026125020813196898
0.001489096786826849,1.9417639123275876e-05
-0.0008552810177206993,-0.0006980509497225285
0.018769752234220505,0.003962310031056404
-0.0367715023458004,-0.04088496044278145
0.014612787403166294,0.006513144820928574
0.01347619853913784,0.00929922517389059
0.007797794882208109,9.158600732916966e-05
-0.0025276285596191883,-0.0031470798421651125
0.05498506501317024,-0.001108012511394918
0.0004580432432703674,0.011665794998407364
0.005887344479560852,0.0017308910610154271
0.0016417907318100333,-0.0008198729483410716
-0.04215335473418236,0.017291709780693054
0.0013590548187494278,-0.0025624260306358337
0.001694065285846591,1.3979231880512089e-05
0.0029077560175210238,0.33447200059890747
-0.04231170564889908,-0.012186769396066666
0.018773704767227173,0.008577635511755943
0.0020955700892955065,0.011914383620023727
0.0002993248635903001,0.005542399361729622
0.006432628259062767,0.017610538750886917
0.002318059792742133,0.00014021334936842322
0.05722053349018097,0.007526300847530365
0.010255346074700356,0.01147446408867836
0.00178759905975312,0.0003533797280397266
0.004500885959714651,0.0035404684022068977
0.0016781275626271963,-9.229597344528884e-05
9.049344225786626e-05,0.0042112418450415134
0.0035162775311619043,-0.0001628758618608117
0.005023092031478882,-0.0025568134151399136
0.04955807700753212,0.0007904404774308205
0.010012595914304256,0.0024616059381514788
0.007797794882208109,9.158600732916966e-05
0.005473095458000898,0.0024721045047044754
0.0011252362746745348,0.0027435137890279293
-0.0003602482611313462,0.05886782705783844
0.06346425414085388,-0.0009955537971109152
0.011396829038858414,-0.00043287931475788355
0.0035282238386571407,0.0001492785959271714
0.0001984252012334764,0.0018597196321934462
-0.03443210572004318,-0.05731576308608055
0.002397194504737854,0.010971564799547195
0.004518996458500624,-0.0010877111926674843
0.06737013906240463,0.006569508463144302
0.0017866489943116903,0.0036119986325502396
0.0017950163455680013,0.001260589575394988
0.14605110883712769,0.002920316532254219
0.003022163175046444,0.00025109644047915936
0.0032705729827284813,0.0020889053121209145
0.0053639174439013,0.0015486180782318115
-0.0009990377584472299,-0.001400394830852747
6.977288285270333e-05,0.005979776382446289
0.0029036852065473795,-1.3999699149280787e-05
8.024799171835184e-07,0.002901395782828331
0.010398692451417446,0.00045988301280885935
0.010001208633184433,0.0019370070658624172
-0.06924670934677124,-0.08423840254545212
0.0015253452584147453,0.0005849777953699231
0.0029275077395141125,0.0025605647824704647
0.0002447881270200014,-0.0006724703125655651
0.00038108398439362645,0.01036610547453165
0.006838494911789894,0.02195126935839653
0.015890315175056458,-0.0075635043904185295
0.0008931408519856632,0.0003882182063534856
0.0010283319279551506,0.0023619658313691616
-0.004766874946653843,-0.005494444631040096
0.003582743462175131,-0.00026083586271852255
0.06643764674663544,-0.03946131467819214
-0.00036948779597878456,-0.0007898606127128005
-0.0011180066503584385,-0.0013561465311795473
0.0063729011453688145,0.0007600995595566928
0.0030552034731954336,0.0005947435274720192
9.949013474397361e-05,0.005496017634868622
0.018236888572573662,-0.01723240129649639
0.004771530162543058,0.0007599941454827785
0.001253114896826446,-0.0005404625553637743
0.0019136223709210753,0.003076354041695595
-0.0038751759566366673,-0.005791742354631424
0.016673218458890915,0.027274079620838165
0.009927855804562569,0.009435179643332958
-0.0009152492275461555,-0.0011929176980629563
0.0031180770602077246,0.0008712979033589363
0.000751800078433007,0.0032191320788115263
0.00255483272485435,0.0002897953672800213
0.0014867716236039996,0.011839531362056732
0.009507762268185616,-0.01200740784406662
-0.00021421769633889198,0.0006787488237023354
0.01403217762708664,0.003098666202276945
0.0009815931553021073,0.013818674720823765
0.0004774258122779429,-0.0007486038957722485
0.022625092417001724,-0.002235160209238529
0.0013312717201188207,0.0008204550831578672
0.0025480003096163273,0.00205529248341918
0.0005459179519675672,0.02311675436794758
0.0029036852065473795,-1.3999699149280787e-05
7.989420555531979e-05,0.002180085750296712
0.0169796422123909,-8.264253847301006e-05
8.495889778714627e-05,0.003099508583545685
0.018785510212183,0.003811297006905079
0.01256305817514658,0.003155139274895191
0.0008809043210931122,0.0006980799953453243
-0.000675892224535346,0.002355310833081603
0.001964445225894451,0.021436255425214767
0.006663504987955093,0.0030149160884320736
0.00023804232478141785,-0.0006615943857468665
0.010956515558063984,0.001049150014296174
0.009553210809826851,0.00043346238089725375
0.007425699383020401,0.004339965991675854
0.017457270994782448,0.005819232203066349
-0.006351221352815628,-0.010900341905653477
0.0011956547386944294,0.007656771223992109
0.00261628907173872,9.124559437623248e-05
0.0065451618283987045,0.0003899321018252522
0.0030716995242983103,0.008031043224036694
0.010024666786193848,0.001980614848434925
0.000722250435501337,0.015639573335647583
0.007961729541420937,0.0030081814620643854
0.0053183650597929955,0.020244766026735306
-0.00026941264513880014,0.0034775659441947937
0.0010592819890007377,0.0011800829088315368
-0.003848735708743334,0.009408344514667988
0.0023961439728736877,9.056807903107256e-05
0.0026226777117699385,0.0006880584987811744
0.003443495836108923,0.019135436043143272
0.0013331720838323236,0.00237710727378726
0.0038629560731351376,0.0003482296015135944
0.0052284300327301025,-0.0007702488219365478
0.002759732538834214,0.029640715569257736
-0.003687104443088174,-0.0042283739894628525
0.000696349423378706,0.024546196684241295
0.0028382143937051296,0.0037482050247490406
0.0015845211455598474,0.007557048927992582
0.0009859412675723433,0.00023624335881322622
-0.003569058608263731,-0.005628521554172039
0.09115602821111679,-0.0006131959380581975
0.002866145921871066,0.014217698015272617
0.022337863221764565,-0.0005238975863903761
0.001921693910844624,-0.0007467655232176185
0.03501613810658455,0.001089567202143371
-0.0006807433674111962,0.0032572909258306026
0.0004774258122779429,-0.0007486038957722485
0.03375350683927536,0.0012625236995518208
0.0007178798550739884,0.0034148842096328735
0.004045217763632536,0.00021793198538944125
-0.00018238206394016743,-0.0007875861483626068
-1.4415229088626802e-05,0.0011999253183603287
0.02451985701918602,0.0019036612939089537
0.0030234316363930702,8.499602699885145e-05
0.0056759268045425415,0.0011175342369824648
0.011419560760259628,-0.0012915725819766521
-0.0034589767456054688,-0.00443255202844739
0.028676742687821388,0.0009048318024724722
0.005767129361629486,0.03405066579580307
0.002970087807625532,0.000137486174935475
-0.0002485695295035839,-0.0012782138073816895
0.012180488556623459,0.07263963669538498
0.0042104218155145645,0.0036527318879961967
0.00890326127409935,-0.004691983573138714
0.00818577129393816,-0.003014080924913287
0.0020516456570476294,0.0006655391771346331
-0.02850886806845665,-0.03025066666305065
0.0044926428236067295,0.004459944553673267
0.00896634440869093,-0.0034648387227207422
-0.0005872052861377597,-0.0012805418809875846
-0.0011824758257716894,-0.0028171641752123833
0.010444991290569305,0.0021999257151037455
0.0001810840331017971,-0.0028505874797701836
-0.004293037578463554,0.25091442465782166
-0.00032263199682347476,-0.0006012564990669489
-0.006682123057544231,-0.007893451489508152
0.013323440216481686,-1.2732387403957546e-05
0.0009274116018787026,0.02247564122080803
0.033923693001270294,-0.0011605822946876287
-9.714567568153143e-07,-0.0002966284519061446
-0.00013585819397121668,0.0010237274691462517
-0.0007915760506875813,-0.0006474210531450808
0.0011163809103891253,0.01140683889389038
1.2382806744426489e-05,0.0011450164020061493
0.001240458688698709,0.001591622713021934
-0.0009152492275461555,-0.0011929176980629563
0.0178447924554348,0.005093881860375404
-0.02197900228202343,-0.02133967913687229
-0.0037227608263492584,-0.012440627440810204
-0.0041203065775334835,-0.003757301950827241
0.0009614569135010242,0.0001513576426077634
0.00026552798226475716,-8.890751632861793e-05
-0.007708127144724131,-0.011707589961588383
0.001258307951502502,0.0091935396194458
0.011276892386376858,0.4918234050273895
-0.027965476736426353,-0.025470493361353874
0.01313136424869299,0.00016919149493332952
0.010439819656312466,0.0008408135618083179
0.015342042781412601,0.0021753781475126743
-0.18224094808101654,-0.18335029482841492
0.010764709673821926,4.720487049780786e-05
-0.03252289444208145,-0.03433702886104584
0.0007925413083285093,0.0002759704366326332
0.01825992576777935,0.0019686727318912745
0.005428963340818882,-0.000784556264989078
-0.0002503498690202832,0.0031530004926025867
-0.0007611340843141079,0.019082631915807724
0.0040588718838989735,0.005045760422945023
0.006240061949938536,0.00047908781562000513
0.010620800778269768,-0.0006576398154720664
0.005322805605828762,-0.00017293798737227917
0.0011935422662645578,-0.00018028133490588516
0.0016210702015087008,0.0008860662928782403
0.001600828254595399,-0.002778732916340232
-0.0025458394084125757,-0.003932548686861992
0.005875580944120884,0.006098452024161816
0.03802260383963585,0.050735898315906525
-0.028231564909219742,-0.049973733723163605
-0.013878025114536285,-0.00843761581927538
-0.0003137564053758979,0.0003197615733370185
0.00263182632625103,0.00931787770241499
0.010234232991933823,0.0021388602908700705
8.08637123554945e-05,0.0009542115731164813
-0.006207901984453201,-0.013952922075986862
0.0017497134394943714,0.0024585716892033815
0.004054156597703695,0.003673992119729519
0.00542930793017149,0.0032094756606966257
0.0034546428360044956,0.0010649540927261114
-0.030118416994810104,-0.03566068783402443
0.011561022140085697,0.004995214752852917
0.012860676273703575,0.00047850364353507757
0.0005404243129305542,0.00020998349646106362
0.004264721646904945,0.0004921888466924429
0.00034003419568762183,0.00029392034048214555
0.0051122186705470085,0.006006172858178616
0.0020458344370126724,0.0242257472127676
0.0007474389858543873,-0.0034435372799634933
0.01888221502304077,-0.0034169978462159634
0.0007786245550960302,-6.501213647425175e-05
0.05997232347726822,0.0020936280488967896
0.00018085399642586708,-0.00445227324962616
0.006308387033641338,-0.007526653353124857
0.004444917663931847,0.002236511092633009
0.04485166072845459,0.007797562051564455
0.007637890055775642,0.00033576105488464236
-0.0025878879241645336,-0.005710827652364969
-0.00391814112663269,-0.003428360912948847
0.0063040428794920444,-3.6755402106791735e-05
0.011757336556911469,0.0076421513222157955
0.003758626524358988,0.1072092354297638
0.004444917663931847,0.002236511092633009
0.0009793099015951157,0.00046132548595778644
0.022290728986263275,-0.012341586872935295
-0.005377523601055145,-0.006969958543777466
0.018379464745521545,0.004455245099961758
0.023064024746418,0.0028072460554540157
0.0024315007030963898,-5.511520430445671e-05
0.01915525458753109,-6.216891051735729e-05
0.06811664998531342,-0.0013317372649908066
0.008454292081296444,0.0014716173755005002
0.02408653497695923,0.0035188118927180767
0.08208520710468292,0.0008476237417198718
0.016827644780278206,0.03879772871732712
0.006729272194206715,0.0007777734426781535
0.2874893546104431,-0.0017888436559587717
-0.007977508008480072,-0.009748564101755619
-0.026813704520463943,-0.029114942997694016
0.006248958874493837,0.007793462835252285
0.0021495595574378967,0.0005072543863207102
0.012653152458369732,0.6288703680038452
-0.0031377379782497883,0.0035756025463342667
0.011462876573204994,0.0048343646340072155
0.0022624977864325047,-0.0006684230174869299
0.006134468130767345,0.001809498993679881
0.005339768715202808,0.0057721808552742004
0.00010832201223820448,0.08391287177801132
-0.023514242842793465,-0.02568434737622738
-0.00018238206394016743,-0.0007875861483626068
-0.0001386837102472782,-0.0023218465503305197
0.03933019936084747,3.711089084390551e-05
0.0059769959188997746,0.001211601891554892
0.11159298568964005,-0.0021644090302288532
0.0010551271261647344,0.0011642890749499202
0.010233432985842228,0.0009347433224320412
0.001889699138700962,0.00047144960262812674
-0.0014482419937849045,-0.0042733121663331985
0.0032936474308371544,0.0035463969688862562
0.3285563290119171,0.002889019437134266
0.0041460092179477215,8.585116302128881e-05
0.0014725527726113796,0.008552966639399529
0.002280716085806489,0.001854882575571537
-0.08064353466033936,-0.08120602369308472
0.003036380745470524,0.01672384887933731
0.0007796027348376811,-0.00017626816406846046
0.02544223703444004,0.0008800394716672599
0.0022648628801107407,-0.0013445898657664657
-0.00024306378327310085,0.007555400487035513
0.0007008590619079769,0.000422159384470433
0.008449021726846695,0.0009756108047440648
-0.0018746682908385992,-0.003015712834894657
0.0007982627139426768,0.00017507649317849427
0.00028964775265194476,-2.801403752528131e-05
-0.003707434982061386,-0.003949559759348631
0.013146358542144299,0.002662467071786523
0.0076243760995566845,-0.00032889234717004
0.03626655414700508,0.00014732236741110682
0.00488117104396224,0.004022048786282539
-0.005485060624778271,-0.006735324393957853
0.00011370424181222916,-0.0005011468892917037
0.003016154747456312,0.0016020815819501877
0.0012450633803382516,0.004058447200804949
0.001528067165054381,0.011878447607159615
0.0036427027080208063,0.020480770617723465
0.1767796277999878,-0.01195929478853941
0.02031783014535904,0.0027168600354343653
-0.0003625625977292657,-0.0012606293894350529
-0.0016798446886241436,-0.004485183395445347
0.003088331548497081,0.023277536034584045
-0.0004594934871420264,-0.001713674864731729
0.0007570339366793633,-0.003829343244433403
0.0022320467978715897,0.009107931517064571
-0.0999096930027008,-0.04060143604874611
-0.1379484236240387,-0.09449246525764465
-0.0034250731114298105,-0.00483001908287406
0.004828943405300379,-0.0013737073168158531
0.0018909163773059845,-0.0046555520966649055
0.00037712673656642437,0.002993867266923189
0.021195586770772934,-0.00030084903119131923
-0.0019411735702306032,-0.001295942347496748
0.0029036852065473795,-1.3999699149280787e-05
0.021926632151007652,0.0011301108170300722
0.01576225273311138,0.0007471698918379843
-0.0006949814269319177,-0.0013077744515612721
-0.03387308493256569,-0.06810793280601501
-0.04256051033735275,-0.004455726593732834
0.002187444129958749,-0.0003128466196358204
-0.004143184050917625,0.022796345874667168
0.0014349262928590178,0.022864289581775665
-0.0018894849345088005,-0.0006402214057743549
-0.004766874946653843,-0.005494444631040096
0.0031047218944877386,0.01732390932738781
0.008084156550467014,0.00031653305632062256
0.017358893528580666,0.0007398854359053075
0.011774217709898949,0.0007092591840773821
0.001736968057230115,0.03001757711172104
0.0010058600455522537,-0.006053922697901726
8.030992466956377e-05,0.0010934971505776048
0.0012393845245242119,0.0002708288375288248
0.004692366346716881,0.0030718217603862286
-0.0069947270676493645,0.08087585121393204
0.0037408347707241774,0.00027310950099490583
0.012523410841822624,0.0005066210869699717
-0.00172701186966151,0.0002568636555224657
-0.04664560407400131,-0.059333302080631256
6.842068978585303e-05,0.0006650025025010109
0.0009680588846094906,0.006924827117472887
0.017754506319761276,0.0038954047486186028
0.0007912724977359176,0.024006303399801254
0.0024599265307188034,-0.00024646453675813973
0.0017977547831833363,0.0016507294494658709
0.01089857891201973,0.0681443065404892
0.0014934256905689836,0.0028096449095755816
0.006420058198273182,0.0028516838792711496
1.7675221897661686e-05,0.0001598551170900464
0.008128378540277481,0.00867274310439825
0.00024760118685662746,0.008487026207149029
0.0013401806354522705,0.001105709932744503
0.00030849670292809606,-0.00014388836279977113
0.00033242200152017176,0.039867982268333435
0.0013857234735041857,0.0009466042392887175
0.06029916927218437,-0.05510640889406204
-0.014153367839753628,-0.015310754999518394
-0.011537685059010983,-0.012661620043218136
0.015691330656409264,0.0008581224828958511
0.08751477301120758,0.004437543917447329
-6.141886115074158e-05,-0.0029515959322452545
0.00367954489775002,0.0004665000014938414
-0.07200869172811508,-0.07329020649194717
0.004983135964721441,-0.0007418121676892042
0.0053618610836565495,0.000893555348739028
0.005561536177992821,0.026572128757834435
0.0029036852065473795,-1.3999699149280787e-05
0.0111848758533597,-0.0011426114942878485
0.0024338560178875923,0.00528538366779685
-0.018202953040599823,-0.01969815604388714
0.01611049473285675,-0.02447022870182991
0.004328410141170025,-0.0005040286341682076
0.0005035600042901933,0.0030613932758569717
0.0064213392324745655,0.00343073601834476
0.08965963125228882,0.03337042033672333
0.0067603630013763905,0.00020836852490901947
0.002417410723865032,0.4023279547691345
0.03187160938978195,0.0013514960883185267
0.03168858587741852,0.00041358114685863256
0.0012658585328608751,4.268174234312028e-05
0.003073784988373518,0.0005206268397159874
0.003659997833892703,0.00953629706054926
0.004715990740805864,0.00198102043941617
0.0009120381437242031,0.004323677625507116
0.008223728276789188,0.0010190668981522322
-0.02850886806845665,-0.03025066666305065
0.0017523178830742836,0.010254108346998692
0.013360884040594101,0.0008657574071548879
0.02220870554447174,0.07367897033691406
0.0061183818615973,0.0024692618753761053
0.0020113366190344095,-0.00035733578260987997
0.006396682932972908,0.0016158082289621234
0.002187444129958749,-0.00031518086325377226
0.0002633058466017246,-0.0043724714778363705
0.006820511072874069,0.0003128893440589309
0.0005001639947295189,-0.0048402585089206696
0.00966456439346075,0.0058118547312915325
0.004218582063913345,0.0009949456434696913
0.001128584612160921,0.0004372578114271164
0.0037863608449697495,0.00033762911334633827
0.001618213253095746,0.0002429729065624997
0.00017002162348944694,0.001273614470846951
-0.03749290108680725,-0.039525356143713
0.0010592819890007377,0.0011800829088315368
0.0010283319279551506,0.0023619658313691616
0.0013631314504891634,0.000556881248485297
-0.005786366760730743,-0.006958364974707365
0.020518915727734566,-0.0013483099173754454
-0.002194092608988285,-0.0013049391563981771
0.0036367434076964855,-5.995394894853234e-05
0.00280533405020833,-0.00011898797674803063
-0.01725054904818535,-0.015986163169145584
0.004610261879861355,0.0003915653214789927
0.0007851703558117151,0.00018063491734210402
0.0006698353681713343,-0.003245424246415496
-0.0008427102584391832,-0.0015425441088154912
0.003672510152682662,0.0024658995680510998
0.001586869009770453,0.0009301490499638021
0.016737820580601692,-0.0002325829118490219
0.055373746901750565,0.00831301137804985
0.001729835057631135,0.00685940170660615
0.0029459854122251272,0.046527761965990067
0.014936133287847042,1.5758967492729425e-05
0.004218582063913345,0.0009949456434696913
0.014482994563877583,0.0004591647593770176
0.013965489342808723,0.02541159652173519
0.007693429011851549,0.0015037708217278123
0.0029275077395141125,0.0025605647824704647
0.0003693149774335325,-0.00019972765585407615
0.005285009276121855,0.006196999456733465
-0.0027490328066051006,-0.003565944731235504
0.01755421794950962,0.001872963854111731
0.0015913936076685786,0.008726303465664387
-0.0016738253179937601,-0.0015866645844653249
0.024131635203957558,0.01976945623755455
0.06744276732206345,-0.007973037660121918
0.0005789811257272959,0.002252502366900444
-0.003825532039627433,-0.00024522352032363415
0.00035939388908445835,8.971652277978137e-06
0.004333867225795984,0.0005872286856174469
0.00020991888595744967,0.00040127045940607786
0.0084780128672719,4.799076123163104e-07
0.0014331446727737784,0.001877366565167904
0.05087299272418022,0.005080782808363438
0.028385300189256668,-0.03378540650010109
0.006986826658248901,-0.00010923121590167284
0.0006054106052033603,0.0005319670890457928
0.006421410944312811,0.006644478999078274
0.0015900052385404706,0.1581902951002121
-0.013400336727499962,-0.013491140678524971
0.0034387584310024977,0.00022091179562266916
-0.0009619384072721004,-0.0012325829593464732
0.009417885914444923,-0.0008004868868738413
0.017111752182245255,-0.0013176427455618978
0.014855809509754181,0.00029410701245069504
0.005859177093952894,0.0005012635374441743
-0.00011048981104977429,0.0016707906033843756
0.001478375867009163,0.00551103800535202
-0.0593494176864624,-0.059787556529045105
0.0002409286971669644,0.03037596307694912
0.006965652108192444,0.0025689222384244204
-0.006295538041740656,-0.003698275424540043
-0.00030780513770878315,0.018297165632247925
0.005646305158734322,0.00024035570095293224
0.0010608348529785872,0.00372709590010345
-0.00033435889054089785,-0.0008198729483410716
0.0008009616285562515,-0.002827408956363797
0.00319478171877563,0.030201617628335953
0.0009284264524467289,0.06896855682134628
0.0013433466665446758,0.00018416933016851544
-0.032932884991168976,-0.03595012426376343
0.003855278016999364,0.000137048598844558
-0.00759323313832283,-0.005516157951205969
0.1094624325633049,0.013710832223296165
0.008665317669510841,0.0038500172086060047
0.023167727515101433,0.006918122060596943
-0.051812175661325455,-0.053799983114004135
0.0005835088668391109,0.00019497738685458899
0.09257332980632782,-0.0014351808931678534
0.03364776819944382,0.05721646547317505
0.00021299361833371222,0.0009333353373222053
0.0033574854023754597,0.004776780027896166
-7.2106486186385155e-06,0.00017754100554157048
0.0017473268089815974,0.002386914798989892
0.00565531337633729,0.0018161796033382416
0.0017727731028571725,0.002191172679886222
-7.004197686910629e-05,0.012047301046550274
0.0017409471329301596,0.0500776432454586
0.010366897098720074,0.00046008965000510216
-0.001695570070296526,-0.002190563827753067
0.034107815474271774,-0.004637329839169979
-0.008119946345686913,0.0315498486161232
0.0009349316824227571,-0.0024482542648911476
-0.02850886806845665,-0.03025066666305065
0.0023164679296314716,0.0002797995985019952
0.0004980670637451112,0.21167869865894318
0.001880105584859848,0.007891243323683739
0.06106620281934738,-0.006294083781540394
-0.011027801781892776,-0.001843716949224472
0.0004966168198734522,0.00014263438060879707
0.0011880912352353334,0.0002290912379976362
0.0018388463649898767,0.00042933117947541177
0.004242057912051678,-0.001573625486344099
-0.001947060227394104,0.01445639319717884
0.004802756942808628,5.79722982365638e-05
-0.014916515909135342,-0.011097687296569347
0.0004774258122779429,-0.0007486038957722485
0.000498334295116365,0.009394880384206772
0.0033583350013941526,0.00295326579362154
0.0007849240791983902,0.0007132388418540359
0.012736525386571884,-0.00020380243950057775
0.0056607965379953384,0.005794237833470106
0.010714610107243061,0.0006410615751519799
0.0031898401211947203,0.0017019474180415273
-0.027682214975357056,-0.02158014290034771
-0.0005496968515217304,0.0035275351256132126
0.0021310881711542606,0.0008920845575630665
0.002711143111810088,0.01654689759016037
0.01720440573990345,0.00013854829012416303
0.00598714966326952,0.0003729809250216931
0.01671796664595604,-0.011053263209760189
0.00997978076338768,-0.0007448212709277868
0.008074943907558918,0.002158794552087784
0.00047399167669937015,0.002724394202232361
0.009759604930877686,0.0014746340457350016
0.0007503367960453033,0.01687926985323429
0.011959463357925415,0.001795595046132803
-0.0007320637814700603,-0.0021535265259444714
0.007577616721391678,0.004172749351710081
0.023902185261249542,0.0019425256177783012
0.00017395964823663235,0.0008122494909912348
0.0012335467617958784,0.0015428428305312991
0.05298016965389252,0.00030112845706753433
-0.00918586179614067,-0.039204392582178116
0.00028254929929971695,-0.0023675726260989904
0.005358260124921799,0.00035887444391846657
0.004522643052041531,0.016119660809636116
0.0013485639356076717,-0.0022936591412872076
0.0032940367236733437,-0.003634938970208168
-0.0013718546833842993,0.0011734669096767902
3.354751970618963e-05,1.434297882951796e-05
-0.018202953040599823,-0.01969815604388714
0.005745341069996357,-0.002537458436563611
0.0015582627383992076,0.006500499323010445
-0.00010438513709232211,-0.0005708843818865716
0.00043030339293181896,0.0017646056367084384
0.002713471185415983,0.0019389187218621373
0.0015611613634973764,0.0013825136702507734
0.014847276732325554,0.010937273502349854
0.005272728856652975,-0.0039550247602164745
0.0041888803243637085,-0.0018609755206853151
0.003984576091170311,0.0017698232550173998
0.0025381860323250294,0.0012006164761260152
0.005612201057374477,0.0024415103252977133
0.01931219920516014,0.013590525835752487
-0.0021677203476428986,-0.003958967514336109
-0.00033667986281216145,-0.0019822714384645224
0.0006667303387075663,-0.00046887178905308247
0.04981246218085289,0.016845237463712692
0.004398873075842857,-0.0013748012715950608
0.0010673054493963718,-0.0005758276674896479
0.011883764527738094,0.0005548116168938577
0.012008564546704292,0.0018975179409608245
0.0030664110090583563,0.0067331837490201
0.001140886452049017,0.004478098824620247
0.004218582063913345,0.0009949456434696913
0.00034546482493169606,-0.00019588139548432082
0.012820667587220669,0.00010997298522852361
0.0034366927575320005,0.0016163850668817759
0.0005847433349117637,0.0030963269528001547
0.0024529071524739265,-0.006200973875820637
0.0009900553850457072,0.00024818690144456923
0.002936166012659669,0.004792988300323486
0.005240316037088633,0.0024829816538840532
-0.0005016353097744286,0.02040795236825943
-0.032804232090711594,-0.03447867929935455
0.000439225957961753,0.0028418574947863817
-0.0015859140548855066,0.028574543073773384
0.004776709247380495,0.0005454258061945438
0.001048282952979207,0.0007199153187684715
-0.001748640206642449,0.003613246837630868
0.009768268093466759,-0.00026820061611942947
0.001316141220740974,-0.0005769312847405672
0.0006639996427111328,-0.00018748367438092828
0.00028635188937187195,0.016182975843548775
0.001645092386752367,-0.0008254669373854995
0.010944888927042484,0.04654689505696297
0.00011561624705791473,-0.00043378392001613975
0.0004774258122779429,-0.0007486038957722485
-0.0006953376578167081,0.0073530226945877075
0.0025946039240807295,0.0068055978044867516
0.011125740595161915,0.007365713827311993
0.007599219214171171,0.0031338445842266083
0.000578404578845948,0.030286483466625214
0.008825975470244884,0.00066211266675964
0.0020062699913978577,0.006946570705622435
-0.22485913336277008,-0.22548066079616547
0.01209170650690794,0.005952897481620312
0.17479947209358215,0.015523543581366539
0.021821029484272003,0.00784599594771862
0.007922389544546604,0.012558916583657265
-0.002065969631075859,-0.005375303328037262
0.011959463357925415,0.001795595046132803
0.0035162775311619043,-0.0001628758618608117
-0.0032201220747083426,-0.0063404212705791
0.00010980444494634867,0.0016348421340808272
0.02390579879283905,0.002638754900544882
0.0015973692061379552,0.0006251463200896978
0.0010058600455522537,-0.006053922697901726
0.0017259351443499327,-0.0019947930704802275
0.005107704550027847,0.00020674642291851342
-0.00017215465777553618,0.000523738213814795
0.002077511278912425,-0.0003513726405799389
0.003935470245778561,0.005613618530333042
0.0028178850188851357,0.0038997263181954622
0.0005024776328355074,0.004263878334313631
0.008592057973146439,0.004794801119714975
0.005320253781974316,-0.000784556264989078
0.000280153239145875,0.003705714363604784
0.00025340725551359355,0.0002771500439848751
-0.005974737461656332,-0.007877841591835022
0.003133027581498027,-0.0001892558066174388
0.0018719752551987767,0.0005904720746912062
0.011422999203205109,0.006388084497302771
0.003957150503993034,-0.0007903019431978464
0.06351568549871445,-0.002195952460169792
0.02765180915594101,-0.0010148240253329277
0.09320513904094696,0.012392641976475716
0.21152925491333008,0.0031485266517847776
0.009194445796310902,-0.00015787675511091948
0.0022550979629158974,0.00011246592475799844
0.007938306778669357,0.0064296419732272625
0.050224535167217255,0.0005913970526307821
0.0009297217475250363,0.005653270985931158
-0.0018541701138019562,-0.013952694833278656
0.0010290138889104128,0.00039054517401382327
0.016079960390925407,0.020923620089888573
0.009293632581830025,0.0006518142763525248
0.0006181034259498119,0.0017068547895178199
0.015828538686037064,0.0022603310644626617
0.000589810311794281,0.0012813014909625053
0.008512958884239197,-0.001400177599862218
0.15815071761608124,0.03768572211265564
0.008259444497525692,-0.000545781571418047
0.0008080838597379625,0.000667055428493768
0.007035115268081427,0.0032186564058065414
0.00966456439346075,0.0058118547312915325
0.00674990750849247,0.010479445569217205
0.007402140647172928,0.00042879063403233886
0.003427775576710701,0.00016732735093683004
0.00112164078745991,0.0038525527343153954
0.00014650356024503708,0.0032228706404566765
0.028812013566493988,0.045623112469911575
-0.1547754406929016,-0.154116690158844
0.03901182860136032,-0.01326901838183403
-0.0006349699106067419,0.0022414643317461014
0.005654903594404459,-0.0003542443737387657
0.003381735645234585,0.010495259426534176
0.00019253563368692994,0.00814898032695055
0.0026321785990148783,-0.0008819195791147649
0.004609288182109594,0.0005908901803195477
0.003438951913267374,-0.002066896529868245
0.03172438591718674,0.0009150906116701663
0.0010155854979529977,-0.0008876313804648817
0.020462187007069588,-0.0054588657803833485
0.005082218442112207,-0.0026157863903790712
0.0018328963778913021,0.000144911406096071
0.0004113719332963228,-0.00310464296489954
0.013911775313317776,0.0010684194276109338
-0.03252289444208145,-0.03433702886104584
-0.0009843852603808045,0.0008387260604649782
0.01950768381357193,-0.0007526372792199254
0.00047790969256311655,0.0031566456891596317
0.001963105285540223,-0.0009713241015560925
0.0017030987655743957,0.002976602641865611
0.0030726923141628504,-0.00014473730698227882
0.0011188113130629063,-2.585380570963025e-05
0.005840247496962547,-0.00011858594371005893
0.019835028797388077,0.008624990470707417
0.002580793807283044,0.0024434663355350494
0.0011243987828493118,0.0008143436862155795
-0.001204836182296276,0.0009581923950463533
0.001880105584859848,0.007891243323683739
0.0027375291101634502,0.0017622660379856825
0.0004271474899724126,0.00021849153563380241
0.02985226735472679,0.001281244563870132
0.010731842368841171,0.023730676621198654
0.0031125538516789675,0.005423243157565594
0.0038598361425101757,0.009779107756912708
0.0007223819848150015,0.00027595795108936727
-0.001972855068743229,0.004064818378537893
0.0034431316889822483,-5.995394894853234e-05
0.006527119316160679,0.002865502145141363
-0.031100494787096977,-0.025911632925271988
0.003054634667932987,0.0011921229306608438
0.0023283683694899082,0.0005401488160714507
0.006197195500135422,-0.00016988208517432213
0.0023380699567496777,0.018706709146499634
0.0009120381437242031,0.004323677625507116
-0.0013588654110208154,0.0005894328933209181
0.06242489069700241,0.005830960813909769
0.03487140312790871,-0.0005731434212066233
0.0034155899193137884,0.003396832151338458
0.0008609010837972164,0.0009947847574949265
0.006006340496242046,-0.0012589021353051066
0.0004597622319124639,0.0029349839314818382
0.03333139792084694,-0.012343436479568481
0.00458877719938755,0.0004674054798670113
0.02133370377123356,0.03650673106312752
0.17867271602153778,-0.0022604388650506735
0.024561595171689987,-0.0035222170408815145
0.16126924753189087,0.046271421015262604
-0.0005888319574296474,-0.0021409005858004093
0.001099422457627952,0.0015672100707888603
-0.004000852350145578,-0.005389132536947727
0.009889050386846066,0.0005586762563325465
0.009042820893228054,-0.0013690164778381586
0.0002665205975063145,0.0016929868143051863
0.00038622014108113945,0.0016314610838890076
-0.0009993917774409056,-7.158028893172741e-05
-0.00013907323591411114,0.0004659546248149127
0.020163431763648987,-0.0007221444393508136
0.004122970625758171,0.0007621472468599677
0.001467261929064989,0.0006875633844174445
0.01142176054418087,-6.089662201702595e-05
0.004173735622316599,-0.004688762128353119
0.0026789805851876736,-0.0008416942437179387
-0.00013958397903479636,0.009889652021229267
0.0024779688101261854,0.006561617366969585
0.00022700949921272695,0.0008028228767216206
-0.0010322099551558495,-0.002653469331562519
0.07874220609664917,0.054805491119623184
-0.02824384719133377,0.15246494114398956
0.001471800496801734,0.0006182397482916713
0.004260080400854349,-2.4723849492147565e-05
-0.12075839936733246,-0.0207187682390213
0.002759732538834214,0.029640715569257736
0.0024599265307188034,-0.00024646453675813973
0.0004774258122779429,-0.0007486038957722485
-0.0061776768416166306,-0.004417674615979195
0.0012393845245242119,0.0002708288375288248
-0.00037573743611574173,0.002992506604641676
0.00023742931080050766,0.008420361205935478
0.0007840725593268871,-0.0008433888433501124
0.03878268599510193,0.009629828855395317
0.010858381167054176,0.000585116446018219
0.0004257133696228266,-9.109493112191558e-05
0.008732592687010765,0.009954547509551048
0.006276577245444059,8.441883255727589e-05
0.001240458688698709,0.001591622713021934
0.0108688585460186,-0.0020678003784269094
0.003925865050405264,0.0002335289173061028
-0.03750121220946312,-0.029402803629636765
-0.0008898686501197517,0.00285844667814672
-0.00156105007044971,-8.487841114401817e-05
0.003064769087359309,0.002019692910835147
0.009293632581830025,0.0006518142763525248
0.00143386609852314,4.000881381216459e-05
0.004221899434924126,-0.0021309033036231995
0.0016300586285069585,0.01196826621890068
-0.0022551207803189754,0.009473143145442009
0.032929278910160065,0.013805907219648361
0.002003173343837261,0.00020039547234773636
0.0009652507142163813,0.0024475709069520235
0.016636786982417107,0.0035862496588379145
0.014289640821516514,-0.0009839375270530581
-0.0006110500544309616,-0.000403073790948838
-0.014729240909218788,-0.017260482534766197
0.0028430635575205088,0.00036363513208925724
0.005454542115330696,0.0007979427464306355
0.004761874210089445,0.006131111644208431
0.0024848850443959236,-1.5550176613032818e-05
0.0010058600455522537,-0.006053922697901726
0.08637378364801407,0.0028418307192623615
0.02071256749331951,-0.006867737043648958
0.0008963524596765637,-3.157460014335811e-05
0.002403204096481204,0.0005146152107045054
0.12999866902828217,-0.000264112139120698
0.0005008091684430838,0.007266715168952942
0.002223602496087551,0.0019848409574478865
0.007263048551976681,0.016630716621875763
-0.05614541098475456,-0.05626261234283447
-0.00033667986281216145,-0.0019822714384645224
0.0001757031277520582,0.03006376139819622
0.0017087700543925166,0.0003151201526634395
0.06977289170026779,-0.0007968486752361059
0.0016508057015016675,0.0025931696873158216
-0.00033667986281216145,-0.0019822714384645224
0.0007666008314117789,0.0005290225963108242
0.01200882252305746,0.000908317684661597
-4.771270323544741e-05,-0.0011566384928300977
0.05997232347726822,0.0020936280488967896
0.00442842859774828,0.00025876087602227926
0.00367452553473413,0.007737393490970135
0.020547013729810715,-9.62659833021462e-05
0.018378226086497307,0.0006267569842748344
0.00017010541341733187,0.02847624383866787
-0.011247538030147552,0.0257126372307539
0.06618811190128326,0.0024723727256059647
0.0019276314415037632,0.002175245201215148
0.0007580553065054119,0.00492263725027442
0.009627960622310638,0.0010126108536496758
0.004131825175136328,3.79304910893552e-05
0.0011863079853355885,-0.0026933641638606787
9.395269444212317e-05,0.0017686737701296806
-0.005062790121883154,-0.005696270614862442
0.05140358954668045,0.0006747450679540634
0.007281613070517778,0.016440030187368393
0.0022388258948922157,0.004416561219841242
0.0018106985371559858,0.0024718367494642735
0.0015914126997813582,0.004529933445155621
-0.004159933887422085,-0.003463471308350563
0.0038854677695780993,-0.001549042179249227
0.0003983809729106724,0.00046132548595778644
0.006069238763302565,0.05201904475688934
-0.0007914794841781259,0.005705658346414566
0.004118428099900484,0.026096511632204056
0.03172438591718674,0.0009150906116701663
0.0044372715055942535,-0.00014313837164081633
0.016580745577812195,0.032175783067941666
0.00860685482621193,0.0036868741735816
-0.00010397244477644563,0.00015487981727346778
0.0031311828643083572,0.00012608864926733077
0.002232726663351059,0.0013343780301511288
-0.2438763529062271,-0.23720574378967285
0.022078029811382294,0.00601831404492259
0.037318404763936996,-0.0013972541783005
0.007128152064979076,0.009500688873231411
-9.223236702382565e-05,-0.0014131047064438462
0.004916848614811897,-0.0001451916468795389
-0.005317477975040674,-0.006074745208024979
0.002884517889469862,9.459006832912564e-06
0.009562409482896328,-0.011400272138416767
0.022361455485224724,0.015207039192318916
-0.000449465325800702,-0.0007830854156054556
-8.083530701696873e-06,-0.0008011320605874062
-0.0011809240095317364,0.006357661448419094
0.0005895663052797318,0.002903338987380266
0.003618252230808139,0.03139153867959976
0.012678458355367184,0.2258358895778656
-0.004895213060081005,-0.0044673229567706585
0.00027010534540750086,0.001510035595856607
0.012080500833690166,-0.0001832800917327404
0.01418448705226183,0.00010069999552797526
0.03219100832939148,0.003181289881467819
0.01967746578156948,0.0029689783696085215
-0.016961490735411644,-0.01390406209975481
0.003060455434024334,0.00558633403852582
0.014790397137403488,0.000645291234832257
0.005628503859043121,-0.0010089930146932602
0.0005750979762524366,0.0014070298057049513
0.0003822083817794919,0.03683627396821976
0.0022482573986053467,-8.258270099759102e-06
-0.0015270652947947383,0.0019444177160039544
0.0654292181134224,-0.003064434276893735
0.0021471986547112465,0.002495479304343462
0.010530857369303703,0.0208662748336792
0.0018850838532671332,0.002584210131317377
-0.0001024985103867948,0.14341823756694794
0.0030384245328605175,4.387364606373012e-05
0.00261628907173872,9.124559437623248e-05
0.006677392404526472,-0.003391848411411047
-0.004092955030500889,0.02221878245472908
-0.0002754637971520424,-0.0012359311804175377
0.029068415984511375,6.005433533573523e-05
0.0034640817902982235,0.0003573837166186422
0.026388373225927353,-0.0004774298286065459
0.00036765250843018293,-0.00017070025205612183
0.010315904393792152,0.004192642867565155
0.0025520443450659513,-4.6084081986919045e-05
0.000882171792909503,0.0006670490256510675
0.0021719406358897686,0.0002961503923870623
-0.03429384529590607,-0.03974301367998123
0.00025697919772937894,0.003053455613553524
-0.0008888635784387589,-0.007760860025882721
6.005386239849031e-05,0.01339002326130867
0.0002490065526217222,0.0018851986387744546
0.019709346815943718,-0.0013700657291337848
0.05997232347726822,0.0020936280488967896
0.00010540943912928924,0.004342688247561455
0.012578259222209454,0.0009628738625906408
-0.00018238206394016743,-0.0007875861483626068
0.00032526307040825486,0.00046681170351803303
0.013489434495568275,-0.0008113828953355551
0.012431319802999496,-6.420430145226419e-05
0.0001676871906965971,0.0159875750541687
0.0016852382104843855,0.0006526958313770592
0.0008400231599807739,0.004873381461948156
0.0028345684986561537,0.03555430471897125
0.007270441856235266,-0.0004364268097560853
0.0038829781115055084,0.02346271090209484
-0.04144832864403725,-0.043756574392318726
0.0001658867549849674,0.0001296439004363492
0.0023380699567496777,0.018706709146499634
0.0015226361574605107,-0.00029832986183464527
0.003254656447097659,0.0011614739196375012
9.200541535392404e-05,0.00209293095394969
0.0013631314504891634,0.000556881248485297
0.01198358554393053,-0.00021988735534250736
0.00011844981054309756,0.002108554821461439
0.00034717965172603726,0.015406273305416107
-0.001619228394702077,0.0002421429380774498
0.002487121382728219,0.01329840999096632
0.011647611856460571,0.0009568172972649336
0.007263048551976681,0.016630716621875763
0.00420992448925972,0.00011746757081709802
0.0020287795923650265,-0.006554558873176575
0.009114434011280537,0.002608873648568988
0.000680085620842874,0.008903434500098228
0.0019511503633111715,0.0005005981074646115
0.020107826218008995,-0.0021991662215441465
-0.020388495177030563,-0.033295392990112305
-0.011389735154807568,-0.011406765319406986
0.006017626728862524,0.0002268187963636592
-0.02023571915924549,-0.018464714288711548
-0.006704998202621937,0.007270066067576408
-0.007391678169369698,-0.007693743333220482
0.001971318619325757,3.836757969111204e-06
0.005119653884321451,0.0052272854372859
0.0010592819890007377,0.0011800829088315368
0.004348009824752808,-0.0002653924748301506
0.0006487785722129047,0.2037840634584427
0.010151269845664501,0.002215096727013588
-0.1207205206155777,-0.1283634901046753
0.0014242250472307205,-0.0037434310652315617
-0.02302601747214794,-0.013802344910800457
0.00799296610057354,0.014889789745211601
0.00966456439346075,0.0058118547312915325
0.0027736974880099297,-0.00019028183305636048
-0.0039735520258545876,-0.007257753983139992
0.005114033818244934,0.0005370309809222817
0.0014017012435942888,0.0019838071893900633
0.00013296410907059908,-0.001258958363905549
-0.0008935661753639579,-0.0017199525609612465
0.0002161503944080323,0.0012290487065911293
0.00828718300908804,-0.00011114226072095335
0.00022831355454400182,-0.00014939054381102324
0.0020705414935946465,0.0014092965284362435
0.010465945117175579,0.03856116533279419
-0.020220939069986343,-0.017449114471673965
0.014424864202737808,-3.822839789791033e-05
0.018207769840955734,0.0012075523845851421
-0.04513208568096161,-0.06914280354976654
0.004874455276876688,0.004399415105581284
1.3463548384606838e-05,-0.001057946588844061
0.003973858896642923,-0.00013861738261766732
0.00019243662245571613,0.0013793448451906443
-0.0009919358417391777,-0.009203770197927952
0.013254265300929546,0.002751225372776389
0.004975426476448774,0.0018069554353132844
0.013559851795434952,0.001535900984890759
-0.09473718702793121,-0.10064724087715149
-0.0027364161796867847,-0.0016737192636355758
0.005640930496156216,0.0012202193029224873
0.014288975857198238,-0.000684394093696028
0.024621181190013885,0.003460351610556245
0.0022860285826027393,0.0007061507785692811
0.002914920449256897,0.0014606877230107784
0.011757336556911469,0.0076421513222157955
-0.007018450181931257,-0.004943254869431257
0.0029081550892442465,0.002197250723838806
0.039675407111644745,-0.0004618308739736676
0.0010502663208171725,-0.00017971631314139813
0.2386404275894165,-0.05845034494996071
0.0010232500499114394,-0.0012055602855980396
0.002855513710528612,-0.003422017674893141
0.01802883669734001,0.0027554419357329607
0.015624349005520344,0.004600629210472107
0.004128068219870329,-0.00019434234127402306
0.00011773419100791216,-0.00042257679160684347
0.003514372743666172,8.750485721975565e-05
0.00910370983183384,-0.0027775797061622143
3.62292630597949e-05,0.0031832256354391575
-0.006254973821341991,-0.00634014280512929
0.039201460778713226,-0.001193359261378646
0.0010058600455522537,-0.006053922697901726
0.0009642437798902392,3.274242044426501e-05
-0.0006956247380003333,0.0032357110176235437
0.02279762178659439,-0.0013050592970103025
-0.0002830449375323951,0.0012921695597469807
0.0018388463649898767,0.007920339703559875
0.0005888809682801366,0.00016832875553518534
0.010981481522321701,0.05523933842778206
0.004796759691089392,0.0010004023788496852
0.0026226777117699385,0.0006880584987811744
-0.003687104443088174,-0.0042283739894628525
0.0006388019537553191,0.001788670546375215
0.007325171958655119,0.009958259761333466
0.013050226494669914,-0.00033678568433970213
0.0004774258122779429,-0.0007486038957722485
-0.02850886806845665,-0.03025066666305065
0.018481101840734482,0.0070612020790576935
0.008939535357058048,-0.0014164390740916133
0.000537920102942735,3.653197200037539e-05
-0.0005582352168858051,-0.0029005869291722775
-0.00839983206242323,0.04460301995277405
0.005740136373788118,-0.00015749147860333323
-0.004256177227944136,-0.005189735908061266
0.0008275321451947093,6.642157677561045e-05
0.03019142709672451,0.0010454605799168348
0.033798426389694214,-0.00994669459760189
0.013362031430006027,0.0005004213890060782
0.07231751084327698,0.0003707987489178777
0.033358629792928696,0.004998281132429838
0.0032267500646412373,0.00030832685297355056
0.009396644309163094,0.0015884789172559977
-0.006442819721996784,-0.006958364974707365
-0.00010778149589896202,0.03791441395878792
0.000278834777418524,0.003717186860740185
0.0012325139250606298,0.026873689144849777
0.0068635279312729836,0.015748191624879837
0.027655620127916336,-0.004452388733625412
-0.0007107681594789028,-0.0010414512362331152
0.00013662665151059628,0.0031846107449382544
-0.0405564159154892,-0.052620161324739456
0.031131915748119354,0.0014758086763322353
0.004888509400188923,-8.126541797537357e-05
0.00040587654802948236,-7.991917664185166e-05
0.005983537063002586,0.0007321431767195463
5.919035174883902e-06,0.0005562848527915776
0.003844683524221182,0.00015609580441378057
-0.011711660772562027,-0.013267962262034416
0.0045329066924750805,-0.0003449477662798017
0.010322412475943565,0.01783408783376217
0.0011249501258134842,-0.0004831094993278384
0.010069399140775204,-0.002091458532959223
0.0004917969927191734,8.431570677203126e-06
0.0009936634451150894,0.0016678485553711653
0.0007008590619079769,0.0003056009591091424
0.01084066741168499,-0.000613007228821516
0.0036749255377799273,0.07425277680158615
6.818724796175957e-05,-0.0038833660073578358
-0.011146558448672295,0.0014179116114974022
0.013517525047063828,0.017903391271829605
0.0052772946655750275,-0.006975884083658457
0.0019798181019723415,0.0024437271058559418
0.009144892916083336,0.0008017877698875964
0.001270670909434557,-0.0005423483089543879
0.010503788478672504,0.06275162845849991
-0.0005708655808120966,-0.00018317252397537231
0.07819651812314987,0.1798379272222519
0.001867873826995492,0.0024920213036239147
0.00021688666311092675,0.0012369919568300247
0.005830330774188042,0.0003855678951367736
0.0014336934546008706,0.02295794151723385
0.001198672573082149,0.007222866639494896
0.007958786562085152,-0.00037952992715872824
0.010315904393792152,0.004192642867565155
0.03428725153207779,0.00244149100035429
-0.0006953376578167081,0.0073530226945877075
0.0004109926230739802,0.0006820502458140254
0.005725036840885878,0.0010126108536496758
-0.0005470093456096947,0.007283762563019991
0.0012540316674858332,-0.00024061574367806315
0.0009675442706793547,0.0012274401960894465
0.0008796404581516981,0.00033887161407619715
0.0006758438539691269,0.00031547859543934464
0.0012937081046402454,0.0013189645251259208
0.022723665460944176,-0.005998790264129639
0.010789780877530575,0.002534021157771349
0.004936462268233299,0.00022572126181330532
0.0045884218998253345,0.0013897657627239823
0.003049043705686927,3.3952645026147366e-05
0.0025915675796568394,0.0019200140377506614
0.019808277487754822,-0.00070957001298666
0.003959068097174168,0.00026844741660170257
0.008207310922443867,0.009141156449913979
0.001105018425732851,-0.0008026694413274527
-0.002442682860419154,-3.8643600419163704e-05
0.0015971568645909429,0.002312316792085767
0.0011999713024124503,0.0015350935282185674
-0.0005268112872727215,-0.0006806314922869205
0.00034135254099965096,0.002971820766106248
0.0020705414935946465,0.0014092965284362435
0.050185129046440125,-0.003881108248606324
0.002894518431276083,-0.00010394619312137365
0.006651280447840691,0.0026042137760668993
0.001729835057631135,0.00685940170660615
3.109837416559458e-05,0.000869611743837595
0.024032684043049812,0.013892697170376778
0.0006945517379790545,0.0004358276491984725
0.0005267493543215096,0.00022597284987568855
0.01780812256038189,-0.0015347845619544387
-0.019129179418087006,-0.050717562437057495
0.01933821476995945,0.010681984946131706
-0.001748640206642449,0.003613246837630868
0.01721172034740448,5.745523958466947e-05
0.002118606586009264,0.002660303143784404
0.011647611856460571,0.0009568172972649336
0.0047791521064937115,0.0749441385269165
0.0004766281635966152,0.00013330619549378753
0.004911653697490692,-0.0035870070569217205
0.015003621578216553,0.005236487369984388
-0.0003206005785614252,0.001719780033454299
0.007263048551976681,0.016630716621875763
0.0005289884866215289,0.00018710085714701563
0.00157236831728369,-0.00020069023594260216
0.0005977078108116984,0.0007830018876120448
0.001490888767875731,0.0004892029683105648
0.0005682625342160463,0.0011213013203814626
0.07451174408197403,0.002170929219573736
-0.004925642162561417,-0.007771877106279135
-0.0035226689651608467,-0.001950262114405632
0.007268484681844711,0.0006759979296475649
-0.001414347207173705,0.02541298419237137
0.003468007780611515,0.0022555391769856215
-0.0023801662027835846,0.0022675152868032455
0.0009858732810243964,0.00048340013017877936
0.004444649443030357,-0.0004046082904096693
-0.006012067664414644,0.00412159925326705
0.0006504245102405548,0.0010072733275592327
0.003996121231466532,0.0005959297996014357
0.0006669586291536689,0.0009290543384850025
-0.010488549247384071,-0.03135358914732933
-0.01326782163232565,-0.021364811807870865
0.0038489154540002346,0.003359188325703144
0.0009990278631448746,0.008065537549555302
0.028806224465370178,0.006415042094886303
-0.0032273163087666035,-0.0021156691946089268
0.013693244196474552,0.0017979568801820278
0.004451978951692581,-0.00021457293769344687
0.014373969286680222,0.0021108142100274563
0.0013791635865345597,-2.4333945475518703e-05
0.0055878558196127415,0.005457883235067129
0.00012590960250236094,0.00044323402107693255
0.0004100488149560988,0.017231905832886696
-0.06203199923038483,-0.06113366037607193
0.0404856912791729,-0.0005997676635161042
-0.000151619577081874,0.00048026154399849474
-0.00778323644772172,-0.005948809441179037
0.0064726113341748714,0.005559984128922224
0.0023639441933482885,6.19454585830681e-05
0.013128896243870258,0.000585116446018219
0.024316934868693352,0.005909380968660116
-0.00020262179896235466,0.001241746125742793
0.015518398024141788,0.005755695514380932
0.007951363921165466,0.0030138043221086264
0.04995550587773323,-0.0006063905311748385
0.000865753972902894,0.00020977066014893353
-0.001414347207173705,0.02541298419237137
0.19678448140621185,0.00762776518240571
0.028665510937571526,0.01785346120595932
0.0014325589872896671,-0.00017465259588789195
0.007025944069027901,-0.0007898645126260817
0.00014337623724713922,-1.4664256013929844e-06
0.006729272194206715,0.0007777734426781535
0.0028331070207059383,0.0007785654743202031
0.0007678255788050592,3.9630358514841646e-05
0.0311494879424572,8.615391561761498e-05
0.0034387584310024977,0.00022091179562266916
-0.005349581129848957,0.01594960130751133
0.0020456621423363686,0.004554555285722017
0.001255807001143694,0.0015214805025607347
0.004932519979774952,-0.012501783668994904
0.003985327202826738,0.0003250482550356537
0.0034645649138838053,0.0007288880296982825
0.01729893684387207,-0.001328753773123026
0.000760960450861603,0.0015718000940978527
-0.24778486788272858,-0.21357344090938568
-0.019128497689962387,-0.020031841471791267
0.007193431258201599,0.055113665759563446
-0.001748640206642449,0.003613246837630868
0.012431059964001179,-0.0003255348710808903
0.004701732192188501,0.00010345329064875841
-0.00671136612072587,-0.0071155293844640255
0.0356694720685482,0.00028361636213958263
0.003919874783605337,0.0512273944914341
0.00053925602696836,0.0017489205347374082
0.0009988152887672186,0.0022529559209942818
-0.0012721404200419784,0.0011711913393810391
-0.005127680487930775,-0.003792964620515704
0.005840247496962547,-0.00011858594371005893
0.00261628907173872,9.124559437623248e-05
0.0030816630460321903,2.121566649293527e-05
-0.0029497649520635605,-0.008473667316138744
-0.0022092170547693968,0.008734278380870819
0.0010284711606800556,0.003067560028284788
0.00037712673656642437,0.002993867266923189
-0.00015801499830558896,-0.0007064304081723094
0.0009670929284766316,-0.0002070197369903326
0.03172438591718674,0.0009150906116701663
0.0033721409272402525,0.0028010786045342684
0.09610913693904877,-0.13276562094688416
0.02570635825395584,0.0022591613233089447
-0.0016003178898245096,0.025499669834971428
0.001310134888626635,0.003828465472906828
0.015203277580440044,0.060870569199323654
-0.014775448478758335,-0.005296713672578335
0.0074808839708566666,0.0025805162731558084
-9.621394565328956e-05,0.041476428508758545
0.0003406843461561948,0.01134354155510664
0.001336779911071062,2.071092603728175e-05
0.0007580553065054119,0.021170563995838165
0.043075211346149445,0.0077223931439220905
0.024316934868693352,0.005909380968660116
0.026022806763648987,0.00033489259658381343
-0.0009547966765239835,0.0010148065630346537
0.0044460296630859375,0.010293696075677872
-0.0038816651795059443,-0.004053160548210144
-0.020572718232870102,0.06317241489887238
0.000577395549044013,0.00031048955861479044
0.0012479218421503901,0.0007685330929234624
0.0008648240473121405,0.00712868245318532
0.004020193126052618,0.0023833836894482374
0.001258510397747159,0.004557251464575529
0.07970430701971054,0.00016256896196864545
0.09127376228570938,-0.0008956178207881749
0.007369412109255791,-0.002449324354529381
0.0032526948489248753,-5.524898006115109e-05
0.015527581796050072,0.008865272626280785
0.0007402613991871476,0.001171185984276235
-0.00042776577174663544,7.022591307759285e-05
0.002875514328479767,3.313785418868065e-05
-0.0047911303117871284,-0.00044079963117837906
0.005274542607367039,0.009157977998256683
0.006250672973692417,0.0033326358534395695
0.013413982465863228,0.0011110539780929685
0.00017929819296114147,0.0008472150657325983
-0.0006949814269319177,-0.0013077744515612721
0.40935593843460083,-0.008245433680713177
-0.02850886806845665,-0.03025066666305065
0.0012231491273269057,0.015307923778891563
0.0023635299876332283,0.002738313050940633
0.000940672995056957,0.004367902409285307
0.09487655013799667,-0.003946681506931782
-0.0017188196070492268,-0.007213233038783073
0.006947649642825127,-0.00011156525579281151
0.0005354044842533767,0.001855290844105184
0.00012689389404840767,0.0007516632322221994
0.0009593111462891102,4.6783461584709585e-05
-0.062215905636548996,-0.06367723643779755
0.0199428703635931,9.452804806642234e-05
0.0038183920551091433,0.0014376811450347304
-0.04663720726966858,-0.06312654167413712
0.005693021230399609,0.00492309033870697
0.0042104218155145645,0.022281812503933907
0.0011271515395492315,0.0006658998318016529
0.0053639174439013,0.0007236162782646716
-0.0074190436862409115,-0.006511900573968887
0.019070597365498543,0.020341787487268448
0.007133276667445898,0.001669610501267016
0.04357241466641426,0.001354792038910091
-0.0047911303117871284,-0.00044079963117837906
0.0011323899962008,0.00030112185049802065
0.00037387863267213106,0.0011614591348916292
0.0036296318285167217,0.0014924394199624658
-0.0017994425725191832,0.0007323632016777992
0.004877147730439901,0.0005122017464600503
-0.045087601989507675,-0.05821317434310913
-0.04256051033735275,-0.004455726593732834
8.77420388860628e-05,0.0020551406778395176
0.007347915321588516,-0.000997830182313919
0.04664104804396629,0.006893116980791092
0.0007419958128593862,0.0004832933482248336
0.004456069320440292,0.012912821024656296
-0.0011602715821936727,-0.0005841311067342758
0.0023705395869910717,0.004548274911940098
-0.0006993100978434086,0.0013403930934146047
-0.00035178280086256564,0.0010196843650192022
0.007025944069027901,-0.0007898645126260817
0.0010058600455522537,-0.006053922697901726
0.007780876010656357,0.0008115959935821593
0.0021400535479187965,0.004466309677809477
-0.0004509049467742443,-0.0018482517916709185
0.025643475353717804,-4.873488796874881e-05
0.0019121033838018775,0.006321963854134083
0.00045720546040683985,0.01648150198161602
0.004333867225795984,0.0005872286856174469
0.010800995863974094,-0.00011211742821615189
0.0009087205398827791,0.0023831597063690424
0.0010058600455522537,-0.006053922697901726
0.007001321297138929,-0.0014662921894341707
0.001512915245257318,0.00034973479341715574
0.00845555029809475,0.00011853512842208147
0.0008990811184048653,0.004785576369613409
0.006223106291145086,0.005153023637831211
0.005070599261671305,0.005894288420677185
0.03525581955909729,0.021295228973031044
-0.0002207152429036796,2.3402099031955004e-05
-0.0018096640706062317,-0.0021504436153918505
0.0006243526586331427,0.011341939680278301
0.024095553904771805,0.0027099582366645336
0.01234279666095972,0.004551649559289217
0.0015587129164487123,0.0007917640614323318
0.0033568821381777525,0.006759846117347479
-0.015051249414682388,-0.014983810484409332
0.0010399742750450969,0.006088295951485634
0.0006260545924305916,-0.001062888652086258
0.0022384999319911003,0.05088018253445625
-0.00017986225429922342,-0.0003451592638157308
0.0010168181033805013,3.105489304289222e-05
0.19060204923152924,0.01256478950381279
-0.03690497204661369,-0.03449554741382599
-4.036707105115056e-05,0.0014752508141100407
-0.0009415991953574121,-0.0007953455206006765
-0.026245523244142532,-0.029402080923318863
0.022023342549800873,0.001228336594067514
0.007347810082137585,-0.0006543449126183987
-0.06171658635139465,-0.048673175275325775
0.03584115579724312,0.0006568544777110219
0.02859560213983059,0.0006435313262045383
-0.013602187857031822,-0.012331478297710419
0.004821730311959982,-0.0032005785033106804
0.0041460092179477215,8.585116302128881e-05
0.06154247373342514,0.013444534502923489
0.0020428283605724573,0.0030389809980988503
0.0041460092179477215,8.585116302128881e-05
0.04154127836227417,-0.006705558393150568
-0.2038743644952774,-0.20499534904956818
0.04561777040362358,5.354322638595477e-05
0.027212003245949745,0.0003796386590693146
0.024528633803129196,0.0025004916824400425
0.004368309397250414,0.005562278442084789
0.0047791521064937115,0.0749441385269165
0.0006334017962217331,-0.0036937857512384653
-0.0172926913946867,-0.02014368399977684
0.00014992512296885252,0.0010704316664487123
0.0014711110852658749,0.0012551503023132682
0.010002318769693375,0.01024614367634058
0.0019586989656090736,0.00044400873593986034
0.009644423611462116,-0.0006940860766917467
0.0010822912445291877,6.120284524513409e-05
0.004618731327354908,0.0057973479852080345
0.0027844873256981373,0.000562058063223958
0.0042502544820308685,-0.010333899408578873
0.02028569020330906,-7.912894943729043e-06
0.00034546482493169606,-0.00019588139548432082
-0.0016604551346972585,0.0009423885494470596
-0.1825173795223236,-0.19890886545181274
0.00012442009756341577,0.00033865845762193203
0.003867220599204302,0.0014314234722405672
0.015906497836112976,0.00036349246511235833
0.0031081533525139093,0.00011226144852116704
0.013237585313618183,-0.000137222814373672
0.035381827503442764,0.0009121804032474756
0.003604433499276638,-0.0002723643556237221
0.1275285929441452,-0.00480027636513114
0.0011782539077103138,-0.0009902275633066893
0.007581403478980064,0.018225036561489105
0.00013206482981331646,0.0008652365067973733
0.0040905410423874855,-0.000791950908023864
-0.0009134772699326277,-0.0033055210951715708
-0.0009481881279498339,-0.0016048476099967957
0.023126007989048958,0.0007113062310963869
0.007512769196182489,-0.0004602476838044822
0.010233432985842228,0.0009347433224320412
0.007809033151715994,0.0007626283331774175
0.00015453148807864636,0.0010010487167164683
0.01873324066400528,7.829251990187913e-05
0.036925170570611954,0.0011814073659479618
0.0006797630921937525,0.0002974210074171424
0.00802559033036232,-0.0002721812925301492
0.005616070702672005,0.0013479925692081451
0.03045680560171604,0.0025457299780100584
-0.003462705761194229,-0.008736221119761467
-0.0031019020825624466,-0.0038078399375081062
0.002402188489213586,0.0007461763452738523
0.0014244219055399299,0.009366905316710472
0.0010113638127222657,0.003990032710134983
0.05627719312906265,0.00045632413821294904
0.001496382406912744,0.0009979796595871449
0.0011484033893793821,0.0017548647010698915
-5.412101745605469e-05,0.033145468682050705
0.13202998042106628,0.00433164369314909
0.02403571829199791,0.18456144630908966
-0.01868738792836666,-0.010709545575082302
0.08478553593158722,0.0024616059381514788
0.002693063812330365,0.0033215926960110664
0.0008202522294595838,-0.0001174007193185389
0.004008898511528969,0.0008557488908991218
-0.0008146445034071803,-0.0017003691755235195
0.009881950914859772,-0.0001892558066174388
0.04089870676398277,-0.00024232699070125818
0.0033645611256361008,0.0011028175940737128
0.003860012162476778,0.009221814572811127
0.0008809043210931122,0.0006980799953453243
-0.004022482316941023,-0.0030728341080248356
0.0017014509066939354,0.004406237043440342
0.0006140935583971441,0.008763306774199009
0.00035751971881836653,0.2329622060060501
0.006275029852986336,-0.0003178067272529006
0.0020302196498960257,0.0008011601166799664
0.03518112003803253,-0.0021396437659859657
0.014214524067938328,0.0006934935227036476
0.00688561424612999,0.004391331225633621
0.007357923313975334,-0.0018113552359864116
0.009968655183911324,0.0018764120759442449
0.003953331150114536,0.0029020695947110653
0.005954920779913664,0.0018551868852227926
-0.06853677332401276,-0.06794798374176025
0.00637588556855917,0.0015278953360393643
0.0795646533370018,-3.551947884261608e-06
0.013185308314859867,0.007705655414611101
0.0001377085136482492,0.006769364234060049
0.007228039670735598,-0.0035759806632995605
0.0015174488071352243,0.023373771458864212
0.002152197528630495,-0.00021735066547989845
-0.001108595635741949,-0.00498324166983366
0.04263754189014435,0.004031525459140539
0.006827796343713999,0.0036629727110266685
0.00026277138385921717,-0.0011813439195975661
0.0019883860368281603,0.007554496638476849
-0.06740418821573257,-0.04789453744888306
0.022804144769906998,0.00016789755318313837
0.03125891834497452,0.0012095317943021655
0.015637915581464767,0.003028305945917964
0.0006841215654276311,0.0006713547627441585
0.05709721893072128,0.00026105972938239574
0.0007888390682637691,0.0015918267890810966
-0.0016916771419346333,-0.005470653995871544
-0.0006185121601447463,-0.0011734828585758805
0.008498083800077438,0.0035624075680971146
0.0014964810106903315,-7.892472785897553e-05
0.005215023178607225,0.011851159855723381
0.0061225686222314835,0.007160406559705734
0.00029070835444144905,0.07812009006738663
-0.0015473521780222654,-0.000923602026887238
0.021255560219287872,0.007760272361338139
0.0021719406358897686,0.0002961503923870623
0.0007912724977359176,0.021965431049466133
0.10477752983570099,-0.00028689202736131847
0.002129383385181427,0.11570541560649872
0.014172260649502277,3.133773134322837e-05
-0.02842751145362854,-0.029181908816099167
7.920537609606981e-05,-0.00020796166791114956
0.001880105584859848,0.061649102717638016
1.569022424519062e-05,0.00558633403852582
0.0022772885859012604,0.0021839095279574394
0.005298916716128588,0.0004263577575329691
0.009648514911532402,-0.0011742685455828905
0.001052163541316986,0.0012125426437705755
-0.0009247693233191967,-0.0019093253649771214
0.0033472555223852396,0.0031616531778126955
0.03291764855384827,0.004305914044380188
0.02513827197253704,0.0010007205419242382
0.022557945922017097,0.0004616029909811914
0.09324703365564346,0.024460801854729652
0.003756194841116667,0.00017400873184669763
-0.01260375790297985,-0.011437227949500084
0.002155501628294587,0.010391817428171635
0.005703328642994165,0.005597382318228483
0.0009936634451150894,0.0016678485553711653
0.0015793279744684696,0.0003157148603349924
0.020797450095415115,0.040168486535549164
0.0020455187186598778,3.5176675737602636e-05
0.002918737241998315,0.0017884537810459733
0.00731829134747386,0.0005058897077105939
0.0008927138987928629,0.00440569780766964
0.008621063083410263,7.495569298043847e-05
0.004187105689197779,0.0030232942663133144
0.022024918347597122,0.03858542442321777
0.0007678255788050592,3.9630358514841646e-05
-0.0025276285596191883,-0.0031470798421651125
0.02513827197253704,0.0010007205419242382
-0.03185908496379852,-0.03405001387000084
-0.005674008280038834,-0.004470520652830601
0.00869711022824049,0.00017122455756179988
0.001667237258516252,0.014052581042051315
0.0008796404581516981,0.00033887161407619715
-0.023146336898207664,-0.03312612324953079
0.053503818809986115,0.0026408601552248
0.00034546482493169606,-0.00019588139548432082
0.0015871732030063868,0.00048777260235510767
0.00031645665876567364,0.023007089272141457
0.00035002341610379517,0.002406737767159939
0.004192023538053036,0.0015051272930577397
0.00037712673656642437,0.002993867266923189
0.0009344565332867205,0.00023863796377554536
0.004537672735750675,0.029870709404349327
0.027777504175901413,0.0695185661315918
0.004409974440932274,0.024301761761307716
-4.523745155893266e-05,0.001696671126410365
0.037318404763936996,-0.0013972541783005
0.0016552235465496778,2.9061920940876007e-06
0.0017318243626505136,0.00027455593226477504
0.0015932004898786545,0.10860216617584229
0.049036089330911636,8.703241473995149e-05
0.002822163747623563,0.01865425892174244
0.0030051288194954395,0.008707991801202297
0.005406641401350498,9.35140997171402e-05
0.004936462268233299,0.00022572126181330532
0.0007411099504679441,0.003986042458564043
0.0003219046047888696,0.0003586347447708249
0.031080815941095352,-0.00046290826867334545
0.0022492888383567333,0.016795983538031578
-0.0008602971211075783,-0.004037544596940279
0.0020972080528736115,-1.0940464562736452e-05
0.012470494955778122,0.0067474115639925
-0.035448770970106125,-0.029157772660255432
0.002275239210575819,0.002738337032496929
0.003337800968438387,0.0007427522796206176
0.0009274116018787026,0.02247564122080803
-0.0007131844758987427,0.008043304085731506
0.0022003808990120888,-0.001458511920645833
-0.009893437847495079,-0.017276402562856674
0.009941293857991695,-0.0066675953567028046
0.015190164558589458,8.380951476283371e-05
0.008096957579255104,0.005932992789894342
0.0027260626666247845,0.001368788885883987
0.0045884218998253345,0.0013897657627239823
0.0007660726550966501,-0.0014172759838402271
-0.03685561567544937,-0.03861285373568535
-0.0020131152123212814,-0.006391826085746288
-0.0021377133671194315,-0.005085109267383814
0.0012934161350131035,0.00014339087647385895
0.0017511997139081359,0.5853092670440674
0.04357241466641426,0.001354792038910091
-0.0002535785606596619,-0.00022582904784940183
0.0017767113167792559,0.0046050213277339935
0.024221690371632576,0.0031157536432147026
-0.00827978178858757,-0.009796545840799809
6.48145069135353e-05,0.00039305805694311857
-0.001414347207173705,0.02541298419237137
0.0016523513477295637,0.037386056035757065
0.0023505871649831533,0.015560699626803398
0.00043120014015585184,0.0017593044321984053
0.0031268091406673193,0.032397978007793427
-0.00033667986281216145,-0.0019822714384645224
0.0009494130499660969,-0.0017604839522391558
0.000979037256911397,-0.0009562753257341683
0.0011532490607351065,-2.916221274062991e-05
0.000334389740601182,9.776134538697079e-05
0.003975145518779755,0.002018734347075224
0.00011059829557780176,0.0007469889824278653
-0.004492592066526413,-0.012850911356508732
0.00021826796000823379,0.0042274631559848785
0.007762112654745579,0.002863110275939107
0.0036206983495503664,0.03935934230685234
0.00041789462557062507,0.00014283592463470995
0.0008216071873903275,-0.0002103883307427168
-0.007895572111010551,-0.011030198074877262
0.006034392863512039,0.029262002557516098
0.0037797715049237013,0.001727498136460781
0.0028733662329614162,0.0019769612699747086
0.0034071116242557764,0.00026034677284769714
0.0029510241001844406,0.003592526074498892
0.003672510152682662,0.0024658995680510998
-6.141886115074158e-05,-0.0029515959322452545
-6.141886115074158e-05,-0.0029515959322452545
0.0018054002430289984,0.0012623675866052508
-0.1355106234550476,-0.14334245026111603
0.004362770821899176,0.002197250723838806
-0.048404958099126816,-0.04927752539515495
0.08632559329271317,0.00019312537915538996
0.0034155899193137884,0.003396832151338458
0.007671048399060965,-7.330707740038633e-05
0.000183392025064677,0.006120624486356974
0.005400648806244135,0.0038594016805291176
0.03511395305395126,0.0020369519479572773
0.0009858356788754463,-0.0024855085648596287
0.0499599352478981,-0.00327936839312315
-0.0005708655808120966,-0.00018317252397537231
0.04247422143816948,0.006540051661431789
0.0009652507142163813,0.0024475709069520235
0.002983157755807042,0.008344950154423714
0.005092666018754244,0.002813465427607298
-0.004715234972536564,-0.0031332906801253557
0.0019958452321588993,0.0013318879064172506
0.00193431181833148,0.024446023628115654
0.00414503738284111,0.01360407192260027
-0.0002754637971520424,-0.0012359311804175377
-0.0016675364458933473,-0.002204745775088668
-0.016961490735411644,-0.01390406209975481
0.0009830540511757135,0.021225696429610252
-0.0009646068792790174,-0.0018099247245118022
0.0069638388231396675,0.007723984308540821
-0.014153367839753628,-0.015075876377522945
0.011647611856460571,0.0009568172972649336
0.011113826185464859,-2.1686777472496033e-05
0.0014823619276285172,-0.00798196904361248
-0.008012915030121803,-0.0064402977004647255
-0.04402359202504158,-0.036444950848817825
0.0010830037062987685,0.009978130459785461
0.004202925134450197,0.04125751927495003
0.023895829916000366,-0.0026874293107539415
0.005573600996285677,0.0009849423076957464
-9.223236702382565e-05,-0.0014131047064438462
-0.0008907885639928281,0.006906457711011171
-0.009084293618798256,-0.008538790978491306
-0.04215335473418236,0.017291709780693054
0.007762112654745579,0.002863110275939107
0.004832123406231403,0.0007152691250666976
0.05917200446128845,0.009629151783883572
0.002913788193836808,0.0036532965023070574
0.02452038787305355,0.002610842464491725
0.004054156597703695,0.003673992119729519
0.002114136004820466,0.0037482050247490406
0.000755228684283793,-8.754877489991486e-05
0.005796760320663452,0.0021952041424810886
0.0110326474532485,0.0017892980249598622
0.00045326616964302957,0.0009411266073584557
0.0019427031511440873,0.0013277457328513265
0.0003923834301531315,0.00934562087059021
0.0004627376329153776,-0.0002699673641473055
-0.0024864086881279945,-0.001168480608612299
0.0030488972552120686,0.00039099418791010976
0.00420309929177165,0.02212899550795555
0.0017000281950458884,0.0012332716723904014
0.0016732027288526297,-0.00014539947733283043
-0.0004509049467742443,-0.00117386260535568
0.10434730350971222,-0.002095671370625496
-0.03833432123064995,-0.047721538692712784
0.050034087151288986,0.0015039206482470036
0.0076237632893025875,-0.0008099449914880097
0.005992023274302483,0.007509746588766575
0.0011641200399026275,0.0010600789682939649
-0.01035158708691597,-0.011567135341465473
0.0006151276174932718,0.00876154750585556
-7.889038533903658e-05,0.00010672419739421457
0.004715990740805864,0.00198102043941617
0.018110862001776695,0.0034193038009107113
0.0022872930858284235,0.008032342419028282
-0.0026447491254657507,-0.0015980948228389025
0.0003952277766074985,0.0015941108576953411
-0.0039735520258545876,-0.007257753983139992
0.018693042919039726,0.00974589679390192
-0.01736106351017952,-0.016872277483344078
0.05997232347726822,0.0020936280488967896
-0.00030537403654307127,-0.0006754155037924647
0.007797794882208109,9.158600732916966e-05
0.029632743448019028,9.65268409345299e-05
0.0008971531642600894,0.005412044003605843
0.008592057973146439,0.006626153364777565
-0.0006589740514755249,0.0015720627270638943
0.000543507281690836,0.003600561525672674
0.004669907037168741,0.0038873173762112856
-0.0004005993250757456,-0.0037534302100539207
0.0003261851379647851,-0.0008970660273917019
0.012483199127018452,0.00760548934340477
-0.010411752387881279,-0.013844494707882404
0.0018227682448923588,-6.315213977359235e-05
0.0001629129983484745,-0.005361776798963547
-0.2116725742816925,-0.22826392948627472
0.08690614998340607,-0.0037150520365685225
0.005659455433487892,0.005394665524363518
6.509164813905954e-05,0.0014229256194084883
0.049038615077733994,0.009872215799987316
6.134979776106775e-05,0.00019812624668702483
0.039168063551187515,-0.00029906746931374073
0.006024588830769062,-0.0009227978880517185
0.00302661070600152,0.0007199028041213751
0.012560299597680569,0.00403885031118989
0.009748317301273346,0.04291091859340668
0.0027912359219044447,0.0018013633089140058
-0.001307533122599125,0.12693673372268677
0.0016167249996215105,0.004212784580886364
0.006661612540483475,0.007391816936433315
0.004975426476448774,0.0018069554353132844
0.002550604287534952,0.00490487040951848
0.002970087807625532,0.000137486174935475
-0.0177574772387743,-0.018515726551413536
0.0037957255262881517,-0.0006439974531531334
0.1076810285449028,0.0007517338381148875
0.01961570791900158,-0.00790745671838522
7.294127135537565e-05,-2.8986833058297634e-05
0.07765485346317291,-0.0005601985612884164
0.004065517336130142,-6.0565536841750145e-05
0.028309814631938934,-0.0025342018343508244
0.005561470985412598,-0.00018775821081362665
0.00016145428526215255,-0.00016265735030174255
0.02383735030889511,0.0355975478887558
0.3674621880054474,-0.004310579504817724
0.00040727650048211217,0.0016266056336462498
0.00994129665195942,0.0019257584353908896
-0.03749461844563484,0.018694929778575897
-6.141886115074158e-05,-0.0029515959322452545
0.002951496047899127,0.004685945808887482
0.06112854555249214,0.012726747430860996
0.0010071869473904371,-0.0005529490299522877
-0.05654825270175934,-0.059192001819610596
0.024316934868693352,0.005909380968660116
0.0021850711200386286,0.0017835397738963366
0.03802260383963585,0.050735898315906525
0.018317168578505516,-0.00014468675362877548
0.001871101325377822,0.0010330899385735393
0.0010786609491333365,0.003989593591541052
0.0008640763117000461,0.00013572716852650046
0.00038239179411903024,0.012858814559876919
-0.006196239031851292,-0.008502406068146229
4.945538239553571e-05,0.031369276344776154
0.004637282341718674,0.00040429632645100355
0.0057951523922383785,0.00025552543229423463
0.004418612457811832,0.00020056587527506053
0.04942028969526291,0.02735203504562378
0.008673131465911865,-0.005740280728787184
-0.0002493330975994468,0.0625234916806221
3.0342896934598684e-05,-1.965044066309929e-05
0.0007330184453167021,0.03848890960216522
0.0004408080712892115,0.0005186633788980544
0.006518330425024033,0.0065197087824344635
0.001937367720529437,0.0005757870385423303
0.023493051528930664,0.002205988857895136
-0.00694926455616951,0.019509332254529
-0.004610183648765087,-0.005086974240839481
0.007407960016280413,-3.769104660023004e-05
0.0015935874544084072,0.0007717875996604562
0.005984734743833542,0.0011704936623573303
0.004685156047344208,6.618531187996268e-06
0.023149482905864716,0.0009422646835446358
0.002350705908611417,0.0003346129087731242
-0.03582676500082016,-0.04439361020922661
0.00010722831939347088,0.0017888335278257728
-3.0904484447091818e-06,3.332061169203371e-05
0.0016588623402640224,0.0024456088431179523
0.0029036852065473795,-1.3999699149280787e-05
-0.003274969756603241,-0.004145586397498846
0.00043567182729020715,0.0003942899638786912
-0.002099779201671481,0.1364765763282776
0.017700815573334694,0.0003282010438852012
0.009522938169538975,0.00599809130653739
0.010016356594860554,0.00352364219725132
0.01574436016380787,0.0014273009728640318
-0.00016419857274740934,0.007787115406244993
0.0002751625142991543,-0.002211453393101692
0.006137903779745102,-0.0008245689095929265
0.005488521419465542,0.05542897433042526
-0.00034169002901762724,-0.0010421667248010635
-0.0022092170547693968,0.008734278380870819
-7.771793752908707e-05,0.07460404932498932
0.024857040494680405,-0.007756934035569429
0.0034185154363512993,0.0048628621734678745
0.006599921267479658,0.004612087272107601
0.0006837259279564023,0.0005715191946364939
-0.00542940478771925,-0.014995903708040714
0.0021152575500309467,0.00019204019918106496
0.00046818191185593605,0.00034373061498627067
-0.09510312229394913,-0.13214722275733948
0.0020929002203047276,-0.001484346459619701
-0.00028356292750686407,-0.0010943913366645575
0.00015540927415713668,-0.0003634136519394815
-0.007129325065761805,0.05420530587434769
0.0365157425403595,0.028070366010069847
0.0032759380992501974,0.005672001745551825
0.0045025646686553955,0.00677298940718174
0.006349809467792511,0.0026897666975855827
0.0019883860368281603,0.007554496638476849
0.000512557162437588,-0.00011396131594665349
0.013398108072578907,0.000638207420706749
-0.0023292051628232002,-0.0035101762041449547
0.008772509172558784,0.0018431150820106268
0.009479891508817673,0.024766385555267334
0.0020705414935946465,0.0014092965284362435
0.003062430303543806,-4.4406475353753194e-05
0.12174641340970993,0.004577236250042915
-0.0039735520258545876,-0.007257753983139992
0.11168035864830017,0.05231638252735138
0.00044450254063121974,0.0005611510132439435
0.011955705471336842,0.0036111886147409678
0.0013348973589017987,0.0037482050247490406
0.0003582602948881686,0.008164549246430397
-0.008855175226926804,-0.004499651491641998
0.0062180208042263985,-0.000522632384672761
6.585847586393356e-05,0.0014035888016223907
0.0029276409186422825,0.0003564067592378706
0.008922383189201355,-0.012788907624781132
0.0019051055423915386,0.004120688419789076
0.014115770347416401,-0.00025750321219675243
-0.00819549523293972,-0.007039366289973259
0.010007936507463455,0.0002360384096391499
0.0017487655859440565,0.018794523552060127
0.0037616819608956575,0.0023209438659250736
0.004479139111936092,0.0058555593714118
0.0008442843682132661,0.00012942819739691913
0.0016697004903107882,0.013364638201892376
0.0026906761340796947,0.01346629299223423
0.00261628907173872,9.124559437623248e-05
0.24876637756824493,0.06346137076616287
0.00019751800573430955,0.019120361655950546
0.003242891514673829,0.013865064829587936
0.007311741355806589,0.004456939175724983
-9.451084770262241e-05,-0.0007467655232176185
3.38222598657012e-05,0.003199182450771332
-0.0031425184570252895,-0.005541990976780653
0.07000501453876495,0.0027668646071106195
0.0023380699567496777,0.018706709146499634
0.014943028800189495,-0.0012013631640002131
0.0012852224754169583,0.181492879986763
0.003650466213002801,-2.134643727913499e-05
0.008917411789298058,0.003006983082741499
0.009068894200026989,-0.0007246867753565311
0.006739289499819279,0.00035229185596108437
0.006169998552650213,0.0005307809915393591
0.001074665691703558,0.02064725197851658
0.04173360392451286,0.003846397390589118
0.004926278255879879,0.0016949321143329144
0.0007973397150635719,0.0019095439929515123
0.01709027588367462,0.003317934460937977
0.00026013352908194065,0.0005714134313166142
0.005564572289586067,-0.0002250628313049674
-0.0020795746240764856,0.0016140332445502281
0.010501645505428314,0.0014697157312184572
0.00966456439346075,0.0058118547312915325
0.0952497124671936,-0.0025978602934628725
0.008698936551809311,-0.0011292678536847234
0.00022233679192140698,0.003421687288209796
-0.012057892046868801,0.011547474190592766
-0.0012963549233973026,0.011392490938305855
0.006334192119538784,0.000704906415194273
0.001491095870733261,-0.003084780415520072
-0.0025458394084125757,-0.003932548686861992
-0.001906796358525753,-0.008446774445474148
0.0016715684905648232,0.0011222977191209793
0.002351508243009448,0.002086326479911804
0.005070599261671305,0.005894288420677185
3.105346695519984e-05,0.024976326152682304
0.0010222599375993013,0.012893596664071083
0.0011350699933245778,0.0002730213454924524
-0.00015801499830558896,-0.0007064304081723094
-0.0005575506947934628,-0.003380372654646635
2.2143343812786043e-05,0.0003564666258171201
-0.011601429432630539,-0.011012700386345387
0.0024611405096948147,0.00035775231663137674
-0.0007540949154645205,-0.003964978735893965
0.0010178149677813053,-0.004719657823443413
-0.09680713713169098,-0.09966966509819031
0.0008435887866653502,0.0017018968937918544
0.0033449323382228613,0.0002297702885698527
0.0021053242962807417,0.00436114426702261
0.0027474192902445793,0.010212205350399017
0.0031473939307034016,0.005291032139211893
-0.0035226689651608467,-0.001950262114405632
-8.94647091627121e-05,0.0032683522440493107
0.012185591273009777,0.0006630497518926859
0.0011226590722799301,0.0018067171331495047
0.003361298004165292,0.00032447511330246925
0.00011482625268399715,0.006389207672327757
0.00659015029668808,-0.013847697526216507
0.0007558577344752848,0.0013743097661063075
-0.062215905636548996,-0.06367723643779755
-0.00011235836427658796,0.0007720682770013809
-0.002856840845197439,-0.0002312888391315937
0.001783861662261188,0.07065930962562561
0.0002976138493977487,0.004058447200804949
0.004333867225795984,0.0005872286856174469
0.05409795790910721,2.0535066141746938e-05
0.00032340013422071934,-0.001364532276056707
0.006572520360350609,0.020814836025238037
0.007366189267486334,-0.0013483099173754454
0.003158749081194401,0.008078058250248432
0.03159442916512489,-0.0021199267357587814
0.003145732684060931,0.007699346635490656
0.029393814504146576,0.001798012526705861
0.003394900821149349,0.0006612107390537858
0.0015021665021777153,0.00011471658945083618
0.0008405550033785403,0.17083966732025146
3.18038510158658e-05,0.0009824283188208938
0.0017405104590579867,0.0012363146524876356
0.008275219239294529,0.016321634873747826
0.029535969719290733,0.004323543515056372
0.009178859181702137,-0.0067168790847063065
0.01375920232385397,0.005847602616995573
0.012911222875118256,0.04505172371864319
0.09145279228687286,-0.021870527416467667
0.01657501608133316,-0.0019665961153805256
0.006595466751605272,0.007122871931642294
0.0016437703743577003,-0.0017417707713320851
-0.00019209861056879163,0.004455812741070986
-0.002239630091935396,-0.0011779926717281342
0.0006624585948884487,0.0026425556279718876
0.016321716830134392,-0.0009888500208035111
0.018056165426969528,0.00665590725839138
0.05529855564236641,-0.0011354738380759954
-0.00015758886002004147,-0.0018478053389117122
0.011643987149000168,0.0018057601992040873
0.022723665460944176,-0.005998790264129639
-0.0006195325404405594,0.0002992427907884121
0.011141103692352772,0.0009918323485180736
0.003318430157378316,-0.0027324312832206488
0.00036953092785552144,0.015774862840771675
-0.0019254633225500584,-0.0017644085455685854
0.0002590665244497359,0.001392607344314456
0.008785923942923546,0.00754963792860508
0.0020700222812592983,1.3611279428005219e-05
0.004547612275928259,2.3086584405973554e-05
0.06504044681787491,-0.00010112355812452734
0.013254265300929546,0.002751225372776389
0.0023894004989415407,0.006498483940958977
0.015807054936885834,-0.00012216965842526406
0.09035154432058334,0.027539458125829697
0.0005001639947295189,-0.0048402585089206696
0.0006385114393197,0.0005996859981678426
0.0014816189650446177,0.002605878282338381
0.007526738569140434,-0.003949559759348631
0.03135092183947563,-8.271470142062753e-05
0.00011290516704320908,0.000735130743123591
0.00473431684076786,0.10629850625991821
0.0009311120957136154,-0.008372552692890167
0.003581408178433776,-0.0004774045664817095
-0.005216438788920641,0.01776123233139515
-0.001231268746778369,-0.001975585240870714
0.014013193547725677,0.0030027939938008785
0.0027393833734095097,0.006199280731379986
0.007298988290131092,-0.0003255348710808903
0.022852493450045586,0.0008877892978489399
0.0015786343719810247,0.00017475892673246562
-0.04215335473418236,0.017291709780693054
0.01128626149147749,0.007086555473506451
0.0005303788930177689,0.0016755512915551662
-0.00388523330911994,-0.0039761802181601524
0.08690546452999115,0.0010907663963735104
0.006214115768671036,0.045623112469911575
0.023645738139748573,-5.957466783002019e-05
-0.007621980272233486,-0.012682379223406315
-0.00033493340015411377,-0.00019462686032056808
0.00923723541200161,0.0012797277886420488
-0.00535467267036438,0.004971696063876152
0.007028685882687569,-0.0006730093155056238
0.0008581738220527768,0.0022446978837251663
0.0047857374884188175,-0.004756731912493706
-0.17697454988956451,-0.19869355857372284
0.0015226361574605107,-0.00029832986183464527
0.0003937853325624019,0.00037317335954867303
0.005399106536060572,-0.0014662921894341707
0.01798505149781704,0.0004615170182660222
0.001699498388916254,-0.004285522270947695
0.00226278742775321,0.002173949033021927
0.0020016739144921303,-0.003207961330190301
-0.00028075347654521465,-0.002322921296581626
0.010710611008107662,0.005307983607053757
-0.0011211792007088661,-0.0012442591832950711
0.005735497921705246,0.0007206888985820115
0.005428963340818882,-0.000784556264989078
0.008946914225816727,0.006686856038868427
0.018964622169733047,0.0037709111347794533
0.02513827197253704,0.0010007205419242382
0.0014427483547478914,0.0005536199314519763
0.005878579802811146,-0.0007782612228766084
0.007064472418278456,0.013453297317028046
0.011381182819604874,0.023083360865712166
0.0004553114122245461,-6.61186350043863e-05
-0.008696900680661201,-0.03177657723426819
0.006115626078099012,0.008594888262450695
0.0003868251806125045,0.001300525153055787
0.002759732538834214,0.029640715569257736
-0.0004810758400708437,6.232899613678455e-05
-0.007271206472069025,-0.0022394885309040546
-0.043500177562236786,-0.045602429658174515
0.0018476344412192702,0.003826735308393836
0.008239848539233208,0.0033985688351094723
0.02085600420832634,0.013269142247736454
-0.014095593243837357,-0.011223730631172657
-0.0020957347005605698,-0.0023113368079066277
-0.013597982935607433,-0.014535782858729362
0.0023492462933063507,0.02779087983071804
0.00263453321531415,0.009291615337133408
0.0005336794420145452,0.0065769595094025135
0.00397156598046422,-0.0013176427455618978
0.00126539240591228,0.08933425694704056
0.009352344088256359,0.008791191503405571
0.003041473450139165,0.007787483744323254
0.011358819901943207,-0.0008012960897758603
0.19074119627475739,0.001817828742787242
-0.0018127489602193236,0.011384532786905766
0.006052724551409483,0.005095252767205238
-0.0074190436862409115,-0.006511900573968887
-4.204665310680866e-05,-0.0008130001369863749
0.013958017341792583,0.0009066062048077583
0.0015664095990359783,4.215623630443588e-05
0.008350037038326263,0.0008197363931685686
-0.03556396812200546,-0.03614277392625809
0.0013914471492171288,0.003868752159178257
0.002402188489213586,0.0007461763452738523
0.03187160938978195,0.0013514960883185267
0.0031042734626680613,0.0016975111793726683
0.00699910894036293,0.004220709204673767
0.0009208954870700836,-0.006839260924607515
0.012470494955778122,0.0067474115639925
0.0020247602369636297,0.061591994017362595
0.022852493450045586,0.0008877892978489399
0.0007166987052187324,0.008403463289141655
0.012172536924481392,0.003475422505289316
0.0009997952729463577,0.007201604079455137
0.000882171792909503,0.0006670490256510675
-0.022551393136382103,-0.021834846585989
0.00652097025886178,0.00023989443434402347
0.0009936634451150894,0.0016678485553711653
0.004776709247380495,0.0005454258061945438
0.013513922691345215,-0.0015570332761853933
-0.006111048627644777,-0.00045611942186951637
0.002606610767543316,0.0004178916569799185
0.008556659333407879,-0.0014919729437679052
0.00442699808627367,-0.0038748541846871376
-0.0006243959069252014,-0.0036528948694467545
0.018445726484060287,0.007871326059103012
0.00715979328379035,0.003355396678671241
0.021565454080700874,-0.00616487255319953
0.00835462473332882,0.003931302577257156
-0.056236136704683304,-0.03929390013217926
0.006245907861739397,0.00019486885867081583
0.008228369988501072,0.0004339886945672333
0.01248991210013628,0.01743202842772007
0.01802883669734001,0.0027554419357329607
0.003605540841817856,0.0010625170543789864
-8.986500324681401e-05,0.009746021591126919
0.015188738703727722,0.0010462673380970955
0.02452038787305355,0.002610842464491725
0.008833060972392559,0.0002190114464610815
0.002521815011277795,0.013850085437297821
0.02356824092566967,0.01521086785942316
0.0010058600455522537,-0.006053922697901726
0.0010786609491333365,0.003989593591541052
0.006897415034472942,0.001244694460183382
0.03187160938978195,0.0013514960883185267
0.0008004400297068059,0.0007577525684610009
0.0011762887006625533,0.0075683887116611
0.0011386550031602383,0.01207292452454567
0.20370148122310638,0.005829911213368177
0.00179661950096488,0.001739476341754198
0.029468845576047897,0.07124247401952744
-0.0009218920022249222,0.004835224710404873
0.0083424411714077,0.03334115073084831
-4.4059124775230885e-05,2.793606836348772e-05
0.031746525317430496,-0.00047056982293725014
0.03034035488963127,-0.00019653368508443236
0.002325891749933362,0.0005806603003293276
0.00686244061216712,0.0006095723365433514
0.0005347440601326525,0.0014843683457002044
0.0011488752206787467,0.00036323105450719595
0.024493061006069183,0.003336623078212142
0.0007602717960253358,-0.0011278579477220774
0.006260982248932123,0.004878848325461149
-0.016530610620975494,-0.027753382921218872
0.0014978875406086445,0.0025204122066497803
0.003628000384196639,0.006178319454193115
-0.00022611813619732857,-0.0005647470825351775
-0.00591912679374218,-0.020570915192365646
0.011476192623376846,-0.0010021855123341084
0.008853699080646038,-0.0025839542504400015
0.014444871805608273,-0.00024244689848273993
-0.002181432908400893,-0.0017131930217146873
-0.001414347207173705,0.02541298419237137
0.009395778179168701,0.0009817915270105004
0.0011691836407408118,-5.1772552978945896e-05
-0.002674595220014453,-0.002407755935564637
0.10218805074691772,0.004703311715275049
0.012928142212331295,-7.232022471725941e-05
0.0009917505085468292,-0.003661888185888529
-0.0012129396200180054,0.011944504454731941
0.0028336415998637676,0.005523373372852802
0.00033133625402115285,1.963077374966815e-05
0.0016688936157152057,0.09090495109558105
-0.006797620095312595,-0.008633984252810478
-0.009844974614679813,-0.0040185279212892056
-0.03493933379650116,-0.05093372240662575
0.005754921585321426,-0.0038748541846871376
0.03172438591718674,0.0009150906116701663
0.0063722142949700356,0.004995102994143963
0.012531078420579433,0.010479608550667763
3.38222598657012e-05,0.003199182450771332
-0.07162114977836609,-0.07432567328214645
-0.008669347502291203,-0.0052727265283465385
0.03827173635363579,-0.0005810869042761624
0.0444374717772007,-0.00021558557637035847
0.00024703145027160645,0.005823933985084295
-0.003459082916378975,-0.012713069096207619
-0.0008135682437568903,-0.0008018461521714926
-0.025256549939513206,-0.017553314566612244
0.002497326349839568,0.0046167862601578236
-0.00033299403730779886,-0.0009966997895389795
0.0007184293353930116,0.07694448530673981
0.0025896867737174034,-0.0010701275896281004
0.053751058876514435,0.0014414768666028976
0.0012393845245242119,0.0002708288375288248
0.004802756942808628,5.79722982365638e-05
0.0007797066937200725,0.02056995779275894
0.005981623660773039,0.023521924391388893
0.0017568296752870083,0.02004874125123024
-9.601953206583858e-05,-0.0004537578788585961
0.030286360532045364,0.00022729812189936638
-0.0007136017084121704,0.015754688531160355
0.0021929375361651182,-0.0011894386261701584
0.0034846593625843525,0.008370843715965748
0.0022710778284817934,0.0026651760563254356
0.030937673524022102,0.00013543624663725495
0.0014784124214202166,1.782541221473366e-05
0.0005303788930177689,0.0016755512915551662
0.00028420862508937716,0.00010523205855861306
0.00020193695672787726,0.0020026876591145992
0.010649072006344795,-0.0046745347790420055
0.000916968216188252,0.007640039548277855
0.0027954771649092436,0.0024616059381514788
7.66894081607461e-05,0.0003209654241800308
0.0003120818000752479,-0.00012698007049039006
-0.041194505989551544,-0.11142577975988388
0.0003799505066126585,0.05018430948257446
0.0023942578118294477,0.014000761322677135
0.0019101330544799566,0.012750006280839443
-0.0024584862403571606,0.0047193653881549835
0.010315904393792152,0.004192642867565155
0.009293632581830025,0.0006518142763525248
0.10209660977125168,0.0004972168826498091
0.0006001492729410529,0.007743649650365114
0.0019583175890147686,0.011453294195234776
-0.001501093851402402,-0.0018446806352585554
0.09567826241254807,0.0034746327437460423
0.0046282741241157055,0.000737328955437988
0.0991700291633606,0.0005073281936347485
0.004203088115900755,0.000485966942505911
0.00353503180667758,0.011070690117776394
0.026470590382814407,-0.0059431856498122215
-0.0007998846704140306,0.0005098069086670876
0.0032647058833390474,0.00847974605858326
0.02686038427054882,-0.00017787731485441327
0.004050327930599451,-0.001180195133201778
0.0019434818532317877,0.002362279687076807
0.005655186716467142,0.0013342037564143538
0.0036651098635047674,0.0041478779166936874
0.006473518908023834,0.005536493845283985
0.03041653148829937,-3.0138917281874456e-06
-0.0001372029073536396,-0.0021653505973517895
0.0022273464128375053,0.0003766912268474698
0.001491005765274167,-0.00010436144657433033
0.011740181595087051,0.05532388389110565
0.0344165563583374,0.0071494136936962605
0.0013682761928066611,0.00035414681769907475
0.008426401764154434,0.05969687178730965
0.0009339106036350131,0.00016049863188527524
0.0037674657069146633,0.003307727864012122
0.06210457161068916,0.011594098061323166
0.00042209815001115203,0.0025818287394940853
0.0007966047269292176,0.005725951865315437
0.0010786609491333365,0.003989593591541052
0.2787623405456543,0.015084212645888329
-0.002362671308219433,-0.0032864378299564123
0.002529835794121027,0.0025761262513697147
0.03330568969249725,0.0014743858482688665
2.8691021725535393e-05,-0.0002977906260639429
0.1965133249759674,0.010858011431992054
0.0021719406358897686,0.0002961503923870623
-2.831645542755723e-05,-0.0008847765275277197
-0.0016513393493369222,-0.0013155525084584951
-0.00024002220015972853,-2.367800334468484e-05
0.00178759905975312,0.0003533797280397266
0.0007773310644552112,0.00039054517401382327
0.0028382143937051296,0.0037482050247490406
0.0004774258122779429,-0.0007486038957722485
0.0002522687427699566,0.016473056748509407
-0.001988446805626154,-0.0004180776886641979
-0.026644283905625343,-0.02707749791443348
-0.015815380960702896,-0.018545987084507942
-0.0019671861082315445,-0.003010203130543232
0.0029431201983243227,0.0025075317826122046
-0.0063795410096645355,-0.01949968747794628
-0.003788685891777277,-0.007565977051854134
0.01573750376701355,0.0024016706738620996
0.017488157376646996,0.0033430003095418215
0.09349577873945236,0.0006873065140098333
0.0020624203607439995,0.0017726767109706998
0.04556436836719513,0.002652260474860668
0.001679214066825807,-7.14832276571542e-05
0.015142394229769707,-0.0026898588985204697
0.002082249615341425,0.00027791125467047095
0.0035118195228278637,0.001889146282337606
0.002777098212391138,0.0013423869386315346
-0.0012577290181070566,0.007023910526186228
0.007848827168345451,0.0011056236689910293
0.005070599261671305,0.005894288420677185
0.0015674796886742115,0.00774772185832262
0.002822163747623563,0.01865425892174244
-0.0049638571217656136,0.014079224318265915
0.003947899676859379,0.0034123724326491356
0.0003693149774335325,-0.00014817554620094597
-0.00028496881714090705,0.00207049329765141
-0.0008958127000369132,-0.0005404347903095186
0.000773835345171392,-0.00020772925927303731
0.002946282969787717,0.005850184243172407
0.03172438591718674,0.0009150906116701663
0.00020462907559704036,0.00039473484503105283
0.0062539041973650455,0.0010178906377404928
-0.00014956510858610272,0.0010151559254154563
0.0055954307317733765,0.02452251873910427
0.004702433943748474,-0.000348828878486529
0.0023100993130356073,0.0012936131097376347
0.003953331150114536,0.0029020695947110653
0.0020618399139493704,0.0011838675709441304
-0.0003108190430793911,0.00010586646385490894
0.004844664596021175,0.004406237043440342
0.0004526670090854168,0.00042580481385812163
-0.0029660288710147142,-0.0018224614905193448
0.00966456439346075,0.0058118547312915325
0.003599681658670306,0.0033499549608677626
-7.431377889588475e-05,0.0032489639706909657
-0.004393485374748707,-0.005020470824092627
-0.0015333008486777544,0.005919554270803928
0.004418268334120512,0.002263779053464532
-0.001307533122599125,0.12693673372268677
0.003517607692629099,0.008573150262236595
0.0008238930022343993,-0.0009118586895056069
0.004558301996439695,0.007205689325928688
0.013601955957710743,0.0019708764739334583
0.003867346327751875,0.012453260831534863
0.005294734612107277,0.0031919071916490793
0.005610985681414604,-0.008428037166595459
-0.01043213251978159,-0.02409159392118454
0.0012671975418925285,-0.00030177811277098954
0.00010563883552094921,0.0005575951654464006
-0.0011065644212067127,-0.0009186652023345232
-0.010055163875222206,-0.01997152343392372
-0.0618426650762558,-0.05709013342857361
0.0004137147916480899,-0.00012378035171423107
0.00012233063171152025,0.001182794338092208
0.0019276314415037632,0.002175245201215148
0.10474466532468796,0.001937687979079783
0.0021700626239180565,0.007558801677078009
0.005379172507673502,0.00040451358654536307
0.01677398383617401,0.0024944504257291555
0.0001375115680275485,0.004490029066801071
0.05259152874350548,-0.0012378212995827198
0.00041540159145370126,0.0019494658336043358
0.0023350135888904333,0.01136540062725544
0.005877361167222261,0.01845463179051876
0.02889276295900345,0.0007082358933985233
-0.03171553462743759,-0.03157850727438927
0.021267520263791084,0.004860804416239262
0.0036038337275385857,0.0003448333591222763
-0.0023563974536955357,0.0027662022039294243
0.004589526914060116,-0.0011762644862756133
0.004936462268233299,0.00022572126181330532
0.011744215153157711,0.19053858518600464
0.0041460092179477215,8.585116302128881e-05
0.004783580545336008,0.0026092822663486004
0.029958227649331093,0.01325374748557806
0.0037766313180327415,0.0022523978259414434
0.007661616429686546,0.005443963222205639
0.04609854891896248,0.0014439751394093037
0.0022492888383567333,0.016795983538031578
-0.0014358703047037125,-0.012677563354372978
-0.0016286495374515653,-0.0015285625122487545
0.0010511926375329494,0.0004009815747849643
0.0030759815126657486,-0.007162007968872786
0.011868827044963837,-0.008335279300808907
0.16363002359867096,0.0005754320882260799
0.002887496491894126,0.008647441864013672
0.015338065102696419,-0.002735588001087308
-5.953724030405283e-05,-0.00018063827883452177
0.0009132818668149412,0.0065673599019646645
-0.0008788835257291794,-0.026067102327942848
0.0006125178188085556,0.03436703979969025
-0.0029003845993429422,-0.003900442970916629
0.015624349005520344,0.004600629210472107
0.020312471315264702,0.0027150767855346203
0.003770864102989435,0.0007028215914033353
0.02513827197253704,0.0010007205419242382
0.0015226361574605107,-0.00029832986183464527
0.03607100620865822,0.013927390798926353
-0.00736594432964921,-0.006493614055216312
-0.008110001683235168,-0.08631772547960281
0.003384964307770133,0.025180933997035027
-0.001108595635741949,-0.00498324166983366
0.0005354962195269763,0.0023012070450931787
0.01347166858613491,0.002987123792991042
0.04844817891716957,0.0028371107764542103
0.0021756556816399097,-0.0013748012715950608
0.02053125947713852,0.0074281152337789536
0.0004234065127093345,-4.512511077336967e-05
0.0009520485764369369,0.0008356997277587652
-1.5810830518603325e-05,-0.0004506377736106515
0.005787448026239872,0.00013949762796983123
0.0015055934200063348,3.225101681891829e-05
0.0026914584450423717,0.0009096181020140648
0.0016921337228268385,0.0003184529487043619
0.003354917746037245,-0.0013209977187216282
-0.004082933999598026,-0.0070816767401993275
0.0023380699567496777,0.018706709146499634
0.015450706705451012,0.017133573070168495
0.003484763205051422,-0.03635256737470627
0.0003308095328975469,3.3001066185534e-05
0.005055196117609739,0.0025518881157040596
0.001490888767875731,0.0011907864827662706
-0.01196049153804779,-0.012077691033482552
0.00019481161143630743,0.08153324574232101
0.016326522454619408,-0.002245598006993532
0.007263048551976681,0.016630716621875763
0.0006350413896143436,-9.029614739120007e-05
0.0035667605698108673,-0.0003689291188493371
0.00458877719938755,0.0004674054798670113
0.000981867895461619,0.0037441367749124765
-0.002362671308219433,-0.0032864378299564123
0.0028490384574979544,0.002049841219559312
0.003756875405088067,0.002614589175209403
0.01918584294617176,0.02373005636036396
0.011141272261738777,-5.931803025305271e-05
-3.318290691822767e-05,0.00012509632506407797
-0.0029198131524026394,-0.0010932385921478271
0.011600315570831299,0.01482382882386446
0.0013794911792501807,-0.000215096864849329
0.009325898252427578,-0.002550750272348523
0.00802559033036232,-0.0002721812925301492
0.004099029581993818,5.718544707633555e-05
0.03366610035300255,0.0018512072274461389
0.004131912719458342,0.0017413843888789415
0.07913126796483994,0.003522690385580063
0.006090618669986725,0.0027031945064663887
0.04348212480545044,0.001744355307891965
0.0007678255788050592,3.9630358514841646e-05
0.003947899676859379,0.0034123724326491356
0.004427437670528889,-0.00022025691578164697
0.0002490059123374522,7.798761362209916e-05
0.002760757692158222,0.002186364261433482
0.003733763936907053,0.0031659419182687998
0.0036391273606568575,0.004525970667600632
0.000486293516587466,0.0035354006104171276
0.005368509329855442,0.012221735902130604
0.001701272907666862,0.0021390910260379314
-0.0002390656154602766,-0.00243349839001894
0.0007580553065054119,0.00492263725027442
-0.0001866840320872143,0.001684986287727952
0.0012617877218872309,0.002704632468521595
-0.0009914630791172385,0.02860896848142147
0.10014758259057999,0.001190291135571897
0.0005729381227865815,0.004093368537724018
0.008105357177555561,-0.0036960854195058346
0.00718735670670867,0.01802152581512928
0.0011159490095451474,-0.0003042051394004375
0.00033459035330452025,0.005622496362775564
0.0006609981646761298,1.8913342501036823e-06
0.006123390514403582,-0.00038802268682047725
0.02942388691008091,0.017372671514749527
0.005194921512156725,0.0010189013555645943
-0.001906796358525753,-0.008446774445474148
-0.00042776577174663544,7.022591307759285e-05
-0.00022961036302149296,0.002042661886662245
0.002421487355604768,0.004592718556523323
0.00017151699285022914,0.00933731347322464
0.0011490002507343888,0.0015109468949958682
-0.016756068915128708,-0.0014553666114807129
-0.004830026067793369,-0.010939511470496655
0.010013035498559475,5.714988219551742e-05
0.0006147795938886702,0.010215464048087597
0.008853165432810783,0.013981850817799568
0.0017068933229893446,0.003750063246116042
-0.004201166331768036,-0.005377620458602905
0.0012216545874252915,0.0025891840923577547
-0.002817505272105336,0.11810891330242157
0.0010058600455522537,-0.006053922697901726
0.009466524235904217,0.050906840711832047
0.002970087807625532,0.000137486174935475
0.0014742315979674459,0.09944402426481247
-0.007635342888534069,-0.005898206494748592
-0.0003187372349202633,0.022628502920269966
0.00031734572257846594,-0.0018413763027638197
0.00169157306663692,0.007863552309572697
0.034107815474271774,-0.004637329839169979
0.0013454838190227747,0.002644547261297703
0.022952953353524208,-0.002622045110911131
0.004936462268233299,0.00022572126181330532
0.15640750527381897,0.0013908202527090907
7.558515790151432e-05,0.003088494995608926
0.0041043721139431,0.00021627347450703382
0.0004006664967164397,-0.0012422570725902915
0.0211374219506979,0.0009731664322316647
-0.0026369597762823105,-0.013414193876087666
0.010000341571867466,0.001129853306338191
0.005181659944355488,0.0020888918079435825
0.00792348850518465,-0.001507186098024249
0.005320153199136257,0.04127197712659836
0.0278643686324358,2.226801007054746e-05
0.001997409388422966,-0.00020117404346819967
0.0544092170894146,-0.005041072145104408
0.0016869440441951156,0.03210259601473808
0.037838175892829895,0.0005090515478514135
0.0053343395702540874,0.00791177898645401
0.005226938985288143,0.00021199160255491734
0.002541047055274248,-0.0005337855545803905
0.205845907330513,-0.0003616649773903191
0.011159885674715042,0.008797124959528446
0.0011172466911375523,0.004189630039036274
-0.004022482316941023,-0.003650353290140629
-0.0017118705436587334,0.0218195877969265
-0.00018238206394016743,-0.0007875861483626068
0.004834240768104792,-0.0010759158758446574
-0.0010419872123748064,0.00207156827673316
-0.05518274009227753,0.16314281523227692
0.04322198033332825,0.0024561723694205284
0.004407637286931276,0.02092764340341091
0.004804665222764015,0.007141332142055035
-0.0004085757536813617,-2.98256054520607e-05
0.000527713680639863,-0.0015149784740060568
0.0003253398463129997,0.03907987102866173
0.001213587005622685,-0.00045949744526296854
0.025815259665250778,0.007839971221983433
9.304872946813703e-06,0.01573961228132248
0.0001377085136482492,0.006769364234060049
0.002098343800753355,0.0038013022858649492
-0.001748640206642449,0.003613246837630868
0.001846668659709394,0.0019183051772415638
0.0022818008437752724,-0.00014526688028126955
0.00485934829339385,0.008043304085731506
0.012470494955778122,0.0067474115639925
0.010415072552859783,-0.0017449351726099849
0.0006241087103262544,-9.749224409461021e-05
0.0009208954870700836,-0.006839260924607515
0.004802756942808628,5.79722982365638e-05
0.001970930490642786,-0.004291776567697525
0.004603853449225426,-0.004773123189806938
0.07098895311355591,0.0008990999194793403
0.004593280144035816,0.16838739812374115
-0.0009855127427726984,-0.0012251128209754825
0.008394971489906311,-0.03077647276222706
0.0024794847704470158,-0.00011148821795359254
-0.0032063527032732964,0.0005030343309044838
0.009958280250430107,0.0009127664379775524
0.0016734577948227525,0.004307112190872431
0.007302776910364628,0.001616951311007142
0.029234178364276886,0.0004909962881356478
0.0006491018575616181,0.0019576996564865112
0.004936462268233299,0.00022572126181330532
0.01915525458753109,-6.216891051735729e-05
0.006760928779840469,0.010862968862056732
0.004618003498762846,0.0020371919963508844
5.473149940371513e-06,0.00938337855041027
-0.004152266308665276,-0.011492980644106865
-0.08359266072511673,-0.08412839472293854
-8.15416278783232e-05,0.0006226468831300735
0.009348051622509956,0.012226207181811333
0.0052553811110556126,0.0012027928605675697
0.008506142534315586,0.012097107246518135
0.0018227682448923588,-6.315213977359235e-05
0.00841795839369297,-0.0014340294292196631
-0.0038422453217208385,-0.005860334262251854
0.0029362954664975405,0.06371670961380005
-0.004536762833595276,-0.004164670594036579
-0.0039735520258545876,-0.007257753983139992
0.0007351096719503403,0.00613971333950758
7.717681000940502e-05,0.022533338516950607
0.0004016724997200072,0.009798615239560604
0.00451226532459259,6.018485873937607e-05
0.005642985459417105,0.05130104720592499
0.002865113550797105,0.0012064906768500805
-0.0005200384766794741,0.0007895107846707106
9.06131899682805e-05,0.0006840198766440153
0.0023079412057995796,-0.00033105758484452963
0.005946748424321413,-0.0007231440977193415
-0.012228401377797127,0.012842899188399315
0.012875562533736229,0.0026516991201788187
0.0017546184826642275,0.000309214141452685
0.0004458829644136131,0.004777875263243914
0.017402874305844307,0.03551996871829033
0.0010580942034721375,0.0009775315411388874
3.124107024632394e-05,0.007256092969328165
0.03411814570426941,-0.0021531200036406517
-0.001634266460314393,-0.0009108521044254303
0.00028184131952002645,0.0009838329860940576
0.0005653458647429943,0.006821523420512676
0.028433650732040405,0.0045233191922307014
0.0006107453373260796,-0.0003228135756216943
0.02455574832856655,0.011955277994275093
0.001790210255421698,0.0031078511383384466
0.012470494955778122,0.0067474115639925
-8.120876736938953e-05,-0.00011920218094019219
0.037446729838848114,0.011460241861641407
0.00010252704669255763,0.0011950351763516665
0.003081045113503933,0.0012319970410317183
0.0028302278369665146,0.000421691860537976
-0.0031061870977282524,0.017329782247543335
0.010049572214484215,0.012631719931960106
0.0005842087557539344,0.003097010776400566
0.009573245421051979,0.028070366010069847
0.003711734665557742,0.00039107847260311246
-0.000182624178705737,0.008184256963431835
0.011421035043895245,-0.0002423914847895503
0.004702433943748474,-0.000348828878486529
0.0035866505932062864,0.00025073878350667655
0.0020996304228901863,-0.008639717474579811
0.010185740888118744,-0.031539421528577805
-0.001108595635741949,-0.00498324166983366
0.00015025133325252682,0.0006106066284701228
-0.013721871189773083,-0.013890736736357212
0.0005449798190966249,0.007678077556192875
0.00178759905975312,0.0003533797280397266
-0.0025276285596191883,-0.0031470798421651125
0.000755228684283793,-8.754877489991486e-05
0.013747405260801315,0.0009281702805310488
0.006231975741684437,-7.204827852547169e-05
0.0012823559809476137,0.0016450975090265274
0.11033161729574203,0.010038650594651699
0.000380172161385417,-0.0009049349464476109
-0.00015289965085685253,-0.001684373477473855
0.014731255359947681,-0.0016705613816156983
-0.022063419222831726,-0.011730356141924858
0.0002678560558706522,-0.0005532184732146561
0.0018809499451890588,0.11468073725700378
0.05179138109087944,0.12531507015228271
0.015450026839971542,-0.00031851697713136673
0.0014322272036224604,0.0007707668701186776
-0.0014649066142737865,0.03195306658744812
0.0011021415702998638,0.004353497177362442
0.002340499311685562,-0.00018317106878384948
0.005595030263066292,0.00017676025163382292
-0.0006949814269319177,-0.0013077744515612721
0.00040372542571276426,0.0011352828005328774
0.0006084531196393073,0.0011214662808924913
0.22654882073402405,-0.0016205806750804186
0.03649664297699928,0.0032569891773164272
0.034926366060972214,0.010897401720285416
-0.011444484815001488,-0.015624705702066422
0.004839641973376274,0.0024378113448619843
0.0007229353068396449,-3.144796937704086e-05
0.0016244857106357813,0.033055830746889114
0.0022690454497933388,0.0022922814823687077
0.0029036852065473795,-1.3999699149280787e-05
0.004808861296623945,-0.0009470846271142364
-0.009897209703922272,-0.01097104512155056
0.017647018656134605,0.012664019130170345
0.001304268604144454,0.0036612057592719793
0.003254656447097659,0.0011614739196375012
0.011322161182761192,-0.0028450842946767807
-0.004119793884456158,-0.0058725979179143906
0.004732691682875156,0.002771974541246891
0.010365053080022335,0.0009916600538417697
0.002443103352561593,0.0013355376431718469
0.00025340725551359355,0.0002771500439848751
0.010438373312354088,0.0013948841951787472
0.006363724824041128,0.003495964454486966
0.022919759154319763,0.0015086681814864278
-0.000519029563292861,-0.0017003691755235195
0.00790824182331562,0.0019732769578695297
-0.0005771573632955551,-0.0004405583022162318
8.696224540472031e-07,-0.0004911614814773202
0.00426761619746685,0.0005715807783417404
0.009076070971786976,0.0013100749347358942
-0.0015912492526695132,0.014058886095881462
0.03061680682003498,0.027668211609125137
0.0011460110545158386,-0.00279406551271677
-0.004626512061804533,-0.004611572716385126
0.04899707809090614,-0.0005027845036238432
0.0007717178086750209,0.0037448357325047255
0.0035816808231174946,0.0023904372937977314
-6.141886115074158e-05,-0.0029515959322452545
0.0008338734041899443,4.914064265904017e-05
0.015624349005520344,0.004600629210472107
0.002462862990796566,0.008406441658735275
0.001089693745598197,0.0034610521979629993
0.0023444248363375664,0.0048062498681247234
0.0011821786174550653,0.03080890327692032
0.01221555843949318,-0.016584550961852074
0.0008959120605140924,0.003989343531429768
0.018964622169733047,0.0037709111347794533
7.233916403492913e-05,0.001368936151266098
0.00107173016294837,0.2590887248516083
0.0010556046618148685,0.010011650621891022
0.0016865822253748775,-0.00119965139310807
-6.141886115074158e-05,-0.0029515959322452545
0.00027280428912490606,0.00025171664310619235
-0.0027157734148204327,0.05842117965221405
0.004629852250218391,0.0007029534899629653
0.0032321179751306772,0.0067994119599461555
0.0020715894643217325,0.0014128957409411669
2.609376679174602e-05,0.002098051132634282
0.0005390499718487263,-0.00040735528455115855
0.0007341266609728336,0.001877366565167904
0.00088265142403543,0.0026179244741797447
0.0012393845245242119,0.0002708288375288248
0.0014550423948094249,0.00019336426339577883
0.001343846321105957,0.0007858534809201956
0.003928977996110916,0.0007300309371203184
0.0008460548706352711,0.00024404221039731055
0.02902713045477867,-0.0013093589805066586
0.0016210702015087008,0.0008860662928782403
0.0014802871737629175,0.0002079775440506637
0.01287246122956276,0.003251309972256422
0.004918702412396669,0.025530986487865448
-0.0038741654716432095,-0.00784844160079956
0.0009105340577661991,0.0037071192637085915
0.0013906087260693312,0.05652155354619026
0.00036864372668787837,-7.286360778380185e-05
0.024493061006069183,0.003336623078212142
0.010944888927042484,0.04654689505696297
0.0013233134523034096,0.005263365339487791
0.0012930610682815313,0.0006781243719160557
0.0009221932268701494,0.00016095662431325763
-6.141886115074158e-05,-0.0029515959322452545
0.21907462179660797,0.018369540572166443
0.0009474826510995626,0.0022070512641221285
-0.04072007164359093,-0.04645803943276405
0.00835462473332882,0.003329345490783453
0.0010068431729450822,0.0030523294117301702
0.0007971035083755851,-7.30644169379957e-05
0.006714303512126207,-0.00010307374759577215
-0.0018505663610994816,-0.003890505526214838
0.0013396557187661529,-0.0015598791651427746
0.0016412572003901005,0.0009141504997387528
0.00095727713778615,-0.0017679303418844938
0.01901847869157791,0.003118959255516529
0.0327148474752903,0.0001747297792462632
0.000969083106610924,0.012846322730183601
0.002398851327598095,-0.004688050597906113
0.0009437091066502035,-7.120812369976193e-05
0.0005137193948030472,0.0022692230995744467
-0.042783379554748535,-0.04089893400669098
0.002487121382728219,0.01329840999096632
0.025172937661409378,-0.0017984788864850998
0.0022745283786207438,0.0007096250192262232
0.0023509629536420107,-0.00011970507330261171
0.00032570608891546726,0.005325006321072578
-0.024579668417572975,-0.025802575051784515
0.0023507061414420605,0.001557047595269978
-0.0033527715131640434,-0.00024522352032363415
0.0014867716236039996,0.011839531362056732
-0.0062799155712127686,-0.050274550914764404
0.006019064225256443,0.0005007581785321236
0.009154824540019035,0.0026993080973625183
0.002819707617163658,0.001341929193586111
0.004235697444528341,0.0033625224605202675
0.003086436539888382,0.0008139114361256361
0.0015253452584147453,0.0005849777953699231
0.0033558099530637264,0.00046737512457184494
0.0005789811257272959,0.002252502366900444
0.0023114443756639957,-2.1763669792562723e-05
0.0013180479872971773,0.000455756759038195
0.0020705414935946465,0.0014092965284362435
0.0021382691338658333,0.001365297008305788
0.001583401346579194,0.00010176733485423028
0.0011510541662573814,0.002180680399760604
0.001008209539577365,-0.0009019330609589815
0.04200197383761406,0.001085930154658854
0.028376363217830658,0.0005150156794115901
0.0014978875406086445,0.0025204122066497803
0.0004004826187156141,0.0005626245983876288
0.000882171792909503,0.0006670490256510675
-0.0008503911085426807,-0.0036123248282819986
0.0016869440441951156,0.03210259601473808
0.0007166987052187324,0.008403463289141655
-0.016358615830540657,-0.016366371884942055
0.0004958439385518432,0.0009688099380582571
0.0041691893711686134,0.0010910887503996491
0.020687617361545563,0.003317934460937977
0.00509874802082777,0.0016775510739535093
-0.08692870289087296,-0.12168208509683609
0.049996957182884216,0.007781368214637041
-0.0057844906114041805,0.006326587870717049
0.0007386405486613512,0.010114070028066635
0.005610985681414604,-0.008428037166595459
0.0014023026451468468,-0.0003515562857501209
0.00966456439346075,0.0058118547312915325
0.00095727713778615,-0.0017679303418844938
-0.006026033312082291,-0.0034298449754714966
0.00036813889164477587,0.0009584623039700091
0.006204984616488218,0.0017028575530275702
-0.0014482419937849045,-0.0042733121663331985
-0.010493895038962364,-0.012865070253610611
-0.029033949598670006,-0.029359010979533195
0.0006039156578481197,-0.0033404212445020676
0.0007259566918946803,0.0023855543695390224
0.05016915500164032,0.01825704425573349
0.008376946672797203,0.00574923912063241
0.036276672035455704,-0.003729927586391568
0.0171003770083189,0.0036671082489192486
0.002930218819528818,0.0003583471698220819
0.005723841954022646,0.0010963845998048782
-0.0001563563710078597,0.05572216585278511
0.07041016221046448,0.0008583329617977142
0.0016414049314334989,0.00037315129884518683
0.0014611831866204739,0.000866928487084806
0.002533900085836649,0.009651361964643002
0.01207830011844635,0.00017966830637305975
0.012470494955778122,0.0067474115639925
0.008753616362810135,0.00023185531608760357
0.00024703145027160645,0.006197134032845497
0.003160363994538784,0.0015725023113191128
-0.009217824786901474,-0.011400661431252956
0.02180793508887291,0.004946984350681305
-0.007187783718109131,-0.009576831012964249
0.0021816720254719257,-0.0027102981694042683
-0.01725054904818535,-0.015986163169145584
0.06242489069700241,0.008164271712303162
-0.0021185700315982103,-0.003740070154890418
0.0002041476545855403,0.0002211980172432959
0.010146091692149639,-0.0006899342988617718
0.0003197081387042999,-0.00014869996812194586
0.00907426979392767,0.0007215533405542374
0.003568593878298998,0.010935523547232151
0.06231445074081421,0.026729295030236244
0.004870256409049034,-0.0019576370250433683
0.0003582602948881686,0.003995198290795088
0.03318890184164047,0.0012176232412457466
0.02470356784760952,0.008644510060548782
0.021500900387763977,0.0019523081136867404
0.009479891508817673,0.024766385555267334
0.0012792026391252875,0.005325006321072578
0.01925501599907875,-0.0004886203678324819
-0.0016863528871908784,0.006245252210646868
0.00417410908266902,0.007386116310954094
0.0004409701796248555,-0.0008400359656661749
0.05419917404651642,-2.6259192964062095e-05
0.006051803473383188,0.0010031805140897632
0.02642006427049637,-0.0007148616132326424
0.00022002789773978293,0.004909129347652197
0.006135647650808096,0.0016554754693061113
0.00552626745775342,4.773959517478943e-05
-0.0018628151156008244,-0.0022440487518906593
0.0026544239372015,-0.00011063471902161837
0.005147718824446201,0.02226478047668934
-0.0009375596418976784,-0.002677778946235776
3.1508447136729956e-05,0.004114648327231407
0.0011888312874361873,0.0020079005043953657
0.007270441856235266,-0.0004364268097560853
0.009535696357488632,-0.0017976377857849002
0.0004641912237275392,0.02069474197924137
0.0051312921568751335,0.003136677900329232
0.38834109902381897,0.0031570561695843935
0.014043360017240047,0.11262203007936478
0.002325891749933362,0.0005806603003293276
0.004291091114282608,0.001885860227048397
-0.03181494027376175,0.04519399255514145
0.009866379201412201,0.028764989227056503
0.011585183441638947,0.0008443269180133939
-0.002127096988260746,-0.0028012660332024097
0.000762898416724056,0.005793495569378138
0.0002593788376543671,0.00010910609125858173
0.006836120504885912,0.0004527774581220001
-0.032106053084135056,-0.03267752006649971
0.0010592819890007377,0.0011800829088315368
-0.0004383533960208297,-0.0015226155519485474
0.0008172130910679698,-0.0009356833761557937
0.0018758877413347363,0.0035412951838225126
0.00213130796328187,-0.0019037452293559909
0.01973154954612255,0.004718962591141462
0.002000198233872652,-0.0005258148303255439
-0.0004857877502217889,0.03745624050498009
0.02053125947713852,0.0074281152337789536
0.0034519010223448277,-0.0017615747638046741
0.00622778944671154,0.021323831751942635
-0.012490949593484402,-0.0209491103887558
0.0017183133168146014,-0.00010901564382947981
-0.043263960629701614,-0.03790471702814102
0.0006691936869174242,-0.00027209543623030186
0.00028249353636056185,0.0009220985230058432
0.006090618669986725,0.0020745210349559784
-0.004248165059834719,-0.004986509680747986
-0.016961490735411644,-0.01390406209975481
-0.005885853432118893,-0.005258331540971994
0.00038807158125564456,0.004056824836879969
0.001729946001432836,0.013931680470705032
0.003746654372662306,0.001441105385310948
0.0020509420428425074,4.739369614981115e-06
0.009469578973948956,0.003509165020659566
0.0018586970400065184,0.07140002399682999
0.02001188136637211,0.013459017500281334
-0.25173497200012207,-0.25735971331596375
-0.00031888653757050633,0.042848486453294754
0.016941415145993233,0.04558505117893219
0.012151356786489487,0.002501248847693205
0.010529491119086742,0.0016869695391505957
0.008806571364402771,0.008908720687031746
0.00022507295943796635,0.0032631231006234884
0.008711759932339191,0.0021054919343441725
0.01152045838534832,0.0013862764462828636
0.0003177667094860226,0.00138958974275738
0.004901955835521221,0.0029148377943784
-0.000425266451202333,0.00200997618958354
0.0009906408376991749,0.009292000904679298
0.0005298098549246788,0.04786967113614082
0.0007333228713832796,0.0012200650526210666
-0.009056391194462776,-0.012700814753770828
-0.00037161691579967737,-0.0005500734550878406
0.008100733160972595,0.0013113165041431785
0.009720083326101303,0.0015711358282715082
0.03187160938978195,0.0013514960883185267
0.015323430299758911,0.0033874311484396458
0.002053514588624239,-2.25060066441074e-05
0.02115609124302864,-0.0010154594201594591
0.0007361848256550729,0.0009567607194185257
0.052199337631464005,0.0008564601885154843
0.0005823267856612802,0.005825946107506752
-0.002454967238008976,-0.0013253310462459922
-6.948095688130707e-05,0.010417205281555653
0.0016976380720734596,0.00042822188697755337
0.01669146493077278,0.008540160022675991
0.002389653120189905,0.0005016227951273322
-0.001748640206642449,0.003613246837630868
0.0011482441332191229,0.015555031597614288
0.006079553626477718,0.0016147957649081945
-0.000263935886323452,-0.0013232153141871095
0.0037324882578104734,-0.0006268733413890004
0.0016328139463439584,0.002115120179951191
0.0015502148307859898,0.0015496461419388652
0.24287649989128113,-2.1806714357808232e-05
0.0023902119137346745,0.0062916274182498455
0.023104382678866386,-0.0006601697532460093
0.0012719363439828157,0.00074494763975963
0.0009936634451150894,0.0016678485553711653
-0.0017501020338386297,-0.0018745746929198503
0.0014785518869757652,0.000765882374253124
0.001666728057898581,0.006479412317276001
0.004308636765927076,-0.00010428630776004866
0.006333373952656984,0.012140925973653793
0.013013731688261032,0.04312000423669815
0.012409151531755924,-0.0014380775392055511
0.0011442035902291536,0.009138420224189758
0.0013418064918369055,-0.00010798244329635054
0.0011373027227818966,0.0008569965721108019
0.0007008590619079769,0.000422159384470433
0.0008367281407117844,0.007351366803050041
0.002838428830727935,0.020942268893122673
0.0015689097344875336,-0.0005995715036988258
0.002872118493542075,5.152186713530682e-05
0.0023020198568701744,0.003280268982052803
0.005817164666950703,0.0018228498520329595
-0.00023740303004160523,0.00860006082803011
-0.0035551050677895546,-0.001865380210801959
-0.005595238879323006,-0.004560835659503937
0.0006616159225814044,0.001010069390758872
0.006027542985975742,0.08353407680988312
0.060210198163986206,-0.0009717842331156135
-0.0005385049735195935,0.011278432793915272
-0.0047843679785728455,-0.008038945496082306
0.0012393845245242119,0.0002708288375288248
0.001669981749728322,0.0022725004237145185
0.0046562310308218,-0.00045193429104983807
0.12286873161792755,0.0025941203348338604
0.06198708713054657,0.0013640912948176265
0.021165477111935616,-0.0018888694467023015
0.077333964407444,-0.007011036388576031
-0.0044315280392766,-0.007235669530928135
0.0029413823504000902,-0.0015043814200907946
0.00178759905975312,0.0003533797280397266
0.0005835088668391109,0.00019497738685458899
0.002441330347210169,0.0017735171131789684
3.9882404962554574e-05,-0.00011379883653717116
0.04234082251787186,0.0532340332865715
0.006635483354330063,0.03284956142306328
0.0014240449527278543,0.00044606998562812805
0.00022866087965667248,0.006401531398296356
0.00688561424612999,0.004391331225633621
0.016083743423223495,0.006889896001666784
0.007481029722839594,-0.0011809275019913912
0.007252173498272896,0.007727431133389473
0.004692366346716881,0.0030718217603862286
0.03187160938978195,0.0013514960883185267
-0.003496964229270816,-0.005596059374511242
0.0013591066235676408,0.018269285559654236
-0.00011459461529739201,-0.0002385044062975794
0.009724034927785397,-0.0010815809946507215
-0.0018517826683819294,0.10849189758300781
-0.005337201990187168,0.003021769691258669
0.0024427541065961123,0.004695114679634571
0.0010822912445291877,6.120284524513409e-05
0.05997232347726822,0.0020936280488967896
0.005501152016222477,0.0057287802919745445
0.00017382067744620144,-0.00026457555941306055
-0.0006525352946482599,-0.00038292561657726765
0.0008181638550013304,-7.789045776007697e-05
9.215150203090161e-05,0.000264593749307096
0.0051122186705470085,0.006006172858178616
0.00024541563470847905,0.0001967032440006733
-0.00015801499830558896,-0.0007064304081723094
0.0017235038103535771,0.0008699000463820994
-0.025831041857600212,-0.031169597059488297
0.0016033754218369722,-0.0019515932071954012
-0.0074195475317537785,-0.009079950861632824
0.0059851910918951035,0.004049651324748993
0.024165820330381393,5.512491043191403e-05
-0.025606317445635796,-0.02758646011352539
0.00429174629971385,0.00013967858103569597
-0.0021452736109495163,-0.002451899228617549
0.0008787575643509626,-0.0009984219213947654
-0.00028275209479033947,-0.0009607815300114453
-0.0013588654110208154,0.0005894328933209181
0.012940416112542152,-0.00022601985256187618
0.000750901410356164,0.001883508637547493
0.02470356784760952,0.008644510060548782
0.0003921839233953506,0.0009568514069542289
0.03340908885002136,-0.004982524085789919
0.1333710253238678,-0.0002135430695489049
0.002427774015814066,0.0014449595473706722
0.03940954804420471,-0.00709779467433691
-0.0003655371256172657,-0.0001996328355744481
0.00023731158580631018,-0.0009269436704926193
0.0003290744498372078,0.0008123451843857765
0.004808358382433653,0.00017457475769333541
0.006359778344631195,0.02327474020421505
0.028550051152706146,0.02223682589828968
-0.020328639075160027,-0.014960279688239098
0.0002980006393045187,0.049762967973947525
0.007322900928556919,0.008432491682469845
0.002579566789790988,0.03492172807455063
0.0005574345123022795,0.0002232634142274037
-0.0017087063752114773,0.018267322331666946
0.001859932905063033,0.001787247834727168
0.00966456439346075,0.0058118547312915325
0.007054414600133896,0.00038008386036381125
0.015624349005520344,0.004600629210472107
0.004362286999821663,0.0004071455914527178
-0.0010955543257296085,-0.0014267477672547102
2.0333711290732026e-05,0.0009919251315295696
0.006357741542160511,0.0014049005694687366
-0.024119727313518524,-0.03685486316680908
0.057560939341783524,0.04106451943516731
0.0009936634451150894,0.0016678485553711653
0.015115177258849144,0.015632785856723785
0.00361747108399868,0.0015720627270638943
0.002340499311685562,-0.00018317106878384948
0.0025360025465488434,0.0006120605394244194
0.016737820580601692,-0.00017789544654078782
0.00016094750026240945,0.0018228950211778283
0.005863920785486698,-0.002584985690191388
-0.13913103938102722,-0.14029213786125183
0.0009165892261080444,0.00014608126366510987
0.06778877228498459,0.0003154242876917124
0.03275860473513603,0.006712702102959156
0.02475811168551445,-0.008610247634351254
0.01430877111852169,0.0004972168826498091
0.0009439305285923183,0.006166547071188688
-3.71014466509223e-05,-0.0012898498680442572
-0.0018893233500421047,-0.0025627403520047665
0.006289532873779535,0.003243289887905121
0.0012335467617958784,0.0015428428305312991
-0.0025458394084125757,-0.003932548686861992
0.0006266530836001039,0.0026420517824590206
0.018618961796164513,0.0076508233323693275
0.0014672025572508574,0.0008299615001305938
-0.0029525356367230415,-0.004109965171664953
0.04490405321121216,-0.00288128643296659
0.01312937866896391,0.0003705733106471598
0.0003239386132918298,0.000779474969021976
0.00045729707926511765,-0.0045463466085493565
0.011073810048401356,0.02043125219643116
0.011757336556911469,0.0076421513222157955
-0.0009395116940140724,-0.003238444682210684
0.004865100607275963,0.0008262761402875185
0.08371060341596603,-0.0029149609617888927
0.004000629298388958,-0.003238444682210684
-0.0029183565638959408,-0.004055709578096867
0.007461770437657833,0.05733887478709221
0.010956515558063984,0.001049150014296174
0.005096620414406061,0.0035830955021083355
0.0016611715545877814,-0.001170302857644856
0.001816040137782693,0.002132019493728876
0.015465585514903069,-0.0008377097547054291
-0.007497277110815048,-0.014227885752916336
3.100922185694799e-05,0.0012887187767773867
0.010393723845481873,-0.000671165413223207
-0.004070513881742954,0.004080905579030514
0.011568319983780384,-0.0007267526816576719
0.012868192046880722,0.01774093508720398
-0.0006515369168482721,0.00015311490278691053
0.018663162365555763,0.009623933583498001
0.021908346563577652,0.00010507181286811829
0.00023598592088092119,0.0023517285007983446
-0.0006045482587069273,0.015970615670084953
-0.006758297793567181,-0.007472325582057238
0.015713252127170563,0.018625933676958084
-0.0114299226552248,-0.008423224091529846
0.0005962428986094892,0.058972734957933426
0.021587524563074112,0.0015140159521251917
0.0001997851941268891,0.0002920766419265419
0.004960707854479551,-0.00047761888708919287
0.003961505834013224,0.0015225921524688601
0.0026756739243865013,0.00641578808426857
0.0025071720592677593,0.0005553726223297417
-0.00028500036569312215,0.004744152072817087
-0.007004807237535715,-0.0036691217683255672
0.0013328151544556022,0.008865272626280785
0.0006856803665868938,0.00010536368790781125
-0.00011305767111480236,-0.00268258573487401
-4.8745074309408665e-05,-0.0005600072909146547
-0.005051841959357262,-0.005649400409311056
0.0012426795437932014,0.012970464304089546
0.03225414454936981,0.0002452896733302623
0.00011844981054309756,0.007485554087907076
0.003354917746037245,-0.001400177599862218
8.019868982955813e-05,0.0009855215903371572
0.001271211076527834,0.0729222372174263
0.006775714457035065,-0.00017816218314692378
-0.0008639506995677948,-0.0046106441877782345
-0.013876499608159065,-0.009380681440234184
-0.003108050674200058,-0.004265806637704372
0.0009002201841212809,-5.1772552978945896e-05
0.0036885016597807407,0.009428247809410095
0.0010071869473904371,-0.0005529490299522877
-0.008291550911962986,-0.00660889595746994
-0.00018874520901590586,2.3402099031955004e-05
0.005543993785977364,0.0020146812312304974
0.03892319276928902,0.043907005339860916
0.03589247167110443,-0.000581852626055479
0.016346048563718796,-0.000518644112162292
-0.018139030784368515,-0.00967479683458805
0.0064213392324745655,0.00343073601834476
0.0008783568628132343,0.009331408888101578
0.002583013381808996,0.004223284777253866
0.00015815976075828075,0.00034007805516012013
0.002163549652323127,0.0008204550831578672
0.0176053736358881,0.010062153451144695
0.014652139507234097,0.004438269417732954
-0.019356822595000267,-0.01950327679514885
0.004162745550274849,-0.007831967435777187
0.011924832127988338,-0.0003091145772486925
-0.001638568239286542,0.046187177300453186
0.0001892245636554435,0.0012928174110129476
-0.04765426367521286,-0.04575919732451439
0.007028685882687569,0.0003992159618064761
0.0017290146788582206,0.045817840844392776
-0.006869537755846977,-0.008037027902901173
0.007921175099909306,0.004677525255829096
0.0010421979241073132,0.0008615732658654451
0.006785920355468988,0.004995396826416254
-0.00018238206394016743,-0.0007875861483626068
0.0036073881201446056,-0.00015757943037897348
0.027668822556734085,-0.003911110572516918
0.002681974321603775,0.00012192501162644476
0.005149549338966608,-0.0018717808416113257
-0.0003837196563836187,0.0018301610834896564
0.0011454151244834065,0.0002319531631655991
0.0002447881270200014,-0.0006724703125655651
-0.08267053961753845,-0.03132841736078262
0.0001098640714189969,0.0006520187598653138
0.010016603395342827,0.006853123195469379
0.0010679534170776606,0.0002285791706526652
0.09560534358024597,0.0016064199153333902
0.0016734171658754349,-0.00011943929712288082
-0.0016633043996989727,-0.001891226158477366
0.0011286139488220215,0.016194939613342285
0.03826514258980751,-0.0014683222398161888
0.0017958339303731918,0.01980331540107727
0.007302776910364628,0.001616951311007142
0.0026045385748147964,-0.0035507935099303722
0.014513852074742317,0.00025388499489054084
-0.00041793263517320156,-0.0004632133641280234
0.0014240449527278543,0.0005291381385177374
-0.015069950371980667,-0.0340421162545681
0.002846179995685816,0.0004674054798670113
0.0021329885348677635,0.0023988846223801374
0.040552232414484024,0.01805075816810131
-0.003330867039039731,0.0016345679759979248
0.004851207137107849,-0.0012123779160901904
9.207852417603135e-05,0.08279259502887726
0.0008249707170762122,0.004367902409285307
-0.009000755846500397,-0.013142946176230907
0.0014043496921658516,0.007295891642570496
-0.006015675608068705,-0.011153236962854862
-0.03750121220946312,-0.029402803629636765
0.002281608758494258,-0.00025311438366770744
0.007198365870863199,0.00015401242126245052
0.014207081869244576,0.0010102749802172184
-0.003519773483276367,-0.019065700471401215
0.008259444497525692,-0.000545781571418047
0.005070599261671305,0.005894288420677185
0.0012631014687940478,0.004234348423779011
0.0014734003925696015,0.010385027155280113
-0.005214550066739321,0.00177290802821517
0.00016374817641917616,0.0026998294051736593
0.014002973213791847,0.001952815568074584
0.0029250639490783215,0.0006233261665329337
-0.00024382065748795867,0.0021161003969609737
0.007192194927483797,0.003430380951613188
0.0011565815657377243,0.0015344975981861353
0.0015339618548750877,-0.002517120447009802
0.010404245927929878,0.0007135054911486804
5.706900265067816e-05,7.928896229714155e-05
0.0010664795991033316,0.0025796047411859035
0.010188356973230839,-0.003942249342799187
0.006644840352237225,0.006622353568673134
0.00261219241656363,0.003509165020659566
0.004717137198895216,-0.0015294492477551103
0.003456767648458481,-0.0007265580352395773
0.015975356101989746,-0.0010815809946507215
0.0004113719332963228,-0.00310464296489954
0.0011525765294209123,0.01625650003552437
0.020163431763648987,-0.0007221444393508136
-0.013876499608159065,-0.009380681440234184
0.0008966930909082294,0.021453531458973885
0.000840279390104115,0.0018095334526151419
-0.003367781173437834,0.32944026589393616
0.0009343805140815675,9.258821228286251e-05
0.02688506245613098,0.01239828485995531
0.007649070583283901,0.0021753781475126743
0.04303896799683571,0.02788572572171688
0.027725771069526672,0.03579683229327202
0.007017094641923904,0.04558505117893219
-0.020978540182113647,-0.041498392820358276
0.0010071869473904371,-0.0005529490299522877
0.01303086057305336,0.011913037858903408
0.00017722207121551037,-0.001291382941417396
-0.00428198603913188,0.07334672659635544
0.013013731688261032,0.04312000423669815
0.0010261662537232041,-0.00024758034851402044
0.004239403642714024,0.00056434515863657
0.0019460116745904088,0.008121972903609276
0.020820826292037964,0.0016956580802798271
0.00178759905975312,0.0003533797280397266
0.0005307738902047276,0.0004154825583100319
0.001517746364697814,0.0031012394465506077
-0.00041742611210793257,0.0025559747591614723
0.010225116275250912,0.005759267136454582
-0.012264948338270187,0.10719119757413864
0.0024417657405138016,0.008471204899251461
-0.001197840552777052,-0.0027543026953935623
0.000555568200070411,0.005104611162096262
-0.0025276285596191883,-0.0031470798421651125
0.0006719013908877969,-0.0006256937049329281
0.004593284334987402,0.0057894340716302395
-0.0016451331321150064,-0.0008540957933291793
-0.00037936074659228325,0.008124983869493008
0.00633607804775238,0.00021942617604508996
0.001989803509786725,-7.789045776007697e-05
0.0008722031489014626,-0.0008710125694051385
0.01379143912345171,0.01719059608876705
0.039627812802791595,0.0012181290658190846
0.001083242241293192,0.000789425743278116
0.055292923003435135,-0.00033794977935031056
0.0018449276685714722,0.0007916283793747425
-0.007049694191664457,0.0022675003856420517
-0.0006144084618426859,2.1341489627957344e-05
0.016978662461042404,0.0018113681580871344
0.008073264732956886,0.005491593386977911
0.006810050457715988,0.006496945861726999
0.001140683307312429,0.00010703486623242497
0.0017551417695358396,0.006206365767866373
-0.005057143978774548,-0.004634675569832325
0.013775288127362728,0.0013044866500422359
-0.014193382114171982,-5.747564136981964e-05
0.007925570011138916,4.660786362364888e-05
0.02544223703444004,0.0008800394716672599
0.0005426598945632577,0.2998267710208893
0.2048087865114212,0.026553601026535034
0.008694237098097801,-0.0035646953620016575
0.0005267493543215096,0.00022597284987568855
0.02956676483154297,0.0010226352605968714
0.0009988152887672186,0.0007254586089402437
0.008312283083796501,2.3761065676808357e-05
0.002402831334620714,0.009751912206411362
0.0070573738776147366,-0.0008956178207881749
0.004706179723143578,-0.0017209540819749236
0.00043666514102369547,-0.0002750769490376115
0.0003095834399573505,0.00035827228566631675
-0.02066885307431221,0.08504621684551239
0.00021625292720273137,0.00043546248343773186
0.040175408124923706,0.0007322086021304131
0.00041696609696373343,-0.00015276612248271704
-0.03443210572004318,-0.05731576308608055
-0.0002457640948705375,-0.0005246958462521434
0.0011135031236335635,0.0001492785959271714
-0.004566576331853867,-0.0044703069142997265
-0.0001208700705319643,-0.0019849531818181276
0.00023997726384550333,-2.3016706109046936e-05
0.0025612935423851013,0.0008293394930660725
0.0320146307349205,-0.011029735207557678
0.03601919487118721,-0.0012880372814834118
0.0007081384537741542,0.0162885170429945
0.0003948027442675084,0.00989608932286501
-0.05510042980313301,-0.059475306421518326
0.0017608368070796132,0.00010575367195997387
0.006943502929061651,0.008442736230790615
0.0015248263953253627,0.019855355843901634
0.0028772964142262936,0.009860526770353317
0.0008754080627113581,0.0014219522709026933
0.012455932796001434,-0.0011079376563429832
0.0023924296256154776,0.006337568163871765
0.0020427138078957796,0.0015536467544734478
0.015585576184093952,0.002529078396037221
-0.01475704088807106,-0.015952283516526222
0.0006925448542460799,-0.0004911614814773202
0.00095727713778615,-0.0017679303418844938
0.18277959525585175,-0.07924215495586395
0.02658703736960888,0.0008250256069004536
0.0005153281381353736,0.00236672000028193
0.005930459592491388,-0.0014950038166716695
0.0012381221167743206,3.105489304289222e-05
0.00627598213031888,-5.312282883096486e-05
0.003150606993585825,0.031929437071084976
-0.0008885734714567661,0.006052193231880665
-0.005846327170729637,-0.0089119803160429
0.013792515732347965,0.00598332891240716
-0.0013991743326187134,-0.0001448608236387372
0.0007645122823305428,0.003230637637898326
5.552936636377126e-05,-6.13720912951976e-05
0.013360656797885895,-0.014888221397995949
0.009349903091788292,0.0035882045049220324
0.0006476279813796282,-0.0015003676526248455
0.011476689018309116,0.003829085035249591
0.012074234895408154,0.0039031889755278826
0.014429569244384766,0.001702372683212161
-0.0008303768117912114,-0.00019462686032056808
0.1408320814371109,0.04579004645347595
0.0011588572524487972,-0.0006853924132883549
0.0018996698781847954,-0.0019016892183572054
0.0016241278499364853,-0.00019285897724330425
0.002133332658559084,0.00528538366779685
0.0017113846261054277,0.0008228340302594006
0.018176624551415443,0.001441017258912325
-0.01972404308617115,-0.010178015567362309
0.04699983820319176,0.028682906180620193
0.014214524067938328,0.0006934935227036476
0.0017748770769685507,0.00168986723292619
0.01576763018965721,0.007581857964396477
0.011165433563292027,0.0010225088335573673
0.001229107496328652,-0.0010433512507006526
5.712032725568861e-05,0.00021993763220962137
0.005975967273116112,0.0008948495960794389
0.0010395036078989506,0.000625027169007808
0.00112164078745991,0.0038525527343153954
0.000844542111735791,0.004335378762334585
-0.010805647820234299,-0.006597929634153843
0.0030997288413345814,0.003753853961825371
-0.00018238206394016743,-0.0007875861483626068
0.007250969298183918,0.00029017531778663397
0.005329595413058996,0.008866637013852596
-0.060176070779561996,-0.0600157231092453
0.034978605806827545,0.0018990917596966028
0.004072281997650862,0.005251070950180292
-0.001604915945790708,0.0056451838463544846
0.0021831421181559563,0.002427041297778487
6.865032628411427e-05,0.0003726631694007665
0.0029581577982753515,0.006538868881762028
0.001062634983099997,0.016066206619143486
0.025599416345357895,-0.007801324129104614
0.0005513757932931185,0.01921120658516884
-0.16843022406101227,-0.16301622986793518
0.002335204277187586,0.0313558429479599
-0.00029382016509771347,-0.001957766944542527
0.0034363563172519207,0.001710550975985825
0.024493061006069183,0.003336623078212142
0.021926632151007652,0.0011301108170300722
0.004057830199599266,0.0010642751585692167
0.00044757925206795335,0.012971282936632633
8.506696030963212e-05,2.5060275220312178e-05
0.016550302505493164,0.11131129413843155
0.02208397351205349,0.002407205756753683
0.016767125576734543,0.014187408611178398
0.0006981572369113564,0.0004856172017753124
0.0019958452321588993,0.0013318879064172506
0.0023897229693830013,-3.053319960599765e-05
0.0037988934200257063,0.01039839442819357
0.001022191485390067,1.6511708963662386e-05
0.0003571380511857569,0.0002556407998781651
0.0004766281635966152,0.00013330619549378753
0.007263048551976681,0.016630716621875763
0.005766536574810743,0.0019953069277107716
0.002280716085806489,0.0007453191792592406
0.01151500828564167,0.002050842624157667
0.004506548400968313,0.02554687112569809
0.0040004136972129345,0.00550044933333993
-0.0018498010467737913,0.004195305518805981
0.02470356784760952,0.008644510060548782
0.034107815474271774,-0.004637329839169979
0.0031217394862324,0.0010238399263471365
0.00034024857450276613,-0.00019721486023627222
0.008041592314839363,0.002456453163176775
0.0115072475746274,0.015945009887218475
0.00913835596293211,0.001776635181158781
-6.141886115074158e-05,-0.0029515959322452545
0.0013214827049523592,0.0014940417604520917
0.005288834683597088,0.00038703755126334727
-0.0008885734714567661,0.006052193231880665
0.0003782350104302168,-0.0008026694413274527
-0.01972404308617115,-0.010178015567362309
-0.007621980272233486,-0.012682379223406315
-0.0006336532533168793,-0.002973173512145877
-0.00037006568163633347,-0.003058257745578885
-0.002073620678856969,-0.0012947279028594494
0.0002096917014569044,0.0005089764017611742
0.009257851168513298,-0.0017985295271500945
0.000606779707595706,0.03159221634268761
0.016806703060865402,0.0012286924757063389
0.010990164242684841,0.00034000404411926866
0.0005551285576075315,-0.0008096278179436922
0.00014680437743663788,-0.018541641533374786
0.00047051961882971227,4.273693775758147e-06
0.0046974048018455505,-0.00036407553125172853
0.005083376541733742,6.651047442574054e-05
0.003402921836823225,0.00025714002549648285
-0.0005878007505089045,0.004914268851280212
0.0029421935323625803,0.015176186338067055
0.006236490793526173,0.00017504594870842993
0.00714101642370224,9.651121217757463e-06
0.01153550110757351,0.0006130924448370934
-7.937080226838589e-06,-9.262226376449689e-05
0.0012201534118503332,0.005234802607446909
-0.024407077580690384,-0.023818206042051315
0.002223602496087551,0.0019848409574478865
-0.08272805064916611,-0.08395230770111084
0.0026442513335496187,0.0003077922447118908
-0.0020795746240764856,0.0016140332445502281
0.0018882424337789416,0.005751192569732666
0.0007233323995023966,-0.002259116619825363
0.005011412315070629,-0.0003613462613429874
0.00010489873238839209,0.00015613017603754997
-0.00629064068198204,-0.009752344340085983
0.0020705414935946465,0.0014092965284362435
-0.0014482419937849045,-0.0042733121663331985
0.0003431562799960375,0.0005369945429265499
0.12151829898357391,0.0020578783005476
0.005259223747998476,0.017105422914028168
0.002961148973554373,0.001644681440666318
0.009274023585021496,0.00021005119197070599
0.04429089277982712,0.0014354853192344308
0.0064213392324745655,0.00343073601834476
0.03276299685239792,-0.013369331136345863
0.007414998486638069,0.012628655880689621
0.19060204923152924,0.01256478950381279
-0.001513454131782055,-0.005434107035398483
0.01291664969176054,0.0009020143770612776
0.003831327660009265,0.010422416031360626
-0.007859977893531322,-0.008414366282522678
0.013982513919472694,0.0002151688968297094
0.008664668537676334,0.013667657971382141
-0.0019611604511737823,-0.00166161241941154
0.090910404920578,0.0002564177557360381
0.01523488201200962,0.0026207719929516315
0.012529495172202587,-0.0037223079707473516
0.0005902168923057616,0.010133404284715652
0.001011546584777534,0.002785760210826993
0.002954450435936451,0.00040272821206599474
0.0011406145058572292,0.007158361840993166
0.0012862873263657093,0.001978854648768902
-0.0005921460106037557,0.0015814005164429545
-1.5526486095041037e-05,0.000503096089232713
0.015636352822184563,0.01859978772699833
0.0004728231579065323,0.013661329634487629
-0.000297943246550858,0.00239525712095201
0.001309239654801786,0.0027928913477808237
0.008866027928888798,-0.0015814061043784022
0.003681266913190484,-0.0009587487438693643
-0.0012740592937916517,0.0029505337588489056
0.00015329464804381132,0.024467743933200836
-0.018202953040599823,-0.01969815604388714
0.007167106494307518,0.00029493457986973226
0.0012537019792944193,-0.00017064943676814437
0.004221120849251747,0.02241961658000946
0.0027312464080750942,0.004256643820554018
0.004189108498394489,0.000824939226731658
0.007051226682960987,3.155374724883586e-05
0.0015309668378904462,0.005134921055287123
0.034037426114082336,0.001108373748138547
0.0009906408376991749,0.0032832114957273006
-8.950097253546119e-05,5.305453669279814e-06
0.014034661464393139,-6.768410094082355e-05
0.000942789891269058,-0.0008655056590214372
0.0018167169764637947,-0.0001281656150240451
-0.00676263403147459,0.006351051386445761
-0.011978362686932087,-0.013187509030103683
0.0035162775311619043,-0.0001628758618608117
7.223302964121103e-05,-0.000877113314345479
0.0002665205975063145,0.0016929868143051863
0.0025611596647650003,0.006144920364022255
0.0024804070126265287,0.0016640055691823363
-0.004766874946653843,-0.005494444631040096
0.0015566841466352344,0.11866908520460129
0.006150753237307072,0.0001510509173385799
0.0025735152885317802,0.007622555363923311
-0.013338884338736534,-0.015634994953870773
0.001468490343540907,0.0019064568914473057
0.0006585163646377623,5.2120769396424294e-05
0.004776709247380495,0.0005454258061945438
0.002970087807625532,0.000137486174935475
-0.003698882646858692,-0.00506175309419632
0.0011097271926701069,0.0180324986577034
-0.03280578553676605,-0.0469999760389328
0.0009941922035068274,0.03216454014182091
-0.005397629924118519,-0.013804448768496513
-0.009935801848769188,-0.004034450277686119
0.0006549253594130278,0.00032410502899438143
0.00843140296638012,0.006956881377846003
0.0017386527033522725,-0.00033664979855529964
0.00960126705467701,0.024645233526825905
0.0005990556674078107,0.0019627658184617758
0.04538985341787338,-0.0038379603065550327
0.04750676825642586,0.00048645969945937395
0.00010610902972985059,0.0004193302011117339
0.00028314112569205463,0.005429437849670649
0.012902684509754181,0.0061840880662202835
-0.0021702079102396965,-0.0023096557706594467
0.00962135847657919,0.004568074829876423
-0.01757117360830307,-0.017409730702638626
-0.0032123676501214504,-0.005410992540419102
0.022714708000421524,0.0017931958427652717
0.00017102702986449003,0.002601941116154194
0.012021536007523537,0.00679629435762763
-0.03127875551581383,-0.03089062310755253
0.006256513763219118,0.0024386157747358084
-0.015016129240393639,-0.015880752354860306
0.0006886380142532289,0.004109538160264492
0.0005989978089928627,0.00014350831042975187
0.002606610767543316,0.0004178916569799185
-0.44407927989959717,-0.4486956298351288
-0.05786104500293732,-0.05418701842427254
0.001302499556913972,0.0015504136681556702
-0.28649115562438965,-0.28502002358436584
0.002928336849436164,0.0006265990668907762
0.000381665478926152,0.0007623308338224888
0.004829376470297575,-0.00027663761284202337
0.011376814916729927,0.0017377480398863554
0.006678700912743807,0.03702075034379959
0.0006247679702937603,0.08501902967691422
0.0006474440451711416,0.004764564335346222
0.010574708692729473,0.029389142990112305
-0.0002927057212218642,-0.0018149876268580556
0.0072724474593997,-0.0014556836104020476
0.026427891105413437,0.006094150245189667
0.0010525130201131105,0.005030388478189707
-0.003404356073588133,0.00377785786986351
-0.006037517916411161,-0.009220363572239876
0.0024068790953606367,0.023226046934723854
0.008882272988557816,0.0006526958313770592
-0.062215905636548996,-0.06367723643779755
0.00402948260307312,-1.5088044165167958e-05
-0.001907948637381196,0.005974290892481804
0.0006947571528144181,0.002583814552053809
-0.01731027662754059,-0.01686304621398449
0.0019570228178054094,-0.0022479533217847347
0.00399529654532671,0.0012804657453671098
-0.003380967304110527,-0.009559554047882557
-0.014796867035329342,-0.010977190919220448
0.005916188005357981,0.005109256133437157
0.014912387356162071,-0.010029593482613564
0.002169358544051647,0.0024940886069089174
0.015436234883964062,0.003578145755454898
0.013682636432349682,0.0025215959176421165
0.0015237288316711783,-8.486417937092483e-05
0.00033442024141550064,0.007607614155858755
0.0003782350104302168,-0.0008026694413274527
0.00202256185002625,0.015205943025648594
0.025137078016996384,-0.0037757279351353645
0.01172714214771986,0.02732270024716854
0.0018096424173563719,-0.001114338869228959
0.0035162775311619043,-0.0001628758618608117
-0.01736106351017952,-0.01595422998070717
0.0025115692988038063,0.0015629194676876068
-7.286231266334653e-05,0.02646915800869465
0.003599681658670306,0.0033499549608677626
0.005945716518908739,-0.0003286798018962145
3.18038510158658e-05,0.0009824283188208938
-0.0005176395643502474,-0.00025412364630028605
0.008481737226247787,0.00014445994747802615
0.01802407018840313,0.00023354211589321494
0.0005576288094744086,0.003441656706854701
-0.1379484236240387,-0.09449246525764465
0.0014354470185935497,-0.00037681503454223275
-0.0172736756503582,-0.020910438150167465
0.0020989689510315657,0.000100533856311813
0.004110942594707012,0.020826274529099464
0.00026945292484015226,0.009517365135252476
0.0036885016597807407,0.06513500958681107
0.0107583524659276,0.004501143004745245
0.0016408675583079457,0.0018221999052911997
0.004581904038786888,0.0022313043009489775
0.0009677349589765072,0.006753847468644381
0.02806178852915764,0.0014441044768318534
0.0027890889905393124,0.010236243717372417
0.001343846321105957,0.0017818128690123558
0.0037432501558214426,0.005741534288972616
0.019130263477563858,0.0040265657007694244
0.004340044222772121,0.004787631332874298
0.0036470205523073673,0.0004163570702075958
-0.0006045482587069273,0.015970615670084953
0.00013965816469863057,-0.0001777882280293852
0.012182249687612057,-0.01131493877619505
0.014040214940905571,-0.0034435465931892395
0.0069473604671657085,-0.0003359705733601004
0.0032072640024125576,-0.0032287167850881815
6.865032628411427e-05,0.0003726631694007665
0.009600460529327393,0.00020239291188772768
0.0679452195763588,0.0019146790727972984
3.535249561537057e-05,7.300132710952312e-05
-0.0014482419937849045,-0.0042733121663331985
-0.0011317133903503418,-0.0016249429900199175
0.006027542985975742,0.076090969145298
0.003925328142940998,-0.004379850346595049
0.0020183385349810123,-0.00015814148355275393
0.0029059196822345257,0.0003751260810531676
0.005320153199136257,0.04127197712659836
0.0003624316304922104,-0.01831616833806038
-0.0005528599140234292,-0.0005365361575968564
0.001471800496801734,0.0006182397482916713
0.0073043047450482845,0.009950592182576656
0.0008989967755042017,0.0017189207719638944
0.01575658470392227,0.0030745877884328365
-0.0010840874165296555,-0.011371943168342113
-0.01019784901291132,-0.011009970679879189
-0.0014221483143046498,-0.0012207047548145056
0.00890052318572998,0.0004615170182660222
-0.2787095308303833,-0.29111793637275696
-0.00044660462299361825,0.08144937455654144
0.0003433423116803169,-0.0017227488569915295
0.004814556334167719,0.05272016301751137
0.001428429502993822,-0.0014699287712574005
-6.141886115074158e-05,-0.0029515959322452545
0.006450121756643057,0.006233926862478256
0.06396584212779999,0.002608904615044594
0.0019276314415037632,0.002175245201215148
0.0018296765629202127,0.0037022195756435394
0.0027474192902445793,0.010212205350399017
0.0034185154363512993,0.0004907604306936264
0.07551905512809753,0.0054730139672756195
0.008854137733578682,8.614749094704166e-05
0.004945063032209873,0.00500214658677578
0.0016718560364097357,0.02298274077475071
0.011647611856460571,0.0009568172972649336
-0.0011559496633708477,0.0010134335607290268
0.002639245707541704,0.0023019358050078154
-6.27471090410836e-05,0.00021600766922347248
0.005357307847589254,0.005400910507887602
9.1922702267766e-05,0.011711088009178638
0.018359921872615814,7.952621672302485e-05
-2.5188084691762924e-05,-0.0030753647442907095
0.0032834960147738457,-0.011107560247182846
0.006530865095555782,-0.005453283432871103
0.028376363217830658,0.0005150156794115901
0.0032972947228699923,0.07801781594753265
-0.001847907667979598,-0.00021379394456744194
0.001321032759733498,0.009387989528477192
0.0008259853348135948,9.01576568139717e-05
-0.0388977974653244,0.048151858150959015
0.010745460167527199,0.03392013907432556
-0.00015000966959632933,0.006080079823732376
-0.02197900228202343,-0.02133967913687229
0.003512338735163212,6.698749348288402e-05
0.045633431524038315,0.009401652030646801
0.0027898354455828667,0.004007288254797459
0.0036427027080208063,0.020480770617723465
0.004662318155169487,2.8512229619082063e-05
0.0009506988571956754,-0.00015809002798050642
0.003698143642395735,0.0003228830173611641
0.0013585614506155252,0.0011852632742375135
-0.004919334780424833,-0.0048706140369176865
0.0023350135888904333,0.01136540062725544
0.008299263194203377,-0.0016566227423027158
0.010134891606867313,0.0009605212835595012
-0.06186903268098831,-0.0764504000544548
0.0008089206530712545,0.02123577892780304
0.05179138109087944,0.12531507015228271
0.09838400781154633,0.021030794829130173
0.013300882652401924,-0.0015027748886495829
0.021926632151007652,0.0011301108170300722
0.001052947249263525,-0.003976582549512386
0.0004220313858240843,-0.002578072715550661
-0.0011672222753986716,0.02137012779712677
0.010013466700911522,-0.003976010717451572
0.019797800108790398,0.009935134090483189
-2.759043127298355e-05,-0.002104632556438446
0.0014253032859414816,0.004354139789938927
0.0012066441122442484,0.00533856637775898
-0.001108595635741949,-0.00498324166983366
-0.0004389309324324131,-0.0022002272307872772
-0.028027251362800598,-0.01819157972931862
-0.010488549247384071,-0.03135358914732933
0.0006104088388383389,0.0008461237885057926
0.0013631314504891634,0.000556881248485297
0.0014156452380120754,7.803461630828679e-05
0.017133766785264015,0.0024133899714797735
0.0005196785787120461,-0.00044292592792771757
-0.000246070499997586,0.0010237274691462517
0.001737003680318594,-0.004428207408636808
0.0008453914197161794,-6.95669004926458e-05
0.0004824186326004565,7.230095798149705e-05
0.048462752252817154,0.001599363051354885
0.0044418335892260075,0.016668090596795082
-2.925889566540718e-05,-0.003636515000835061
-0.00032054376788437366,-0.00233378354460001
-0.001882739830762148,-0.006663396023213863
0.00972167868167162,0.001082135597243905
-0.015143439173698425,-0.018385443836450577
0.009349454194307327,0.0005541855935007334
0.0003064235206693411,0.0028633875772356987
0.02536282315850258,-6.851398211438209e-05
-0.02850886806845665,-0.03025066666305065
0.00014137933612801135,3.24655557051301e-05
-0.003269153879955411,0.010927893221378326
0.04462031275033951,0.00932756345719099
-0.023547127842903137,-0.001238672062754631
0.008616315200924873,0.0014361887006089091
-0.006591455079615116,0.0016659144312143326
-0.002129787113517523,-0.0020926538854837418
4.669046029448509e-05,-0.00023902524844743311
0.0029142973944544792,0.009882754646241665
0.0064213392324745655,0.00343073601834476
0.0015226361574605107,-0.00029832986183464527
0.0023963474668562412,0.014885038137435913
-0.002840580651536584,-0.0025916164740920067
0.006163528189063072,0.00613375985994935
-0.029216593131422997,-0.029582425951957703
-0.07715129107236862,-0.08869020640850067
0.0015645392704755068,0.0729222372174263
0.002896475838497281,0.01844131015241146
-0.00550676928833127,-0.005564291030168533
0.0018590842373669147,0.0012014785315841436
0.0003520648751873523,0.0003025297774001956
0.0018230521818622947,0.0020953824277967215
0.00029114936478435993,0.018843645229935646
0.011322161182761192,-0.0028450842946767807
0.006859677843749523,0.042489100247621536
0.001388709293678403,0.005291116423904896
-0.0005708655808120966,-0.00018317252397537231
0.00039922818541526794,-0.007434522733092308
0.00368425901979208,2.535474777687341e-05
0.002110313158482313,0.0023388052359223366
0.003143728943541646,0.03241489827632904
0.010791192762553692,0.11258891969919205
0.0026492327451705933,0.004590399097651243
0.0020534179639071226,0.0025747886393219233
0.001542550278827548,0.006951885297894478
0.005470799747854471,0.006230905652046204
0.006419374607503414,0.005018685944378376
0.010822908021509647,-0.003573675872758031
0.004983772989362478,0.004756830167025328
0.008562217466533184,0.0005204041954129934
0.0018727657152339816,0.0047454796731472015
0.0034846593625843525,0.008370843715965748
-0.027099039405584335,-0.024201372638344765
0.005259223747998476,0.017105422914028168
0.00038845729432068765,0.0030971779488027096
0.0010478657204657793,0.005753330886363983
0.007961681112647057,0.08621415495872498
0.0035203120205551386,0.00013555688201449811
0.0001587828155606985,0.004422276746481657
0.0009835551027208567,-0.0026890805456787348
-0.00018993191770277917,0.0031612697057425976
0.004776709247380495,0.0005454258061945438
0.011235957965254784,-5.61617489438504e-05
0.002402188489213586,0.0007461763452738523
0.004757322836667299,-0.00017659299192018807
-0.011691064573824406,-0.014718658290803432
-0.20199236273765564,-0.28677302598953247
-0.0006677599158138037,0.001369293313473463
0.003031135071069002,0.007703245617449284
0.005903533659875393,0.031023474410176277
0.00200863485224545,0.000259175430983305
-0.18224094808101654,-0.18335029482841492
0.0077909743413329124,0.0023347006645053625
0.001589665887877345,0.0002406550629530102
-0.03750121220946312,-0.029402803629636765
0.015624349005520344,0.004600629210472107
0.002633262425661087,0.0017026686109602451
0.0004365959030110389,0.0005474424688145518
0.038883764296770096,-0.0009452197700738907
6.0084188589826226e-05,0.011152869090437889
0.021358488127589226,-0.0010824487544596195
-0.00012166798114776611,-0.004953441210091114
0.011329393833875656,0.00019753631204366684
-0.009962990880012512,-0.008505875244736671
0.004317707382142544,-0.0013403964694589376
0.002622511237859726,0.001901143346913159
0.005916246213018894,0.03926384821534157
-0.0007485505193471909,-0.004394117742776871
4.00847929995507e-05,0.0006633372977375984
0.0006934730336070061,4.6929817472118884e-06
0.018964622169733047,0.0037709111347794533
0.002033437369391322,6.665283581241965e-05
0.001667237258516252,0.009122035466134548
0.0009280487429350615,0.0023097372613847256
0.002789210993796587,0.0005265671061351895
0.003844035556539893,0.0008474132628180087
0.006034392863512039,0.029262002557516098
0.013543754816055298,0.017097586765885353
-0.001379775581881404,-6.222003139555454e-05
0.0004418509779497981,0.0021090838126838207
0.001135150552727282,0.003124222159385681
0.003508687485009432,0.0002961173886433244
-0.0018036123365163803,0.009516358375549316
0.02015785127878189,-0.0075635043904185295
0.0036667753010988235,0.01732551120221615
0.018443401902914047,0.03744639456272125
0.006245907861739397,0.00019486885867081583
0.020825477316975594,0.000597066362388432
-0.014019658789038658,-0.012956780381500721
0.013343797996640205,-0.022076796740293503
0.0019460116745904088,0.008121972903609276
0.0070518990978598595,-0.00011780339991673827
-0.0055126310326159,-0.006321560591459274
-0.08608845621347427,-0.11226017028093338
0.0008885928546078503,0.0022793167736381292
0.003239756217226386,0.0009088031947612762
0.04765549302101135,-0.0004673160146921873
-0.0005921460106037557,0.0015814005164429545
0.002023539040237665,-0.00040089382673613727
0.0018040824215859175,0.0007212328491732478
0.002529835794121027,0.0064033204689621925
0.0034861289896070957,0.003933493513613939
0.001442877808585763,0.000929652014747262
0.0006762138218618929,0.04411393404006958
0.008563892915844917,0.016445599496364594
0.001121781300753355,0.001914791762828827
0.003626402700319886,0.0012332276673987508
0.002340499311685562,-0.00018317106878384948
0.004497861955314875,-0.0004094665637239814
0.00994626060128212,0.003326212055981159
0.0026547135785222054,0.00024234055308625102
-0.01275729387998581,-0.011430313810706139
0.0013600853271782398,0.022452617064118385
0.011686667799949646,6.206415127962828e-05
-0.005350461229681969,0.009015275165438652
0.005406985525041819,-0.002753613982349634
0.009748317301273346,0.04291091859340668
-0.04588031396269798,-0.049152400344610214
0.0005914781941100955,0.004796206951141357
-0.006787783466279507,-0.0038401931524276733
0.043338701128959656,-0.0029790536500513554
0.00432704109698534,0.0005560427671298385
0.0021734084002673626,0.026882564648985863
0.0016396776773035526,0.003887292230501771
0.000467744714114815,0.00046512106200680137
-0.0005263113416731358,0.0012484132312238216
0.00030623056227341294,0.000933649658691138
0.0010058600455522537,-0.006053922697901726
-0.002165253274142742,0.03853163868188858
-0.0006085011409595609,0.011839023791253567
0.001144109875895083,8.705258369445801e-05
-0.031368356198072433,0.03792356327176094
0.003224110696464777,1.4424360415432602e-05
-0.022696934640407562,-0.024383116513490677
0.11558140069246292,-0.03776990994811058
0.008735845796763897,0.0013263039290904999
0.009372350759804249,0.050592176616191864
0.00042872209451161325,0.0034833664540201426
0.0004057729383930564,-0.0004470715648494661
0.0018617718014866114,-0.0008510211482644081
-0.0015218149637803435,-0.0028159390203654766
-0.006585642229765654,-0.006855114363133907
-1.8387800082564354e-06,0.0004745706683024764
0.0045847524888813496,0.013793513178825378
0.07352209091186523,0.011994057334959507
0.00023924488050397485,0.26600173115730286
0.006215620785951614,-0.0013429583050310612
-0.003526354441419244,0.013408659026026726
0.01921529695391655,0.0009978216839954257
0.01022521685808897,0.0026506290305405855
-0.2779969274997711,-0.27936238050460815
0.0014344644732773304,0.06793452799320221
0.0057400972582399845,0.0025961981154978275
0.021230727434158325,0.07566265761852264
-0.0025925138033926487,0.007245434448122978
0.0049560582265257835,-0.00043824847671203315
-0.0007406454533338547,0.007962370291352272
0.007756948936730623,0.03175956383347511
0.012409151531755924,-0.0014380775392055511
0.001162376836873591,1.2351491022855043e-05
0.009555845521390438,0.002008388051763177
0.001386546529829502,0.02203446440398693
0.004534698557108641,0.0012486954219639301
0.06789250671863556,0.0010622587287798524
0.0020705414935946465,0.0014092965284362435
0.0014336934546008706,0.02295794151723385
0.007117481902241707,0.004761853255331516
0.001113188685849309,9.607427637092769e-05
0.027350395917892456,0.0034498819150030613
0.016010774299502373,0.0001108260330511257
-0.0006706875283271074,-0.0009338189847767353
0.006357741542160511,0.0014049005694687366
0.0006762988050468266,0.00017530695185996592
0.01234279666095972,0.004551649559289217
0.0010620711836963892,-0.00019191871979273856
0.005296225659549236,0.003653480438515544
0.0072868335992097855,-0.005766424350440502
0.015834804624319077,0.011789076961576939
0.00367954489775002,0.0004665000014938414
0.007125915959477425,-0.004049857147037983
0.001083242241293192,0.000789425743278116
-0.0003184476518072188,0.003929288126528263
0.007192194927483797,0.003430380951613188
0.004911403637379408,-0.001952687744051218
0.0034303381107747555,0.00012623041402548552
0.0019602898973971605,0.0034845545887947083
0.007658744230866432,0.0015770862810313702
-0.00026416871696710587,0.017211290076375008
0.0012496039271354675,0.005518136080354452
0.0027352042961865664,0.01725541613996029
0.0034387584310024977,0.00022091179562266916
0.0011838719947263598,0.007177856285125017
-0.000647421577014029,0.001555319526232779
0.0027470970526337624,0.00035135645885020494
-0.019821975380182266,-0.019415883347392082
-0.008194652386009693,0.1046830341219902
0.00034409633371979,-0.0002940500562544912
0.0030329024884849787,0.00996741559356451
0.00021597523300442845,0.005225669592618942
0.0022984175011515617,0.002008546609431505
0.002402188489213586,0.0007461763452738523
-0.004906805697828531,-0.0043723429553210735
-0.004589937627315521,0.00838097371160984
0.0024743578396737576,0.006032814271748066
0.0008362529333680868,0.009290304034948349
0.006576747167855501,0.006984895560890436
0.0018273387104272842,0.002601782325655222
0.0021400535479187965,0.004466309677809477
-0.007917795330286026,-0.008618188090622425
-0.0007320637814700603,-0.0021535265259444714
-0.01189887523651123,-0.012712995521724224
-0.013602187857031822,-0.012331478297710419
0.002697591669857502,0.014286905527114868
0.0015219642082229257,0.03333895653486252
0.012914265505969524,0.016625400632619858
0.00360899418592453,-0.001868587452918291
0.005484477151185274,0.007713988423347473
0.0025558210909366608,-0.007513419725000858
0.0016205152496695518,0.011538349092006683
0.008969905786216259,0.0005522983847185969
0.006854372099041939,0.0029318854212760925
0.0034448164515197277,0.00028786505572497845
0.005662542302161455,0.029928293079137802
0.0021471986547112465,0.002495479304343462
0.002240840345621109,0.0005379001377150416
0.03343789279460907,0.004763786680996418
0.0037723188288509846,-0.00010057847248390317
0.0005228439113125205,0.0002675020950846374
-0.016961490735411644,-0.01390406209975481
0.007694772910326719,0.0010595195926725864
-0.0001881545758806169,0.0016483073122799397
0.053346965461969376,0.007980626076459885
0.0018110021483153105,0.00577441556379199
0.005233496893197298,0.005149107426404953
0.002594101708382368,0.09799105674028397
0.07305211573839188,0.0014983090804889798
-0.0011086009908467531,0.006391742266714573
-0.002969386288896203,0.00794178619980812
0.009748317301273346,0.04291091859340668
0.002701227553188801,0.014675346203148365
0.06546876579523087,-0.00014058587839826941
-4.4059124775230885e-05,2.793606836348772e-05
0.0012785614235326648,0.0012442258885130286
0.0029036852065473795,-1.3999699149280787e-05
0.0013802123721688986,0.005243954248726368
0.06817465275526047,0.005589730106294155
0.38051435351371765,0.0017519411630928516
0.0009344565332867205,0.00023863796377554536
6.865032628411427e-05,0.0003726631694007665
0.018589481711387634,0.002415460767224431
0.00047166162403300405,0.006075698416680098
-0.03750121220946312,-0.029402803629636765
0.0038526211865246296,0.0011297775199636817
0.01918584294617176,0.02373005636036396
0.03087301179766655,0.0007461694185622036
0.012767952866852283,-0.0005520567647181451
0.030187703669071198,0.0034498819150030613
0.002402188489213586,0.0007461763452738523
0.003254656447097659,0.0011614739196375012
-0.00676263403147459,0.009669145569205284
0.00012987801164854318,0.020534006878733635
0.002427774015814066,0.0014449595473706722
-0.00018238206394016743,-0.0007875861483626068
0.001703066984191537,-0.00019461673218756914
0.03926801681518555,0.0026113074272871017
0.0011176125844940543,0.00014542478311341256
-0.07991547882556915,-0.08395230770111084
0.0045884218998253345,0.0013897657627239823
0.0021493802778422832,-0.0008400359656661749
0.023776696994900703,0.0008066585287451744
0.04512837901711464,0.0013370466185733676
0.005367472302168608,-0.0006961131002753973
0.0022474098950624466,-0.00025264100986532867
0.009600460529327393,0.00020239291188772768
0.0062333508394658566,-0.0001546162529848516
0.00013086144463159144,0.0022871876135468483
0.0017043412663042545,0.002901056781411171
-0.05654825270175934,-0.059192001819610596
0.006896319333463907,-3.379981353646144e-05
0.007742574438452721,0.0008088811882771552
0.00023650005459785461,-0.0009889754001051188
0.003254656447097659,0.0011614739196375012
0.00018728477880358696,-0.002023343462496996
0.10180821269750595,0.0005259122117422521
-0.006551674101501703,0.002460814081132412
0.0037797405384480953,0.02432113327085972
0.02882768213748932,-0.05856893211603165
0.0022479724138975143,0.0006341029074974358
0.0015048047062009573,0.14341598749160767
0.008534514345228672,0.011741041205823421
0.003039684146642685,-0.00016212947957683355
-0.0032123676501214504,-0.0051308320835232735
0.013398108072578907,0.000638207420706749
0.05242491886019707,0.0027147731743752956
0.0013488875702023506,0.007119009271264076
0.0010341631714254618,0.0002621199528221041
0.00043253516196273267,0.008525513112545013
0.016057394444942474,0.0035293924156576395
0.20595961809158325,0.012659825384616852
0.01000195648521185,-4.706670006271452e-05
0.00016394176054745913,-0.0012367729796096683
0.0038246072363108397,0.004517848137766123
0.0010223087156191468,0.0006939410232007504
0.003229909809306264,-4.350504605099559e-05
-0.002442682860419154,-3.8643600419163704e-05
0.039494965225458145,0.001048325328156352
-0.00018238206394016743,-0.0007875861483626068
-0.005360215902328491,-0.004601243417710066
0.0042372881434857845,0.020352844148874283
-0.029178468510508537,-0.03298201784491539
0.0004959816578775644,-0.0012670644791796803
-0.0008596126572228968,-0.0013331950176507235
0.05519164726138115,0.0011752326972782612
0.0003670650767162442,0.008931232616305351
0.05743871629238129,0.05240486189723015
-0.006865412928164005,-0.0063366275280714035
0.002415745984762907,-0.0006339873652905226
0.004110942594707012,0.020826274529099464
0.001410610624589026,0.0006233268650248647
-0.00029262463795021176,-1.4718156307935715e-05
-0.004217570181936026,-0.009671513922512531
0.009276404976844788,0.0011413708562031388
0.005632129963487387,0.02695859782397747
0.0010058600455522537,-0.006053922697901726
-0.01509525440633297,-0.01686631143093109
0.008784551173448563,0.0020624841563403606
0.020247703418135643,-0.011051301844418049
0.0180573258548975,-0.017329532653093338
0.004704017657786608,0.0021459024865180254
0.008231362327933311,0.0039031889755278826
0.004212395288050175,0.008479501120746136
-0.0032454379834234715,0.0042403507977724075
-0.0006296560750342906,0.007210849784314632
0.002350539667531848,0.19527508318424225
0.04035693407058716,0.00517868110910058
0.006729272194206715,0.0007777734426781535
0.0001392941630911082,0.010174127295613289
-0.048320259898900986,-0.04783158376812935
-0.07140599191188812,-0.06396038830280304
0.0007183635025285184,0.021882789209485054
9.910334483720362e-05,0.00011076407099608332
-0.0012497056741267443,-0.000632354523986578
0.00048117112601175904,0.0002687908709049225
0.0011838084319606423,0.005868533626198769
-0.032804232090711594,-0.03447867929935455
0.0018759042723104358,0.049434129148721695
0.01801251247525215,5.055341171100736e-05
-0.00012135005090385675,0.0018934516701847315
0.002937156707048416,0.00043575436575338244
0.0034451656974852085,0.010964472778141499
0.0007592202164232731,-0.002189215272665024
-0.006486428901553154,0.04760009050369263
0.013013731688261032,0.04312000423669815
0.005662283394485712,0.04644094035029411
0.013180981390178204,0.008232508786022663
0.006432628259062767,0.017610538750886917
-0.007071678526699543,-0.007952624000608921
0.0009858356788754463,-0.0024855085648596287
0.003957170993089676,0.021378763020038605
0.0065164100378751755,0.05426067113876343
-0.011362792924046516,-0.013605373911559582
0.00042999122524634004,0.041380804032087326
0.013722344301640987,0.02010960876941681
-0.1496199667453766,-0.16501107811927795
0.015828538686037064,0.0022603310644626617
-1.6151738236658275e-05,0.0029368470422923565
-0.0039049903862178326,-0.003350729588419199
0.021367887035012245,0.0015303960535675287
0.011949040926992893,0.0004587905132211745
-0.06289751827716827,0.03588026016950607
0.0015506779309362173,0.0065862517803907394
-0.011389735154807568,-0.011406765319406986
0.00043332355562597513,0.013035914860665798
0.0010962237138301134,0.0013106877449899912
-0.02410304546356201,-0.03544054925441742
-0.000284531619399786,-0.003084780415520072
0.0029243396129459143,-0.0002485478180460632
-0.005097074434161186,-0.00010714447125792503
-9.464751929044724e-05,-0.0034333309158682823
0.06256188452243805,0.010530286468565464
-0.005971879698336124,-0.008756207302212715
-0.004370354115962982,-0.006260722875595093
0.0008753043366596103,0.01631421409547329
0.010198123753070831,0.004687212873250246
0.0005207514623180032,-0.0002943874569609761
-0.0044270590879023075,0.0004052859731018543
-0.271299809217453,-0.26133543252944946
-0.006233669817447662,-0.01730697602033615
0.011192958801984787,0.0008879754459485412
0.02862938679754734,2.2427648218581453e-06
0.005816238932311535,0.0037741761188954115
0.0019883860368281603,0.007554496638476849
0.0016073589213192463,0.000873976678121835
0.10262411087751389,0.0011626689229160547
0.007722975220531225,-0.0005647470825351775
0.0011188113130629063,-2.585380570963025e-05
0.13214488327503204,0.026393119245767593
0.0010630961041897535,0.017570963129401207
-4.0227576391771436e-05,0.009343424811959267
0.00017742463387548923,0.009310648776590824
0.025556227192282677,0.004704378545284271
0.0010934261372312903,0.003046207595616579
0.003145251888781786,0.0005772619042545557
0.003037388902157545,-0.0008773140143603086
-0.02931223437190056,-0.03072790428996086
-0.016175907105207443,-0.005158488638699055
0.0014444099506363273,0.000224054092541337
0.0013672045897692442,-0.0032346262596547604
0.0025273305363953114,0.025796573609113693
0.002455412643030286,-8.413800969719887e-06
0.03958536684513092,0.0018859172705560923
-0.01707093045115471,-0.01713705249130726
-0.0018259468488395214,0.04529022425413132
-0.030118416994810104,-0.03566068783402443
0.004622252192348242,0.004663068801164627
0.0003270234738010913,0.002993280068039894
0.0010058600455522537,-0.006053922697901726
0.01918584294617176,0.02373005636036396
0.00131762376986444,0.0001535917544970289
-0.013281772844493389,-0.012030018493533134
0.0028991810977458954,0.004632697440683842
0.008535078726708889,0.08461789786815643
0.006370061077177525,0.026651881635189056
0.002574591664597392,-0.0008667888469062746
0.05498506501317024,-0.001108012511394918
0.17479947209358215,0.015523543581366539
-0.0012207678519189358,-0.0008607452036812901
-0.007621980272233486,-0.012682379223406315
0.0027472383808344603,0.008487026207149029
0.011166073381900787,0.001017799717374146
0.002845129696652293,0.019186554476618767
0.0018110021483153105,0.00577441556379199
-0.006784643977880478,-0.009269030764698982
0.004790925886482,0.004987583961337805
0.0015758606605231762,-0.00011446575808804482
-0.002099779201671481,0.1364765763282776
0.0018201373750343919,0.03031231462955475
0.004451978951692581,-0.00021457293769344687
-0.024617953225970268,-0.025785570964217186
0.005259223747998476,0.017105422914028168
0.005257422104477882,0.0038640862330794334
-0.038516201078891754,-0.038735128939151764
0.0020943244453519583,0.003027619095519185
0.010381177067756653,-0.055084872990846634
0.028376363217830658,0.0005150156794115901
0.0009153374703601003,0.0020838635973632336
0.05562790483236313,0.0006215914036147296
0.00159953732509166,0.002103551523759961
-0.041001252830028534,-0.04066065698862076
0.0018129907548427582,0.0014310127589851618
0.004955778364092112,0.003106677671894431
0.00379567570053041,-4.338464350439608e-06
0.002487121382728219,0.01329840999096632
0.0002462816482875496,0.009873740375041962
0.003711734665557742,0.0004582555848173797
0.0013335675466805696,0.019010718911886215
0.00045082694850862026,0.0010849516838788986
0.0020892603788524866,0.001327282632701099
0.002538222586736083,0.003879706608131528
0.0013232552446424961,0.0009669687133282423
0.0010113638127222657,0.003990032710134983
0.0009389419574290514,0.0013323499588295817
-1.5626545064151287e-05,0.0005577540723606944
0.004868734627962112,0.0035776272416114807
0.011924832127988338,-0.0003091145772486925
0.08934712409973145,0.007211646996438503
-0.0009475296246819198,-0.0009997599991038442
-0.0006764205754734576,-6.89913285896182e-05
0.010233432985842228,0.0009347433224320412
0.00012588946265168488,0.0011089355684816837
0.013905570842325687,-0.0005051209009252489
-0.004370354115962982,-0.006260722875595093
0.005601257551461458,0.0006958955782465637
0.0036804245319217443,0.016999972984194756
0.01170249842107296,-0.0023083644919097424
0.003158837091177702,-1.5277473721653223e-05
0.016303976997733116,0.017277847975492477
0.004744326695799828,0.0033755607437342405
0.010571830905973911,0.0017300521722063422
0.0020992348436266184,-0.0016860543983057141
0.004338034428656101,0.015208052471280098
0.00041080580558627844,0.033998072147369385
0.002931076567620039,0.001685552066192031
0.011394081637263298,0.009238405153155327
0.006977531127631664,0.0015970374224707484
0.00035332643892616034,8.082296699285507e-05
0.004338034428656101,0.002370591973885894
0.007110456470400095,0.0005565292667597532
-0.048443663865327835,-0.05387740209698677
-0.00035944191040471196,0.005452379584312439
-0.003459082916378975,-0.012713069096207619
0.0007216506055556238,0.0008449602173641324
0.005326137878000736,-0.0014397975755855441
0.00012543440971057862,0.00783181469887495
0.018462877720594406,0.0011842793319374323
0.02473221719264984,0.00017920508980751038
0.00128577568102628,-0.00039555568946525455
0.0015544085763394833,0.00090591493062675
0.00010708702029660344,0.01338975690305233
0.03394918888807297,0.004561751615256071
0.0008024603012017906,0.0001272736699320376
-0.006019460968673229,-0.012004424817860126
0.0014398451894521713,0.01607118919491768
0.0034387584310024977,0.00022091179562266916
0.006747784558683634,0.02346271090209484
0.0006195409223437309,0.0001744926266837865
0.00037148146657273173,8.920556865632534e-06
0.002166607417166233,0.002519330708310008
-0.0006554439896717668,-0.001094161532819271
0.002795722335577011,-0.016907645389437675
0.0027003008872270584,0.000506730517372489
0.0006973120616748929,-5.994818639010191e-05
-0.013710393570363522,-0.004620322026312351
0.0008297173772007227,0.001591622713021934
-0.01115038525313139,-0.012320497073233128
0.01333873625844717,9.150673577096313e-05
0.009748317301273346,0.04291091859340668
0.009325798600912094,0.014958836138248444
0.0672483965754509,0.06363612413406372
0.027349289506673813,-0.0009168089600279927
0.0018358388915657997,0.005969459190964699
-0.00015801499830558896,-0.0007064304081723094
0.0009685422410257161,0.0007858953904360533
7.818016456440091e-06,0.00894207414239645
0.010796790011227131,-0.000635279924608767
0.0006029269425198436,0.0030131821986287832
0.004852337762713432,-8.91274685272947e-05
0.0020877837669104338,0.004095285665243864
0.003150606993585825,0.031929437071084976
-0.00011643156176432967,-0.0005250886315479875
0.006651717238128185,0.00034676637733355165
0.027040431275963783,-0.010314363986253738
0.005076450761407614,0.0007390056271106005
-0.02091384306550026,-0.022325236350297928
0.008078869432210922,0.006717940792441368
0.0015487801283597946,0.003056609770283103
-0.0026513165794312954,0.0009702381212264299
0.00502634234726429,0.0025969166308641434
0.00035906583070755005,0.014347512274980545
0.00022998377971816808,0.0016599306836724281
-0.04083085060119629,-0.042238377034664154
0.0005253323470242321,2.189559381804429e-05
0.003109050914645195,0.005743128713220358
0.020192120224237442,0.04019805043935776
0.001171237789094448,0.0009849041234701872
-0.06965216249227524,-0.07121474295854568
-0.01035158708691597,-0.011567135341465473
0.010774410329759121,0.0002487504098098725
-0.007717432454228401,0.07638933509588242
-0.004000852350145578,-0.005389132536947727
-0.006090894341468811,-0.0054861269891262054
0.027644839137792587,0.0007328918436542153
0.01161359902471304,0.003095804713666439
0.005676244851201773,0.010217639617621899
0.012906649149954319,0.009835810400545597
0.00017030659364536405,0.0001403517962899059
0.0003485071356408298,0.0076217008754611015
0.002324928529560566,-2.7956579288002104e-05
0.002395356772467494,0.00043830316280946136
0.002960668411105871,0.004098126664757729
0.000740918330848217,0.005195882171392441
0.08286136388778687,0.0005140100256539881
-0.0010906604584306479,-0.002971649868413806
0.006264320109039545,0.0008595153922215104
0.004347755573689938,-0.0002616630226839334
-0.002805544761940837,0.0008999928832054138
-0.02850886806845665,-0.03025066666305065
0.009402927942574024,0.002375308657065034
0.005070599261671305,0.005894288420677185
-0.0006949814269319177,-0.0013077744515612721
0.0016908316174522042,0.0004266601172275841
0.20747819542884827,0.018594074994325638
-0.0025911128614097834,-0.0006049040239304304
0.0007757984567433596,7.857099990360439e-05
0.00032393692526966333,0.007720384746789932
0.0027736974880099297,-0.00019028183305636048
0.00371253932826221,-0.0004676993703469634
0.0017690944951027632,0.0004684915766119957
0.0013947278494015336,-9.5343217253685e-05
0.006605104077607393,0.0003028075152542442
0.008768812753260136,0.0017570601776242256
0.0011386550031602383,0.01207292452454567
0.004911403637379408,-0.001952687744051218
0.0019299312261864543,0.0018091007368639112
2.010288881137967e-06,0.001626218087039888
0.019593924283981323,0.0010634941281750798
0.00016581499949097633,0.0089161591604352
0.0073272292502224445,0.0007038592011667788
0.0006830887869000435,0.015366999432444572
0.01781320944428444,-0.0028615365736186504
0.018313078209757805,0.001085930154658854
-0.0008888463489711285,0.012181201949715614
0.03181072697043419,0.11572054773569107
0.004611250478774309,-0.003402845934033394
0.015893448144197464,0.0008101375424303114
-0.0015185917727649212,-0.0004888736875727773
0.12321032583713531,0.0008925592992454767
0.012115603312849998,0.0013876804150640965
0.003831553040072322,-0.0007378308800980449
0.004776709247380495,0.0005454258061945438
-0.09094487875699997,-0.09018450975418091
0.013070088811218739,-0.0008206389611586928
0.0001835614675655961,0.000274977064691484
-0.0006173643632791936,-0.0005445078131742775
0.007310952991247177,-0.018678996711969376
0.005184491630643606,0.00636457372456789
-0.029353400692343712,-0.04268624261021614
0.002660798840224743,0.005025440361350775
0.014040319249033928,0.005751288030296564
0.0068430243991315365,0.0013260062551125884
0.0030689057894051075,-0.003893892280757427
0.012409151531755924,-0.0014380775392055511
0.003955662250518799,-0.004135260358452797
0.00033495904062874615,0.0006319042877294123
0.1341993659734726,-0.010975225828588009
0.014237141236662865,-0.01026528887450695
0.0013182067777961493,-0.0007976042106747627
0.002245579846203327,0.0005974189843982458
0.014552684500813484,0.0002567000046838075
0.008264118805527687,0.0022942067589610815
0.0009661703952588141,0.0006915188860148191
-0.01736106351017952,-0.022007223218679428
0.015838978812098503,8.9988112449646e-05
-0.0022582183592021465,-0.0007865378865972161
0.011550833471119404,0.002552974969148636
0.0028968737460672855,-0.0002955489617306739
0.0181916281580925,0.0004865258524660021
-0.0013640413526445627,-0.0024914853274822235
0.0034993067383766174,0.007801834028214216
0.006223106291145086,0.005153023637831211
0.010229912586510181,-0.0017727278172969818
0.011774217709898949,-6.654905155301094e-05
0.0025686752051115036,0.008674943819642067
0.002471557352691889,0.0028567546978592873
0.0001907444093376398,0.0011820540530607104
0.03272530063986778,0.0006711446912959218
0.005654575303196907,0.004119669087231159
-0.02257748693227768,-0.014266951940953732
0.021661510691046715,0.0022094030864536762
0.00046368801849894226,-0.00016785672050900757
-2.434680936858058e-05,0.0011885345447808504
0.003930957987904549,-0.00923214852809906
0.00036229583201929927,0.006633023265749216
0.008882272988557816,0.0006526958313770592
0.01234279666095972,0.004551649559289217
0.003994264639914036,-0.0025028791278600693
0.005500441417098045,0.0007214908837340772
0.0023216381669044495,0.000724080833606422
0.0016729177441447973,0.005405596923083067
0.0002913755888585001,0.002451983978971839
0.0007491805008612573,0.0006744892452843487
-0.01369064673781395,0.04844121262431145
0.0007222917629405856,0.001598130096681416
0.0071706282906234264,0.0204461682587862
0.0002596777630969882,0.0012446646578609943
-0.007979304529726505,-0.012218664400279522
0.0012052610982209444,0.0003957616863772273
0.0023799927439540625,0.0007008366519585252
0.004683114588260651,0.03438696265220642
0.0008637090213596821,0.06946800649166107
-0.006695208139717579,-0.006717166397720575
-0.00173200445715338,-0.002128634601831436
0.00816414412111044,-2.839926310116425e-05
-0.00016582813987042755,-0.00024503894383087754
0.02415124885737896,0.0010907846735790372
0.003940284252166748,0.00019232416525483131
0.002425306010991335,0.007798436563462019
-0.052716776728630066,-0.05305670574307442
0.00249327439814806,0.009662482887506485
0.0012393845245242119,0.0002708288375288248
-0.0060478271916508675,0.01379133015871048
-0.007420171983540058,-0.006214331369847059
-0.14787882566452026,-0.17268851399421692
0.0023612077347934246,2.4193448552978225e-05
0.007183898705989122,0.018013840541243553
0.007196133490651846,0.0012208427069708705
-4.594065831042826e-05,0.0009371053893119097
0.013778727501630783,-0.0006605403614230454
0.16877689957618713,0.00011539467959664762
0.0003787808818742633,0.0015099556185305119
-0.0019511021673679352,-0.012016041204333305
0.0007928723935037851,0.008964983746409416
0.013180981390178204,0.008232508786022663
-0.0018127489602193236,0.011384532786905766
-0.0009103284683078527,0.006169866770505905
0.0004848252283409238,0.010055353865027428
0.0107583524659276,0.004501143004745245
0.02470356784760952,0.008644510060548782
0.0027687668334692717,0.0013118913630023599
0.0005353665910661221,-0.0003223470994271338
0.00966456439346075,0.0058118547312915325
0.017789049074053764,0.0027040005661547184
0.004108745604753494,-0.00026207242626696825
0.0015544453635811806,0.004866304807364941
0.0052164532244205475,0.00028803845634683967
0.08208520710468292,0.0008476237417198718
-0.002830641809850931,0.005400629714131355
0.0008728374959900975,0.0008387095294892788
0.005601929966360331,0.012945171445608139
0.011752454563975334,-0.0017116162925958633
0.004811301361769438,0.009131726808845997
0.000220353584154509,0.009201772511005402
0.03187160938978195,0.0013514960883185267
0.0017290146788582206,0.045817840844392776
0.0005835088668391109,0.00019497738685458899
0.008609418757259846,-0.0001955995976459235
0.0015653003938496113,-0.0007206518785096705
-0.06295423209667206,-0.08367329835891724
0.008963343687355518,0.015331868082284927
-0.06015695631504059,-0.06546775996685028
0.0011857339413836598,-0.0012782138073816895
-0.023538921028375626,-0.027658240869641304
0.011883792467415333,-0.005964922718703747
-0.0006965418579056859,-0.0006535911234095693
0.006547850091010332,0.04502883553504944
-0.1496199667453766,-0.1645970642566681
0.00029047561110928655,0.0003841734433081001
0.004227903205901384,-0.0009160391637124121
-0.005461516790091991,-0.004349869675934315
0.031796183437108994,0.002415460767224431
-0.0035226689651608467,-0.001950262114405632
0.0009973507840186357,0.0016689335461705923
-0.11900492757558823,-0.13140834867954254
0.007694772910326719,0.0010595195926725864
0.002012627199292183,0.008002938702702522
-0.004558020271360874,-0.005373463034629822
-0.03268140181899071,-0.032457947731018066
0.04287656396627426,0.0009246733388863504
0.006024588830769062,-0.0009227978880517185
0.02332443557679653,0.02577960304915905
0.0019014892168343067,0.00013171379396226257
0.0019234620267525315,0.00028237304650247097
0.0003923834301531315,0.00934562087059021
-0.0001155525678768754,0.009145672433078289
0.038919683545827866,-0.0009955537971109152
0.002058959798887372,0.051978785544633865
-0.0012790565378963947,-0.007801324129104614
-0.00017329026013612747,0.0042288764379918575
0.004149040672928095,-0.0010644349968060851
0.007656595669686794,0.0006783652934245765
0.0054079219698905945,0.0024938147980719805
0.001286079059354961,0.026302533224225044
0.016634473577141762,0.01102220918983221
-0.006868003401905298,-0.010522370226681232
0.010739965364336967,0.00505611440166831
-0.0005479935789480805,0.015035310760140419
-0.00012316145875956863,0.00185909285210073
0.0002029918396146968,0.001015051850117743
-0.0003280644305050373,0.0007934828754514456
-0.00038534420309588313,-0.0006110382964834571
0.018964622169733047,0.0037709111347794533
-0.004766874946653843,-0.005494444631040096
0.02418055199086666,0.0029366633389145136
-0.00021632248535752296,0.0015474655665457249
0.0006676276680082083,0.22979342937469482
-0.007601967081427574,-0.023936621844768524
0.03172438591718674,0.0009150906116701663
0.005737126339226961,-2.408376894891262e-05
0.09252005815505981,0.0012095854617655277
-0.00010141078382730484,0.014911908656358719
0.000882171792909503,0.0006670490256510675
0.025369394570589066,-0.0007289095083251595
0.0038002911023795605,0.00016280508134514093
0.006141732446849346,0.0014927501324564219
0.003672510152682662,0.0024658995680510998
-0.00227805832400918,-0.0035691929515451193
0.014974952675402164,0.0019073918228968978
0.026493744924664497,-0.00016161423991434276
0.001008209539577365,-0.001011399901472032
0.007661437150090933,0.006830309052020311
0.0007166987052187324,0.008403463289141655
0.007762112654745579,0.002863110275939107
0.005906277801841497,0.00037085035000927746
0.001938703702762723,0.0011743721552193165
0.0002698206517379731,0.008481035009026527
0.00256382510997355,-0.0004843981296289712
0.0006107453373260796,-0.0003228135756216943
0.0023480753879994154,0.009097881615161896
-0.020443547517061234,-0.02890629693865776
0.0002634768025018275,0.020533181726932526
0.00420992448925972,0.00011746757081709802
0.0002327260881429538,0.013446982018649578
-0.0006381184794008732,-0.002296373015269637
0.005526251625269651,0.0020159685518592596
0.036315418779850006,0.004464801866561174
0.003664320334792137,0.00030228967079892755
6.818564725108445e-05,0.051044661551713943
0.0016244857106357813,0.033055830746889114
0.001551142893731594,0.005614645779132843
1.4543933502864093e-05,0.0012307859724387527
0.00027849525213241577,0.0019808781798928976
0.00037712673656642437,0.002993867266923189
0.0012928075157105923,0.004216233734041452
0.0008893403573893011,0.00025056724552996457
0.004763507749885321,0.0013478209730237722
-0.0020098979584872723,0.09732654690742493
0.000428798608481884,-0.0033446368761360645
0.000997615046799183,-0.0005638396833091974
0.008078869432210922,0.006717940792441368
0.007156271021813154,0.008006682619452477
0.0002440870739519596,-0.0037113490980118513
0.0006160140037536621,0.009747523814439774
0.002126266248524189,0.00665346859022975
-0.0013000820763409138,-0.0011246688663959503
0.006378765217959881,0.009887676686048508
0.00020429311553016305,0.015969261527061462
-0.0018642209470272064,-0.01642034761607647
0.0008444659179076552,0.002552319783717394
0.004797793459147215,-0.00021539611043408513
0.0004856212472077459,0.00113960774615407
0.008784321136772633,-9.823593427427113e-05
0.0032749066594988108,0.0010742046870291233
0.000882171792909503,0.0006670490256510675
0.0026226777117699385,0.0006880584987811744
-1.789303496479988e-05,0.00023903168039396405
0.028582029044628143,0.0008680375758558512
0.001240458688698709,0.003794278483837843
0.009991192258894444,0.00058342469856143
-0.023751258850097656,-0.08631772547960281
4.413409624248743e-05,0.004072567913681269
0.010898053646087646,-0.0006269616424106061
0.0035730546806007624,0.00825511198490858
0.06489809602499008,0.030738020315766335
0.0017622290179133415,0.001322442083619535
-0.014238213188946247,-0.012029915116727352
0.010016356594860554,0.00352364219725132
0.013125186786055565,0.0005000132950954139
0.005632129963487387,0.02695859782397747
0.002487121382728219,0.01329840999096632
0.06618811190128326,0.0024723727256059647
0.008232669904828072,0.01080083753913641
0.0007104817777872086,0.0030841431580483913
0.03413304686546326,-0.0015376475639641285
0.003109315410256386,0.002851140219718218
-6.616945029236376e-05,2.950546331703663e-07
0.006297118496149778,0.0004128259315621108
0.005819152574986219,0.0025963764637708664
-0.01373959518969059,-0.007773189805448055
0.0020705414935946465,0.0014092965284362435
-0.02410699613392353,-0.025938304141163826
-0.017861610278487206,-0.03575275465846062
-0.006591455079615116,0.0016659144312143326
0.0015666140243411064,-0.00615568645298481
0.0028971699066460133,0.0012859278358519077
-0.0008885734714567661,0.006052193231880665
0.06198708713054657,0.0013640912948176265
0.0044853887520730495,0.0003427226620260626
-2.483517164364457e-05,0.0009146783268079162
-0.007592765148729086,-0.007674789987504482
0.0004784247721545398,0.017179349437355995
0.005522359162569046,0.002627752721309662
0.014200269244611263,0.011155917309224606
0.0011837063357234001,-0.00040520518086850643
0.0067763798870146275,0.005717388354241848
0.0048482706770300865,0.005896879360079765
0.0002315753954462707,-0.0006084690103307366
0.002852085279300809,-0.0004806356446351856
-0.001748640206642449,0.003613246837630868
0.0005251791444607079,0.024697178974747658
0.009064923971891403,0.019547034054994583
0.028465190902352333,0.013312432914972305
0.0018096165731549263,-0.0032750945538282394
0.004936462268233299,0.00022572126181330532
0.16972163319587708,-0.0027790828607976437
-0.00036642252234742045,0.0028453993145376444
0.0010216055670753121,0.0004203717689961195
0.007797794882208109,9.158600732916966e-05
0.0022872930858284235,0.008032342419028282
-0.00011870902380906045,0.00039456301601603627
0.007511545438319445,0.006270631682127714
0.055385880172252655,-0.0012318096123635769
-0.006343084387481213,0.0015226500108838081
0.014537632465362549,0.003095804713666439
0.00366825214587152,0.000872073695063591
-0.005601018201559782,0.011366641148924828
0.00040018517756834626,0.007331528700888157
-0.0018127489602193236,0.011384532786905766
-0.017563041299581528,-0.010785253718495369
0.0032014043536037207,0.0019326240289956331
-0.010721555911004543,-0.005993750877678394
-2.1612737327814102e-05,0.0027214745059609413
0.008460234850645065,0.00035366968950256705
0.0004063683736603707,0.00036638035089708865
-1.0109957656823099e-05,0.00033789395820349455
0.04106760770082474,0.00890759751200676
-1.789303496479988e-05,-0.0001924256794154644
0.00750011345371604,0.02153884246945381
0.01853993535041809,0.004534461535513401
0.000208457640837878,0.0005426413263194263
0.00023598592088092119,0.0023517285007983446
0.003608240280300379,0.0031177042983472347
0.027637731283903122,0.01840737834572792
-0.1461551934480667,-0.16020731627941132
-0.0072966404259204865,-0.0076149157248437405
6.574532017111778e-05,-0.006232643499970436
-0.04988568648695946,-0.04000338912010193
0.06850365549325943,0.0026510986499488354
0.0011205603368580341,0.0004467817198019475
0.008853165432810783,0.013981850817799568
0.0009631655411794782,0.00023729524400550872
-0.00591912679374218,-0.020231448113918304
0.0023987554013729095,0.0009608871187083423
0.04303896799683571,0.02788572572171688
0.0037797715049237013,0.001727498136460781
-0.02850886806845665,-0.03025066666305065
-4.9603055231273174e-05,0.006512983236461878
0.0010971518931910396,0.010016429238021374
-0.00033078109845519066,-0.0006723632104694843
0.0017469287849962711,-0.00023790278646629304
0.0005556820542551577,0.001600460265763104
0.002966881264001131,0.028231171891093254
0.010587656870484352,-0.000500839960295707
-0.4404219388961792,-0.4509828984737396
0.0020477038342505693,0.001238845637999475
0.0003838241391349584,0.000858648563735187
0.0015675005270168185,0.0005091874627396464
-0.004281339235603809,0.0020220126025378704
0.0034898538142442703,0.00012295434135012329
0.00219341809861362,0.03396656736731529
0.0010058600455522537,-0.006053922697901726
0.020169127732515335,-0.013289169408380985
-0.004877333529293537,-0.009338301606476307
0.0037674657069146633,0.003307727864012122
0.00026541692204773426,0.006841972004622221
-0.006025990471243858,-0.006743591744452715
0.0024895877577364445,0.019956784322857857
0.002793559804558754,-0.02384626865386963
0.00506499782204628,0.0015289285220205784
0.010539861395955086,-0.0008427866268903017
-0.01021470408886671,-3.8224272429943085e-05
0.011250567622482777,3.711089084390551e-05
0.00020307180238887668,-1.8488899513613433e-05
0.005808711051940918,-0.01486170943826437
-0.0011499680113047361,-0.0017091048648580909
0.018181880936026573,0.0009352432680316269
0.0034721074625849724,-0.010969094932079315
-0.010146194137632847,0.0019648848101496696
-0.0011320940684527159,-0.0012317750370129943
0.0041460092179477215,8.585116302128881e-05
0.021792635321617126,0.00030438427347689867
-0.13408046960830688,-0.13496971130371094
0.0014830660074949265,0.000345101609127596
0.0038367414381355047,0.002680256962776184
0.001252808840945363,0.0008348232950083911
0.039150696247816086,-0.0034435465931892395
0.05560602247714996,0.1717153787612915
0.06242489069700241,0.005830960813909769
0.00036178570007905364,0.003364533418789506
-0.0030368249863386154,-0.01081586442887783
-0.0015912492526695132,0.014058886095881462
0.012409151531755924,-0.0014380775392055511
0.1222720593214035,0.007240932900458574
0.021045265719294548,-2.7399291866458952e-05
0.0015982649056240916,0.008076473139226437
0.003717961721122265,0.00016055861487984657
0.0007861630292609334,0.0057062567211687565
0.01333873625844717,9.150673577096313e-05
0.013629663735628128,7.495569298043847e-05
0.04155926778912544,0.00021058991842437536
0.002685111714527011,0.0027903015725314617
0.0008615122642368078,-0.001981064211577177
0.019478689879179,0.012135875411331654
-0.0020939474925398827,-0.005810077302157879
0.01408131793141365,0.006103332620114088
-0.01088426262140274,-0.015687530860304832
0.002349230693653226,-0.0018005800666287541
0.12032070010900497,0.000763539457693696
0.0043093194253742695,0.0037871808744966984
0.00043419338180683553,0.00021694361930713058
0.0017139639239758253,0.0023188346531242132
-0.008397523313760757,-0.013319212011992931
0.007369130849838257,-0.0009963152697309852
0.003337800968438387,0.0007427522796206176
0.0036161961033940315,0.008670661598443985
0.00095727713778615,-0.0017679303418844938
0.002519397297874093,0.006004923488944769
0.001482550986111164,-0.0003454448888078332
0.001083242241293192,0.000789425743278116
0.0065025268122553825,0.01022256724536419
0.0008258549496531487,-0.0004563442198559642
0.004444917663931847,0.002236511092633009
0.004057830199599266,0.0010642751585692167
0.0019054593285545707,0.01077782828360796
0.00598499970510602,0.015120763331651688
0.032266248017549515,0.00013066516839899123
0.0010525130201131105,0.005030388478189707
-0.005838910583406687,-0.004606818780303001
-0.00022030825493857265,-0.00041452969890087843
0.002990239765495062,0.009472424164414406
0.0019958452321588993,0.0013318879064172506
0.002900988794863224,0.00702340342104435
0.006644840352237225,0.006622353568673134
0.2208295464515686,0.0050605591386556625
2.889020834118128e-06,-3.6075711250305176e-05
-0.00035109743475914,0.07195401191711426
0.034107815474271774,-0.004637329839169979
0.03904050588607788,-0.00398606713861227
0.00048181653255596757,0.002087790286168456
0.0004866691306233406,-0.0021658288314938545
0.0004981370293535292,-7.713292143307626e-05
0.08818895369768143,0.00178419123403728
0.0005859088851138949,0.0018241096986457705
0.002364811487495899,0.00268531683832407
0.0004941823426634073,0.0012047317577525973
0.010585766285657883,0.0022033050190657377
0.0022295601665973663,0.0007301557343453169
0.011481976136565208,-0.0022123896051198244
0.005996789317578077,0.00045026844600215554
0.00827382504940033,0.004656030796468258
0.0025342809967696667,8.67324706632644e-06
0.0017307506641373038,0.009946835227310658
0.013727813959121704,0.001905602402985096
-0.00010710884816944599,-0.0018396256491541862
0.00200863485224545,0.000259175430983305
0.005403268616646528,5.444040289148688e-05
0.013790559023618698,0.003366041462868452
0.00021172326523810625,0.0002593938261270523
0.000799856148660183,-0.011818637140095234
0.0003096137661486864,0.0006759539828635752
0.03473663330078125,-6.677116471109912e-05
0.046751152724027634,0.002162408549338579
0.2343570739030838,0.0003792475035879761
0.0050710467621684074,0.004664107225835323
0.003427216550335288,0.0007484472589567304
0.0029036852065473795,-1.3999699149280787e-05
0.002043067244812846,0.0008777174516580999
-0.0004681760910898447,-0.002211795886978507
-0.002435374306514859,-0.0022461279295384884
0.00293544540181756,-0.0004680573183577508
0.009098588488996029,0.0016385553171858191
0.14600247144699097,0.016845138743519783
0.002213528845459223,0.00017845409456640482
-0.011845195665955544,-0.014666356146335602
0.00020854012109339237,-0.0010916560422629118
-3.7651596358045936e-05,0.0005798948695883155
0.0020113366190344095,-0.00035733578260987997
0.0023914743214845657,0.0037693949416279793
-0.026371080428361893,-0.02963842824101448
0.008270952850580215,0.004529993049800396
0.02951488457620144,0.04542823135852814
-0.018967153504490852,-0.019487272948026657
0.0010224264115095139,0.007803740445524454
0.0015506779309362173,-5.624257028102875e-06
0.019025621935725212,-0.0029145334847271442
-0.00047303110477514565,-0.0007542446255683899
0.02063041925430298,0.004463838879019022
-0.005318674258887768,-0.005086233839392662
0.03126798942685127,0.0013576180208474398
0.0031663852278143167,0.022489648312330246
0.0002447881270200014,-0.0006724703125655651
0.043579038232564926,0.0027240575291216373
9.338806557934731e-05,0.01585518941283226
0.0004898371989838779,0.0023810716811567545
-8.873350452631712e-05,-0.00032676703995093703
0.015451214276254177,-0.0009252807940356433
0.006103739608079195,0.004144945181906223
-0.00033667986281216145,-0.0019822714384645224
0.0015408939216285944,0.0005237642326392233
-0.004022482316941023,-0.0037649059668183327
0.11238637566566467,0.010287481360137463
0.006172094028443098,0.0014592595398426056
-0.01680668629705906,-0.04016468673944473
0.009793028235435486,-0.09036662429571152
0.0169796422123909,-8.264253847301006e-05
0.00041281565790995955,0.005414624232798815
0.0037911967374384403,-0.0002700761251617223
0.00148750189691782,4.584609996527433e-06
0.01915525458753109,-6.216891051735729e-05
0.0002161503944080323,0.0008182658348232508
0.0029036852065473795,-1.3999699149280787e-05
0.02124708704650402,0.004827194381505251
0.0011755875311791897,0.0001210436166729778
0.0030242742504924536,0.0019588179420679808
0.006432628259062767,0.017610538750886917
0.002225092612206936,0.0031201818492263556
0.0006346615264192224,0.005722085013985634
0.002778401365503669,-0.0019332412630319595
-0.0007254787487909198,0.003627205267548561
0.024493061006069183,0.003336623078212142
-6.761983968317509e-06,0.03897561505436897
0.07616200298070908,-0.001517951488494873
-0.010504543781280518,0.045945920050144196
0.0038940133526921272,0.009748926386237144
0.0018270096043124795,4.027501563541591e-05
0.011094717308878899,0.011838922277092934
-0.013974105939269066,-0.015991684049367905
-0.0009122970513999462,-0.0073484135791659355
-0.0015912492526695132,0.014058886095881462
0.0021841302514076233,-0.01831616833806038
0.003462657332420349,-0.0006517322617582977
0.02338109351694584,0.23125353455543518
0.051177334040403366,0.02031681314110756
0.0005045668222010136,-0.003490646369755268
0.0019516203319653869,-0.001075973268598318
0.0049518621526658535,6.791739724576473e-05
0.0018441874999552965,0.0003147144161630422
0.0023897229693830013,0.00010645011207088828
0.0008793167071416974,0.10921648144721985
-0.0008135682437568903,-0.0008018461521714926
0.000533191894646734,0.001177717698737979
-0.0020175038371235132,-0.004502689000219107
0.007541122380644083,0.015365895815193653
0.0021969578228890896,0.0006053992547094822
0.002566292881965637,0.01231093518435955
-0.00010063382796943188,-0.0033640859182924032
-0.0369945764541626,-0.03858618438243866
0.035078708082437515,0.0009338589734397829
-0.003192955395206809,-0.005936439149081707
0.018385127186775208,0.0005415976047515869
0.0012197415344417095,-5.3693336667492986e-05
0.00034829333890229464,0.006138542201370001
0.00738549092784524,0.08119155466556549
0.003350591752678156,0.04138411954045296
0.0036667753010988235,0.01732551120221615
0.0025931207928806543,0.001331349485553801
0.17621318995952606,-0.0027790828607976437
0.0007148745935410261,0.004087089095264673
0.0006262459792196751,0.028224021196365356
0.01016558613628149,0.0014814237365499139
0.012102412059903145,0.0005306238890625536
-0.030230559408664703,-0.037250686436891556
0.0016210702015087008,0.0008860662928782403
0.001930953934788704,2.749606028373819e-05
-0.008291550911962986,-0.00660889595746994
-0.002557898173108697,-0.0005276466254144907
-0.03654836490750313,-0.027655139565467834
0.007270441856235266,-0.0004364268097560853
0.000471035746159032,0.001986262621358037
0.0003760169493034482,0.0041198888793587685
-0.0007339378353208303,0.0005442705005407333
0.0009652507142163813,0.0024475709069520235
0.004068822134286165,0.004091279115527868
-0.008409565314650536,0.006118053570389748
0.007193431258201599,0.055113665759563446
0.0038526211865246296,0.0011297775199636817
0.0009298857767134905,0.009124994277954102
0.008535078726708889,0.08461789786815643
0.007212765980511904,0.0006141781341284513
0.0162543635815382,0.002507344353944063
0.03187160938978195,0.0013514960883185267
-0.0008243968477472663,-0.0008644950576126575
0.05238990858197212,0.007181437686085701
0.0045025646686553955,0.00677298940718174
0.015626417472958565,0.014531390741467476
0.05997232347726822,0.0020936280488967896
0.009639671072363853,0.0014391322620213032
0.01797746866941452,-0.0008848994038999081
-0.000284531619399786,-0.003084780415520072
0.0012392377248033881,-0.0007291791844181716
0.004221120849251747,0.02241961658000946
0.0006008413038216531,0.0006620383937843144
0.0016117319464683533,0.0008233660482801497
0.00019324582535773516,0.0015965193742886186
-0.030582387000322342,-0.03993122652173042
0.00013194592611398548,-1.0643561836332083e-06
0.08154655992984772,-0.0006688707508146763
-0.06656170636415482,-0.06632962077856064
-0.014964407309889793,-0.01569969765841961
0.01802883669734001,0.0027554419357329607
-0.0001994077756535262,-1.4210701920092106e-05
-0.010233104228973389,0.0014385655522346497
0.005480245687067509,0.004843194968998432
0.011160561814904213,-0.00015374424401670694
-0.10651342570781708,-0.10367210954427719
-0.001446637324988842,-0.0017620993312448263
-0.004374942742288113,-0.00442523043602705
0.013254265300929546,0.002751225372776389
0.02470356784760952,0.008644510060548782
0.0894419327378273,0.002792136510834098
0.0004497500485740602,0.00019140716176480055
0.004218582063913345,0.0009949456434696913
0.0015165412332862616,0.002560372231528163
0.0003668110293801874,0.002432476729154587
0.005281831603497267,0.0009770451579242945
-0.0013965810649096966,-0.0026365560479462147
0.0009085428901016712,0.005018770694732666
0.005389056168496609,-0.0035541935358196497
0.0027713836170732975,0.0007890968699939549
0.0285404734313488,0.0007780304877087474
-0.002047233982011676,0.01491682231426239
0.0008022142574191093,0.001715914229862392
0.0005608029314316809,0.0012486869236454368
0.0005975434323772788,-0.00020139342814218253
0.00124456943012774,4.232981882523745e-05
0.001764523796737194,0.000190025195479393
0.004243309609591961,9.510167001280934e-05
0.008386246860027313,0.010086177848279476
0.0021719406358897686,0.0002961503923870623
0.0006847050972282887,0.00036797235952690244
-0.009767882525920868,-0.011569422669708729
-0.00038242246955633163,-0.002129442524164915
-0.028024790808558464,-0.029514720663428307
0.0034030938986688852,0.012931271456182003
0.030163880437612534,0.00239196908660233
-0.0027987833600491285,0.21567723155021667
0.0005109196645207703,-0.0004246111202519387
0.000594494747929275,0.0006853863596916199
0.0013865367509424686,0.0037487484514713287
0.013983242213726044,0.002801590133458376
0.0004208183381706476,0.008870460093021393
-0.007319189142435789,-0.00822692085057497
0.0007040247437544167,0.0001408573007211089
0.0050248075276613235,-6.784008292015642e-05
0.000512557162437588,-0.0001281656150240451
0.00020753109129145741,-0.0006293986807577312
-0.007115202024579048,-0.01644841954112053
0.03158038854598999,0.0010225088335573673
0.014516694471240044,0.005075105465948582
0.005428241100162268,0.03199310973286629
0.010303093120455742,0.008568019606173038
0.02343071810901165,-0.0011083829449489713
0.0006045108893886209,-0.0008224376942962408
0.0018172437557950616,0.006447510328143835
-0.0043617296032607555,-0.005365028046071529
0.0339927077293396,0.005652392283082008
-0.00023268527002073824,0.0019323851447552443
0.0004285901668481529,0.0006200993084348738
0.003312688786536455,0.00409933365881443
0.0003219046047888696,0.0003586347447708249
0.004054782446473837,8.214703120756894e-05
0.005300151649862528,0.001201563747599721
-0.001032265368849039,-0.002241587731987238
0.004333867225795984,0.0005872286856174469
0.003279317868873477,0.010007146745920181
-0.00015801499830558896,-0.0007064304081723094
0.00012623460497707129,0.0020878897048532963
0.0012335467617958784,0.0015428428305312991
0.002220064401626587,-2.381674130447209e-05
0.026707055047154427,-2.1585437934845686e-06
0.005259223747998476,0.017105422914028168
0.003925328142940998,-0.004533946979790926
0.0016695793019607663,-0.0008224376942962408
0.0063072205521166325,0.001963558606803417
0.00019461892952676862,0.0023103614803403616
5.473149940371513e-06,0.00938337855041027
-0.002023278269916773,-0.0021523418836295605
0.0002633791300468147,0.0019142848905175924
-0.0008334638550877571,-0.006741782650351524
-0.012518434785306454,-0.013890476897358894
0.0025288399774581194,0.010381588712334633
0.004103890620172024,0.00198102043941617
-0.019328294321894646,-0.021655961871147156
0.0007669678307138383,-1.2735414202325046e-05
0.008052545599639416,0.006365508306771517
0.004065457731485367,0.0024608797393739223
0.24799028038978577,0.018549183383584023
0.0004137147916480899,0.00081958610098809
0.005361716262996197,0.0011259880848228931
0.01625378616154194,-0.005647611804306507
-0.010330638848245144,-0.008496211841702461
0.0025025843642652035,-0.0069267600774765015
-0.00974787026643753,-0.0007050614804029465
0.13156044483184814,0.007157047279179096
0.004258681088685989,-0.00011970507330261171
-0.0005907001905143261,0.011761881411075592
0.0053183650597929955,0.023316293954849243
0.0019330177456140518,9.598169708624482e-05
0.0006125178188085556,0.03436703979969025
0.0006996432784944773,0.07064599543809891
-4.469926352612674e-05,-9.847857290878892e-05
-0.008564997464418411,-0.00891802553087473
0.011515515856444836,-0.0008703002240508795
0.0029036852065473795,-1.3999699149280787e-05
0.005578838754445314,0.01868882030248642
0.002402188489213586,0.0007461763452738523
0.008788511157035828,0.004030774813145399
0.007653425447642803,0.0001527791318949312
0.0018443367443978786,-0.0017605525208637118
0.000757091271225363,0.013954674825072289
0.012358088046312332,0.0005881463293917477
0.0014858507784083486,-0.0013006108347326517
0.006058926694095135,0.00023536183289252222
0.0013087905244901776,0.0001615125365788117
-0.0164596289396286,-0.020332541316747665
0.013254265300929546,0.002751225372776389
0.004996054340153933,0.003994115628302097
0.02391582913696766,-0.00012282963143661618
-0.008564997464418411,-0.00891802553087473
0.004069337155669928,0.0007149334414862096
0.01277658436447382,0.0013101632939651608
0.000723717559594661,0.0030566174536943436
-0.0009636902250349522,0.0019759093411266804
0.001310323947109282,0.005941961891949177
0.0015226361574605107,-0.00029832986183464527
-0.008925136178731918,-0.013148274272680283
-0.003528451779857278,-0.0062634595669806
0.03101549670100212,0.0008476237417198718
0.016346288844943047,0.010532156564295292
-0.014214836992323399,-0.021063808351755142
0.005451834294945002,0.004537651780992746
0.002910512499511242,-0.00902222003787756
-0.0004708626074716449,0.006772184744477272
0.0017901654355227947,0.00473826564848423
0.000808177690487355,0.012493175454437733
0.00032453396124765277,0.004346030298620462
0.0034153538290411234,0.0012422667350620031
0.0070144739001989365,-0.0009252997115254402
0.024411076679825783,0.0074768224731087685
-0.0032662609592080116,-7.427297532558441e-07
-0.05117716267704964,-0.05486709624528885
0.01660783588886261,0.003027606289833784
0.0024249902926385403,4.000881381216459e-05
-0.018464481458067894,-0.019702114164829254
-0.033889368176460266,-0.035594403743743896
0.00403625750914216,0.0005447833682410419
0.00020036962814629078,-0.0006094072014093399
-0.0008551758946850896,0.006612851750105619
0.00803697481751442,0.0010910149430856109
0.0021487916819751263,-0.0026933641638606787
0.005344572011381388,0.001441017258912325
0.0008524737786501646,0.0006365809822455049
-0.001069341436959803,0.020227864384651184
-0.0035313591361045837,0.07627572864294052
-0.010367825627326965,-0.005993750877678394
0.0015044085448607802,0.0016123143723234534
0.005920279771089554,-0.00012272066669538617
0.0014867716236039996,0.011839531362056732
0.029435664415359497,7.816114521119744e-05
-0.00043951458064839244,-0.0007121615344658494
0.005884665064513683,0.013622990809381008
0.001074881525710225,3.1122457585297525e-05
0.006834806874394417,0.0004136129573453218
4.945538239553571e-05,0.031369276344776154
0.00010530033614486456,-0.0009442638256587088
0.0045522782020270824,0.0014597619883716106
-0.0012151735136285424,-0.0013179073575884104
0.09090066701173782,0.014177760109305382
0.0004668190376833081,5.428843724075705e-05
-0.07973657548427582,-0.1264335960149765
0.003357082372531295,0.0005154659156687558
0.00020844773098360747,0.00021974426636006683
0.00505618192255497,0.00023754779249429703
0.006989235524088144,0.00021526028285734355
0.029052553698420525,0.013197737745940685
0.13483525812625885,0.01626797765493393
0.01116054318845272,-0.0008303779177367687
0.0053628855384886265,-0.005013810005038977
0.002796540269628167,0.0029817395843565464
-0.013060852885246277,-5.747564136981964e-05
0.0001962345268111676,0.0014735580189153552
0.0014152402291074395,0.0043470305390655994
0.0025601813104003668,0.004585523158311844
0.0018137702718377113,-0.0001108483993448317
0.014721938408911228,-0.001790219685062766
0.032484136521816254,0.0015724931145086884
0.011803042143583298,0.0006884991889819503
0.00894810352474451,-0.00020380725618451834
0.003243542043492198,0.03636857867240906
0.04314093291759491,0.0027568433433771133
0.008454847149550915,0.006213035434484482
0.016749298200011253,0.00045842185500077903
-0.006892296485602856,0.012076104059815407
-0.0035226689651608467,-0.001950262114405632
0.001261092722415924,0.0114252008497715
0.0015662978403270245,0.005781850777566433
0.0072270589880645275,0.005095642060041428
-0.007707253098487854,0.005604756064713001
0.001331827137619257,0.000400393211748451
0.012860705144703388,0.0018508367938920856
0.0023240428417921066,-0.007184281945228577
0.0006544121424667537,0.0069591207429766655
0.0005605710903182626,0.02186269871890545
-0.03790963441133499,-0.03839072585105896
-0.003475613659247756,-0.0036002860870212317
0.00035939872032031417,-6.152565765660256e-05
0.09753966331481934,0.00178419123403728
-0.0004934397293254733,0.0012225409736856818
0.0028932979330420494,0.0007725174073129892
0.007961681112647057,0.08621415495872498
0.014785923063755035,-0.0006690731970593333
-0.0013588654110208154,0.0005894328933209181
0.008379848673939705,-0.002537458436563611
0.0007651294581592083,0.0059807333163917065
0.25475427508354187,0.030357414856553078
0.0018227682448923588,-6.315213977359235e-05
-0.013495247811079025,-0.015541000291705132
0.008045781403779984,0.009279390797019005
0.0002708902466110885,0.0016690558986738324
0.0006022437009960413,0.0005438720691017807
0.0002593788376543671,0.00010910609125858173
0.0034763049334287643,0.002389372093603015
0.01240041758865118,-4.8774294555187225e-05
0.0048937550745904446,0.00422613276168704
4.399311728775501e-05,0.0014149402268230915
0.006286409683525562,0.001646903227083385
0.00031990805291570723,0.00010008140816353261
0.0003093516279477626,0.0018527987413108349
0.0015996783040463924,0.0004167657461948693
0.053408388048410416,0.061466481536626816
0.004194148350507021,0.0037657138891518116
0.0009271753369830549,0.00046137149911373854
0.005823897197842598,-0.0003127057570964098
-0.007708127144724131,-0.011707589961588383
0.003986541647464037,7.660844130441546e-05
0.0009936634451150894,0.0016678485553711653
0.010943394154310226,0.01538296602666378
-0.02019849792122841,-0.006684549152851105
0.013791844248771667,0.001277516013942659
0.0010283319279551506,0.0023619658313691616
0.0005336794420145452,0.0065769595094025135
0.0008820006623864174,-0.004081237129867077
6.842068978585303e-05,0.0012278323993086815
0.006864066235721111,0.00114222161937505
3.1188828870654106e-05,9.303039405494928e-05
0.0017122536664828658,0.0015116308350116014
0.0064267427660524845,0.021011054515838623
-0.00048596697160974145,-0.0007444046204909682
-0.0007781782187521458,0.12001972645521164
0.0010403605410829186,0.007174334488809109
0.002988412044942379,0.0017669498920440674
0.0006967396475374699,0.05275779962539673
0.00037759417318738997,0.014110060408711433
-0.00017209525685757399,0.0059034680016338825
0.0034792465157806873,0.050363972783088684
0.001038482179865241,0.21455834805965424
0.00019243662245571613,0.001789701753295958
1.5223416994558647e-05,0.0005655892309732735
0.012798952870070934,0.0001108260330511257
0.0010113638127222657,0.003990032710134983
-0.00015801499830558896,-0.0007064304081723094
0.004519347567111254,0.0005610181833617389
0.0013889113906770945,0.0002137818664778024
0.0009473479585722089,0.16370955109596252
0.005921638570725918,0.001751902513206005
3.337627276778221e-05,0.18027691543102264
0.001024784753099084,0.0021034853998571634
0.005278507247567177,-0.00037643281393684447
0.002970087807625532,0.000137486174935475
0.008341352455317974,0.007061592303216457
0.007961681112647057,0.08621415495872498
0.025981690734624863,0.0001256671384908259
0.0008064409485086799,-1.69751001521945e-06
-0.01106199435889721,-0.01538207195699215
0.00014925518189556897,0.00047928543062880635
0.01491060946136713,0.00025001834728755057
0.09341911971569061,0.018636977300047874
0.003390272380784154,0.010481299832463264
0.002790733240544796,0.003014090470969677
0.0064213392324745655,0.00343073601834476
-0.0004694618401117623,0.0006054840050637722
0.005885787308216095,0.0036458915565162897
0.03803178295493126,0.0001189845206681639
-0.011388772167265415,-0.01604241132736206
0.06688502430915833,-1.007670653052628e-05
0.00013791778474114835,0.00905237253755331
0.010672156699001789,0.0002495744847692549
0.001693139085546136,0.0128495367243886
0.0005393034662120044,0.00022037699818611145
0.0009657347109168768,0.0076920101419091225
0.25475427508354187,0.030357414856553078
0.06954377889633179,0.015117963775992393
0.004171718377619982,0.014947358518838882
-0.003459082916378975,-0.012713069096207619
0.00985635258257389,0.002993364352732897
-0.001414347207173705,0.02541298419237137
0.0011370787397027016,0.004209081642329693
0.034799352288246155,0.0014894335763528943
0.03732225298881531,-0.00010840590402949601
0.0035529015585780144,0.009757033549249172
0.004558568820357323,0.003481724299490452
0.08676351606845856,0.0013907025568187237
0.0009103378397412598,0.001179359620437026
0.002976367250084877,0.0004897513426840305
0.01941092312335968,0.001612370484508574
0.004189678467810154,0.0007512903539463878
0.0008409299189224839,0.00555799575522542
0.001561726094223559,0.0034306151792407036
0.0018594723660498857,0.0005731798009946942
-0.026954520493745804,-0.04530606046319008
0.006948812864720821,0.25112468004226685
0.008952256292104721,-0.0002276302984682843
0.001842326601035893,0.0009589511901140213
0.008843193762004375,0.01626003161072731
0.013254265300929546,0.002751225372776389
0.0015198360197246075,0.0005318529438227415
-0.04375915974378586,-0.049919161945581436
0.02513827197253704,0.0010007205419242382
-0.028087269514799118,-0.08195510506629944
-0.00971253216266632,0.10535957664251328
0.00088089844211936,-0.0001417532766936347
-0.010674952529370785,-0.020551295951008797
0.000932636670768261,0.015057181939482689
0.002791687613353133,0.007893168367445469
0.018802877515554428,0.005137783940881491
0.010879846289753914,0.0007322456804104149
0.001428693300113082,0.00734711904078722
0.007848278619349003,0.0016543526435270905
0.03187160938978195,0.0013514960883185267
0.0037036228459328413,0.1589716076850891
-0.00028836214914917946,0.00030455668456852436
-0.0003238148055970669,-0.0008968892507255077
0.0020773594733327627,-0.0026076361536979675
0.0006728567532263696,0.0004960497608408332
0.026749499142169952,-0.005230958107858896
0.008856739848852158,-0.002490038052201271
0.005998995155096054,0.03817363828420639
0.002183424774557352,0.04027799516916275
0.010139881633222103,0.0007229478796944022
0.0009917505085468292,-0.0037064554635435343
-0.018115639686584473,0.0037601105868816376
-0.005929772742092609,0.015800531953573227
0.0035564873833209276,0.004764995072036982
-0.08346933871507645,-0.08411334455013275
-0.000460854236735031,0.005319061689078808
0.010193289257586002,0.0002283948997501284
0.0038862719666212797,0.02158498764038086
0.0013566402485594153,0.003124222159385681
0.02491924725472927,0.07638950645923615
0.049230657517910004,0.013935018330812454
0.00688827084377408,0.0021588660310953856
-0.02019849792122841,-0.006684549152851105
0.002123898593708873,0.0010677734389901161
0.0014325589872896671,-0.00017465259588789195
-0.0030314046889543533,-0.01257375068962574
0.0028063906356692314,0.022817639634013176
0.0027626133523881435,0.0314498171210289
0.0008809043210931122,0.0006980799953453243
0.00013973837485536933,0.0026724727358669043
-0.00011375837493687868,0.00021207984536886215
0.011953216046094894,-0.003501701168715954
-0.006880471017211676,-0.0067392801865935326
-0.003248701337724924,0.021379802376031876
0.12221934646368027,-0.002189098624512553
0.0024477255064994097,0.00044799825991503894
0.007196133490651846,0.0012208427069708705
0.003707704832777381,0.004620825871825218
0.011167419143021107,0.0072449324652552605
0.001810766290873289,-0.00011569146590773016
0.004302496090531349,-0.0024663961958140135
-0.0010982730891555548,-0.0016739730490371585
0.010072343051433563,0.0099014388397336
0.04750314727425575,-0.004698340315371752
0.0006259920191951096,0.0019146415870636702
-0.03727355971932411,-0.04541359469294548
0.0002471198095008731,0.002159241819754243
0.0008467538864351809,0.00021514111722353846
0.008101671934127808,0.008116033859550953
0.009755749255418777,0.000722293509170413
0.013236911036074162,0.00045240530744194984
-0.005837290547788143,-0.010469621978700161
0.0006107453373260796,-0.0003228135756216943
0.004128711763769388,0.001580100622959435
0.00022121501388028264,0.008515198715031147
0.002138780662789941,0.00035993923665955663
0.004753289744257927,0.004400157835334539
0.0015168209793046117,4.654328222386539e-06
-0.0009472241508774459,-0.0017424331745132804
0.00029956764774397016,0.0031761087011545897
-0.008564997464418411,-0.00891802553087473
0.0004774258122779429,-0.0007486038957722485
0.00095727713778615,-0.0017679303418844938
0.007617909926921129,0.0013429141836240888
0.003049043705686927,0.0002176483831135556
0.0012690918520092964,4.217540845274925e-05
0.01646735891699791,0.0010894954903051257
0.0033910395577549934,0.0034199487417936325
0.0021300276275724173,0.0019418022129684687
0.01234279666095972,0.004551649559289217
-0.0006414885865524411,0.0023267955984920263
-0.0053880768828094006,-0.006073910277336836
0.002379707293584943,0.003654650179669261
-0.0007802078034728765,0.017941026017069817
0.003675673855468631,0.05464949831366539
0.007035213056951761,-0.0002789059071801603
0.004375941585749388,0.0007469370611943305
0.02919444628059864,0.02865609899163246
0.008902612142264843,0.005892380140721798
0.0014580809511244297,0.0011116989189758897
0.0005393034662120044,4.232028732076287e-05
0.004033433273434639,0.005342276766896248
0.00040322457789443433,0.002620732644572854
0.0004904190427623689,0.000749544589780271
0.006291866768151522,-0.0005642370088025928
0.011315938085317612,0.0014940990367904305
-0.0007440663175657392,0.0182894729077816
0.003050152212381363,-0.0004633589996956289
0.009768268093466759,-0.00026820061611942947
-0.0005493310745805502,-0.000295444973744452
0.010981481522321701,0.05523933842778206
0.05672498419880867,0.0008417369099333882
0.011189700104296207,0.0019213458290323615
0.035284411162137985,0.0025004830677062273
0.03775516897439957,0.0024237928446382284
0.01466823648661375,-0.0024118011351674795
0.009836714714765549,0.0005404265248216689
0.01607137732207775,0.004857715219259262
0.0068865809589624405,0.0003210711292922497
0.0003432228113524616,0.0009338044910691679
0.014757647179067135,0.00433164369314909
0.0009470460936427116,-0.0011259798193350434
0.0006481517339125276,0.0009754656930454075
0.0023962811101228,0.0027156719006597996
0.07519660890102386,0.00662260502576828
0.0012592077255249023,0.001896039699204266
0.001928598852828145,-0.0004443915677256882
0.03683388605713844,5.253110430203378e-06
-0.01868738792836666,-0.010709545575082302
-0.010457588359713554,-0.009835547767579556
0.0003823834704235196,0.007886162027716637
-0.0011157190892845392,0.002739789430052042
0.00671024713665247,0.002117027062922716
0.007880295626819134,0.0009978488087654114
-3.233802272006869e-05,0.0011782352812588215
0.0018548837397247553,0.0001174275967059657
0.04373347759246826,8.364151290152222e-05
-0.001455589197576046,-0.0034928577952086926
0.003810264403000474,-0.003088868921622634
0.005098087713122368,0.0004841146292164922
0.0029536113142967224,0.005492097232490778
0.0010479902848601341,-0.0014581643044948578
0.0078709926456213,0.005571535788476467
0.003178573912009597,0.0001432925055269152
-0.002130039967596531,-0.007301513105630875
0.001021413248963654,0.00021038440172560513
0.0419461727142334,-0.004637168720364571
0.0003610243438743055,0.0021811528131365776
0.0007884431979618967,0.0015429903287440538
0.0011139162816107273,-0.0016075463499873877
0.030063902959227562,0.0009487741626799107
0.0034846593625843525,0.008370843715965748
-4.9997237510979176e-05,0.008326411247253418
0.0001401734771206975,0.001607102807611227
0.0005081044510006905,-0.0005829237634316087
2.9561109840869904e-05,0.13039614260196686
0.0016468465328216553,0.0003538301680237055
-0.0025226587895303965,-0.0020764670334756374
0.01014481857419014,-0.0006426635081879795
0.0007780661107972264,0.00566695025190711
0.08001206070184708,-0.0010478388285264373
-0.001717525301501155,-0.0035887444391846657
0.006800475530326366,0.012535396963357925
0.0013331720838323236,0.00237710727378726
0.004249185789376497,0.04502883553504944
0.003700160188600421,0.0005959044210612774
0.0018248145934194326,0.006593876518309116
0.0022423332557082176,0.002405579434707761
0.08865602314472198,0.0003502126201055944
0.0002417699433863163,0.0020241900347173214
0.001656767213717103,0.009258140809834003
0.013013731688261032,0.04312000423669815
-0.0018850457854568958,-0.0005442476831376553
0.011599916964769363,0.0380367711186409
0.05745114013552666,0.0018704679096117616
6.461271550506353e-05,0.0005609716754406691
-7.876576273702085e-05,0.0006946730427443981
-0.0006993100978434086,0.0013403930934146047
0.006478004157543182,0.002858135150745511
0.0027717617340385914,0.0008460450917482376
0.0476781465113163,0.00722445547580719
0.00010511151049286127,-0.0014349836856126785
0.010226812213659286,0.0004983714898116887
-4.09991480410099e-05,-0.0003053395194001496
0.02456037513911724,0.0045216758735477924
0.0030552034731954336,0.0005947435274720192
0.006332959979772568,0.0015557055594399571
0.003339156974107027,-0.0006926178466528654
0.003958370070904493,0.010026069357991219
0.0016289455816149712,0.0011731265112757683
0.0018331198953092098,0.014994884841144085
0.0010705484310165048,0.00028101002681069076
0.007739285007119179,0.001002049189992249
0.0017701367614790797,0.023214787244796753
0.0038526211865246296,0.001057201181538403
0.009596232324838638,0.021926604211330414
0.0020099750254303217,0.005233121570199728
0.015099273063242435,-0.0002684338251128793
0.010778824798762798,0.004067541100084782
6.818564725108445e-05,0.07059231400489807
0.009805251844227314,0.00036916692624799907
0.009293632581830025,0.0006518142763525248
0.017358893528580666,0.0007398854359053075
0.013733459636569023,0.0005663023330271244
0.002497326349839568,0.0046167862601578236
0.007591528818011284,0.00445246696472168
-0.02315843291580677,-0.025597400963306427
0.07964757084846497,-0.006398332305252552
0.00016094750026240945,0.0009699323563836515
0.001122080720961094,0.0036874450743198395
0.012749353423714638,0.007304088212549686
-0.002536380896344781,-0.0023669821675866842
0.012229296378791332,0.0029736964497715235
0.0031196321360766888,-0.0008173903916031122
4.945538239553571e-05,0.031369276344776154
-0.3836592137813568,-0.3837754428386688
-0.0060685379430651665,0.0004877080209553242
0.007762112654745579,0.002863110275939107
0.026992835104465485,0.0002811570593621582
-0.0020328094251453876,0.006349606439471245
0.037106189876794815,-0.00018214414012618363
0.006768228951841593,-0.00017835575272329152
0.003793120151385665,-8.905117283575237e-05
0.011887631379067898,0.003545284504070878
0.003237907774746418,0.004536627791821957
0.0033928072080016136,0.01579602062702179
0.00010709771595429629,0.002907778136432171
0.0005546342581510544,0.02246786467730999
-0.0021166494116187096,0.007308244705200195
0.005263779312372208,0.014210456050932407
-0.001748640206642449,0.003613246837630868
0.009293632581830025,0.0006518142763525248
0.22096416354179382,-0.004310579504817724
0.002221916103735566,0.009578747674822807
-0.0017788279801607132,-0.001780772814527154
0.0003642805968411267,0.005288049578666687
7.61197879910469e-05,0.001008198712952435
0.021830305457115173,0.0013450903352349997
0.0010482259094715118,0.0015446763718500733
-0.0020578422117978334,-0.0031667572911828756
0.0038639516569674015,0.002541170921176672
0.004816908854991198,0.09716004133224487
-0.0005708655808120966,-0.00018317252397537231
0.0007760038133710623,0.0032973492052406073
0.0026543661952018738,0.07685518264770508
0.0081857955083251,0.026973353698849678
0.003503278596326709,0.01154197845607996
0.018540825694799423,0.007716948166489601
0.005527202505618334,0.00015195774903986603
0.002553474623709917,0.03183263912796974
0.0006568300304934382,-0.00018185211229138076
0.012909479439258575,0.019509332254529
-0.009077705442905426,-0.006631216965615749
-9.290935122407973e-05,3.739172825589776e-06
0.0022741202265024185,0.015268130227923393
0.006910236086696386,6.803718861192465e-06
0.0007421859772875905,0.018046807497739792
-0.0015148799866437912,-0.012619397602975368
0.09380081295967102,0.0024525190237909555
0.0008325589587911963,0.0007927413680590689
0.005998413078486919,-0.0023639630526304245
0.004859786480665207,-0.00010374857083661482
0.0022496720775961876,-0.003943148069083691
0.0008164908504113555,0.012235521338880062
0.021661510691046715,2.4588080123066902e-06
0.09548961371183395,-0.0030197505839169025
-0.0003155734739266336,0.00020890607265755534
-0.0007131844758987427,0.008043304085731506
0.023308338597416878,-5.931803025305271e-05
0.000800768902990967,0.0011532008647918701
0.09679776430130005,0.0016327779740095139
0.00398068455979228,0.035295747220516205
0.004137301351875067,0.0008155929390341043
0.0035600080154836178,0.005751429591327906
0.0028395107947289944,0.002522544004023075
-0.005095932632684708,-0.00959778018295765
0.00024228973779827356,0.0024378192611038685
-0.011711660772562027,-0.013267962262034416
0.016431553289294243,-0.010333899408578873
-0.17556419968605042,-0.17766830325126648
0.06112029403448105,0.0031337770633399487
-0.0014218718279153109,0.00548127805814147
0.003524997504428029,0.0016603610711172223
0.008318090811371803,-0.0007274140953086317
0.0047212322242558,0.0007229478796944022
0.00022863168851472437,0.0020438735373318195
0.0022872930858284235,0.008032342419028282
-0.001410643570125103,0.007015844341367483
0.008601170964539051,0.00012081989552825689
-0.017054637894034386,-0.01931655965745449
0.0026597341056913137,-4.136281495448202e-05
0.007084694691002369,-0.0021417872048914433
0.001038344926200807,0.0020551932975649834
-4.036707105115056e-05,0.0014752508141100407
0.0033590991515666246,0.015130110085010529
0.0013984361430630088,0.0008072531782090664
-0.008131220936775208,-0.01533051859587431
0.0018137702718377113,-0.0001108483993448317
0.010948220267891884,0.02439367212355137
0.003831553040072322,-0.0007302221492864192
0.006981612183153629,-0.0015868598129600286
0.01731915958225727,0.004769123159348965
0.02645060047507286,-0.0002669856185093522
0.005546135362237692,-5.524898006115109e-05
-0.003774740733206272,-0.0040358928963541985
-0.20199236273765564,-0.28677302598953247
5.625875201076269e-05,2.5012428523041308e-05
0.009744159877300262,0.006319711916148663
0.03453366830945015,0.03228792920708656
0.0006107453373260796,-0.0003228135756216943
-0.045146748423576355,-0.08452477306127548
0.00023997726384550333,-0.0005204891785979271
0.007263048551976681,0.016630716621875763
-0.011583441868424416,-0.022362062707543373
0.008069712668657303,-0.0003116246953140944
-0.01736825332045555,-0.004803784191608429
0.03323788568377495,0.0005137632833793759
0.013509145006537437,0.000957778946030885
0.006446240469813347,0.010603783652186394
-0.0007153709302656353,0.16649939119815826
0.014488887041807175,0.02598370984196663
0.015414107590913773,0.005021786782890558
0.06772367656230927,-0.006727796047925949
0.0022057860624045134,0.013780082575976849
0.0028950199484825134,-2.93622724711895e-05
0.0024927181657403708,-0.00029133353382349014
0.0008733990252949297,0.004214799497276545
-0.047372836619615555,-0.04557839408516884
0.0017827715491876006,0.0008726964006200433
0.004687850829213858,0.0015725023113191128
0.002674776827916503,-0.00046601216308772564
0.024694200605154037,0.0005717157619073987
0.02509906515479088,0.0012291483581066132
0.009486846625804901,-0.004058507736772299
0.0059327115304768085,0.0022983779199421406
-0.0015443377196788788,-0.01041463389992714
0.00557291554287076,-0.00019108722335658967
0.0027890889905393124,0.003745604306459427
0.0011249501258134842,-0.0003560303885024041
0.004978356417268515,0.0041083344258368015
0.006411600857973099,-0.0006716668722219765
-0.007558014243841171,-0.0010912236757576466
0.0001077164924936369,0.0007011231500655413
0.012789272703230381,0.0007551817689090967
0.0013252838980406523,-0.0005633322871290147
0.0004127880383748561,0.0004867238749284297
0.0015393077628687024,0.001077903900295496
0.005659893155097961,0.014017562381923199
0.0029310989193618298,0.0013992143794894218
-0.005037385504692793,-0.00528873922303319
0.018181880936026573,0.0009352432680316269
0.0007678255788050592,3.9630358514841646e-05
0.005215023178607225,0.011851159855723381
0.002888693707063794,0.009640933945775032
0.008247236721217632,-0.0006843489827588201
0.004785024560987949,0.07015036046504974
-0.0003108190430793911,0.00010586646385490894
-0.006709888577461243,-0.005454734433442354
0.0012393845245242119,0.0002708288375288248
-0.00010462463251315057,0.034705717116594315
0.0006240708753466606,0.006386782042682171
0.005490514915436506,0.0029128307942301035
-0.027465462684631348,0.023132897913455963
-0.0002879114472307265,-3.0266237445175648e-05
-0.011526882648468018,-0.0008410057052969933
0.0011343001388013363,0.00026445090770721436
0.0041043721139431,0.00021627347450703382
0.003359618131071329,-0.0003845430619549006
-0.00041865790262818336,0.0018042498268187046
0.004447964020073414,-0.0020093407947570086
0.0010482815559953451,0.007682709023356438
0.07912791520357132,0.002147189574316144
0.004537672735750675,0.0013676792150363326
0.0043413988314569,0.002218865090981126
0.0011861191596835852,0.003919258713722229
-0.052807822823524475,-0.0520000234246254
0.0018767807632684708,0.0007321431767195463
0.0014479622477665544,0.030633563175797462
0.00013973837485536933,0.0026724727358669043
0.0023307022638618946,0.0009190508862957358
0.011647611856460571,0.0009568172972649336
0.006335478741675615,0.03187635913491249
0.005050075240433216,-0.001252056797966361
0.014488887041807175,0.02598370984196663
0.0003130268305540085,0.00421519810333848
0.00046476314309984446,0.002297435887157917
-0.010123572312295437,-0.01685929298400879
0.009774291887879372,0.0007783414330333471
0.0009858730481937528,-0.00036755416658706963
0.0008144442108459771,0.04583752155303955
0.022944167256355286,0.0007914680754765868
-0.0009537134319543839,0.004747445695102215
0.002425306010991335,0.01536234188824892
0.2664433717727661,-0.0004354656848590821
0.013070423156023026,0.008116459473967552
0.031551510095596313,-3.2754920539446175e-05
0.001105411909520626,-0.01025561336427927
0.0012615284649655223,0.0011931350454688072
0.011457987129688263,-0.002507813274860382
0.012906163930892944,-0.0004909216077066958
0.06989511102437973,0.000884740729816258
0.006913220975548029,5.0547547289170325e-05
0.0015582627383992076,0.006500499323010445
0.016848571598529816,0.001120152184739709
-0.03935833275318146,-0.04151420295238495
-0.061569035053253174,-0.06718982756137848
0.002183704636991024,4.53423272119835e-05
0.0002447881270200014,-0.0006724703125655651
0.00022074625303503126,0.01009802334010601
-0.0002373808529227972,-0.0007095187902450562
0.03305310755968094,0.0008602604502812028
0.00560283288359642,0.009892093017697334
0.18020591139793396,0.06791633367538452
0.0027221792843192816,0.0019516418687999249
0.0022637604270130396,0.01392196025699377
-0.001929267542436719,-0.005201955791562796
0.0021253912709653378,0.005004672799259424
0.16060870885849,0.0016726565081626177
0.0003923834301531315,0.00934562087059021
0.003463001223281026,0.01741756498813629
-0.0027886508032679558,-0.00040017813444137573
0.00033459035330452025,0.0008094147779047489
0.01042392011731863,0.08267036825418472
0.0013898921897634864,4.17493429267779e-05
0.005146158393472433,-0.0006380375707522035
0.0014542147982865572,0.005015661008656025
0.007263048551976681,0.016630716621875763
0.020219843834638596,0.0036798252258449793
0.0018565105274319649,0.007295891642570496
0.10014758259057999,0.001190291135571897
0.007612328510731459,0.0013208190212026238
0.0012988904491066933,0.0037853331305086613
0.007138480432331562,0.02363264560699463
0.0009835551027208567,-0.0026890805456787348
0.0039464146830141544,0.0032625840976834297
0.016807693988084793,0.0037131106946617365
0.01558908075094223,0.0010622587287798524
-0.0001893443986773491,0.003243289887905121
0.0012615284649655223,0.0005718994652852416
0.06111074984073639,0.0019792981911450624
0.004038562998175621,0.0004253591760061681
0.004648665431886911,0.0076297069899737835
0.048737600445747375,-0.00015147996600717306
0.0023929905146360397,-0.0035568480379879475
0.004975426476448774,0.0018069554353132844
0.004133014474064112,0.0075396462343633175
0.011744373477995396,-4.86960489070043e-05
0.002708679297938943,0.0010910887503996491
0.003036380745470524,0.01672384887933731
0.0002447881270200014,-0.0006724703125655651
0.004034705460071564,0.0017102666897699237
-0.0002706011291593313,0.0018084975890815258
0.041235752403736115,0.000350933987647295
0.006720255594700575,0.0001187330053653568
-0.023373737931251526,-0.02471405267715454
0.0007259537233039737,0.061588261276483536
0.0010340397711843252,-0.00029557867674157023
0.004936462268233299,0.00022572126181330532
0.018369343131780624,0.0009378191316500306
0.01655730977654457,0.007438059896230698
-0.001748640206642449,0.003613246837630868
0.0012824394507333636,0.04406552016735077
0.011264956556260586,0.0010180820245295763
0.005360973533242941,0.0012334976345300674
0.00178759905975312,0.0003533797280397266
0.01270290371030569,0.006584341172128916
-0.0015441840514540672,-0.003551233559846878
-0.0043244631960988045,-0.004582682624459267
0.003975430503487587,-0.021485501900315285
0.0022143740206956863,0.12279027700424194
0.0005414029583334923,0.0008461237885057926
0.0035030422732234,0.022149676457047462
0.0005771776777692139,0.04984351620078087
-0.0021236976608633995,-0.0029088929295539856
0.0016792935784906149,0.00028392503736540675
0.008892443031072617,0.0019234605133533478
-0.01972404308617115,-0.010178015567362309
0.018520552664995193,-0.0010609428863972425
0.0009360467083752155,-0.0035048271529376507
0.024493061006069183,0.003336623078212142
0.00471646199002862,0.008165547624230385
0.0038677637930959463,0.005490142852067947
-0.00016640033572912216,-0.0027214214205741882
0.00471116416156292,-0.0010655553778633475
0.005358867347240448,0.019091740250587463
0.02334575727581978,0.0005411096499301493
0.00039452657802030444,0.0053803157061338425
0.06624523550271988,0.0031368560157716274
0.030828852206468582,0.009242219850420952
0.003609672887250781,0.0020169939380139112
0.0019889799878001213,-0.0006436714320443571
0.0019437687005847692,0.007534768432378769
-0.008292289450764656,-0.008356151171028614
0.0033758534118533134,0.00459151528775692
0.010000341571867466,0.001129853306338191
0.03172438591718674,0.0009150906116701663
0.0002785783144645393,0.0007232074276544154
0.017781589180231094,-5.5762066040188074e-05
0.03169190138578415,-0.0033134345430880785
0.0029819593764841557,0.006213190034031868
8.66996415425092e-05,0.020082082599401474
0.043075211346149445,0.0077223931439220905
-0.00018238206394016743,-0.0007875861483626068
0.006451204419136047,0.00572032667696476
0.008512530475854874,0.0008334167068824172
0.0076811835169792175,-0.00609236117452383
0.07444366812705994,0.002015744335949421
0.00032659893622621894,4.4457585318014026e-05
-0.0033391863107681274,0.13656169176101685
0.0018915407126769423,0.011017878539860249
0.019770072773098946,0.012217945419251919
0.004333867225795984,0.0005872286856174469
-0.0006949814269319177,-0.0013077744515612721
0.0019490319536998868,0.0025955340825021267
0.0028178850188851357,0.0038997263181954622
0.31826427578926086,-0.0018563250778242946
0.05314045771956444,0.005035887472331524
0.00020803045481443405,0.006624867673963308
0.0012393845245242119,0.0002708288375288248
0.012470494955778122,0.0067474115639925
0.00014000046940054744,0.004491122905164957
-0.11522644013166428,-0.10679616034030914
0.04196825250983238,0.002354749944061041
0.009293632581830025,0.0006518142763525248
-0.0013698795810341835,0.039283476769924164
0.1147695854306221,-0.004968918859958649
9.464182949159294e-05,0.001182794338092208
0.0015870681963860989,0.00042269343975931406
0.008494596928358078,0.02693731151521206
0.00042445375584065914,0.007528647780418396
0.0009988152887672186,0.0022529559209942818
0.01150961872190237,0.00218744995072484
0.0995609313249588,0.0004466526152100414
0.028977828100323677,-1.9186896679457277e-05
0.0013915060553699732,0.004294920712709427
0.005703328642994165,0.005051913671195507
-0.003372147213667631,-0.004860384855419397
0.09090066701173782,0.0136202871799469
0.0006882728775963187,-0.0008205804042518139
9.237163612851873e-05,0.0005106975440867245
0.004973066039383411,0.0004118597134947777
0.006512964144349098,0.0039281779900193214
0.016376541927456856,-0.016625475138425827
0.018890073522925377,0.005792899057269096
-0.0037931555416435003,-0.005926421843469143
0.009479891508817673,0.024766385555267334
0.00021236430620774627,-0.00038438040064647794
0.003054199041798711,0.0005350910359993577
0.0039023826830089092,0.016218464821577072
0.0020099750254303217,0.005233121570199728
0.0014298188034445047,0.0021783148404210806
0.0023076534271240234,0.012601787224411964
0.002593199722468853,0.0018949098885059357
0.004122783895581961,8.642168540973216e-05
0.00014296677545644343,0.00016092791338451207
-0.0037051616236567497,0.0011670864187180996
0.0002639942103996873,-0.0007933959714137018
0.009271332994103432,0.0064177727326750755
0.00023598592088092119,0.0023517285007983446
0.025607258081436157,0.0014378634514287114
0.005320253781974316,-0.0004800519673153758
0.028348376974463463,0.001071362872608006
0.004168382380157709,-0.0007638231036253273
0.0004931201110593975,0.0009135447908192873
-0.004894239362329245,-0.0035165471490472555
0.011416912078857422,-0.002405766164883971
0.000380375306122005,-0.0008738803444430232
0.011409461498260498,0.025280335918068886
-0.0003378388355486095,0.00028911809204146266
0.00030017876997590065,0.000872726843226701
-0.003687104443088174,-0.0042283739894628525
0.0015084031037986279,0.0022297424729913473
0.005149549338966608,-0.0018717808416113257
-0.011894269846379757,0.00561412051320076
0.04187082499265671,-0.00968955084681511
-0.025495605543255806,-0.025730136781930923
0.02768513560295105,0.0032308436930179596
0.0010592819890007377,0.0011800829088315368
0.032115139067173004,-0.00639119790866971
0.0006312612676993012,0.002115120179951191
0.00045929383486509323,-0.006325350143015385
-0.0007431292906403542,-0.0008662092732265592
0.0009975116699934006,0.0026815871242433786
0.019975142553448677,0.0005280021578073502
0.1891038715839386,0.016405325382947922
0.002639245707541704,0.0023019358050078154
0.03512800112366676,-0.0008982130093500018
0.008629373274743557,-4.01460420107469e-06
0.0020968324970453978,0.0005499694379977882
0.00269460491836071,0.005518136080354452
0.00048166123451665044,0.00039786245906725526
0.008398921228945255,0.006979167461395264
0.0005251791444607079,0.004860804416239262
-0.005222741514444351,-0.002327668946236372
0.015447765588760376,0.0022889827378094196
0.0007826876826584339,0.12369406968355179
0.00019549869466573,-0.0004683014703914523
0.03818531334400177,0.04830336198210716
0.0006483541801571846,-0.0015461586881428957
0.00026541692204773426,0.006841972004622221
0.013722344301640987,0.023170316591858864
0.017177749425172806,0.0027540409937500954
0.0004140839446336031,0.0018658570479601622
0.0033333534374833107,0.0011231056414544582
-0.06242070347070694,-0.062478817999362946
0.0005858398508280516,0.1824711710214615
0.0023718797601759434,0.003142882604151964
0.025675108656287193,0.005684274714440107
0.013994591310620308,0.0022430820390582085
-0.02678759954869747,-0.03387915715575218
0.0034762611612677574,0.0039941915310919285
0.0006337102968245745,0.0015657892217859626
0.004568171221762896,0.01961468532681465
0.005087518598884344,-0.0036285838577896357
-0.026887916028499603,-0.023788798600435257
0.00766001408919692,0.0029277238063514233
-0.0006953376578167081,0.0073530226945877075
0.0005513816722668707,-9.644083911553025e-05
-0.0052718366496264935,-0.004885501228272915
0.0020195285324007273,-0.0003133626887574792
0.03161388263106346,-0.004231733735650778
0.00446555158123374,0.051697950810194016
0.0064213392324745655,0.00343073601834476
0.004444917663931847,0.002236511092633009
-0.010250607505440712,-0.0062313927337527275
0.005076450761407614,0.0010163416154682636
0.0025987939443439245,7.939894567243755e-05
-0.0005667014047503471,0.0031437152065336704
0.005451777018606663,0.0005307809915393591
-0.004102584905922413,-0.004699322395026684
0.003525613807141781,0.004718904383480549
0.00028758373809978366,0.006009030621498823
0.0015915478579699993,0.0004965150728821754
0.0016452063573524356,-0.0016171250026673079
0.00034178313217125833,0.03220818191766739
0.0018756596837192774,0.06518428027629852
-0.0004832642152905464,0.00038209673948585987
-6.141886115074158e-05,-0.0029515959322452545
-0.003772551892325282,-0.0045874048955738544
0.011834380216896534,0.0007589009474031627
0.027913738042116165,-0.00020259351003915071
0.0009821971179917455,-9.722831600811332e-05
0.06356573104858398,0.00031928755925036967
0.030055852606892586,0.0009022767189890146
0.0002266027731820941,0.0004269266501069069
-0.0022972943261265755,-0.0023991549387574196
0.00178759905975312,0.0003533797280397266
4.7306850319728255e-05,0.004031900782138109
-0.00015801499830558896,-0.0007064304081723094
0.009458988904953003,0.005216546356678009
0.0001834927825257182,0.00034983467776328325
0.0007609459571540356,0.00669766403734684
0.0004043324152007699,0.00038735842099413276
-0.0071383873000741005,-0.00152581837028265
0.0007104817777872086,0.0030841431580483913
0.0018422565190121531,0.0010896992171183228
-0.0008583181770518422,0.07054678350687027
0.0011494243517518044,0.0012084341142326593
0.009896536357700825,0.03666992112994194
-0.009533461183309555,-0.012461001984775066
0.00937480479478836,0.00796571932733059
-0.002099779201671481,0.1364765763282776
0.012827946804463863,-0.009138432331383228
-0.0031717410311102867,-0.006591083016246557
0.0034384331665933132,0.006519872695207596
0.002400912344455719,0.00028833188116550446
0.0007138620130717754,0.0025801174342632294
-0.0022785922046750784,0.0074706231243908405
0.0006872487720102072,0.0028946800157427788
0.0005326420068740845,0.0003633046871982515
0.002124916762113571,0.0012309098383411765
0.021136561408638954,0.0029777828603982925
-0.0010886575328186154,-0.001611016457900405
0.020068148151040077,0.007794151082634926
-0.0014924936695024371,0.0008265480864793062
-0.00197807839140296,0.010740715079009533
0.02107403613626957,-0.0004714150563813746
0.0028345684986561537,0.03555430471897125
0.0006327136070467532,0.0004700534336734563
0.01921529695391655,2.1053245291113853e-05
0.0009344565332867205,0.00023863796377554536
0.0026168685872107744,-0.0020892007742077112
-0.00023324714857153594,0.0010333823738619685
-0.03024306334555149,-0.03494780510663986
-0.005886135622859001,-0.007899375632405281
0.016317054629325867,-0.0003793397336266935
-0.01573796197772026,-0.007866866886615753
0.01578301005065441,0.04883703589439392
0.0010422759223729372,0.0001597292721271515
0.007927773520350456,0.00018918467685580254
0.003623206866905093,0.004998281132429838
0.021085701882839203,0.0022506332024931908
0.0038701375015079975,-0.0036372370086610317
0.002839955035597086,0.018237611278891563
0.00039102783193811774,0.004055454861372709
0.0023175848182290792,0.0009539236780256033
0.002718342235311866,-6.439219578169286e-05
0.003756194841116667,0.0002311340213054791
0.007142922841012478,0.004332777578383684
0.0017360532656311989,0.04137397184967995
0.0007223819848150015,0.00027595795108936727
0.0009107934311032295,0.004958355333656073
0.00178759905975312,0.0003533797280397266
0.0006911787204444408,0.0010415446013212204
0.0026624768506735563,0.0011453814804553986
0.0010071869473904371,-0.0005529490299522877
0.004622392822057009,0.005991630256175995
0.0013563376851379871,0.0032943245023489
-0.004927413072437048,-0.007029401138424873
0.0007639849791303277,0.000985706807114184
0.0010113638127222657,0.003990032710134983
0.007338645402342081,0.004517461638897657
0.0003265479172114283,0.0010698384139686823
0.019016999751329422,0.0012902470771223307
0.006601728964596987,0.0017303060740232468
0.0050971489399671555,0.0015514707192778587
-0.03606840595602989,-0.04155459254980087
0.002129147294908762,0.004318750463426113
0.0025575512554496527,-1.8566490325611085e-05
0.06391014903783798,-0.0010276093380525708
0.03519551455974579,0.000299394887406379
0.011322161182761192,-0.0028450842946767807
-0.00197807839140296,0.010740715079009533
-6.528703670483083e-05,0.008124137297272682
0.0002785783144645393,0.0007232074276544154
0.026160582900047302,0.0015810627955943346
0.0004766772035509348,0.00016513030277565122
0.0020943244453519583,0.003027619095519185
0.0005847433349117637,0.0033928609918802977
0.01336759328842163,-0.006991582456976175
0.0010113638127222657,0.003990032710134983
-0.0013588654110208154,0.0005894328933209181
0.006818326655775309,0.0032612355425953865
-0.0014656517887488008,-0.0022391132079064846
0.0016244857106357813,0.033055830746889114
8.122238796204329e-05,0.000729046412743628
0.004946219734847546,0.004920746199786663
0.03187160938978195,0.0013514960883185267
0.005727835465222597,0.0016123714158311486
0.00019995997718069702,-4.674066440202296e-05
-0.00022339742281474173,0.0005544652231037617
0.0028491602279245853,0.017499463632702827
0.09622059762477875,-0.003905961290001869
-7.191632175818086e-05,0.05054224655032158
-0.004492592066526413,-0.012850911356508732
0.014023495838046074,0.00032141595147550106
0.023507144302129745,0.0010395848657935858
-0.005820268765091896,0.0006717769429087639
0.00010714385280152783,0.006128525827080011
-0.0006634197197854519,-0.00157211534678936
0.004997988231480122,-0.0011083829449489713
0.16972163319587708,-0.0027790828607976437
0.003643978387117386,0.0005690187681466341
0.0013165995478630066,0.005790265742689371
-0.0005200384766794741,0.0007895107846707106
0.00047790969256311655,0.0009771982440724969
0.001086100353859365,0.0007338534924201667
-0.002557898173108697,-0.0005276466254144907
0.006240916904062033,0.022353675216436386
-0.00597715750336647,-0.0077142552472651005
0.0006845545140095055,0.017018433660268784
0.002835901454091072,-0.0010881929192692041
0.004871725104749203,0.0006070848321542144
-0.02365822158753872,-0.02445799484848976
0.0018597280140966177,0.003011302789673209
0.005197206512093544,0.0012236952316015959
0.00017742463387548923,0.009310648776590824
0.06327838450670242,0.0020743084605783224
0.0011542302090674639,0.004616123158484697
-0.006262312177568674,-0.006711283698678017
0.0023799927439540625,0.0007008366519585252
0.0022921357303857803,0.004302509594708681
0.0006552378181368113,0.0033588367514312267
-0.0030458117835223675,-0.002905310597270727
0.002005696762353182,-0.005747970659285784
-0.0009114735294133425,-0.0008261865004897118
0.04357241466641426,0.001354792038910091
-0.0012628398835659027,-0.001816426170989871
0.009772398509085178,-0.0005648917285725474
0.002777029760181904,0.01983356848359108
0.006729272194206715,0.0007777734426781535
0.0034929343964904547,0.01833932101726532
0.00966456439346075,0.0058118547312915325
0.0018864913145080209,-0.0011639529839158058
0.010981481522321701,0.05523933842778206
0.17094989120960236,-0.004365852102637291
0.0016655554063618183,0.019032640382647514
0.003103471826761961,0.0017986597958952188
0.0049624028615653515,0.013187607750296593
0.0042677405290305614,0.00033037783578038216
-0.0007766796043142676,0.03777816891670227
0.16363002359867096,0.0005754320882260799
0.13659745454788208,0.0006249244906939566
0.002392969559878111,0.0009096181020140648
-0.00043562822975218296,-0.0006744343554601073
-0.0010092041920870543,-0.00031580391805619
0.010126382112503052,0.0009261160739697516
0.014307981356978416,-0.0016918494366109371
0.009060174226760864,-0.01549252774566412
0.02173347771167755,6.0812490119133145e-06
0.0005806137924082577,0.0006033202516846359
0.006514859851449728,-0.0002664854982867837
0.0022438832093030214,-0.0003236933844164014
0.05997232347726822,0.0020936280488967896
-0.0009002217557281256,-0.0011119217379018664
0.0068588340654969215,0.010239589028060436
0.0036401422694325447,-0.0021402770653367043
0.002402188489213586,0.0007461763452738523
-0.015208248049020767,-0.007193181663751602
0.0022326509933918715,-0.0007637689122930169
0.0016869440441951156,0.03210259601473808
0.008820101618766785,0.0018142237095162272
-0.0388977974653244,0.048151858150959015
-0.00011021463433280587,0.001029034610837698
0.004936462268233299,0.00022572126181330532
0.004761978052556515,-0.0004397971788421273
0.0020499222446233034,0.0018456014804542065
0.04609854891896248,0.000895284116268158
0.0064213392324745655,0.00343073601834476
0.014214524067938328,0.0006934935227036476
0.0020705414935946465,0.0014092965284362435
0.012215062975883484,-0.00040946280932985246
-0.017070958390831947,-0.017632097005844116
0.003093950217589736,6.465398473665118e-05
0.006119530647993088,0.001432687509804964
-0.00178490427788347,-0.0008540957933291793
0.0008021318935789168,0.003386074211448431
0.004193897824734449,0.007684389594942331
0.003357507288455963,0.0001338159927399829
0.0022143740206956863,0.01739412546157837
0.005846465937793255,0.0028714549262076616
0.002120992634445429,0.00022659479873254895
0.00968154612928629,0.026283012703061104
1.981412060558796e-05,0.04923224449157715
0.0008157241391018033,0.020108602941036224
-0.0006719981320202351,-0.0025785472244024277
0.000275733123999089,0.00025354433455504477
0.002477454487234354,0.002522737253457308
0.017668645828962326,0.0005004522390663624
0.0013214827049523592,0.00019209421589039266
0.00261628907173872,9.124559437623248e-05
0.003147899406030774,-0.0007491207215934992
0.007566109299659729,0.00027375592617318034
0.0006020501023158431,-0.0002538982080295682
0.04962211847305298,6.200242205522954e-05
0.005507100373506546,0.0033488208428025246
0.015834804624319077,0.011789076961576939
-0.008463960140943527,-0.03410050645470619
0.011958575807511806,0.00789595302194357
0.0002639942103996873,-0.0007933959714137018
0.0026898542419075966,0.00046137149911373854
0.016264133155345917,0.009768708609044552
0.0012615284649655223,0.0005718994652852416
0.002338008489459753,0.0013436067383736372
0.0006095716962590814,0.00040261016692966223
0.0008355118916369975,0.0025236355140805244
0.0008636096026748419,0.0038316063582897186
0.019851624965667725,7.912547880550846e-05
0.019223570823669434,-0.0030329409055411816
0.013098029419779778,5.325570600689389e-05
-0.0004898341721855104,0.0016235100338235497
0.003025185549631715,0.0005854327464476228
0.00020976201631128788,0.0005596670671366155
0.0007633744389750063,0.0003591701970435679
0.00366531265899539,0.002229756908491254
0.0013438492314890027,0.004234348423779011
-0.038482364267110825,-0.038735128939151764
0.0013233453501015902,0.0010169767774641514
-0.008503642864525318,-0.014476582407951355
0.009479891508817673,0.024766385555267334
0.01915525458753109,-6.216891051735729e-05
-0.0006045482587069273,0.015970615670084953
0.021661510691046715,2.4588080123066902e-06
0.0017087634187191725,0.004425990395247936
-0.004119793884456158,-0.0058725979179143906
0.0003923834301531315,0.00934562087059021
0.013481354340910912,0.0017875961493700743
0.0075943502597510815,0.0016911227721720934
0.06261706352233887,0.0005012836190871894
0.018964622169733047,0.0037709111347794533
0.0056517962366342545,0.017665265128016472
0.011322161182761192,-0.0028450842946767807
0.02134285308420658,0.0010491925058886409
0.0029036852065473795,-1.3999699149280787e-05
0.0054190559312701225,0.0016152921598404646
0.0013827801449224353,-0.000366175954695791
-0.00018238206394016743,-0.0007875861483626068
-0.014231633394956589,-0.012180451303720474
0.002402188489213586,0.0007461763452738523
0.002437857910990715,5.3023453801870346e-05
0.004547973163425922,0.0020347167737782
-0.007621980272233486,-0.012682379223406315
0.009193306788802147,-0.00014960652333684266
0.002759732538834214,0.029640715569257736
0.001567318569868803,-0.00018182960047852248
0.0009696176857687533,-0.00019516496104188263
0.006464764941483736,0.031113339588046074
0.0034223508555442095,-0.00025883637135848403
0.0033667669631540775,7.868490502005443e-05
0.0024599265307188034,-0.00024646453675813973
0.0009344565332867205,0.00023863796377554536
0.011647611856460571,0.0009568172972649336
0.006349809467792511,0.0026897666975855827
-0.0002221389440819621,-0.0004365156637504697
0.0018064230680465698,0.02059539221227169
0.00262016081251204,2.821053749357816e-05
0.000319314596708864,0.19486026465892792
0.00012741150567308068,-0.00015570750110782683
0.0003082292969338596,0.07290323823690414
-0.0074313972145318985,-0.007825450971722603
0.01229593250900507,-0.0004962275852449238
0.00015769879973959178,0.002947526518255472
0.011621827259659767,0.0009682722156867385
-0.004707783460617065,0.006973153445869684
-0.003795669414103031,-0.002971172332763672
0.006464764941483736,0.00811974797397852
0.0013773688115179539,0.06787743419408798
-0.00048352518933825195,0.0011400174116715789
0.0012088750954717398,0.004258153028786182
0.002183749107643962,0.007426477503031492
0.004043504595756531,0.009016529656946659
1.5739118680357933e-05,0.0008712525013834238
-0.004292737226933241,-0.0051417117938399315
-0.0177574772387743,-0.018515726551413536
0.0011488752206787467,-0.00011005962733179331
0.0016033754218369722,-0.0019515932071954012
0.048737600445747375,-0.00015147996600717306
-0.00667262589558959,-0.010895762592554092
0.001961971167474985,0.009454690851271152
-0.013999942690134048,-0.024080021306872368
0.006152111105620861,0.025457626208662987
0.002535248873755336,0.00025551047292537987
-0.015930823981761932,-0.020361360162496567
0.006175353191792965,0.019672948867082596
0.003926184959709644,0.00032447685953229666
-0.043500177562236786,-0.045602429658174515
0.002061522100120783,0.0012526641367003322
-0.010951158590614796,-0.011407773941755295
0.0798300951719284,0.045245636254549026
0.011709787882864475,0.01105198822915554
0.0010720309801399708,-0.00023669138317927718
-0.0006395191885530949,0.008063904941082
0.00502634234726429,0.0025969166308641434
0.00034762173891067505,0.01153547503054142
0.008843193762004375,0.01626003161072731
0.0007678255788050592,3.9630358514841646e-05
0.00044106380664743483,0.003669505473226309
0.022901322692632675,0.003261926118284464
0.025850415229797363,0.021153969690203667
0.005089219659566879,0.0008832683670334518
0.021861212328076363,0.0001858738251030445
0.00036741612711921334,0.010324539616703987
0.00035002341610379517,0.002406737767159939
0.0036964225582778454,0.010567323304712772
0.0030864370055496693,-0.003523718100041151
-0.0009155386360362172,-0.0018286030972376466
0.004681785590946674,-0.0019332412630319595
0.010184246115386486,-0.0029792499262839556
0.015265703201293945,0.0013989652507007122
0.0020417547784745693,0.00013089957064948976
0.0021986830979585648,0.0014606548938900232
0.20370148122310638,0.005829911213368177
-0.04402359202504158,-0.036444950848817825
0.0771217867732048,-0.003961840644478798
0.002451576292514801,0.0005977305700071156
0.005884665064513683,0.013622990809381008
-0.006015675608068705,-0.011153236962854862
0.004870256409049034,-0.0011369498679414392
0.002937078708782792,0.0019796511624008417
0.017488157376646996,0.0033430003095418215
0.002700056182220578,0.007937130518257618
0.0012824394507333636,0.06451187282800674
0.043075211346149445,0.0077223931439220905
0.041247572749853134,0.01528138481080532
0.005468153860419989,-0.0040017287246882915
0.00661343103274703,0.0032166221644729376
-0.002197030233219266,-0.005271469708532095
0.0015674796886742115,0.00774772185832262
0.0014907142613083124,0.006274659186601639
-0.023514242842793465,-0.02568434737622738
0.0007004693034105003,0.0013673313660547137
0.0016618097433820367,0.010116185061633587
0.004870256409049034,-0.0011369498679414392
-0.0015533309197053313,-0.0023243273608386517
-0.012046060524880886,0.05157788470387459
-0.02850886806845665,-0.03025066666305065
0.010981481522321701,0.05523933842778206
-0.0029460324440151453,0.006319614127278328
0.017634913325309753,-0.00013253075303509831
0.0030159251764416695,0.0007230201736092567
0.002603614004328847,0.008575121872127056
0.001891863183118403,0.005216037388890982
-0.00013038702309131622,0.0030086850747466087
0.022936804220080376,0.0014055913779884577
0.008270934224128723,-0.009629261679947376
0.008768812753260136,0.002373071853071451
-0.0072205327451229095,-0.0193221103399992
0.011422586627304554,0.0009901567827910185
-0.00049875263357535,0.007037526927888393
0.027312742546200752,0.0017641157610341907
-0.0018551764078438282,-0.0033686435781419277
0.006791910622268915,0.003547877771779895
0.03957902640104294,-0.0044665890745818615
0.0004230116028338671,0.0046281032264232635
0.004969869274646044,0.017153659835457802
-0.0014951364137232304,0.005424872040748596
0.0016791743692010641,0.00047060794895514846
0.007311271503567696,-0.0016153245232999325
0.0016412572003901005,0.0009141504997387528
0.007919489406049252,0.00012487135245464742
0.00095727713778615,-0.0017679303418844938
-0.14488616585731506,-0.143156036734581
0.003957150503993034,-0.0007903019431978464
-0.027624191716313362,-0.029580166563391685
0.2460390329360962,0.015926726162433624
0.001826064777560532,0.0005027199513278902
0.020283132791519165,-0.00028770853532478213
0.00047746780910529196,0.028864657506346703
0.03200657665729523,-0.00013593723997473717
-0.0448777973651886,-0.0886041671037674
-0.0006961855106055737,-0.001023309538140893
-4.9603055231273174e-05,0.011699185706675053
-0.0001743229804560542,0.004822270479053259
0.00028127041878178716,-0.00016522650548722595
0.0008809043210931122,0.0006980799953453243
0.0021118519362062216,0.0003860830911435187
-0.018547147512435913,-0.022007223218679428
0.0005269586108624935,-0.005073778331279755
0.019501497969031334,0.0002463089185766876
0.0019618114456534386,-0.0008020857931114733
0.002697296906262636,0.021894454956054688
-0.05506027489900589,-0.05947244539856911
-0.1606447547674179,-0.1658201366662979
0.004622749052941799,0.016135500743985176
0.04810548946261406,-0.012987490743398666
0.0070816222578287125,0.008187063969671726
0.007461770437657833,0.02421414479613304
0.021238276734948158,0.00481838546693325
0.03187160938978195,0.0013514960883185267
0.0041366396471858025,0.003875862108543515
-0.0005556950927712023,0.002226142445579171
0.006009472068399191,-0.003910835832357407
0.0016438320744782686,0.03250395879149437
0.005017569288611412,0.0020080695394426584
0.007797794882208109,9.158600732916966e-05
0.029453912749886513,0.022448694333434105
-0.011253196746110916,-0.011265111155807972
0.0016712781507521868,0.0022936926688998938
0.00034180202055722475,0.0001580921234562993
1.981412060558796e-05,0.04923224449157715
0.008747336454689503,-2.440795287839137e-05
0.0018746474524959922,-0.00028382684104144573
-0.001414347207173705,0.02541298419237137
0.0009112212574109435,0.0002818731591105461
0.003222051076591015,0.021498478949069977
0.022814959287643433,0.0011401899391785264
0.0007780661107972264,0.06781642138957977
0.0030162630137056112,0.0010314745595678687
0.0024599265307188034,-0.00024646453675813973
0.005123091395944357,0.027693897485733032
0.00010066120012197644,0.00045584118925035
0.005560069344937801,0.010934858582913876
0.0016526003601029515,0.003329346887767315
0.0016428063390776515,0.008847293443977833
0.00741557264700532,0.014914288185536861
-0.012698400765657425,-0.014285271055996418
-9.567671804688871e-05,0.0013227418530732393
0.014757647179067135,0.00433164369314909
0.0004546827694866806,0.0015275933546945453
-0.009484026581048965,-0.004706813953816891
0.006093148607760668,0.0049406965263187885
0.0010232161730527878,0.0007792170508764684
-0.0016192172188311815,-0.00021045771427452564
0.19060204923152924,0.01256478950381279
0.003036380745470524,0.01672384887933731
0.004332518205046654,0.0020670853555202484
0.007824252359569073,0.0003796386590693146
-0.0003355718217790127,-0.00021183292847126722
0.0006474651745520532,0.009509962052106857
0.0034366927575320005,0.0016163850668817759
0.18304049968719482,-0.0015252914745360613
-0.0618426650762558,-0.05709013342857361
-0.0005437200888991356,-0.001400544191710651
-0.024939902126789093,-0.027116458863019943
0.06232030317187309,0.03371439129114151
0.0004355738637968898,0.00037460692692548037
0.005691299214959145,0.0003992159618064761
0.002255117055028677,0.0009185458766296506
0.005723841954022646,0.002503001596778631
0.011192958801984787,0.0008879754459485412
0.0023380699567496777,0.018706709146499634
0.00012788517051376402,2.914081051130779e-05
0.032423242926597595,-0.007639789953827858
-0.05267081409692764,-0.05668660253286362
0.0013249649200588465,0.06285307556390762
-0.004318238236010075,-0.004751243628561497
0.06492793560028076,-0.0007764494512230158
0.008435354568064213,-0.00011006847489625216
0.00502634234726429,0.0025969166308641434
0.007273235823959112,0.012608877383172512
0.002103787614032626,-0.00042859860695898533
0.004289282951503992,0.006206514313817024
-0.18492138385772705,-0.18904748558998108
-0.0006949814269319177,-0.0013077744515612721
0.0035278736613690853,6.677460623905063e-05
0.0006146354135125875,0.0003468208306003362
0.009293632581830025,0.0006518142763525248
0.004849393852055073,0.0006522609619423747
0.00036642467603087425,0.0002742812503129244
0.0070718759670853615,0.0023897297214716673
0.002959742909297347,0.04289865121245384
0.00033237686147913337,-0.000820500310510397
-0.0016439551254734397,0.0008762762881815434
-0.0011863838881254196,-0.0024262345395982265
0.0009965647477656603,-0.0014415634796023369
0.0036669312976300716,0.002419005148112774
0.0018956235144287348,0.013052021153271198
0.11240962147712708,-0.00032310147071257234
0.0006837259279564023,0.0005715191946364939
0.008301632478833199,0.001021426054649055
-0.0059501794166862965,-0.006497185677289963
0.0007181580294854939,0.001265009050257504
0.002606610767543316,0.0004178916569799185
0.0019700387492775917,0.0027810772880911827
0.005157210864126682,0.0011814073659479618
-0.0008885734714567661,0.006052193231880665
0.027749568223953247,0.0006517603760585189
-0.0017850019503384829,0.003015202470123768
0.0019539264030754566,0.0007511082803830504
0.002606610767543316,0.0004178916569799185
-0.1452588587999344,-0.15676893293857574
-0.00550676928833127,-0.005564291030168533
0.018230073153972626,0.004438269417732954
0.004226851277053356,0.0054774209856987
0.00044575193896889687,-0.003184614237397909
0.00820886716246605,-0.00013630883768200874
-0.000102836056612432,0.0023990345653146505
0.0020015700720250607,0.002618858590722084
4.945538239553571e-05,0.031369276344776154
0.0020224833860993385,-0.0095978993922472
0.02460341714322567,0.123813696205616
0.001406868570484221,0.0011106074089184403
0.017848903313279152,0.0032875773031264544
0.012036597356200218,0.07905235141515732
0.0015320307575166225,0.002149319276213646
0.0018867782782763243,-7.470147829735652e-05
0.00883879978209734,0.0008910485194064677
0.001150563359260559,7.606635335832834e-05
0.0027005684096366167,3.79690172849223e-05
0.0013631314504891634,0.000556881248485297
0.0009830540511757135,0.0188690647482872
-0.004355066455900669,-0.0071402424946427345
0.0235387422144413,-0.0027749999426305294
0.1851111203432083,0.0037093779537826777
0.009114434011280537,0.00555014330893755
0.0039649223908782005,0.00010712430230341852
0.003930284176021814,3.0431256163865328e-06
-0.0009236875921487808,-0.006565675605088472
0.0007849240791983902,0.0008752928697504103
0.0052977632731199265,-0.008294650353491306
-0.014115593396127224,-0.014979655854403973
0.0020120549015700817,9.402894647791982e-05
0.026398243382573128,0.000236844367464073
0.013744642958045006,0.014018908143043518
0.03696150705218315,6.750051397830248e-05
0.00891899224370718,-0.004158404655754566
-0.0072699557058513165,-0.010193094611167908
-0.0009680138900876045,-0.0020917674992233515
0.0027877630200237036,0.0024283926468342543
0.001593699329532683,0.0008429665467701852
0.003259603399783373,0.005420437082648277
-0.004030023701488972,-0.004584772977977991
0.0021908499766141176,0.003181915497407317
0.028874244540929794,-0.008480550721287727
0.008454292081296444,0.0014716173755005002
-0.0022741886787116528,-0.0018486808985471725
-0.03700842708349228,0.29862019419670105
0.0014163429150357842,0.0026425556279718876
0.0013298264238983393,0.04567069560289383
0.0004774258122779429,-0.0007486038957722485
0.001970000332221389,0.007411361206322908
0.03172438591718674,0.0009150906116701663
-0.008341989479959011,-0.009089645929634571
0.0014018628280609846,-0.00017157358524855226
0.005342470947653055,0.0009056581184267998
-4.668283509090543e-06,0.00043203472159802914
0.0013370520900934935,0.0006520849419757724
0.0021471986547112465,0.002495479304343462
0.002864731475710869,-7.920200005173683e-05
0.0033278719056397676,0.002127099083736539
0.0070335171185433865,0.008581302128732204
-0.00033299403730779886,-0.0010705078020691872
0.0015935874544084072,0.0007717875996604562
-0.010442628525197506,-0.01264386996626854
0.0009936634451150894,0.0016678485553711653
0.00017239979933947325,0.06959166377782822
0.01115318015217781,-0.0025895102880895138
0.0008940951665863395,-0.0002796860644593835
0.0010812063701450825,0.05648544803261757
0.0009297217475250363,0.005653270985931158
0.00011681480100378394,5.07619115523994e-05
1.0812655091285706e-05,-0.002428313484415412
0.0015618536854162812,-0.000605965091381222
0.0002495180815458298,-0.0005851155146956444
0.010496769100427628,0.00027233664877712727
5.8161691413260996e-05,0.00020806811517104506
0.008256117813289165,0.005965141579508781
0.006829860154539347,0.005296801216900349
0.00073059560963884,0.014898546040058136
-0.030947916209697723,0.070172518491745
0.0002447881270200014,-0.0006724703125655651
-0.026371080428361893,-0.02963842824101448
0.002433828543871641,0.036296546459198
8.792793232714757e-05,0.00015647930558770895
0.002351948991417885,0.0008923724526539445
0.008727076463401318,-0.0008888894226402044
-0.0009155386360362172,-0.0018286030972376466
0.0023902119137346745,0.0001858738251030445
0.0008682393818162382,0.010063515976071358
0.0052907876670360565,0.0017718474846333265
0.020786890760064125,0.00128549849614501
0.0013139090733602643,0.006952615454792976
0.008821062743663788,0.0009089080849662423
0.00597783736884594,0.006064125336706638
0.019568730145692825,0.00032774711144156754
0.01234867051243782,-2.1446161554194987e-05
0.002759732538834214,0.029640715569257736
-0.003552184673026204,-0.002672205213457346
-0.001802552491426468,-0.006789417937397957
-0.002687155269086361,-0.010691608302295208
-0.17037083208560944,-0.16903004050254822
0.002375072566792369,0.00851781852543354
0.024257000535726547,0.0003597436589188874
0.010981481522321701,0.05523933842778206
0.00941639393568039,-0.005204666405916214
0.01734689623117447,0.00026037413044832647
-0.0017705683130770922,-0.00048214360140264034
0.003346960060298443,0.02231314405798912
0.000499197281897068,0.00407042121514678
-5.922323907725513e-05,0.004949105903506279
0.011426824145019054,0.0012829714687541127
-0.026133833453059196,-0.02396116778254509
0.005843302235007286,0.000505416770465672
0.03283107280731201,0.007892210967838764
0.0064812577329576015,0.049831923097372055
5.964351294096559e-05,0.004146280232816935
0.004816998261958361,0.03420301526784897
0.0007796027348376811,-0.00020545287407003343
-0.0014649066142737865,0.03195306658744812
0.0035278736613690853,6.677460623905063e-05
-0.03786902502179146,-0.04783158376812935
-0.0012338494416326284,-0.0003079506568610668
0.0024068790953606367,0.023226046934723854
0.004744482226669788,0.003944063559174538
-0.017603792250156403,-0.021831735968589783
0.015624349005520344,0.004600629210472107
0.005784651730209589,0.0028609433211386204
0.0034416760317981243,0.02186269871890545
-0.014244899153709412,-0.01614605076611042
0.0015226361574605107,-0.00029832986183464527
0.17373910546302795,0.008174218237400055
0.006074040662497282,0.0009910262888297439
0.0005584522150456905,-0.0018259485950693488
0.0015982649056240916,0.008076473139226437
0.08286136388778687,0.0005140100256539881
-0.032807424664497375,-0.04181404411792755
0.0032555414363741875,0.0002928727772086859
0.0011255439603701234,0.0020020429510623217
0.001086137373931706,0.002245093695819378
0.00011448215809650719,0.009657463058829308
0.0008168614003807306,0.0002516317181289196
0.0007651294581592083,0.0019124916289001703
0.057061877101659775,0.000888000475242734
0.010526411235332489,0.0002356740296818316
0.0005827582790516317,0.05827782303094864
-0.003108050674200058,-0.004265806637704372
0.08799798041582108,-0.0009573069401085377
0.06426864862442017,-0.002342903520911932
-0.000404148391680792,0.01452306192368269
0.002202038187533617,0.0018223311053588986
0.003455658443272114,0.002089360263198614
0.020634040236473083,0.10090429335832596
0.018076468259096146,-0.0005441943649202585
0.004375941585749388,0.0007469370611943305
-0.008327429182827473,-0.0033240322954952717
-0.006872621364891529,0.012679515406489372
-0.010750705376267433,-0.018458165228366852
0.004442588891834021,0.0040041618049144745
0.0009378967806696892,-0.0030547636561095715
-0.0014482419937849045,-0.0042733121663331985
0.016262482851743698,-0.010574610903859138
0.006253202445805073,0.000960807257797569
0.006383589003235102,0.01144431158900261
0.004411209840327501,-0.0007433786522597075
0.001782099949195981,0.0016773527022451162
0.009382156655192375,0.008891556411981583
0.0013475542655214667,0.0015476442640647292
0.0858735591173172,0.00014039641246199608
0.011903725564479828,0.0075734565034508705
-0.0001379887107759714,0.006874135695397854
0.0006095716962590814,0.00040261016692966223
0.008279089815914631,0.0004436521849129349
0.0098417354747653,0.005247534718364477
-0.001231190748512745,0.03189832717180252
-0.002402475569397211,0.0025978400371968746
0.00046170869609341025,0.001935844891704619
0.006515565328299999,-0.0017985295271500945
-0.0021336155477911234,-0.003108267206698656
-0.004000852350145578,-0.005389132536947727
-0.008119946345686913,0.0315498486161232
0.0003374536754563451,0.0018610245315358043
0.0020874966867268085,0.01343302521854639
-0.0037564807571470737,0.0036776456981897354
0.0020816107280552387,0.007679450325667858
0.0011328905820846558,0.00041124862036667764
0.002954450435936451,0.012476074509322643
0.004539618268609047,0.0004955378826707602
-7.217007805593312e-05,5.8357632951810956e-05
0.005186517722904682,0.012579839676618576
0.00010810823005158454,4.384777639643289e-05
5.473149940371513e-06,0.00938337855041027
0.0035284918267279863,0.0005653987172991037
0.0014051331672817469,0.019423041492700577
0.0012392377248033881,-0.0007291791844181716
0.010560283437371254,-0.0022258551325649023
0.0029736992437392473,0.052261289209127426
0.002674262272194028,0.0006703961989842355
0.014488887041807175,0.02598370984196663
0.0029411381110548973,0.0211954228579998
0.06019609794020653,0.008700871840119362
0.002597533632069826,0.007455992512404919
0.08636647462844849,0.004211698193103075
-0.0162823386490345,-0.01997152343392372
0.00037712673656642437,0.002993867266923189
0.0006543455529026687,0.0011608782224357128
0.014607124030590057,0.0005692646955139935
0.015791291370987892,0.0030420045368373394
0.0018430021591484547,-0.000467138976091519
0.03465187922120094,0.002159546595066786
0.003404457587748766,0.013931680470705032
0.0009344565332867205,0.00023863796377554536
0.007462386507540941,0.0022531161084771156
0.00011781876673921943,0.00659789377823472
-4.9997237510979176e-05,0.008326411247253418
-0.002546057803556323,0.023993298411369324
0.003158664796501398,-0.0008400359656661749
0.02622188627719879,0.014276325702667236
0.008486444130539894,-6.552832201123238e-05
0.17707251012325287,-0.00288128643296659
0.0010521452641114593,0.0003969426325056702
0.07852445542812347,-0.00040448264917358756
-0.00020345079246908426,0.002979513257741928
0.0036354688927531242,0.01053544133901596
0.002973406808450818,0.11712902039289474
0.0014023026451468468,-0.0003515562857501209
0.000730869360268116,0.01067195925861597
0.01752329245209694,0.005741063505411148
0.01819472201168537,0.010462540201842785
0.0008559894631616771,0.0005997619009576738
0.0007178798550739884,0.0034148842096328735
0.0006520961760543287,0.0037292225752025843
0.036697447299957275,0.00024455576203763485
-0.013151122257113457,-0.015541000291705132
0.0035794845316559076,0.0007845453801564872
0.002833691891282797,0.010368114337325096
0.006538205314427614,-0.001245205057784915
-0.0013550915755331516,-0.0036137066781520844
0.008693466894328594,0.004872207064181566
-0.0032370344270020723,-0.0023922445252537727
0.014214524067938328,0.0006934935227036476
0.0051122186705470085,0.006006172858178616
0.0041043721139431,0.00021627347450703382
0.021907977759838104,-3.867498890031129e-05
0.10381139069795609,-0.0002470973413437605
0.015786807984113693,6.509436934720725e-05
0.021861212328076363,0.0001858738251030445
0.015689603984355927,-0.002213918138295412
0.05035504698753357,0.008760219439864159
0.0008080838597379625,0.000667055428493768
0.0013631314504891634,0.000556881248485297
-0.0001192120835185051,-0.009736278094351292
0.0016470967093482614,0.0005274488939903677
0.00971040315926075,0.0009682722156867385
-0.02958945743739605,-0.03203810378909111
-0.03737318515777588,-0.04205761477351189
0.03172438591718674,0.0009150906116701663
0.0015168371610343456,-0.0036055617965757847
0.006965652108192444,0.0018847202882170677
0.01576763018965721,0.007581857964396477
-0.0007998846704140306,0.0005098069086670876
0.004351817537099123,0.0020239681471139193
0.011047551408410072,-0.00015905714826658368
0.0075382050126791,-0.0072632129304111
-0.006892296485602856,0.012076104059815407
0.0013566280249506235,0.00027700152713805437
-0.0015224816743284464,-0.002673987066373229
0.005259223747998476,0.017105422914028168
0.026273824274539948,-0.002970283618196845
0.009174451231956482,0.0004801367176696658
0.009344389662146568,-0.0015152627602219582
-3.811880014836788e-05,0.0012615496525540948
0.10341186821460724,0.043008916079998016
0.01576763018965721,0.007581857964396477
0.002556499792262912,0.0023234181571751833
0.01759662851691246,0.026890870183706284
0.05087299272418022,0.005080782808363438
0.010963719338178635,0.0002646897337399423
-0.01296517625451088,-0.015830257907509804
6.734830094501376e-05,0.0011999818962067366
0.008564801886677742,0.05852380022406578
-0.0003169028786942363,0.19516710937023163
0.01802883669734001,0.0027554419357329607
0.08148930221796036,0.004094062373042107
-0.0017636960837990046,-0.0021339841187000275
0.0008852479513734579,8.581718429923058e-05
0.0026700221933424473,0.005507596768438816
-0.03737318515777588,-0.04205761477351189
0.005548382643610239,-0.0018610244151204824
0.0002614875265862793,0.005994292441755533
0.0008995906682685018,0.0005611510132439435
0.009301513433456421,-0.0002612069947645068
-0.062215905636548996,-0.06367723643779755
0.001778349163942039,0.0004721220175269991
0.0005653458647429943,0.006821523420512676
0.0002461163676343858,0.000728048209566623
0.0007956605404615402,0.00025159004144370556
0.012429481372237206,-0.0009754365310072899
-0.020073655992746353,0.06873544305562973
0.018665965646505356,0.0034024538472294807
-0.003190996591001749,-0.004081259481608868
-0.0010616028448566794,-0.001595601555891335
0.0016825870843604207,0.00046937575098127127
0.004673019517213106,0.004231318831443787
0.0038172423373907804,0.00041120388777926564
0.004024253226816654,0.009015064686536789
0.0016244857106357813,0.033055830746889114
0.003219163278117776,1.9156643247697502e-05
-0.0005797923658974469,0.002007092349231243
0.0001914791064336896,0.0017239127773791552
0.07173378765583038,0.005766486283391714
0.0007325477199628949,-0.00033424573484808207
0.0038464998360723257,-0.00058240961516276
0.0006037415587343276,0.0013852061238139868
-0.0009380519040860236,0.0002329822164028883
0.053751058876514435,0.0014414768666028976
0.0010914872400462627,0.0007840021280571818
0.0083916075527668,-0.0016274082008749247
0.004416684620082378,0.006061684340238571
-8.132599759846926e-05,0.0015814005164429545
0.024929482489824295,0.006503700278699398
-0.0009154955041594803,-0.000757399364374578
0.017488157376646996,0.0033430003095418215
0.00030982668977230787,0.010210158303380013
0.009369723498821259,0.0011953075882047415
0.002922411309555173,0.008681735955178738
-0.21283850073814392,-0.28677302598953247
0.005297815892845392,0.003254052484408021
0.002656076569110155,0.013497420586645603
0.0010648519964888692,0.00017056279466487467
-0.002855386584997177,0.03126165270805359
0.002509847516193986,-0.00018826428276952356
-0.013363122940063477,-0.08869020640850067
0.003561750054359436,-0.006523595191538334
0.022804774343967438,4.4360640458762646e-06
-0.023514242842793465,-0.02568434737622738
0.00010142859537154436,0.0014825353864580393
0.03362814337015152,0.01887470670044422
0.007734378799796104,-0.002265466842800379
0.0009906408376991749,0.0032832114957273006
0.000315071054501459,0.15025421977043152
0.01889517903327942,0.00045063061406835914
0.006287526339292526,-0.014880470931529999
0.0015103729674592614,5.2421382861211896e-05
0.033280279487371445,0.005211703013628721
0.008806165307760239,0.024818778038024902
4.838142194785178e-05,0.0023990345653146505
0.0017183440504595637,0.01287711039185524
0.08157692104578018,-0.0010655421065166593
0.002818323438987136,0.0022142843808978796
-0.025078730657696724,-0.0336434431374073
0.008843193762004375,0.01626003161072731
-0.012426967732608318,-0.012213317677378654
-0.0005921460106037557,0.0015814005164429545
0.003650466213002801,-2.134643727913499e-05
-0.0009807860478758812,-0.0028107892721891403
0.03172438591718674,0.0009150906116701663
0.0004946514964103699,-0.0038043770473450422
0.007429586257785559,0.021922362968325615
0.06176203489303589,0.08077600598335266
0.0027573546394705772,0.0024075948167592287
0.08202946186065674,0.007210591807961464
0.0033604081254452467,-0.002054307609796524
0.01273652259260416,0.014437499456107616
6.734830094501376e-05,0.0011999818962067366
0.012238052673637867,0.002385005122050643
0.004218582063913345,0.0009949456434696913
0.0012967040529474616,0.01995241641998291
-0.003108050674200058,-0.004265806637704372
0.0009800789412111044,0.002812811639159918
0.01539432629942894,-0.0028231688775122166
0.01558908075094223,0.0010622587287798524
0.003990856930613518,0.01062416099011898
0.010990164242684841,0.00034000404411926866
-0.002749867271631956,0.0011635441333055496
-0.014593272469937801,-0.009293203242123127
0.0008809043210931122,0.0006980799953453243
0.0026442704256623983,0.003809999441727996
-0.0018253542948514223,-0.0002994891256093979
0.00013296410907059908,-0.001258958363905549
0.0020990881603211164,0.004984853323549032
-4.6922592446208e-05,-0.0031665831338614225
0.003920577932149172,0.00026352639542892575
-0.018987607210874557,-0.004345688968896866
-0.0001578161318320781,0.024670591577887535
-0.0016539082862436771,-0.005522976163774729
0.004071980249136686,0.012517531402409077
0.0010325894691050053,0.0024763818364590406
0.012720656581223011,0.00020765952649526298
0.009515596553683281,-0.00026179623091593385
0.0018800123361870646,0.009334810078144073
0.018964622169733047,0.0037709111347794533
-0.002165253274142742,0.03853163868188858
0.0043093194253742695,0.0037871808744966984
0.006216150242835283,0.00887015275657177
0.0006434815004467964,0.0005023221601732075
0.004877555649727583,0.001976598519831896
0.000660223129671067,0.0030267233960330486
0.1130019873380661,-0.008274676278233528
0.001260986551642418,8.783157682046294e-05
0.0012325139250606298,0.000667055428493768
0.0016913010040298104,0.018755879253149033
0.006605104077607393,0.0003028075152542442
-0.007850082591176033,-0.010559857822954655
0.0013673007488250732,-0.00040226796409115195
0.005588586442172527,-0.00010923121590167284
-0.007859977893531322,-0.008414366282522678
-0.0019143697572872043,0.07256563752889633
0.0009396658279001713,-0.0013614620547741652
0.004804254975169897,0.001937444438226521
0.0001914791064336896,0.0017239127773791552
0.00045533792581409216,0.03383440896868706
-0.011711660772562027,-0.013267962262034416
0.003254656447097659,0.0011614739196375012
0.02544223703444004,0.0008800394716672599
0.03283245116472244,-0.008619642816483974
0.0038318163715302944,0.001956033520400524
0.0007014569127932191,0.0009671304142102599
0.001223866711370647,0.00042501321877352893
0.30990177392959595,-0.00327936839312315
-0.03680288419127464,-0.03730231523513794
-0.00778323644772172,-0.005948809441179037
0.0076237632893025875,-0.0008099449914880097
0.008930958807468414,0.0006103881751187146
-0.009513435885310173,-0.004370030947029591
0.00019091009744443,0.0005782096413895488
-0.002657039323821664,-0.0023378266487270594
-0.00494551844894886,0.004993457347154617
0.0010223494609817863,0.0008654668345116079
0.00128644285723567,0.03837518393993378
0.000768446596339345,-7.289667701115832e-05
0.015892550349235535,0.003181289881467819
0.003940284252166748,0.00019232416525483131
-0.03252289444208145,-0.03433702886104584
0.08196712285280228,0.007273645140230656
-0.00587099464610219,0.03510687127709389
0.005916246213018894,0.03926384821534157
0.0009660307550802827,0.357359915971756
0.1683410257101059,0.011357005685567856
0.004218582063913345,0.0009949456434696913
-0.032804232090711594,-0.03447867929935455
0.0035162775311619043,-0.0001628758618608117
0.13156044483184814,0.007157047279179096
0.0012683422537520528,0.006772483233362436
0.0003211192670278251,1.6157631762325764e-05
0.005111868493258953,0.00022233622439671308
0.0004419491742737591,0.0006242933450266719
0.024199169129133224,0.04134300351142883
0.004952431656420231,0.0019128131680190563
-0.009662782773375511,-0.026217710226774216
0.002759732538834214,0.029640715569257736
0.015872277319431305,-0.0002504894509911537
0.0013454509899020195,0.00808549765497446
0.024540098384022713,0.0016117241466417909
-0.019442908465862274,0.12256751209497452
0.0013670508051291108,5.4734773584641516e-05
0.01802883669734001,0.0027554419357329607
-0.0006014545215293765,-0.0003263265825808048
0.39137375354766846,0.006580313201993704
0.0027352042961865664,-0.0005608568899333477
-0.00778323644772172,-0.005948809441179037
0.06999748945236206,0.008759526535868645
0.0009906408376991749,0.009292000904679298
-0.01714930683374405,-0.015386104583740234
0.0015645561506971717,0.001783207175321877
0.0017723666969686747,0.0011764283990487456
0.3732670843601227,0.058002978563308716
-0.0001807105727493763,0.000176986213773489
0.0014344644732773304,0.06793452799320221
0.0007341266609728336,0.001877366565167904
0.0003018064599018544,0.0005469224415719509
0.03024056740105152,0.00046795918024145067
0.0032851393334567547,0.005590113811194897
0.00832410715520382,-0.001830718363635242
0.007172381971031427,0.0009197147446684539
-6.948095688130707e-05,0.004028810188174248
0.006718967575579882,-0.00014960652333684266
0.028237730264663696,0.001375662861391902
0.000841554079670459,-0.0004375466669443995
0.0038002911023795605,0.00016280508134514093
0.008196144364774227,-0.0004569676239043474
-0.0008885734714567661,0.006052193231880665
0.0012778053060173988,0.013112497515976429
0.006083610933274031,-0.00022601985256187618
-0.004611867945641279,0.055014826357364655
0.0016869440441951156,0.03210259601473808
0.05997232347726822,0.0020936280488967896
0.0030147801153361797,-0.004163188394159079
0.0012272532330825925,0.003686661133542657
0.004141939338296652,0.019755396991968155
0.004211185500025749,0.00037062514456920326
-0.0013598785735666752,0.009941008873283863
-0.0005268112872727215,0.002916545607149601
0.0045884218998253345,0.0013897657627239823
0.005743710789829493,-0.0019887075759470463
0.0002161503944080323,0.0008182658348232508
0.0035162775311619043,-0.0001628758618608117
-0.06965216249227524,-0.07121474295854568
0.016383066773414612,-0.0004705882165580988
0.002103787614032626,-0.00042859860695898533
0.006299826316535473,0.0012414236553013325
0.00027893687365576625,0.00021936272969469428
0.02513827197253704,0.0010007205419242382
0.0007714114617556334,0.01164014171808958
0.0868694856762886,-0.004156189505010843
0.00038569490425288677,-0.0011328847613185644
-0.04256051033735275,-0.004455726593732834
0.0018909163773059845,-0.0046555520966649055
-0.014775448478758335,-0.009209100157022476
0.009325798600912094,0.014958836138248444
0.003293993417173624,9.155622683465481e-05
0.002887496491894126,0.0020750779658555984
0.002857969840988517,0.0007812274270690978
-0.010387543588876724,-0.028453145176172256
0.004347755573689938,-0.0002616630226839334
0.021765442565083504,0.0009478309657424688
0.017358893528580666,0.0007398854359053075
0.03337756544351578,0.004911803640425205
0.0036078360863029957,0.048565082252025604
0.006432628259062767,0.017610538750886917
0.0012069189688190818,0.06662213057279587
0.010658816434442997,-0.0015286380657926202
-0.0003441410372033715,0.0005638813599944115
0.0034798658452928066,0.0014779195189476013
0.006419374607503414,0.005018685944378376
0.01492810808122158,0.0004250422352924943
0.00037985475501045585,0.00012717238860204816
-0.03750121220946312,-0.029402803629636765
0.006674891337752342,0.005952834151685238
0.002783526899293065,0.00018517757416702807
-0.09315716475248337,-0.09468574076890945
0.011455453000962734,0.04024338722229004
0.005421597510576248,0.0025886683724820614
0.0009332537883892655,0.003400078509002924
0.011647611856460571,0.0009568172972649336
0.0016047428362071514,0.0004965495900250971
0.0015933135291561484,0.006134160328656435
0.004235843662172556,-0.007593683898448944
0.02899840660393238,-0.001137751853093505
-0.14606955647468567,-0.16138999164104462
0.005824329797178507,0.0016624131239950657
-0.0014924936695024371,0.0008265480864793062
0.006843938492238522,0.007653515785932541
0.0026226777117699385,0.0006880584987811744
0.023600682616233826,0.007385995704680681
0.00030462813447229564,0.00814898032695055
0.010315904393792152,0.004192642867565155
0.006296402774751186,0.0014421874657273293
0.004063318483531475,0.0017436420312151313
-0.011201275512576103,-0.010045310482382774
0.07652153074741364,0.00014320835180114955
0.003242891514673829,0.01724293641746044
0.011486148461699486,0.01733798161149025
0.0035529015585780144,0.009757033549249172
0.00014449641457758844,0.0005259783938527107
-0.00029262463795021176,-1.4718156307935715e-05
0.017185451462864876,-0.00023586000315845013
-0.007807551417499781,-0.011597935110330582
0.0020773594733327627,-0.0026076361536979675
0.0042800018563866615,0.0005064813303761184
0.00751040643081069,0.002452805172652006
0.001347311888821423,-0.0012560939649119973
0.0002588622737675905,0.019420094788074493
0.013703268952667713,0.026608500629663467
0.0011532490607351065,-2.916221274062991e-05
0.0021226699464023113,0.006927602458745241
0.0025896867737174034,-0.0010701275896281004
-0.020266897976398468,-0.01575382798910141
0.002082249615341425,0.00027791125467047095
0.001958626788109541,-0.00037770907511003315
0.02054656110703945,0.0012363787973299623
0.0028374064713716507,0.020615309476852417
0.0007499873754568398,0.001800608355551958
-0.0016192172188311815,-0.00021045771427452564
0.00277073890902102,0.0024209790863096714
0.005870048888027668,-0.006640966981649399
0.01637224107980728,0.004951120354235172
0.0009528286173008382,0.00047465681564062834
0.022936804220080376,0.0014055913779884577
0.016204558312892914,0.010610872879624367
-0.018328042700886726,-0.017992950975894928
0.026032987982034683,0.055384501814842224
0.00847848504781723,0.002134365728124976
-0.00012135734868934378,0.0022300099954009056
0.001612588413991034,0.002385005122050643
0.012607303448021412,0.005358534399420023
-0.0013865309301763773,-0.0006011028308421373
0.0004261827270966023,0.0015577968442812562
0.0010503900703042746,-0.00039501875289715827
0.005748754367232323,0.0034194495528936386
0.001942673115991056,0.0014809854328632355
0.003209583228453994,0.0024754460901021957
0.0002596743288449943,-0.00015823630383238196
-0.0015890402719378471,0.0030550197698175907
0.0017290146788582206,0.045817840844392776
0.0046912916004657745,-0.002068830421194434
0.011744215153157711,0.19053858518600464
0.032333243638277054,-0.000658305361866951
0.09612461179494858,0.001498083001933992
0.01930115558207035,0.005422365386039019
0.16972163319587708,-0.0027790828607976437
0.050673313438892365,-0.003909285645931959
0.01738123968243599,4.654328222386539e-06
0.002402188489213586,0.0007461763452738523
0.0035098178777843714,0.000505611882545054
0.02900788187980652,-0.008573019877076149
-0.006568800657987595,-0.002132505178451538
0.0009652507142163813,0.0024475709069520235
0.011074597015976906,0.0010259647388011217
0.0007474900921806693,0.0002586443442851305
0.0005761301144957542,-0.007825488224625587
0.005597631447017193,0.00011725724471034482
-0.00384224159643054,-0.006332453805953264
0.0015800457913428545,0.002481807256117463
-0.0002467723097652197,0.018898218870162964
0.0006452715024352074,0.0004450952401384711
0.0003695943159982562,0.0005752008291892707
-0.0003091386170126498,0.000573021243326366
0.00605172012001276,-0.013217811472713947
-0.0020372518338263035,-0.007519291248172522
0.02949642762541771,-0.009459913708269596
0.004909643903374672,-0.002594775753095746
0.0024068790953606367,0.023226046934723854
0.00090740155428648,-0.0009695850312709808
-0.0065696267411112785,-0.008169325068593025
-0.005400687921792269,-0.011212964542210102
-0.0032659401185810566,-0.004434581380337477
-0.01089706365019083,-0.008568370714783669
0.0029357485473155975,0.0005450458265841007
0.0010054116137325764,0.0007852097041904926
0.010554654523730278,-0.00023396412143483758
0.021116089075803757,5.130370846018195e-05
6.134979776106775e-05,0.00010610718163661659
-0.0008898686501197517,0.0009550836402922869
0.0022984917741268873,-9.444629540666938e-05
0.0070281499065458775,0.00011527699825819582
0.0006504733464680612,0.000728048209566623
0.0029932144097983837,-0.00020257702271919698
0.009626025334000587,-0.0003048361395485699
-0.0002049131435342133,0.013022101484239101
0.06978454440832138,0.0017913896590471268
0.004776709247380495,0.0005454258061945438
-0.004189270548522472,0.0029489723965525627
0.004505053628236055,0.01243183109909296
0.0010298038832843304,0.0006374803488142788
0.055647190660238266,-0.002256183885037899
0.027217548340559006,0.025454608723521233
-0.010204294696450233,0.05726773291826248
-0.0003400977002456784,0.001239901757799089
-0.002391798421740532,-0.021022344008088112
0.0072115883231163025,0.000751728075556457
-0.0375356562435627,-0.04295776039361954
-0.005744748283177614,-0.0031630340963602066
0.002880839630961418,0.0009283515973947942
0.031831249594688416,0.0019446478690952063
0.005230412818491459,0.03521927073597908
0.0040205917321145535,-0.0004890481941401958
0.0012349376920610666,-0.0010281514842063189
0.0021595775615423918,0.014475387521088123
0.0013391129905357957,0.0027199871838092804
0.00016409659292548895,0.00023119035176932812
0.008293721824884415,-0.001677690539509058
0.002846179995685816,0.007947660982608795
0.021418355405330658,-8.067023009061813e-05
0.0013348973589017987,0.0853457972407341
0.0013642236590385437,0.05311623215675354
0.015104247257113457,0.0024098760914057493
-0.0006175419548526406,-0.0011560013517737389
-0.3734506666660309,-0.35573142766952515
0.0005202417960390449,0.01217268779873848
0.00032121053664013743,0.0034775659441947937
0.0004421526682563126,0.004388882778584957
0.0026982042472809553,0.0004440722696017474
5.742567009292543e-05,0.0007693484658375382
-0.0007513170130550861,-0.005619991570711136
0.22217004001140594,0.015354991890490055
0.0007678255788050592,3.9630358514841646e-05
0.0001736716367304325,0.01388704776763916
-0.001108595635741949,-0.00498324166983366
-0.009874355047941208,0.04918266832828522
0.0034189699217677116,-0.00902849156409502
0.008818591013550758,0.0029102738481014967
0.0008169885841198266,0.021239908412098885
0.1406421959400177,0.0005373557796701789
0.002269542310386896,0.00018384004943072796
-0.0062889037653803825,0.005241275765001774
4.3502499465830624e-05,0.0005686309887096286
-0.0022474979050457478,-0.0021890797652304173
0.0009297217475250363,0.005653270985931158
0.0011089436011388898,0.0002480974071659148
-0.018125515431165695,-0.021766232326626778
0.0023380699567496777,0.018706709146499634
0.0009437091066502035,-7.120812369976193e-05
0.00036929978523403406,0.0007595106726512313
0.03696150705218315,6.750051397830248e-05
0.0010822912445291877,6.120284524513409e-05
0.0005058287642896175,1.7757818568497896e-05
-0.004900719039142132,0.014675157144665718
0.003189611481502652,0.0013548312708735466
0.002503535943105817,0.006517697125673294
5.718483589589596e-05,0.15642477571964264
0.007613113150000572,0.005676187574863434
-0.03770660236477852,0.10387592762708664
0.003873170353472233,-0.002724563470110297
-0.0015407863538712263,-0.003020533360540867
0.018011001870036125,0.0014355489984154701
-0.0009963670745491982,-0.007025919854640961
0.00044790940592065454,0.0006490302621386945
0.0007171004544943571,0.002874281955882907
0.00022542689112015069,0.001974924234673381
0.02683861181139946,0.0016469452530145645
0.010269394144415855,0.00041059969225898385
0.053528793156147,-0.007802547421306372
0.001680011278949678,0.0006556511507369578
0.0017414947506040335,0.003447785973548889
0.004929566755890846,-0.007234003860503435
0.002187444129958749,-0.00042096030665561557
0.0013822102919220924,-0.000580444757360965
0.0011999713024124503,0.0015350935282185674
0.004713644273579121,0.0009302418329752982
-0.006019460968673229,-0.012004424817860126
0.003036380745470524,0.01672384887933731
0.0005927386227995157,-6.991002010181546e-05
-1.3693410437554121e-05,-0.0007608524756506085
0.0028302278369665146,0.000421691860537976
0.018569381907582283,0.010300232097506523
-0.005471984855830669,-0.005492967553436756
0.004264896735548973,0.043006427586078644
0.013064783997833729,0.0028566166292876005
-0.09925054758787155,-0.1232847049832344
0.04641023278236389,0.0015509123913943768
0.0038642622530460358,0.0008765454404056072
0.0037819414865225554,0.0011781074572354555
0.009748317301273346,0.04291091859340668
-0.010488549247384071,-0.03135358914732933
0.0009936634451150894,0.0016678485553711653
0.012233094312250614,0.0003551757545210421
0.008517476730048656,9.010167559608817e-06
0.005581756122410297,0.005032227374613285
0.0010592819890007377,0.0011800829088315368
0.000651886744890362,0.001419674837961793
0.009670251980423927,-0.0027846135199069977
0.0056916577741503716,6.067159119993448e-06
0.0014867716236039996,0.011839531362056732
0.0003198347403667867,0.00212520151399076
0.0014816189650446177,0.00649685226380825
0.004661657847464085,0.003601574571803212
0.002497326349839568,0.0046167862601578236
0.08640649914741516,0.015300572849810123
-9.66670922935009e-05,-0.0005324747180566192
0.008270952850580215,0.004529993049800396
0.007532027084380388,-0.00021883822046220303
0.0014240449527278543,0.0005291381385177374
0.0007134741172194481,0.03838369622826576
0.34590432047843933,0.013301946222782135
0.0018476344412192702,0.003826735308393836
0.0193440243601799,0.0025241822004318237
-0.02850886806845665,-0.03025066666305065
0.0033276849426329136,0.016404107213020325
-0.003462705761194229,-0.008736221119761467
0.0068758027628064156,-0.000933885108679533
0.0035162775311619043,-0.0001628758618608117
-0.0008107686298899353,0.0006370617775246501
0.0045025646686553955,0.00677298940718174
0.0024599265307188034,-0.00024646453675813973
0.012875562533736229,0.0026516991201788187
5.473149940371513e-06,0.00938337855041027
0.05997232347726822,0.0020936280488967896
0.0004944840329699218,0.0015101174358278513
0.0015339618548750877,-0.002517120447009802
0.014086700044572353,0.003480782499536872
-0.008291550911962986,-0.00660889595746994
0.0011466131545603275,0.016212938353419304
-0.009217824786901474,-0.011400661431252956
0.002567335730418563,-4.2356099584139884e-05
0.016431204974651337,0.02957148291170597
0.002995510585606098,-0.0016976108308881521
0.0003321378899272531,0.0005181935848668218
0.009679241105914116,7.663737051188946e-05
0.002326102927327156,-0.0002196403220295906
0.009748317301273346,0.04291091859340668
0.0008987414767034352,0.003720007836818695
-0.002128848573192954,0.003046263474971056
0.0012216545874252915,0.0025891840923577547
0.0015915478579699993,0.0004965150728821754
0.001235820702277124,0.0006105423672124743
-0.007584713399410248,-0.01179245114326477
-0.0005470093456096947,0.007283762563019991
0.009057613089680672,0.005367779638618231
-0.0020430427975952625,0.06444407999515533
5.56333689019084e-05,0.010625934228301048
0.03684438392519951,1.5752375475130975e-05
0.0021076956763863564,0.3823472559452057
0.009281028062105179,0.0024399275425821543
-0.00635815504938364,-0.006899988278746605
0.008585083298385143,0.0002957649703603238
0.0049249231815338135,-3.092068072874099e-05
-0.0013235376682132483,-0.000918369391001761
0.0002761795185506344,-0.0009820053819566965
0.004776709247380495,0.0005454258061945438
-0.003089825389906764,-0.0048144543543457985
-0.019693123176693916,-0.021455276757478714
0.0007267392356880009,0.08303743600845337
5.473149940371513e-06,0.00938337855041027
0.0001186811423394829,0.0013394099660217762
0.01086115650832653,0.0014025749405846
-0.00033667986281216145,-0.0019822714384645224
0.00023953523486852646,0.0011206958442926407
0.007478545885533094,0.0009737203363329172
-0.008149467408657074,-0.03974301367998123
0.001223840401507914,0.017463844269514084
0.01670961268246174,-7.557298522442579e-05
0.015352528542280197,-0.005979756359010935
0.0012627359246835113,-3.835710231214762e-05
0.004639132879674435,-3.6645011277869344e-05
0.004945063032209873,0.00500214658677578
0.02544223703444004,0.0008800394716672599
-0.002209898317232728,-0.0014747282257303596
0.0001392941630911082,0.010174127295613289
-0.001540113240480423,-0.010684195905923843
0.013563120737671852,0.004325224552303553
0.008601468056440353,8.055623038671911e-05
0.0028932979330420494,0.000556261045858264
0.0025946912355720997,-0.0010222932323813438
0.0047212322242558,0.0007229478796944022
0.000866741465870291,0.04421411082148552
0.011409063823521137,0.0018723246175795794
0.10399949550628662,0.002047197660431266
0.0021719406358897686,0.0002961503923870623
0.001790210255421698,0.0031078511383384466
0.0019798181019723415,0.0033215926960110664
0.001033772830851376,0.0012940927408635616
-0.004015835467725992,-0.0027363633271306753
-0.002681286772713065,-0.002828777302056551
0.006965907756239176,0.0016477927565574646
0.03675961121916771,0.00013668033352587372
0.006357741542160511,-0.0020841453224420547
0.0005279065808281302,-0.001067281817086041
0.011463971808552742,-0.0009823432192206383
0.0027630103286355734,0.0007403999916277826
-0.018202953040599823,-0.01969815604388714
0.02189393900334835,-0.004618234466761351
0.06464741379022598,-0.010641629807651043
0.0022921357303857803,0.004302509594708681
0.0038424553349614143,-0.0030246549285948277
0.000967279716860503,0.004404874984174967
0.09548961371183395,-0.0030197505839169025
0.0035814917646348476,0.0007992928731255233
0.0018860440468415618,-0.001242647529579699
0.02223663404583931,0.015091991052031517
-0.0014691377291455865,-0.0015285625122487545
0.006319455336779356,-0.00013600509555544704
0.011592313647270203,0.0010586436837911606
-0.009951145388185978,-0.000675722025334835
0.010906730778515339,-0.0006648352136835456
0.0026194159872829914,0.0054709999822080135
-0.01035158708691597,-0.011567135341465473
0.17199824750423431,0.018752573058009148
-0.00817838218063116,-0.010083664208650589
0.02309758961200714,0.0007199968677014112
0.011757336556911469,0.0076421513222157955
0.0020943244453519583,0.003027619095519185
-0.01624368503689766,-0.009412546642124653
0.0023468423169106245,-0.00011446575808804482
0.018167398869991302,-0.00026756778242997825
0.004850038792937994,0.05643531680107117
0.0030484702438116074,0.007693431340157986
-0.011932081542909145,0.0056273452937603
0.07938691228628159,0.0013640912948176265
0.011304935440421104,-0.0008229477098211646
0.0002130240318365395,0.02065962180495262
0.004802756942808628,5.79722982365638e-05
0.017754506319761276,0.0038954047486186028
0.007488229777663946,0.004487615544348955
0.0041460092179477215,8.585116302128881e-05
0.0029301438480615616,-0.0008956178207881749
0.008708035573363304,-0.0018730631563812494
0.07190418988466263,0.0005300347111187875
0.0007881796336732805,0.008832946419715881
0.00031123915687203407,0.0053079272620379925
0.04866907745599747,0.08003527671098709
0.013308803550899029,0.011589079163968563
0.00013925983512308449,0.062178466469049454
-0.004970010370016098,-0.01446547731757164
0.007623868994414806,-0.0005044659483246505
-0.00030106311896815896,0.011019909754395485
0.01676529087126255,0.006603418383747339
-0.00021143248886801302,-0.00015515508130192757
0.006027542985975742,0.08353407680988312
0.044054124504327774,-4.3233769247308373e-05
0.004857405088841915,0.002056521363556385
0.00899414625018835,0.0001788834051694721
0.0001810840331017971,-0.0028505874797701836
-0.056236136704683304,-0.07348325848579407
0.001270532258786261,0.0017293980345129967
0.0007810099050402641,0.0062799230217933655
-0.0020253858529031277,-0.000917917350307107
-0.0005259212339296937,0.002543963026255369
0.0004920048522762954,0.0027453056536614895
0.000250691722612828,-2.718075120355934e-05
-0.0005069132894277573,-0.007267939858138561
0.03938519209623337,0.0002548545890022069
0.17373910546302795,0.005536386743187904
0.0010448964312672615,0.0023274552077054977
0.031746525317430496,0.002467372454702854
-0.0017705683130770922,0.0009436977561563253
0.0067700669169425964,8.717383025214076e-05
0.007936825975775719,0.00341280410066247
0.0008779984200373292,3.105489304289222e-05
-0.0012241584481671453,-0.0013822709443047643
0.011562072671949863,0.0008061707485467196
-0.006798772141337395,-0.004915645346045494
-0.0066207461059093475,-0.036443423479795456
0.0011918377131223679,0.0010874000145122409
0.0007678255788050592,3.9630358514841646e-05
0.010919985361397266,0.007574605289846659
-0.002592135686427355,-0.0007208390161395073
0.06452405452728271,0.0414125956594944
0.001145551330409944,0.15382836759090424
0.04329027235507965,0.0022095467429608107
0.0036319431383162737,0.0004633261705748737
0.017451941967010498,0.00241642608307302
0.004639132879674435,-3.6645011277869344e-05
0.010807638987898827,-0.0011832818854600191
0.0037273934576660395,0.0013221343979239464
0.0027173704002052546,-0.0005442316178232431
0.009293632581830025,0.0006518142763525248
-0.0011942951241508126,-0.0016800907906144857
0.002559349872171879,0.006375143304467201
0.0009120381437242031,0.004323677625507116
-0.0029170738998800516,-0.005797680467367172
0.007646368816494942,-0.00048093206714838743
0.00204454455524683,-0.002084611216560006
0.008387290872633457,0.0021024392917752266
-0.024880144745111465,-0.01641634851694107
0.017564868554472923,0.03186855837702751
0.0006940886378288269,0.009437687695026398
0.006159918382763863,-0.018061282113194466
-0.0014751063426956534,0.004725001752376556
0.002159837866201997,0.0012668126728385687
0.012338935397565365,0.0028440828900784254
0.0021719406358897686,0.0002961503923870623
0.002966705709695816,0.0012523604091256857
0.00847570225596428,-0.003383902832865715
0.011203632690012455,0.03727158159017563
0.0021719406358897686,0.0002961503923870623
0.0032535111531615257,3.608153201639652e-05
0.005030092783272266,-0.0012303830590099096
0.002765496028587222,0.022675154730677605
0.0472932830452919,0.0008992117363959551
0.000722250435501337,0.015639573335647583
8.030155731830746e-05,0.0003220285288989544
0.000936867028940469,0.01044828724116087
0.00029541412368416786,-0.004519556183367968
0.0023380699567496777,0.018706709146499634
0.007919489406049252,0.00012487135245464742
0.0028511290438473225,-0.0006365139270201325
0.00011288760288152844,8.876449282979593e-05
0.0006952063413336873,0.004243753384798765
0.008114030584692955,-1.4407254639081657e-05
0.00043341692071408033,0.0009670068975538015
-0.013823375105857849,-0.012331478297710419
0.003832228947430849,0.015622598119080067
0.003740446176379919,0.0009602224454283714
0.00039047986501827836,0.0026224092580378056
0.00037324108416214585,0.0026342784985899925
0.001299561932682991,0.004060050938278437
-0.001621042494662106,-0.0014722896739840508
0.17105732858181,0.005544451531022787
0.01151500828564167,0.002050842624157667
-0.009831616654992104,-0.009003797546029091
0.015669381245970726,0.003568211803212762
-0.00018238206394016743,-0.0007875861483626068
0.004485525190830231,0.03838369622826576
0.0034387584310024977,0.00022091179562266916
0.0012624140363186598,0.0008966142777353525
-0.07526376098394394,-0.07885059714317322
0.006992544047534466,0.00023063947446644306
0.0014296062290668488,0.0026818078476935625
0.010213827714323997,0.005453880876302719
0.0047762105241417885,0.01073368638753891
0.010658816434442997,-0.0015286380657926202
0.00904027558863163,0.026521997526288033
0.0003509435337036848,0.0012590079568326473
0.00025391895906068385,0.020513592287898064
0.0015793726779520512,-0.0025795663241297007
-0.0013158685760572553,0.12283949553966522
0.0009744125418365002,-0.0020009074360132217
-0.00031747930916026235,0.020592108368873596
0.0053639174439013,0.0014121257700026035
0.016697129234671593,0.01346477959305048
0.0019934328738600016,0.0006787503371015191
0.0019147754646837711,0.0017667349893599749
0.001289092586375773,0.0016896642046049237
0.0029470925219357014,-0.0005686528165824711
0.0013454622821882367,0.008658178150653839
0.00811066199094057,0.003060086164623499
0.0006235908367671072,0.0001355198910459876
0.048737600445747375,-0.00015147996600717306
0.00024265509273391217,0.0003399440902285278
0.004135034047067165,0.005426798015832901
0.0025696714874356985,0.0011701206676661968
0.000780873466283083,-0.005437646061182022
0.002543981419876218,0.0006615443853661418
0.09108404815196991,0.0036496808752417564
0.0007276167161762714,0.003404491115361452
0.002639245707541704,0.0016584789846092463
0.0002637082361616194,0.10855512320995331
0.02000371739268303,0.07726762443780899
5.069485996500589e-05,0.0002758203190751374
0.000730869360268116,0.01067195925861597
-0.008849955163896084,-0.019235247746109962
0.003016190603375435,0.02329479157924652
0.04198475554585457,8.380951476283371e-05
0.012617319822311401,-0.00024764658883213997
0.0004895861493423581,9.443018643651158e-05
0.011630548164248466,-0.0017573648365214467
0.0013475542655214667,0.009536799043416977
-0.004522594623267651,-0.0051417117938399315
0.0002858208608813584,-0.0004843981296289712
-0.003419914748519659,-0.0045874048955738544
0.005125875119119883,0.0013547723647207022
0.0070914290845394135,0.05686552822589874
0.0054371594451367855,0.004130168352276087
0.015142394229769707,-0.0026898588985204697
-0.0007095126202329993,-0.0009586646337993443
0.038875896483659744,0.002048835391178727
-0.018716875463724136,-0.04270707070827484
0.0014146002940833569,0.0017662550089880824
0.004802756942808628,5.79722982365638e-05
-0.0029434352181851864,-0.0030904198065400124
0.0007678255788050592,3.9630358514841646e-05
0.04378312826156616,0.013805907219648361
-0.004124507773667574,0.002773021347820759
0.07871530205011368,0.0019525609677657485
0.00037387863267213106,0.005368080455809832
0.0021471986547112465,0.002495479304343462
0.0018748741131275892,-0.00021058126003481448
0.01229509525001049,-0.001740387873724103
0.0007803228218108416,0.00041389750549569726
0.012400682084262371,5.7042023399844766e-05
0.0033346996642649174,-0.0008970660273917019
-0.0014951364137232304,0.005424872040748596
-0.0056571657769382,-0.00955397728830576
-0.012329084798693657,0.009136728942394257
0.035466209053993225,-0.00535694882273674
0.012560299597680569,0.00403885031118989
0.0049561443738639355,-0.00013061589561402798
0.0034342589788138866,0.007720565423369408
0.0014578837435692549,0.0018176778685301542
0.003984432201832533,0.000872526434250176
0.005096620414406061,0.0005259586614556611
-0.177272766828537,-0.13812309503555298
0.002402188489213586,0.0007461763452738523
0.0013491861755028367,3.687010030262172e-05
0.001246164320036769,0.004550724755972624
0.00660332664847374,0.0033874311484396458
0.004444917663931847,0.002236511092633009
-0.002129787113517523,-0.0020926538854837418
0.006223106291145086,0.005153023637831211
0.037669043987989426,-0.008838299661874771
0.008454881608486176,0.03570360690355301
0.0019503653747960925,0.002376827411353588
0.002887496491894126,0.007973778992891312
0.12344131618738174,-0.0007756543345749378
0.0063496846705675125,-0.00043977057794108987
0.0014254134148359299,0.018458174541592598
-0.02850886806845665,-0.03025066666305065
0.005209618713706732,0.0003518459852784872
-0.0026012540329247713,-0.005259839817881584
0.0038976650685071945,0.0002006429131142795
0.013129337690770626,0.010531297884881496
-7.216644007712603e-05,-9.363668505102396e-05
0.01900443434715271,-0.005090754944831133
0.007158088497817516,0.00942965131253004
0.027313053607940674,-0.02093241922557354
-0.0035339798778295517,-0.00405923742800951
0.0006961873732507229,0.01822914369404316
0.034978341311216354,0.04857441410422325
0.004702828824520111,-8.905117283575237e-05
0.009267563000321388,0.007548172026872635
0.00043875514529645443,0.003505600616335869
0.00933251902461052,0.026337599381804466
0.002896571531891823,-0.0033167542424052954
0.005738208070397377,0.007197725586593151
0.030218767002224922,-0.006951807998120785
0.001387612777762115,0.01422632485628128
-0.00022793893003836274,-0.00042257679160684347
0.04914340376853943,-4.8086862079799175e-05
0.0028055415023118258,-0.0014312082203105092
0.000893420830834657,-0.00012019120913464576
0.002858833409845829,-0.008014985360205173
0.009402927942574024,0.002375308657065034
0.0010822912445291877,6.120284524513409e-05
0.0031399051658809185,0.0014565567253157496
0.04621591046452522,0.00040535841253586113
0.0034970040433108807,0.0012619215995073318
0.6140488982200623,-0.0009012316586449742
0.0021123914048075676,-0.001820441335439682
0.06457708775997162,-0.0006487122736871243
-0.004130471032112837,-0.005377620458602905
-0.015940546989440918,-0.02322959713637829
-0.0023844814859330654,-0.002845922252163291
-0.000204338226467371,-0.00021011591888964176
0.0019409812521189451,0.0043206363916397095
0.00012987801164854318,0.020534006878733635
0.0019798181019723415,0.0033215926960110664
0.17621318995952606,-0.0027790828607976437
0.03187160938978195,0.0013514960883185267
0.013677296228706837,0.0019407105864956975
0.0006498800357803702,-0.0008452994516119361
0.08965963125228882,0.03337042033672333
0.059106163680553436,0.0004759533330798149
0.013478236272931099,0.000153139975736849
-0.012398581951856613,-0.014681776985526085
0.002204006304964423,0.003371394472196698
8.77420388860628e-05,0.0020551406778395176
0.02368837036192417,0.0007671431521885097
0.0066418941132724285,0.02794896997511387
0.005825585685670376,-0.0018002982251346111
-0.004656982142478228,-0.0103233577683568
0.01501789502799511,-0.001668861135840416
0.029698770493268967,0.007857744581997395
0.0004980991361662745,0.0008980737766250968
0.003571687266230583,0.009760336019098759
0.12151829898357391,0.0020578783005476
0.001059895846992731,0.003336084308102727
0.0013865367509424686,0.0037487484514713287
0.001048282952979207,0.0007199153187684715
0.0018991464748978615,-0.003171562450006604
0.007270441856235266,-0.0004364268097560853
-0.09286603331565857,-0.10387648642063141
0.0006744945421814919,0.0019846111536026
0.01009643916040659,0.0017787697724997997
0.004616943653672934,0.005394665524363518
0.01802883669734001,0.0027554419357329607
0.0009129223763011396,0.0025842657778412104
0.000851328659337014,0.005800480954349041
-0.006309429183602333,-0.008932623080909252
0.0354553759098053,0.0006785630248486996
-0.001289454521611333,-0.0006727022118866444
0.00021212693536654115,0.029277142137289047
-0.0013859018217772245,-0.0025232594925910234
0.00022700949921272695,8.513114880770445e-05
0.0365157425403595,0.028070366010069847
0.001027887687087059,-0.0010843526106327772
0.0035396721214056015,0.026801208034157753
0.0020236207637935877,0.0019279089756309986
0.01207830011844635,0.0003672955499496311
0.0009717330103740096,0.008254911750555038
0.000882171792909503,0.0006670490256510675
-0.07760486751794815,-0.09690871089696884
0.000736990652512759,0.008522982709109783
-0.001414347207173705,0.02541298419237137
0.0008355118916369975,0.0025236355140805244
0.0002799037320073694,0.023014087229967117
0.0015280323568731546,0.004263632465153933
0.006418696139007807,0.0063348328694701195
-0.0009395116940140724,-0.003238444682210684
0.019709346815943718,-0.0013700657291337848
0.018495704978704453,-0.016891153529286385
0.000179387629032135,-0.00015410594642162323
0.009600460529327393,0.00020239291188772768
-0.008564997464418411,-0.00891802553087473
-0.005471126642078161,-0.005486549809575081
0.00431327149271965,0.0013962698867544532
0.004456131719052792,-0.004658706486225128
0.039168063551187515,-0.00029906746931374073
0.00028249353636056185,0.003382560797035694
-0.00018176680896431208,0.01002771407365799
0.008843193762004375,0.01626003161072731
-7.737185660516843e-05,6.492919055745006e-05
0.00024265509273391217,0.00031318404944613576
-0.03398638963699341,-0.050635531544685364
0.016562025994062424,6.202096301421989e-06
-0.014965035952627659,-0.01724017970263958
0.0013710680650547147,0.00044295459520071745
0.004625077825039625,-0.002039861399680376
0.004526966717094183,-0.0001399120083078742
0.00034546482493169606,-0.00019588139548432082
-0.05777537450194359,-0.06870350986719131
0.007466878276318312,0.0123181426897645
-0.002158965915441513,0.04411441832780838
0.00033119088038802147,0.0022879866883158684
0.001270508160814643,0.0009083881159313023
0.005526251625269651,0.002879656618461013
0.10273036360740662,-0.001101180911064148
0.0016885703662410378,0.00813337229192257
0.0031089961994439363,-0.0008723908104002476
-0.002435374306514859,-0.0022461279295384884
-0.00016985530965030193,0.001577976974658668
0.010048335418105125,0.013349785469472408
-0.0023320550099015236,-0.004994218237698078
0.003066597506403923,0.003369651036337018
0.000806130119599402,0.00017715903231874108
-6.141886115074158e-05,-0.0029515959322452545
0.010393723845481873,-0.000671165413223207
0.009600460529327393,0.00020239291188772768
0.0002232528931926936,0.1637790948152542
0.005266206804662943,0.00033156684366986156
0.003832286922261119,-0.0003706141433212906
0.0012335467617958784,0.0015428428305312991
0.053693559020757675,0.07215730845928192
0.006831562612205744,0.0009221895015798509
0.0055577936582267284,-0.004304132424294949
0.0006609981646761298,8.07323885965161e-05
0.002230997197329998,0.00285359937697649
-0.03750121220946312,-0.029402803629636765
0.0004630936309695244,-1.503995736129582e-05
-0.0036186794750392437,-0.007219524122774601
0.06644180417060852,0.000536323816049844
0.04015840217471123,8.6150124843698e-05
0.0023647858761250973,-0.0001513072056695819
0.003953044768422842,0.029396282508969307
0.10347337275743484,0.019084082916378975
0.0013348973589017987,0.11537337303161621
0.006324556190520525,0.05495751276612282
0.0031047218944877386,-7.232022471725941e-05
-0.013632156886160374,-0.013890736736357212
-5.8542478654999286e-05,0.004737053066492081
0.017075898125767708,-0.00357714481651783
-0.006667579524219036,-0.010072566568851471
0.024493061006069183,0.003336623078212142
0.001551142893731594,0.00836171768605709
0.004897313192486763,-0.00012124090426368639
0.002895547542721033,-2.91315809590742e-05
0.006774647161364555,0.004375582095235586
-0.03377082198858261,-0.03588632866740227
0.00012837821850553155,0.007072170730680227
0.01074108388274908,0.00047203502617776394
0.0029198934789747,0.002811122452840209
0.000406418286729604,0.018635211512446404
0.0008746323292143643,0.0030821561813354492
0.0003321378899272531,0.0005181935848668218
0.0043716710060834885,0.0006425408646464348
0.006576291285455227,0.01888740062713623
0.0007674424559809268,0.00802330020815134
0.01306743361055851,-0.02175314724445343
0.01473909430205822,-0.0002789532591123134
-0.011030265130102634,-0.003965569660067558
0.0007356796413660049,0.00733068585395813
0.004177111200988293,-0.00021067152556497604
0.0007333228713832796,0.0012200650526210666
-0.00064773706253618,0.03683988377451897
0.0011971080675721169,0.0006526341894641519
0.0018620884511619806,0.0006732366164214909
0.0022509554401040077,0.006565005984157324
0.056908704340457916,0.07869419455528259
0.02762950025498867,0.0029720361344516277
0.0007097077323123813,0.036271873861551285
0.0009778462117537856,0.0005280705518089235
0.004534976091235876,0.04048248380422592
0.0016869440441951156,0.03210259601473808
0.005487657617777586,0.0016773527022451162
0.00847570225596428,-0.003383902832865715
0.0010592819890007377,0.0011800829088315368
-0.0002549304626882076,7.758010178804398e-05
0.03553904965519905,0.003134711179882288
0.004379138816148043,0.000368631852325052
-0.00550676928833127,-0.005564291030168533
-0.02850886806845665,-0.03025066666305065
0.023381307721138,0.0003189349081367254
0.0017290146788582206,0.045817840844392776
0.0012925735209137201,0.0001746256893966347
0.028385089710354805,0.0031786574982106686
0.003710942342877388,0.00013357428542803973
3.7581485230475664e-05,0.001578752649948001
0.01962575688958168,0.0008039672393351793
-0.032532770186662674,-0.04897340014576912
0.0020984916482120752,0.002339462051168084
0.003377391956746578,0.0004948580753989518
0.018236888572573662,-0.013532545417547226
0.014341883361339569,0.0032234147656708956
0.0015896835830062628,0.0008328137919306755
0.004977236036211252,-0.001322972122579813
0.011236150749027729,-0.007672644220292568
0.09983160346746445,0.03228345885872841
0.001252956222742796,0.03389111906290054
0.003241981379687786,0.0003475940029602498
0.0061183818615973,0.0024692618753761053
-0.003114252118393779,-0.0020106728188693523
0.00036008135066367686,-0.00016690106713213027
0.06304609030485153,0.008352464996278286
0.003274574875831604,0.005971401929855347
0.0010592819890007377,0.0011800829088315368
-0.005349581129848957,0.01594960130751133
0.004506697412580252,-0.00021849913173355162
0.009867928922176361,0.00013615369971375912
0.012892072089016438,0.0001410088298143819
-0.00039201430627144873,0.05054224655032158
0.006867916323244572,-0.0009682917734608054
0.016346048563718796,-0.000518644112162292
0.007162503432482481,0.0011862000683322549
0.005652482155710459,0.003782635321840644
0.0015383390709757805,0.015061032958328724
0.034978605806827545,0.0018990917596966028
0.015203277580440044,0.060870569199323654
0.0029296716675162315,-0.001683859620243311
0.0023601006250828505,0.0017157037509605289
0.008440456353127956,0.04849742352962494
0.02095499448478222,-0.0014877651119604707
0.028376363217830658,0.0005150156794115901
0.0038131065666675568,0.0003296297509223223
-0.04142585024237633,-0.0730607658624649
0.00040793855441734195,0.0009292794275097549
0.0010325894691050053,0.0024763818364590406
-0.001414347207173705,0.02541298419237137
0.0045884218998253345,0.0013897657627239823
0.003187853842973709,0.0007927761762402952
0.0018921461887657642,0.0009343412239104509
0.01858478970825672,-0.0006648352136835456
0.005083274096250534,0.024310758337378502
0.005238495301455259,-0.0014291738625615835
0.0006485939375124872,0.0018987265648320317
0.022172315046191216,0.0019206758588552475
-0.0003765127621591091,-0.003378146793693304
0.008515969850122929,-0.00160060019697994
-0.03508804365992546,-0.035127583891153336
-0.000651608919724822,-0.0017309640534222126
0.0029474450275301933,0.0004838677414227277
0.0004408080712892115,0.0005186633788980544
-0.062215905636548996,-0.06367723643779755
0.0068540070205926895,0.003151136916130781
-0.017426010221242905,-0.027500838041305542
-0.023514242842793465,-0.02568434737622738
0.005380521062761545,0.006296908017247915
0.034774065017700195,4.924287350149825e-05
0.0001302011078223586,0.00019607007561717182
0.050565484911203384,0.0010328782955184579
-0.009716267697513103,-0.013415567576885223
0.004901749547570944,0.0014793718000873923
0.006252311170101166,0.001346060773357749
0.002178498078137636,-0.0037174432072788477
0.0006039156578481197,-0.0033404212445020676
0.0002424271369818598,0.005485501606017351
0.011798622086644173,-0.00022116419859230518
0.005971953738480806,0.0005850483430549502
0.0012592077255249023,0.0022478417959064245
0.0017647678032517433,0.0005640583694912493
-0.02368720807135105,-0.023634634912014008
-0.014422806911170483,-0.028815826401114464
0.0035794845316559076,0.0007845453801564872
-0.004006934352219105,-0.003410288132727146
-0.0004383533960208297,-0.0015226155519485474
0.010981481522321701,0.05523933842778206
0.012875562533736229,0.0026516991201788187
-0.0634520873427391,-0.06794798374176025
0.0013251072959974408,0.0024209790863096714
0.0005847433349117637,0.0022428676020354033
0.00762339448556304,0.00033576105488464236
0.0018838834948837757,-0.0010563739342615008
0.00683955941349268,-0.0001237389660673216
-3.811880014836788e-05,0.0012615496525540948
0.011948707513511181,0.0003902519238181412
-0.008275043219327927,-0.014253523200750351
0.012815464287996292,-0.0025330332573503256
-0.00014510564506053925,-0.0023606005124747753
0.0004774258122779429,-0.0007486038957722485
-0.06128671392798424,-0.06369777023792267
0.002280716085806489,0.0012834835797548294
-0.007642647251486778,-0.011482780799269676
0.00112744455691427,0.02009723335504532
0.008183872327208519,-0.001695143524557352
0.21482200920581818,0.057586461305618286
0.0573372058570385,0.0018487779889255762
-0.0001236923853866756,0.0022597569040954113
0.002628951333463192,0.003710792399942875
0.009479891508817673,0.024766385555267334
0.001452257507480681,0.0103915985673666
0.009975669905543327,0.0012147694360464811
0.0019344094907864928,-0.0011065141297876835
0.005221735220402479,0.0018118899315595627
0.02513827197253704,0.0010007205419242382
0.0007715263054706156,0.014168714173138142
0.016416406258940697,0.001958078471943736
0.010886591859161854,0.00031761336140334606
0.09119431674480438,-0.003933333326131105
0.006062587257474661,2.6788351533468813e-05
0.011582199484109879,0.019763927906751633
0.0018992633558809757,-5.794604658149183e-05
0.0037766313180327415,0.0008922162232920527
0.0034387584310024977,0.00022091179562266916
-0.001530451700091362,-0.009896375238895416
0.00024298025527969003,0.00046081625623628497
-0.0012761749094352126,0.014478080905973911
0.0007678255788050592,3.9630358514841646e-05
0.0006470917724072933,-0.004226678982377052
0.001889760373160243,-0.00043323857244104147
-0.001185511238873005,-0.006080562248826027
0.008189520798623562,0.016445539891719818
0.00756697217002511,0.0020893653854727745
0.0012086484348401427,0.004835054744035006
0.0030067467596381903,0.00037113355938345194
0.00025277421809732914,-0.00040554633596912026
0.004265737719833851,0.0013791692908853292
0.00250494247302413,0.004231741651892662
0.002738767769187689,0.004878073465079069
0.0014039082452654839,0.0018914067186415195
-0.017303740605711937,-0.018551738932728767
0.0023352198768407106,0.002643867628648877
0.0030685251113027334,0.004974392242729664
7.633285713382065e-05,0.00041296149720437825
0.03857855126261711,0.002991309156641364
0.0023912708275020123,-0.0006524791824631393
-0.015750976279377937,-0.016916994005441666
0.025134960189461708,0.0023943732958287
0.004393123090267181,0.0003269124135840684
0.0031473443377763033,0.00011146402539452538
0.03340908885002136,-0.004982524085789919
0.0071378848515450954,0.039051227271556854
-0.07973657548427582,-0.1264335960149765
0.006168883293867111,0.032959964126348495
0.0001906187681015581,0.0020456204656511545
-0.0005949655314907432,0.0021029729396104813
0.005134498234838247,0.00019060721388086677
-0.0011427303543314338,0.004665288608521223
0.0039328308776021,0.01119412574917078
0.06447245180606842,0.00029614887898787856
0.0023987554013729095,0.0009608871187083423
0.015405437909066677,0.00011366605758666992
0.0012571957195177674,0.006256941240280867
0.000182533694896847,0.000560490763746202
0.0012506439816206694,0.0014386086259037256
-0.009418943896889687,-0.008665092289447784
-0.008291550911962986,-0.00660889595746994
0.0034387584310024977,0.00022091179562266916
0.04343133792281151,0.054935961961746216
0.014743191190063953,0.011312433518469334
0.010009401477873325,0.0019036612939089537
-0.0009154955041594803,-0.000757399364374578
-0.01036510057747364,-0.008297348394989967
0.008528675884008408,-0.00019544459064491093
0.0008517281385138631,0.00033456814708188176
0.0018733832985162735,0.00014663193724118173
0.004579983185976744,-0.0003278625663369894
0.0019891629926860332,0.0015474014217033982
-0.0003051497624255717,0.000837795261759311
0.014098371379077435,0.011775126680731773
0.2925274670124054,-0.006871672347187996
-0.014094260521233082,-0.015073244459927082
0.07242748141288757,-0.0010260026901960373
0.0003970117832068354,0.041519928723573685
-0.006591642275452614,-0.007209198549389839
0.009293632581830025,0.0006518142763525248
0.3059864640235901,0.002851522993296385
0.07100241631269455,0.006977500393986702
0.010233432985842228,0.0009347433224320412
0.0008702905615791678,0.0004943498061038554
0.0003261851379647851,-0.0011000903323292732
0.0015226361574605107,-0.00029832986183464527
0.0319351926445961,0.032685521990060806
0.0007361848256550729,0.001199997728690505
-0.00035944191040471196,0.005452379584312439
-0.0019143697572872043,0.07256563752889633
0.024404676631093025,0.0011264357017353177
0.009513464756309986,-0.00042052564094774425
0.006483907345682383,0.02922067977488041
0.0058190482668578625,0.00027432283968664706
0.011774217709898949,0.00039047375321388245
-0.0009356901864521205,0.0002252551494166255
0.0037325574085116386,0.0034124478697776794
0.0014934912323951721,0.006445298437029123
-0.0014384966343641281,-0.02401394210755825
0.01655680686235428,0.0006053734687156975
-0.32265403866767883,-0.33358216285705566
-0.013055735267698765,-0.009020603261888027
-2.6556546799838543e-05,-0.0010631026234477758
-0.002539176493883133,-0.05211443081498146
0.0033406068105250597,0.009160337969660759
0.002497326349839568,0.0046167862601578236
0.034358441829681396,0.007287473883479834
0.010915772058069706,5.332973159966059e-05
0.0020278203301131725,0.0004343655309639871
0.002296856138855219,0.015565644949674606
0.0113168153911829,-0.02317071706056595
-0.00015801499830558896,-0.0007064304081723094
0.008505531586706638,0.00851729791611433
0.0011991169303655624,-0.0019155796617269516
0.00174513494130224,0.0016776606207713485
0.0029524192214012146,0.0009956078138202429
0.0008809043210931122,0.0006980799953453243
0.0014867716236039996,0.011839531362056732
0.008629373274743557,1.441752101527527e-05
-0.0006949814269319177,-0.0013077744515612721
0.0045677488669753075,0.006574318278580904
0.003355745691806078,-0.001650788588449359
0.0023259727749973536,0.0018358139786869287
0.00129802618175745,0.0018337577348574996
-0.0013601165264844894,-0.0019645956344902515
0.002402188489213586,0.0007461763452738523
0.00994626060128212,0.003326212055981159
0.0017139081610366702,0.00010688527254387736
0.012149594724178314,0.0001223958097398281
0.0070335171185433865,0.005997064523398876
0.0031210186425596476,0.0007641748525202274
0.0076141213066875935,0.004981025122106075
0.24537833034992218,-0.0013317372649908066
0.003396944608539343,0.025436773896217346
0.00029956764774397016,0.0015619618352502584
0.007179446518421173,0.0007753256941214204
0.0005884002312086523,0.0023777710739523172
0.02519182115793228,0.0027007521130144596
0.0004490127321332693,0.05560311675071716
0.0018788587767630816,0.0014052351471036673
5.8613717555999756e-05,-0.0034594805911183357
0.17113317549228668,-0.00034594698809087276
0.0007801234605722129,0.0025889938697218895
-0.002954409457743168,0.004896022845059633
0.008862667717039585,0.02116743102669716
0.006623703055083752,0.00031875199056230485
0.0029932144097983837,-0.00020257702271919698
-0.0036691646091639996,-0.008138500154018402
0.10445619374513626,0.0028815611731261015
0.00178759905975312,0.0003533797280397266
-0.04304787516593933,-0.04309931769967079
0.0026323648635298014,0.00048164004692807794
0.004872910212725401,0.060741834342479706
0.038724131882190704,-0.0003011025837622583
0.021310657262802124,0.0005965020973235369
0.022658415138721466,0.008423345163464546
0.0013802123721688986,0.005243954248726368
0.00015651248395442963,0.005131779238581657
0.0039638737216591835,0.004343134351074696
0.003693563397973776,-0.004381892271339893
0.005071130581200123,0.005827233195304871
0.004444649443030357,-0.0004046082904096693
0.010944888927042484,0.04654689505696297
0.0014929313911125064,0.006804802920669317
0.01719789206981659,-0.0016179250087589025
0.002147615421563387,0.06613665819168091
-0.029712768271565437,-0.020210500806570053
0.0028231306932866573,0.0026040661614388227
-0.0013442710041999817,-0.0015685884281992912
0.003874413203448057,-0.0007479490013793111
0.03092368319630623,0.03690025582909584
0.00021877483231946826,0.03942542523145676
0.01333873625844717,9.150673577096313e-05
0.0019798181019723415,0.0033215926960110664
0.0033252700231969357,0.004733665846288204
0.014731683768332005,0.008415390737354755
0.0002447881270200014,-0.0006724703125655651
-0.002856840845197439,0.001959625631570816
-0.0035226689651608467,-0.001950262114405632
-0.0034843720495700836,0.04164225980639458
0.000578969600610435,0.004235586151480675
0.005259223747998476,0.017105422914028168
0.0017608368070796132,0.003396365325897932
0.007274399045854807,0.0009261160739697516
0.0024068790953606367,0.023226046934723854
0.006947649642825127,-0.00011156525579281151
0.0008359907660633326,0.0033898106776177883
0.0017296355217695236,0.02203446440398693
0.010072343051433563,0.0099014388397336
3.18038510158658e-05,0.0009824283188208938
-9.716913336887956e-05,0.0548730231821537
-0.009612000547349453,-0.011799355037510395
0.0016169158043339849,0.0006050908705219626
-0.0022550197318196297,-0.001880377298220992
-0.02754809707403183,-0.04820799082517624
0.013098029419779778,5.325570600689389e-05
0.0002294827572768554,0.0077572111040353775
0.021570369601249695,-0.00042933830991387367
-0.006309429183602333,-0.008932623080909252
0.0043751755729317665,0.0162335317581892
0.003999488893896341,0.0005064958240836859
0.02523856796324253,0.014648210257291794
0.021921265870332718,0.0030953469686210155
0.00209450745023787,-2.5216490030288696e-05
0.029766174033284187,0.0003790916525758803
0.0016210702015087008,0.0008860662928782403
0.0025610781740397215,0.04493088647723198
-0.004972509108483791,-0.0035651472862809896
0.024297552183270454,-0.007375706452876329
0.0020189089700579643,0.034014374017715454
-0.0005806159460917115,0.004183449782431126
0.0006853973609395325,0.15382836759090424
0.010174322873353958,0.00022402533795684576
0.005419733934104443,0.0004852634447161108
0.0061251153238117695,0.042489100247621536
-0.0037524804938584566,0.0006256508640944958
0.001526739913970232,0.0020123342983424664
0.0006104088388383389,0.010875661857426167
-0.0008030736935324967,0.003997130785137415
0.002878618659451604,0.00023245954071171582
0.01234279666095972,0.004551649559289217
0.0015550068346783519,0.007995130494236946
0.005155661143362522,0.0004358964506536722
0.00034546482493169606,-0.00019588139548432082
0.0012479141587391496,0.0011067887535318732
0.009098534472286701,-0.00037952992715872824
0.09380081295967102,0.0005405967822298408
0.04987918585538864,-0.0004194007196929306
0.0004477270704228431,0.008957394398748875
0.0055763269774615765,0.00010449365800013766
0.004157752729952335,0.015594737604260445
0.0051122186705470085,0.006006172858178616
-0.018831824883818626,-0.011914639733731747
0.0040940106846392155,0.00370969669893384
0.0008721103658899665,0.001965787261724472
0.0018812862690538168,-7.542967796325684e-05
0.0045884218998253345,0.0013897657627239823
0.06709164381027222,0.1736970692873001
0.0012236329494044185,0.0005931596388109028
-0.006265605799853802,-0.008101969957351685
0.007322900928556919,0.008432491682469845
0.0018161711050197482,0.03965521976351738
0.0008355265017598867,0.016788465902209282
0.00020396860782057047,-0.0010587736032903194
0.002577051520347595,0.000310635135974735
0.011364484205842018,0.0222841314971447
0.00042547070188447833,0.0024950108490884304
0.0054845381528139114,-0.00012216965842526406
-0.008945271372795105,0.0034477505832910538
0.0018137702718377113,-0.0001108483993448317
-0.02067427523434162,-0.03974301367998123
0.008594607003033161,0.006358022801578045
0.06356728821992874,0.004253493156284094
0.03279022499918938,-0.005863447207957506
0.0005578661803156137,0.002465438563376665
0.06365027278661728,0.004137816838920116
0.0005569049972109497,-0.00014585329336114228
0.0006053356337361038,0.000524996081367135
0.026793822646141052,-0.0006299392553046346
0.0006002002628520131,0.017400315031409264
0.0054371594451367855,0.003424166701734066
0.006791102234274149,-1.7916274373419583e-05
0.0023383470252156258,0.0002319531631655991
0.005738208070397377,0.007197725586593151
-0.012795456685125828,-0.01685929298400879
0.01971251331269741,0.0011638837167993188
-0.008163935504853725,-0.0002715718001127243
-0.0017020755913108587,-0.0028937035240232944
0.0017548524774610996,0.013633420690894127
3.18038510158658e-05,0.0009824283188208938
0.010072343051433563,0.0099014388397336
-0.004000852350145578,-0.005389132536947727
0.07687105983495712,-1.1588037523324601e-05
0.0009054273832589388,-0.0017101140692830086
0.006024588830769062,-0.0009227978880517185
0.011854204349219799,0.0017073856433853507
-0.026860639452934265,-0.029213741421699524
-0.004584360867738724,-0.012213317677378654
-0.003642059862613678,-0.003134664846584201
0.01193118467926979,0.004408834036439657
0.0037195791956037283,0.0035717596765607595
-0.09315716475248337,-0.09468574076890945
-0.0021707380656152964,0.007715374696999788
0.001326930709183216,-0.002021918073296547
-0.0003139115869998932,0.0016758246347308159
-0.0015964449848979712,0.00169958989135921
0.00403091823682189,0.006262486334890127
0.007638698443770409,-0.01620231196284294
-0.0015785266878083348,0.0039738076739013195
0.0013631314504891634,0.000556881248485297
0.005311931017786264,0.00038014864549040794
-0.1496199667453766,-0.16501107811927795
0.007302776910364628,0.001616951311007142
-0.006716820877045393,-0.00764082558453083
0.001317041227594018,0.02453058399260044
0.022815214470028877,-0.00453744875267148
0.008100733160972595,0.0013113165041431785
0.005940422415733337,0.0038842959329485893
0.003970462363213301,0.0022110750433057547
0.0052126506343483925,-0.0029991832561790943
0.0015220390632748604,0.0001765907509252429
0.002067932393401861,0.0009268694557249546
0.00039784115506336093,0.002743500517681241
-0.0025164831895381212,-0.0008496904047206044
0.003165120491757989,0.000875303172506392
-0.0012259320355951786,-0.0016458290629088879
0.010620800778269768,-0.0006576398154720664
0.0002554823877289891,0.002461640164256096
0.02943073771893978,0.030937088653445244
0.0772782564163208,0.002047197660431266
-0.0013588654110208154,0.0005894328933209181
0.0031774714589118958,7.461101631633937e-05
-0.002062616404145956,0.008556395769119263
0.0072258273139595985,0.027828844264149666
-0.001159708946943283,-0.0020585216116160154
0.010520126670598984,0.0014280471950769424
0.0012961090542376041,0.00021301826927810907
-0.00036588188959285617,0.012592232786118984
0.0029495065100491047,0.0018715404439717531
-0.003593504661694169,-0.006635960657149553
-0.0005771573632955551,-0.0004405583022162318
0.01833156868815422,0.00020394122111611068
0.005844289902597666,0.003275490365922451
0.003911976236850023,0.0027948596980422735
0.004497213289141655,0.009083722718060017
-0.0027934738900512457,-0.002430469263345003
0.018110862001776695,0.0034193038009107113
0.016794398427009583,-0.00016401329776272178
0.0005743629881180823,0.002129152650013566
0.0007169148302637041,0.00707600824534893
0.002425306010991335,0.0229843370616436
0.02513827197253704,0.0010007205419242382
0.004936462268233299,0.00022572126181330532
0.0005284695071168244,0.0017806899268180132
0.0013631314504891634,0.000556881248485297
9.040426084538922e-05,0.002022643806412816
-0.012143251486122608,-0.013180519454181194
-6.141886115074158e-05,-0.0029515959322452545
7.893120346125215e-05,0.013904266059398651
0.0014867716236039996,0.011839531362056732
0.00024784792913123965,0.000930207665078342
0.002292527351528406,-0.005361776798963547
4.2942119762301445e-06,0.000528547097928822
0.0006472881068475544,0.04235716909170151
0.03976058214902878,-0.0012366832233965397
0.0005347506375983357,0.003795844968408346
0.004996161442250013,-0.00021609374380204827
0.0008499019895680249,0.0002915480872616172
0.00013742789451498538,0.003314295783638954
0.00021597523300442845,0.005225669592618942
0.0004774258122779429,-0.0007486038957722485
-0.0002498626126907766,0.0038184262812137604
0.022061925381422043,0.0025259857065975666
0.0010822912445291877,6.120284524513409e-05
-0.0025276285596191883,-0.0031470798421651125
-0.001948582474142313,-0.004162352532148361
-0.00015758886002004147,-0.0018478053389117122
0.015326209366321564,-0.0002699673641473055
0.001684057293459773,0.007415739353746176
0.003551400965079665,0.052261289209127426
0.008060985244810581,0.00034431531094014645
0.000882171792909503,0.0006670490256510675
-0.0019743596203625202,-0.00024334166664630175
0.0049363295547664165,0.009998725727200508
0.012151356786489487,0.002501248847693205
0.010987021028995514,-0.001310058869421482
0.0023569255135953426,5.683032213710248e-07
0.005422157235443592,-0.0015106576029211283
0.009093835018575191,0.002706339117139578
0.0007925413083285093,0.0004933893796987832
0.0032103806734085083,-0.002931971801444888
0.016376541927456856,-0.016625475138425827
0.003498808713629842,0.000522255024407059
-0.001647353172302246,-0.014484348706901073
0.003838227828964591,0.00632075872272253
-0.008210290223360062,-0.011148377321660519
0.1889232099056244,0.002269614487886429
0.0035311502870172262,-0.00010378428851254284
-0.007417550776153803,0.0013995785266160965
6.796297384425998e-06,0.002991871442645788
-0.0010751236695796251,-0.0041549326851964
0.009352344088256359,0.019813595339655876
0.0020943244453519583,0.003027619095519185
-0.0021208818070590496,-0.005383247509598732
0.0017290146788582206,0.045817840844392776
-0.001223776489496231,-0.00961767416447401
0.043594345450401306,0.0002697785384953022
0.00021597523300442845,0.005225669592618942
0.05899534374475479,-0.0001875144662335515
0.0006247627316042781,0.008464526385068893
0.0023914743214845657,0.0037693949416279793
0.005396678112447262,0.0006001595174893737
0.006641635671257973,0.03570360690355301
0.004927940666675568,-0.0020190863870084286
0.011407993733882904,6.508611841127276e-05
0.0019330177456140518,9.598169708624482e-05
-0.003330867039039731,0.0016345679759979248
-0.035852886736392975,-0.016667885705828667
-0.0010421066544950008,-0.0017485532443970442
0.008269043639302254,-0.0007387585937976837
-0.0020795746240764856,0.0016140332445502281
0.0004393351555336267,0.0005559836281463504
-0.0008583181770518422,0.07054678350687027
-0.00013133243191987276,-0.0003722379624377936
0.00039922818541526794,-0.007434522733092308
0.0069281915202736855,4.938936035614461e-05
0.008827880956232548,0.0006734946509823203
0.004533195868134499,0.0018501257291063666
0.0010058600455522537,-0.006053922697901726
-0.0007928935810923576,-0.009598897770047188
0.00023260775196831673,0.0016376943094655871
0.003599681658670306,0.0033499549608677626
0.0008121877908706665,-0.004082733765244484
0.015140035189688206,-0.0014894704800099134
-0.01720527932047844,-0.019426368176937103
0.003833181457594037,-0.00031753649818710983
0.0015226361574605107,-0.00029832986183464527
-0.0006843990413472056,-0.00020840938668698072
0.0056321569718420506,0.00042437337106093764
-0.03750121220946312,-0.029402803629636765
0.00016779277939349413,0.026792313903570175
0.002460961462929845,0.0008699323516339064
0.010535376146435738,0.008221975527703762
0.0013239526888355613,-0.0001409841061104089
-0.000580743420869112,0.005636340938508511
0.015091562643647194,0.0007825769716873765
-0.0002685809740796685,-0.0013648713938891888
0.0004944488755427301,0.004376822616904974
0.008138870820403099,0.006719629280269146
0.004703543148934841,0.004199781455099583
0.011647611856460571,0.0009568172972649336
0.012445182539522648,0.019280102103948593
0.013507349416613579,0.0019966233521699905
0.09229766577482224,0.03303100913763046
0.016669627279043198,0.0036322970408946276
-0.0001448086550226435,0.006589413154870272
4.250870551913977e-05,0.001555319526232779
0.010335455648601055,0.002376827411353588
0.0017139081610366702,0.001271023298613727
0.0022226262371987104,0.06570115685462952
0.0013311326038092375,0.004556600004434586
0.14145925641059875,-2.4468550691381097e-05
0.03356121480464935,0.0008141137659549713
0.004985903389751911,0.027403758838772774
0.010622261092066765,-0.0038428748957812786
-0.0009951582178473473,-0.0008831386803649366
0.001506952103227377,0.00023773264547344297
0.003397150430828333,0.0005721998168155551
0.2205963283777237,0.0012726616114377975
0.003349384991452098,0.0015073581598699093
-0.004169922787696123,0.12482505291700363
0.01486855000257492,0.06913800537586212
0.010373604483902454,0.009171034209430218
0.006894088815897703,-0.000898494094144553
0.030350713059306145,0.0002739786868914962
-0.0025292367208749056,-0.0016308542108163238
0.00753918569535017,0.007550952024757862
0.004063757602125406,0.01999826170504093
-0.009862672537565231,0.03528045117855072
-0.0025276285596191883,-0.0031470798421651125
7.717681000940502e-05,0.022533338516950607
0.00022002789773978293,0.004909129347652197
0.00034546482493169606,-0.00019588139548432082
-0.016756249591708183,-0.01748034358024597
0.015448573045432568,0.022102145478129387
-0.008136825636029243,-0.00685532484203577
-0.06490549445152283,-0.06882590055465698
0.0008325589587911963,0.0007927413680590689
0.007368759717792273,0.00035242634476162493
0.0021208429243415594,0.00162004423327744
0.0024418949615210295,0.0018066908232867718
0.00037985475501045585,0.00012717238860204816
0.0006299398373812437,0.0023511769250035286
0.0005505766021087766,0.02623371034860611
0.0006945517379790545,0.0004358276491984725
-0.000913186464458704,-0.0004305550828576088
0.0007212292402982712,-0.004926464986056089
3.9170728996396065e-05,0.06509093195199966
0.000960952544119209,-5.396468623075634e-05
0.0007247250759974122,-7.85811134846881e-05
0.004031960386782885,0.0002559480781201273
0.05710656940937042,-0.01734490506350994
0.36357948184013367,0.059128716588020325
-0.17047066986560822,-0.17016038298606873
0.00261628907173872,9.124559437623248e-05
0.010981481522321701,0.05523933842778206
0.0005858437507413328,0.0026856670156121254
0.012903477996587753,0.03962363302707672
0.004604557994753122,0.006638780701905489
0.0005444558337330818,0.007260237354785204
0.004078591242432594,0.007514711003750563
0.02816908247768879,0.003326142206788063
0.001693139085546136,0.0128495367243886
0.0056155892089009285,0.008622786030173302
0.07641412317752838,0.00029614887898787856
-0.004781385883688927,-0.0047199116088449955
0.0014651372330263257,0.001919907284900546
-0.0035234536044299603,-0.0067315474152565
-0.002389477100223303,0.011832373216748238
0.00025651237228885293,0.025089219212532043
-0.005481063388288021,-0.005770818796008825
0.0003001054865308106,0.004834955092519522
0.000182533694896847,0.0003867507039103657
0.004212395288050175,0.008479501120746136
0.0036993268877267838,0.0022585887927562
0.00023738107120152563,0.007133786100894213
-0.003837745636701584,-0.020791999995708466
0.003499390324577689,0.0015278953360393643
0.009093587286770344,-0.00045344477985054255
0.000809264078270644,0.00029475573683157563
0.020431116223335266,-0.002276029670611024
-0.22235268354415894,-0.2254197597503662
0.0017551707569509745,0.0010863980278372765
9.686002158559859e-06,0.0009062868193723261
0.010069399140775204,-0.002091458532959223
0.006600091699510813,0.0044714962132275105
0.004637282341718674,9.758397209225222e-05
0.0025713162031024694,0.0017067125299945474
0.00036178570007905364,0.003364533418789506
-0.09329606592655182,-0.07748302817344666
0.0018117844592779875,0.0016192683251574636
0.0034387584310024977,0.00022091179562266916
0.001083242241293192,0.000789425743278116
-0.004539681598544121,-0.022540932521224022
-0.00030106311896815896,0.011019909754395485
-0.01845715194940567,-0.022379357367753983
0.046751152724027634,0.002162408549338579
0.01802883669734001,0.0027554419357329607
0.003036380745470524,0.01672384887933731
0.0020449385046958923,0.0001557896175654605
-0.003601072821766138,0.001956886611878872
-0.00909506157040596,-0.01040016021579504
0.03402196988463402,0.0003619269700720906
0.0013197952648624778,0.0011311109410598874
0.0038854677695780993,-0.001549042179249227
0.0077985310927033424,0.006664049345999956
0.005651945248246193,0.006302957888692617
0.0020705414935946465,0.0014092965284362435
-0.008767519146203995,-0.012351817451417446
0.00027138530276715755,-0.0011873346520587802
0.0050757043063640594,0.010806644335389137
0.2787623405456543,0.015084212645888329
0.00148750189691782,4.584609996527433e-06
0.012470494955778122,0.0067474115639925
0.006531527265906334,0.006074258126318455
0.0006740327225998044,0.001500453450717032
0.00178759905975312,0.0003533797280397266
-0.03224463015794754,0.0875898003578186
0.005384188145399094,0.05393313616514206
3.2560143154114485e-05,0.003617658047005534
0.0023912531323730946,0.005026207771152258
-0.0006589740514755249,0.0015720627270638943
0.002606406807899475,-9.581177437212318e-05
0.10477752983570099,-0.00028689202736131847
-0.02850886806845665,-0.03025066666305065
0.0018172437557950616,0.006447510328143835
0.0019893695134669542,0.036883484572172165
0.02009962685406208,0.003624295350164175
-0.02850886806845665,-0.03025066666305065
-0.03036029450595379,-0.0354301817715168
0.0013271714560687542,0.006531858816742897
0.002405664650723338,0.005424181465059519
0.003000161610543728,0.0015446339966729283
0.002059611491858959,-0.001196329016238451
0.005298916716128588,0.0033837873488664627
0.003553913440555334,-0.000582645065151155
0.009145158343017101,0.001159453415311873
0.028323687613010406,0.0005509499460458755
0.006747784558683634,0.02346271090209484
0.005825585685670376,-0.0018002982251346111
-0.030230559408664703,-0.03742985799908638
0.01581026054918766,0.00045541409053839743
0.003170541487634182,0.05550377070903778
0.002346458612009883,-0.00025363557506352663
0.003908650018274784,0.0038013022858649492
0.0003374536754563451,0.020712101832032204
0.001994469901546836,0.00035335583379492164
0.012132260948419571,0.03301657736301422
-0.001513454131782055,-0.005434107035398483
0.0007796027348376811,-0.00017626816406846046
0.0032564911525696516,-0.002761764917522669
-0.00576559454202652,-0.006647932808846235
0.0019958452321588993,0.0013318879064172506
-0.03409483656287193,-0.03995176777243614
-0.002557898173108697,-0.0005276466254144907
0.006288836244493723,-0.005271469708532095
0.004186058882623911,0.0011377377668395638
-0.013900496065616608,-0.004417674615979195
0.031622856855392456,0.0012504557380452752
-0.008468108251690865,-0.011384006589651108
-0.024538911879062653,-0.029239434748888016
0.04577994719147682,0.0009281702805310488
0.004878198262304068,0.010083170607686043
0.0004612386110238731,0.06474520266056061
-0.008369358256459236,-0.020990226417779922
-0.03750121220946312,-0.029402803629636765
0.011765523813664913,0.00019895164587069303
-0.015589747577905655,-0.0059456974267959595
0.0012876352993771434,0.04084938019514084
0.0016244857106357813,0.033055830746889114
0.0010684537701308727,0.005215184763073921
0.0007733540842309594,-0.0001771984389051795
0.007049677427858114,0.0006357141537591815
-0.00892691221088171,-0.008189480751752853
-0.0019331667572259903,-0.00209852890111506
0.0031180770602077246,0.0008712979033589363
0.0020318138413131237,0.0014168063644319773
0.0029276409186422825,0.0003564067592378706
0.018755126744508743,0.0011312763672322035
0.0009053151588886976,-7.30644169379957e-05
0.0050043705850839615,0.0027243567164987326
0.007263048551976681,0.016630716621875763
0.02950563095510006,0.013780999928712845
0.002147867577150464,0.0004886530805379152
0.008777155540883541,0.005531036760658026
0.0004583388799801469,0.0012027735356241465
0.006237223278731108,0.005770358722656965
-0.0059883929789066315,-0.010532485321164131
0.0034866025671362877,0.0004896286991424859
0.0022534308955073357,0.0005682302871719003
0.0071065351366996765,0.0014244636986404657
0.0022434729617089033,0.016770699992775917
0.002672278555110097,0.00551642756909132
0.0072270589880645275,0.008455213159322739
-0.055465295910835266,-0.058732375502586365
0.04347219318151474,0.0008417369099333882
0.029644619673490524,0.0038729198276996613
0.005453767720609903,0.0007402971386909485
0.0004360879538580775,0.0008098600665107369
-0.040926773101091385,-0.04146897420287132
0.008405712433159351,0.00737141165882349
-0.038516201078891754,-0.038735128939151764
0.0038369616959244013,0.001043962431140244
0.0012156821321696043,0.0004997216747142375
0.02501041069626808,0.0011222957400605083
0.0010269941994920373,0.0006535890861414373
0.0010186887811869383,-0.00023719092132523656
0.003925328142940998,-0.004533946979790926
0.0003586574748624116,0.00010375908459536731
0.0007325477199628949,-0.00011108236503787339
0.00489537650719285,0.014145154505968094
0.0001536807103548199,0.013355044648051262
-0.005606985650956631,-0.004906008020043373
0.0030620789621025324,0.00994855910539627
0.002808229997754097,0.00295326579362154
0.00031644763657823205,0.011897365562617779
-0.0008839396759867668,-0.005367971491068602
0.0047791521064937115,0.0749441385269165
0.08671202510595322,-0.004232877399772406
0.0006379714468494058,0.0007061397191137075
0.0036889323964715004,-0.006528032012283802
0.011668375693261623,9.9296317785047e-05
0.01915525458753109,-6.216891051735729e-05
-0.00015758886002004147,-0.0018478053389117122
0.0034622829407453537,0.00041560857789590955
0.0015652260044589639,0.009625022299587727
0.0014222660101950169,0.0004317835555411875
0.002326764864847064,0.0022166105918586254
0.1759265661239624,0.0018721005180850625
0.0064213392324745655,0.00343073601834476
-0.010488549247384071,-0.03135358914732933
-0.009850533679127693,-0.011879603378474712
0.0014867716236039996,0.011839531362056732
4.1752238757908344e-05,0.01622297242283821
0.001385168987326324,-0.00027367210714146495
0.003227186854928732,-7.170283060986549e-05
-0.17926843464374542,-0.16301622986793518
-0.003330867039039731,0.0016345679759979248
-0.0014540657866746187,0.0019638945814222097
0.004685257561504841,-0.00022601985256187618
-0.003404868533834815,-0.004642236977815628
0.001059947768226266,0.005503049120306969
-0.0007490287534892559,-0.002451406791806221
0.03495703265070915,0.0037354014348238707
0.007001321297138929,-0.0014662921894341707
-0.06432487815618515,-0.06566549837589264
0.0019325250759720802,0.0008948495960794389
0.003879059571772814,0.00030228967079892755
0.0019101330544799566,0.012750006280839443
0.010944888927042484,0.04654689505696297
0.06778877228498459,0.0003154242876917124
-0.006909672636538744,-0.007766613271087408
-0.0018989434465765953,-0.0011339557822793722
-0.001172341639176011,0.002946755848824978
-0.009588820859789848,-0.011761268600821495
0.024963799864053726,-0.00029508955776691437
0.004936462268233299,0.00022572126181330532
-0.0002847586292773485,0.004742143675684929
0.0005007104482501745,0.0001411171688232571
0.0021471986547112465,0.002495479304343462
0.006252661347389221,0.17958050966262817
0.0004843178321607411,0.0024434353690594435
0.018080497160553932,0.00169713469222188
0.017619319260120392,0.009169872850179672
0.0040044961497187614,0.024356253445148468
-0.0025458394084125757,-0.003932548686861992
0.005534650292247534,0.0017999836709350348
-0.004071386530995369,-0.005702162627130747
0.0009349316824227571,-0.0024482542648911476
0.00178759905975312,0.0003533797280397266
0.039878394454717636,0.005057370290160179
0.0023318533785641193,0.00035667899646796286
0.004321363754570484,0.00507679209113121
0.006956984288990498,0.006758524104952812
0.06626618653535843,-0.0012680965010076761
0.0005540743004530668,0.02043657936155796
0.004444917663931847,0.002236511092633009
-0.010739467106759548,-0.01342114806175232
0.0001882783544715494,0.009847725741565228
0.005426151677966118,-0.001465085195377469
0.011007101275026798,0.00015191220154520124
0.0016210702015087008,0.0008860662928782403
-0.0009681639494374394,0.004134980496019125
0.0037352903746068478,-1.9452838387223892e-05
0.003254656447097659,0.0011614739196375012
0.004709768574684858,-8.211148087866604e-05
0.10794026404619217,0.0018674342427402735
0.00021471358195412904,0.0008348219562321901
0.00857559870928526,0.02225508913397789
0.0006315073696896434,0.0005220192833803594
-0.012329084798693657,0.009136728942394257
0.0013143998803570867,0.016786174848675728
0.08303242176771164,0.009947693906724453
0.0034772020298987627,0.0031782404985278845
0.00036864372668787837,-7.286360778380185e-05
0.03874273598194122,0.005114654079079628
0.015338065102696419,-0.002735588001087308
0.0035213634837418795,0.0013978733913972974
-0.053973253816366196,-0.05436020344495773
0.00025056328740902245,0.00684706587344408
0.003947899676859379,0.0034123724326491356
3.0215727747417986e-05,0.00926209706813097
0.001732712727971375,0.003728520590811968
0.0069099655374884605,0.001391577417962253
0.004625224974006414,0.005543321371078491
0.015486846677958965,0.00023211754160001874
0.004776709247380495,0.0005454258061945438
0.020394213497638702,0.01770838536322117
0.000632241484709084,-0.0012977770529687405
0.0031325744930654764,0.0011821013176813722
0.0008185754995793104,0.03636961057782173
0.0005452460027299821,0.0011097416281700134
0.00017978234973270446,0.0007264144369401038
-0.032807424664497375,-0.04181404411792755
0.0009297217475250363,0.005653270985931158
-0.0026045332197099924,0.015258007682859898
0.007005144841969013,0.00025116492179222405
0.023034565150737762,0.001448181108571589
0.001400161418132484,0.0034556230530142784
0.0056839799508452415,0.000883859524037689
0.0012392377248033881,-0.0007291791844181716
0.002985401079058647,0.004676984157413244
0.002402188489213586,0.0007461763452738523
0.00029591890051960945,0.007339744828641415
0.0017816839972510934,0.04759278893470764
-7.286231266334653e-05,0.02646915800869465
0.0016435482539236546,0.0007094693137332797
-0.0017263393383473158,0.0025758040137588978
0.0014318455941975117,0.001665619551204145
0.000831410929095,0.0002285791706526652
-0.002362671308219433,-0.0032864378299564123
0.022658415138721466,0.0012086353963240981
0.0013116105692461133,0.0003957448061555624
0.0018487853230908513,0.004613252356648445
0.005611854139715433,0.001724157016724348
-0.0003987260570283979,0.0008694023708812892
0.005249177571386099,-0.0024600690230727196
0.001534404931589961,0.000814358820207417
0.000846134265884757,0.0007306711049750447
0.039878394454717636,0.005057370290160179
0.0002420013479422778,0.02345508150756359
0.0234376210719347,0.00047074916074052453
0.005698077380657196,0.013730892911553383
0.006432628259062767,0.017610538750886917
0.011655059643089771,0.0006188812549225986
0.0010822912445291877,6.120284524513409e-05
-0.0013441316550597548,-0.0023756856098771095
1.7018610378727317e-05,0.000640271115116775
-0.00022961036302149296,0.0061003840528428555
0.009293632581830025,0.0006518142763525248
0.010981481522321701,0.05523933842778206
0.021165477111935616,-0.0018888694467023015
0.013577583245933056,0.0014664129121229053
0.016942158341407776,0.020497500896453857
0.0023384110536426306,0.007525554392486811
-0.01158902794122696,-0.013162920251488686
-0.027752790600061417,-0.03481040894985199
0.0037280989345163107,0.0026469489093869925
0.0048436615616083145,0.0031359000131487846
-0.002211684361100197,-0.02691277302801609
0.017035942524671555,0.00220953905954957
0.0031215017661452293,0.010258355177938938
-0.015132691711187363,0.0030909348279237747
0.009348325431346893,0.0334332212805748
-0.0002749725244939327,0.013134008273482323
0.1186903640627861,-0.0038648247718811035
0.05230165645480156,-0.00010829752136487514
0.03125891834497452,0.0012095317943021655
0.011198887601494789,5.136906111147255e-05
0.0016340443398803473,0.001756524434313178
0.0037175752222537994,0.0029532569460570812
0.000820911955088377,-0.0007983635878190398
0.02220526710152626,-0.0006546615622937679
0.0010407689260318875,-5.100760608911514e-05
-9.223236702382565e-05,-0.0014131047064438462
0.014214524067938328,0.0006934935227036476
0.0014087976887822151,0.004655824042856693
-0.052440252155065536,-0.04207928851246834
-0.001108595635741949,-0.00498324166983366
0.036704931408166885,-0.004586879163980484
0.009485850110650063,0.042489100247621536
0.002053514588624239,0.00032708715298213065
0.0004067750705871731,0.014714439399540424
-0.010599013417959213,-0.024194257333874702
-0.005182167049497366,-0.00443150382488966
0.001128548290580511,-0.0014803933445364237
-0.052742306143045425,-0.057629603892564774
0.00178759905975312,0.0003533797280397266
0.06385230273008347,0.0007672873325645924
0.01907174475491047,0.0004583583795465529
-0.00997861661016941,-0.013187509030103683
0.006885420065373182,0.002241135109215975
0.017156174406409264,0.00025388499489054084
0.04951378330588341,0.0007542863604612648
0.0008168614003807306,0.0002516317181289196
0.008398309350013733,0.012148150242865086
-0.0005268256645649672,-0.0010056463070213795
0.001610858365893364,-0.006825891323387623
0.003623183583840728,0.0017014583572745323
0.0009107934311032295,0.0027367142029106617
-0.0047911303117871284,-0.00044079963117837906
0.012928142212331295,-7.232022471725941e-05
0.0048871878534555435,-0.010324174538254738
-0.007138755172491074,-0.0067392801865935326
0.000530243560206145,0.00024805066641420126
0.0001431647688150406,-0.0005842489190399647
0.001987943658605218,0.005367346573621035
0.0008021318935789168,0.003386074211448431
0.005608697421848774,0.00048475246876478195
-0.058780357241630554,-0.056209102272987366
-0.023514242842793465,-0.02568434737622738
0.02400362119078636,0.00028867798391729593
0.007989481091499329,-0.00045143766328692436
-0.0025458394084125757,-0.003932548686861992
0.008843193762004375,0.01626003161072731
0.02152937464416027,0.0022459474857896566
-0.0009962338954210281,-0.009639996103942394
3.193531301803887e-05,0.00027366227004677057
0.004131825175136328,3.79304910893552e-05
-0.15442109107971191,-0.14460095763206482
-0.0007889224216341972,-0.0017522794660180807
0.002484678290784359,0.0005945706507191062
-0.01458719652146101,-0.013998467475175858
0.0020850112196058035,-3.758733510039747e-05
-0.0008178409188985825,-0.0025024604983627796
0.0107583524659276,0.004501143004745245
0.0007207979215309024,0.000955999712459743
0.006706086918711662,-0.0029940532986074686
0.0037425379268825054,-0.0001575628702994436
0.00014537290553562343,0.012821643613278866
-0.0033945657778531313,-0.0012668580748140812
0.001572055509313941,0.030201617628335953
0.0016167249996215105,0.022650938481092453
0.00010705750901252031,0.002841430250555277
0.0037466478534042835,0.000840111868456006
0.008440456353127956,0.04849742352962494
0.00031409383518621325,0.04839082434773445
0.00750011345371604,0.00029344449285417795
4.812274710275233e-05,-0.00015172013081610203
0.008368059992790222,-0.005227917805314064
0.001028470927849412,-0.0004396025324240327
0.0035447857808321714,0.0006027808412909508
0.018806805834174156,0.019452692940831184
0.013338606804609299,0.007921150885522366
0.01112861093133688,0.2258358895778656
0.012169653549790382,0.001899110502563417
-0.0017636960837990046,-0.0021339841187000275
0.014332029037177563,0.0027650967240333557
0.0029232038650661707,0.002009698888286948
0.0024418949615210295,0.00021621090127155185
0.016006214544177055,0.0007581561803817749
0.0025606618728488684,-0.0029936046339571476
0.0016635428182780743,0.01669813133776188
0.02999243512749672,-6.76268246024847e-06
0.002105626044794917,0.0003911902313120663
0.007762112654745579,0.002863110275939107
-0.0007042076322250068,0.0016984238754957914
0.16643394529819489,0.00026784418150782585
-0.037372417747974396,-0.05353471636772156
0.006432628259062767,0.017610538750886917
-0.00039779022336006165,0.0013509143609553576
0.01483982615172863,0.0008263617055490613
0.0019367013592272997,-0.002281584544107318
0.008284429088234901,0.00044393184361979365
0.003346960060298443,0.038017742335796356
0.0012640940258279443,0.01220748946070671
0.02544223703444004,0.0008800394716672599
0.025162065401673317,-0.00020819855853915215
-0.0005578925483860075,0.005444034934043884
0.0057478900998830795,-0.00017957182717509568
0.03351186215877533,-0.00033476814860478044
0.008100733160972595,0.0013113165041431785
0.02774057164788246,-0.00028112088330090046
-0.000497517641633749,-0.0009097245638258755
0.000464650453068316,0.0009790717158466578
-0.10748551785945892,-0.13451388478279114
0.008114030584692955,-2.839926310116425e-05
0.0004774258122779429,-0.0007486038957722485
-0.01865832507610321,-0.045914407819509506
0.025137078016996384,-0.0037757279351353645
0.003444352652877569,0.0001743194879963994
0.014278997667133808,0.00011688802624121308
-0.09211954474449158,-0.10197612643241882
0.0010592819890007377,0.0011800829088315368
0.0007932771695777774,0.0005679120076820254
0.032717473804950714,0.00024056517577264458
0.011062939651310444,0.0049397689290344715
0.009837846271693707,-0.00015312379400711507
0.0022763963788747787,-0.002866314258426428
0.007347915321588516,-0.000997830182313919
0.0008157241391018033,0.020108602941036224
-0.00018238206394016743,-0.0007875861483626068
-0.002435374306514859,-0.0022461279295384884
1.501545193605125e-05,0.0010676202364265919
-0.0020795746240764856,0.0016140332445502281
-0.009335551410913467,0.0052160099148750305
0.006073640193790197,0.010684062726795673
-0.0007799845188856125,2.3704487830400467e-06
0.0006782953860238194,-6.395237141987309e-05
0.02470356784760952,0.008644510060548782
-0.00572204077616334,0.030436856672167778
0.009076070971786976,6.738309457432479e-05
-0.019465338438749313,-0.023519698530435562
-0.001579230185598135,0.0148105314001441
0.007797794882208109,9.158600732916966e-05
0.11994072794914246,0.00029534028726629913
0.0001794126583263278,0.0015268037095665932
0.02669796161353588,-0.0020422732923179865
0.0017424316611140966,0.00432042870670557
-0.0010486338287591934,-0.002577865729108453
0.0017020734958350658,0.02394108846783638
-0.001748640206642449,0.003613246837630868
0.006252661347389221,0.17958050966262817
-0.0009155386360362172,-0.0018286030972376466
0.009535702876746655,0.00041976498323492706
-0.002435374306514859,-0.0022461279295384884
7.920537609606981e-05,-0.00020796166791114956
0.0041460092179477215,8.585116302128881e-05
0.004078059922903776,0.0001664939773036167
0.004688558634370565,-0.00019236438674852252
0.006464764941483736,0.031113339588046074
0.00010614062921376899,0.0024753697216510773
0.003552026581019163,-0.005874838214367628
0.0680852085351944,0.0028086802922189236
0.0005075317458249629,0.0006599597982130945
0.0018911614315584302,1.1739728506654501e-05
0.013788987882435322,-0.00110034947283566
0.010935407131910324,0.006897729355841875
0.0007636771770194173,0.0002781084622256458
-0.009424863383173943,-0.0047982665710151196
0.00012537205475382507,0.0033299699425697327
0.002708679297938943,0.01958710514008999
0.0015096673741936684,-0.0012260989751666784
0.0026547135785222054,-8.173956302925944e-06
-0.025263777002692223,-0.008052505552768707
0.005548382643610239,-0.0018610244151204824
-0.0024118395522236824,-0.006429228000342846
0.0075595928356051445,0.014145182445645332
0.002360989572480321,2.089218469336629e-06
0.0001512006128905341,0.0004193302011117339
4.298635758459568e-05,0.05868910253047943
-0.011890053749084473,-0.010665147565305233
0.02523856796324253,0.014648210257291794
0.0008021318935789168,0.003386074211448431
0.002737451111897826,0.005699010565876961
0.00018715998157858849,0.00013330619549378753
0.004140053875744343,-2.8676047804765403e-05
0.0014292134437710047,0.008374075405299664
0.007731870748102665,0.016358939930796623
-0.0003980977926403284,0.00015581678599119186
0.011322161182761192,-0.0028450842946767807
0.0007215954829007387,0.009591201320290565
0.0026317222509533167,0.0006095723365433514
-0.000619933009147644,-0.0037814099341630936
0.00040587654802948236,-7.991917664185166e-05
0.0007659237016923726,0.08753547817468643
0.046111781150102615,0.0003967694938182831
0.01234279666095972,0.004551649559289217
0.003993504215031862,0.004120688419789076
-0.01034616306424141,-0.009161796420812607
0.03878268599510193,0.02570946142077446
0.0068540070205926895,0.0017396373441442847
0.07889106869697571,-0.0009977478766813874
0.0007354151457548141,-0.011562597006559372
0.0021471986547112465,0.002495479304343462
0.007694772910326719,0.0010595195926725864
0.02710571140050888,0.04797409474849701
-0.0047911303117871284,-0.00044079963117837906
-1.789303496479988e-05,-0.0001924256794154644
-5.005637649446726e-05,0.0026843163650482893
0.004505912773311138,-2.2618623916059732e-05
0.001317041227594018,0.02453058399260044
0.015448308549821377,0.002040010644122958
0.0001932801096700132,-0.0005254670977592468
0.003936015069484711,9.043468162417412e-05
-0.001634726533666253,-0.00470767542719841
0.0009936634451150894,0.0016678485553711653
0.0018623506184667349,0.0028165383264422417
0.0037582716904580593,0.03211882337927818
0.0012788975145667791,0.0010911710560321808
0.002606610767543316,0.0004178916569799185
0.005887942388653755,0.011963262222707272
0.04042169451713562,0.047026123851537704
0.0014068596065044403,-0.00012968783266842365
0.001783861662261188,0.07065930962562561
-0.02599155157804489,-0.017553314566612244
-0.013480384834110737,-0.013840442523360252
0.09567826241254807,0.0034746327437460423
-0.029215581715106964,-0.029908088967204094
0.004110204055905342,0.012775709852576256
0.0045155412517488,-0.00575155857950449
-0.0006553140701726079,0.00014344649389386177
0.008435673080384731,0.00021077599376440048
0.009213758632540703,0.0027236833702772856
-0.00031405105255544186,0.0017262904439121485
-0.00015801499830558896,-0.0007064304081723094
0.00782558973878622,0.006234812084585428
0.0012066441122442484,0.00533856637775898
0.019628141075372696,0.027176428586244583
-0.0001208700705319643,-0.002132986206561327
0.0029956672806292772,0.0001648477336857468
0.002350539667531848,0.19527508318424225
-0.001269006752409041,-0.0018487138440832496
-0.007601862773299217,0.1227647140622139
-5.658931331709027e-05,0.004364940337836742
0.004997199401259422,0.009770212695002556
0.0018064230680465698,0.02059539221227169
0.0024611405096948147,0.00035775231663137674
0.009600460529327393,0.00020239291188772768
0.010139881633222103,0.0006215914036147296
0.006680746097117662,-0.0007598977535963058
-0.011618033051490784,-0.01271144114434719
0.02999243512749672,-6.76268246024847e-06
0.10422786325216293,0.0004959513316862285
0.00022080882627051324,0.002419288270175457
0.0006738818483427167,0.007467970252037048
0.0007077225600369275,0.0006946171051822603
0.0023520211689174175,0.00018834241200238466
-0.00028275209479033947,-0.0009607815300114453
0.015435461886227131,0.0004709648492280394
0.00031199492514133453,0.06311213970184326
0.000139756259159185,0.0027707929257303476
0.05179138109087944,0.12531507015228271
0.0017841777298599482,0.006799006834626198
0.007257035933434963,0.005351751111447811
0.01027354784309864,9.777609375305474e-05
0.0002468402381055057,0.004477266222238541
0.004079913254827261,5.528350448003039e-05
0.0003759654937312007,0.0019291486823931336
-0.002425671089440584,0.005911126267164946
0.00041269941721111536,0.03614236041903496
0.0016775360563769937,0.01538083702325821
-0.03463355451822281,0.0875898003578186
0.019487187266349792,0.0014094705693423748
0.016421087086200714,0.00012818651157431304
0.0010863954667001963,-0.0015887010376900434
0.004983135964721441,-0.0007418121676892042
0.00169256585650146,0.0014786866959184408
0.12193760275840759,0.0007135497871786356
0.01851758547127247,-0.002696684328839183
0.00028300145640969276,-0.001695974264293909
-0.010488549247384071,-0.03135358914732933
-0.003952907398343086,-0.005297232884913683
0.00023367401445284486,0.009253322146832943
0.0005081044510006905,-0.0005829237634316087
0.0006187241524457932,0.00036338239442557096
-0.007848722860217094,-0.009090432897210121
0.0006337102968245745,0.0015657892217859626
0.020868688821792603,8.781280484981835e-05
0.004131825175136328,3.79304910893552e-05
0.00031511636916548014,4.769628867506981e-05
0.0012174429139122367,0.030505763366818428
0.0014611831866204739,0.000866928487084806
0.05349723622202873,-0.00019317431724630296
0.0004895861493423581,0.00016325486649293453
0.030522750690579414,0.07861457020044327
0.00801380816847086,0.006212431006133556
0.007717031054198742,-0.000698392279446125
0.0045332033187150955,9.034527465701103e-05
0.002783791860565543,0.06448886543512344
0.0011001545935869217,0.016166480258107185
0.02338109351694584,0.06104590371251106
0.004673503339290619,0.003087124787271023
0.006214115768671036,0.045623112469911575
0.00311762816272676,-0.0004596032667905092
0.000687705643940717,0.002820595633238554
0.005247521214187145,0.00010042241774499416
0.2073977291584015,0.0045716832391917706
0.00034180202055722475,0.0001580921234562993
0.005266054533421993,0.00044084317050874233
-0.0031729149632155895,-0.003967392724007368
0.0012289255391806364,0.001533195492811501
-0.009004481136798859,-0.01255192793905735
0.006453432608395815,0.0016283259028568864
-0.0005623030592687428,-0.0007247930625453591
-5.8542478654999286e-05,0.003406972624361515
0.0009411313221789896,0.0003614225424826145
0.009348051622509956,0.012226207181811333
0.01423848420381546,-0.016965240240097046
-0.022775335237383842,-0.024403322488069534
0.026619914919137955,0.014247115701436996
0.0008451329777017236,0.01140683889389038
0.00112164078745991,0.0038525527343153954
0.0005414029583334923,0.0008461237885057926
0.10865463316440582,-0.0006106942892074585
-0.005021299235522747,-0.00546418409794569
0.004260235000401735,0.00012278187205083668
0.024576352909207344,0.003415522165596485
0.017358893528580666,0.0007398854359053075
0.16972163319587708,-0.0027790828607976437
0.008375082165002823,0.0007359011797234416
0.0006236595218069851,0.006010922137647867
-0.0039735520258545876,-0.007257753983139992
0.009928042069077492,0.0077929748222231865
0.002755289664492011,-0.0018757920479401946
0.0226917527616024,-2.578155545052141e-05
0.015453550033271313,0.002735175658017397
0.0025200846139341593,-0.0007898645126260817
0.051792509853839874,0.0020486090797930956
0.0029036852065473795,-1.3999699149280787e-05
0.001960200257599354,0.03623126447200775
0.0012635785387828946,0.0034123724326491356
0.0009936634451150894,0.0016678485553711653
0.004592921119183302,0.0003421262663323432
-0.0009921700693666935,0.0151563985273242
-0.0009109571692533791,0.006874135695397854
0.002759732538834214,0.029640715569257736
-0.006094777025282383,0.02237190492451191
0.0018809651955962181,0.0017471995670348406
-1.1913944035768509e-05,0.009290304034948349
0.0010283319279551506,0.0023619658313691616
0.021210847422480583,0.0020854652393609285
0.0035836936440318823,0.002758890390396118
0.0009661703952588141,0.0006915188860148191
0.004167253151535988,0.003428187221288681
0.08566909283399582,0.00044309900840744376
0.004955778364092112,0.003106677671894431
-0.026711061596870422,-0.02265915647149086
0.0012392377248033881,-0.0007291791844181716
-0.3453700840473175,-0.34478211402893066
0.021195217967033386,0.0008450900204479694
-0.004905996844172478,-0.005522447172552347
0.005766235291957855,0.0006500036106444895
-0.0003966499352827668,0.04353761300444603
0.014602059498429298,0.00037936505395919085
0.0002754686283878982,0.05336484685540199
0.00017045039567165077,0.003806841792538762
0.001995540689677,-0.0010021961061283946
0.004136549308896065,-0.000386273255571723
0.021470539271831512,0.026788346469402313
-0.005450753029435873,-0.0004790318198502064
0.0013809243682771921,-0.00043036104761995375
0.0029424356762319803,-4.555056511890143e-05
0.00040150765562430024,0.07617656886577606
5.473149940371513e-06,0.00938337855041027
0.002751304302364588,0.0006053689867258072
-4.737521521747112e-05,0.033808860927820206
8.91619420144707e-05,-0.00015458022244274616
-0.04248538240790367,-0.043229587376117706
-0.007621980272233486,-0.012682379223406315
0.013730820268392563,0.006538395769894123
0.007192194927483797,0.03276568651199341
0.0057478900998830795,-0.00017957182717509568
0.0009431092184968293,0.006825696211308241
0.0034736101515591145,0.0009076353744603693
0.005970494356006384,0.001001173397526145
0.06505505740642548,0.025843504816293716
7.891547284089029e-06,9.186759416479617e-05
0.0004971390590071678,0.001150862779468298
0.021926632151007652,0.0011301108170300722
0.0029555417131632566,0.011370353400707245
0.032717473804950714,2.6361100026406348e-05
-0.0007042076322250068,0.0011272341944277287
-0.0011449378216639161,-0.00043089035898447037
0.011545165441930294,0.0038345027714967728
0.0007617255905643106,5.64166548429057e-05
0.001099422457627952,0.000188137695658952
0.006176305469125509,-0.0006291019963100553
0.057408466935157776,0.002039747079834342
0.05798120051622391,0.0007918339688330889
1.446844544261694e-05,0.0003375263186171651
-0.00015801499830558896,-0.0007064304081723094
0.03321191295981407,0.0017582705477252603
0.004218582063913345,0.0009949456434696913
0.004333867225795984,0.0005872286856174469
-0.13824371993541718,-0.14103585481643677
-0.0017811718862503767,-0.001934405299834907
0.038409970700740814,0.13868549466133118
0.002325891749933362,0.0005806603003293276
-0.020097289234399796,-0.03078092448413372
-0.000707228435203433,0.0037748818285763264
0.02808091975748539,-0.002518818713724613
0.020137716084718704,0.0032364223152399063
0.05754854530096054,-0.021823961287736893
0.0037464334163814783,0.01317132730036974
0.0029360901098698378,0.0021179227624088526
-0.0006467864150181413,0.001963030779734254
0.0002593788376543671,0.00010910609125858173
0.02689124457538128,0.00018527091015130281
0.01442263275384903,0.0013908001128584146
0.0018924861215054989,-0.00016621540999040008
-0.00044358003651723266,0.002150010084733367
0.0009362733690068126,0.00024966674391180277
-0.0005430246237665415,7.852568523958325e-05
0.003873318200930953,0.0007897227187640965
0.016799770295619965,-0.0025275663938373327
0.001349721453152597,-0.0009596531162969768
-0.00014635676052421331,0.004058386664837599
0.0013253670185804367,-0.003034353256225586
0.008883229456841946,-0.000838553998619318
-7.061184442136437e-05,0.0007187352748587728
-0.0012424970045685768,0.0021164841018617153
0.05639002099633217,0.016712797805666924
-0.032290250062942505,-0.02981199510395527
-0.002200917573645711,-0.002236430998891592
0.007420269772410393,0.0007181765977293253
0.00029899331275373697,0.0010680126724764705
0.02544223703444004,0.0008800394716672599
0.13431410491466522,-0.00013564340770244598
0.006085417233407497,0.00019270645861979574
0.0030403444543480873,0.0025069741532206535
0.010981481522321701,0.05523933842778206
0.005522700492292643,-0.000902035622857511
0.000311331357806921,0.0001580921234562993
0.002425306010991335,0.001342489616945386
0.020648693665862083,0.0011302093043923378
0.03127637505531311,-0.0013462570495903492
-0.0009158384054899216,0.002850946504622698
-0.005543948151171207,-0.005905219353735447
0.009741953574120998,-0.005215656012296677
0.000589810311794281,0.0012813014909625053
-0.00043929327512159944,0.01051156036555767
0.0021642553620040417,0.0014944440918043256
0.008506142534315586,0.012097107246518135
0.014757647179067135,0.00433164369314909
0.00238558417186141,0.00159846234600991
0.0005786086549051106,0.004485870245844126
0.005220344755798578,0.004405454732477665
0.0011904652928933501,0.0020669640507549047
0.019409993663430214,5.714087455999106e-05
0.00112164078745991,0.0038525527343153954
0.0026478793006390333,0.0001004249497782439
0.0017551707569509745,0.0007812085677869618
0.003958289977163076,0.04174347221851349
-0.01736106351017952,-0.022007223218679428
-0.001016972935758531,0.004782064352184534
0.008207310922443867,0.009141156449913979
-0.0002498626126907766,0.00046176646719686687
0.02646784670650959,0.0038662233855575323
0.0015521713066846132,0.0005156106781214476
0.005611854139715433,0.001724157016724348
0.0007104817777872086,0.0030841431580483913
0.06773747503757477,-0.006912862416356802
-0.03252289444208145,-0.03433702886104584
0.00021317890787031502,0.012534551322460175
0.00041330597014166415,0.0003314052883069962
0.022282186895608902,0.08267036825418472
0.009293632581830025,0.0006518142763525248
0.0024972972460091114,-0.00010272616054862738
-0.0014072488993406296,-0.0011072559282183647
0.0028948490507900715,0.005529531743377447
0.012911222875118256,0.04505172371864319
-0.0001339302398264408,-0.0010315785184502602
0.021661510691046715,0.0022094030864536762
-0.00010265223681926727,0.0033517845440655947
-0.004633914213627577,-0.0036438708193600178
0.0033228120300918818,0.051798321306705475
0.004552514757961035,0.04904985427856445
-0.0046994974836707115,0.054041627794504166
0.0007438448374159634,0.002044870750978589
-0.010226931422948837,-0.012992730364203453
-0.0013000820763409138,-0.0003189446870237589
-0.09247239679098129,-0.09282984584569931
0.0008852479513734579,-4.607747541740537e-06
0.009759246371686459,-0.00010443245992064476
0.005856177303940058,0.0034489608369767666
-0.03750121220946312,-0.029402803629636765
0.009748317301273346,0.04291091859340668
0.07021437585353851,-0.0005246629007160664
-0.0036326271947473288,-0.0028253367636352777
0.006947649642825127,-0.00011156525579281151
0.03069058619439602,0.00386244198307395
0.00025147682754322886,0.00017834613390732557
0.02080102264881134,0.0008895666105672717
0.019501497969031334,0.0002463089185766876
-0.02257433347404003,-0.022890791296958923
-0.004069755785167217,-0.008965293876826763
7.584854029119015e-05,-0.001175909535959363
0.0020088807214051485,0.0007279200945049524
0.004343421198427677,0.0007200840627774596
0.006977531127631664,0.0015970374224707484
0.06056123226881027,0.0004615170182660222
0.016326522454619408,-0.002245598006993532
-0.009217824786901474,-0.011400661431252956
-0.0055529032833874226,-0.005791742354631424
0.014189675450325012,-0.013847697526216507
0.015624349005520344,0.004600629210472107
0.0011490002507343888,0.0015109468949958682
0.0002778777852654457,0.003279269440099597
0.026288261637091637,0.07735315710306168
0.024387149140238762,0.004013536963611841
0.0044372715055942535,-0.00014313837164081633
0.0009906408376991749,0.0032832114957273006
0.014040214940905571,-0.0034435465931892395
0.0027336273342370987,0.006674609147012234
0.006117957178503275,0.0022848229855298996
0.000895725330337882,0.0002546700125094503
0.002892707707360387,0.00598320085555315
0.002784975338727236,0.0005192377138882875
0.00819335039705038,0.004769735969603062
-0.01158902794122696,-0.013088101521134377
0.022023342549800873,0.001228336594067514
0.007219463586807251,0.04106451943516731
0.02629471942782402,0.0014661690220236778
0.001048282952979207,0.002090386115014553
-0.12050724774599075,-0.13137206435203552
0.026285331696271896,-0.012413016520440578
0.021419046446681023,0.004477810114622116
0.008392656221985817,0.016308827325701714
0.0009422950679436326,0.006596372928470373
0.017358893528580666,0.0007398854359053075
-0.005505104549229145,0.007695701904594898
0.09487742930650711,-0.0018283684039488435
0.001431073760613799,0.002892094664275646
0.0001519835350336507,0.0327439084649086
0.0022493074648082256,-0.0005051675252616405
0.0039788465946912766,0.00012295602937228978
0.00994626060128212,0.003326212055981159
-0.0009472241508774459,-0.0017424331745132804
0.013097570277750492,0.0010552727617323399
9.78240859694779e-06,-0.0002268184325657785
0.028376363217830658,0.0005150156794115901
0.04717407003045082,4.777426511282101e-05
0.0046067023649811745,-0.0005111077334731817
0.013110851868987083,0.0034040003083646297
-0.0011317133903503418,-0.0016249429900199175
0.005642985459417105,0.01765645481646061
0.0005249103996902704,0.002078578807413578
0.006643109954893589,0.00033401272958144546
0.002015364822000265,-1.2745760614052415e-05
0.006729272194206715,0.0007777734426781535
0.0004725708859041333,0.02809702418744564
0.0870785042643547,-0.007119735702872276
0.0018672861624509096,0.009022126905620098
-0.00015801499830558896,-0.0007064304081723094
0.002332117408514023,9.850983042269945e-05
0.003627876052632928,0.0003619634371716529
-3.968807868659496e-05,0.003538345918059349
-0.00400492874905467,0.02347937971353531
0.0017727731028571725,0.014688422903418541
0.0002290195261593908,0.00037317335954867303
0.007032306399196386,0.0034220966044813395
0.016062701120972633,0.0025300325360149145
0.0077281733974814415,-0.00015574204735457897
0.06394468247890472,0.0020118183456361294
0.007092065643519163,-0.0023576300591230392
0.00269460491836071,0.007984833791851997
-0.00838541705161333,-0.009155492298305035
0.0022641210816800594,0.009667201898992062
0.0004931819858029485,0.002407866297289729
0.0034387584310024977,0.00022091179562266916
-0.0017771683633327484,0.04308247193694115
0.010755877010524273,0.0012055514380335808
0.002684313338249922,0.0009535253630019724
0.01112435758113861,-0.001035757944919169
0.017364561557769775,0.0002447964798193425
-0.00256224162876606,0.0006436666008085012
0.002703792881220579,0.0007571991300210357
0.0010067482944577932,0.0006751515902578831
0.01253917720168829,0.05294112116098404
-0.0072998288087546825,-0.00711457384750247
-0.001494620111770928,0.0016633932245895267
0.0045884218998253345,0.0013897657627239823
0.02212437428534031,0.005258437246084213
0.008521552197635174,0.06050726771354675
0.008779365569353104,0.047856464982032776
0.005457662511616945,0.00029575673397630453
0.002135442802682519,0.04312950745224953
0.006570097524672747,0.0014779000775888562
-0.05917956680059433,-0.048463381826877594
0.014731683768332005,0.00686667999252677
-0.002557898173108697,-0.0005276466254144907
0.001544434460811317,0.002898584585636854
0.007762112654745579,0.002863110275939107
0.0015996783040463924,-0.0002965225139632821
0.0019958452321588993,0.0013318879064172506
-0.0006613917648792267,-0.0006873526726849377
0.5312086343765259,0.06066589057445526
-0.04370284080505371,-0.028139779344201088
0.044391438364982605,0.00892940629273653
-4.1326682548969984e-05,-0.0004604701534844935
0.021165477111935616,-0.0018888694467023015
0.0026267662178725004,0.0211110170930624
0.0028491602279245853,0.017499463632702827
-0.005962935741990805,0.26309654116630554
-0.04155692458152771,-0.04224943369626999
0.001572055509313941,0.030201617628335953
0.00021826796000823379,0.0042274631559848785
0.0008134134113788605,0.0006728919688612223
0.04264811798930168,0.00415524747222662
0.005524566397070885,0.014445634558796883
0.00881474744528532,0.004787455312907696
0.015601334162056446,0.00036164314951747656
0.03019142709672451,0.0053998734802007675
0.0020773594733327627,-0.0026076361536979675
0.0015915478579699993,0.0004965150728821754
0.012785873375833035,0.0007750111981295049
0.0008562065195292234,0.0005863934638909996
0.011141898110508919,-0.005673305597156286
0.0004032276337966323,-0.00023086764849722385
0.0014451979659497738,0.0027584496419876814
0.002022396307438612,0.0031697486992925406
0.0008931408519856632,0.0003340636903885752
0.007833510637283325,0.049741193652153015
0.20030465722084045,-0.0009937190916389227
0.008333146572113037,0.0008819302311167121
0.0009165892261080444,0.0002629300579428673
0.03716406598687172,0.0029648866038769484
-0.0017726998776197433,0.009633181616663933
0.013041063211858273,0.012922378256917
-0.0039735520258545876,-0.007257753983139992
0.00023924488050397485,0.027830438688397408
0.0004766281635966152,0.00013330619549378753
0.016419781371951103,0.002579848747700453
0.011318190954625607,0.009277555160224438
0.006199273746460676,0.00028345928876660764
0.0006448117783293128,0.00021821865811944008
0.0004171287000644952,0.005046116188168526
0.023359596729278564,-0.04587547853589058
0.002037059050053358,0.0005616846028715372
-0.001108595635741949,-0.00498324166983366
-0.0027856528759002686,-0.008263131603598595
0.002380102640017867,0.0005519897094927728
0.008460135199129581,0.039625994861125946
0.01234279666095972,0.004551649559289217
0.005809292197227478,0.006884124130010605
0.08190194517374039,0.021094966679811478
-0.0006949814269319177,-0.0013077744515612721
0.008375298231840134,-0.0011685072677209973
0.003939174115657806,-0.0018418219406157732
-0.0006949814269319177,-0.0013077744515612721
0.060610003769397736,0.0467509850859642
0.017358893528580666,0.0007398854359053075
0.002415745984762907,-0.0006339873652905226
0.028376363217830658,0.0005150156794115901
0.0003923834301531315,0.00934562087059021
0.027473285794258118,0.005174238234758377
0.0028068223036825657,-0.00022850828827358782
0.0002908951137214899,0.04215741157531738
0.012913859449326992,0.05623028054833412
-0.0031638953369110823,0.0008347798138856888
0.002121760044246912,0.0030942922458052635
0.00012741150567308068,-0.00015570750110782683
-0.00015033496310934424,0.016930771991610527
-6.141886115074158e-05,-0.0029515959322452545
0.005329929757863283,2.6321038603782654e-05
0.020510166883468628,-0.0021844978909939528
0.0034387584310024977,0.00022091179562266916
-0.0018127489602193236,0.011384532786905766
0.00129611452575773,0.0031785578466951847
0.0012420013081282377,0.016473904252052307
0.0039023072458803654,0.0015654751332476735
0.024493061006069183,0.003336623078212142
0.010520126670598984,0.0014280471950769424
0.0018756596837192774,0.06518428027629852
-0.0009154955041594803,-0.000757399364374578
0.03483930602669716,0.0032124489080160856
0.0075026703998446465,0.025770073756575584
0.00028184131952002645,0.0009838329860940576
0.002220598980784416,0.0008813164313323796
0.0026361553464084864,0.0001689330383669585
0.01189746055752039,0.008690991438925266
0.002464630175381899,-0.00020560785196721554
0.024493061006069183,0.003336623078212142
0.0013174953637644649,0.00016713124932721257
0.036399971693754196,0.0012075523845851421
0.014967193827033043,0.013249469920992851
0.0006104088388383389,0.0008461237885057926
0.005869180429726839,0.013017424382269382
0.008627054281532764,0.0004942660452798009
0.0003923834301531315,0.00934562087059021
0.0013641471741721034,0.0004745706683024764
-0.0006436443654820323,-0.0020580135751515627
0.028376363217830658,0.0005150156794115901
-0.001738108927384019,0.005180839914828539
5.8161691413260996e-05,0.00020806811517104506
0.010157746262848377,-0.001155988429673016
-0.00203853752464056,-0.004785839468240738
0.0019279264379292727,0.002452792599797249
0.003984576091170311,0.0017698232550173998
0.0042031691409647465,0.00036905970773659647
0.02470356784760952,0.008644510060548782
0.0024804070126265287,0.0016640055691823363
0.0014253032859414816,0.004354139789938927
0.02509906515479088,0.0012291483581066132
0.002328939735889435,0.008864917792379856
0.008078869432210922,0.006717940792441368
0.028015971183776855,-0.0060631572268903255
-0.021841827780008316,-0.023092137649655342
0.004218582063913345,0.0009949456434696913
-0.00020013558969367296,0.0025935526937246323
0.008535078726708889,0.00478382408618927
0.0007070061401464045,-0.00025261499104090035
0.0004228590987622738,0.0018143211491405964
-0.10745382308959961,-0.12580132484436035
-0.0016604551346972585,0.0014049005694687366
-0.018153099343180656,-0.018342403694987297
0.00112164078745991,0.0038525527343153954
0.0005778165068477392,0.0011687115766108036
0.0006914616678841412,-0.0006800208939239383
7.66894081607461e-05,0.0003209654241800308
0.0009984496282413602,0.0002007790026254952
0.0013776416890323162,-0.0034169978462159634
0.004256285261362791,-0.0011460515670478344
0.006800475530326366,0.003896757960319519
0.0018081769812852144,0.002851140219718218
-0.0011017087381333113,-0.0008863343391567469
0.0011029781308025122,0.02500438317656517
-0.004715518094599247,-0.00561638455837965
0.0038916945923119783,-0.00012205177335999906
0.001235396834090352,0.000765895179938525
0.008791927248239517,0.004133850336074829
0.004517533350735903,0.006924086716026068
0.0038048040587455034,-0.00160060019697994
0.010269287042319775,0.015445472672581673
0.020830003544688225,0.0013875463046133518
-0.001032628701068461,0.007393859326839447
0.0008537393296137452,0.002225367585197091
0.15255387127399445,0.0004009706899523735
-0.01040011178702116,-0.01127138826996088
0.0021251062862575054,-0.00021624361397698522
0.05834244191646576,0.00013266652240417898
0.30990177392959595,-0.00327936839312315
0.0036735376343131065,-2.6149500627070665e-05
0.002779542002826929,0.00046521995682269335
0.00811066199094057,0.003060086164623499
0.018618961796164513,0.0076508233323693275
0.016241153702139854,0.05110011622309685
-0.04402359202504158,-0.036444950848817825
0.00622778944671154,0.030026787891983986
0.0006925354828126729,0.0003589414700400084
-0.0002927057212218642,-0.0018149876268580556
0.028746113181114197,0.002321308944374323
0.0020943244453519583,0.003027619095519185
0.007950438186526299,0.0015007455367594957
0.0009224032983183861,0.007925016805529594
-0.0017352907452732325,-0.0009725729469209909
0.0003843531012535095,0.004950758069753647
0.010315904393792152,0.004192642867565155
0.0029903273098170757,0.002566698007285595
0.00555609492585063,0.021376023069024086
0.0003344540309626609,0.0034666447900235653
0.02470356784760952,0.008644510060548782
0.0018227682448923588,-6.315213977359235e-05
0.003150606993585825,0.020575860515236855
-0.04232823848724365,-0.052367839962244034
0.047928329557180405,0.0007413048297166824
0.005039151292294264,0.0006289442535489798
0.0009652507142163813,0.0024475709069520235
0.020984606817364693,-0.0007198229432106018
0.07805661112070084,0.005978171713650227
0.0036535682156682014,0.006461172830313444
0.0050165592692792416,0.004939700476825237
0.005768107250332832,0.0011751591227948666
0.0041460092179477215,8.585116302128881e-05
0.00507583050057292,0.00044381548650562763
0.005030766129493713,0.003137141466140747
0.0012846922036260366,-0.00010697077959775925
9.799048712011427e-05,0.0003526753280311823
-0.01214311458170414,-0.013202394358813763
0.0051274546422064304,0.00020204205065965652
0.013420237228274345,0.001513641094788909
-0.00029498565709218383,0.002941771177574992
0.013360656797885895,-0.015478529967367649
-0.00033676321618258953,-0.0011502568377181888
0.007961681112647057,0.08621415495872498
0.007214962970465422,0.00019017510931007564
-0.00042776577174663544,7.022591307759285e-05
0.0034018533769994974,0.0009146035299636424
0.025998417288064957,-0.00569256953895092
0.01802540197968483,-0.001193359261378646
0.0033182508777827024,0.0006136174197308719
-9.751645848155022e-06,0.0010111883748322725
0.017457270994782448,0.005819232203066349
0.00025873957201838493,0.0007746104383841157
3.267961437813938e-05,0.022044209763407707
0.06484351307153702,0.0027481094002723694
-0.005181879736483097,-0.007674789987504482
-0.00014510564506053925,-0.0023606005124747753
0.001993585145100951,0.0032267991919070482
0.0017973048379644752,0.010146562941372395
0.009073199704289436,0.0010355664417147636
0.0011525765294209123,0.01625650003552437
0.0016210702015087008,0.0008860662928782403
0.07803118228912354,-0.007784645073115826
0.003507757093757391,0.02783125266432762
-0.040427420288324356,-0.04114733263850212
-0.0002871565520763397,-0.0043451315723359585
0.006795448716729879,-0.00322068203240633
0.011716057546436787,0.0015692387241870165
0.002216706983745098,0.001509364228695631
0.021631598472595215,-0.0009839375270530581
0.0098417354747653,0.009965671226382256
0.0008287947857752442,0.02740376442670822
0.016007885336875916,0.00597969489172101
0.0022598097566515207,-0.00023986806627362967
-0.002514050342142582,-0.008271987549960613
0.012776285409927368,-0.0775628387928009
9.689666330814362e-05,0.00019149045692756772
-0.17267385125160217,-0.17117840051651
0.018964622169733047,0.0037709111347794533
0.0014325589872896671,-0.00017465259588789195
0.0004774258122779429,-0.0007486038957722485
0.0004073622985742986,0.0003659804933704436
0.0007924156961962581,0.0007729887729510665
0.0012392377248033881,-0.0007291791844181716
0.0021719406358897686,0.0002961503923870623
0.0019460116745904088,0.008121972903609276
0.005613015498965979,0.004880171734839678
-0.02720881998538971,-0.02544538304209709
-0.0006321804248727858,-0.0008408129215240479
0.01717294380068779,-0.011861275881528854
0.3732670843601227,0.058002978563308716
0.005427604075521231,0.0019044028595089912
0.002970087807625532,0.000137486174935475
0.0014867716236039996,0.011839531362056732
0.017990021035075188,-0.00030417085508815944
0.002823437098413706,0.0017748004756867886
-0.003623496275395155,-0.0008919560350477695
0.0016848460072651505,-0.00016183343541342765
0.0018839234253391623,-0.0006072637042962015
0.003024870529770851,0.1709406077861786
-0.002860180102288723,-0.0017666369676589966
-0.0042344690300524235,-0.011236771009862423
0.021599553525447845,0.005400180816650391
0.007646752055734396,0.09446579962968826
-0.015111049637198448,-0.017195669934153557
-0.0020785662345588207,-0.005258247256278992
-0.0016675364458933473,-0.0008615318220108747
-0.029380759224295616,-0.03085295855998993
0.007022347301244736,1.4161159924697131e-05
0.0836673229932785,0.0011801760410889983
-0.08485410362482071,-0.1007264256477356
-0.014038494788110256,-0.014285271055996418
0.026026442646980286,-0.0067307790741324425
0.0027173704002052546,-0.0005442316178232431
-0.0004199256654828787,-0.002178408205509186
0.00015700497897341847,0.0029275822453200817
0.0002910034090746194,0.00012275052722543478
0.003039008704945445,0.00023201586736831814
0.004022113047540188,0.5793532133102417
0.0018182366620749235,-0.0002708663232624531
0.002225262112915516,0.004245479591190815
0.010347869247198105,0.004787565674632788
0.18511353433132172,0.00040963233914226294
0.09679776430130005,0.0041098506189882755
0.00488117104396224,0.0035574825014919043
0.005447954870760441,-0.0011503503192216158
0.0005377070629037917,0.004114714451134205
0.0014253032859414816,0.004354139789938927
0.004333867225795984,0.0005872286856174469
-0.01065242849290371,-0.01964479684829712
-0.0027317795902490616,-0.002970991190522909
0.01915525458753109,-6.216891051735729e-05
0.0007099233334884048,0.006327022798359394
0.001223794068209827,0.0027655456215143204
0.023907143622636795,0.0005078454269096255
0.0013339190045371652,0.004851270467042923
0.007022589445114136,-0.00015265238471329212
0.04543079808354378,0.22627271711826324
0.0045025646686553955,0.00677298940718174
0.011241503991186619,0.00012081989552825689
0.0010422759223729372,0.005297450814396143
-0.018828928470611572,-0.012338396161794662
-0.0076585859060287476,-0.008215924724936485
0.04671943560242653,-0.0011866423301398754
0.0008809043210931122,0.0006980799953453243
0.0008080838597379625,0.000667055428493768
0.005575828719884157,0.000569963944144547
0.0007332569803111255,0.00046572787687182426
-0.001760515384376049,0.00207156827673316
0.04136916622519493,0.000989869935438037
0.0016594789922237396,0.0005938035319559276
0.006070450879633427,0.002530437894165516
-0.0060150520876049995,-0.005304316524416208
0.0008875136845745146,0.0012546884827315807
0.02165115438401699,-4.647803871193901e-05
0.0015081320889294147,-0.000844019406940788
0.027515394613146782,0.03826012462377548
0.0009652507142163813,0.0024475709069520235
0.0012739546364173293,0.11570541560649872
0.0009698957437649369,0.044501930475234985
0.0010786609491333365,0.003989593591541052
0.01659081131219864,0.00661640428006649
0.0583651140332222,0.005927967373281717
-0.0011347414692863822,0.0047569721937179565
0.01859905570745468,0.02158954367041588
0.02303086221218109,0.004465882200747728
0.0007678255788050592,3.9630358514841646e-05
0.005208706017583609,0.006270313169807196
0.0008385512046515942,-0.002792137209326029
0.0024647684767842293,-2.960686106234789e-05
0.017155975103378296,0.059941843152046204
0.0020592964719980955,-0.0011000903323292732
0.011322161182761192,-0.0028450842946767807
0.003030948806554079,0.00017298277816735208
0.001471800496801734,0.0006182397482916713
0.02326994016766548,0.005320439115166664
0.029238665476441383,0.008255853317677975
0.0007413413841277361,9.780164691619575e-05
0.001335054636001587,0.039283476769924164
0.015451214276254177,-0.0009252807940356433
0.01168075855821371,2.238070737803355e-05
0.01380741037428379,-0.00019819813314825296
0.0012246191035956144,-8.168190834112465e-05
0.03187160938978195,0.0013514960883185267
0.006605104077607393,0.0003028075152542442
0.0002590665244497359,0.001392607344314456
-7.061184442136437e-05,0.0007187352748587728
0.010477177798748016,-0.0012969952076673508
0.00011100001574959606,0.0045506334863603115
0.00014657129941042513,0.002597013721242547
0.01918584294617176,0.02373005636036396
5.707138916477561e-05,0.014809749089181423
0.0007881796336732805,0.008832946419715881
0.002807606477290392,0.0012691451702266932
0.0033414431381970644,0.007772443816065788
0.017760014161467552,-4.821181391889695e-06
0.013517525047063828,0.011900236830115318
-0.0020578422117978334,-0.0029965380672365427
0.004802756942808628,5.79722982365638e-05
-0.0005861695972271264,0.006983238738030195
0.0010113638127222657,0.003990032710134983
0.024875622242689133,-0.0012240493670105934
0.0017470651073381305,0.0005512814386747777
0.0002447881270200014,-0.0006724703125655651
-0.00809532217681408,-0.007621546275913715
1.651025377213955e-05,0.018834855407476425
0.0070914290845394135,0.05686552822589874
0.000301284744637087,6.46563566988334e-05
0.0377083420753479,0.013007462956011295
-0.0033903587609529495,0.04579004645347595
0.009293632581830025,0.0006518142763525248
-0.008507654070854187,-0.00930429995059967
-0.0005380947259254754,-0.0003209169954061508
0.0143980011343956,0.0035113096237182617
-0.00016778509598225355,0.0009746372234076262
0.007250707130879164,0.003768365364521742
-0.002425671089440584,0.005911126267164946
0.008227858692407608,0.012736241333186626
0.003344727447256446,5.0547547289170325e-05
0.005932040978223085,0.0008509234176017344
0.0004805251955986023,-0.0322766974568367
0.003668643068522215,0.0009121090406551957
0.0008394888136535883,-0.0009321775287389755
-0.016627365723252296,-0.0075107142329216
0.005992023274302483,0.007509746588766575
-0.0014482419937849045,-0.0042733121663331985
0.1159551814198494,0.001441962900571525
0.0010113638127222657,0.003990032710134983
0.002937156707048416,0.00043575436575338244
0.008851413615047932,2.800457878038287e-05
0.0012756711803376675,-0.0004998730146326125
-0.007087923586368561,-0.0037735197693109512
-0.03118227794766426,-0.03383679687976837
-2.8763955924659967e-05,0.0008828022982925177
0.0002646285865921527,0.0028904106002300978
0.0007296239491552114,-0.0014349836856126785
0.08955427259206772,0.008733202703297138
0.012837071903049946,0.00763870170339942
-0.00044824881479144096,0.0041877832263708115
0.015426242724061012,-0.005893697030842304
-9.66670922935009e-05,-0.0005324747180566192
-0.007664030883461237,-0.00844922661781311
0.06143724173307419,0.003446567803621292
-0.2564045488834381,-0.2550138533115387
0.010558354668319225,0.007491112686693668
0.003272655885666609,0.0018804314313456416
-0.014355134218931198,-0.032895881682634354
0.006625074427574873,0.001348366728052497
0.019360192120075226,0.004431103356182575
0.00018715998157858849,0.00013330619549378753
-0.0015185917727649212,-0.0004888736875727773
0.024003464728593826,0.007980626076459885
0.002497326349839568,0.0046167862601578236
0.005813090596348047,-0.0008848357829265296
0.0027203308418393135,0.0004777491558343172
0.0037464334163814783,0.01317132730036974
0.00457598315551877,0.003025580896064639
0.0010335000697523355,0.0017644038889557123
0.0016207396984100342,0.0005990286590531468
-0.003269153879955411,0.007715374696999788
0.005464459769427776,0.0017005761619657278
-0.2772764265537262,-0.2655714154243469
0.0022526239044964314,0.0416366271674633
-0.00018194178119301796,0.0010506580583751202
0.0013348973589017987,0.0037482050247490406
0.0019528999691829085,0.0010924559319391847
-0.0073505849577486515,-0.007881935685873032
0.0010635938961058855,-0.00010332907550036907
-0.014155740849673748,-0.017303280532360077
-0.00013346574269235134,-0.0017400309443473816
-0.004152266308665276,-0.011492980644106865
0.012971721589565277,0.0015974196139723063
0.006368739064782858,0.0028275891672819853
0.003966354764997959,5.160400178283453e-05
0.0027067973278462887,0.0002779320639092475
0.04806431010365486,0.0016327779740095139
0.030467048287391663,0.0011013606563210487
0.25000524520874023,0.000185423472430557
-0.0007046334212645888,0.0006200727657414973
0.032445166260004044,0.004609828349202871
0.0011615206021815538,0.05772174522280693
0.0019895662553608418,0.0057753706350922585
0.0002464192220941186,0.0017449825536459684
-0.006218955386430025,-0.012853343039751053
0.006678306497633457,-0.000670160457957536
0.00028758373809978366,0.006009030621498823
0.00146838603541255,-0.00022720085689797997
0.004849393852055073,0.0006522609619423747
0.0016689023468643427,-0.0009742258116602898
0.0003134850412607193,0.009227939881384373
0.013538487255573273,0.0064297206699848175
0.00065792934037745,0.06937702745199203
-0.00010847434168681502,0.002650768496096134
0.0060889832675457,-0.002451465930789709
0.003951734397560358,0.004456939175724983
-0.406207412481308,-0.43393030762672424
-0.0009349752217531204,-0.0026461277157068253
-0.008987383916974068,-0.01000919844955206
0.0003113534767180681,0.002321216044947505
0.0008651531534269452,0.07694271951913834
0.02513827197253704,0.0010007205419242382
-0.00012135734868934378,0.0022300099954009056
-0.018796078860759735,-0.030515078455209732
-0.020565319806337357,-0.027414290234446526
0.0008175462717190385,0.0186250451952219
-0.03410341963171959,-0.034917160868644714
0.0017759189940989017,0.0015354235656559467
0.013478236272931099,0.00016197297372855246
0.0027864151634275913,-1.5954399714246392e-05
-0.011957608163356781,0.004793835803866386
-0.00045196752762421966,0.0005246668588370085
-0.003707434982061386,-0.003949559759348631
0.10045012086629868,0.00016558170318603516
0.003970462363213301,0.0022110750433057547
0.0023677274584770203,0.09639080613851547
-0.0005640618037432432,-0.0024547572247684
0.033931925892829895,-0.00022698548855260015
-7.396680302917957e-06,-0.00027408075402490795
0.0035162775311619043,-0.0001628758618608117
0.043075211346149445,0.0077223931439220905
0.005017020273953676,0.0054667312651872635
0.009293632581830025,0.0006518142763525248
0.002934096846729517,0.001260617864318192
0.005757192615419626,0.0005266694352030754
0.004868997726589441,0.0029501542448997498
0.0010448964312672615,0.0003312104381620884
0.0017069042660295963,-0.0004263930022716522
-0.004766874946653843,-0.005494444631040096
0.0022492888383567333,0.016795983538031578
0.011312291026115417,0.005443963222205639
0.009134866297245026,0.00564343947917223
-0.001955730142071843,0.005557525437325239
0.006419495679438114,-0.0003698160871863365
0.011041726917028427,-0.0027181385084986687
0.007264447398483753,0.0007825882639735937
0.00102568743750453,0.007748758886009455
-0.0005785706453025341,-0.0014329091645777225
-0.001414347207173705,0.02541298419237137
0.03172438591718674,0.0009150906116701663
0.0004774258122779429,-0.0007486038957722485
0.1336754411458969,-0.0016172589967027307
0.004596036858856678,-0.007532230578362942
0.0008526904857717454,-0.00019699864787980914
0.086701400578022,0.0025208410806953907
0.0016153722535818815,0.002049935981631279
-0.005906352307647467,-0.008729481138288975
0.013601955957710743,0.004549999721348286
0.002402188489213586,0.0007461763452738523
0.003312688786536455,0.01659180410206318
0.0010592819890007377,0.0011800829088315368
0.006576291285455227,0.01888740062713623
0.0004904444213025272,0.0007656890666112304
0.021166380494832993,0.0009979796595871449
0.01139864232391119,0.04849742352962494
0.005819625221192837,0.010777370072901249
0.0004152967012487352,0.0027822363190352917
0.004876527935266495,0.0006742733530700207
-0.027682214975357056,-0.0180884450674057
0.0012393845245242119,0.0002708288375288248
0.024701448157429695,0.05532388389110565
0.002427774015814066,0.0009617428295314312
-5.658931331709027e-05,0.0019883718341588974
-0.00030444865114986897,-0.0021696302574127913
0.002669072477146983,6.184913218021393e-06
0.00014571176143363118,0.023454664275050163
-0.03750121220946312,-0.029402803629636765
0.01795230247080326,0.004616524092853069
0.011941416189074516,0.05572216585278511
0.0008652599062770605,0.002984442049637437
0.00012018484994769096,-0.0005083201685920358
-9.245472028851509e-05,-0.0030886936001479626
0.002633604221045971,0.0011269845999777317
0.06087680906057358,-0.00010772875975817442
0.0002708931569941342,0.0005814919713884592
0.0004352489486336708,0.0018527987413108349
0.016929345205426216,0.009501415304839611
0.06326277554035187,0.00029552867636084557
0.00737975537776947,-0.006814437918365002
0.00497247651219368,0.009434283711016178
0.00029112386982887983,3.48963076248765e-05
0.03666786476969719,0.08385507017374039
0.00982238445430994,0.0009173481957986951
0.0014799684286117554,-0.012141313403844833
0.006026942282915115,0.0024042532313615084
-0.004010116681456566,-0.004894908983260393
-0.003115443279966712,0.012373927049338818
0.0009516646387055516,0.0015891416696831584
0.009617431089282036,0.04688038304448128
0.00023997726384550333,9.424379095435143e-05
0.012523410841822624,0.0005066210869699717
0.0019570228178054094,-0.0022479533217847347
0.003672510152682662,0.0024658995680510998
0.16854842007160187,0.025662163272500038
0.004221120849251747,0.02050747536122799
0.06680747866630554,0.0016253755893558264
0.009818433783948421,-0.0006842983420938253
0.0082365982234478,0.0024843700230121613
0.004504960495978594,0.0015370356850326061
-0.0016759049613028765,0.014544883742928505
0.08286136388778687,0.0005140100256539881
0.0002300221094628796,0.0006420424324460328
0.018964622169733047,0.0037709111347794533
0.0009702889365144074,0.0006289680022746325
0.0022872930858284235,0.008032342419028282
0.0018267782870680094,0.0023812921717762947
0.00041269941721111536,0.03614236041903496
0.0041460092179477215,8.585116302128881e-05
0.0013047803658992052,-0.00018443982116878033
-0.0013834860874339938,0.002276016166433692
0.019485490396618843,-0.0034571420401334763
0.00036227123928256333,0.00324596231803298
0.01794498972594738,0.0635211393237114
-0.0005980927962809801,0.00433002645149827
-0.000995615846477449,0.006324858404695988
0.04154127836227417,-0.006705558393150568
0.00011431315215304494,0.018648728728294373
0.046523064374923706,0.007819836027920246
-0.026701346039772034,-0.030992262065410614
0.005477511789649725,0.016286954283714294
0.0003019011637661606,0.018461206927895546
-0.006413182709366083,-0.00354131986387074
0.004721826408058405,5.3494019084610045e-05
-0.03937455266714096,-0.06398384273052216
0.005070599261671305,0.005894288420677185
0.00015980808530002832,0.003360109869390726
0.025020143017172813,-0.0008099449914880097
0.005050636362284422,0.00033593489206396043
0.01333873625844717,9.150673577096313e-05
-0.001159708946943283,-0.0020585216116160154
-0.004927413072437048,-0.007029401138424873
0.004235697444528341,0.0033625224605202675
0.003777716774493456,0.018691757693886757
0.0023080401588231325,0.00021077599376440048
-0.013112246990203857,-0.015164005570113659
0.0026214439421892166,0.016461992636322975
0.0009834131924435496,0.005420450121164322
0.0031384569592773914,0.00044221486314199865
0.024438366293907166,0.011532208882272243
0.0010786609491333365,0.003989593591541052
0.009486846625804901,-0.004058507736772299
3.337342059239745e-05,0.014027530327439308
-0.002362671308219433,-0.0032864378299564123
0.0005303788930177689,0.0016755512915551662
0.0028422537725418806,0.0032376155722886324
0.023120898753404617,0.0018614823929965496
-0.1923738270998001,-0.19117124378681183
0.0004780635645147413,0.010264191776514053
0.05714227631688118,0.00030969351064413786
-0.0028791390359401703,-0.009394020773470402
-0.00642187986522913,0.005604958161711693
0.0028497599996626377,0.010030156932771206
0.0009284264524467289,0.004426178988069296
-0.00015834934310987592,0.0003218499477952719
0.0004512985178735107,0.00037450011586770415
0.06325988471508026,0.0010909812990576029
6.591668352484703e-06,0.0278024859726429
0.008363697677850723,0.0011937367962673306
0.0032267500646412373,0.00022289030312094837
0.0017077174270525575,0.0037915739230811596
0.002133332658559084,0.00528538366779685
-0.0008998592384159565,-0.0039665587246418
0.006533176638185978,0.0011750973062589765
0.002138817450031638,0.0009292680770158768
0.013246139511466026,-0.0034390706568956375
-0.0038422453217208385,-0.005860334262251854
0.001713970210403204,-0.0005585802718997002
0.0026700221933424473,0.02155347540974617
0.006197222508490086,-0.0016650761244818568
0.0016089989803731441,-0.0024620783515274525
0.0062934947200119495,0.005526516120880842
0.027720889076590538,0.018252061679959297
0.004960707854479551,-0.00047761888708919287
0.01634758524596691,-2.6259192964062095e-05
0.0022482573986053467,-8.258270099759102e-06
0.0009167407406494021,0.0005110260681249201
0.00225076568312943,0.024427326396107674
0.028376363217830658,0.0005150156794115901
0.007548502646386623,0.00026241064188070595
-0.0016811533132568002,0.008950378745794296
0.003093950217589736,0.0017855188343673944
0.0027474192902445793,0.007035944610834122
0.0795985609292984,-0.001163683831691742
0.0017888155998662114,0.00123082275968045
0.000406418286729604,0.018635211512446404
0.0107583524659276,0.004501143004745245
-0.002624650951474905,-0.004829402081668377
0.0009603404905647039,0.0013623314443975687
0.00028941917116753757,0.004333148244768381
0.00030818773666396737,-0.0003683313843794167
-0.00484590046107769,-0.00429400522261858
0.02996760793030262,0.0033813542686402798
0.0004545506089925766,0.005175930447876453
0.007797794882208109,9.158600732916966e-05
-0.0005201909225434065,-0.0015396137023344636
-0.012543337419629097,-0.015234015882015228
0.0021471986547112465,0.002495479304343462
-0.42709752917289734,-0.42760545015335083
0.006024588830769062,-0.0009227978880517185
-0.00044743201578967273,0.00208266475237906
0.0033375690691173077,0.014838853850960732
0.001152036595158279,0.0053757838904857635
0.0010679534170776606,0.0002285791706526652
0.0003782350104302168,-0.0008026694413274527
-0.010488549247384071,-0.03135358914732933
-0.00031667191069573164,0.005248227622359991
0.043075211346149445,0.0077223931439220905
-0.062215905636548996,-0.06367723643779755
-0.01595938391983509,-0.018321776762604713
0.02513827197253704,0.0010007205419242382
0.0013641471741721034,0.0004745706683024764
-0.001888558268547058,0.330919474363327
0.0021789881866425276,0.0014256717404350638
0.005475098732858896,0.00047492250450886786
0.005058608017861843,-0.0011182873276993632
3.1339477573055774e-05,0.002213680185377598
0.0008809043210931122,0.0006980799953453243
-0.004766874946653843,-0.005494444631040096
0.02674023248255253,0.003430380951613188
0.015546636655926704,-0.0003620849456638098
0.0019958452321588993,0.0013318879064172506
-0.007232182193547487,-0.00840920489281416
0.003599681658670306,0.0033499549608677626
0.001963285496458411,0.0661298856139183
0.002535248873755336,0.00025551047292537987
-0.0015477207489311695,-0.0023000312503427267
0.009920060634613037,-0.00045905238948762417
0.0006834215018898249,-0.0021562050096690655
-0.0039735520258545876,-0.007257753983139992
0.02389402873814106,0.000920441874768585
0.003984854090958834,0.010853658430278301
0.002314597601071,-0.0005633322871290147
0.013752131722867489,-0.0010029335971921682
0.0003983809729106724,0.00046132548595778644
-0.0009900437435135245,0.0015860020648688078
0.004540502559393644,0.0018258149502798915
0.021191701292991638,-0.005271469708532095
-0.0008446903666481376,-0.0004489927086979151
0.0010283319279551506,0.0023619658313691616
-7.47479498386383e-05,0.025296015664935112
0.08635547012090683,0.01871192269027233
0.002866600640118122,0.0012294156476855278
0.0022620740346610546,0.0003993073769379407
0.20522767305374146,0.06785478442907333
-0.016961490735411644,-0.01390406209975481
0.004702433943748474,-0.000348828878486529
0.0009107934311032295,-2.991095243487507e-05
0.0005303788930177689,0.0005315563175827265
0.0018182366620749235,-0.0002708663232624531
0.0018720920197665691,0.005409121047705412
0.0018514645053073764,0.0011869280133396387
7.423677743645385e-05,0.010925080627202988
0.0005546342581510544,0.02246786467730999
0.010344459675252438,0.017606055364012718
0.0020256456919014454,0.003356213914230466
0.0010153932962566614,0.011242256499826908
0.0001384829665767029,0.0005938193062320352
-0.041983503848314285,-0.050635531544685364
0.007227087859064341,0.001260091783478856
0.04480789229273796,0.0007847847300581634
0.0005653458647429943,0.006821523420512676
0.0010648519964888692,0.0009449358913116157
0.015562617219984531,0.134988471865654
0.19060204923152924,0.01256478950381279
3.504706546664238e-05,0.005104240961372852
0.03058447502553463,0.014571351930499077
0.010230837389826775,-0.0018108508083969355
0.004010975826531649,-0.004491221625357866
0.10492455214262009,0.019373560324311256
-0.00020007722196169198,0.0017523998394608498
-0.002112590242177248,0.001812709029763937
0.006039922125637531,-0.0001880525378510356
0.008707336150109768,0.01602861098945141
0.022322751581668854,0.014898555353283882
0.006983933504670858,0.0013398771407082677
-0.00042776577174663544,7.022591307759285e-05
0.008581945672631264,-0.004157134331762791
-0.0057372646406292915,-0.016077471897006035
0.0005584522150456905,-0.0018259485950693488
0.0034387584310024977,0.00022091179562266916
0.021445902064442635,-0.005103216506540775
0.000485708616906777,0.0001201709674205631
0.00517136650159955,-0.0004839957691729069
0.02955297753214836,0.0008514517685398459
0.001109135802835226,0.0026649453211575747
0.0008636096026748419,0.0038316063582897186
0.00046830036444589496,0.0027279865462332964
0.004189678467810154,0.0007512903539463878
0.0173600222915411,0.007180241867899895
0.0004593415360432118,0.01281084306538105
0.011630548164248466,-0.0017573648365214467
0.0023799927439540625,0.0007008366519585252
0.0108265969902277,-0.000770284968893975
0.0025237449444830418,0.008894890546798706
-0.0021614190191030502,-0.0019073296571150422
-0.0023581190034747124,0.015289518982172012
0.014854330569505692,0.019041089341044426
0.0018783585401251912,0.00020139917614869773
0.0019304141169413924,0.00014916517829988152
-0.0016663703136146069,-0.002045353641733527
-6.141886115074158e-05,-0.0029515959322452545
-0.0007889224216341972,-0.0017522794660180807
0.0012393845245242119,0.0002708288375288248
0.0026256702840328217,-0.0011606202460825443
0.005668684374541044,0.003509165020659566
0.0024548957590013742,0.002687630243599415
0.005563604645431042,0.2785388231277466
0.004238721448928118,0.0032507432624697685
0.002922129351645708,0.029718894511461258
0.0030454981606453657,0.002241705544292927
0.006553690880537033,0.007116049528121948
0.009041370823979378,-0.0014564702287316322
0.044575005769729614,5.90819981880486e-05
0.0019101330544799566,0.012750006280839443
0.0026576865930110216,0.05150308459997177
0.0009132849518209696,0.008153127506375313
-0.0005256118020042777,0.0007329116342589259
0.00028758373809978366,0.006009030621498823
0.0010546823032200336,0.0021217523608356714
0.004535147454589605,0.010526992380619049
0.0006631026626564562,0.003463135566562414
0.010935407131910324,0.006897729355841875
0.05248691886663437,-0.008366266265511513
0.029574522748589516,0.0007451594574376941
0.02494824305176735,7.186231960076839e-05
0.010315904393792152,0.004192642867565155
0.012812893837690353,-0.0006322691333480179
-0.00954684428870678,-0.009536531753838062
0.0015929237706586719,-0.0009763787966221571
0.015411168336868286,0.002744167111814022
-0.005931859370321035,0.01596043072640896
0.00037712673656642437,0.002993867266923189
0.022901322692632675,0.003261926118284464
0.0041460092179477215,8.585116302128881e-05
0.0008123499574139714,0.06710880994796753
0.002402188489213586,0.0007461763452738523
0.010427839122712612,0.009183424524962902
-0.00017518096137791872,0.0031908764503896236
-8.766248356550932e-05,7.690128404647112e-05
0.017488157376646996,0.0033430003095418215
0.003754525678232312,-0.0007898645126260817
0.006679334677755833,0.001704009948298335
0.017809415236115456,0.0007633069180883467
0.0032504599075764418,1.392027479596436e-05
0.0005795554025098681,0.0029093960765749216
0.03165864199399948,-1.0408897651359439e-05
0.002681025303900242,0.0012887285556644201
0.003940284252166748,0.00019232416525483131
0.022804388776421547,0.001170904259197414
0.0009830540511757135,0.0076449899934232235
0.003817319869995117,-0.0012729528825730085
0.0006866886978968978,0.0002781084622256458
0.004268127493560314,0.00046436372213065624
-0.0006949814269319177,-0.0013077744515612721
0.0030707574915140867,0.00042212969856336713
-0.005466964561492205,-0.011215304024517536
0.003663170151412487,0.0010490245185792446
0.011948707513511181,0.0003902519238181412
0.04555767774581909,0.0006144715589471161
0.006811670958995819,0.0010039336048066616
0.030134834349155426,0.023491818457841873
0.11862491071224213,0.04857441410422325
0.19328323006629944,-0.007421853020787239
0.17867271602153778,-0.0022604388650506735
0.004685333929955959,0.014635705389082432
0.0009917505085468292,-0.0036754829343408346
0.002535248873755336,0.00025551047292537987
0.0035393796861171722,0.0034318682737648487
0.002968310611322522,0.025685224682092667
0.013290648348629475,0.00277914316393435
-0.0006709755398333073,-0.0008738803444430232
0.012721414677798748,0.0017673023976385593
-0.016206933185458183,-0.018511926755309105
0.0027474192902445793,0.010212205350399017
0.0009825723245739937,-0.0008810382569208741
0.0009297217475250363,0.005653270985931158
0.0014465036801993847,0.0007910558488219976
0.0034678441006690264,0.003168008988723159
-0.018202953040599823,-0.01969815604388714
-0.023034026846289635,-0.02489742636680603
-0.0044315280392766,-0.007235669530928135
0.0019958452321588993,0.0013318879064172506
0.02788989059627056,0.005302549339830875
0.0012311572209000587,0.0012486869236454368
1.5010125935077667e-05,0.0004353811964392662
-0.0022059569600969553,-0.005317428149282932
-0.2412206530570984,-0.07281458377838135
0.000815098755992949,0.001550372107885778
-0.031992606818675995,-0.030824173241853714
0.00044450254063121974,0.0005611510132439435
0.0034846593625843525,0.008370843715965748
0.009843887761235237,0.00035242634476162493
-0.0024569472298026085,-0.00513832364231348
0.0065691820345819,2.2885971702635288e-05
0.0015765409916639328,0.016788819804787636
0.0014823833480477333,0.0004566819407045841
0.007404665928333998,-0.00018362750415690243
0.02535099908709526,0.0028736330568790436
0.01691165193915367,0.014405351132154465
0.011234295554459095,0.0002987288171425462
0.002255733124911785,0.005494116339832544
0.0004066919209435582,0.003805949352681637
0.023203421384096146,0.0016135452315211296
0.012409151531755924,-0.0014380775392055511
-0.0008998592384159565,-0.0039665587246418
0.0005016400245949626,0.0003178640909027308
-0.009487415663897991,-0.008133260533213615
-0.008539080619812012,-0.00834240298718214
0.046983350068330765,-0.004219391383230686
0.007266534026712179,-2.3472632165066898e-05
0.019942929968237877,0.00414054561406374
0.003939472138881683,0.004396633245050907
0.09385603666305542,0.0017429456347599626
0.002236446365714073,-9.751319885253906e-05
-0.0002174948458559811,-0.0007531074224971235
0.016944557428359985,2.6402354706078768e-05
-0.00013506374671123922,-0.0002783457166515291
0.05997232347726822,0.0020936280488967896
-0.004463746212422848,-0.01642034761607647
0.005844289902597666,0.003275490365922451
0.0019437687005847692,0.00389650440774858
0.02881282940506935,-0.00028186809504404664
0.0036563631147146225,0.0010680713457986712
5.706900265067816e-05,0.000373253773432225
-0.0014540657866746187,0.0005001826211810112
0.016062701120972633,0.0025300325360149145
0.014396637678146362,0.0021334830671548843
0.018790725618600845,0.0063887122087180614
0.0009936634451150894,0.0016678485553711653
0.0021484973840415478,0.024355461820960045
6.416148971766233e-05,-0.00030416686786338687
0.006262794137001038,0.011312945745885372
-0.0014924936695024371,0.0008265480864793062
0.002373621566221118,0.0006168368854559958
0.0015004125889390707,0.0008570458739995956
0.00869711022824049,0.00017122455756179988
0.0059241317212581635,-0.005140827037394047
0.034889500588178635,0.00109196943230927
0.035353269428014755,-0.012540660798549652
-7.467844989150763e-05,-0.001346418634057045
0.0009613527217879891,0.005885121412575245
0.0004917969927191734,6.788995960960165e-06
-0.03467801958322525,-0.03861560299992561
0.0003433423116803169,-0.001683226553723216
0.00033094489481300116,0.0028946800157427788
0.0012682874221354723,0.004258403088897467
0.0013754003448411822,-0.0011939022224396467
0.01234279666095972,0.004551649559289217
-0.005349581129848957,0.01594960130751133
0.0010910769924521446,0.0004721220175269991
-0.00015609952970407903,0.0038753803819417953
-0.033403925597667694,0.051587846130132675
0.0012173483846709132,0.02036537230014801
0.009211894124746323,-0.000947203952819109
0.0017524700378999114,0.0004146035935264081
0.0010589954908937216,2.3757202143315226e-06
0.0035057682543992996,0.0037578758783638477
0.00148750189691782,4.584609996527433e-06
0.0025609470903873444,6.511455285362899e-05
-0.001204836182296276,0.0009581923950463533
-0.0001192120835185051,-0.009736278094351292
0.10383639484643936,0.0007188796880654991
-0.027325114235281944,-0.024055199697613716
0.03628988191485405,-0.039037201553583145
0.0030998862348496914,0.0034358722623437643
0.0013233453501015902,0.00017428133287467062
0.0001560619566589594,-0.0017590841744095087
-0.032804232090711594,-0.03447867929935455
0.0001588288287166506,3.643812669906765e-05
0.0003923834301531315,0.00934562087059021
0.0002129386703018099,0.0003279851225670427
-0.03750121220946312,-0.029402803629636765
-5.305779632180929e-05,-0.00034343142760917544
-0.007038434501737356,-0.012599005363881588
0.0022484753280878067,0.012190609239041805
0.017904164269566536,0.00845394842326641
-0.005009556654840708,0.0035325740464031696
-0.0006582797504961491,-0.0019799871370196342
-0.007224422879517078,-0.00584900937974453
-0.00035109743475914,0.05835365504026413
0.015447765588760376,0.0022889827378094196
0.014918932691216469,0.00018353055929765105
0.001727343536913395,-0.012465080246329308
0.011107947677373886,0.031948115676641464
0.00010606134310364723,0.07883001863956451
0.001825766172260046,-0.0009420855203643441
-1.7575337551534176e-05,-5.359499482437968e-06
0.005360942333936691,0.0012643833179026842
0.008714837953448296,0.0015656653558835387
-0.004092955030500889,0.09014502167701721
0.0009708463912829757,0.00024854112416505814
0.002340934006497264,0.0004821907787118107
0.0016734171658754349,-0.00011943929712288082
-0.0011896868236362934,-0.0024760146625339985
0.001517492812126875,0.003968175500631332
0.00032393692526966333,0.015094754286110401
0.005515303462743759,-0.002509645652025938
0.0014724694192409515,-0.003521232632920146
0.0003923834301531315,0.00934562087059021
-0.011424018070101738,-0.02202995866537094
0.0008642329485155642,0.0009426969336345792
0.01333873625844717,9.150673577096313e-05
0.0007285689353011549,-2.1559191736741923e-05
0.004764816258102655,0.0013527397532016039
0.003858766984194517,0.006296908017247915
0.001052947249263525,-0.003976582549512386
-0.024760166183114052,-0.024446390569210052
0.0008519610273651779,0.0033437912352383137
0.0014429845614358783,0.0011517326347529888
0.008104337379336357,0.00024764123372733593
-0.014916515909135342,-0.016386806964874268
0.005781206302344799,-0.00017101955018006265
0.0008018920780159533,0.0025990232825279236
-1.3693410437554121e-05,-0.0007608524756506085
-0.0055409385822713375,-0.004575992003083229
-0.0010098022175952792,0.017310570925474167
0.0012208751868456602,0.00774772185832262
0.003540231380611658,0.0029588397592306137
0.00990032684057951,0.6069148182868958
0.0017754993168637156,0.002719708951190114
0.09348440170288086,-0.0013653300702571869
0.08303242176771164,0.009947693906724453
0.0002605816116556525,0.016243238002061844
0.002911526244133711,-0.005466069094836712
-0.0010157956276088953,-0.000826304079964757
0.010467481799423695,0.00013791429228149354
-0.001110755023546517,-0.00017867609858512878
0.0006861809524707496,-2.599063009256497e-06
0.002904019085690379,0.012577390298247337
-0.0013705955352634192,-0.0018567724619060755
-0.0025911128614097834,-0.0006049040239304304
0.0014802871737629175,0.0014495467767119408
0.3457176983356476,0.02305215783417225
0.0011084042489528656,-0.012762369588017464
0.007612127345055342,0.0007672472856938839
0.007649519946426153,-0.0012222642544656992
0.0028910981491208076,0.006016756873577833
0.007694772910326719,0.0010595195926725864
0.010038865730166435,0.003340514376759529
-0.002402456710115075,0.0047926888801157475
0.002340499311685562,-0.00018317106878384948
0.009379633702337742,0.0015926309861242771
0.003083783434703946,0.014055131003260612
0.024422047659754753,0.00041401784983463585
0.002776318695396185,0.019117744639515877
0.010054961778223515,-3.325306170154363e-05
0.0005904952995479107,-0.0018581245094537735
-0.060174260288476944,-0.06074538826942444
0.0021431308705359697,6.189531268319115e-05
-0.00029208604246377945,-0.004507970996201038
0.0050262147560715675,0.06741101294755936
0.010153310373425484,0.00010949952411465347
-0.0004996330244466662,0.0015086950734257698
0.004223610274493694,0.0064959339797496796
0.01684195175766945,0.015519139356911182
0.0006378510734066367,-0.00045085643068887293
0.0017139683477580547,-5.6455137382727116e-05
0.005490705370903015,0.0010755026014521718
0.0005621883319690824,0.007190498523414135
0.0008242308394983411,0.003776943078264594
0.0012205003295093775,0.00044233299558982253
0.00124456943012774,4.232981882523745e-05
0.01826525293290615,-0.0018096272833645344
0.015203277580440044,0.060870569199323654
0.01744224689900875,0.0018505463376641273
0.000625373562797904,0.0025497593451291323
0.003041473450139165,0.007787483744323254
0.06174122914671898,0.002163503086194396
-0.00018238206394016743,-0.0007875861483626068
0.0021719406358897686,0.0002961503923870623
0.0009652507142163813,0.0024475709069520235
0.002537275431677699,0.0010419904720038176
-0.0070256744511425495,-0.0027992199175059795
0.001124234520830214,0.00011810415890067816
0.00830595102161169,0.011246244423091412
0.0028783949092030525,0.00963063444942236
0.00324574438855052,-0.0033073751255869865
-0.0018541701138019562,-0.014207741245627403
0.004593624733388424,-0.002091728150844574
0.001414573984220624,-0.0009919474832713604
0.00445503368973732,0.03889651969075203
-9.891140507534146e-05,0.0009324416168965399
0.0007861630292609334,0.0057062567211687565
0.0008956636302173138,0.001810482470318675
0.0027476486284285784,0.0010870593832805753
0.003599681658670306,0.0033499549608677626
-0.007848796434700489,-0.013001618906855583
0.02470356784760952,0.008644510060548782
0.010705003514885902,0.0013579230289906263
-0.001300410134717822,-0.0016991130542010069
0.010649072006344795,-0.0046745347790420055
0.0064213392324745655,0.00343073601834476
0.009479891508817673,0.024766385555267334
0.05997232347726822,0.0020936280488967896
-0.09937892109155655,-0.10651849955320358
0.009740576148033142,-0.0025256099179387093
0.001777801662683487,0.0018965413328260183
0.0006107453373260796,-0.0003228135756216943
0.005632129963487387,0.02695859782397747
0.004071980249136686,0.012517531402409077
0.002970087807625532,0.000137486174935475
0.011322161182761192,-0.0028450842946767807
0.013373963534832,0.00405062036588788
0.014757647179067135,0.00433164369314909
0.003599681658670306,0.0033499549608677626
-0.012545913457870483,-0.01848473958671093
-0.0004736728733405471,0.02369796857237816
0.004452310502529144,-0.0003338002134114504
0.0064213392324745655,0.00343073601834476
0.02089698240160942,-0.005603793542832136
0.0010786609491333365,0.003989593591541052
0.0008455953211523592,0.00033594429260119796
8.927920134738088e-05,0.0908399447798729
0.00015369633911177516,0.0033496904652565718
0.004578431136906147,-0.0016230321489274502
0.009352344088256359,0.008791191503405571
0.0003468118666205555,0.00011180051660630852
0.0026161533314734697,0.01833454519510269
0.02029249630868435,-0.0011606202460825443
0.0107583524659276,0.004501143004745245
0.027433248236775398,0.24305282533168793
0.0033972146920859814,0.011555196717381477
0.0001512006128905341,0.0004193302011117339
0.00039703992661088705,0.003638286842033267
0.010210270062088966,0.007892831228673458
0.0010704657761380076,0.0019346729386597872
0.00024303674581460655,0.0011352950241416693
0.011119717732071877,-0.0007386619690805674
0.002189264167100191,0.008760658092796803
0.0036362127866595984,0.00010277974070049822
-0.0005177958519198,0.047055747359991074
0.00283640343695879,-0.002756189787760377
0.02363424561917782,0.004744609352201223
-0.004152266308665276,-0.011492980644106865
-0.014737287536263466,-0.01647382602095604
0.002425306010991335,0.0229843370616436
0.004412590526044369,0.0036222534254193306
0.003557576797902584,0.000457512098364532
-0.0011568116024136543,-0.0023456555791199207
0.00012467344640754163,0.03932027146220207
0.007151592057198286,0.00508094159886241
-0.022669974714517593,-0.006684549152851105
0.011468693614006042,-0.0018824520520865917
0.07137998193502426,0.00145596987567842
-0.0007690562633797526,0.006313122343271971
0.06999748945236206,0.004081244580447674
0.001001214375719428,0.0005339523777365685
0.006247267592698336,-0.0001737830025376752
0.0024068790953606367,0.023226046934723854
0.012964511290192604,-0.007891207933425903
0.0032249782234430313,0.12583450973033905
0.002191308420151472,0.04878419265151024
0.09555820375680923,-0.018573902547359467
0.0019610256422311068,0.002578983549028635
0.01377297192811966,1.9324352251715027e-05
0.002159837866201997,0.0012668126728385687
-0.003726164810359478,-0.004281939938664436
0.04951151832938194,0.0010591321624815464
-0.10887838155031204,-0.1070636734366417
0.18813470005989075,-0.0005673222476616502
0.000549528980627656,-0.000519100169185549
-0.0020980897825211287,-0.0019343307940289378
-0.0019033430144190788,1.089414581656456e-05
-0.03224463015794754,-0.013455662876367569
0.0031180770602077246,0.0008712979033589363
1.0503572411835194e-06,0.0012962769251316786
0.0010058600455522537,-0.006053922697901726
-0.0011347414692863822,0.0047569721937179565
-0.041796013712882996,-0.036000896245241165
0.0006900996086187661,0.025739919394254684
0.0032972947228699923,0.07801781594753265
-0.0006764205754734576,-6.89913285896182e-05
0.005619891919195652,0.00013362395111471415
0.04450159892439842,0.007980626076459885
0.001967376098036766,0.00028680849936790764
0.0037267410662025213,0.0014247236540541053
-0.0008654147386550903,-0.005037391092628241
0.007263048551976681,0.016630716621875763
-0.00015834934310987592,0.000893210235517472
-0.002250286052003503,-0.000860296655446291
0.0012501112651079893,-2.7112328098155558e-05
0.005878535099327564,0.0002843883994501084
0.00868774764239788,0.007580718956887722
0.0033871338237076998,0.004303872585296631
0.0017169294878840446,0.0036538937129080296
0.009293632581830025,0.0006518142763525248
0.0012550295796245337,0.010685418732464314
0.009096280671656132,-0.0025734163355082273
-0.028875399380922318,-0.05250008776783943
-0.018478678539395332,-0.02874983288347721
0.000422964571043849,0.006510568782687187
0.0022872071713209152,0.06201687455177307
0.0004020544292870909,0.0009754656930454075
0.0006264871917665005,0.00405992241576314
-0.08727769553661346,-0.08931725472211838
0.001335054636001587,0.039283476769924164
0.0032648518681526184,-0.0069852229207754135
0.030147938057780266,-0.001833969377912581
0.008160410448908806,-0.002110132249072194
0.001726826187223196,0.008791073225438595
0.0008390350267291069,-0.0007023488869890571
0.014002464711666107,-0.00883344653993845
0.027831021696329117,6.664272223133594e-05
0.0037681828252971172,0.025462664663791656
0.00043875514529645443,0.014060785062611103
0.005596209317445755,0.005161666311323643
-0.003795669414103031,-0.002971172332763672
0.00028758373809978366,0.006009030621498823
0.005318671930581331,0.012515701353549957
0.00035209147608838975,0.00452754832804203
0.0007849240791983902,0.0007132388418540359
0.004558301996439695,0.007205689325928688
0.0004981370293535292,-7.713292143307626e-05
-8.986500324681401e-05,0.009746021591126919
-0.0034618747886270285,-0.004229921381920576
0.001190896611660719,-2.517004031687975e-05
-0.002405382227152586,-0.0019044291693717241
0.004333867225795984,0.0005872286856174469
-0.003806749125942588,0.08727334439754486
0.0007723137969151139,0.07391227781772614
0.012867173179984093,-1.9567261915653944e-05
-0.0003146908711642027,0.00205072108656168
0.0005040793912485242,0.00992177426815033
0.014967193827033043,0.013249469920992851
-0.0013536415062844753,-0.0033055210951715708
0.002004386391490698,0.000741721480153501
0.0020542743150144815,0.0004852634447161108
0.004936462268233299,0.00022572126181330532
0.0016210702015087008,0.0008860662928782403
0.04043979197740555,0.001378097222186625
0.016071897000074387,0.002208634512498975
0.005870966240763664,7.93956860434264e-05
0.01493025477975607,0.0018038541311398149
-0.0025922313798218966,0.0007639778777956963
0.0016455315053462982,0.00410619517788291
0.0004856212472077459,0.0007959301583468914
0.00169466738589108,-0.0012420985149219632
-0.00048596697160974145,-0.0007444046204909682
0.0010425897780805826,0.0018456014804542065
0.0022000668104737997,-0.0001682456349954009
0.00897570326924324,-0.003480536164715886
0.0314040407538414,0.0031528575345873833
0.0008748570689931512,0.004057078156620264
0.004824439529329538,0.00010389814269728959
0.0011918377131223679,0.0012000849237665534
0.003344727447256446,5.0547547289170325e-05
0.022742118686437607,-0.006401445716619492
0.004592777229845524,0.006013050209730864
0.003254656447097659,0.0011614739196375012
-0.00025853049010038376,-0.0029744277708232403
0.0005753491423092782,0.0007952487212605774
-0.0074065737426280975,-0.016949016600847244
6.842068978585303e-05,0.0012278323993086815
0.009600460529327393,0.00020239291188772768
0.00138175580650568,-0.0004545768315438181
0.0017727731028571725,0.0105520561337471
-0.015028196386992931,-0.01654866896569729
0.0006599794141948223,-0.0005951576749794185
0.021937862038612366,0.002261660061776638
-0.0008268624078482389,-0.0024482542648911476
0.003134462283924222,0.0013795406557619572
0.01054509449750185,-0.0036676302552223206
0.002167430240660906,0.002970818430185318
0.004250423051416874,4.851099220104516e-07
0.008592977188527584,-0.00024003066937439144
0.0005409208824858069,-0.0011119638802483678
0.002727945800870657,8.199627336580306e-05
-0.016756249591708183,-0.01748034358024597
0.01279384084045887,-0.0012161902850493789
-5.583008169196546e-05,0.002295277314260602
0.0021880604326725006,0.0015170222613960505
0.0009587100939825177,0.0027262773364782333
0.009293632581830025,0.0006518142763525248
0.0007292695809155703,0.005346860736608505
0.024316934868693352,0.005909380968660116
0.007762112654745579,0.002863110275939107
0.0007165359565988183,0.001219743164256215
0.016444681212306023,0.22986525297164917
0.002681974321603775,0.00012192501162644476
-0.002055566059425473,-0.00283372076228261
0.00014195978292264044,0.002232212806120515
7.208669558167458e-05,-4.00409335270524e-05
0.25000524520874023,0.00012077757128281519
0.18569304049015045,0.011405840516090393
0.025310952216386795,0.01144781056791544
0.009352344088256359,0.008791191503405571
0.007449012249708176,9.647669503465295e-05
0.005590705666691065,0.009710963815450668
0.0004774258122779429,-0.0007486038957722485
-0.0021935629192739725,-0.0013989042490720749
0.007961541414260864,0.00032272946555167437
-0.00092102843336761,-0.0026462264358997345
4.659639671444893e-05,-0.003943673335015774
0.007369130849838257,-0.0009963152697309852
0.010037525556981564,-0.0024150449316948652
0.0012392377248033881,-0.0007291791844181716
-0.0017360927304252982,0.02610485814511776
0.007294541224837303,-0.008579852990806103
0.001198426354676485,0.0003834297531284392
0.010706080123782158,0.0019659902900457382
0.0163215734064579,0.0032541989348828793
0.009329128079116344,0.0004879666958004236
0.009075546637177467,0.0028269377071410418
0.0025788338389247656,0.014262831769883633
0.003493958618491888,0.02143591269850731
0.03942996263504028,-0.023309141397476196
-9.556366421747953e-05,0.00387689471244812
0.0012580656912177801,-0.00042501252028159797
-0.0040246471762657166,-0.0377100333571434
0.0021574804559350014,0.038668423891067505
0.0032768945675343275,0.0017932569608092308
-0.0016201658872887492,-0.0017482390394434333
-0.0013847467489540577,-0.00752051267772913
-0.002624650951474905,-0.0043026176281273365
0.0053900438360869884,0.0003157651226501912
0.0030054294038563967,-0.00039807314169593155
0.00011844981054309756,0.007485554087907076
-0.0020557944662868977,-0.003331533633172512
-0.062391091138124466,-0.08945567905902863
-0.022050337865948677,-0.018498117104172707
0.018289603292942047,0.009781381115317345
0.03340908885002136,-0.004134550224989653
-0.0005268112872727215,0.002916545607149601
0.003609672887250781,0.00399544695392251
0.06973966956138611,0.002696420531719923
-0.023514242842793465,-0.02568434737622738
0.006986826658248901,-0.00010923121590167284
0.0064213392324745655,0.00343073601834476
0.0005807188572362065,-0.0007424911600537598
0.0019893695134669542,0.008674943819642067
0.0011952004861086607,0.002343864180147648
0.0003986249503213912,0.0009805099107325077
0.003543611615896225,0.0057350327260792255
-0.0009619384072721004,-0.0012325829593464732
0.0058312127366662025,0.0019351975060999393
0.002977742115035653,0.005833914037793875
0.0023040343075990677,-0.0008411898161284626
0.00012087372306268662,0.00021993763220962137
-0.0018746682908385992,-0.003015712834894657
0.025585221126675606,0.0001445402594981715
0.00226815277710557,-0.0012898498680442572
0.010233432985842228,0.0009347433224320412
-0.030702777206897736,0.01828111708164215
0.020336462184786797,0.028738681226968765
0.004974542185664177,0.0020133526995778084
0.010787075385451317,0.0002806857810355723
0.0013949237763881683,0.0008965210290625691
0.0008636096026748419,0.0007731679361313581
0.07725349813699722,0.021209169179201126
-0.005005684215575457,-0.0052563343197107315
0.0002954954979941249,0.005668056197464466
0.013409934937953949,-1.4805176761001348e-05
-0.0016371440142393112,-0.001020763535052538
0.000996171496808529,0.06143457442522049
0.00011290516704320908,0.000735130743123591
0.04857492446899414,0.004222771618515253
0.0011286139488220215,0.016194939613342285
0.00035164097789675,-0.0001418271567672491
0.03187160938978195,0.0013514960883185267
0.0013941599754616618,0.004219175782054663
0.0014837654307484627,0.0021549235098063946
0.007929651066660881,-0.0004804632335435599
0.000632517971098423,0.017309419810771942
0.0002313506556674838,0.006946445908397436
0.00021597523300442845,0.005225669592618942
0.03572652116417885,0.0028412246610969305
0.008998573757708073,-0.00014788421685807407
0.004983135964721441,-0.0007418121676892042
0.0503733865916729,0.0010947538539767265
0.0010495898313820362,0.0010418137535452843
0.00948775839060545,0.002388742985203862
0.0022984175011515617,0.002008546609431505
-0.04402359202504158,-0.036444950848817825
0.003106810385361314,0.002420230768620968
0.10253667086362839,-0.00025735795497894287
0.0025360025465488434,0.0006120605394244194
-0.0072644297033548355,-0.0072660017758607864
7.128645665943623e-05,0.0025103252846747637
-0.013060852885246277,-5.747564136981964e-05
-0.003192955395206809,-0.005936439149081707
0.00020111082994844764,0.01858413591980934
0.0054999287240207195,0.0021737979259341955
0.008843193762004375,0.01626003161072731
0.002333485521376133,0.007165830582380295
-0.00030106311896815896,0.011019909754395485
0.0012805750593543053,0.021468982100486755
0.0013142047682777047,0.009251509793102741
-0.0028504226356744766,-0.002970773261040449
0.0009670929284766316,-0.0002070197369903326
-0.022518280893564224,-0.0242999866604805
-0.3836592137813568,-0.3837754428386688
-0.001204836182296276,0.0009581923950463533
0.001837925985455513,0.02323538437485695
0.00010489873238839209,0.00015613017603754997
0.09166491776704788,-0.0027881816495209932
0.00014203718455974013,0.001914522028528154
0.00468244357034564,0.0010808329097926617
0.008190187625586987,-0.000803205359261483
-0.0029050111770629883,0.008522026240825653
0.03683388605713844,5.253110430203378e-06
0.0028355447575449944,-0.004022568929940462
0.0015627557877451181,0.00016167205467354506
0.005527202505618334,0.00015195774903986603
0.020365159958600998,-1.002423232421279e-05
0.0007701262948103249,-1.4323333743959665e-05
-0.0008181179873645306,-0.0023606005124747753
0.009091955609619617,0.000993872992694378
0.1250835508108139,0.004697021096944809
0.000856399885378778,0.0009761152323335409
0.004246172495186329,0.0006526958313770592
0.0199428703635931,-1.164412242360413e-05
-0.0011320940684527159,-0.0003984535578638315
0.003575794631615281,0.0005198256112635136
0.0024599265307188034,-0.00024646453675813973
0.0008809043210931122,0.0006980799953453243
0.018364617601037025,0.004172516521066427
0.02470356784760952,0.008644510060548782
0.0005795186152681708,0.006557187531143427
0.0030017837416380644,0.007063652854412794
0.006371987052261829,0.00012499770673457533
0.00031059025786817074,0.008317372761666775
0.0017587997717782855,0.04455889016389847
0.003407399170100689,0.002924224827438593
0.004850989673286676,0.009880660101771355
0.001987844007089734,0.0007847377564758062
-0.0016921311616897583,-0.022329876199364662
-0.021267827600240707,-0.02184852585196495
0.0020107096061110497,0.00018916220869868994
0.012509047985076904,-0.004479133524000645
0.0006513917469419539,0.0002594426623545587
0.0005355877801775932,0.000773770094383508
0.0004774258122779429,-0.0007486038957722485
0.0022606789134442806,0.04004804417490959
-0.0033975013066083193,-0.0034129242412745953
-6.141886115074158e-05,-0.0029515959322452545
0.0009823838481679559,0.0002268187963636592
0.007694772910326719,0.0010595195926725864
8.495889778714627e-05,0.003099508583545685
-0.00017986225429922342,-0.0003451592638157308
-0.009418943896889687,-0.009571967646479607
0.010743916034698486,-0.00616487255319953
0.000975692761130631,-4.08278574468568e-05
0.0009968789527192712,0.0005302290664985776
-0.00013346574269235134,-0.001596700050868094
0.0015300082741305232,0.0047742631286382675
0.0018548837397247553,0.001249922439455986
0.0101262666285038,0.010224925354123116
0.05997232347726822,0.0020936280488967896
-0.00010922818910330534,0.0027831951156258583
0.0033228120300918818,0.0032507432624697685
0.0015639314660802484,-0.0012013423256576061
0.0009715971536934376,0.009156088344752789
-0.03062605671584606,-0.02565433457493782
0.0003923834301531315,0.00934562087059021
0.028376363217830658,0.0005150156794115901
0.002162915887311101,0.007347475737333298
0.001972604775801301,0.0040819463320076466
0.009677344933152199,-0.0006006990442983806
0.00546152563765645,-0.0028646509163081646
0.03318750485777855,0.003093025414273143
0.00283208885230124,0.00014447415014728904
0.008374103344976902,0.001435617683455348
-0.001548263244330883,-0.000681511708535254
0.0017474890919402242,0.02269596979022026
0.013601955957710743,0.004549999721348286
0.00142888561822474,0.0011742368806153536
0.011175363324582577,-0.00019616377539932728
0.02567482553422451,-0.002011924749240279
-0.0024298413190990686,-0.0018877387046813965
0.004091235809028149,-0.000515024526976049
0.003958139102905989,0.0031478567980229855
0.01956302672624588,-0.0008648168295621872
0.004048145841807127,0.00042702455539256334
0.0005218898295424879,0.0007688904879614711
0.0007678255788050592,3.9630358514841646e-05
0.002458945382386446,-0.001811776775866747
0.0016420390456914902,0.01429134700447321
0.0019642135594040155,0.0068912808783352375
-0.00035217084223404527,0.0012575990986078978
-0.005928837228566408,-0.002969474531710148
0.00034546482493169606,-0.00019588139548432082
0.016802892088890076,-0.01843256875872612
0.0029424356762319803,-5.827946006320417e-05
0.0008040217217057943,0.011631936766207218
0.014214524067938328,0.0006934935227036476
0.004496044013649225,0.0015720627270638943
0.008940267376601696,0.0012474956456571817
-0.007667667232453823,-0.003573731053620577
0.007304496131837368,0.005018685944378376
0.00034645828418433666,0.120454341173172
0.0008539041737094522,0.0005305545637384057
0.016904417425394058,0.11262461543083191
0.003036380745470524,0.01672384887933731
0.030672164633870125,3.7168724702496547e-06
0.02513827197253704,0.0010007205419242382
0.002470896579325199,0.012240109033882618
0.002246225019916892,0.0010355025297030807
-0.013704011216759682,-0.01666588895022869
0.021990738809108734,-0.00357714481651783
-0.00038428069092333317,0.0007992143509909511
-0.003462705761194229,-0.005295909475535154
0.001147461123764515,0.0025517286267131567
0.0058657703921198845,-0.011877299286425114
0.05997232347726822,0.0020936280488967896
0.00925561785697937,0.0001747297792462632
-0.004766874946653843,-0.005494444631040096
0.0019958452321588993,0.0013318879064172506
0.016798047348856926,0.009810556657612324
-0.12325626611709595,-0.12322379648685455
0.0017152698710560799,0.0007655477384105325
0.007694772910326719,0.0010595195926725864
0.0021385126747190952,-0.0015479429857805371
-0.002214381005614996,-0.0005034776404500008
0.009507762268185616,-0.01200740784406662
0.015497764572501183,0.000670185312628746
0.007021191995590925,-7.875030860304832e-05
0.0011565815657377243,0.019118286669254303
0.006985539570450783,0.0007430880796164274
0.006822611670941114,0.0002464255958329886
-0.01395339984446764,-0.013970430009067059
0.0328424908220768,0.014323770999908447
0.003073784988373518,0.0005206268397159874
0.0016157282516360283,0.0029639312997460365
0.011907080188393593,3.4470467653591186e-05
0.001194465789012611,0.022812504321336746
0.027644839137792587,0.0007328918436542153
0.002530318684875965,0.00014760240446776152
0.0002341599902138114,0.0023255436681210995
0.009479891508817673,0.024766385555267334
0.0027266608085483313,0.002738732611760497
0.002957065822556615,0.002347927540540695
0.05307242274284363,0.0001447142567485571
0.001209103036671877,0.01110585406422615
0.0008359907660633326,0.0033898106776177883
0.032628998160362244,-0.00032979046227410436
0.017799247056245804,0.009844250045716763
0.034978605806827545,0.0018990917596966028
0.010019388981163502,0.024141469970345497
-0.0018128997180610895,0.00943844486027956
0.003036434529349208,0.007782445289194584
-0.01387131679803133,-0.014979655854403973
0.158648282289505,0.00046485502389259636
0.0031645253766328096,0.004995102994143963
-0.008735472336411476,-0.007350115105509758
0.05997232347726822,0.0020936280488967896
-0.008837834000587463,-0.012677563354372978
-0.0017788279801607132,-0.0016786016058176756
-0.004496046341955662,-0.00422712741419673
-0.0024588434025645256,-0.009263936430215836
0.0010765742044895887,9.226413385476917e-05
9.792688069865108e-05,0.0008722654893063009
-0.014074073173105717,-0.01716032810509205
0.0008428221335634589,0.0011643610196188092
0.006078497506678104,0.004875831305980682
0.0018727657152339816,0.0047454796731472015
0.002058959798887372,0.00362309068441391
0.018077880144119263,-0.0010517507325857878
0.00424414686858654,0.0058714160695672035
-0.003563458798453212,-0.0027092176023870707
0.0010731981601566076,0.0002574884856585413
0.0012849029153585434,0.009011528454720974
0.0004261827270966023,0.0015577968442812562
0.002556499792262912,0.0023234181571751833
0.010556279681622982,0.0809384435415268
0.046751152724027634,0.002162408549338579
0.014080539345741272,-0.018607525154948235
0.0029581687413156033,0.0003088818921241909
0.0018444592133164406,-0.001868587452918291
0.0015846568858250976,0.0002747723483480513
0.0041460092179477215,8.585116302128881e-05
0.02768513560295105,0.0032308436930179596
5.713605787605047e-05,-0.0004055295721627772
0.004380523692816496,0.02466879040002823
-0.00033667986281216145,-0.0019822714384645224
0.04183700308203697,0.02755478210747242
0.02513827197253704,0.0010007205419242382
0.006487193517386913,0.0006348957540467381
0.057408466935157776,0.002039747079834342
0.000335482822265476,0.006529889069497585
-0.00034104660153388977,-0.002010270720347762
0.0028926199302077293,0.006716568022966385
-0.018987607210874557,-0.004345688968896866
0.030975645408034325,0.0010921378852799535
0.00527085829526186,0.05266691371798515
0.020382806658744812,0.0001212292117998004
0.02095499448478222,-0.0014877651119604707
0.0008479801472276449,0.00875343568623066
0.02767866849899292,0.0045216758735477924
0.00311294780112803,0.005515027325600386
0.01370656955987215,-0.0005078492104075849
0.001845646183937788,0.002371130743995309
-0.04215335473418236,0.017291709780693054
0.0023151172790676355,0.009660773910582066
0.003254656447097659,0.0011614739196375012
0.013722344301640987,0.015852386131882668
0.004328410141170025,-0.00030039745615795255
0.004442588891834021,0.0040041618049144745
0.0010064744856208563,0.0010444553336128592
0.0007191238109953701,0.0021453804802149534
0.0014253032859414816,0.004160093143582344
0.00517113646492362,0.0005433520418591797
0.017223259434103966,-0.015973124653100967
0.00021280556393321604,0.0018516562413424253
0.0007878792239353061,0.0001439684710931033
0.1282268464565277,0.0017140901181846857
0.02449226938188076,0.0017863339744508266
0.00020994979422539473,0.0059363883920013905
0.1033291444182396,0.0041825114749372005
5.505979061126709e-06,0.004296800121665001
-0.018233736976981163,-0.012143842875957489
-0.0025911128614097834,-0.0006049040239304304
0.0013504652306437492,0.006477048620581627
0.006532305385917425,0.001290175481699407
0.01012627687305212,0.009269245900213718
0.006671597249805927,0.0004580527311190963
0.0007229692419059575,0.0016194941708818078
-0.033734604716300964,-0.040799397975206375
0.005339768715202808,0.01727357879281044
0.0002684404607862234,-0.0029996803496032953
0.0009708463912829757,0.00024854112416505814
-0.007621188182383776,-0.008576398715376854
0.0009904946200549603,0.006537123117595911
-0.0010985881090164185,0.029419545084238052
-0.0015136799775063992,0.0014737981837242842
-0.0016544901300221682,-0.003986766561865807
-0.0015617127064615488,-0.00027168868109583855
0.01857365295290947,-0.004134550224989653
0.008099175989627838,0.01147296093404293
0.01164587028324604,-0.02395021915435791
0.020110147073864937,0.027417754754424095
0.004446422681212425,0.00041983771370723844
-0.017786134034395218,-0.022580470889806747
0.030134834349155426,0.023491818457841873
0.00047399167669937015,0.0033579955343157053
-5.8542478654999286e-05,0.004737053066492081
0.0002512834034860134,0.0039029426407068968
0.0016332349041476846,0.00778598990291357
0.0010576723143458366,-0.00692499615252018
0.020702214911580086,0.0008508386090397835
0.00048689497634768486,0.0010234399233013391
0.06773747503757477,-0.006912862416356802
0.00036803376860916615,0.0015743481926620007
0.0030461286660283804,8.76805279403925e-05
0.009479891508817673,0.024766385555267334
0.017611179500818253,-0.030524082481861115
-0.018831824883818626,-0.011914639733731747
0.0015674796886742115,0.004203864838927984
0.00686509208753705,0.0006832475191913545
-0.053973253816366196,-0.053152501583099365
0.006494689267128706,-0.0007332575041800737
0.0007572167669422925,0.014799135737121105
0.011386681348085403,0.009121955372393131
0.0024064916651695967,0.002055772114545107
0.08291993290185928,-0.001572044799104333
0.00036741612711921334,0.006165613420307636
0.007598157040774822,0.04559403657913208
0.0011671638349071145,0.00045120331924408674
0.0021471986547112465,0.002495479304343462
-0.0009155386360362172,-0.0018286030972376466
-0.0008009296143427491,0.057181309908628464
0.010501645505428314,0.0014697157312184572
0.22654882073402405,-0.0016205806750804186
0.002985401079058647,0.004676984157413244
-0.012911058031022549,-0.013088101521134377
0.018641574308276176,0.0011772114085033536
0.016269301995635033,0.00023863438400439918
0.008968304842710495,0.00141106266528368
0.010550986975431442,1.1814641766250134e-05
0.005842600017786026,0.0010557882487773895
0.0013034248258918524,-0.0008861961541697383
0.0031253015622496605,0.004582585766911507
-0.04442396014928818,-0.04998256638646126
0.0016244857106357813,0.033055830746889114
0.0018798727542161942,0.09799105674028397
0.0396512970328331,0.003008428495377302
6.734830094501376e-05,0.0011999818962067366
0.004086778033524752,0.0016655302606523037
0.004763831850141287,0.001351755578070879
-0.024770334362983704,-0.034581705927848816
0.0060254349373281,0.0006832475191913545
-0.02709582820534706,-0.03995176777243614
0.0007330184453167021,0.03848890960216522
-0.0004218071699142456,-0.004719005897641182
0.0008989967755042017,0.0017189207719638944
0.0790746882557869,0.06901399791240692
0.0018680933862924576,0.031080372631549835
0.0013794911792501807,-0.000215096864849329
-0.012152085080742836,-0.007440491579473019
0.0019008860690519214,0.011900302954018116
0.00030211490229703486,5.087043246021494e-05
-0.0020725796930491924,0.012685016728937626
0.0004473470617085695,0.02655530720949173
0.003036380745470524,0.01672384887933731
0.0005097948014736176,0.08338893949985504
-0.04402359202504158,-0.036444950848817825
-0.00018238206394016743,-0.0007875861483626068
-0.01428479515016079,-0.01412299182265997
-0.00010406039655208588,0.0031805080361664295
0.0010604538256302476,0.0023695293348282576
0.002954450435936451,0.012476074509322643
-0.002341160550713539,-0.0018285494297742844
0.0022745283786207438,0.0007096250192262232
0.003062430303543806,-4.4406475353753194e-05
0.006343454588204622,-0.004544287919998169
-0.0490204356610775,-0.045400723814964294
0.009883894585072994,0.0005029911990277469
0.007638697046786547,0.005273463670164347
-0.0003378388355486095,0.00028911809204146266
0.019199669361114502,-0.0012361238477751613
0.013752131722867489,-0.0023360084742307663
0.0018137702718377113,-0.0001108483993448317
0.0259560476988554,9.348095045424998e-05
0.00016044266521930695,-0.0009290905436500907
0.005125875119119883,0.0013547723647207022
0.0017290146788582206,0.045817840844392776
0.004103890620172024,0.00198102043941617
0.027151059359312057,-0.0007128038560040295
0.00261628907173872,9.124559437623248e-05
0.0008372126612812281,0.1836436539888382
0.005776724312454462,0.008440962992608547
0.005070599261671305,0.005894288420677185
0.0017390340799465775,0.000474862550618127
0.004341711290180683,0.010754035785794258
0.03906083479523659,9.517451690044254e-05
0.0014867716236039996,0.011839531362056732
0.006984737701714039,0.006638780701905489
0.01333873625844717,9.150673577096313e-05
0.00010369601659476757,-0.0013615194475278258
0.0013331720838323236,0.00237710727378726
0.0016963568050414324,-0.0009067505015991628
0.0006084353080950677,0.005107205361127853
0.0094565125182271,0.006402322091162205
0.0005968580953776836,0.001122230663895607
-0.0005645991768687963,0.023965919390320778
0.0009349907631985843,0.0038714646361768246
0.004285650793462992,0.04702117666602135
0.03363562375307083,0.00018705768161453307
0.043075211346149445,0.0077223931439220905
0.011322161182761192,-0.0028450842946767807
0.004936462268233299,0.00022572126181330532
0.0029549510218203068,0.0024417629465460777
6.134979776106775e-05,0.00019812624668702483
-0.0022582183592021465,0.00015953509137034416
-0.0002500583650544286,-0.0003084742638748139
0.002425306010991335,0.001342489616945386
0.008387290872633457,0.0021024392917752266
-3.636445035226643e-05,-0.0003509820671752095
0.007762112654745579,0.002863110275939107
0.002633530180901289,-4.66502970084548e-05
0.030474092811346054,0.002638754900544882
0.00038241641595959663,0.00061588897369802
0.015288601629436016,0.00040394585812464356
0.007205091416835785,-0.011364932172000408
-6.086379289627075e-05,-0.0010392063995823264
0.0040968130342662334,0.0009182524518109858
0.011197860352694988,0.00019983947277069092
0.004923504777252674,-0.00596352806314826
0.00890052318572998,0.0004615170182660222
-0.006253932602703571,-0.00795312225818634
-0.001920835580676794,-0.0006403691368177533
0.0008054366335272789,0.00030721689108759165
0.0030461286660283804,8.76805279403925e-05
0.00016325898468494415,-0.0035172738134860992
0.008201098069548607,0.006083185784518719
0.0007465591188520193,-0.0026464855764061213
0.015190832316875458,0.00760252121835947
0.004062306601554155,0.0029002290684729815
-0.00022385362535715103,-0.006260722875595093
0.0016117608174681664,0.002812811639159918
0.029932087287306786,-0.0020519441459327936
-0.016182441264390945,-0.025384685024619102
0.0009616117458790541,0.0017862997483462095
0.013630056753754616,0.0029615757521241903
0.007274399045854807,0.0009261160739697516
0.0009936634451150894,0.0016678485553711653
-0.0018704107496887445,-0.0020324126817286015
0.01802883669734001,0.0027554419357329607
0.0011867241701111197,7.727352203801274e-05
0.0008827373385429382,0.0002275947481393814
9.304872946813703e-06,0.020286915823817253
0.0037797715049237013,0.001727498136460781
0.034795381128787994,0.004245251417160034
0.004310541786253452,2.1133564587216824e-05
0.0029784750659018755,6.523307092720643e-05
0.008394099771976471,4.4069820432923734e-05
0.0018227682448923588,-6.315213977359235e-05
0.029350029304623604,0.0009048318024724722
0.003459426574409008,0.0038348198868334293
0.002737143076956272,0.003555854083970189
0.031037190929055214,0.0034910168033093214
-0.5070772767066956,-0.5136079788208008
-0.0024283211678266525,0.36260294914245605
0.046751152724027634,0.002162408549338579
-0.0016412017866969109,-0.007940508425235748
-0.02067427523434162,-0.03974301367998123
0.0005913245840929449,0.0023752155248075724
0.011322161182761192,-0.0028450842946767807
-0.007621980272233486,-0.012682379223406315
0.010207428596913815,0.00027548123034648597
0.00046970450785011053,0.00876254215836525
0.00765555864199996,-0.0001319841539952904
0.0001676871906965971,0.0159875750541687
0.0191244725137949,-0.0004002160858362913
0.0008062745910137892,0.0035858144983649254
-0.0025363927707076073,0.07194361835718155
-0.0025911128614097834,-0.0006049040239304304
0.0012024829629808664,-0.0026464855764061213
0.0011185185285285115,0.0006645888788625598
-0.00015118339797481894,0.00024954730179160833
0.0023654468823224306,0.004792988300323486
0.001508377376012504,0.0017589868512004614
0.0032990090548992157,0.0031025425996631384
-0.0005218065343797207,-0.005251070950180292
0.018181880936026573,0.0009352432680316269
0.0034186916891485453,-0.00015244231326505542
0.002344219945371151,0.00039737558108754456
0.0006856803665868938,0.0005807488923892379
0.015845177695155144,0.0005800409126095474
0.002297590021044016,-0.0003716313512995839
0.013140402734279633,0.0024831080809235573
0.003623206866905093,0.06449726223945618
0.0016552235465496778,2.9061920940876007e-06
-0.00587226590141654,0.0011539598926901817
0.01921156980097294,0.007203301880508661
0.001420639455318451,1.525885090813972e-05
0.026125231757760048,-0.0036354863550513983
0.004827738739550114,0.0003796386590693146
0.001451732125133276,6.582724745385349e-05
0.00011855179036501795,0.0010385094210505486
-0.0005591853405348957,0.00043032964458689094
0.04395526647567749,0.0007455851300619543
-0.005340855568647385,-0.011085537262260914
0.0009544180938974023,-0.0005170650547370315
-0.003459082916378975,-0.012713069096207619
0.05085478350520134,0.003278586082160473
0.24682344496250153,0.0009973093401640654
0.0008658955339342356,-0.0031679244711995125
0.02226831763982773,0.005897126160562038
0.09054175764322281,0.00037865404738113284
0.04302653670310974,0.0007414710707962513
0.001970000332221389,0.007411361206322908
0.028376363217830658,0.0005150156794115901
0.000551897450350225,0.001260299701243639
-0.006784643977880478,-0.009269030764698982
0.013770210556685925,0.0012620423221960664
0.012581800110638142,-5.374837201088667e-05
0.006922895088791847,-0.0004481543437577784
0.027360036969184875,0.026491649448871613
0.004338176921010017,-0.004211711697280407
-0.007716829888522625,0.14444215595722198
0.002509634243324399,0.0006036770064383745
0.12423938512802124,0.0016622153343632817
0.008014235645532608,-0.0010157790966331959
0.00729580782353878,0.00840567797422409
-0.001738108927384019,0.005180839914828539
0.27597635984420776,-0.05216105282306671
-0.007386385463178158,-0.008903149515390396
0.0018990167882293463,-0.0034030606038868427
-0.00767586100846529,0.011024223640561104
0.0004792048130184412,0.0050857532769441605
0.01045536994934082,0.0011358311166986823
-0.03215811401605606,-0.0486474484205246
0.03818531334400177,0.04830336198210716
0.0029764273203909397,0.004811094142496586
0.010233432985842228,0.0009347433224320412
0.07475846260786057,0.01933421939611435
0.000335482822265476,0.007681199349462986
0.00021877483231946826,0.04301048442721367
0.0023914743214845657,0.0037693949416279793
0.008017683401703835,0.0003738916711881757
0.002797255525365472,0.0041145021095871925
0.0028548631817102432,-0.000417374714743346
0.20515207946300507,0.0032124489080160856
-0.0017968525644391775,-0.0011454011546447873
0.0007284942548722029,-0.00012960941239725798
0.0007715263054706156,0.023260237649083138
0.00518218707293272,0.030634522438049316
0.031359609216451645,-4.321987216826528e-05
0.003770864102989435,0.0020666958298534155
0.1923791915178299,0.16236044466495514
0.023199940100312233,0.0032175960950553417
0.01638018898665905,-0.0010628545423969626
0.0003923834301531315,0.00934562087059021
-0.003477337770164013,-0.007595706265419722
0.0613827183842659,0.00170998927205801
-0.0006949814269319177,-0.0013077744515612721
0.009411470033228397,0.001691216602921486
0.0005307570681907237,0.012785941362380981
0.0016210702015087008,0.0008860662928782403
0.01112861093133688,0.2258358895778656
0.0009085428901016712,0.007341438438743353
0.02845378778874874,0.00044045114191249013
0.30990177392959595,-0.00327936839312315
0.0004067750705871731,0.014714439399540424
0.005372125655412674,0.0001559671072755009
0.002167430240660906,0.002970818430185318
0.008921278640627861,0.0005068331374786794
0.0004238033143337816,0.0041950843296945095
0.01198837161064148,-0.004254529252648354
0.020586533471941948,-0.0005791082512587309
0.004642385058104992,-0.000940569385420531
0.00042072631185874343,0.0003554514842107892
0.005075192078948021,5.8326411817688495e-05
0.00015774928033351898,0.0002697785384953022
0.003516813740134239,-0.0001614560605958104
0.0003253319882787764,0.0019146498525515199
0.0009936634451150894,0.0016678485553711653
-0.00013455178122967482,-0.0004169646999798715
0.10652203112840652,-0.0026949606835842133
0.006334192119538784,0.000704906415194273
0.0005332311848178506,0.0006970926187932491
0.0017620817525312304,0.0021641363855451345
0.0010476886527612805,0.003984162583947182
0.009465294890105724,0.00019196199718862772
0.001311593921855092,0.0035756381694227457
-0.0012931800447404385,-0.0032418309710919857
0.015253367833793163,0.00045884642167948186
0.007858751341700554,-0.0009019330609589815
0.0036499365232884884,-0.0013353623216971755
0.010585948824882507,0.0004358964506536722
-0.0019254633225500584,-0.0017644085455685854
4.945538239553571e-05,0.031369276344776154
0.006482487078756094,-0.004582750611007214
0.001784860622137785,-3.142563218716532e-05
0.004320312757045031,0.03688368201255798
-0.018676435574889183,-0.01306833978742361
0.0016033563297241926,0.02331765927374363
0.0004844798822887242,0.011343005113303661
0.0015168789541348815,0.0008931682677939534
0.002240840345621109,0.0005379001377150416
0.002761256415396929,0.001181702595204115
0.007423786446452141,0.00012165747466497123
0.0025253903586417437,0.0021126808132976294
0.005207512993365526,-0.00013291761570144445
0.004525098018348217,-0.0014210043009370565
0.0004426709783729166,0.002328596543520689
0.00034546482493169606,-0.00019588139548432082
0.005064128432422876,-0.0013737073168158531
0.25080206990242004,-0.009524629451334476
0.00045126082841306925,0.0001746256893966347
0.0027139130979776382,5.226632856647484e-05
-0.0006243959069252014,-0.0036528948694467545
0.00022998377971816808,0.0016599306836724281
0.011993929743766785,0.01072935201227665
0.00014501955593004823,0.01806509681046009
0.00016248546307906508,0.0004222292627673596
0.007347417064011097,0.0017569165211170912
0.0014697544975206256,0.0004375099379103631
0.001095458515919745,0.04421411082148552
0.00557386688888073,-0.0016014970606192946
0.029932087287306786,-0.0020519441459327936
-0.1547754406929016,-0.154116690158844
0.0032696854323148727,0.0020598508417606354
0.0044926428236067295,0.004459944553673267
-0.018676426261663437,-0.022656936198472977
-0.0025458394084125757,-0.003932548686861992
0.0022492888383567333,0.016795983538031578
0.007043094374239445,-0.00017787731485441327
0.052786413580179214,-0.008910947479307652
-0.0011193174868822098,-0.002029343508183956
-0.011656752787530422,-0.010822652839124203
0.0034571001306176186,2.4890090571716428e-05
0.008114030584692955,-1.4407254639081657e-05
0.01677541434764862,0.0063696266151964664
0.009783593937754631,0.013299915939569473
0.004774425178766251,-0.0065691289491951466
0.026808297261595726,0.00047381562762893736
-0.0018127489602193236,0.011384532786905766
-0.008562833070755005,-0.029114942997694016
0.0012787686428055167,0.007196276914328337
0.010763007216155529,0.0008718418539501727
0.0022807077039033175,0.0009124398929998279
0.0010810254607349634,0.004281618632376194
0.007797794882208109,9.158600732916966e-05
-0.002120691118761897,0.005905076861381531
0.007580985315144062,0.0018862590659409761
-0.0018677301704883575,0.10753163695335388
-0.011232061311602592,-0.010935835540294647
0.0005325311212800443,0.004109538160264492
0.0014684456400573254,0.0011089901672676206
0.003935470245778561,0.004528173245489597
-9.670329745858908e-05,0.002738645765930414
0.0009277613135054708,1.7438054783269763e-05
0.00036953092785552144,0.015774862840771675
-0.02516336925327778,-0.03598516434431076
0.00047399167669937015,0.0012731250608339906
0.00023159728152677417,0.0006121223559603095
0.0012725749984383583,0.002320887753739953
0.0031325744930654764,0.0011821013176813722
-0.0023427491541951895,-0.0035231956280767918
0.002305274596437812,9.841783321462572e-05
0.0313141793012619,6.218317139428109e-05
0.0021719406358897686,0.0002961503923870623
0.013874806463718414,0.01216497179120779
0.0005084651638753712,0.0007466407842002809
-7.575683412142098e-05,0.005153277423232794
0.011806702241301537,0.0019603183027356863
0.023265928030014038,0.009074012748897076
0.008155353367328644,0.0002763817901723087
0.007888143882155418,0.001028881873935461
0.0013641967670992017,0.00036920933052897453
0.002057270146906376,0.0020147874020040035
0.0050404611974954605,0.003691368969157338
0.0010822912445291877,6.120284524513409e-05
0.02691039629280567,0.01316097006201744
0.0024068790953606367,0.023226046934723854
0.02343071810901165,-0.0011083829449489713
0.013070088811218739,-0.0008206389611586928
0.0012801134726032615,0.0005996979307383299
0.0005502508720383048,0.00843580812215805
0.001244805520400405,-0.00029776530573144555
-0.0014924936695024371,0.0008265480864793062
0.017828963696956635,-0.0033777039498090744
0.0006044207839295268,8.427118882536888e-05
0.0012392377248033881,-0.0007291791844181716
0.003693563397973776,-0.004381892271339893
9.533399861538783e-05,0.011247803457081318
0.1405898481607437,0.0034950142726302147
0.004500885959714651,0.0035404684022068977
0.0004856212472077459,0.00113960774615407
-0.14447122812271118,-0.17869390547275543
-0.021293381229043007,0.010232729837298393
0.0028741357382386923,0.0013830559328198433
0.05803689360618591,0.002141807693988085
0.02338697388768196,0.008138374425470829
-0.00320440623909235,0.00019458727911114693
-0.0045950748026371,-0.0042185792699456215
0.002115718089044094,0.00021802946866955608
0.0018476344412192702,0.0005643351469188929
0.010139881633222103,0.0006215914036147296
0.020256098359823227,0.004289992153644562
0.002293745754286647,-0.0007120127556845546
0.006637828890234232,0.00024744836264289916
0.0409061498939991,8.234356937464327e-05
0.00034546482493169606,-0.00019588139548432082
-0.007126213051378727,0.013738545589148998
0.0002447881270200014,-0.0006724703125655651
0.01287717092782259,-0.004611178766936064
-0.0005836428026668727,-6.586778908967972e-07
-0.013704011216759682,-0.01666588895022869
0.014488887041807175,0.02598370984196663
0.030134834349155426,0.023491818457841873
0.0018227682448923588,-6.315213977359235e-05
-0.0058537996374070644,-0.011185715906322002
0.028376363217830658,0.0005150156794115901
0.001048282952979207,0.0007199153187684715
0.019946236163377762,-0.003532729111611843
0.00038807938108220696,0.004038327839225531
0.0020705414935946465,0.0014092965284362435
0.0003623347729444504,0.0001533364411443472
-0.001108595635741949,-0.00498324166983366
0.0006677660858258605,0.004676687065511942
0.0006248877616599202,0.0012462071608752012
0.0021860161796212196,-0.003655188949778676
0.007266322150826454,0.006977500393986702
0.003397150430828333,0.0005721998168155551
0.012611215934157372,-0.0009127756347879767
0.014446910470724106,-0.003559442702680826
0.07040529698133469,0.006708468310534954
0.0016623683040961623,0.007089885883033276
-0.0018360692774876952,-0.002350455615669489
0.0009439608547836542,0.0007915322203189135
0.005081773269921541,0.0032745995558798313
0.02417226880788803,-0.0014213931281119585
0.0005120884743519127,0.0005985875613987446
-0.0012343254638835788,0.001625698758289218
-0.004556270316243172,-0.006476209498941898
0.00029090617317706347,0.001991703175008297
0.00034630484879016876,0.0023723128251731396
0.0005584522150456905,-0.0018259485950693488
0.006729272194206715,0.0007777734426781535
-0.05786104500293732,-0.05418701842427254
0.003051484003663063,0.0003962582559324801
0.21200042963027954,0.00026784418150782585
0.006470281630754471,0.015141265466809273
-0.019440624862909317,-0.026387402787804604
0.0002744418743532151,0.000614117132499814
0.07200494408607483,-0.000834193779155612
0.0016045294469222426,0.000467008474515751
0.04885968565940857,0.03004150278866291
-0.04855005815625191,-0.05437391251325607
0.00015561303007416427,0.0022882407065480947
0.23878005146980286,-0.0004354656848590821
0.014592085033655167,-0.0015326832653954625
0.004552514757961035,0.04904985427856445
0.030209440737962723,-0.0007374839624390006
0.0009427980985492468,0.0048116338439285755
0.001033772830851376,0.0012940927408635616
0.01259130984544754,0.0006165739614516497
0.010520126670598984,0.0014280471950769424
0.009748317301273346,0.04291091859340668
-0.043221741914749146,-0.04089893400669098
-0.0007990559097379446,-0.0001868397812359035
-0.017908019945025444,-0.018116004765033722
0.03037925437092781,-0.0008315815357491374
0.013722344301640987,0.023170316591858864
0.007520635612308979,0.0014804125530645251
-0.001170930452644825,-0.004021922592073679
-0.007182340137660503,-0.005810458678752184
0.0011391029693186283,0.0005416936473920941
0.008847057819366455,-0.0011451406171545386
0.0002447881270200014,-0.0006724703125655651
0.0010222599375993013,0.012893596664071083
0.0009333404013887048,0.012181201949715614
0.00955753494054079,-0.000639998004771769
0.017456522211432457,-4.883127985522151e-06
-0.062215905636548996,-0.06367723643779755
0.034978605806827545,0.0018990917596966028
-0.008819006383419037,-0.00919655803591013
-0.0066840676590800285,-0.0049253711476922035
0.012080500833690166,-0.0001832800917327404
0.0003720459353644401,0.15382836759090424
0.00026929620071314275,0.00022461584012489766
0.011281024664640427,0.00497962674126029
0.01392553374171257,1.9156643247697502e-05
0.0008080838597379625,0.000667055428493768
0.007784777786582708,0.01636994630098343
0.0069099655374884605,0.001391577417962253
0.0007300113793462515,0.005170569755136967
0.00014259282033890486,0.005957414861768484
0.0026971225161105394,0.00052704440895468
-0.01369103230535984,-0.013862838968634605
-0.01800384372472763,-0.01950918696820736
0.009850242175161839,0.0004654599179048091
-0.006218955386430025,-0.012427017092704773
-0.004894239362329245,-0.004821973852813244
0.005916246213018894,0.08505905419588089
0.00213608518242836,0.02514800615608692
-0.003459082916378975,-0.012713069096207619
0.01360497996211052,-0.004446139559149742
0.0006893976824358106,-0.0005501869600266218
0.018836919218301773,7.186231960076839e-05
-0.005881024524569511,-0.00579003756865859
0.01354262325912714,-0.000613188196439296
0.006262526847422123,0.0018256253097206354
0.002759732538834214,0.029640715569257736
0.0007221078267320991,0.0007381830364465714
0.0015875648241490126,0.00031528319232165813
0.09491824358701706,0.003927598241716623
-0.00012957368744537234,0.001237108837813139
0.0007796027348376811,-0.00020545287407003343
0.0031314438674598932,0.002500033238902688
0.031551510095596313,-3.2754920539446175e-05
0.06426864862442017,-0.002342903520911932
-0.00677444227039814,-0.0041580162942409515
0.0014013124164193869,0.0011674454435706139
0.0016909026307985187,0.014438324607908726
0.00039837759686633945,0.010114970616996288
0.006024588830769062,-0.0009227978880517185
6.038890569470823e-05,0.0030678531620651484
0.00023718064767308533,0.014294672757387161
-0.00025918055325746536,0.048411380499601364
-0.0013588654110208154,0.0005894328933209181
0.009455567225813866,0.05230288207530975
-0.0005591853405348957,0.00043032964458689094
0.000221969501581043,0.009489430114626884
0.01971365138888359,-0.007464993745088577
0.02513827197253704,0.0010007205419242382
0.014731255359947681,-0.0016705613816156983
-0.0014783379156142473,-0.0032416090834885836
0.002606610767543316,0.0004178916569799185
-0.005349581129848957,0.01594960130751133
-0.007731536868959665,-0.007176368962973356
0.005268435459583998,0.004563373513519764
0.059912752360105515,-0.02671281062066555
0.00748873595148325,-0.0013976322952657938
0.005908291786909103,0.005305081605911255
0.0028548631817102432,-0.000417374714743346
-0.009216506965458393,0.016126206144690514
0.0049018291756510735,0.0016152921598404646
0.007434331811964512,0.0039947316981852055
0.04224925488233566,0.0016554754693061113
0.005703328642994165,0.00020039547234773636
-0.03425261378288269,-0.02625086158514023
-0.0016595441848039627,-0.004582682624459267
0.00010031531564891338,-0.0008664208580739796
0.03187160938978195,0.0013514960883185267
0.0046295709908008575,-0.0008498223032802343
0.0029739222954958677,-0.0006184100639075041
0.017850322648882866,0.002116982825100422
0.006276577245444059,0.0010722726583480835
0.02152428589761257,-0.008933092467486858
0.006334749516099691,0.00326106371358037
0.0002593788376543671,0.00010910609125858173
0.0021285898983478546,-0.03905332833528519
0.003395375330001116,0.010910983197391033
-0.006762507371604443,-0.00914239976555109
0.009591246023774147,-0.00021670223213732243
0.010289314202964306,0.029103748500347137
0.003565843217074871,-0.0003067046054638922
0.00033955287653952837,0.0009496720158495009
0.0035712479148060083,0.007017789874225855
0.0003457304264884442,0.00010346525232307613
-0.004236150998622179,-0.003215496428310871
0.0038046063855290413,-0.003026812570169568
0.007120422087609768,0.0069131553173065186
0.022901322692632675,0.003261926118284464
0.0011323899962008,0.00030112185049802065
0.0384095273911953,0.00256119342520833
-0.0024537767749279737,0.02637603133916855
-0.00026279891608282924,0.0011323436629027128
0.0790746882557869,0.06901399791240692
0.008155353367328644,0.0005433909245766699
0.013143192045390606,-0.005576346535235643
0.00015468010678887367,-0.0044187866151332855
0.007580985315144062,0.0018862590659409761
0.016673218458890915,0.06885414570569992
0.012210077606141567,0.0013193810591474175
0.008994225412607193,-0.00888974592089653
0.0064213392324745655,0.00343073601834476
0.001453527482226491,-0.0019958214834332466
0.046983350068330765,-0.004195177461951971
0.007829705253243446,0.0024060457944869995
-0.016978655010461807,-0.01723259873688221
0.0008499019895680249,0.0003722457913681865
0.01239557471126318,0.00406923471018672
0.01794731616973877,0.00012617478205356747
0.003121408633887768,-0.003122486174106598
-0.00016524051898159087,-0.00020766470697708428
0.0897754579782486,-0.010604191571474075
0.0028091759886592627,0.008522923104465008
0.02368275076150894,-0.0018851333297789097
-0.011234696954488754,-0.0006371550261974335
-0.023787211626768112,-0.018658272922039032
0.003556339768692851,0.006219048518687487
0.002766826655715704,7.96202220954001e-05
0.0011269267415627837,0.00566408596932888
0.0012311572209000587,0.012241768650710583
0.016905369237065315,0.0035313130356371403
-0.0002859891392290592,0.01330147497355938
0.003664473071694374,-0.003608949715271592
0.004270272329449654,-0.00038478552596643567
0.0014311608392745256,0.004097496159374714
0.001546837156638503,0.0005427153082564473
0.0008356290636584163,0.0046847108751535416
0.07448733597993851,0.0038336580619215965
0.0008809043210931122,0.0006980799953453243
0.0032936474308371544,0.0035463969688862562
-0.0014649066142737865,0.03195306658744812
0.018080368638038635,0.0031621307134628296
0.00637741107493639,0.030138349160552025
0.0008157241391018033,0.020108602941036224
0.009212682954967022,0.00025622977409511805
-0.0054201968014240265,-0.036431778222322464
-0.006424663122743368,-0.007582067046314478
-0.0008381037041544914,-0.014700191095471382
0.009073559194803238,0.005508117377758026
0.0006849573110230267,0.00048574130050837994
-0.003442966379225254,-0.003658568486571312
-0.0007339378353208303,0.0005442705005407333
0.018258817493915558,0.00016190382302738726
0.004240944515913725,0.004157081246376038
0.005581756122410297,0.0020597188267856836
0.0022991029545664787,-6.51082955300808e-05
0.00641667889431119,0.00146860396489501
-0.007946429774165154,0.005241114646196365
0.0017977547831833363,0.0025808189529925585
0.017789049074053764,0.0027040005661547184
0.0004866691306233406,0.005458994768559933
-0.005481063388288021,-0.005770818796008825
0.007407860364764929,0.019718971103429794
-0.00036628427915275097,-0.00030084315221756697
-0.001935629639774561,-0.0024425568990409374
0.016849039122462273,0.0017032047035172582
0.0021719406358897686,0.0002961503923870623
-0.004071774426847696,-0.005950915161520243
0.024316934868693352,0.005909380968660116
0.0057008820585906506,0.001417656778357923
0.0004798396257683635,0.0036976614501327276
0.0008478226372972131,0.000398293137550354
0.0003923834301531315,0.00934562087059021
0.005951914004981518,0.007274361792951822
0.0009855141397565603,0.0006200993084348738
0.024221690371632576,0.0031157536432147026
-0.0011841289233416319,-0.001652805134654045
0.002263119909912348,0.00042479854892008007
0.0007881796336732805,0.008832946419715881
0.0032214438542723656,0.0014980968553572893
0.0017440696246922016,0.0024303877726197243
0.002400912344455719,0.0014154146192595363
0.0008990811184048653,0.004785576369613409
0.006582565605640411,0.00020139917614869773
0.0009135275613516569,0.0072594741359353065
0.034107815474271774,-0.004637329839169979
0.018712203949689865,0.0001620777475181967
0.03187160938978195,0.0013514960883185267
0.006035619415342808,0.0005848999135196209
0.0011838719947263598,0.007177856285125017
0.0018826719606295228,0.0011625946499407291
0.0030162630137056112,0.000481291557662189
0.02513827197253704,0.0010007205419242382
0.0002693941933102906,0.0003666710981633514
0.010439016856253147,0.0012931750388816
0.0009109262609854341,0.08298678696155548
-0.005021299235522747,-0.00546418409794569
0.0026478793006390333,0.0001004249497782439
-0.0007950919680297375,-0.005061093717813492
-0.0022039355244487524,-0.0015456764958798885
-0.00215316005051136,-0.00027557555586099625
0.001751781441271305,-2.6799109036801383e-05
0.0024853802751749754,0.00029489584267139435
-0.013878025114536285,-0.00843761581927538
0.005208444315940142,0.016988806426525116
0.0007796027348376811,-0.00020545287407003343
0.003337800968438387,0.0007427522796206176
-0.004584360867738724,-0.012213317677378654
0.0020720846951007843,0.0009699336369521916
0.0027208258397877216,0.0034591485746204853
-0.010830190032720566,-0.012945584952831268
-0.05601603537797928,-0.06921590119600296
0.0007837787852622569,0.00011443473340477794
0.015442249365150928,0.002771974541246891
0.0027352042961865664,0.018788544461131096
0.003167154500260949,0.0002274343860335648
-0.000204338226467371,-0.00021011591888964176
-0.0017126764869317412,-0.003235955024138093
0.0013836666475981474,0.005280075129121542
0.005461777560412884,0.017615893855690956
0.003207797184586525,-0.0027990504167973995
0.00024677295004948974,0.0006581684574484825
0.004951898939907551,-0.0029192117508500814
0.0022576393093913794,-0.00032049923902377486
0.004734327085316181,-0.00016570818843320012
-0.36573994159698486,-0.3690705895423889
0.006781230214983225,0.0018739589722827077
0.002253905637189746,-0.0008673837874084711
0.0031304406002163887,-0.00019306654576212168
0.0015226361574605107,-0.00029832986183464527
0.0010283319279551506,0.0023619658313691616
0.003254656447097659,0.0011614739196375012
0.0016536671901121736,0.029414761811494827
0.005384188145399094,0.05393313616514206
0.0007884431979618967,0.0007592797628603876
-0.01868738792836666,-0.010709545575082302
0.001887883641757071,0.00045326867257244885
0.0039649223908782005,0.00010712430230341852
0.0027787494473159313,0.0006941424799151719
-0.058284685015678406,-0.06091834977269173
0.08894634991884232,0.0006605397211387753
0.03172438591718674,0.0009150906116701663
0.002914920449256897,0.0014606877230107784
-0.09937892109155655,-0.10651849955320358
-0.003081035800278187,-0.0035914697218686342
0.004650192800909281,0.0008696847362443805
-0.0037715891376137733,-0.007965372875332832
-0.0024041086435317993,-0.014207741245627403
-0.000843741581775248,-0.0004482506774365902
0.05179138109087944,0.12531507015228271
0.0473889522254467,0.0010969366412609816
-0.0021978288423269987,-0.004890527110546827
0.004936462268233299,0.00022572126181330532
-0.0004247122851666063,0.0015086950734257698
0.0011525765294209123,0.01625650003552437
0.0024076958652585745,-7.85811134846881e-05
0.0667688325047493,0.010127612389624119
0.0021867668256163597,-0.0008109415648505092
-0.03750121220946312,-0.029402803629636765
0.0003277243231423199,-0.00014388049021363258
0.0005693510174751282,0.0022975211031734943
0.015073158778250217,-0.008804780431091785
0.004341369494795799,0.0004966004635207355
0.007027893327176571,0.0042944797314703465
0.0004774258122779429,-0.0007486038957722485
0.0016325053293257952,0.0005798779893666506
0.0010822912445291877,6.120284524513409e-05
0.005683344788849354,0.0020646294578909874
0.0026673332322388887,0.0010208796011283994
0.0018788587767630816,0.0014052351471036673
0.0024611405096948147,0.00035775231663137674
0.004317707382142544,-0.0013403964694589376
0.000497711356729269,0.011050902307033539
0.0022191174793988466,0.0014169543283060193
0.0005702225025743246,-0.0012484814506024122
0.0041460092179477215,8.585116302128881e-05
0.009338665753602982,0.017742827534675598
0.0007005985244177282,0.02827475406229496
0.0023914743214845657,0.0037693949416279793
0.0077172815799713135,0.002613117452710867
-0.10206588357686996,-0.10351672023534775
-0.011614399030804634,-0.01260113250464201
0.000809714081697166,0.002079554833471775
0.0013093859888613224,0.006018015090376139
-0.0047911303117871284,-0.00044079963117837906
0.01222891453653574,0.0025064758956432343
0.0030258391052484512,-8.099754631984979e-05
-0.0018083601025864482,0.06312064081430435
0.001835671253502369,-0.00721143651753664
-0.00597715750336647,-0.0077142552472651005
0.00021956150885671377,0.0005849777953699231
0.02567361295223236,0.03013167716562748
0.0011454523773863912,0.003593467641621828
0.0061636799946427345,0.0044163903221488
0.015190832316875458,0.00760252121835947
0.0008596577099524438,0.014547265134751797
0.001115122577175498,0.001560600008815527
0.019758302718400955,-0.007298517040908337
0.00013674604997504503,0.036938074976205826
0.0010954549070447683,0.00029705994529649615
0.029874909669160843,0.10337048768997192
0.0991162359714508,0.0004535313928499818
0.006103167776018381,0.006751467008143663
0.00014673668192699552,0.0009973635897040367
0.003905609715729952,0.0010526131372898817
-0.0005470093456096947,0.007283762563019991
0.0015391157940030098,0.0002578498679213226
0.014660394750535488,0.0029965131543576717
0.0006241107475943863,0.002245661336928606
-0.0052234274335205555,-0.00561638455837965
-0.0006949814269319177,-0.0013077744515612721
0.0010592819890007377,0.0011800829088315368
0.08597506582736969,0.02146425098180771
0.004976166412234306,0.0072158570401370525
0.00542930793017149,0.0032094756606966257
0.008843193762004375,0.01626003161072731
3.38222598657012e-05,0.003199182450771332
0.0027881418354809284,-0.0001742132008075714
0.0011159490095451474,-0.0003042051394004375
-0.004954583011567593,-0.011922389268875122
-0.020437980070710182,0.0818379819393158
0.01576763018965721,0.007581857964396477
0.001870294800028205,0.05698559433221817
0.003915646579116583,-7.675227243453264e-05
0.006240071263164282,-0.0007875482551753521
0.003882609074935317,0.0006034481921233237
0.014719429425895214,1.1152820661664009e-05
0.003934657666832209,0.0042332252487540245
0.0060825711116194725,0.0007754546822980046
0.004631270654499531,0.008028654381632805
0.009485850110650063,0.042489100247621536
0.006096850149333477,0.026499096304178238
0.0014902509283274412,0.014067239128053188
0.002026820322498679,0.019534919410943985
-0.0014835307374596596,0.004261800087988377
0.00018344879208598286,0.0021201646886765957
-0.1316368579864502,-0.13274861872196198
-0.011339616030454636,-0.015761002898216248
-0.001320690382272005,-0.0010612445184960961
0.016262825578451157,0.05887497961521149
0.028951093554496765,-0.003912712447345257
0.0021544850897043943,0.00019311768119223416
0.012523587793111801,-0.003870511194691062
0.006240071263164282,-0.0007875482551753521
-0.0005921460106037557,0.0015814005164429545
-0.1379484236240387,-0.12914443016052246
0.004193211439996958,0.0008254493004642427
0.04353652521967888,0.0020205331966280937
0.004868191201239824,0.003199670696631074
0.0024889118503779173,0.0014490660978481174
0.004916848614811897,-0.00018447672482579947
-0.005705598741769791,-0.006606344133615494
0.005096620414406061,0.0011639673030003905
0.005092666018754244,0.002813465427607298
0.0037792359944432974,0.00031266582664102316
0.0013970264699310064,-2.6393448933959007e-05
-0.004071386530995369,-0.005687450058758259
-0.00033667986281216145,-0.0019822714384645224
0.015245732851326466,-0.0001789316302165389
0.003397150430828333,0.0005721998168155551
8.982513099908829e-05,0.0002773309242911637
0.01045536994934082,0.0011358311166986823
0.014731683768332005,0.00686667999252677
0.010030645877122879,0.000303764536511153
-0.0011317133903503418,-0.0016249429900199175
0.0007020761840976775,0.0003170780837535858
0.01430333498865366,0.007114463020116091
0.008621063083410263,7.495569298043847e-05
0.00028758373809978366,0.006009030621498823
0.0010058600455522537,-0.006053922697901726
0.0023661700543016195,0.0033412540797144175
0.011315500363707542,-0.0096760094165802
0.0008169885841198266,0.045831408351659775
0.0018212944269180298,-0.00023790278646629304
0.042295169085264206,0.001042328542098403
0.002102895872667432,0.00020593125373125076
0.0005198805592954159,-0.0012083913898095489
0.021597307175397873,0.0011221843305975199
0.011308965273201466,0.001608654041774571
0.007762112654745579,0.002863110275939107
0.0019958452321588993,0.0013318879064172506
-0.18449370563030243,-0.21433761715888977
-0.0013536415062844753,-0.0033055210951715708
0.0008449475280940533,-0.003273803275078535
0.0019276314415037632,0.002175245201215148
-0.011894269846379757,0.00561412051320076
-0.030914083123207092,-0.0325540229678154
0.007181028835475445,-0.0058160629123449326
0.000820911955088377,-0.0007983635878190398
0.0026132401544600725,0.0004631804767996073
0.004518790170550346,-0.0006653976161032915
-0.0018989434465765953,-0.0011339557822793722
0.017488157376646996,0.0033430003095418215
0.0006089184898883104,-0.0011714198626577854
0.002776477485895157,-0.0003201267682015896
0.020717641338706017,0.0014718757010996342
0.03340393304824829,0.007359626237303019
0.006784855853766203,0.0020513241179287434
0.0027352042961865664,0.00925822090357542
0.0007223819848150015,0.00027595795108936727
0.0009696705965325236,0.01084617804735899
0.029403967782855034,-0.019001204520463943
-0.060174260288476944,-0.06074538826942444
0.00040372542571276426,0.0011352828005328774
0.0046904501505196095,-0.0015303264372050762
0.0029296716675162315,-0.001683859620243311
0.0011415672488510609,0.0011352950241416693
0.0624086819589138,0.0014127347385510802
0.0039934515953063965,0.005233122035861015
-0.000282554654404521,0.0002323533408343792
0.0018056465778499842,0.0009293048060499132
-0.0074110995046794415,-0.0031603402458131313
0.019710812717676163,0.002139572985470295
0.0003113534767180681,0.002321216044947505
0.017451941967010498,0.00241642608307302
0.48781198263168335,0.0006128358654677868
0.01937347836792469,0.007353471592068672
-0.000651608919724822,-0.0017309640534222126
0.0012961090542376041,0.00021301826927810907
-0.03573351725935936,-0.05165619030594826
0.006259579677134752,0.003902209224179387
0.0011613316601142287,0.000181608455022797
0.044156454503536224,-0.0013115541078150272
-0.002127096988260746,-0.0028012660332024097
0.0032738393638283014,0.00592500064522028
0.000882171792909503,0.0006670490256510675
0.0013962478842586279,0.019350647926330566
0.048737600445747375,-0.00015147996600717306
-0.007995456457138062,-0.01824924722313881
0.002052929950878024,4.2587751522660255e-05
0.009678253903985023,0.009187653660774231
0.0018560078460723162,0.018559830263257027
-0.0017463496187701821,-0.002188892336562276
0.029124421998858452,-0.0005663079209625721
0.0013214827049523592,0.0014940417604520917
0.0004917969927191734,6.788995960960165e-06
0.007104765623807907,-0.00020136276725679636
0.0020943244453519583,0.003027619095519185
0.005233496893197298,0.004446848761290312
0.0010175282368436456,-0.00041641475399956107
0.00025651237228885293,0.00013608013978227973
-0.011583441868424416,-0.02269456721842289
0.011487048119306564,0.0023401647340506315
0.05087299272418022,0.005080782808363438
-0.0071231769397854805,-0.00981857068836689
0.004189678467810154,0.0007512903539463878
-0.009780315682291985,-0.011545175686478615
0.012629018165171146,-0.00020482158288359642
0.002069240203127265,0.021611209958791733
0.0016643942799419165,0.0041196043603122234
0.005379995796829462,-0.002639831742271781
0.0006994023569859564,0.03090761788189411
0.0012579147005453706,-4.076584446011111e-05
0.02495325170457363,0.006549818441271782
0.0132532250136137,8.257096487795934e-05
0.028548292815685272,0.026553601026535034
0.0008781396900303662,0.002478894079104066
0.00688561424612999,0.004391331225633621
0.00010760454460978508,0.002371998969465494
0.0018175584264099598,5.73180295759812e-05
0.0012335467617958784,0.0015428428305312991
0.01687687262892723,-0.002011669334024191
-0.0008669095695950091,0.0050195930525660515
0.0051122186705470085,0.006006172858178616
-0.002986116800457239,-0.0035231956280767918
-2.730853157117963e-05,0.004070444032549858
0.0001171502226497978,0.0035382111091166735
0.013072369620203972,0.008696423843502998
-0.005501216743141413,-0.010028325952589512
0.0023799927439540625,0.0007008366519585252
-0.01680564135313034,-0.016120927408337593
0.001062634983099997,0.016066206619143486
0.0003718009975273162,-2.192452666349709e-05
0.0679452195763588,0.002143662888556719
0.009748317301273346,0.04291091859340668
0.004462194163352251,0.0003807963221333921
3.802706487476826e-05,0.10754653066396713
0.001497059129178524,8.423536201007664e-05
0.0007263993029482663,9.499122825218365e-05
0.0005129581550136209,0.0036518340930342674
0.005381879396736622,-6.573757855221629e-05
-0.021267827600240707,-0.01986333169043064
0.07817894965410233,0.0016622153343632817
0.002246081829071045,0.0033344458788633347
0.027083713561296463,0.005510331131517887
0.0033923357259482145,0.018040377646684647
0.0020604394376277924,2.2067339159548283e-05
-0.35349664092063904,-0.35975182056427
-0.0013536415062844753,-0.0033055210951715708
0.005959952250123024,-0.001658810069784522
0.0009536523139104247,0.0028195222839713097
0.00032027484849095345,0.0010512515436857939
0.018172720447182655,0.0036305407993495464
0.0010822912445291877,6.120284524513409e-05
-0.0009097069851122797,-0.00014036172069609165
0.0010340397711843252,-0.0005403585964813828
0.0897754579782486,-0.010604191571474075
0.013643503189086914,0.0006461702869273722
0.003768894588574767,7.648678729310632e-05
0.002612156793475151,0.02827637456357479
0.0056321569718420506,0.00042437337106093764
0.0024442020803689957,-0.002075377618893981
0.0010058600455522537,-0.006053922697901726
-0.025433123111724854,-0.026568450033664703
0.01312984712421894,0.00042138772550970316
0.0001401734771206975,0.0008161323494277894
0.004936462268233299,0.00022572126181330532
0.0016656438820064068,0.00047504971735179424
-0.0003400977002456784,0.001239901757799089
0.005607685074210167,-0.00018494226969778538
-0.011429617181420326,-0.013844494707882404
0.219371035695076,-0.0018647137330844998
0.002156793838366866,0.0004026363021694124
0.03152699023485184,0.0012345565482974052
-0.16529501974582672,-0.1652987003326416
0.0009652507142163813,0.0024475709069520235
0.01784779690206051,0.0048026442527771
0.03011273592710495,-0.0010908575495705009
0.0018363411072641611,3.225101681891829e-05
0.004996707197278738,0.006309099029749632
0.0015087018255144358,0.0006530422251671553
0.004637282341718674,0.00040429632645100355
-0.0075309076346457005,-0.013209239579737186
0.002091530943289399,0.0013711159117519855
0.0021929375361651182,-0.0011894386261701584
0.002644276712089777,0.0013308647321537137
0.002870356198400259,-0.0022440655156970024
0.010037525556981564,-0.0024150449316948652
-6.141886115074158e-05,-0.0029515959322452545
0.0016723256558179855,-0.002651057904586196
0.04605055972933769,-0.0019985774997621775
-0.010493895038962364,-0.012771754525601864
-0.011792542412877083,-0.00937750656157732
0.02469160407781601,-0.002437873976305127
8.904273272491992e-06,0.0016022726194933057
-0.0016788227949291468,-0.0030904198065400124
0.005824205465614796,0.0049271839670836926
0.01954386569559574,0.07071566581726074
0.0014189062640070915,0.0010092612355947495
0.0009992575505748391,-0.0005445452407002449
-0.002099779201671481,0.1364765763282776
0.028150416910648346,0.006329351104795933
0.012968015857040882,0.002721956465393305
0.0010113638127222657,0.003990032710134983
0.0018637070897966623,0.002548603108152747
0.013254265300929546,0.002751225372776389
0.0005906064761802554,0.007237304002046585
0.004449834581464529,0.0007411660626530647
0.0015109910164028406,0.00325953122228384
0.0031790118664503098,0.0004520939546637237
0.010999901220202446,-0.007035528309643269
0.002599187660962343,7.75025982875377e-05
0.0063190520741045475,0.00041083997348323464
0.03454550355672836,0.0003351111663505435
0.010304461233317852,-5.556439282372594e-05
0.011308965273201466,0.001608654041774571
0.008065935224294662,0.0005248263478279114
0.0004228590987622738,0.0018143211491405964
0.0015011612558737397,0.0009480958105996251
0.002147106220945716,-4.739354335470125e-05
0.0008953752694651484,-0.001435270649380982
-0.0007136017084121704,0.015754688531160355
0.012350216507911682,0.0002687943633645773
0.04407724738121033,0.004609064199030399
0.0050262147560715675,0.06741101294755936
0.006981849204748869,-0.0018888694467023015
-0.03654836490750313,-0.027655139565467834
0.003599681658670306,0.0033499549608677626
0.010686846449971199,0.0003792295465245843
0.005070599261671305,0.005894288420677185
0.00865393877029419,4.9208334530703723e-05
-0.0070314607582986355,0.01137049961835146
0.0018805214203894138,0.0006034481921233237
-0.016961490735411644,-0.01390406209975481
0.007046682760119438,0.0008880229433998466
-0.03737318515777588,-0.04205761477351189
0.0065858615562319756,0.00024701852817088366
-0.0015715500339865685,-0.007847867906093597
6.422545993700624e-05,0.0041625164449214935
0.00033980258740484715,-0.0009373179636895657
0.029769619926810265,-0.005520944483578205
-0.007621980272233486,-0.012682379223406315
0.00028034078422933817,0.00036090987850911915
0.007250707130879164,0.00046080679749138653
0.0026710692327469587,0.012469753623008728
-0.004275753628462553,-0.004447559826076031
0.003165971953421831,0.038899678736925125
0.002232899656519294,0.023477131500840187
0.005070599261671305,0.005894288420677185
0.0008460548706352711,0.00024404221039731055
-0.0009290175512433052,-0.004405956715345383
-0.00030106311896815896,0.011019909754395485
0.05543536692857742,0.0032732526306062937
8.982513099908829e-05,0.0002773309242911637
0.001212186529301107,-0.0013963845558464527
-0.00550676928833127,-0.005564291030168533
-0.02850886806845665,-0.03025066666305065
0.0023959833197295666,0.0003514183918014169
0.0008809043210931122,0.0006980799953453243
0.0010387958027422428,0.00034905201755464077
-0.007921413518488407,-0.008461274206638336
0.0014538851100951433,0.007887070067226887
0.0006855627871118486,0.011629759334027767
0.0005071521736681461,0.005783303640782833
0.04942028969526291,0.02735203504562378
0.22217004001140594,0.16236044466495514
0.00037712673656642437,0.002993867266923189
0.009368362836539745,0.0008517146343365312
0.0026413891464471817,-0.012881522998213768
0.0017290146788582206,0.045817840844392776
0.0015207127435132861,0.0006024049362167716
0.0005378209752961993,0.005814617965370417
0.02915073186159134,0.0015921725425869226
0.05546405538916588,-0.0020602860022336245
0.0026792865246534348,-1.1567608453333378e-05
0.0014710475225001574,0.0017804598901420832
0.0011843097163364291,0.0003017975832335651
0.002684059552848339,0.0019249931210651994
-0.00033667986281216145,-0.0019822714384645224
0.00029447954148054123,0.009902271442115307
0.00023893112665973604,0.012212647125124931
0.0011082838755100965,0.0038751454558223486
-0.003410983132198453,-0.003075509564951062
0.0021471986547112465,0.002495479304343462
0.010159198194742203,0.00019895164587069303
0.003581408178433776,-0.0004774045664817095
0.0014848851133137941,0.0010352109093219042
0.0007334896363317966,-0.002296373015269637
0.005741016939282417,-0.0007898645126260817
0.00104801869019866,0.004442789126187563
0.0030697903130203485,0.004012702964246273
0.006920344196259975,0.028450828045606613
-0.00799805112183094,-0.011428900994360447
-0.12231235206127167,-0.13348358869552612
0.007021191995590925,-7.875030860304832e-05
-0.02894994057714939,-0.03614277392625809
0.0007477565668523312,0.0019986771512776613
0.00013925983512308449,0.062178466469049454
0.0013348446227610111,0.00014485260180663317
0.002464955672621727,-0.0015918639255687594
-0.0001301155425608158,-0.002340442966669798
9.338806557934731e-05,0.01585518941283226
8.718413300812244e-05,-0.0021017303224653006
0.00017744324577506632,0.0024823376443237066
0.0011726324446499348,0.0009790717158466578
0.008808533661067486,0.001310586929321289
0.0023657483980059624,0.0013089602580294013
0.005732132121920586,0.006272226106375456
-0.02850886806845665,-0.03025066666305065
0.0013102205703034997,0.0032364376820623875
0.003382926108315587,0.04998374357819557
0.010818814858794212,0.0018918687710538507
-0.03740862384438515,-0.03772508352994919
-0.014813762158155441,-0.01647872105240822
0.0005778766935691237,0.0007927874103188515
0.0030051288194954395,0.01029453705996275
0.017529558390378952,0.11866908520460129
-0.002549530239775777,-0.0016308542108163238
0.029512779787182808,-0.0010805877391248941
0.0029819593764841557,0.006213190034031868
0.0015865468885749578,-0.0013184351846575737
0.0023380699567496777,0.018706709146499634
0.10488700866699219,0.022157734259963036
-0.0006101184990257025,0.1758832186460495
0.014257156290113926,-0.0007381144678220153
0.0010358871659263968,0.0038236533291637897
0.0022191035095602274,0.007507393602281809
0.005590705666691065,0.009710963815450668
0.0008808120619505644,0.00992177426815033
0.027125610038638115,0.0019566782284528017
-0.0145549476146698,-0.014457045122981071
0.0173600222915411,0.004084839019924402
0.0017653079703450203,0.010681984946131706
0.001246164320036769,0.004550724755972624
0.009313438087701797,0.001361167524009943
0.0043093194253742695,0.0037871808744966984
0.009748317301273346,0.04291091859340668
-0.032804232090711594,-0.03447867929935455
0.0004275648097973317,0.00019219782552681863
0.0013422442134469748,0.0012113959528505802
-0.002246821066364646,0.014077141880989075
0.00028760655550286174,0.00021741562522947788
-0.0010742744198068976,0.03247590363025665
0.0011981993447989225,-0.0010053245350718498
0.0008809043210931122,0.0006980799953453243
0.006206840742379427,0.0005717073800042272
0.0009413484949618578,-0.0032228545751422644
0.03508829325437546,-0.000988772721029818
-0.0008130234782584012,0.003133957041427493
0.019227605313062668,-0.010232564061880112
0.002700056182220578,0.007937130518257618
0.009267529472708702,-0.0001680178684182465
0.012509047985076904,-0.004479133524000645
-0.0001842093770392239,0.02051098644733429
0.003873886540532112,0.00010176733485423028
0.014847326092422009,0.012249286286532879
0.007762112654745579,0.002863110275939107
0.1508525013923645,-0.0002909393224399537
5.455152131617069e-05,-0.001861298456788063
0.005926777608692646,0.001989220269024372
0.01405680924654007,0.011037081480026245
-0.003559347242116928,0.01162035670131445
-0.07001800835132599,-0.06911966949701309
0.0022590095177292824,0.013661682605743408
-0.00039539788849651814,0.0009644927340559661
0.002816486172378063,0.004943297244608402
0.023510612547397614,0.004575529135763645
0.005163878668099642,-9.668276470620185e-05
-0.0008885734714567661,0.006052193231880665
0.08566790819168091,-0.0028392551466822624
0.0017170212231576443,0.0035756381694227457
0.01915525458753109,-6.216891051735729e-05
0.0011454783380031586,0.0010921618668362498
-0.0001361884642392397,-0.0029515183996409178
0.004791619256138802,0.0015474014217033982
0.010389487259089947,0.0027949875220656395
0.003028514562174678,0.14229004085063934
-0.012384116649627686,-0.0004359101876616478
0.0009715971536934376,0.009156088344752789
-0.0020056627690792084,0.028335385024547577
0.005708904005587101,-0.0012176723685115576
0.0026676664128899574,0.00040546467062085867
0.0004249407211318612,0.004162221681326628
0.0009079118026420474,0.0008706088410690427
0.010529491119086742,0.0016869695391505957
-0.022063419222831726,-0.011730356141924858
0.01366988942027092,-0.0013569111470133066
0.009154824540019035,0.0026993080973625183
0.0016869440441951156,0.03210259601473808
0.005678614601492882,0.002226951764896512
-0.002546057803556323,0.023993298411369324
-0.0062354751862585545,-0.007772778160870075
-0.0012743121478706598,-0.0003422759473323822
-0.0002630031667649746,-0.00036060772254131734
0.010455270297825336,0.007606134749948978
0.018203094601631165,0.02984926849603653
0.0004517889756243676,0.00012057323328917846
0.0008749404223635793,0.03216508403420448
0.027217548340559006,0.025454608723521233
0.012645168229937553,-2.408376894891262e-05
0.0009300616220571101,0.0013747853226959705
0.010239542461931705,0.0011601317673921585
0.00270538660697639,0.0029282576870173216
0.01040768250823021,0.0034237115178257227
-0.17047066986560822,-0.16983643174171448
0.008012219332158566,0.0005547796608880162
0.0007412958075292408,3.5986886359751225e-05
0.00028758373809978366,0.006009030621498823
0.0009242731612175703,-0.0019855801947414875
0.17797508835792542,0.031260158866643906
0.0009344565332867205,0.00023863796377554536
0.0572088360786438,0.00026501191314309835
3.0417053494602442e-05,0.007814181037247181
0.05921335518360138,-0.0019869778770953417
0.0008956636302173138,0.001810482470318675
0.00017102702986449003,0.002738116541877389
0.0006886380142532289,0.0038640443235635757
0.0002605816116556525,0.01182527095079422
-0.001760515384376049,0.00207156827673316
-6.517802830785513e-06,0.009662024676799774
0.0014244219055399299,0.0006659213686361909
0.014932812191545963,0.006629446521401405
0.0009499370353296399,-0.0015749565791338682
0.0004278637352399528,0.0018306182464584708
0.00028758373809978366,0.006009030621498823
0.0037884872872382402,-0.0010154594201594591
0.004725775681436062,-0.000821020919829607
0.005186081398278475,6.738309457432479e-05
0.0020206754561513662,0.012238145805895329
-0.002165253274142742,0.0350872240960598
-0.005360215902328491,-0.004601243417710066
0.016901228576898575,0.007737543433904648
-0.0011920388787984848,-0.0028781448490917683
0.36586350202560425,0.0017745604272931814
-0.007136192172765732,0.004080905579030514
0.0007678255788050592,3.9630358514841646e-05
-0.0027934738900512457,-0.002430469263345003
0.002845426555722952,0.000488224410219118
0.0022872930858284235,0.008032342419028282
0.020760895684361458,-0.0007454771548509598
0.0020720846951007843,0.00036870065378025174
0.01098072063177824,-9.830408089328557e-05
0.003541905665770173,0.02232590690255165
0.0041460092179477215,8.585116302128881e-05
0.04287656396627426,0.0009246733388863504
0.002368974033743143,0.00022289443586487323
-0.09371576458215714,-0.09444066882133484
-0.00860370509326458,-0.03132171556353569
0.0034387584310024977,0.00022091179562266916
-0.012606360018253326,0.0030186353251338005
0.016017036512494087,0.010561872273683548
-0.03098486363887787,-0.04506215080618858
-0.012717828154563904,-0.010460702702403069
0.0007636744994670153,-0.00237284111790359
-0.04724934697151184,-0.050175029784440994
0.00013919000048190355,0.005946184508502483
0.007491127587854862,0.0009470995282754302
0.011778028681874275,0.015034319832921028
0.00507379462942481,0.0008680375758558512
0.002161503303796053,0.00011399228242225945
0.023645363748073578,0.004486551508307457
0.008621630258858204,0.00168718327768147
0.005453384015709162,-0.0009189332486130297
0.010419690981507301,0.00030761343077756464
0.024038953706622124,0.006307154893875122
-0.0007889224216341972,-0.0017522794660180807
0.003254656447097659,0.0011614739196375012
0.008063293993473053,0.007620586082339287
0.009055256843566895,-0.0012074424885213375
0.0028457336593419313,0.03811338543891907
0.00045653950655832887,6.779034447390586e-05
0.002397194504737854,0.010971564799547195
0.010295765474438667,0.004687011707574129
5.2637653425335884e-05,-0.0022717833053320646
0.0027651884593069553,0.008825024589896202
0.008570381440222263,0.0011630287626758218
-0.004353870637714863,-0.012367249466478825
-0.0006045482587069273,0.015970615670084953
0.049626655876636505,-0.0001854674337664619
0.0259560476988554,-0.00011773465666919947
0.0006661365041509271,-0.0002878441591747105
0.00414540059864521,0.002034552861005068
0.001298830145969987,0.0027007588651031256
-0.03467801958322525,-0.03861560299992561
0.0036535682156682014,0.006461172830313444
-0.013867350295186043,-0.0002452600747346878
-0.0022031161934137344,0.00032764323987066746
0.0679452195763588,0.002143662888556719
0.2386404275894165,-0.05845034494996071
0.00038203666917979717,0.0006524166092276573
0.0031047218944877386,0.01732390932738781
0.0317160040140152,-0.0007742694579064846
-0.006391691975295544,-0.006374966818839312
0.004411209840327501,-0.0007433786522597075
-0.0034362440928816795,-0.006017039529979229
0.010289314202964306,0.029103748500347137
0.01194286160171032,0.0033484797459095716
-0.018202953040599823,-0.01969815604388714
0.003427216550335288,0.0007484472589567304
0.0008995906682685018,0.007799144834280014
0.0026174793019890785,-0.0006792203057557344
0.0026636456605046988,-0.0013983272947371006
-0.04378482326865196,-0.044417671859264374
0.00033879728289321065,6.791739724576473e-05
0.024984484538435936,-4.316204285714775e-05
0.013042447157204151,0.028143810108304024
0.04487927258014679,0.01160364504903555
0.00193431181833148,0.024446023628115654
0.004179622977972031,-0.006670108065009117
0.002680789213627577,0.0011044213315472007
0.019284527748823166,0.0012292983010411263
0.006783710792660713,-0.0031026462092995644
0.0028490384574979544,0.002049841219559312
0.0010979357175529003,0.0002370895817875862
0.00037712673656642437,0.002993867266923189
0.040908604860305786,0.001550052547827363
0.0011786881368607283,0.0005881041288375854
-0.0024041086435317993,-0.014207741245627403
-0.00011926260776817799,0.00532294437289238
0.04283251613378525,0.00038133945781737566
0.014857638627290726,0.0003762081323657185
-0.004072388634085655,-0.005054030567407608
-0.0023205673787742853,0.003982784226536751
0.0006895794067531824,0.0007894315058365464
0.001385757583193481,0.005081342067569494
0.007797794882208109,9.158600732916966e-05
0.007580985315144062,0.0018862590659409761
0.009600460529327393,0.00020239291188772768
0.007682052440941334,-0.013100304640829563
0.16919533908367157,0.032885704189538956
0.002497326349839568,0.0046167862601578236
0.00454118475317955,0.000967561500146985
0.012889816425740719,0.0012137859594076872
0.007531854324042797,0.0007369732484221458
0.009968655183911324,0.0018764120759442449
-0.0017126764869317412,-0.003235955024138093
0.018621284514665604,0.00037220382364466786
0.00816414412111044,-2.839926310116425e-05
0.0036810743622481823,6.065011257305741e-05
0.021570369601249695,-0.0006608180701732635
0.004791822750121355,0.006811257917433977
0.001959702931344509,0.0010260824346914887
0.0013631314504891634,0.000556881248485297
-0.00023527583107352257,-0.007267939858138561
-0.0010616611689329147,0.00728981290012598
0.01136504765599966,0.0014312235871329904
0.006733228452503681,-0.0012859340058639646
-0.00018238206394016743,-0.0007875861483626068
0.015273064374923706,0.0008265895303338766
0.003017281647771597,4.36149857705459e-05
0.006197222508490086,-0.0016650761244818568
0.0019516203319653869,-0.001075973268598318
0.000880532490555197,0.0006670508882962167
0.009717759676277637,0.001779367565177381
0.0027977037243545055,0.0017301910556852818
-0.0011067843297496438,0.0067894598469138145
0.0024964737240225077,0.06871575117111206
-0.0025458394084125757,-0.003932548686861992
-0.0007800986059010029,-0.0011390007566660643
-0.0006953376578167081,0.0073530226945877075
0.00970267690718174,0.0012026340700685978
0.0013754756655544043,0.001548221567645669
0.01073526218533516,0.001141232904046774
5.473149940371513e-06,0.00938337855041027
0.031216338276863098,-0.002029120922088623
0.08516564220190048,0.006309099029749632
0.0005229851230978966,0.0033298609778285027
0.0032153355423361063,7.106130942702293e-05
0.030865326523780823,0.07895714789628983
0.008843193762004375,0.01626003161072731
0.003672510152682662,0.0024658995680510998
0.013766774907708168,-0.0025365203619003296
0.0011454523773863912,0.003593467641621828
0.002155501628294587,0.009472986683249474
0.0031744269654154778,-7.49532482586801e-05
0.00226278742775321,0.002173949033021927
0.002340499311685562,-0.00018317106878384948
0.0007602073601447046,3.384263254702091e-05
-0.007628726772964001,-0.006272776052355766
0.0002987110347021371,0.003932769410312176
0.004187105689197779,0.0030232942663133144
8.652311225887388e-05,0.001882003853097558
-0.015597159042954445,-0.017970629036426544
0.0013949237763881683,0.0010046891402453184
0.0011775874299928546,0.025890111923217773
0.0004733176901936531,0.00021082657622173429
0.0015948186628520489,0.0008394835167564452
0.0020850112196058035,0.0018199312034994364
0.032717473804950714,0.00024056517577264458
0.013489007949829102,0.0038536866195499897
0.001008209539577365,-0.0009832862997427583
0.024320129305124283,0.0402815118432045
0.006619079504162073,-0.00019486784003674984
0.015003621578216553,0.005236487369984388
-0.007731536868959665,-0.007176368962973356
0.01802883669734001,0.0027554419357329607
-0.0021352116018533707,-0.0026767635717988014
0.007892640307545662,0.0007108355639502406
-6.01884676143527e-05,0.0002643889747560024
0.009836714714765549,0.0005404265248216689
0.00042010960169136524,0.0015176148153841496
0.006288836244493723,-0.005271469708532095
0.005611594766378403,0.0036014248616993427
0.016346048563718796,-0.000518644112162292
0.004343421198427677,0.0015568721573799849
0.0158026572316885,0.0009407132747583091
0.0019172369502484798,0.0001474614255130291
0.006057755555957556,0.012200208380818367
-0.0005200384766794741,0.0007895107846707106
-0.0006378052057698369,0.0005849777953699231
0.01915525458753109,-6.216891051735729e-05
0.013061227276921272,-0.01929512992501259
0.043954744935035706,0.0012853731168434024
0.00589427724480629,0.004768164362758398
0.00021877483231946826,0.03170407563447952
0.00635982770472765,0.001970672281458974
0.08895590901374817,0.0006701034726575017
0.002304977038875222,0.0039005479775369167
-4.846882075071335e-05,0.0017829183489084244
0.0019870204851031303,-0.00956277921795845
0.02845926582813263,4.979572258889675e-05
0.004776709247380495,0.0005454258061945438
0.0005086979363113642,0.0031458702869713306
0.0011641959426924586,0.003446269780397415
0.00029541412368416786,-0.004519556183367968
0.0031680080574005842,0.0004322538443375379
0.0028548631817102432,-0.000417374714743346
0.0033136236015707254,0.014556346461176872
0.007391031365841627,-0.00015271082520484924
0.013003974221646786,-0.0022073877044022083
0.0006460552685894072,0.006650849245488644
0.0023197827395051718,-0.003241506638005376
0.03706344962120056,-0.006082926876842976
0.0018857347313314676,0.03665316849946976
0.000614364049397409,0.00039127227501012385
8.273618732346222e-05,0.0011363831581547856
0.01200882252305746,0.000908317684661597
0.013893704861402512,0.0010401117615401745
0.004540502559393644,0.0018258149502798915
0.025310339406132698,0.001969371223822236
0.0002954954979941249,0.0028478410094976425
0.03233212232589722,0.004245251417160034
0.0009652507142163813,0.0024475709069520235
-0.0009880135767161846,-0.0041986145079135895
0.02658085897564888,0.019974585622549057
0.0002778777852654457,0.003279269440099597
0.0008568010525777936,0.050069231539964676
0.008461901918053627,0.0034745121374726295
-0.0004504498210735619,-0.0009424980962648988
0.0007040247437544167,3.5791043046629056e-05
0.04061136767268181,0.0009445216273888946
0.0010822912445291877,6.120284524513409e-05
0.02470356784760952,0.008644510060548782
0.0012319774832576513,0.0016971640288829803
0.057607635855674744,0.002949927467852831
0.011550833471119404,0.002552974969148636
-0.006525485776364803,-0.0053826286457479
-0.017657462507486343,-0.019657904282212257
0.005271070171147585,-0.0063865771517157555
0.05472967028617859,0.001550052547827363
0.0044571696780622005,-0.0002167695201933384
0.0009800789412111044,0.002812811639159918
0.0012240656651556492,0.0003228830173611641
-0.0006953376578167081,0.0073530226945877075
0.012226369231939316,-4.994732444174588e-05
0.0247321929782629,-0.0152241550385952
0.0011833587195724249,0.005161521956324577
0.013254265300929546,0.002751225372776389
-0.007038434501737356,-0.012599005363881588
0.0013693460496142507,0.0003609292907640338
-0.01624368503689766,-0.009412546642124653
0.016185158863663673,0.0017519411630928516
0.0060377479530870914,0.0011220420710742474
-0.04215335473418236,0.017291709780693054
0.024493061006069183,0.003336623078212142
0.0009911623783409595,0.08501902967691422
0.007797794882208109,9.158600732916966e-05
0.003064686432480812,-0.017717670649290085
0.000851064920425415,0.002243100432679057
0.001115171005949378,0.004751326981931925
0.02536282315850258,-6.851398211438209e-05
0.003215560456737876,0.0031381286680698395
-0.013221122324466705,-0.01689443178474903
-0.007946429774165154,0.005241114646196365
-0.000794376595877111,0.007210849784314632
0.011647611856460571,0.0009568172972649336
0.006547850091010332,0.04502883553504944
-0.0025276285596191883,-0.0031470798421651125
0.0004580432432703674,0.016988979652523994
0.008405712433159351,0.00737141165882349
-7.687998004257679e-05,4.760845331475139e-05
6.509164813905954e-05,0.0006680049118585885
-0.008191753178834915,-0.00996524840593338
0.011871741153299809,-4.724622704088688e-05
0.026604292914271355,0.0034294603392481804
0.13121482729911804,0.0348452590405941
0.0034677828662097454,0.008026533760130405
0.002078697318211198,0.003620656905695796
0.012210705317556858,0.015338254161179066
0.005748928524553776,0.0014805577229708433
0.007994690909981728,0.0004165646096225828
0.017555780708789825,0.003786721732467413
-0.0018910798244178295,-0.0006945410277694464
0.0007191949989646673,0.003097010776400566
0.0037716578226536512,0.005807953886687756
0.0007714114617556334,0.01164014171808958
0.0018883371958509088,0.014539642259478569
0.002703503705561161,0.021881433203816414
0.015170133672654629,0.0068907043896615505
0.003973787184804678,0.004558201413601637
0.00027641202905215323,0.0033298609778285027
0.010105394758284092,0.02289782091975212
0.006432628259062767,0.017610538750886917
0.003908323589712381,0.0065705906599760056
0.002758580259978771,-0.0014436743222177029
-0.0451895035803318,-0.04588291794061661
-0.0009349752217531204,-0.0026461277157068253
0.0023801263887435198,7.501347863581032e-05
0.00018230389105156064,0.0005651193205267191
-0.03750121220946312,-0.029402803629636765
0.008637473918497562,0.003228924237191677
0.002117495285347104,0.0007491004071198404
0.004036753438413143,-0.0007200118852779269
-0.00861375406384468,-0.008842898532748222
0.001537189120426774,0.017067449167370796
-0.0008852416649460793,-0.0015665494138374925
0.007302776910364628,0.001616951311007142
0.026010757312178612,0.000714541703928262
-0.002648382680490613,-0.004208405502140522
-0.009665601886808872,-0.01195813063532114
0.0008085484150797129,0.0009057257557287812
0.04621591046452522,0.00040535841253586113
0.0007678255788050592,3.9630358514841646e-05
0.0022063148207962513,0.011752951890230179
0.00138188898563385,0.1597886085510254
0.0003440813161432743,-0.0004475932219065726
0.017101973295211792,0.025504637509584427
0.015827473253011703,-0.0006301983376033604
-0.0068840510211884975,0.012076104059815407
-0.0020578422117978334,-0.0031399247236549854
-0.0074313972145318985,-0.006595386192202568
0.0004138506483286619,-0.001143129076808691
0.0003636415349319577,0.00035767327062785625
0.0014097372768446803,0.0001969185541383922
0.007694772910326719,0.0010595195926725864
0.0032768945675343275,0.0017932569608092308
0.02470356784760952,0.008644510060548782
0.000268190517090261,0.056489039212465286
0.0012573538115248084,0.008561676368117332
0.0008931408519856632,0.0003882182063534856
0.01890990138053894,-0.003978225868195295
0.001547698164358735,0.0033505060710012913
0.000504820141941309,0.0009252448217011988
0.0035529015585780144,0.009757033549249172
0.004535147454589605,0.013176647946238518
0.057944171130657196,0.002049088943749666
0.023167919367551804,-0.0009760279208421707
0.00213608518242836,0.02514800615608692
0.006487193517386913,0.0006348957540467381
-0.008609108626842499,-0.01730372942984104
-0.041001252830028534,-0.04066065698862076
0.001958889653906226,0.0012605852680280805
-0.00535467267036438,0.004971696063876152
0.0011503457790240645,0.0018983667250722647
-0.0022550197318196297,0.009204266592860222
0.003765757894143462,0.018405577167868614
0.012018437497317791,-0.0006214365130290389
0.0004720182332675904,0.0005782096413895488
0.008877602405846119,0.002455145586282015
0.010048335418105125,0.013349785469472408
-0.002521342132240534,-0.005260385572910309
0.03176741674542427,0.10090429335832596
0.010276717133820057,0.0009895374532788992
-0.005131464917212725,0.0006001964211463928
0.03172438591718674,0.0009150906116701663
0.01373024471104145,0.0036349385045468807
0.09555820375680923,-0.006061511114239693
0.0007168116862885654,0.005959999747574329
0.007893343456089497,-0.004494382534176111
0.0002614875265862793,0.005994292441755533
0.0005930126644670963,0.0013180137611925602
0.00024265509273391217,1.2384480214677751e-05
0.0009053151588886976,-7.30644169379957e-05
0.0026105353608727455,0.003570718225091696
0.001689584692940116,0.01935441419482231
0.0017704707570374012,0.001643605763092637
0.0012492770329117775,0.001510035595856607
0.003173974808305502,0.0034822789020836353
0.00537857785820961,0.0002854122139979154
0.02276257798075676,-0.00022678446839563549
-0.00037821539444848895,0.03369385376572609
0.004481261130422354,2.7984235202893615e-05
0.012111781165003777,-0.015592153184115887
0.000871633121278137,0.08325750380754471
-0.0007339378353208303,0.0005442705005407333
-0.29217052459716797,-0.29385289549827576
4.5098597183823586e-05,0.000484108692035079
-0.002443968318402767,-0.003927781246602535
0.002486875746399164,0.006400926969945431
0.005897745955735445,0.003676482243463397
0.0008293297723866999,0.002252502366900444
0.024239417165517807,0.4628656208515167
0.0003182371729053557,0.0028509304393082857
0.0008943444117903709,0.0030410466715693474
0.0005598269635811448,0.04538949579000473
-0.005601018201559782,-0.003990274388343096
0.0010058600455522537,-0.006053922697901726
0.00611525122076273,0.0032350467517971992
0.0008748897234909236,0.00186925008893013
0.016885705292224884,0.004475170746445656
0.030840665102005005,0.0005509499460458755
0.0709364041686058,-0.01011060643941164
-0.0002207152429036796,2.3402099031955004e-05
0.0032585719600319862,-0.004382436163723469
-0.00812656432390213,-0.008618188090622425
0.0031356671825051308,0.039272841066122055
0.017244232818484306,-0.0028963235672563314
0.0015662978403270245,0.005781850777566433
-0.0003378388355486095,0.00028911809204146266
0.003118733875453472,-0.0054713147692382336
0.024493061006069183,0.003336623078212142
0.008426401764154434,0.05969687178730965
0.0006110562244430184,0.00028293809737078846
0.015892550349235535,0.003181289881467819
0.0006114750867709517,0.0006756343645974994
-0.03247431293129921,-0.0380823127925396
0.0016913814470171928,-5.794604658149183e-05
0.017370805144309998,6.752985063940287e-05
0.0003797446843236685,0.0027838870882987976
0.002012627199292183,0.008002938702702522
0.0333576463162899,0.0010063726222142577
0.0019678075332194567,-0.002551416400820017
-0.17893502116203308,-0.1848028302192688
0.00028758373809978366,0.006009030621498823
0.01607137732207775,-0.0021199267357587814
0.0032990090548992157,0.0031025425996631384
-0.0009296415373682976,0.0030283615924417973
0.007212183903902769,0.010500449687242508
0.0010994554031640291,0.0011622968595474958
0.003665153868496418,-0.0025971042923629284
-0.0006541670300066471,0.1224963515996933
0.0020705414935946465,0.0014092965284362435
0.00011482625268399715,0.001851419685408473
0.018788006156682968,0.00017980393022298813
0.002080316422507167,4.892994184046984e-05
0.007315104361623526,-0.006679861806333065
0.004048643633723259,0.0003487638314254582
-0.009650705382227898,0.048363447189331055
0.0006735361530445516,0.0004823628696613014
-0.0006493466207757592,0.01644562929868698
0.034107815474271774,-0.004637329839169979
0.00021069985814392567,0.010292726568877697
-0.0006011243676766753,0.0032191320788115263
0.011224059388041496,4.213735519442707e-05
-0.0016625160351395607,-0.0036113762762397528
-4.339969018474221e-05,0.0049142311327159405
5.455152131617069e-05,-0.001861298456788063
0.0006830887869000435,0.015366999432444572
0.012002494186162949,0.0037577622570097446
0.006452134810388088,0.0006624802481383085
-0.0022705462761223316,0.003671691520139575
0.0017305943183600903,-0.0017930769827216864
0.0008423729450441897,0.09098149091005325
0.0047102319076657295,-2.1763669792562723e-05
0.0032748093362897635,0.0004974027397111058
0.030467048287391663,0.0011013606563210487
0.0011454151244834065,0.0002319531631655991
0.23872706294059753,-0.002067236229777336
0.003957170993089676,0.023172102868556976
0.012547881342470646,0.002809052122756839
0.009600460529327393,0.00020239291188772768
0.0015616263262927532,0.013530113734304905
-3.482686588540673e-05,0.0007984030526131392
0.000600895844399929,0.010474742390215397
-0.004374219104647636,-0.004613025579601526
0.002487121382728219,0.01329840999096632
0.011322161182761192,-0.0028450842946767807
0.10796982795000076,0.003689346369355917
-0.002221934963017702,-0.006172852590680122
0.014349639415740967,0.0015305345878005028
-0.009432081133127213,-0.010860579088330269
0.012185909785330296,0.0006660657818429172
-0.0020319647155702114,-0.0021456568501889706
0.0060728066600859165,0.0008723433129489422
0.0002676874864846468,0.0006456517148762941
-0.0013044481165707111,-0.0010251986095681787
-0.0008926954469643533,0.008366348221898079
0.009479891508817673,0.024766385555267334
0.0010555069893598557,0.007333221845328808
-0.0005268112872727215,0.002916545607149601
-0.00015801499830558896,-0.0007064304081723094
0.0034674820490181446,-0.0010192577028647065
0.034978605806827545,0.0018990917596966028
-0.001014695968478918,0.0011738259345293045
0.010949812829494476,0.0005105701275169849
-0.00030106311896815896,0.011019909754395485
0.004096352029591799,0.005690509453415871
-0.016971955075860023,-0.018623024225234985
0.003340735798701644,0.007435855455696583
0.023723004385828972,0.0006307971198111773
0.005599309224635363,-0.003757915925234556
0.000786901218816638,0.008903516456484795
0.015750911086797714,0.0010263754520565271
-0.0010155586060136557,-0.0008851132006384432
-0.004712829831987619,0.011576158925890923
0.000618726247921586,0.0016363814938813448
0.0012392377248033881,-0.0007291791844181716
-0.0001142122782766819,0.00023216335102915764
0.001984180649742484,0.010437081567943096
0.0052887252531945705,-0.0009017130360007286
0.0013828322989866138,0.011100039817392826
0.003756194841116667,0.0002311340213054791
0.01270290371030569,0.006584341172128916
0.008277041837573051,0.001756735029630363
0.0003330226172693074,6.488015060313046e-06
-0.004664191976189613,-0.012902049347758293
-0.004000852350145578,-0.005389132536947727
0.0059961858205497265,0.014683675020933151
0.010229252278804779,-0.0015731106977909803
-8.909497410058975e-05,0.001254828181117773
0.0024238459300249815,0.0034286687150597572
6.238918285816908e-05,0.001538319163955748
-0.011393081396818161,-0.012132289819419384
0.014103762805461884,-0.0032826911192387342
0.004439930897206068,0.0015442317817360163
0.0040823919698596,0.0005647274665534496
0.00214593717828393,-0.0045463466085493565
0.009596232324838638,0.021926604211330414
0.02491924725472927,0.07638950645923615
-0.015888195484876633,-0.010105320252478123
0.01654295064508915,-0.003246619598940015
0.02356838993728161,0.0005816214252263308
0.010969148948788643,-0.0003588031977415085
-0.0013588654110208154,0.0005894328933209181
0.006846450734883547,0.0043356395326554775
0.0022540688514709473,0.0017315990990027785
-0.013282213360071182,-0.016554882749915123
0.004161912016570568,0.00018692764570005238
0.0009298857767134905,0.009124994277954102
0.000690071377903223,-0.0008229505037888885
0.010315904393792152,0.004192642867565155
0.00013827643124386668,0.012553906999528408
0.025683201849460602,-0.0014066118746995926
-0.007215567398816347,-0.006511900573968887
0.00031644763657823205,0.011897365562617779
0.0007223819848150015,0.00027595795108936727
0.02240779437124729,0.0011450027814134955
-0.0408751554787159,-0.040935903787612915
-0.017727714031934738,-0.01598324067890644
0.004868505988270044,-0.00015442297444678843
0.0019027353264391422,-0.00011909811291843653
0.002497326349839568,0.0046167862601578236
0.00013919000048190355,0.0005577540723606944
-0.029247459024190903,-0.029757296666502953
-0.0012866207398474216,0.0008152551017701626
0.0005776280304417014,0.004883883986622095
-0.03137318044900894,-0.03399123623967171
0.001559581607580185,-0.0037080487236380577
0.0012059244327247143,-0.0020841453224420547
-0.03937455266714096,-0.06398384273052216
-0.0034495166037231684,0.007420920301228762
-1.0055067832581699e-05,0.000585985544603318
0.0023209138307720423,0.0008818182395771146
-0.0861402079463005,-0.09014859050512314
0.004222481977194548,0.0032187020406126976
0.05112476274371147,0.04236815497279167
0.009748317301273346,0.04291091859340668
0.05584210157394409,-0.0007968486752361059
0.009775941260159016,-3.186445974279195e-05
0.014967811293900013,0.0024033256340771914
0.007270441856235266,-0.0004364268097560853
0.009707876481115818,0.0005628830404020846
0.002221916103735566,0.059905536472797394
-0.011970989406108856,-0.01629689708352089
0.0071065351366996765,0.0012550654355436563
7.989420555531979e-05,0.002180085750296712
0.0009719367371872067,-0.00041459689964540303
0.0005555903189815581,0.0004042249056510627
0.008870260789990425,-0.0005552538204938173
0.00045792345190420747,0.0006915188860148191
0.03256729245185852,0.0037577622570097446
0.002816486172378063,0.004943297244608402
3.124107024632394e-05,0.007256092969328165
0.004501273389905691,0.000322684645652771
0.00051161739975214,0.00508516002446413
0.05692921206355095,0.0051507409662008286
-0.004975507967174053,0.05177522450685501
0.001040555303916335,0.0008359118946827948
-0.0026966738514602184,-0.0035184738226234913
-0.009549802169203758,-0.018427293747663498
0.024199169129133224,0.04134300351142883
0.004304294940084219,0.011765776202082634
-0.025735918432474136,-0.02728533372282982
0.001494494965299964,0.001246322295628488
0.0021015643142163754,0.0008279190515168011
0.0013515731552615762,-0.001258958363905549
0.00818604789674282,0.0007971057202666998
-0.012028312310576439,-0.01573529653251171
0.0007432622369378805,0.005425693467259407
-0.04166845977306366,-0.0423600934445858
-0.011016862466931343,-0.014260809868574142
0.00019055668963119388,0.08044158667325974
0.03166964650154114,0.005013039335608482
0.02962745912373066,0.033303141593933105
3.932253457605839e-05,0.015284794382750988
0.0012847151374444366,0.011333047412335873
0.02482125349342823,0.010213145986199379
-0.0026716243010014296,0.06366589665412903
-0.24778486788272858,-0.21357344090938568
0.011763928458094597,0.0007480211788788438
0.0016362785827368498,0.0007361769676208496
0.02135532908141613,0.008434465155005455
0.013507349416613579,0.0779535099864006
0.0009129223763011396,0.0035131615586578846
0.0046837651170790195,0.007242951076477766
0.006916536018252373,7.372582331299782e-05
0.0025931207928806543,0.001331349485553801
0.0013679424300789833,0.0007836745935492218
-0.02850886806845665,-0.03025066666305065
-0.12750735878944397,-0.10797175019979477
0.00015700497897341847,0.0029275822453200817
0.007276751101016998,-0.0025509290862828493
0.09670227020978928,-0.0054182689636945724
0.03165716677904129,0.001753892982378602
-9.060511365532875e-05,0.026979587972164154
0.012470494955778122,0.0067474115639925
-0.004160594195127487,-0.00631830794736743
0.007572802249342203,-0.0010038410546258092
0.0036667753010988235,0.01732551120221615
0.024821622297167778,0.00043731473851948977
-0.0005484749563038349,-0.001852350658737123
0.0002841950627043843,0.006773652508854866
4.945538239553571e-05,0.031369276344776154
0.0008521161507815123,0.00021197262685745955
0.03406279906630516,9.94474976323545e-05
0.0032153355423361063,7.106130942702293e-05
0.0015021665021777153,0.00011471658945083618
0.08140847086906433,-0.000491853104904294
0.006882491521537304,0.0005248333909548819
0.0032923794351518154,0.02373654767870903
0.0025271757040172815,0.0005998279084451497
-0.00035944191040471196,0.0008573563536629081
0.0014802871737629175,0.0002079775440506637
0.006948812864720821,0.25112468004226685
-0.0017352907452732325,-0.0008723698556423187
0.002601076615974307,2.268608659505844e-05
0.0012392377248033881,-0.0007291791844181716
0.011727740988135338,-0.00013506991672329605
0.0036563498433679342,0.015533220022916794
0.005662542302161455,0.029928293079137802
-0.013982925564050674,0.005665476433932781
0.028150085359811783,-0.008922901004552841
0.0009343805140815675,9.258821228286251e-05
0.0003081285394728184,-0.0007381669711321592
-0.001053891726769507,-0.0019266334129497409
0.0027474192902445793,0.010212205350399017
0.003764835651963949,-0.0036152068059891462
0.004698334261775017,-0.00032022001687437296
0.01486855000257492,0.05921758711338043
0.012651151046156883,-6.089662201702595e-05
0.007762112654745579,0.002863110275939107
0.06534098088741302,-0.00039620569441467524
0.039450496435165405,-0.001977750100195408
0.0031473939307034016,0.029651135206222534
-0.0035661531146615744,-0.0021638486068695784
0.0008676571305841208,-0.0009065117919817567
0.0008799145580269396,0.0026400212664157152
0.026260480284690857,0.010357985273003578
-0.003345638979226351,-0.008505133911967278
0.10477752983570099,-0.00028689202736131847
-0.0006130869733169675,0.0031828193459659815
8.91619420144707e-05,-0.00015458022244274616
0.00047790969256311655,0.0009771982440724969
0.0032857574988156557,0.00044681632425636053
-9.66670922935009e-05,-0.0005324747180566192
-0.018774699419736862,-0.030354460701346397
0.001132330158725381,-0.0007933959714137018
0.007736975327134132,0.0006184233934618533
-0.003459082916378975,-0.012713069096207619
0.0027418623212724924,0.00043082109186798334
0.018539082258939743,0.09691459685564041
0.008047345094382763,-1.0249903425574303e-05
0.0020705414935946465,0.0014092965284362435
-0.00048585422337055206,-0.00011609290959313512
0.0029870423022657633,0.0019037084421142936
-0.03118227794766426,-0.03383679687976837
0.016420118510723114,-0.010471269488334656
0.002380102640017867,0.0005519897094927728
-3.95747774746269e-05,0.009267780929803848
0.02071477100253105,0.0010089145507663488
0.014321113005280495,0.010020820423960686
-0.0008916809456422925,-0.0013349202927201986
-0.002254257909953594,0.005385021213442087
0.014282763935625553,0.007043580990284681
-0.0010317321866750717,-0.0034474909771233797
0.00030525409965775907,0.0016351403901353478
-0.006568800657987595,0.03234801068902016
0.005951914004981518,0.007274361792951822
-0.0016369214281439781,-0.003252323716878891
-0.0017407466657459736,0.0022423372138291597
0.0013367959763854742,0.0023656340781599283
0.023513473570346832,0.0011461743852123618
0.013013731688261032,0.04312000423669815
0.0006099737947806716,0.004880539607256651
-0.00018238206394016743,-0.0007875861483626068
0.007571566849946976,6.423832383006811e-05
0.00706316065043211,0.021613098680973053
0.0007707103504799306,0.003930613398551941
0.002759732538834214,0.029640715569257736
0.007953863590955734,0.0064451987855136395
0.010597830638289452,0.00011725724471034482
0.009677921421825886,0.002107861451804638
0.0017541900742799044,0.00015195774903986603
0.0012932507088407874,-0.0008173903916031122
0.034107815474271774,-0.004637329839169979
0.0013087696861475706,0.01783020980656147
0.0007080427603796124,0.00016450182010885328
0.0012335467617958784,0.0015428428305312991
-0.0004973761970177293,0.0031508896499872208
-0.00018874520901590586,2.3402099031955004e-05
0.0009900486329570413,0.0031450153328478336
0.009293632581830025,0.0006518142763525248
0.01388454344123602,0.012955263257026672
-0.002402456710115075,0.0047926888801157475
0.022357553243637085,0.008184495382010937
0.004339710343629122,0.00021410470071714371
0.014253823086619377,0.00859510526061058
0.18524818122386932,0.050735898315906525
-0.00931413471698761,-0.013554586097598076
0.026077494025230408,-0.006297728978097439
0.03412080556154251,-0.00039640493923798203
0.0005289206746965647,0.0011103195138275623
0.01290906686335802,0.03962922468781471
0.0012392377248033881,-0.0007291791844181716
0.0031118299812078476,0.04147975146770477
0.000315071054501459,0.12469329684972763
0.0001467003603465855,0.0007538542267866433
-0.008681272156536579,-0.018492644652724266
-0.005545300897210836,0.0020494400523602962
0.012882087379693985,0.0031752348877489567
0.0019474722212180495,0.0023825245443731546
0.003932209685444832,0.005101384129375219
0.0073181199841201305,0.02029699832201004
0.006871897727251053,0.0016882623312994838
0.00011838553473353386,-0.001499506295658648
-0.015886684879660606,-0.016107141971588135
0.0014611831866204739,0.000866928487084806
0.002716615330427885,0.0013951788423582911
0.00450520496815443,0.0007655865047127008
0.00019730208441615105,0.0017877216450870037
0.007623868994414806,-0.0005044659483246505
-0.011797232553362846,-0.026937540620565414
0.012018437497317791,-0.0008112207287922502
-0.00031747930916026235,0.020592108368873596
0.0050088209100067616,-0.0001060108479578048
0.002115718089044094,0.00021802946866955608
0.0007701262948103249,-1.4323333743959665e-05
0.00011453335173428059,0.004956879187375307
0.0016437489539384842,0.005490751937031746
-0.006232772022485733,-0.04620613902807236
0.010689247399568558,0.0025464140344411135
0.003496391698718071,-0.0004630279145203531
0.0004844997019972652,-0.00013525798567570746
0.00178759905975312,0.0003533797280397266
0.006769844330847263,-0.001595601555891335
0.0009096786379814148,0.0013737909030169249
0.014608059078454971,0.0061005414463579655
0.002970087807625532,0.000137486174935475
0.04127073287963867,-0.025524409487843513
0.004936462268233299,0.00022572126181330532
-0.04860210791230202,-0.05194131284952164
-0.0025276285596191883,-0.0031470798421651125
0.000578465813305229,0.0007623308338224888
0.00024101337476167828,-1.9232029444538057e-05
0.0032304436899721622,0.0005876367213204503
-0.09094487875699997,-0.09018450975418091
-0.012329084798693657,0.009136728942394257
0.007391031365841627,-0.00015271082520484924
0.032033905386924744,0.016944151371717453
0.0002670211251825094,0.001465887762606144
0.0022606789134442806,0.0005280335899442434
0.0020705414935946465,0.0014092965284362435
0.02544223703444004,0.0008800394716672599
3.18038510158658e-05,0.0009824283188208938
0.0031304406002163887,-0.0001779671001713723
0.00019891309784725308,0.007584128063172102
0.11257945001125336,0.008641878142952919
0.0012493026442825794,0.004884023685008287
0.005581756122410297,0.005032227374613285
0.012470494955778122,0.0067474115639925
8.665106724947691e-05,0.0028722225688397884
0.00011517154780449346,0.001238357974216342
-0.04801120609045029,-0.036739662289619446
0.014488887041807175,0.02598370984196663
0.0007887298706918955,0.0013745313044637442
0.001780938939191401,0.00204424187541008
4.945538239553571e-05,0.031369276344776154
0.009159793145954609,-0.00039268890395760536
0.004157411400228739,0.00011527699825819582
0.0030667223036289215,0.0005729067488573492
-0.0011180416913703084,-0.0008394143078476191
0.01918584294617176,0.02373005636036396
0.00012267506099306047,0.0009793608915060759
0.00020262718317098916,0.0014116497477516532
0.002646410372108221,0.00016779715951997787
0.01543466281145811,0.0006461780285462737
0.019214345142245293,0.2542429268360138
0.009193306788802147,-0.00014960652333684266
0.0009468457428738475,0.000908682937733829
0.007193431258201599,0.055113665759563446
0.0506812147796154,3.711089084390551e-05
0.1910974383354187,0.07798335701227188
0.0013031323906034231,-0.00040568949771113694
0.0014295722357928753,0.002344760112464428
0.004522643052041531,0.016119660809636116
0.007302776910364628,0.001616951311007142
-0.00027461734134703875,1.1646421626210213e-05
-0.010565143078565598,-0.05164153501391411
0.0027139130979776382,5.226632856647484e-05
-0.07367050647735596,-0.06831125915050507
0.0018054164247587323,0.0008156702388077974
0.0001102336318581365,0.004160873591899872
0.0034387584310024977,0.00022091179562266916
0.006108928006142378,-0.006018671672791243
0.0002527293690945953,0.011563706211745739
0.00041403359500691295,-0.0004752730019390583
-0.10139412432909012,-0.11221592128276825
0.0030707097612321377,0.002117027062922716
-0.003287469269707799,-0.005221221596002579
-0.0012386159505695105,-0.0029299603775143623
0.008189610205590725,-0.0002873790799640119
0.0010608671000227332,0.0003992863930761814
0.0026056028436869383,0.0012185652740299702
-0.001108595635741949,-0.00498324166983366
0.012062566354870796,-0.011030198074877262
-0.00767586100846529,0.0018908046185970306
0.0030636200681328773,0.000886963214725256
8.837482891976833e-05,0.028279120102524757
-0.03750121220946312,-0.029402803629636765
0.005561870988458395,0.0003520174650475383
0.002660798840224743,0.005025440361350775
0.004212395288050175,0.008479501120746136
0.0004842540656682104,0.014714439399540424
-0.18949049711227417,-0.16224423050880432
0.003865616861730814,0.002081767190247774
0.006955909542739391,-0.0016021565534174442
-4.607532173395157e-05,0.0010824103374034166
0.002402188489213586,0.0007461763452738523
0.002142835408449173,-0.000366175954695791
0.0044693248346447945,0.02586226351559162
0.004936462268233299,0.00022572126181330532
0.0013202981790527701,0.03469705209136009
0.0014039082452654839,0.0018914067186415195
0.0009858356788754463,-0.0024855085648596287
0.002746929181739688,0.00033227086532860994
-0.003176962025463581,0.0006779483519494534
0.004125049337744713,-0.0076881032437086105
-0.0011750649427995086,0.0002499802503734827
0.00022080882627051324,0.0006660190410912037
0.0022611806634813547,0.00460866978392005
0.0020922678522765636,0.0005126023315824568
-2.2764899767935276e-05,0.007801125757396221
0.04662366583943367,0.03913438320159912
0.0031180770602077246,0.0008712979033589363
0.006034392863512039,0.029262002557516098
-0.018153099343180656,-0.018342403694987297
0.00028659391682595015,0.00019341825100127608
0.007263048551976681,0.016630716621875763
-0.02949967235326767,-0.036287542432546616
0.05624870955944061,0.0014030752936378121
-0.022518280893564224,-0.0242999866604805
-0.01683923974633217,-0.02420426532626152
0.19315482676029205,-0.001549147185869515
-0.0005732588469982147,-0.008376121520996094
0.0064213392324745655,0.00343073601834476
-0.0062044765800237656,-0.005758284591138363
0.0016002021729946136,0.0004924329114146531
0.0034409174695611,0.00017366772226523608
0.012858781032264233,0.00015389363397844136
0.0027786698192358017,-3.814289811998606e-05
0.007688760757446289,-0.0021453904919326305
-0.003459082916378975,-0.012713069096207619
7.423677743645385e-05,0.006095618475228548
0.004405279643833637,0.0012484557228162885
-0.003797637764364481,0.003764952067285776
0.0007602073601447046,3.384263254702091e-05
-0.0009464481845498085,0.0011691703693941236
0.05353156104683876,0.034689877182245255
0.020801478996872902,-0.0011496433289721608
0.00010252704669255763,0.0004241561982780695
0.15183331072330475,-0.0026222392916679382
0.0008927138987928629,0.00440569780766964
0.0018201373750343919,0.04473103955388069
0.04307664930820465,-0.00028186809504404664
0.0012060293229296803,0.20496422052383423
0.0030099048744887114,0.0003707843425218016
0.021109720692038536,-0.0005656180437654257
0.004347755573689938,-0.0002616630226839334
0.004962120205163956,0.0007833985146135092
0.004187467508018017,0.0012790965847671032
0.0017150035127997398,0.00011667938088066876
0.004801261704415083,0.004303872585296631
0.005358260124921799,0.00035887444391846657
0.006484337151050568,-0.00964267086237669
0.005252947099506855,0.006454834248870611
0.014240453951060772,0.031155196949839592
0.016031481325626373,-0.011760393157601357
-0.0019198658410459757,-0.00037169200368225574
0.010233432985842228,0.0009347433224320412
0.0025520443450659513,0.0003972030826844275
0.009735998697578907,0.004064466338604689
0.005446261260658503,-0.00044828152749687433
-0.0019724881276488304,-0.0015850472263991833
0.0044693248346447945,0.02586226351559162
-0.002138970186933875,0.0018994305282831192
0.0020989689510315657,0.0013215418439358473
0.002601773012429476,0.0005628830404020846
0.003573298454284668,0.0010204934515058994
0.011647611856460571,0.0009568172972649336
0.024183865636587143,-0.0015584323555231094
0.009720083326101303,0.0015711358282715082
-0.004000852350145578,-0.005389132536947727
0.011443166993558407,-0.0011206099297851324
0.029691873118281364,0.009427176788449287
-0.0022582183592021465,-0.0007865378865972161
0.023588869720697403,0.0013427278026938438
0.0030658382456749678,0.0024721045047044754
0.013450364582240582,-0.002309277420863509
0.010555672459304333,-0.0003840276040136814
-0.014968032017350197,-0.012565745040774345
0.0004272720543667674,0.00463986536487937
0.0033397977240383625,0.0005868361331522465
0.005420854315161705,0.011790069751441479
0.0018451435025781393,0.0050013503059744835
-0.012884777970612049,-0.0039210207760334015
0.00225076568312943,0.0041666035540401936
0.007457902189344168,0.000660510384477675
-9.521003812551498e-05,0.024539273232221603
-0.039210524410009384,-0.04247760400176048
0.000504861818626523,0.0008617106359452009
0.0011816028272733092,0.00010411813855171204
0.002053514588624239,0.00032708715298213065
0.06344059854745865,0.0008476237417198718
0.016007885336875916,0.00597969489172101
0.040305253118276596,0.041135523468256
0.010897733271121979,0.03072894737124443
0.0010448964312672615,0.013954305090010166
0.003934579901397228,0.00041437160689383745
0.02695212885737419,0.0011994334636256099
-0.012575643137097359,-0.01691967248916626
0.0001442976645193994,0.0011682765325531363
0.009746418334543705,0.008205252699553967
0.018910100683569908,-0.00018824407015927136
0.002716615330427885,0.0013951788423582911
0.0033158971928060055,0.00045873282942920923
0.004997199401259422,0.009770212695002556
0.0013631314504891634,0.000556881248485297
-0.0007022942882031202,-0.003221794031560421
0.00037387863267213106,0.0011614591348916292
0.00019557654741220176,0.0003011844237335026
-4.333978722570464e-05,0.029044464230537415
0.0007943529635667801,-0.0010843526106327772
0.00025288225151598454,0.025261644273996353
0.011301722377538681,-4.142668331041932e-06
-0.003041427582502365,-0.0023841429501771927
-0.007113275118172169,-0.006582722999155521
0.010577552020549774,0.013826473616063595
0.007535181008279324,-0.0031959633342921734
-0.025822434574365616,-0.03715449944138527
0.04388517141342163,0.0008267659577541053
0.0006446194020099938,0.0005800991202704608
-0.038482364267110825,-0.038735128939151764
-0.0009163054637610912,0.02596440725028515
0.01805872842669487,-5.7825563999358565e-06
-0.0002174948458559811,-0.0007531074224971235
0.003073784988373518,0.0005206268397159874
0.03172438591718674,0.0009150906116701663
0.0254787877202034,-0.006024116184562445
0.0006011445075273514,-0.0012572890846058726
0.008782547898590565,0.00016747001791372895
2.1110248781042174e-05,0.004516522865742445
0.002089932793751359,0.000234239298151806
0.010934246703982353,0.0026465817354619503
0.01837066188454628,-0.002729687374085188
-0.012606360018253326,-0.006641555577516556
0.0006846957257948816,0.0033478678669780493
0.021031741052865982,0.005361356772482395
0.001055016415193677,-0.0019920463673770428
0.0014479622477665544,0.03826005384325981
-0.002239761408418417,-0.0050842780619859695
0.006577702704817057,-0.0042722090147435665
8.001723472261801e-05,0.0005869424203410745
0.01918584294617176,0.02373005636036396
0.0022003808990120888,-0.001458511920645833
0.001778349163942039,0.0004721220175269991
0.001936976215802133,0.0003871533554047346
0.0028099101036787033,0.007486787624657154
0.001414573984220624,-0.0009919474832713604
0.025461692363023758,8.441883255727589e-05
0.0005827582790516317,0.018802307546138763
0.004918702412396669,0.025530986487865448
0.0008562065195292234,0.0005863934638909996
-0.01656695269048214,-0.01945655792951584
0.0020943244453519583,0.003027619095519185
-0.02207730896770954,-0.019352037459611893
0.05953909084200859,-0.007073870860040188
-0.0003400977002456784,0.001239901757799089
0.0019427031511440873,5.4483331041410565e-05
-0.01624368503689766,-0.009412546642124653
-0.005942462012171745,-0.005185223650187254
0.001542642479762435,0.0018063804600387812
0.0003452486707828939,0.11763347685337067
0.021701209247112274,3.127680975012481e-05
0.0010822912445291877,6.120284524513409e-05
0.0063496846705675125,-0.00043977057794108987
0.220250204205513,0.045345742255449295
0.003427775576710701,0.00016732735093683004
-0.00018238206394016743,-0.0007875861483626068
-0.002214381005614996,-0.0005034776404500008
0.0069763329811394215,0.016018787398934364
0.0049352641217410564,-0.0004989703884348273
0.021703938022255898,0.00024017260875552893
0.00033028985490091145,0.001353091443888843
0.0003383017610758543,-7.425309013342485e-05
-0.002525865100324154,-0.013521933928132057
0.035784248262643814,0.011283139698207378
0.021661510691046715,2.4588080123066902e-06
-0.003475613659247756,-0.0036002860870212317
-0.0012698888313025236,-0.0017131930217146873
-0.025560960173606873,-0.025828123092651367
-0.005381349008530378,-0.002883481327444315
0.00027959165163338184,0.0033121586311608553
0.036166854202747345,0.00609483802691102
0.0007678255788050592,3.9630358514841646e-05
-0.002389477100223303,0.011832373216748238
0.0034687696024775505,0.00019091754802502692
0.045331984758377075,0.004120317287743092
0.0018431819044053555,0.000169387087225914
0.0025253903586417437,0.0021126808132976294
-0.03750121220946312,-0.029402803629636765
0.0011816028272733092,0.00010411813855171204
0.01441606692969799,0.001144091715104878
0.003337800968438387,0.0007427522796206176
0.0054619512520730495,-0.0010335311526432633
0.024678485468029976,0.00460743997246027
0.0015587990637868643,0.000168434256920591
0.017781589180231094,-5.5762066040188074e-05
-0.0006708658183924854,0.00022447656374424696
0.01454881951212883,-0.03362560644745827
0.007263048551976681,0.016630716621875763
0.005921638570725918,0.001751902513206005
0.026886658743023872,0.0014072516933083534
4.945538239553571e-05,0.031369276344776154
0.01968875341117382,0.001086850301362574
8.657373837195337e-05,0.01032834779471159
-0.00019497814355418086,0.0015640564961358905
8.818171045277268e-05,0.0008135701646097004
0.032855816185474396,-0.008149961940944195
0.0032330683898180723,0.0026320989709347486
0.01691984198987484,0.012240561656653881
-0.02947509102523327,-0.030858520418405533
0.0064213392324745655,0.00343073601834476
0.0072115883231163025,0.000751728075556457
0.037326496094465256,0.04744454473257065
-0.0008482807315886021,0.0015004263259470463
0.00847567617893219,7.216665107989684e-05
-0.0015140370232984424,-0.0029692950192838907
-0.0724412053823471,-0.08423840254545212
0.009271985851228237,0.005733926314860582
0.00048334768507629633,-0.00013680002302862704
0.00922939833253622,0.005611630622297525
0.008654684759676456,0.038178700953722
0.002362800296396017,0.004505522083491087
-0.008287856355309486,-0.008770331740379333
0.007762112654745579,0.002863110275939107
0.10424034297466278,0.0030305448453873396
0.21998384594917297,-0.00032310147071257234
-0.032804232090711594,-0.03447867929935455
0.006262794137001038,0.011312945745885372
0.00215669977478683,0.02871035411953926
-0.0024818480014801025,0.034351833164691925
-0.001108595635741949,-0.00498324166983366
0.0002415592025499791,0.0003035155532415956
0.00047247172915376723,9.178306208923459e-05
-0.03606601059436798,-0.03905613720417023
-0.02247365564107895,-0.09036662429571152
0.00037387863267213106,0.0011614591348916292
-0.0029909603763371706,-0.0029390323907136917
0.0008140822174027562,0.012348908931016922
0.017111752182245255,-0.0013176427455618978
-0.009056391194462776,-0.012700814753770828
0.002487121382728219,0.01329840999096632
0.05242820084095001,0.002010960131883621
0.0032972947228699923,0.01776452362537384
0.0014071691548451781,0.00052704440895468
-0.004000852350145578,-0.005389132536947727
-0.0007540949154645205,-0.003964978735893965
0.004343421198427677,0.0015568721573799849
0.011440443806350231,0.0008620289154350758
0.0002634768025018275,0.003743191249668598
0.003067079931497574,0.04854966700077057
0.0611848384141922,-0.003088208381086588
0.011447394266724586,-0.0016079948982223868
0.0002639942103996873,-0.0007933959714137018
0.02470356784760952,0.008644510060548782
0.024316934868693352,0.005909380968660116
0.010326409712433815,0.002018734347075224
0.009081622585654259,0.00212419917806983
-0.008335815742611885,0.002454940229654312
0.0013454509899020195,0.00808549765497446
0.001116618630476296,0.018952269107103348
-0.00016419857274740934,0.007787115406244993
0.0028491602279245853,0.017499463632702827
-0.012143728323280811,-0.013552866876125336
0.0024804070126265287,0.0016640055691823363
0.006612227763980627,0.00042855425272136927
0.0003610243438743055,0.0036519062705338
0.004745314829051495,-0.0003127391100861132
-0.0032454379834234715,0.00016268319450318813
-0.007187783718109131,-0.009667551144957542
-0.017989978194236755,-0.004459703341126442
0.006827579811215401,0.015082712285220623
0.0028174330946058035,-0.0007476071477867663
0.007167106494307518,0.00029493457986973226
0.09896184504032135,-0.0010023354552686214
0.2369561642408371,0.0007091899169608951
0.017122508957982063,0.0003699660883285105
0.00047282088780775666,0.02941497601568699
0.011752454563975334,-0.0017116162925958633
0.0012392377248033881,-0.0007291791844181716
0.004059627186506987,1.8999038729816675e-05
0.0037752834614366293,0.001436782069504261
0.0430586151778698,0.0004425307852216065
0.010548827238380909,0.003564856480807066
0.0007881796336732805,0.008832946419715881
0.004008528310805559,0.00014871054736431688
0.000327897461829707,0.00010337535786675289
0.013018347322940826,8.02841386757791e-05
-0.00024005863815546036,0.003596774535253644
0.048737600445747375,-0.00015147996600717306
0.004243340343236923,0.000908682937733829
0.004303688183426857,-0.004044441040605307
0.0009120381437242031,0.004323677625507116
0.00022080882627051324,0.0006660190410912037
-0.007381086237728596,0.08355477452278137
0.0012778053060173988,0.0016125768888741732
0.0009652507142163813,0.0024475709069520235
0.011112968437373638,0.0015712060267105699
0.01933821476995945,0.010681984946131706
0.007659838534891605,0.00611670408397913
0.010873221792280674,0.000653783674351871
0.0034387584310024977,0.00022091179562266916
0.014369502663612366,-0.0001975629711523652
-0.02137792482972145,-0.018679747357964516
0.0005087129538878798,0.011645353399217129
0.0037195791956037283,0.0035717596765607595
0.029217541217803955,0.002159546595066786
0.004515346605330706,-3.655835462268442e-05
0.0014311608392745256,0.004097496159374714
0.006834806874394417,0.0004136129573453218
0.013447175733745098,-0.00018340635870117694
0.0021719406358897686,0.0002961503923870623
0.0004888591938652098,0.002315269783139229
0.0020705414935946465,0.0014092965284362435
0.006070937495678663,0.0003586347447708249
0.0019437687005847692,0.00389650440774858
0.011853932403028011,0.003609200706705451
-0.0034625802654772997,-0.002534151077270508
-0.001052054576575756,-0.005230977665632963
0.0012660797219723463,0.0006344930734485388
0.031796183437108994,0.002415460767224431
0.0008801024523563683,0.00041278760181739926
0.008848996832966805,-0.005816194694489241
-0.0006105800857767463,0.01754819042980671
0.002145600039511919,-6.151129491627216e-05
0.0012147931847721338,0.0004936151090078056
0.003357507288455963,0.0001338159927399829
0.0001795310527086258,0.0036049741320312023
0.002639245707541704,0.0005064813303761184
-0.000930168607737869,0.0012433779193088412
0.19060204923152924,0.01256478950381279
0.01696181669831276,0.007363344542682171
0.030255403369665146,0.002503402531147003
0.002213115803897381,-5.2980612963438034e-05
0.0050129457376897335,-0.0014546310994774103
-0.004121001809835434,0.00640138890594244
-0.020565319806337357,-0.027414290234446526
0.016488540917634964,0.01014285534620285
0.015624349005520344,0.004600629210472107
0.0016334293177351356,4.183515557087958e-05
0.08090425282716751,0.014855019748210907
0.002535248873755336,0.00025551047292537987
0.0006747132283635437,0.002336011966690421
0.0395374558866024,0.001761361607350409
-0.00847599282860756,-0.006700821220874786
0.0035457878839224577,0.00487705459818244
-5.305779632180929e-05,-0.00034343142760917544
0.0024068790953606367,0.023226046934723854
0.0707087442278862,-0.004606064409017563
-0.0014482419937849045,-0.0042733121663331985
0.006992085371166468,0.01814519241452217
0.00169256585650146,0.0018303424585610628
0.0010479902848601341,-0.0014581643044948578
0.004016350023448467,-0.0021347617730498314
0.010981481522321701,0.05523933842778206
0.07983160763978958,0.013034419156610966
0.005148574244230986,0.02574310265481472
0.008853165432810783,0.013981850817799568
0.0035465003456920385,1.4579076378140599e-05
0.0008596577099524438,0.014547265134751797
0.0013032043352723122,-0.0030419989489018917
-0.00015801499830558896,-0.0007064304081723094
0.013390625827014446,0.001375596271827817
-0.00152305094525218,0.004051540978252888
0.003354917746037245,-0.001332432497292757
0.0007295528193935752,0.0008396468474529684
-0.007946429774165154,0.005241114646196365
0.0014656989369541407,0.011035390198230743
0.00249327439814806,0.009662482887506485
0.0013869153335690498,-0.0043724714778363705
0.004393849987536669,0.49430549144744873
0.0055459365248680115,0.007831918075680733
0.0172708872705698,0.0005363172967918217
0.0006205841200426221,-2.7983187464997172e-05
-0.00015801499830558896,-0.0007064304081723094
0.0072832428850233555,0.0018147067166864872
0.0018864171579480171,0.02967519871890545
0.0341021753847599,0.0007338171126320958
0.013381337746977806,0.001498083001933992
0.0013515731552615762,-0.001258958363905549
0.007899313233792782,-0.0005546144675463438
0.0002516839886084199,0.08687470853328705
0.0019958452321588993,0.0013318879064172506
-0.002866934984922409,-0.009805858135223389
0.005259223747998476,0.017105422914028168
-0.00260993093252182,-0.002420855686068535
0.0029058477375656366,0.002984310733154416
0.0027203308418393135,0.0004777491558343172
0.0015967758372426033,0.0004964768886566162
-0.04768185690045357,0.1564379632472992
0.03292879834771156,0.0028977668844163418
0.021277807652950287,0.012083337642252445
0.00828718300908804,-0.00011114226072095335
0.00014133972581475973,0.0204461682587862
0.01320578996092081,0.01309792511165142
0.026509573683142662,-2.6078101655002683e-05
0.0029342283960431814,0.003039746079593897
0.029379459097981453,6.577761087100953e-05
0.0027859939727932215,0.006749449763447046
0.011322161182761192,-0.0028450842946767807
0.027635684236884117,0.0003262344980612397
0.007353041786700487,6.880561704747379e-05
-0.02027238719165325,-0.011281768791377544
0.001557995448820293,0.0030668622348457575
0.001128584612160921,0.0008559562265872955
-0.020565319806337357,-0.027414290234446526
0.03172438591718674,0.0009150906116701663
-0.019068095833063126,-0.017048725858330727
0.0006973038543947041,0.008510777726769447
0.010584387928247452,0.0009175052400678396
0.04309956356883049,0.028802089393138885
-0.0021918185520917177,0.003892580047249794
0.00029047561110928655,0.0003841734433081001
-0.01786843314766884,-0.008778361603617668
0.0008735291194170713,0.008468562737107277
0.2369561642408371,0.0007091899169608951
0.007143027149140835,-0.007389685604721308
0.004939494654536247,0.009760786779224873
0.012213533744215965,0.00428300304338336
0.0006837259279564023,0.0005715191946364939
-0.030259793624281883,-0.028745558112859726
0.008270952850580215,0.007243148051202297
0.0005246080690994859,-0.00014844618272036314
0.00911625660955906,0.024393247440457344
0.0005045111174695194,0.002608482027426362
0.0009609505068510771,0.00019708916079252958
-0.02113921195268631,-0.025081008672714233
-0.008749970234930515,-0.004151041619479656
0.028556615114212036,0.0788852795958519
0.013064783997833729,0.0028566166292876005
0.006514674983918667,0.00017163658048957586
0.004282458685338497,0.0005387348355725408
0.043706949800252914,-0.0006638552877120674
-0.0005477183731272817,0.10063517838716507
0.0025265973526984453,0.0005072592757642269
0.004275782499462366,0.0004459419287741184
-0.08014035224914551,-0.049639806151390076
0.00688561424612999,0.004391331225633621
0.0027375291101634502,0.0025639475788921118
0.005796760320663452,0.0021952041424810886
-0.043263960629701614,-0.03790471702814102
0.0007844904321245849,0.0011293776333332062
0.00416282843798399,0.0007959472713992
0.0017726742662489414,-0.00406242348253727
0.002402188489213586,0.0007461763452738523
0.01684195175766945,0.021105647087097168
0.0013142047682777047,0.003119417931884527
-0.0025337703991681337,0.02748981863260269
0.0030998862348496914,0.005175997968763113
0.004861199297010899,0.0005929319886490703
-0.04012829437851906,-0.036322977393865585
0.0017778394976630807,0.05559138208627701
0.0017145415768027306,0.0022669031750410795
0.002846179995685816,0.007947660982608795
0.007103531155735254,0.001124837901443243
0.036399971693754196,0.0012075523845851421
-0.004971489310264587,0.02416566200554371
0.0014469531597569585,0.002098317490890622
0.1231132373213768,-0.0022821123711764812
0.001842326601035893,0.0009589511901140213
0.07554981112480164,-0.009112771600484848
0.015624349005520344,0.004600629210472107
0.0035350914113223553,0.010871884413063526
0.0030777754727751017,-0.0004257262626197189
0.018181880936026573,0.0009352432680316269
0.0023957700468599796,0.0007897227187640965
-0.00035803206264972687,-0.0035596564412117004
0.001965161180123687,0.0168464258313179
0.002053295960649848,0.0075379349291324615
0.005007628817111254,0.005452433135360479
0.0022690454497933388,0.0022922814823687077
0.01570029929280281,0.00040487360092811286
0.007397520821541548,0.008981837891042233
0.028146453201770782,0.019592035561800003
-0.018202953040599823,-0.01969815604388714
0.0015375949442386627,0.006089816801249981
0.048737600445747375,-0.00015147996600717306
0.004412874113768339,0.0407051183283329
-0.004867949057370424,-0.005556957330554724
0.017009731382131577,-0.0014521239791065454
-0.004766874946653843,-0.005494444631040096
0.0500977598130703,-0.008960790000855923
-0.002341239480301738,-0.00017821090295910835
0.11137346923351288,-0.0034524856600910425
0.001116552739404142,0.0005017037037760019
0.009012017399072647,0.0015667104162275791
-0.0025171926245093346,-0.008302167989313602
0.0033965162001550198,0.0008787924307398498
0.0051122186705470085,0.006006172858178616
0.004099385347217321,0.0008172863163053989
0.03172438591718674,0.0009150906116701663
0.016902251169085503,0.012608877383172512
0.020543748512864113,-0.005260385572910309
0.014866123907268047,0.0003895574773196131
0.0013328151544556022,0.008865272626280785
0.0014550423948094249,0.00019336426339577883
0.002487121382728219,0.01329840999096632
0.03187160938978195,0.0013514960883185267
0.059731319546699524,-0.0020629537757486105
0.0124144172295928,0.001391577417962253
0.002016676589846611,0.015563681721687317
0.013897635042667389,-0.00832311436533928
0.005180116277188063,0.0033625224605202675
0.010497204959392548,-0.0006248632562346756
0.0013631314504891634,0.000556881248485297
-0.002986116800457239,-0.0035231956280767918
0.02470356784760952,0.008644510060548782
-0.10256906598806381,-0.10109957307577133
0.01747242733836174,0.007244509179145098
0.032717473804950714,2.6361100026406348e-05
-0.017296500504016876,-0.018772389739751816
0.010690329596400261,-0.0001880525378510356
0.025128526613116264,0.00028242304688319564
0.0419461727142334,-0.004637168720364571
-0.003552184673026204,-0.002672205213457346
-0.04215335473418236,0.017291709780693054
0.06277123838663101,0.0032725504133850336
0.10052940994501114,0.004622291307896376
0.0012685820693150163,0.0009762617410160601
0.00129611452575773,0.002779351081699133
0.006420309189707041,0.00010965322144329548
0.0005847433349117637,0.0030963269528001547
0.019838331267237663,0.0009445216273888946
0.00036953092785552144,0.009510655887424946
0.00634591281414032,-0.002556017367169261
-0.040427420288324356,-0.04114733263850212
-0.003140007145702839,0.2872723340988159
-0.03036029450595379,-0.0354301817715168
0.024422047659754753,0.0008263509953394532
0.000220288842683658,0.0047178189270198345
0.007752824109047651,0.015914298593997955
-0.0005499632097780704,0.012520615011453629
0.00013276678510010242,0.004855144768953323
0.0018682635854929686,0.00037099391920492053
7.353926775977015e-05,9.150040568783879e-05
0.00016872573178261518,-0.0009336773073300719
-0.003687104443088174,-0.0042283739894628525
0.002535248873755336,0.00025551047292537987
-0.0023388401605188847,-0.0008064319845288992
0.00038855025195516646,0.00026704586343839765
0.04533601552248001,-0.005632439628243446
0.0018756596837192774,0.06518428027629852
0.044381678104400635,0.019438322633504868
0.0006580993067473173,0.003851081943139434
0.0003012820961885154,0.005997064523398876
0.004507997538894415,0.00044014639570377767
0.0010590765159577131,0.00016713124932721257
0.0006608857656829059,0.0003013411769643426
0.0013719882117584348,0.0032684754114598036
-0.0002554416423663497,-0.00010746944462880492
0.029790908098220825,-0.005093721207231283
0.0004784790799021721,-0.01050738338381052
-0.027431799098849297,-0.03887654468417168
0.0039001554250717163,2.779503120109439e-06
0.0020364176016300917,0.0793277844786644
0.002094527706503868,0.00027615827275440097
0.07646608352661133,0.03579683229327202
0.013843521475791931,0.035094425082206726
0.010013035498559475,5.714988219551742e-05
0.003712801728397608,0.00073288194835186
-0.0005621989257633686,0.0019638945814222097
0.024569954723119736,0.007651793770492077
0.0007334549445658922,0.0037961655762046576
-1.2785400031134486e-05,0.017907435074448586
0.027146896347403526,-0.0010520806536078453
0.00943410862237215,0.0028003216721117496
-0.008176888339221478,0.040956445038318634
0.0005655479617416859,0.003632484469562769
0.0005128856282681227,0.0010711707873269916
-0.012815394438803196,-0.011323093436658382
0.0006741714896634221,-0.00041052105370908976
0.0022976715117692947,0.0005744651425629854
0.0025459385942667723,0.0015093779657036066
-0.0014554437948390841,-0.000255105784162879
0.002852085279300809,-0.0004806356446351856
0.005957257468253374,4.556169733405113e-05
0.0713566318154335,-0.003479837439954281
0.010647260583937168,0.02349626086652279
0.0022225279826670885,0.00016776903066784143
0.0028471967671066523,0.012235384434461594
0.0027312464080750942,-0.00024748581927269697
0.0019883860368281603,0.007554496638476849
0.017896363511681557,0.0013209109893068671
0.003844285849481821,-0.00017835575272329152
0.013255051337182522,0.0017605102621018887
0.005148011725395918,0.0004853697610087693
-0.007568690460175276,-0.00845374446362257
0.003073784988373518,0.0005206268397159874
0.00023937600781209767,0.0016693229554221034
0.0015513633843511343,-8.973055810201913e-05
0.002960690064355731,0.0017608687048777938
0.021500900387763977,0.0019523081136867404
-0.0022747281473129988,-0.0035745773930102587
0.001299561932682991,0.004060050938278437
0.003883109660819173,0.001144091715104878
0.006782311014831066,0.00035116536309942603
0.004685156047344208,6.618531187996268e-06
0.012945221737027168,0.006042885594069958
0.03375350683927536,0.0012625236995518208
0.005320036318153143,0.0005154659156687558
0.0066765667870640755,0.004939186852425337
0.0018697383347898722,0.00033490220084786415
0.026929283514618874,-0.004441599827259779
0.005982489325106144,0.0007682559662498534
0.005164767149835825,0.01073368638753891
0.0036310937721282244,3.127103263977915e-05
0.007466878276318312,0.0123181426897645
-0.007921438664197922,0.015343304723501205
0.00568786496296525,0.019740043208003044
0.021949855610728264,-0.0006087826332077384
0.005007736384868622,0.004563373513519764
0.0030283003579825163,0.006561852525919676
0.005880865268409252,0.0004601542023010552
0.0069975657388567924,0.006238191854208708
0.0009652507142163813,0.0024475709069520235
-0.002999859396368265,-0.0011454246705397964
0.001788067165762186,0.04621798172593117
0.015176919288933277,-0.005384462419897318
0.0008313783910125494,0.0024988926015794277
0.0022802273742854595,0.025350404903292656
0.005428193602710962,0.00025388499489054084
0.0011438812362030149,0.005838247947394848
0.0017653079703450203,0.010681984946131706
0.012852935120463371,0.03298581391572952
0.0017566914902999997,0.0320267379283905
0.005962444469332695,0.003863639198243618
0.0007987306453287601,0.00033393973717465997
0.002015845151618123,0.014312895946204662
0.0012393845245242119,0.0002708288375288248
0.003401458729058504,0.008436037227511406
0.006183052435517311,0.00408634589985013
0.006396682932972908,0.001063119969330728
-0.014999369159340858,-0.020309671759605408
0.11528957635164261,0.0014983090804889798
6.134979776106775e-05,0.00010610718163661659
0.0011454151244834065,0.0002319531631655991
0.0012392377248033881,-0.0007291791844181716
-0.010542995296418667,-0.013245834037661552
0.0033706447575241327,0.004679524339735508
0.004802756942808628,5.79722982365638e-05
0.005259223747998476,0.017105422914028168
0.007270441856235266,-0.0004364268097560853
0.001736478297971189,0.002863466739654541
0.0010416493751108646,0.0035531220491975546
0.007897347211837769,0.01324934046715498
0.00297848554328084,0.0016169254668056965
0.001311632338911295,0.025180013850331306
0.00010708702029660344,0.01338975690305233
0.003455658443272114,0.0015188775723800063
-0.0005470093456096947,0.007283762563019991
0.006768129765987396,-0.001979926833882928
0.025126231834292412,0.003926840610802174
0.01061269361525774,0.0007375101558864117
0.08200044184923172,0.00564302783459425
0.035026997327804565,0.0014410808216780424
0.0014866393757984042,0.0031995046883821487
0.006442101206630468,0.00013327451597433537
0.00196435721591115,0.00044966701534576714
0.013980520889163017,0.0020433790050446987
0.0015603743959218264,0.00025579030625522137
0.008735845796763897,0.002107861451804638
0.07213958352804184,-0.001313897781074047
0.021267520263791084,0.004860804416239262
-0.0005349290440790355,0.004622037522494793
-0.028024790808558464,-0.029403196647763252
0.0019708513282239437,0.0009990298422053456
0.0006164804799482226,-4.4463551603257656e-05
0.04306323081254959,-0.002644347958266735
0.004048145841807127,0.0020182805601507425
0.008041592314839363,0.002456453163176775
0.00041079893708229065,-0.0005699049215763807
0.008070576004683971,0.07283239811658859
0.0005795768811367452,-0.00020427937852218747
0.004231921397149563,0.026072686538100243
0.004850989673286676,0.009880660101771355
-0.00022307693143375218,0.01041897851973772
0.015834804624319077,0.011789076961576939
0.2048087865114212,0.026553601026535034
0.00916130468249321,-0.00015298370271921158
0.004517533350735903,0.006924086716026068
-0.004626512061804533,-0.004611572716385126
0.00290752574801445,-0.018249034881591797
-0.005136541556566954,0.01382361352443695
-0.0023581190034747124,-0.0023991549387574196
0.003764551365748048,0.0018988517113029957
0.0010098348138853908,0.001388952019624412
0.005482558161020279,-0.006595959421247244
0.0013339190045371652,0.000989419873803854
0.000870313320774585,9.98053583316505e-05
0.002403204096481204,0.0005326661630533636
0.0004774258122779429,-0.0007486038957722485
0.0037873706314712763,0.0004980519297532737
-0.0009480899898335338,-0.0013005095534026623
0.006109155714511871,0.0010620239190757275
0.005276795942336321,0.001044789794832468
0.0010786609491333365,0.003989593591541052
0.09198275953531265,0.07566265761852264
0.002167413244023919,0.001753042102791369
0.012656442821025848,-0.004500749055296183
0.039277154952287674,-0.0019034044817090034
0.006349142640829086,-0.0010814451379701495
0.004997199401259422,0.007718742825090885
-0.009365729987621307,0.025465592741966248
0.00406305305659771,0.002616985933855176
0.00037324108416214585,0.0002655739663168788
0.0023380699567496777,0.018706709146499634
0.0005393034662120044,4.232028732076287e-05
-0.003689614124596119,0.01783156394958496
0.01506368350237608,0.006070329342037439
0.10454919189214706,0.005513349082320929
3.18038510158658e-05,0.0009824283188208938
0.0012387187452986836,0.0005120199639350176
-0.020279040560126305,-0.029032666236162186
0.0006271320744417608,0.0017194938845932484
0.0023380699567496777,0.018706709146499634
-0.2674516439437866,-0.25941914319992065
-0.0006953376578167081,0.0073530226945877075
-0.0035586771555244923,-0.004113426432013512
0.006429706700146198,0.0017295347061008215
0.006446240469813347,0.0032049056608229876
0.010091908276081085,0.009446983225643635
0.005655127577483654,0.0005446863360702991
0.02999243512749672,-6.76268246024847e-06
0.0018134303390979767,0.002757640089839697
0.0003923834301531315,0.00934562087059021
0.006735083647072315,-0.006589240860193968
0.0011918377131223679,0.002115230541676283
0.0161424670368433,-0.003853494767099619
-0.0027752784080803394,-0.005358124151825905
0.002959395293146372,0.04516173154115677
0.0014437438221648335,0.0075943791307508945
0.002161503303796053,0.00011399228242225945
0.011064947582781315,0.005944093689322472
0.00274740532040596,0.0010017300955951214
-0.009556088596582413,-0.012415299192070961
0.002759732538834214,0.029640715569257736
0.049303922802209854,0.2047961950302124
0.0021234406158328056,0.007206800859421492
0.0034387584310024977,0.00022091179562266916
-0.004279707558453083,0.18130727112293243
0.005920279771089554,-0.00012272066669538617
-0.0003936166176572442,-0.00044574285857379436
0.0025134198367595673,-0.0002082046412397176
0.004870346747338772,4.773959517478943e-05
-0.004867949057370424,-0.005556957330554724
7.794827979523689e-06,-2.1176871086936444e-05
0.006678306497633457,-0.000670160457957536
0.004785024560987949,0.07015036046504974
-0.0025276285596191883,-0.0031470798421651125
0.0018727657152339816,0.03612059727311134
0.001478375867009163,0.03351827338337898
0.010287751443684101,0.03361581638455391
0.007463429123163223,0.002550389850512147
-0.00617419695481658,-0.00661202659830451
0.005864206235855818,0.020400336012244225
0.00024086114717647433,0.005646426696330309
0.012049744836986065,0.006169586442410946
0.01318739540874958,-0.005558833014219999
0.0025203945115208626,0.0003301622928120196
0.0010731981601566076,0.0002574884856585413
0.106272853910923,-0.0026472746394574642
0.026273824274539948,-0.002970283618196845
0.012019593268632889,0.029040491208434105
0.0018732503522187471,0.0006665552500635386
0.00014337623724713922,-1.4664256013929844e-06
0.0023569255135953426,5.683032213710248e-07
0.009383933618664742,-0.000712377717718482
0.0014240449527278543,0.0002763407537713647
0.00112164078745991,0.0038525527343153954
0.02133370377123356,0.014376997016370296
-0.005397373344749212,-0.006649050861597061
-0.0032662609592080116,-7.427297532558441e-07
0.0029764273203909397,0.004811094142496586
0.02307160571217537,0.011608879081904888
0.004360892344266176,0.0012514670379459858
0.0016470920527353883,0.0016409780364483595
-0.002527418779209256,0.005203487351536751
0.0008978219702839851,0.004803245887160301
0.0005574369570240378,-6.61186350043863e-05
0.008932122960686684,0.00038139091338962317
0.0005129499477334321,0.00029968799208290875
0.006031928118318319,0.00829125102609396
0.0035695829428732395,0.018096337094902992
0.00020803045481443405,0.006624867673963308
0.006267559714615345,0.0018244989914819598
0.019973985850811005,-0.002038437407463789
0.0013424791395664215,0.289750874042511
0.0008586623007431626,-0.001400544191710651
0.001807003514841199,0.001588590326718986
0.020743219181895256,0.00021620281040668488
0.1031528189778328,0.00012109668750781566
-0.00023268527002073824,0.005346301011741161
0.00023841625079512596,0.08165295422077179
0.0009021398145705462,0.001306226709857583
0.0024068790953606367,0.023226046934723854
-0.0006949814269319177,-0.0013077744515612721
0.005654575303196907,0.004119669087231159
0.00026326754596084356,4.952422750648111e-05
0.000299665960483253,0.0010344816837459803
-0.0402163527905941,-0.029536185786128044
-0.0011347414692863822,0.0047569721937179565
-0.0012122511398047209,-0.0015708616701886058
0.022901322692632675,0.003261926118284464
0.0004324796609580517,-0.00015265974798239768
0.0004173722118139267,-0.013194615952670574
0.0012690697330981493,0.0069471001625061035
0.00021612600539810956,0.004393185023218393
-0.024770334362983704,-0.034581705927848816
-0.0032857488840818405,-0.0005446597933769226
0.0040990933775901794,0.000957222655415535
0.002076215110719204,0.0017976431408897042
7.471565913874656e-05,0.004047174006700516
-0.038788773119449615,-0.03844868019223213
0.0006865938194096088,0.0059457034803926945
-0.004495150409638882,-0.0031245993450284004
0.0009165892261080444,0.00014608126366510987
0.0061251153238117695,0.042055558413267136
0.020336462184786797,0.028738681226968765
-0.0011149798519909382,-0.006056149490177631
0.042529139667749405,0.0007355676498264074
0.03518112003803253,-0.0021396437659859657
0.0019642480183392763,-0.000953389098867774
0.0008453914197161794,-6.95669004926458e-05
0.008096304722130299,0.00011128291953355074
0.0003970117832068354,0.041519928723573685
-0.010440511628985405,-0.0013908445835113525
0.041460566222667694,0.0037248432636260986
0.00674844067543745,-0.002983703510835767
-0.021290039643645287,-0.017537908628582954
0.039212536066770554,3.9114151149988174e-05
-0.000825095921754837,0.00022498192265629768
0.0012023403542116284,0.00012487234198488295
0.000458647555205971,0.008540314622223377
0.0028052879497408867,-0.014220398850739002
-0.0035931766033172607,0.006594088859856129
0.004414778668433428,0.0036413008347153664
0.007263048551976681,0.016630716621875763
0.005320036318153143,0.0005154659156687558
-0.01539932657033205,-0.014382374472916126
0.05464758351445198,0.0025406701024621725
0.001646163989789784,0.0012227772967889905
0.0014189438661560416,0.0006379279075190425
0.0031473939307034016,0.027136173099279404
0.0027564866468310356,0.008899232372641563
0.007138480432331562,0.02363264560699463
-0.06380393356084824,-0.0757272019982338
-0.0012531846296042204,-0.001168617745861411
0.025832287967205048,0.014861135743558407
-0.01784035563468933,-0.018551738932728767
0.0021680272184312344,0.0025064758956432343
0.006054148077964783,0.00032392717548646033
-0.0021047075279057026,-0.007635978981852531
0.004409943241626024,-0.0003347980382386595
0.00047275240649469197,0.0008792830631136894
0.010393723845481873,-0.000671165413223207
0.0007494657183997333,0.0007441862835548818
-0.0004892997676506639,8.429220179095864e-05
0.0030755603220313787,0.0005378801142796874
0.021635623648762703,-0.006365414708852768
0.0015226361574605107,-0.00029832986183464527
-0.0006351071642711759,-0.0023202956654131413
0.0027858885005116463,0.0013858944876119494
0.005100539419800043,0.007202641572803259
-0.005827306769788265,-0.007455294486135244
-0.0020629148930311203,-0.0031673305202275515
0.05287707597017288,-0.005621925927698612
0.011959463357925415,0.001795595046132803
-0.003548707813024521,-0.006187067367136478
0.005100719630718231,0.00037684853305108845
0.0005227031069807708,0.0017121483106166124
0.04483955726027489,-0.0016869264654815197
0.0012872597435489297,0.00021913397358730435
0.0015994585119187832,0.00029392068972811103
0.0012632415164262056,0.025712810456752777
-0.012997289188206196,-0.012212266214191914
-0.04958563297986984,-0.04255055636167526
-0.015143439173698425,-0.018385443836450577
-0.0011182406451553106,0.016077952459454536
0.10124414414167404,0.0015035727992653847
0.016402438282966614,0.0006589681142941117
0.03950091823935509,0.013630208559334278
-0.0020607691258192062,-0.0028171641752123833
0.0013984361430630088,0.0008072531782090664
0.000882171792909503,0.0006670490256510675
0.0016237347153946757,0.0032023948151618242
0.0009587100939825177,0.0027262773364782333
0.031939439475536346,-0.004094156436622143
-0.007659183815121651,-0.03002050891518593
0.0025390880182385445,-0.00020583430887199938
0.01648765802383423,0.005376112647354603
0.046751152724027634,0.002162408549338579
-0.005572346970438957,-0.0052728066220879555
-0.004048734903335571,-0.0061215911991894245
0.005082583520561457,0.0022214986383914948
0.0199428703635931,-1.164412242360413e-05
0.028014536947011948,-0.0011876767966896296
-0.001418539322912693,0.015754688531160355
0.010289314202964306,0.029103748500347137
-0.016890335828065872,-0.012546293437480927
-0.033734604716300964,-0.040799397975206375
-0.0724412053823471,-0.08423840254545212
-0.0023652496747672558,-0.004226678982377052
-0.003496331861242652,-0.0020774893928319216
0.011941416189074516,0.05572216585278511
0.010718125849962234,-0.01949199289083481
-0.0008223200566135347,0.0009901740122586489
0.013070423156023026,0.008116459473967552
-0.0022579017095267773,-0.002620228100568056
0.000808267155662179,0.014664854854345322
-0.00260993093252182,-0.002420855686068535
0.0008207556093111634,0.003331484505906701
0.0044330102391541,0.0057882266119122505
0.004776709247380495,0.0005454258061945438
0.0007811455870978534,0.0009452374652028084
0.0011457044165581465,0.0001361266477033496
0.0017605171306058764,0.006658288650214672
-0.00045212387340143323,-0.00011609290959313512
0.006831562612205744,0.0010490005370229483
0.0003220252110622823,0.0017213813262060285
0.009558107703924179,-0.0015886920737102628
0.01531037874519825,-0.00020914502965752035
0.0007881796336732805,0.008832946419715881
0.02453714981675148,0.038851141929626465
0.015418659895658493,0.0032173318322747946
0.01825750805437565,0.004056191071867943
0.0009344565332867205,0.00023863796377554536
0.007572802249342203,-0.0010038410546258092
0.00812025647610426,0.0007714486564509571
0.0038229841738939285,0.003951710648834705
-0.0006949814269319177,-0.0013077744515612721
0.024493061006069183,0.003336623078212142
-0.000936225289478898,-0.0027632652781903744
-0.05083936080336571,-0.058394454419612885
0.008078869432210922,0.006717940792441368
0.004238721448928118,0.0032507432624697685
-0.0036074607633054256,-0.0030193196143954992
-0.002221934963017702,-0.006172852590680122
-0.00484590046107769,-0.00429400522261858
-0.001457147765904665,0.01880304142832756
0.0004739902797155082,0.0072472491301596165
0.0033938216511160135,-0.00010926404502242804
0.016807693988084793,0.0037131106946617365
0.0423266738653183,-0.000886840745806694
0.000497711356729269,0.011050902307033539
0.001783861662261188,0.07065930962562561
0.024316934868693352,0.005909380968660116
0.002952431794255972,0.0001926865807035938
-0.003857653122395277,0.024913271889090538
0.0026700221933424473,0.014735834673047066
0.015624349005520344,0.004600629210472107
0.00046970450785011053,0.04839082434773445
5.707138916477561e-05,0.014809749089181423
0.0007678255788050592,3.9630358514841646e-05
0.03608446568250656,0.000527030962985009
0.0004643003339879215,-0.00020447390852496028
0.011855018325150013,0.0010552727617323399
6.48145069135353e-05,0.00039305805694311857
-0.0003769402392208576,0.00300191855058074
0.0010608671000227332,0.0003992863930761814
0.020739447325468063,-0.00221760175190866
0.0049245706759393215,0.00024744836264289916
-0.0004381823819130659,-0.003168276743963361
0.015655044466257095,-0.000924909021705389
0.005007736384868622,0.004563373513519764
0.0003142099594697356,-0.00015570750110782683
0.002402188489213586,0.0007461763452738523
-0.008123593404889107,-0.03161104768514633
0.026733573526144028,0.011675170622766018
0.001879291725344956,0.0058632297441363335
0.00586398970335722,0.00020471551397349685
0.0064213392324745655,0.00343073601834476
0.0012201534118503332,0.005234802607446909
-0.018202953040599823,-0.01969815604388714
0.0018227682448923588,-6.315213977359235e-05
-0.0009361428092233837,-0.00011990847997367382
0.01061269361525774,0.0007375101558864117
0.022702477872371674,0.0293187964707613
0.013436990790069103,0.0011791398283094168
0.013373963534832,-0.0006426635081879795
0.02413392812013626,-0.00966355949640274
-0.013632156886160374,-0.013890736736357212
-0.004971306771039963,-0.0048016151413321495
0.006378765217959881,0.0003641512303147465
0.03645370528101921,0.003992415964603424
0.0020705414935946465,0.0014092965284362435
0.0048493132926523685,0.00441047502681613
0.0003453487006481737,0.0014708364615216851
0.00022502010688185692,0.0025036886800080538
0.0003704802365973592,-1.9232029444538057e-05
-0.0005667204968631268,-0.002572285709902644
-0.0016795863630250096,-0.0022381318267434835
-0.006510215811431408,-0.008372336626052856
0.004292668774724007,-0.00033186766086146235
-0.030669216066598892,-0.02684776484966278
0.020189521834254265,0.0002436731883790344
0.004784178454428911,-0.0003658283967524767
0.004147672094404697,-0.00039648477104492486
0.0038691037334501743,-0.001576881855726242
0.13156044483184814,0.007157047279179096
0.00010669295443221927,0.001198076643049717
0.00022831355454400182,-0.00014939054381102324
0.10443997383117676,-0.0009565379587002099
-0.0014482419937849045,-0.0042733121663331985
0.003833902534097433,-0.0037801743019372225
0.015939468517899513,8.3039456512779e-05
0.007858996279537678,0.004402781371027231
0.0015776720829308033,0.0021731064189225435
0.0026168685872107744,-0.0020892007742077112
0.0004945513792335987,0.0025623831897974014
0.028655093163251877,7.167481817305088e-05
0.0047102319076657295,-2.1763669792562723e-05
0.007072539068758488,0.005038604140281677
0.011779467575252056,-0.0005396637134253979
0.005096620414406061,0.0035830955021083355
0.0030990387313067913,-0.0001021228963509202
0.010131191462278366,0.012201240286231041
0.0006568300304934382,-0.00018185211229138076
-0.0010297568514943123,0.07088469713926315
0.0007341266609728336,0.001877366565167904
-0.009217824786901474,-0.011400661431252956
4.8185735067818314e-05,0.002028148388490081
0.006036888808012009,0.024373486638069153
-0.0056130243465304375,-0.0020914790220558643
0.0010994554031640291,-0.0017421776428818703
0.0009135275613516569,0.019137153401970863
0.0010500771459192038,8.356934995390475e-05
0.0018565105274319649,0.007295891642570496
-0.00022814213298261166,-0.0017868411960080266
0.006024588830769062,-0.0009227978880517185
-0.0005874417256563902,-0.001969484845176339
0.020842736586928368,-0.00012141556362621486
0.008265162818133831,0.0008632261888124049
0.0014196773990988731,0.0008191071101464331
0.0018137702718377113,-0.0001108483993448317
0.0012804215075448155,0.001885860227048397
0.0064213392324745655,0.00343073601834476
0.20322605967521667,0.0003621803771238774
0.0071914358995854855,-0.000698320975061506
0.007240407634526491,0.0003973754937760532
0.0011525765294209123,0.01625650003552437
0.0011914228089153767,-0.000560673070140183
0.0033027459867298603,0.007402672898024321
0.0033445670269429684,0.0005438720691017807
-0.0034535457380115986,0.04829547181725502
0.0017556283855810761,0.0017704709898680449
-0.04392632469534874,-0.04456310719251633
0.0036199907772243023,-0.003757915925234556
0.0024417657405138016,0.008471204899251461
0.013324111700057983,0.0007068967097438872
0.01751975528895855,-0.0030060114804655313
0.002396524418145418,0.0006270721787586808
0.008304811082780361,-3.902678145095706e-05
0.006547887809574604,0.0012414236553013325
0.032437972724437714,0.0004245310847181827
-0.000204338226467371,-0.00021011591888964176
0.0003265479172114283,0.0013454881263896823
-0.00039098330307751894,-0.0006636303151026368
0.0011373027227818966,0.0008569965721108019
0.004506548400968313,0.02554687112569809
0.0007954288157634437,0.007765562739223242
-0.00025880569592118263,0.0035185529850423336
0.001349721453152597,-0.0009596531162969768
0.0032873498275876045,-0.0005276614101603627
-0.008419709280133247,0.007872353307902813
0.048441603779792786,-1.3535020116250962e-05
0.008379848673939705,-0.002537458436563611
-0.0007164091221056879,-0.000439751660451293
0.0004171287000644952,0.005046116188168526
0.01726440340280533,0.0010928227566182613
0.015529545024037361,0.03385552018880844
0.010127650573849678,0.004073953256011009
0.011224059388041496,4.213735519442707e-05
7.951873703859746e-05,0.00034865448833443224
-0.0010825376957654953,-0.0017485844437032938
0.003548250999301672,0.0013615164207294583
0.004427807405591011,-0.0012327878503128886
-0.00014956510858610272,0.005872228182852268
0.0045884218998253345,0.0013897657627239823
0.011603808961808681,0.014055280946195126
0.010390371084213257,0.0008657574071548879
0.0014867716236039996,0.011839531362056732
0.0004368416266515851,0.0005421972600743175
0.0063201854936778545,0.012599612586200237
0.025424066931009293,0.011218942701816559
0.0009757604566402733,-0.00010823056800290942
0.0010467474348843098,-5.654961569234729e-05
0.015523217618465424,-0.00026736740255728364
0.0020608415361493826,0.0005735576851293445
0.007167106494307518,0.001860010321252048
0.0019958452321588993,0.0013318879064172506
0.0130257373675704,0.00032084985286928713
-0.0034407309722155333,-0.003677590284496546
0.0008498977404087782,-0.0029908521100878716
0.00048025744035840034,0.00046937575098127127
-0.0017520179972052574,0.01977662742137909
0.0015549142844974995,0.0013069851556792855
0.00017986698367167264,0.002321965293958783
0.000597992620896548,-6.452758680097759e-05
0.005610985681414604,-0.008428037166595459
0.0002873997436836362,0.003666405100375414
0.03130437433719635,-0.0066751036792993546
0.001135150552727282,0.003124222159385681
-0.08001785725355148,0.1618250012397766
0.00026326754596084356,4.952422750648111e-05
0.032855816185474396,-0.008149961940944195
0.008601170964539051,0.00012081989552825689
0.0011391029693186283,0.0005416936473920941
0.0015769170131534338,0.07128994911909103
8.6168700363487e-05,0.0009453560342080891
-9.891140507534146e-05,0.0009324416168965399
0.0009708463912829757,0.0005648820661008358
0.00016644294373691082,0.0016836945433169603
0.010739917866885662,0.001087213633581996
0.0033978759311139584,0.009787344373762608
-0.004512969404459,-0.021300453692674637
0.019408797845244408,0.0007296066032722592
0.03187160938978195,0.0013514960883185267
0.000768446596339345,-7.289667701115832e-05
0.02377118542790413,0.0006789782200939953
0.0019256982486695051,0.06701222062110901
0.003575660055503249,0.0002360384096391499
0.00470561720430851,-0.0030067204497754574
-0.03811749815940857,-0.042238377034664154
0.0010368141811341047,0.0007178878877311945
0.00038359779864549637,0.028086453676223755
0.007027893327176571,0.0015514707192778587
0.0016769268549978733,0.00045155681436881423
0.02544223703444004,0.0008800394716672599
-0.0003980977926403284,0.00015581678599119186
0.008513063192367554,0.0007945784600451589
-0.007216939702630043,-0.006582722999155521
0.0010113638127222657,0.003990032710134983
-0.0068150898441672325,0.05674797669053078
-0.002566305920481682,-0.006167143117636442
-0.04105310142040253,-0.03397224843502045
0.0038507685530930758,1.6533915186300874e-05
0.009864259511232376,0.001119985245168209
-7.217007805593312e-05,5.8357632951810956e-05
0.0032235856633633375,0.0003260739613324404
0.004768833052366972,0.0007214908837340772
-0.004647648427635431,0.01899711973965168
0.009049512445926666,-0.006731553003191948
0.04330645874142647,0.0010714014060795307
0.008052545599639416,0.006365508306771517
0.002351508243009448,0.00021536315034609288
0.14305828511714935,-0.004875611513853073
0.004776709247380495,0.0005454258061945438
0.03667392209172249,-0.0061951447278261185
0.016185158863663673,0.0017519411630928516
-0.001999021042138338,0.013177352957427502
0.0014382483204826713,0.00029968799208290875
0.00303341681137681,0.025482887402176857
0.007717934902757406,-0.0002675253199413419
0.010981481522321701,0.05523933842778206
-0.0012279199436306953,0.0077470578253269196
0.004291939083486795,-0.0006128445966169238
0.02489836886525154,0.010319355875253677
-0.0014559377450495958,-0.0020606275647878647
6.15296303294599e-05,-0.0005453838384710252
4.945538239553571e-05,0.031369276344776154
0.00011387036647647619,0.001376587781123817
0.000751566665712744,0.00037261686520650983
0.001136099686846137,0.004249420017004013
0.007320977281779051,-0.0005703888600692153
0.10675864666700363,0.008558385074138641
0.004333867225795984,0.0005872286856174469
-0.016476837918162346,-0.017139514908194542
0.00261628907173872,9.124559437623248e-05
0.0008077853126451373,0.06033860892057419
0.0016528535634279251,0.020106036216020584
0.0008922782726585865,0.0041041383519768715
0.0005196133861318231,0.0027314485050737858
0.0046985335648059845,0.020544514060020447
0.003978216089308262,0.0007682559662498534
-0.00013071396097075194,0.00028689965256489813
0.032115139067173004,-0.006362440995872021
0.000369239947758615,0.0013291611103340983
0.0003037247806787491,-0.008108624257147312
0.007396460510790348,0.0005036874790675938
0.0010507178958505392,-0.0004260981222614646
-0.0009959378512576222,-0.001451924559660256
-0.007222382351756096,-0.01480887271463871
0.0030203864444047213,0.004824971314519644
0.00040587654802948236,-7.991917664185166e-05
0.005070599261671305,0.005894288420677185
0.007637630216777325,-3.7352881918195635e-05
0.016321226954460144,0.006979393772780895
-0.0023205673787742853,0.003982784226536751
0.00047733570681884885,0.0001553431648062542
0.007156271021813154,0.001383494702167809
0.003582743462175131,-0.00026083586271852255
-0.01928977482020855,-0.019992468878626823
-0.00015801499830558896,-0.0007064304081723094
-0.11972399055957794,-0.13583189249038696
0.0013241826090961695,0.00052929314551875
0.0009707003482617438,0.0008396468474529684
0.0107169384136796,-0.006854526232928038
0.01506368350237608,0.006070329342037439
-0.00020187406335026026,-0.0003368741599842906
0.0017003093380481005,-0.0017985295271500945
0.0014555701054632664,0.014875582419335842
0.12394207715988159,0.005820805672556162
0.004936462268233299,0.00022572126181330532
0.007263048551976681,0.016630716621875763
0.009700236842036247,9.517451690044254e-05
0.002818323438987136,0.0015011192299425602
0.010944888927042484,0.04654689505696297
0.004220828879624605,0.0010447865352034569
0.00043419338180683553,0.00021694361930713058
0.009455567225813866,0.05089588463306427
0.0020705414935946465,0.0014092965284362435
0.07936424762010574,0.009772826917469501
0.008387022651731968,0.00032191872014664114
-0.0011347414692863822,0.0047569721937179565
0.016336126253008842,0.010474474169313908
0.006879069376736879,0.0011807233095169067
0.01915525458753109,-6.216891051735729e-05
0.004232131410390139,-2.585380570963025e-05
-0.03750121220946312,-0.029402803629636765
0.0005768261617049575,0.011074284091591835
-0.004000852350145578,-0.005389132536947727
0.010233432985842228,0.0009347433224320412
0.0028507423121482134,0.007328744977712631
0.003355745691806078,-0.001650788588449359
0.004706179723143578,-0.0017209540819749236
0.005297945812344551,0.04294680804014206
0.0016244857106357813,0.033055830746889114
0.0002496968663763255,0.013184408657252789
-0.0003400977002456784,0.001239901757799089
0.0026597504038363695,-0.0001029893901431933
0.28624027967453003,0.02010960876941681
0.004071980249136686,0.012517531402409077
-0.00015289965085685253,-0.001684373477473855
0.0009083201875910163,0.004794815555214882
0.015849905088543892,0.0004208618775010109
0.004223610274493694,0.0064959339797496796
0.011080070398747921,6.07486508670263e-05
0.004223416559398174,0.008254606276750565
0.059543173760175705,0.0012882185401394963
0.002609358634799719,0.002294160658493638
-0.0002117619733326137,0.0030468113254755735
0.0026261224411427975,0.007760506588965654
0.04182456433773041,0.002099432051181793
0.007409963756799698,0.0016759198624640703
-0.05506027489900589,-0.05947244539856911
0.009141859598457813,-3.0030671041458845e-05
0.0009107934311032295,0.0027367142029106617
0.0028491602279245853,0.017499463632702827
-0.02850886806845665,-0.03025066666305065
-0.003114252118393779,-0.002253057435154915
0.0004945513792335987,0.004777103662490845
0.010751135647296906,0.0017748569371178746
0.00019984639948233962,0.029169537127017975
0.013364736922085285,0.0006044066976755857
0.009054907597601414,9.668205893831328e-05
-0.010426074266433716,-0.08080260455608368
0.006847833748906851,0.02432113327085972
0.0014693549601361156,-5.7102981372736394e-05
0.044054124504327774,-4.3233769247308373e-05
0.0010826288489624858,0.00016217195661738515
-0.1873224973678589,-0.1887972503900528
-0.007243353873491287,0.0020073791965842247
0.0059024877846241,0.007619929034262896
0.029616447165608406,0.01070376206189394
0.008989897556602955,-0.0010999302612617612
0.02513827197253704,0.0010007205419242382
0.014172260649502277,3.133773134322837e-05
0.004071980249136686,0.012517531402409077
0.005038387607783079,-0.0022455863654613495
0.0002254073042422533,0.004826494492590427
0.0006886380142532289,0.004109538160264492
0.0033767609857022762,0.0006130666588433087
0.004221120849251747,0.02241961658000946
0.008994590491056442,0.00355362007394433
0.00694324541836977,-0.00036607205402106047
0.005974401719868183,-0.00030170241370797157
0.01234279666095972,0.004551649559289217
0.00614343024790287,0.002510144840925932
0.001252808840945363,0.0008348232950083911
-0.0007811610121279955,-0.0015252606244757771
0.0029074775520712137,-0.00028851389652118087
-0.004121001809835434,0.00640138890594244
0.0018137702718377113,-0.0001108483993448317
0.18611198663711548,-0.004033681005239487
0.03304768726229668,-0.0003491246607154608
0.014940748922526836,0.009079096838831902
-0.0009155386360362172,-0.0018286030972376466
0.0004511306469794363,0.008663572371006012
-0.005952839273959398,-0.0035193294752389193
0.0014336934546008706,0.004867128562182188
0.000960952544119209,9.809996117837727e-05
0.0020177059341222048,0.002537691732868552
-0.0006949814269319177,-0.0013077744515612721
0.001587218721397221,0.0005941768176853657
-0.0012721404200419784,0.0011711913393810391
-0.0011041071265935898,-0.001204330357722938
9.304872946813703e-06,0.020286915823817253
0.009913099929690361,0.026462260633707047
0.0028464035131037235,-0.0006008893251419067
0.0002932550269179046,0.0010296672116965055
0.0665680393576622,-0.00042889732867479324
0.00864247977733612,0.0010728677734732628
0.007848757319152355,0.0009468942880630493
-0.0022208914160728455,-0.004168976563960314
-0.024407077580690384,-0.023818206042051315
-0.00020996283274143934,-0.001924444455653429
0.005596477538347244,0.041794899851083755
-0.001031976891681552,-0.0015069670043885708
0.02582419663667679,-0.005597000475972891
-0.002471412532031536,-0.002572043798863888
0.0023846393451094627,0.000747609999962151
-0.0365438237786293,-0.07013293355703354
0.009533649310469627,-0.013280567713081837
-0.01668882556259632,-0.037989456206560135
0.003934657666832209,0.0042332252487540245
0.005172464530915022,4.851099220104516e-07
-1.6519319615326822e-05,0.004157058894634247
0.0019276314415037632,0.002175245201215148
0.011379634030163288,-0.0012780304532498121
0.034107815474271774,-0.004637329839169979
-0.002959671663120389,-0.002786175347864628
0.0001256323594134301,0.02838422916829586
0.0243554525077343,0.00011494490900076926
0.0004739902797155082,0.0072472491301596165
-0.0029066973365843296,-0.0037403113674372435
0.0017470510210841894,0.0018713065655902028
0.002025527646765113,0.0011892999755218625
-0.000370553694665432,-0.0008173903916031122
0.0010168092558160424,-0.0010511036962270737
0.0005867464933544397,0.003621150040999055
0.06261706352233887,0.0005012836190871894
0.0010822912445291877,6.120284524513409e-05
0.009163536131381989,0.00013021483027841896
-4.2652711272239685e-05,-0.006872942205518484
0.04206439107656479,0.002318157348781824
0.0017139683477580547,-5.6455137382727116e-05
-0.00017215465777553618,0.000523738213814795
0.005450960714370012,0.053908172994852066
0.004558301996439695,0.002038647886365652
0.00250286259688437,0.0019183051772415638
0.00012018484994769096,-0.0005324150552041829
-0.00026941264513880014,0.0034775659441947937
0.00752332154661417,0.0008307534735649824
0.0002739287447184324,2.071092603728175e-05
0.003287211060523987,-4.2356099584139884e-05
0.03363675996661186,0.0014094705693423748
-0.016961490735411644,-0.01390406209975481
-0.02218800224363804,-0.02975151501595974
0.024693872779607773,0.0005692646955139935
0.016902251169085503,0.012608877383172512
0.001746314112097025,-0.004979938268661499
0.023640286177396774,0.001294438261538744
0.00914897583425045,-0.011666426435112953
0.0016437489539384842,0.005490751937031746
-0.00020007722196169198,0.0009246299741789699
-0.004121001809835434,0.00640138890594244
0.008994590491056442,0.021543871611356735
0.001964445225894451,0.021436255425214767
0.0017667572246864438,0.08078845590353012
0.000600221217609942,0.0007834110292606056
-0.000148922365042381,-0.00030306397820822895
-0.002232220023870468,-0.0018444457091391087
-0.0014434303157031536,-0.001573145855218172
0.0021388446912169456,-0.0012066371273249388
0.00045785371912643313,2.198520814999938e-05
0.0026226777117699385,0.0006880584987811744
0.000528614385984838,-0.0003023885656148195
0.006337757222354412,0.0025603664107620716
-0.005908242892473936,-0.007329212035983801
0.005643397569656372,0.0036173295229673386
0.012233980000019073,0.004012026824057102
0.004971387796103954,0.0015536467544734478
-0.03750121220946312,-0.029402803629636765
0.00028222001856192946,0.010984698310494423
0.003444137517362833,0.0006491983076557517
0.007270441856235266,-0.0004364268097560853
-6.528703670483083e-05,0.015402581542730331
0.014735963195562363,0.002764774952083826
-0.03042232245206833,-0.03033546172082424
0.1008775532245636,0.0066467225551605225
0.002193004824221134,0.003976116422563791
-0.002365756081417203,0.014895865693688393
-0.0033278875052928925,0.008422397077083588
0.39206236600875854,-0.014903038740158081
0.009600460529327393,0.00020239291188772768
0.002900988794863224,0.00702340342104435
0.01440206915140152,-0.00014884991105645895
0.009839506819844246,0.00039933514199219644
-0.001567889004945755,0.006853481288999319
0.0034387584310024977,0.00022091179562266916
0.010976926423609257,0.0017452867468819022
0.005875969305634499,-0.007754574064165354
0.008859924972057343,0.001585623249411583
0.004789925180375576,-3.6645011277869344e-05
0.0018824656726792455,0.030287105590105057
0.0021831421181559563,0.002427041297778487
-0.08132847398519516,-0.08345988392829895
-0.002109645865857601,-0.008277815766632557
-0.026783015578985214,-0.023510122671723366
0.010740604251623154,0.00646334420889616
0.002627209760248661,0.00788479670882225
0.0013578678481280804,0.0007029107073321939
0.0012162617640569806,0.009914218448102474
0.004878590349107981,0.0004401254700496793
0.004136031027883291,0.0002600170555524528
8.001723472261801e-05,0.0005869424203410745
-0.0026173715014010668,-0.0035511183086782694
0.011775686405599117,0.005200902931392193
-0.0004415055154822767,0.06998548656702042
0.015230425633490086,0.0015362940030172467
0.0007528651622124016,0.00021330230811145157
0.06065618619322777,0.0007253559306263924
0.0006398999248631299,0.002542125293985009
0.0008125726599246264,0.008245695382356644
-0.0004002030473202467,0.0008381500374525785
0.09567826241254807,0.0034746327437460423
0.0022778641432523727,0.004995102994143963
0.0019503653747960925,0.002376827411353588
-0.004036443307995796,-0.003427193034440279
0.010267328470945358,0.041229646652936935
0.0030899320263415575,0.06887093186378479
-0.05958785116672516,-0.05157262086868286
0.000935588963329792,0.0023330345284193754
0.0042899781838059425,0.0018286036793142557
0.0015270960284397006,0.033764757215976715
0.0024264694657176733,0.09851331263780594
-0.01680668629705906,-0.04016468673944473
0.008098443038761616,-0.0010041737696155906
0.0017087700543925166,0.0003151201526634395
0.004757183603942394,-0.0018565584905445576
0.012531078420579433,0.020704716444015503
0.0004489656421355903,0.0004237659741193056
0.013314737007021904,-0.00011188910866621882
0.002574591664597392,-0.0008667888469062746
-0.0010277990950271487,0.012612232938408852
0.00027441707788966596,0.00019336426339577883
-0.0015273913741111755,-0.0013511853758245707
8.764484664425254e-05,0.0014446370769292116
9.338806557934731e-05,0.007839960977435112
0.0173600222915411,0.0026491533499211073
0.004548306576907635,0.00020259195298422128
-0.20199236273765564,-0.28677302598953247
-0.0013940084027126431,-0.002812383696436882
0.007221507839858532,0.014679089188575745
-0.0030651818960905075,-0.0020454428158700466
-0.020890258252620697,-0.019060280174016953
-0.006439818535000086,-0.007273134775459766
0.009277335368096828,0.00023929556482471526
-0.0033014239743351936,0.01429134700447321
0.0005046975566074252,0.004088167566806078
-0.0021452736109495163,-0.002444279147312045
0.003078354522585869,-0.00010443245992064476
0.00034494121791794896,0.00038741552270948887
0.03172438591718674,0.0009150906116701663
0.003278972115367651,0.001348366728052497
0.011647524312138557,-0.0004061706713400781
0.0030777754727751017,-0.0004257262626197189
-0.00033683504443615675,0.00031451217364519835
0.003679392160847783,0.0023038038052618504
0.05326101928949356,0.17155779898166656
0.0029036852065473795,-1.3999699149280787e-05
0.010874675586819649,0.00022071176499594003
0.020860610529780388,-0.008654878474771976
0.006169998552650213,0.0005307809915393591
0.0019369543297216296,0.0001516920601716265
0.002936998847872019,-7.47276862966828e-05
0.003397150430828333,0.0005721998168155551
-0.0012555030407384038,-0.0017321637133136392
-0.005700001027435064,-0.010068478062748909
0.00014650356024503708,0.0032228706404566765
0.002221916103735566,0.059905536472797394
0.002535248873755336,0.00025551047292537987
0.02821403741836548,-0.0007958003552630544
0.0011914016213268042,0.004426178988069296
0.002697665710002184,-0.0015064652543514967
0.001190969138406217,0.02850724384188652
0.2255515307188034,0.015523543581366539
0.00317236315459013,-0.0027550985105335712
0.0009519902523607016,0.0027204081416130066
0.01860778033733368,0.0008443943806923926
0.0004867485840804875,0.0004758668947033584
0.001692816847935319,0.0014961990527808666
0.00034546482493169606,-0.00019588139548432082
0.004085743334144354,0.0005095254746265709
0.010976926423609257,0.0017452867468819022
0.001623543561436236,0.03938590735197067
-0.0018075413536280394,-0.002876769518479705
0.004618003498762846,0.0020371919963508844
9.799048712011427e-05,0.0003526753280311823
0.0025342809967696667,8.67324706632644e-06
-0.00819549523293972,-0.007039366289973259
0.0024662232026457787,-0.00045389324077405035
0.01286391168832779,0.00042059243423864245
0.001942673115991056,0.0014809854328632355
0.006237223278731108,0.005770358722656965
0.04512837901711464,0.0016885254299268126
0.024316934868693352,0.005909380968660116
0.005207512993365526,-0.00013291761570144445
0.0024668730329722166,0.002154893008992076
-0.012120725587010384,-0.017358625307679176
0.0025947405956685543,0.000501612201333046
0.00756697217002511,0.0020893653854727745
0.003036434529349208,0.007782445289194584
0.01055088173598051,0.0021265228278934956
0.001508035114966333,0.022778969258069992
-0.00549689307808876,-0.009202288463711739
-0.000182095798663795,-0.0015138298040255904
0.008426401764154434,0.05969687178730965
0.0010144799016416073,0.004215072840452194
0.005878535099327564,0.0002843883994501084
0.0028150067664682865,0.0006761943222954869
0.012647060677409172,-0.0020639917347580194
-0.00039201430627144873,0.05054224655032158
0.0010124101536348462,0.00038102990947663784
0.002543110167607665,0.0012121235486119986
0.005779234692454338,0.001661783899180591
0.012720361351966858,0.004752002656459808
0.02470356784760952,0.008644510060548782
0.02994142845273018,-0.004394117742776871
-0.006665481254458427,-0.013519643805921078
0.006196166854351759,0.022308925166726112
0.036404918879270554,-0.0004516752087511122
0.03330643102526665,-0.006690316367894411
-0.0025911128614097834,-0.0006049040239304304
-0.008853105828166008,0.09133990108966827
0.0010039907647296786,0.0003191751311533153
0.00036322115920484066,-6.317405495792627e-05
0.016796575859189034,0.05257200449705124
0.00024592498084530234,0.0066244471818208694
0.0014974684454500675,-0.0007094279862940311
-0.0052718366496264935,-0.004885501228272915
0.010087734088301659,0.0022147265262901783
0.0025574257597327232,0.000352153874700889
-0.039118364453315735,-0.04123067110776901
0.005480996333062649,-0.0030279720667749643
-0.0016960215289145708,-0.0019093253649771214
-0.000263935886323452,-0.0013232153141871095
0.0026796767488121986,0.0011113107902929187
0.0013486372772604227,1.553376205265522e-05
-0.00166995613835752,0.002715763170272112
0.011947005055844784,-0.0010467215906828642
-0.0014251458924263716,-0.0007017315365374088
-0.015126796439290047,-0.02024567872285843
0.009748317301273346,0.04291091859340668
0.0041460092179477215,8.585116302128881e-05
0.00020976201631128788,0.0005171339143998921
0.00176715268753469,7.48469028621912e-05
0.02883574552834034,0.002388742985203862
0.03639702871441841,-0.010578515939414501
0.028184957802295685,0.00018802090198732913
0.006799596361815929,0.005857277195900679
0.01596423238515854,0.05993523821234703
0.002245579846203327,0.0006298134103417397
-0.0009155386360362172,-0.0018286030972376466
0.011125740595161915,0.007365713827311993
0.004506548400968313,0.02554687112569809
0.02597888931632042,0.0026825224049389362
0.0005251791444607079,0.004860804416239262
5.314301233738661e-05,0.0019313330994918942
0.0008236003923229873,0.0008727199747227132
0.0012895269319415092,0.0147511912509799
-0.002362671308219433,-0.0032864378299564123
0.018325604498386383,0.005859863944351673
0.05580864101648331,0.028881629928946495
0.06887537986040115,0.0022860211320221424
0.013189470395445824,0.0019509331323206425
0.0025998777709901333,-0.004468600265681744
0.012027144432067871,0.0023513080086559057
0.0030466027092188597,0.008440983481705189
-9.183911606669426e-05,-0.001947925891727209
0.005790807772427797,0.0013098764466121793
-0.00011737960448954254,0.0001296439004363492
0.0009785812580958009,0.00047610807814635336
-0.04149327054619789,-0.04837021604180336
0.0017888658912852407,0.004052577540278435
0.00011777415056712925,0.00045486565795727074
0.00418330542743206,0.0011644456535577774
0.001668764278292656,-0.0049879043363034725
-0.009166660718619823,0.00020309817045927048
0.007662080693989992,0.013474042527377605
0.00261628907173872,9.124559437623248e-05
0.0006278518121689558,0.0002604848123155534
0.014189675450325012,-0.013847697526216507
0.0004105661646462977,0.002087790286168456
0.0021495595574378967,0.0005072543863207102
-0.004210765939205885,-0.0009773115161806345
0.028524931520223618,-0.00010221279080724344
0.0015681104268878698,-0.001603769022040069
0.005825585685670376,-0.0018002982251346111
-0.0024434507358819246,0.001837634714320302
6.566770025528967e-05,0.001510035595856607
-0.0007485505193471909,-0.01358249131590128
0.00933251902461052,0.026337599381804466
0.029644619673490524,0.00020765952649526298
0.010307143442332745,0.07400348037481308
0.00039019715040922165,-0.0020747205708175898
0.0030142900068312883,0.0024478863924741745
0.0005393034662120044,4.232028732076287e-05
0.00019903079373762012,-0.0001876966271083802
0.0030257576145231724,0.0039301649667322636
-0.008468108251690865,-0.011384006589651108
0.008843193762004375,0.01626003161072731
0.0024781166575849056,-0.00010898895561695099
0.004343421198427677,0.0015568721573799849
8.165341569110751e-06,0.00201429077424109
-0.0005218065343797207,-0.00566839100793004
0.003352120751515031,-0.0030535077676177025
0.0023296421859413385,0.013953638263046741
0.00682089664041996,0.005713718011975288
-0.0031498842872679234,-0.0034330093767493963
0.004773864056915045,-0.0016587228747084737
0.0028025389183312654,-0.0003715756465680897
0.027040431275963783,-0.010314363986253738
-0.0004698836710304022,0.006155041512101889
-0.003108050674200058,-0.004265806637704372
0.0020370003767311573,0.001166371745057404
0.00027916577528230846,0.003836122341454029
-0.018796078860759735,-0.022150661796331406
-0.002435374306514859,-0.0022461279295384884
0.02673392929136753,0.005902240984141827
0.0018735295161604881,0.0006045624031685293
0.013848665170371532,0.018785061314702034
0.0050421543419361115,-0.004493178799748421
0.0003481182793620974,0.0023267411161214113
-0.06882257759571075,0.05340077728033066
2.547120675444603e-05,0.00020907563157379627
0.011647611856460571,0.0009568172972649336
-0.000439006689703092,0.001183267217129469
-0.009875203482806683,-0.011855760589241982
0.0064809489995241165,-0.0024665577802807093
-0.0004435465671122074,-0.0012580526527017355
0.0062423404306173325,0.0017194165848195553
0.003880771342664957,0.02583707496523857
0.011626661755144596,0.0005068331374786794
-0.0007776839775033295,-0.0007440450135618448
0.003876098431646824,0.0038537420332431793
-0.002510305028408766,-0.0033589033409953117
0.007762112654745579,0.002863110275939107
0.00913835596293211,0.001776635181158781
-0.007442441303282976,-0.011090290732681751
-0.011086707003414631,-0.010200812481343746
-0.010442961007356644,-0.031894538551568985
-0.003487871726974845,-0.0032759900204837322
0.00015881465515121818,0.0012513227993622422
0.05266530439257622,0.012237373739480972
0.003976421430706978,-3.0272796720964834e-05
0.02536282315850258,-6.34871976217255e-05
0.0028737476095557213,0.011288559064269066
0.0020417547784745693,0.00013089957064948976
0.09138340502977371,0.011147929355502129
0.023308338597416878,0.0006803912110626698
0.0008035720093175769,0.0003666710981633514
0.008695170283317566,0.00016647693701088428
0.012445182539522648,0.004412935581058264
-0.0010708259651437402,0.019252406433224678
0.002279376145452261,0.00031660660170018673
-0.000747207785025239,-0.0035745766945183277
0.020318830385804176,0.0003729809250216931
0.0010422759223729372,0.0001597292721271515
0.0007332569803111255,0.00046572787687182426
0.028493382036685944,0.00484801921993494
-0.001185511238873005,-0.006080562248826027
0.08088750392198563,0.0009756978251971304
0.0009702981915324926,0.00057861243840307
0.030404016375541687,-0.007303155958652496
0.014743191190063953,0.011312433518469334
0.002455073641613126,0.0011977511458098888
0.0007086904370225966,0.002371988957747817
-0.0008274205029010773,-0.0006716623902320862
-0.0066967494785785675,-0.003421375062316656
0.030975645408034325,0.0010921378852799535
0.008642300963401794,0.007085256744176149
0.0075342124328017235,0.000906490720808506
0.012597587890923023,0.004012026824057102
-0.01253708265721798,-0.01285465620458126
-0.03667082637548447,-0.029665634036064148
0.007729958277195692,0.0036356772761791945
0.0007571486057713628,0.0015089018270373344
0.05425718426704407,0.0017487846780568361
0.002873326651751995,0.001510320114903152
0.0027336273342370987,0.006674609147012234
-0.005349581129848957,0.01594960130751133
-0.029216593131422997,-0.029582425951957703
0.0007279118872247636,0.0015387515304610133
-0.001245906576514244,-0.0013706544414162636
0.0014665713533759117,-0.0004600905813276768
0.00023159728152677417,0.0006121223559603095
0.0049898442812263966,0.007439787965267897
0.002147106220945716,-4.739354335470125e-05
0.004257259890437126,0.01637411303818226
0.002112440299242735,-0.0009066063794307411
0.0014295722357928753,0.002344760112464428
0.0006415176321752369,0.0005805506953038275
0.10443997383117676,0.00024287542328238487
-0.0003238148055970669,-0.0008968892507255077
0.003711734665557742,0.0004582555848173797
0.0018537563737481833,0.0010595861822366714
0.00298082223162055,-0.0025916164740920067
0.08898299932479858,0.15092472732067108
0.017359808087348938,0.034949205815792084
0.011322161182761192,-0.0028450842946767807
-0.05654825270175934,-0.059192001819610596
0.007266322150826454,0.006977500393986702
0.000578969600610435,0.004235586151480675
0.018056487664580345,0.00011584494495764375
0.03187160938978195,0.0013514960883185267
0.013481354340910912,0.04615749046206474
0.0016734577948227525,0.004307112190872431
0.04047549515962601,0.003908793441951275
0.00030017876997590065,0.000872726843226701
0.0013824529014527798,0.0007508662529289722
0.009293632581830025,0.0006518142763525248
0.003081045113503933,0.0012319970410317183
0.0045677488669753075,0.006574318278580904
0.0023846393451094627,0.0007796480786055326
0.0008548842743039131,0.04741483926773071
0.0001382052432745695,0.004494361113756895
-0.0006378052057698369,0.0005849777953699231
0.0004330454394221306,-0.0038029695861041546
0.007848827168345451,0.0011056236689910293
0.002191308420151472,0.00670688645914197
-0.004536894150078297,-0.00233625341206789
0.0004964605905115604,0.0018765818094834685
-0.025078730657696724,-0.0336434431374073
0.03204610198736191,0.0032477984204888344
0.0016640276880934834,-4.66502970084548e-05
-0.0024545970372855663,-0.0021890797652304173
0.0060259755700826645,0.006568186916410923
0.002340499311685562,-0.00018317106878384948
0.001428429502993822,-0.001925295451655984
0.0679452195763588,0.002143662888556719
-0.010794196277856827,-0.012029019184410572
0.001258510397747159,0.004557251464575529
0.02509906515479088,0.0012291483581066132
0.01294137816876173,-0.0014376924373209476
0.00035994488280266523,-0.001129772630520165
0.010287047363817692,0.0007029534899629653
0.04269513860344887,-0.00012638694897759706
0.0007573642069473863,-0.0012925874907523394
0.001505422405898571,-2.9727212677244097e-05
-0.0025276285596191883,-0.0031470798421651125
-7.748138159513474e-05,-0.0040873996913433075
0.00023893112665973604,0.012212647125124931
-0.00034583162050694227,0.00873926468193531
0.04853042960166931,0.003155139274895191
0.00853395089507103,0.0035358562599867582
-0.0065223826095461845,-0.018983464688062668
0.0015226361574605107,-0.00029832986183464527
0.0022292304784059525,0.0009183799847960472
-0.01428479515016079,-0.01412299182265997
0.0011867241701111197,7.727352203801274e-05
0.008885657414793968,-0.0002873790799640119
0.1889154016971588,-0.0012875075917690992
0.028549475595355034,0.0002646051871124655
-0.013261867687106133,-0.024388326331973076
0.5312086343765259,0.06066589057445526
0.008515969850122929,-0.00160060019697994
0.0111610759049654,0.0002771118888631463
-0.0072644297033548355,-0.0072660017758607864
0.013787339441478252,0.008089447394013405
-0.00542940478771925,-0.014995903708040714
0.004007672891020775,0.0007881787605583668
0.013415176421403885,-0.0010351646924391389
0.0002129386703018099,0.0003279851225670427
0.01073526218533516,0.001141232904046774
0.0033460697159171104,0.00014458413352258503
-0.0015613683499395847,-0.001305181416682899
-0.0009532736148685217,-0.0007081992225721478
0.00043932662811130285,0.0006440720753744245
0.059899721294641495,-0.0019379446748644114
0.002015851903706789,0.0006743960548192263
0.0006531141116283834,8.055836588027887e-06
0.0025430084206163883,0.003746963804587722
0.0006841215654276311,0.0006713547627441585
0.011141272261738777,-6.174296140670776e-05
0.00030469190096482635,-4.021194763481617e-05
0.0011892574839293957,0.006652244832366705
0.008856739848852158,-0.002490038052201271
0.0011918377131223679,0.0012495394330471754
0.06751785427331924,0.006007087416946888
0.0062539041973650455,0.0010178906377404928
0.004651588387787342,0.018836719915270805
0.0005895229987800121,0.00222323602065444
0.0014588981866836548,0.0012540320167317986
0.00232047401368618,0.00025099527556449175
0.00013983354438096285,0.0007620591786690056
-0.03750121220946312,-0.029402803629636765
0.0026697106659412384,-3.872159868478775e-05
0.0001171502226497978,0.0035382111091166735
-0.001801827922463417,-0.008014985360205173
0.00010540943912928924,0.00026401577633805573
-0.0016105331014841795,-0.001261272351257503
0.019526762887835503,-0.0010234910296276212
0.0004944840329699218,0.0015101174358278513
0.32602745294570923,0.010278246365487576
-0.0012409794144332409,0.005639166571199894
0.01802883669734001,0.0027554419357329607
0.00011431018356233835,-0.0007182199042290449
0.0004774258122779429,-0.0007486038957722485
0.01473909430205822,-0.0002789532591123134
0.0007786245550960302,-6.501213647425175e-05
-0.002197030233219266,-0.005271469708532095
0.00039803932304494083,0.00022438283485826105
-0.004650666378438473,-0.007048015482723713
0.000741425494197756,0.0006057752761989832
0.001299561932682991,0.0031814242247492075
-0.0012677782215178013,0.0004703362938016653
0.0013539291685447097,0.018587397411465645
0.17357967793941498,0.014303749427199364
0.05647450312972069,0.0019039700273424387
0.0007205463480204344,0.0006923533510416746
0.015025436878204346,9.47260377870407e-06
0.0016293528024107218,0.007879981771111488
0.0020753052085638046,0.0028994418680667877
0.00025234551867470145,0.0007712624501436949
0.018345478922128677,-0.0010311754886060953
-0.1620912253856659,-0.17698746919631958
0.00963622983545065,0.0006236158660613
0.0007080063805915415,0.0003130849509034306
0.01576763018965721,0.007581857964396477
0.0033320158254355192,0.014737782999873161
0.0007951428415253758,0.03795422613620758
0.0019809212535619736,0.00248207850381732
0.0009271753369830549,0.00046137149911373854
0.004512403160333633,0.003226319793611765
0.0009716449421830475,0.0005599451251327991
-0.0020537669770419598,-0.00791720487177372
0.005238495301455259,0.0034489608369767666
0.006216830108314753,0.0006184233934618533
0.049732502549886703,-0.004557914100587368
-0.0037977967876940966,-0.005808840040117502
0.031768668442964554,-0.0005876890500076115
0.0013836666475981474,0.005793495569378138
-0.00020980811677873135,0.0011211998062208295
0.0012627359246835113,-0.0008654301054775715
0.010366784408688545,0.0023510532919317484
-0.006681533996015787,-0.0066403672099113464
-0.0014482419937849045,-0.0042733121663331985
-0.008097288198769093,0.017245424911379814
0.009293632581830025,0.0006518142763525248
-0.005820268765091896,0.0006717769429087639
0.00541225029155612,-0.002177528804168105
-0.0004628447350114584,0.0011083339340984821
0.0034947271924465895,0.03449251502752304
-0.0008885734714567661,0.006052193231880665
0.0021471986547112465,0.002495479304343462
0.00035022845258936286,0.005736888851970434
0.007201517932116985,0.005616071633994579
0.0009964151540771127,-0.00024374830536544323
0.00010084128007292747,0.0003197956830263138
0.00505128875374794,0.00033218893804587424
0.018181880936026573,0.0009352432680316269
0.002094527706503868,0.00027615827275440097
0.007324435748159885,0.0032267991919070482
0.0015907842898741364,0.001706384471617639
0.001571111031807959,0.016700537875294685
0.0017798806075006723,0.0012548172380775213
0.006810050457715988,0.006496945861726999
0.0032906648702919483,0.0001819735043682158
-0.043004464358091354,-0.040839847177267075
0.0031756917014718056,0.0001926865807035938
0.0011099140392616391,0.0008911826880648732
0.01340820174664259,-0.0006976630538702011
0.0018476344412192702,0.00433407723903656
0.0011478851083666086,0.0014716859441250563
0.012168556451797485,0.002192531246691942
0.010002318769693375,0.01024614367634058
0.016794497147202492,0.0021185928490012884
-0.007576229516416788,-0.006657454185187817
-0.005222328007221222,-0.009644145146012306
0.007189788389950991,0.010455694980919361
0.017941337078809738,-0.0002145004109479487
0.006061175838112831,0.0010904727969318628
0.09741879254579544,0.039335522800683975
0.0001443878427380696,0.0005218132864683867
0.008155603893101215,0.00015050321235321462
0.0034846593625843525,0.008370843715965748
0.0007084503304213285,0.0018707120325416327
0.0020189867354929447,0.0032093129120767117
0.0003933352418243885,0.0004562797548715025
0.004333867225795984,0.0005872286856174469
0.004181047901511192,0.0021343491971492767
0.03172438591718674,0.0009150906116701663
0.02830473519861698,0.0003582150675356388
-0.0383458137512207,-0.0423600934445858
-0.003636482171714306,0.0001879432238638401
0.002415745984762907,-0.0006339873652905226
0.010555805638432503,0.0004481581854633987
0.008626054972410202,-0.019980620592832565
0.0033666458912193775,0.005198612809181213
-0.0002635893179103732,-0.001507186098024249
0.000965822662692517,0.0026580390986055136
0.0002447881270200014,-0.0006724703125655651
0.03302594646811485,-0.00034753046929836273
0.010017268359661102,-0.006574051920324564
0.00029451612499542534,0.017635921016335487
0.010269394144415855,0.00041059969225898385
0.017882736399769783,0.00860461127012968
0.006610217038542032,0.0024165711365640163
-0.022205250337719917,-0.026762206107378006
-0.002254961058497429,-0.003572357352823019
-0.006571902893483639,-0.010532485321164131
0.008624507114291191,0.0016131028532981873
6.005386239849031e-05,0.01339002326130867
0.04238706827163696,1.9948871340602636e-05
0.007070483174175024,-0.0023544395808130503
0.013778727501630783,-0.0006605403614230454
0.0006388019537553191,0.001788670546375215
-0.00010023410141002387,0.010253218933939934
0.000261631328612566,0.0001726658083498478
0.0005624567274935544,0.0007592797628603876
0.002869215328246355,0.0002848804579116404
-0.0021897819824516773,-0.0009826021268963814
-0.005349581129848957,0.01594960130751133
0.010297724045813084,-0.009649477899074554
0.006446240469813347,0.010603783652186394
0.003925865050405264,0.0002335289173061028
-8.135091047734022e-05,0.005039996933192015
0.00402562553063035,0.006339072249829769
-0.004466705489903688,0.011196641251444817
0.0014253032859414816,0.004160093143582344
-0.0005591853405348957,0.00043032964458689094
0.004333867225795984,0.0005872286856174469
0.00016810340457595885,0.03702762722969055
0.00014137933612801135,3.24655557051301e-05
0.05561227723956108,6.475436384789646e-05
-0.0014461311511695385,-3.9772712625563145e-05
0.013535297475755215,-0.002660068217664957
0.0007231325143948197,0.0038333863485604525
0.005659893155097961,0.006743151228874922
0.01052139326930046,0.0075117964297533035
0.01384896133095026,-0.001392333535477519
0.021267030388116837,0.002987123792991042
0.006482487078756094,-0.004582750611007214
-0.0030998920556157827,-0.0014542685821652412
0.0629461258649826,1.2208271073177457e-05
0.002606610767543316,0.0004178916569799185
0.0022678589448332787,0.0014823201345279813
0.014214524067938328,0.0006934935227036476
0.004206744488328695,0.00034477165900170803
0.022438067942857742,0.002902128268033266
0.009293632581830025,0.0006518142763525248
0.0050316425040364265,0.0008721529156900942
0.07798463106155396,0.040932510048151016
-0.009581835940480232,-0.013206697069108486
0.039064787328243256,0.00251755747012794
-0.007826931774616241,-0.009947849437594414
0.0041002919897437096,0.002943526953458786
0.00423466507345438,-0.00047308276407420635
0.00073059560963884,0.001177717698737979
0.0016734577948227525,0.004307112190872431
0.002048701513558626,-0.0021402770653367043
0.0023009369615465403,0.0006315815262496471
0.007641977164894342,0.010926503688097
0.00451313704252243,0.010946284979581833
0.014801242388784885,0.000268628733465448
0.0014152402291074395,0.003252434078603983
-0.00884941779077053,0.04013810306787491
0.001314187073148787,-0.0002196403220295906
0.0022454443387687206,-0.0023756856098771095
0.0007009871769696474,0.0026347169186919928
0.00220368686132133,-0.0001642033166717738
0.0046793194487690926,-0.0015395146328955889
0.03744978457689285,-0.0018809004686772823
0.004592921119183302,0.0003421262663323432
-0.004896185360848904,-0.0067442553117871284
0.0013312717201188207,0.0008204550831578672
0.006729272194206715,0.0007777734426781535
0.0018836542731150985,0.0019646338187158108
0.02092924155294895,0.008776367641985416
0.006729272194206715,0.0007777734426781535
0.0017145415768027306,0.0022669031750410795
0.004236008506268263,-0.0024468419142067432
0.001777801662683487,0.0018965413328260183
0.025680366903543472,-0.00754820229485631
0.0010058600455522537,-0.006053922697901726
0.0010592819890007377,0.0011800829088315368
0.13980847597122192,0.024189375340938568
0.022202232852578163,0.0011419156799092889
0.005146158393472433,-0.0006380375707522035
0.0038396536838263273,0.0021664940286427736
6.504880730062723e-05,0.001337492954917252
0.0017607809277251363,0.01077782828360796
0.004402645397931337,0.014144030399620533
0.17791453003883362,0.002420935546979308
0.0008562898146919906,0.0089466143399477
0.0035396721214056015,0.016378456726670265
0.0001932801096700132,-0.0004363897314760834
0.0009409217163920403,0.08530092239379883
-0.032807424664497375,-0.04181404411792755
-0.0009395116940140724,-0.003238444682210684
0.0020597546827048063,0.0013193810591474175
-0.021523937582969666,-0.022534921765327454
0.024457808583974838,-0.00017841480439528823
0.005093807354569435,0.00015650055138394237
-0.00046386674512177706,-0.0002926494344137609
0.00023367401445284486,0.009253322146832943
0.0019427031511440873,0.00035457746707834303
-0.001748640206642449,0.003613246837630868
0.00984075479209423,0.0019346729386597872
0.004857838619500399,0.007919246330857277
-0.0036770375445485115,0.045640356838703156
-0.004374942742288113,-0.004092966206371784
0.001890882384032011,0.0001347615907434374
0.01442442275583744,0.00706149498000741
0.00913054496049881,0.008595781400799751
0.0015904492465779185,0.001276469323784113
0.00028249353636056185,0.0002974401577375829
-0.001112956553697586,0.0031687701120972633
0.004333867225795984,0.0005872286856174469
0.00044322782196104527,0.00022997459745965898
-0.0014072488993406296,-0.0011072559282183647
0.008765346370637417,0.0003976228763349354
0.00021918886341154575,-0.003083657706156373
-0.002430037595331669,-0.001047906232997775
0.00020162668079137802,-0.0020493092015385628
0.0004439398180693388,0.0003671414451673627
0.0043472894467413425,-0.0038165932055562735
0.002787643577903509,0.0009856600081548095
0.007138480432331562,0.02363264560699463
0.009426897391676903,-0.003801091108471155
-0.005349581129848957,0.01594960130751133
-0.00013071396097075194,0.0004307845083530992
-0.0071326978504657745,0.008767480030655861
0.0012592077255249023,0.0008459687232971191
-0.0021935629192739725,-0.001906809164211154
-0.001604915945790708,0.005820506252348423
0.007167106494307518,0.001860010321252048
-0.00023195892572402954,-0.008889754302799702
0.06467414647340775,0.0002456165384501219
-0.005349581129848957,0.01594960130751133
0.015691330656409264,0.0008581224828958511
0.0015485506737604737,0.00015482121671084315
0.023303581401705742,0.00015360736870206892
0.0018872651271522045,0.0001858192845247686
-0.008750319480895996,-0.02913476713001728
-0.001245906576514244,-0.0013706544414162636
0.011094717308878899,0.011838922277092934
0.004568171221762896,0.026350803673267365
0.005679708439856768,0.004280186258256435
0.01934148743748665,0.002038935897871852
0.0009670474100857973,0.002419920638203621
0.0007469662232324481,0.002044870750978589
0.004694264382123947,0.008792075328528881
0.0026358352042734623,0.005605674348771572
0.07475846260786057,0.01933421939611435
0.0009516646387055516,0.0015891416696831584
0.03824305534362793,0.000762749055866152
0.004461235832422972,0.0026318286545574665
0.0012335467617958784,0.0015428428305312991
0.011757336556911469,0.0076421513222157955
0.0012443896848708391,0.016005102545022964
0.0023987554013729095,0.0009608871187083423
0.0015335646457970142,0.020388144999742508
-0.0003846847976092249,-0.0005438996595330536
-0.010488549247384071,-0.03135358914732933
0.0018137702718377113,-0.0001108483993448317
0.03648373484611511,0.00017663749167695642
0.003397150430828333,0.0005721998168155551
0.011426824145019054,0.0012829714687541127
-0.0018187770619988441,-0.0012965049827471375
0.014614349231123924,0.011951622553169727
0.008365070447325706,0.003113670740276575
0.0012418357655405998,-0.003012231318280101
0.032333243638277054,-0.000658305361866951
0.0026853198651224375,0.0003925175406038761
0.010944888927042484,0.04654689505696297
-0.006037548184394836,-0.006343564949929714
-0.004496046341955662,-0.00422712741419673
0.006056706886738539,-0.00028856107383035123
0.002715436276048422,0.02760559692978859
0.0023384110536426306,0.007525554392486811
0.004018033854663372,-0.0009721057722344995
0.0024893905501812696,0.02859823778271675
0.03297651559114456,-0.004599092993885279
0.0035393796861171722,0.001789762289263308
0.004193211439996958,0.0008254493004642427
0.02309299446642399,0.00011804309906437993
-0.0989113301038742,-0.14903660118579865
0.009095815941691399,0.001981399953365326
0.0021247209515422583,-0.00033662247005850077
0.009299803525209427,0.0002814647741615772
0.00994626060128212,0.003326212055981159
0.0074046915397048,-0.0032044409308582544
0.03318750485777855,0.017104124650359154
0.0004369243688415736,0.00020885252160951495
0.017700815573334694,0.0003282010438852012
0.00044757925206795335,0.0007455956074409187
0.0008652599062770605,0.0037364091258496046
0.01234279666095972,0.004551649559289217
0.0278643686324358,2.226801007054746e-05
0.0007165870047174394,0.0017068547895178199
-0.012815394438803196,-0.011353704147040844
0.0016715684905648232,0.0012851562350988388
6.22085208306089e-05,0.0001183009153464809
0.014887884259223938,0.003258896991610527
0.0030188364908099174,0.0008635092526674271
0.003397150430828333,0.0005721998168155551
-0.00018629885744303465,-0.0008257016306743026
0.06817232072353363,-0.010925590060651302
0.002797255525365472,0.0002482660347595811
0.01933821476995945,0.010681984946131706
-0.0036855414509773254,-0.004039524123072624
0.0015870681963860989,0.00042269343975931406
0.0035294145345687866,0.0004241959541104734
0.0020730276592075825,0.00016747001791372895
0.13156044483184814,0.007157047279179096
0.018072089180350304,0.027308862656354904
0.0010705773020163178,0.00017834613390732557
0.0025071720592677593,0.0005553726223297417
-0.001130781602114439,0.000540044391527772
0.001786944572813809,0.0007039459887892008
-0.00238226680085063,-0.0030906687024980783
0.007656287867575884,0.0023489731829613447
0.004229893442243338,0.00446208193898201
-0.03737318515777588,-0.04205761477351189
0.08286968618631363,0.010690838098526001
-0.0026888183783739805,-0.004104740917682648
0.016237329691648483,0.005342276766896248
0.0006945517379790545,0.0004358276491984725
0.000760960450861603,0.0015718000940978527
0.0004126633866690099,0.004264626186341047
-0.016361162066459656,-0.01564984954893589
0.0037713339552283287,-0.0019983742386102676
0.016281122341752052,0.018455153331160545
0.0041880300268530846,0.0021956609562039375
0.008347851224243641,0.003422846319153905
0.059092022478580475,0.029040491208434105
0.00034003419568762183,0.002368312096223235
0.0024284240789711475,-0.0003931238315999508
0.00010714385280152783,0.006128525827080011
0.003334516892209649,0.0006618732586503029
0.037265945225954056,0.0030944361351430416
0.009413879364728928,0.017611246556043625
-0.034386660903692245,-0.03596942499279976
0.006021270528435707,-0.0001313689281232655
0.00401802035048604,0.0018903098534792662
0.0013857234735041857,0.0009466042392887175
-0.00024218703038059175,-7.624417776241899e-05
0.02432333491742611,0.005069400649517775
0.02808091975748539,-0.002518818713724613
0.0010738444980233908,0.0033123509492725134
0.0770895704627037,0.0166323222219944
-0.00048477581003680825,0.000519119668751955
0.00029421679209917784,0.0008681745966896415
-0.010612575337290764,-0.016433997079730034
0.0033228120300918818,0.051798321306705475
0.01112861093133688,0.2258358895778656
0.001420000335201621,0.00019028634415008128
0.002351508243009448,0.002086326479911804
0.001479918952099979,3.2842071959748864e-06
-0.0273551307618618,-0.016261156648397446
0.0009960622992366552,-0.0003737929800990969
-0.0002421287354081869,-0.001159912091679871
0.0010008205426856875,0.0002768667764030397
0.006098691374063492,-0.0004157016519457102
0.00030982668977230787,0.013290244154632092
0.007762112654745579,0.002863110275939107
0.006723300088196993,0.002153984736651182
-0.0003395123057998717,-0.00026423990493640304
0.0011172466911375523,0.004189630039036274
0.0016840312164276838,-1.8995488062500954e-06
0.02535099908709526,0.0028736330568790436
0.0014146002940833569,0.0017662550089880824
0.004776709247380495,0.0005454258061945438
0.017493311315774918,-1.0249903425574303e-05
0.006788776256144047,-0.0012327878503128886
0.014782006852328777,0.0008126847096718848
-0.005423806607723236,-0.0038511890452355146
0.026604292914271355,0.0037171465810388327
0.001194070908240974,0.0012020169524475932
0.03187160938978195,0.0013514960883185267
-0.01369103230535984,-0.013862838968634605
-0.004374942742288113,-0.00442523043602705
0.003617818932980299,0.010161208920180798
0.023333389312028885,-0.001420734915882349
0.0006737369112670422,-0.0018104149494320154
-0.002408734057098627,0.04155169054865837
0.00030367326689884067,0.12695926427841187
0.0009122553747147322,0.00198728172108531
-0.0015117787988856435,0.05556377395987511
0.011246275156736374,-0.004489922896027565
0.0004455488524399698,0.0005980082787573338
0.00026013352908194065,0.0005714134313166142
0.0014482203405350447,0.027913203462958336
0.0022392577957361937,4.9981637857854366e-05
0.2977209687232971,0.0013930199202150106
0.00019034983415622264,0.006280764937400818
0.020169127732515335,-0.013289169408380985
0.00210435944609344,0.003900962183251977
0.0007524221437051892,0.02259751223027706
0.0798300951719284,0.045245636254549026
0.004383952356874943,0.003492644988000393
0.0012683422537520528,0.022987358272075653
0.0012573538115248084,0.008561676368117332
0.0021208429243415594,0.00162004423327744
0.00030721089569851756,-9.997340384870768e-05
0.0010503900703042746,-0.00039501875289715827
-0.005338335409760475,0.003975376952439547
0.011179578490555286,0.0010216368827968836
0.0028450265526771545,-4.381259350338951e-05
0.009528087452054024,0.0005180849693715572
0.014952738769352436,0.005426236428320408
0.008520025759935379,0.015682240948081017
0.004639233462512493,-0.0036676302552223206
0.0007678255788050592,3.9630358514841646e-05
0.004214013926684856,0.008519239723682404
-0.00766889750957489,-0.012546086683869362
0.0003933758707717061,0.002076962497085333
0.020077576860785484,-0.0012601912021636963
0.010685625486075878,0.0018534878036007285
-0.008291550911962986,-0.00660889595746994
-0.0024601612240076065,0.011199358850717545
0.003429471980780363,-0.002105049090459943
0.0019434818532317877,0.002362279687076807
0.030255403369665146,0.002503402531147003
0.00047645968152210116,0.0024980490561574697
0.004338414873927832,-0.001167045789770782
-0.0004924930399283767,0.0014147763140499592
-0.00806460715830326,-0.008728407323360443
0.0008095470257103443,-0.002086563967168331
0.03539746254682541,0.00021567742805927992
0.007259402424097061,0.0002536489046178758
-0.00047570717288181186,0.016163848340511322
0.008189610205590725,-0.0002873790799640119
0.0013276361860334873,0.021617919206619263
0.0003838241391349584,0.001122230663895607
0.0012119968887418509,0.0038824183866381645
0.0007692952058278024,-0.0005015368806198239
0.0018826719606295228,0.0011625946499407291
-0.06203199923038483,-0.06113366037607193
0.001178837614133954,0.01995944045484066
0.0021485700272023678,0.0004955619806423783
0.006535666529089212,0.011114954948425293
0.008165048435330391,0.0002464255958329886
-0.005132673773914576,-0.005228973925113678
0.0006727861473336816,-0.00014070751785766333
0.0008181638550013304,-7.789045776007697e-05
0.0029125483706593513,-0.0018730631563812494
0.0009119156748056412,0.001321455230936408
0.0014272145926952362,0.004331913311034441
0.000179524184204638,0.004459698218852282
0.008665317669510841,0.0038500172086060047
0.011815262958407402,-0.012822272256016731
0.00222019013017416,-0.0003204562817700207
0.006225051358342171,0.003171199467033148
-0.0013005414512008429,0.011481515131890774
-0.006260732654482126,-0.00564050767570734
0.013332023285329342,0.0016869537066668272
0.011668375693261623,9.9296317785047e-05
0.01076191384345293,0.03502902761101723
-0.010954037308692932,0.035850223153829575
0.002557160332798958,0.0053369468078017235
0.16695716977119446,-0.0016337542328983545
0.04914340376853943,-4.8086862079799175e-05
0.000979037256911397,-0.0009562753257341683
0.0013928457628935575,0.0015179765177890658
-0.02122673951089382,-0.026678193360567093
0.0007203519926406443,0.004936467856168747
0.011039014905691147,0.00024158456653822213
0.0020853113383054733,-0.0022022502962499857
0.07567513734102249,0.003094821935519576
0.012470494955778122,0.0067474115639925
0.001471800496801734,0.0006182397482916713
0.01915525458753109,-6.216891051735729e-05
-0.010488549247384071,-0.03135358914732933
0.005717751570045948,0.001461520791053772
0.010731757618486881,-0.0005035186768509448
0.04042511805891991,0.001363423652946949
-0.009284082800149918,-0.003221689723432064
0.001738960389047861,0.01945829950273037
0.0022938286419957876,0.007562136277556419
0.009534351527690887,0.0012190963607281446
-0.007380285765975714,-0.008553368039429188
-0.018695173785090446,-0.018746623769402504
0.0027008731849491596,-0.0018161452608183026
0.0018884716555476189,0.005858922842890024
0.006570097524672747,0.0014779000775888562
0.003961555194109678,0.012206891551613808
0.000757091271225363,0.0007479453925043344
0.0008846968412399292,-0.006598363630473614
-0.015799878165125847,-0.012395214289426804
0.00178759905975312,0.0003533797280397266
-0.0021185700315982103,-0.003740070154890418
0.004936462268233299,0.00022572126181330532
0.005742636974900961,0.004420008510351181
-0.0006173643632791936,-0.000900488521438092
0.003036380745470524,0.01672384887933731
0.003935405518859625,-0.0012380819534882903
0.048508405685424805,-0.0005147916963323951
0.0028690695762634277,0.0019261417910456657
0.003397150430828333,0.0005721998168155551
0.001083242241293192,0.000789425743278116
0.006822611670941114,0.0003022251767106354
0.16730354726314545,0.00481714541092515
0.0013606934808194637,0.01572154089808464
-0.0075863865204155445,-0.0044632842764258385
0.009591830894351006,-0.00415502954274416
0.018540825694799423,0.035016726702451706
0.028376363217830658,0.0005150156794115901
0.001206770772114396,-0.0010953941382467747
0.0436142273247242,0.00037736480589956045
0.008492068387567997,0.015176641754806042
0.006349809467792511,0.0026897666975855827
0.0013452949933707714,0.006452346686273813
0.022985558956861496,0.0006079984595999122
0.06109311804175377,-0.012196656316518784
0.0010113638127222657,0.003990032710134983
0.0031729568727314472,0.0006008425261825323
0.006308544427156448,3.765407200262416e-06
0.0007362737669609487,0.009262808598577976
0.0014886200660839677,0.0003770651528611779
0.011568319983780384,-0.0007267526816576719
0.008570421487092972,-0.0009408574551343918
0.004034705460071564,0.0017102666897699237
0.0005930224433541298,0.012141362763941288
0.005101352464407682,-0.0008767760591581464
0.00856917817145586,0.00732371024787426
0.0015813802601769567,0.0006917941500432789
0.028951158747076988,0.014782012440264225
0.030828693881630898,0.0029090840835124254
0.0048508853651583195,0.0016981048975139856
0.011271080933511257,0.00048684614012017846
0.0023030596785247326,0.08217620849609375
-0.0101066455245018,-0.00962306559085846
0.0013360530138015747,0.0002371483133174479
0.005753053352236748,0.0007469545234926045
0.0006266530836001039,0.00010215103975497186
0.012912154197692871,0.0012138917809352279
-0.00013221093104220927,0.0006456517148762941
0.013631632551550865,-0.0008163591264747083
0.001173711963929236,-0.0009608928812667727
0.009912557899951935,0.00083635572809726
0.0013488263357430696,0.00017754100554157048
0.009195995517075062,-0.0003439572756178677
-0.010700967162847519,0.0714210644364357
0.002606610767543316,0.0004178916569799185
0.002617218531668186,5.842349855811335e-05
0.0019156658090651035,0.0023474614135921
0.0012955272104591131,0.0007283432641997933
-0.023373737931251526,-0.02471405267715454
0.00034546482493169606,-0.00019588139548432082
0.011647611856460571,0.0009568172972649336
-0.002557898173108697,-0.0005276466254144907
0.0037067378871142864,-0.0003203307860530913
0.0001092217571567744,0.000593187811318785
0.0032474217005074024,0.007515680510550737
9.384469012729824e-05,3.174800076521933e-05
0.00402477290481329,0.009548177011311054
-0.004468157887458801,-0.012004424817860126
0.032033905386924744,0.021094441413879395
0.0030783822294324636,0.010236243717372417
0.0008696678560227156,0.003080901224166155
0.11839400231838226,0.0013170052552595735
0.0028719776310026646,-0.00010404086788184941
0.00178759905975312,0.0003533797280397266
0.00037712673656642437,0.002993867266923189
0.002952431794255972,0.0001926865807035938
0.000545480870641768,0.013423253782093525
-0.000639807665720582,0.005435755476355553
0.009915433824062347,0.0009989605750888586
-0.003863723250105977,0.024913271889090538
0.005096620414406061,0.0011972119100391865
-0.0007398664020001888,-0.0048677995800971985
0.11320146173238754,0.003710206365212798
-0.0015327695291489363,-0.0009602056816220284
-0.0003076652064919472,-0.0028643792029470205
0.001633101375773549,3.736998769454658e-05
-0.022153440862894058,-0.02420426532626152
0.0019678075332194567,-0.002551416400820017
0.021124402061104774,1.7641752492636442e-05
0.0031332862563431263,0.002813525963574648
0.000375413364963606,0.020724590867757797
0.016734492033720016,-0.00017957182717509568
0.006766137667000294,2.2067339159548283e-05
0.024316934868693352,0.005909380968660116
0.003669338533654809,0.0010563834803178906
0.0022202995605766773,0.012857195921242237
-0.015201514586806297,-0.01353292167186737
0.00627585593611002,0.0003520174650475383
0.004642385058104992,-0.000940569385420531
5.607379716821015e-05,0.15547743439674377
0.0017322123749181628,0.00016020552720874548
0.03938519209623337,0.0002548545890022069
0.00032998528331518173,0.03133568540215492
-0.0009094243869185448,-0.007976604625582695
0.00023738107120152563,0.0016867468366399407
-2.2207270376384258e-05,0.007037600502371788
0.00966456439346075,0.0058118547312915325
0.012337550520896912,-0.000661529425997287
0.003344727447256446,5.0547547289170325e-05
-0.007567097432911396,0.004235658794641495
0.0003386774333193898,0.006407656706869602
0.00261628907173872,9.124559437623248e-05
0.006550145335495472,0.0029302765615284443
0.0012538518058136106,0.0033890316262841225
0.03187160938978195,0.0013514960883185267
0.026923930272459984,-0.0007526912959292531
0.014454938471317291,0.010427439585328102
0.02569698914885521,0.00021767552243545651
0.0011974404333159328,0.14341598749160767
0.01421917974948883,0.0025748510379344225
-0.003268436063081026,-0.0036566636990755796
0.03171229362487793,0.0016488227993249893
0.004542946815490723,0.006119453813880682
0.0007310209330171347,0.0003120212641078979
-0.0032116861548274755,-0.0002940809354186058
0.0007020761840976775,0.0005881371325813234
0.005358923692256212,0.001240321435034275
0.0004516991612035781,0.001483776606619358
0.024316934868693352,0.005909380968660116
0.0004819422319997102,0.00015148693637456745
0.0002266051305923611,0.2659890949726105
0.012767952866852283,-0.0005520567647181451
0.001049223355948925,-0.006161200348287821
0.0005084651638753712,0.010850822553038597
0.004024717956781387,0.0006045624031685293
0.012386868707835674,0.0072691962122917175
0.0009047528728842735,0.0021682684309780598
0.007115696556866169,0.0012843406293541193
0.0010954549070447683,0.00029705994529649615
0.06327331066131592,0.00024112535174936056
0.00014666671631857753,-0.00014441285748034716
0.007406346034258604,-8.800144132692367e-05
0.01176544651389122,0.001767472829669714
0.0022879410535097122,0.00010738681885413826
0.001890882384032011,0.0001347615907434374
0.00033893436193466187,0.0009013646049425006
-0.016961490735411644,-0.01390406209975481
0.0007899348856881261,0.018387842923402786
0.03537588566541672,0.0007029534899629653
0.023266714066267014,-0.004185219295322895
-0.002435374306514859,-0.0022461279295384884
0.004767361097037792,0.0022700889967381954
0.029876353219151497,-0.0002046849695034325
-0.011978362686932087,-0.013187509030103683
0.0012820439878851175,0.0016258003888651729
0.010233432985842228,0.0009347433224320412
-0.07101339846849442,-0.09530733525753021
0.0043093194253742695,0.0037871808744966984
-0.0006772814085707068,-0.00014503952115774155
0.000651886744890362,0.001419674837961793
0.003254656447097659,0.0011614739196375012
-7.742919842712581e-05,0.00044374135904945433
-0.0005564207094721496,-0.000489617872517556
-0.03750121220946312,-0.029402803629636765
0.000256386207183823,0.0023234181571751833
0.0009936634451150894,0.0016678485553711653
-0.0047911303117871284,-0.00044079963117837906
0.0028653519693762064,0.00460631912574172
0.04046983644366264,-0.0005958457477390766
0.0010689988266676664,0.004270470235496759
0.001033526728861034,0.056206636130809784
0.00598714966326952,0.0003729809250216931
0.024044765159487724,-0.002061526756733656
0.0009300616220571101,0.0013747853226959705
-0.0032234815880656242,-0.012957924045622349
-0.000204338226467371,-0.00021011591888964176
0.0007057841867208481,0.011811933480203152
0.042295169085264206,0.001042328542098403
-0.00031554093584418297,0.00032173903309740126
0.039546456187963486,0.0015961130848154426
6.623202352784574e-05,0.0003988213138654828
0.00042607367504388094,0.0003772223717533052
0.08178876340389252,0.0075810616835951805
0.0027435189113020897,-4.242447903379798e-05
0.0013712169602513313,0.0003830527130048722
-0.0387594997882843,-0.04080595076084137
0.004506697412580252,-0.00017747303354553878
0.008447210304439068,-0.0010723976884037256
0.0011904652928933501,0.0020669640507549047
0.0019185179844498634,-0.00203774799592793
0.0006350413896143436,-9.029614739120007e-05
-0.01694745197892189,-0.00837966799736023
0.0025570071302354336,0.0008271847618743777
-0.0018954441184177995,-0.00029356544837355614
0.009382410906255245,-0.0020183224696666002
2.609376679174602e-05,0.002098051132634282
0.008319907821714878,0.000671920832246542
0.012557669542729855,0.001403109054081142
0.007466666400432587,0.0004839914618059993
0.01888118125498295,6.475436384789646e-05
0.00012537532893475145,0.0025084048975259066
0.001518061850219965,0.0023913616314530373
-0.00379742868244648,-0.010697418823838234
0.007472587749361992,-0.007526653353124857
0.002381192287430167,0.01998371072113514
0.0028479204047471285,-0.002462382661178708
0.0031744269654154778,0.00041674624662846327
0.002776477485895157,-0.0003201267682015896
-0.016910158097743988,-0.020422063767910004
0.013538596220314503,5.208910442888737e-05
0.0008512042695656419,0.009071553125977516
-0.003927751909941435,-0.003088535275310278
0.002071934752166271,0.0005196566926315427
0.0015238688793033361,0.003173724515363574
-0.008169255219399929,-0.00886173453181982
-0.09500183165073395,-0.10433255136013031
0.0009034378454089165,0.0014158516423776746
0.016735048964619637,0.0003517047443892807
0.0037752834614366293,0.001436782069504261
0.03666786476969719,0.08385507017374039
-0.004765050485730171,0.07769374549388885
0.001634968793950975,0.011869777925312519
0.003037388902157545,-0.0007479490013793111
0.016636786982417107,0.0035862496588379145
0.013179765082895756,-0.0023702788166701794
-0.008976873941719532,0.0021724440157413483
0.0008108380134217441,0.04124585539102554
0.01975860260426998,-0.002948544919490814
-0.00011021463433280587,0.001029034610837698
0.0019352644449099898,0.012105517089366913
0.02544223703444004,0.0008800394716672599
0.04201556742191315,8.05800300440751e-05
0.0016369209624826908,0.021741695702075958
0.01655963435769081,-0.0013919397024437785
0.01599148102104664,0.015947433188557625
0.05745114013552666,0.0018704679096117616
0.0004774258122779429,-0.0007486038957722485
0.005553972441703081,0.00046080679749138653
-0.00039779022336006165,0.0013509143609553576
0.0005611213273368776,0.011058579199016094
-0.0013588654110208154,0.0005894328933209181
0.0009652507142163813,0.0024475709069520235
0.001419399748556316,0.004804981406778097
-0.0009081102907657623,0.0691966637969017
0.002990239765495062,0.009472424164414406
0.0023968471214175224,0.0012797326780855656
0.012562988325953484,0.0017441996606066823
-0.0009155386360362172,-0.0018286030972376466
-0.0018478089477866888,-0.001619287533685565
0.004520237445831299,-0.0033382594119757414
-4.023624933324754e-05,0.001222409657202661
-0.000995454378426075,-0.004206119570881128
-0.001685872906818986,-0.0020239586010575294
3.18038510158658e-05,0.0009824283188208938
-0.0006949814269319177,-0.0013077744515612721
0.005293814465403557,0.0015118418959900737
0.024183865636587143,-0.0015584323555231094
0.005995292216539383,0.011237068101763725
-0.00173173937946558,-0.006260722875595093
-0.08309253305196762,-0.08676663041114807
0.0027474192902445793,0.007035944610834122
-0.0030314046889543533,-0.01257375068962574
0.0015298795187845826,0.005423243157565594
0.0030217794701457024,0.0005877411458641291
-0.0014177346602082253,-0.0007870604749768972
0.02196529321372509,-0.0012514458503574133
-9.060511365532875e-05,0.026979587972164154
0.009502174332737923,0.0018756092758849263
-0.003345638979226351,-0.008505133911967278
0.0429607592523098,-0.0006106942892074585
-0.0013698795810341835,0.039283476769924164
-0.025092292577028275,-0.02258806675672531
-0.0018406332237645984,-0.002188892336562276
8.758180774748325e-05,-0.0015388885512948036
0.004081980790942907,0.02397819235920906
-0.01645394042134285,-0.022191906347870827
0.0003277304640505463,0.004924375098198652
0.005112222861498594,-0.0002007523871725425
-0.02183801494538784,-0.022116409614682198
0.0008507519378326833,-0.00021624361397698522
0.002008174080401659,0.0002777455956675112
0.04370664432644844,-0.0009989101672545075
0.00030226900707930326,0.0006115877185948193
0.001837901072576642,-0.0004360649618320167
0.008709748275578022,0.03764161840081215
0.0022590095177292824,0.013661682605743408
0.22217004001140594,0.015354991890490055
0.016161523759365082,-0.0010128524154424667
0.004058861173689365,-7.848530367482454e-05
0.0012381221167743206,3.105489304289222e-05
0.016673218458890915,0.06885414570569992
0.03130066394805908,-0.003420698456466198
-0.0039735520258545876,-0.007257753983139992
-0.003601706586778164,-0.003876529633998871
0.027584437280893326,-0.0005760284839197993
0.02147821895778179,0.018231714144349098
0.0012273004977032542,0.0019283893052488565
0.0022113570012152195,-0.0001788351801224053
0.0072647337801754475,0.0006762387929484248
0.0031295905355364084,0.0027835872024297714
-0.01715957745909691,-0.012785501778125763
0.0010086132679134607,0.0009851171635091305
0.023648809641599655,-0.0033777039498090744
0.0020028818398714066,-0.0002508084289729595
0.005309518426656723,-0.0004952915478497744
0.024493061006069183,0.003336623078212142
0.0623524971306324,0.00047274393728002906
0.011700536124408245,0.002677988028153777
3.38222598657012e-05,0.003199182450771332
0.010497204959392548,-0.0006248632562346756
0.21200042963027954,0.00026784418150782585
0.0016897040186449885,6.224257231224328e-05
0.0049290163442492485,0.0005265671061351895
0.04192998632788658,0.00021430492051877081
0.03464460372924805,0.0009470995282754302
-0.004505083430558443,-0.00391694251447916
0.0001392941630911082,0.010174127295613289
0.0009609505068510771,3.5818913602270186e-05
-0.005909678991883993,-0.001203861553221941
0.0030054294038563967,-0.00039807314169593155
0.003062430303543806,-4.4406475353753194e-05
0.0011454151244834065,0.0002319531631655991
0.20132803916931152,0.0007500791107304394
0.025389349088072777,-0.0001735124969854951
0.001267412444576621,0.0015640970086678863
0.0026393295265734196,0.0027355484198778868
-0.000100432283943519,-0.0002155057154595852
0.0010837985901162028,0.00850363913923502
0.0021310881711542606,0.0008920845575630665
0.010950992815196514,-0.005862207617610693
0.06226252019405365,0.0021306960843503475
0.0010592819890007377,0.0011800829088315368
0.004683114588260651,0.03438696265220642
-0.0008885734714567661,0.006052193231880665
0.00042033311910927296,6.835418753325939e-05
0.00689986627548933,-0.0007508415728807449
0.001174557488411665,0.008595185354351997
0.0027184425853192806,0.0011921229306608438
0.0022872930858284235,0.008032342419028282
0.00261628907173872,9.124559437623248e-05
0.00414540059864521,0.002034552861005068
0.004888509400188923,-8.126541797537357e-05
0.006320219021290541,0.00016504572704434395
0.0021488587372004986,0.0037203237880021334
0.00011068626190535724,0.005614361260086298
0.004930688999593258,-0.0005275235744193196
0.05580076575279236,0.009329844266176224
0.0017139081610366702,-0.00039648477104492486
0.045669425278902054,-0.0011717639863491058
0.003944113850593567,0.003288081381469965
-0.00039627490332350135,-0.000742501113563776
0.005028827115893364,0.002119101583957672
0.0011488752206787467,0.00036323105450719595
0.0022423332557082176,0.002405579434707761
0.004194034729152918,0.005543321371078491
0.0007503364467993379,0.011480890214443207
0.003786088665947318,0.003800502512603998
-0.0019671861082315445,-0.003010203130543232
0.03163409233093262,-0.00020259351003915071
0.0006315073696896434,0.0005220192833803594
0.027895905077457428,0.0006803912110626698
0.00042981846490874887,0.000276750884950161
0.0007469662232324481,0.002044870750978589
0.00010380015010014176,0.004486674442887306
0.0031873404514044523,0.0008573002414777875
0.000813742633908987,0.009499937295913696
0.016008302569389343,0.0021680525969713926
0.002535248873755336,0.00025551047292537987
0.0026808639522641897,-8.905117283575237e-05
0.010718125849962234,-0.01949199289083481
0.00018344879208598286,0.0021201646886765957
0.00955013558268547,0.0013914869632571936
0.006025989539921284,-0.00020850502187386155
1.1507654562592506e-06,-0.0010433512507006526
0.004352311138063669,0.04177796095609665
-0.04924887791275978,-0.04838220030069351
-0.0006395191885530949,0.008063904941082
0.0064464230090379715,0.022445248439908028
0.006668585818260908,-0.00019616377539932728
0.0012479218421503901,0.0007685330929234624
-0.0011236061109229922,0.007649934850633144
0.0003820638230536133,0.006534865591675043
0.0003817282849922776,0.1410791575908661
0.0009523052722215652,0.01260920986533165
0.004099385347217321,0.0008172863163053989
0.01858478970825672,-0.0006648352136835456
-0.0011347414692863822,0.0047569721937179565
0.0002595880359876901,0.005456783343106508
-0.011271672323346138,-0.016177821904420853
0.0007810083334334195,0.0024028217885643244
0.00026649871142581105,0.026286868378520012
0.0003704802365973592,-1.9232029444538057e-05
0.007757567800581455,0.008714699186384678
-0.007207184098660946,-0.019675958901643753
0.006176305469125509,-0.0006291019963100553
0.005436318926513195,-0.0007539626676589251
0.001614062930457294,0.02514510042965412
0.0027173704002052546,-0.0005442316178232431
0.019162127748131752,0.052501097321510315
-0.058284685015678406,-0.06091834977269173
0.005087518598884344,-0.0036285838577896357
0.002549470402300358,-0.0001466126850573346
-5.25845680385828e-05,-0.0012995839351788163
0.0008642793400213122,-0.0003686969866976142
0.015003621578216553,7.048668339848518e-05
0.0043773045763373375,0.053412534296512604
0.00024228973779827356,0.0024378192611038685
0.019186824560165405,8.972315117716789e-05
0.00034024857450276613,-0.00019721486023627222
0.01939057745039463,0.004265663679689169
0.02777412161231041,0.12781375646591187
-0.013660433702170849,-0.0139719033613801
0.010710733011364937,-0.01815279945731163
0.0028479204047471285,-0.002462382661178708
0.002099354285746813,0.000534352264367044
0.0007106303819455206,0.002594343153759837
-0.0006449641077779233,-0.0009736267966218293
0.0015021665021777153,0.00011471658945083618
-0.000182624178705737,0.008184256963431835
0.0006883228779770434,0.0005382278468459845
0.0004329767543822527,0.00011531497875694185
0.005017020273953676,0.0054667312651872635
0.08101978152990341,0.07905235141515732
0.011806899681687355,0.0005405738484114408
-0.000286811962723732,-0.009002914652228355
0.0018137702718377113,-0.0001108483993448317
0.01126118004322052,0.001548070926219225
0.0037653865292668343,-0.00012634621816687286
0.0002447881270200014,-0.0006724703125655651
-0.0012087463401257992,0.0011954598594456911
0.004461714532226324,0.022094694897532463
0.01810237020254135,0.005381957162171602
0.007564650848507881,0.0007423416245728731
0.01657073386013508,-0.0005552772781811655
0.007346632890403271,0.0023075249046087265
-0.03750121220946312,-0.029402803629636765
-0.0004560051020234823,0.0015903845196589828
0.01418966706842184,0.00044608861207962036
0.0011736128944903612,0.0008088986505754292
0.002416617702692747,-0.00043422618182376027
0.01661064848303795,0.0004587180446833372
0.009924095124006271,-0.00014303351053968072
0.0054673389531672,0.00029137160163372755
0.003411279059946537,-0.00037909398088231683
0.012592761777341366,0.010905957780778408
0.0014839841751381755,0.019515179097652435
0.002281836699694395,0.001808336703106761
-0.01811780221760273,-0.030361013486981392
0.0037863608449697495,-0.00082029914483428
0.005139782093465328,-0.0004866945673711598
0.001083242241293192,0.000789425743278116
0.00014205655315890908,0.01979430392384529
0.00018819759134203196,0.0032618269324302673
-0.0038774358108639717,-0.015952371060848236
0.009780810214579105,0.013220337219536304
-0.0005827287677675486,0.01151865441352129
0.04555767774581909,0.0006144715589471161
-0.014884723350405693,-0.0060473158955574036
-0.0022474979050457478,-0.0021890797652304173
-0.0007336869603022933,-0.0007297795382328331
0.004913742188364267,-0.00019972765585407615
0.005679708439856768,0.004280186258256435
0.0021431553177535534,0.0008072531782090664
0.02326994016766548,0.005320439115166664
0.0010124101536348462,0.0003502808976918459
-0.02009706385433674,-0.022150661796331406
8.982513099908829e-05,0.0002773309242911637
0.0025586006231606007,0.02740379050374031
0.00876534078270197,0.0010401117615401745
0.0077281733974814415,-0.00015574204735457897
0.0036027655005455017,0.03215434402227402
0.00038886896800249815,0.0938200131058693
0.0045897322706878185,0.044544436037540436
0.005424142815172672,0.0030756231863051653
-0.007946429774165154,0.005241114646196365
0.00911625660955906,0.024393247440457344
0.0043870266526937485,0.004647477529942989
0.004976045340299606,0.004601684398949146
-0.00567752867937088,-0.006515003275126219
0.01744578219950199,0.002202981850132346
0.001622165204025805,0.0009183017536997795
0.002911526244133711,-0.005466069094836712
0.005070599261671305,0.005894288420677185
-0.003949793986976147,0.012830493040382862
0.0008431249880231917,0.0008481864933855832
3.100922185694799e-05,0.0002031780022662133
0.001985135255381465,-0.002436682116240263
-0.0016101106302812696,-4.8344023525714874e-05
0.003206092631444335,0.0015884789172559977
0.007756948936730623,0.03175956383347511
-0.008291550911962986,-0.00660889595746994
-0.18550224602222443,-0.18637628853321075
0.006240061949938536,0.00047908781562000513
0.003499390324577689,0.006050515919923782
-0.002389477100223303,0.011832373216748238
-0.02814396657049656,-0.02306884154677391
0.057711437344551086,0.12353991717100143
0.0025940786581486464,0.0006658998318016529
0.00022507295943796635,0.009397412650287151
0.0018198377219960093,0.015503743663430214
0.06926273554563522,0.0005056150257587433
0.0028417285066097975,0.0003381911665201187
0.0005071882624179125,0.008570670150220394
0.002928517758846283,-0.004376890603452921
0.007778280880302191,0.006931241601705551
0.03172438591718674,0.0009150906116701663
0.006965652108192444,0.0038733554538339376
0.012914265505969524,0.008256188593804836
0.010386972688138485,0.0009731664322316647
0.0011010003508999944,-0.00020242994651198387
0.0022048382088541985,0.004346030298620462
0.0010446305386722088,0.004033134784549475
0.02830473519861698,0.0003582150675356388
0.0010008688550442457,-0.0005980095593258739
-0.0011409502476453781,0.012914755381643772
0.000740918330848217,0.005195882171392441
0.017258144915103912,0.04394498094916344
-0.019342565909028053,-0.011826183646917343
0.0008539616828784347,-4.05453029088676e-05
0.010447121225297451,-0.0009552012197673321
0.006223106291145086,0.005153023637831211
-0.02227739989757538,-0.024714354425668716
0.01973154954612255,0.004718962591141462
0.0036677694879472256,-0.002550750272348523
0.008921278640627861,0.0005068331374786794
0.016609197482466698,1.740216976031661e-05
0.00083351373905316,0.009174118749797344
0.03827536106109619,-0.002208520658314228
0.0019958452321588993,0.0013318879064172506
0.0006162298377603292,0.000463719479739666
1.1884752893820405e-05,0.0008374677854590118
0.011024602688848972,0.0005843997932970524
0.0011390827130526304,0.009233842603862286
0.0024068790953606367,0.023226046934723854
0.010307271033525467,0.002347824163734913
0.00023598592088092119,0.0023517285007983446
0.012995472177863121,-0.0020129953045397997
-0.005296798422932625,-0.0038511890452355146
0.15261498093605042,0.012309431098401546
-0.1366041749715805,-0.14186778664588928
0.00095727713778615,-0.0017679303418844938
0.014214524067938328,0.0006934935227036476
0.011757336556911469,0.0076421513222157955
0.00036765250843018293,-0.00017070025205612183
-0.10976015031337738,-0.12081201374530792
0.0005403496325016022,-0.0055323257111012936
-0.048443663865327835,-0.05412568151950836
0.0006762379198335111,0.005559651646763086
-0.001414347207173705,0.02541298419237137
0.005491400603204966,0.0015892130322754383
0.008461901918053627,0.0034745121374726295
0.0005448624724522233,0.0007479453925043344
0.006829233840107918,-0.004152696114033461
-0.0012413327349349856,-0.0008837548084557056
-0.014266984537243843,-0.009006557986140251
0.0020062699913978577,0.006946570705622435
0.0016734577948227525,0.004307112190872431
0.09320513904094696,0.012392641976475716
-0.00100936577655375,0.07637950778007507
0.00041079893708229065,-0.0005699049215763807
0.004548330791294575,-0.007434522733092308
-0.030807334929704666,-0.033816926181316376
0.0001938141940627247,0.004272030666470528
0.00037985475501045585,0.0003848557244054973
0.008528163656592369,0.0067201703786849976
0.006947649642825127,-0.00011156525579281151
-0.01732834428548813,-0.016421038657426834
-0.02071421593427658,-0.02214897610247135
-0.000936225289478898,-0.0027632652781903744
-0.0028504226356744766,-0.002970773261040449
0.00017102702986449003,0.00706139113754034
-0.001130279153585434,0.014518467709422112
0.002375072566792369,0.00864874292165041
0.0041317082941532135,-0.0014548985054716468
0.028376363217830658,0.0005150156794115901
-0.0011803645174950361,-0.0006497917929664254
-0.007935961708426476,-0.012756714597344398
0.002970087807625532,0.000137486174935475
0.009596232324838638,0.021926604211330414
0.00204601907171309,-0.0014307699166238308
0.0016002077609300613,0.007088526152074337
0.0047857374884188175,-0.004756731912493706
0.0033136236015707254,0.014556346461176872
0.0017639854922890663,-0.001015347195789218
0.1066051721572876,-0.0064619360491633415
0.007273235823959112,0.012608877383172512
-0.00011073285713791847,0.002949746325612068
0.03068600408732891,0.0001999642699956894
0.0023054787889122963,-0.004593436606228352
0.00213608518242836,0.02514800615608692
0.037195462733507156,0.0021243642549961805
0.0007191949989646673,0.003097010776400566
0.0012677020858973265,-0.00012120906467316672
0.0014162269653752446,0.000505416770465672
0.015624349005520344,0.004600629210472107
0.0046985335648059845,0.020544514060020447
0.03905392065644264,0.00020883185788989067
0.0023111673071980476,0.003988999407738447
-0.0007095126202329993,-0.0009586646337993443
0.015203277580440044,0.060870569199323654
0.011965837329626083,0.19851616024971008
0.003254656447097659,0.0011614739196375012
0.002770602237433195,0.0028813884127885103
0.0024928352795541286,0.008732551708817482
0.005879771430045366,0.0013034234289079905
0.06012612581253052,3.0663213692605495e-05
0.003219163278117776,9.771186887519434e-05
0.00019577908096835017,0.07230250537395477
0.0011550530325621367,0.004292536526918411
0.008912472985684872,1.885576784843579e-05
0.0007349563529714942,0.0008226059144362807
0.0010113638127222657,0.003990032710134983
0.02513843961060047,-0.0001621292030904442
0.0017585703171789646,0.002209314377978444
0.0014344302471727133,0.03369764983654022
-0.0027812954504042864,-0.004653052426874638
-0.00016760035941842943,0.018992215394973755
0.02040105126798153,0.003237210214138031
0.003057659137994051,0.007915227673947811
0.009132327511906624,-0.0011564872693270445
-0.015888195484876633,-0.010105320252478123
0.004887368995696306,0.01038091629743576
0.0006859778659418225,-0.0008834126056171954
