0.00671629, 0.0037303
0.00847266, 0.00159334
0.00682874, 0.00148047
0.00532253, 0.00403894
0.00409139, 0.00418682
0.00451177, -0.00104338
0.011724, 0.00894069
0.009063, 0.0042658
0.009822, 0.00578279
0.00570569, 0.00518986
0.00928847, -0.000556195
0.00631953, 0.00400098
0.00538052, 0.000497325
0.00677109, 0.00133529
0.0141713, 0.00697734
0.0104026, 0.00460103
0.00966498, -9.01964e-05
0.0056174, 0.00434975
0.00527051, 0.0014962
0.00368265, 7.68286e-05
0.00803414, 0.00324312
0.00627673, 0.00404051
0.0105449, 0.00381407
0.00795136, 0.00057197
0.00978492, 0.0028227
0.00757482, 0.000660642
0.0061874, 0.00527608
0.0116633, 0.00416633
0.0066886, 0.00145034
0.00400989, 0.0049353
0.0022522, 0.00392339
0.00443837, 0.00170098
0.00485997, -0.00230454
0.00233159, 0.0026438
0.0070943, 0.00061149
0.00418008, 0.00264361
0.0082506, 0.00204393
0.00854556, 0.00263135
0.00973596, 0.00280882
0.0110806, 0.00517275
0.00972438, 0.000713325
0.0080142, 0.00181339
0.0124023, 0.00035908
0.00506826, 0.00476827
0.00696302, 0.00504644
0.00588823, 0.000288704
0.00543336, 0.00282012
0.0082701, 0.00454842
0.0105137, 0.00480291
0.00688496, 0.00487854
0.00689203, 0.00119868
0.00987486, 0.009649
0.00398776, -0.00191157
0.00213941, 0.00304005
0.00442927, 0.00452002
0.0109608, 0.00477763
0.00799182, 0.00225907
0.00384042, 0.00321826
0.0111342, 0.0065814
0.00628863, 0.00361247
0.0077338, 0.00261084
0.00481772, 0.00572519
0.00893998, 0.00186701
0.0047468, 0.00103819
0.00905347, 0.000197786
0.0109876, 0.0099696
0.00977158, 0.00494383
0.0105958, 0.000458429
0.00669829, 0.00611073
0.00980986, 0.00290098
0.00460944, 0.00482105
0.00475333, 0.0035594
0.00832422, 0.00678197
0.00499336, -0.00135837
0.00545862, -0.00127281
0.0088459, 0.00229228
0.00702501, 1.14654e-05
0.00656648, 0.00219841
0.00742341, 0.00339183
0.0119796, 0.00075135
0.00283881, -0.00292422
0.00667849, -0.00022528
0.00768902, 0.000887255
0.00648915, 0.0044786
0.00964403, 0.00566674
0.00169948, 0.000769099
0.00483459, 0.00180383
0.011121, 0.00301392
0.00427082, 0.0070066
0.00723961, 0.0039707
0.00716054, 0.00432931
0.00980668, 0.00677659
0.00464581, 0.00598657
0.00642361, 0.00349432
0.00633764, 0.0030489
0.00601678, 0.00423602
0.00150673, 0.00152785
0.00699529, -0.000309873
0.00527269, 0.00283795
0.00532253, 0.00403894
0.00739907, 0.00335197
0.00900807, 0.0036631
0.00918742, 0.002659
0.00599294, 0.00361757
0.0131463, 0.00977897
0.00288345, 0.00363378
0.00467866, -3.69743e-05
0.00412084, 0.00452293
0.00974175, 0.00690357
0.00402512, 0.00574501
0.00650461, 0.00209213
0.00809178, 0.00226733
0.0123682, 0.00649823
0.00882004, 0.00375862
0.00355839, -0.00139121
0.00670147, 0.00507454
0.00817193, 0.000969324
0.00601323, 0.00208191
0.00739208, 0.00468727
0.00534841, 0.00159721
0.0053203, 0.00124339
0.00520475, 0.00398144
0.00479028, -0.000134044
0.0090641, 0.00492803
0.00329317, 0.00352654
0.00445857, 0.002566
0.0043381, 0.00178217
0.006083, 0.0020952
0.00917557, 0.00400883
0.00408383, 0.00361361
0.0084954, 0.00520841
0.00763753, 0.00126834
0.00527078, 0.00394945
0.0105576, 0.00650194
0.00394527, 0.0057303
0.00371637, 0.00366982
0.00668971, 0.000783294
0.00893075, 0.00218798
0.0063832, 0.00215576
0.00757452, 0.00308438
0.00644937, 0.00379777
0.0114561, 0.00137374
0.00492238, -0.00231162
0.00881913, 0.00379904
0.0036682, 0.00200853
0.00721443, 0.00428803
0.00715365, 0.00304267
0.0102085, 0.00766676
0.00830565, 0.00188194
0.00655234, 0.0025594
0.00780534, 0.00010152
0.00580524, 0.00433205
0.00681581, 0.000818731
0.00729062, -1.0553e-05
0.00550036, 0.00261617
0.0079902, 0.000263699
0.00630047, 0.00272969
0.00395373, 0.00241633
0.00846776, 0.00461707
0.007226, 0.00209222
0.00281813, 0.00370512
0.00804659, 0.00603194
0.00476565, -0.000234707
0.00833529, 0.00188187
0.0090641, 0.00492803
0.00663236, 0.00595876
0.0062598, 0.00192381
0.00747105, 0.000416502
0.00568639, 0.00255401
0.00507431, 0.00420014
0.00391115, -0.000604951
0.00592513, 0.00354528
0.00462366, 0.00647494
0.00108254, 0.000999419
0.0043746, 0.00712601
0.00363172, 0.00267391
0.0100164, 0.00139624
0.0083522, 0.00268799
0.00643903, 0.00367958
0.0050151, 0.000135443
0.00441506, 0.00479972
0.00820556, 0.00366656
0.00547593, 0.00223653
0.00521074, 0.00354924
0.0119348, 0.00691303
0.00503785, 0.000437409
0.0117948, 0.0092876
0.0044062, 0.00296892
0.00653622, -0.000588245
0.00513728, 0.00188995
0.00749481, 0.0016489
0.00663213, 0.0019936
0.00720594, 0.00332579
0.00864357, 0.000710166
0.00717147, 0.00422412
0.00901134, 0.00351279
0.00528172, 0.0033072
0.00771009, 0.00474137
0.00985439, 0.00159935
0.00609523, 0.00560076
0.00992452, 0.00585696
0.0077822, 0.00198602
0.00690431, 0.00261769
0.00878344, 0.000813851
0.0134164, 0.0040713
0.00837299, 0.00285117
0.00441277, 0.00392648
0.00472528, 0.00188043
0.00716039, 0.00357842
0.0113594, 0.00186321
0.0069561, 0.00235013
0.00663213, 0.0019936
0.00997692, 0.00325488
0.00628596, 0.00169358
0.00801762, 0.000856448
0.00735905, 0.00411839
0.0112869, 0.00150699
0.00978926, 0.00278821
0.00723527, 0.00352669
0.00802593, 0.0017394
0.00169948, 0.000769099
0.00271547, 0.00124759
0.0108786, 0.00783223
0.0090197, 0.00185887
0.00332475, 0.00218573
0.0088293, 0.00384599
0.006031, 0.00216824
0.0102434, 0.00556537
0.00566944, 0.00464537
0.00552774, 0.00384341
0.0135958, 0.00797528
0.00835163, 0.00100839
0.0066983, 0.00358567
0.00676135, 0.000950396
0.00452517, 0.00443754
0.00811846, 0.00578103
0.00804763, 0.00312192
0.00544759, -0.0015363
0.00805064, 0.00234301
0.0100659, 0.00217941
0.00529067, 0.0062599
0.00637748, 0.00124067
0.00933517, 0.00537492
0.00842299, 0.00285459
0.0104047, 0.00169398
0.00671336, 0.00259831
0.00397925, -0.000224453
0.00498033, 0.0025004
0.00441501, 0.00406092
0.00484621, 0.000594216
0.0112563, 0.00271453
0.00535638, 0.00401804
0.00664767, -0.000706096
0.0158145, 0.00927504
0.00384042, 0.00321826
0.011103, 0.00909058
0.0063407, 0.00381244
0.00727262, 0.00102564
0.00737948, 0.00374336
0.00559215, 0.00369162
0.00612949, 0.00350247
0.00792337, 0.00349227
0.0105765, 0.00566287
0.00893891, 0.00347852
0.00842299, 0.00285459
0.00579219, 0.00349074
0.01316, 0.00861522
0.00729117, 0.00399323
0.00486092, 0.00175855
0.0129248, 0.00309841
0.00699241, 0.00275905
0.00636173, 0.00075232
0.00750003, 0.00367283
0.0145455, 0.00869177
0.0110873, 0.00207284
0.00844928, 0.00146492
0.00435667, -0.000804858
0.00730175, 0.00154698
0.00553268, 0.00153453
0.00543827, 0.00198526
0.0075026, 0.00247794
0.00698353, -0.00137416
0.00435059, -0.00109748
0.00541654, 0.00392145
0.00314169, 0.00289184
0.00506829, -0.000247968
0.00552723, 0.000199542
0.00615512, 0.00034546
0.00694353, 0.00186694
0.00706799, 0.00180483
0.00670725, -0.00107722
0.00660264, 0.00145293
0.00680253, 0.00332606
0.00842299, 0.00285459
0.00570569, 0.00518986
0.00519126, 0.0026561
0.005187, 0.00474238
0.00200024, 0.00267383
0.00514728, 0.00100829
0.0066508, 0.00271548
0.00539591, 0.0039332
0.0071706, 0.00366744
0.0035152, 0.00401586
0.00524166, 0.00292355
0.0114099, 0.00426728
0.005561, 0.00261094
0.00748459, 0.00493061
0.00184926, 0.00198653
0.00756025, 0.00322797
0.00187135, 0.00215675
0.00908512, 0.00301404
0.00704174, 0.0022378
0.00519861, 0.000741964
0.0050385, -9.65462e-05
0.00637053, 0.00298695
0.00918101, 0.00164066
0.00872752, 0.00310655
0.0054399, 0.000311367
0.00604462, 0.00126469
0.00285965, 0.00337116
0.00156964, 0.00166429
0.0138543, 0.0125761
0.0111283, 0.00810571
0.0135849, 0.00959312
0.00871706, 0.0062865
0.00734193, 0.00073936
0.00777655, 0.000118496
0.00808339, 0.000725475
0.00835408, 0.000846758
0.00602205, 0.0024432
0.00508671, 0.00215852
0.00688144, 0.00637722
0.00882555, 0.00058609
0.00500748, 0.00350191
0.00462219, 0.000596799
0.00903645, 0.00299113
0.0103568, 0.00348215
0.00525593, 0.00490678
0.00353564, 0.00575825
0.00976298, 0.00552515
0.00566086, -0.000871964
0.00474334, 0.00565882
0.00582402, 0.00625957
0.00793711, 0.00328854
0.00658431, 0.00418001
0.00598958, -0.00065874
0.00874291, 0.00546014
0.00781687, -0.000324783
0.00628703, 0.00139675
0.0136778, 0.00440709
0.0103656, 0.00198956
0.00790932, 0.0052979
0.00812903, 0.00140402
0.00186676, 0.00319866
0.00776217, 0.00189075
0.00174125, 0.00240065
0.0102445, 0.00648814
0.00742655, 0.00290825
0.00651411, 0.00250492
0.00630235, 0.00425144
0.00474312, 0.00251186
0.00808723, 0.00086745
0.00230278, 0.000992626
0.00616581, 0.00358518
0.00814828, 0.00374246
0.00510508, 0.00103284
0.00667699, 0.00295298
0.00317183, 0.00159646
0.0083546, 0.00346848
0.00792712, 0.003874
0.00724482, 0.00832959
0.0116198, 0.00799038
0.00923268, 0.00326924
0.00599297, 0.00100166
0.00407358, 0.00160883
0.0102239, 0.00247319
0.0145091, 0.00644853
0.0108966, 0.000486564
0.00528745, -0.00129898
0.00512197, 0.00111333
0.0126912, 0.00616173
0.0133375, 0.00321569
0.0103049, 0.00522928
0.00314853, 0.00324595
0.00622925, 0.000907329
0.007079, 0.00063653
0.0130668, 0.00945923
0.00392633, 0.00111404
0.0120267, 0.0121347
0.00682304, 0.00118378
0.00273293, 0.00419706
0.00518057, 0.000924874
0.00506098, 0.0019247
0.00431991, 0.00557401
0.00779658, 0.00201152
0.00615239, 0.00520523
0.0099105, 0.00554217
0.00687976, 0.00442491
0.00845768, 0.00276043
0.0052276, 0.00163464
0.00589686, 0.00170643
0.00967332, 0.00451468
0.00548606, -0.00110284
0.00873555, 0.00487266
0.00936874, 0.00231458
0.00861386, 0.000867101
0.00944034, 0.00225885
0.00746215, 0.00241456
0.00814618, 0.00290281
0.0108268, 0.00680705
0.00785733, 0.00202
0.0113923, 0.00731
0.00553379, 0.00419812
0.00582889, 0.00181644
0.00223372, 0.00394918
0.00944037, 0.00704909
0.00718795, 0.00353757
0.00731975, 0.00432734
0.00586142, 0.00202472
0.0084358, 0.000430562
0.00556956, 0.0060292
0.00627198, 0.000449806
0.0130593, 0.00575246
0.00863057, 0.00236184
0.00723315, -0.000710821
0.00517027, 0.00391702
0.00576278, 0.00303099
0.00507431, 0.00420014
0.00814943, 0.00384051
0.00640127, 0.00390385
0.00897228, 0.00299207
0.00475787, 0.00354958
0.00595713, -0.00211295
0.0103477, 0.0024893
0.00692049, 0.0055781
0.00411584, 0.00571456
0.00690344, 0.00270756
0.00787449, 0.00311018
0.0120235, 0.00351212
0.00753991, 0.000752383
0.00184965, 0.00261853
0.0105231, 0.00400876
0.0102611, 0.00266525
0.0074802, 0.00430552
0.00392529, 0.00531983
0.00569865, 0.000794295
0.00789313, 0.00205589
0.00984092, 0.00286384
0.00680612, 0.00147974
0.00398346, 0.00396114
0.00689075, 0.00587866
0.00587882, 0.00396154
0.00384255, 0.00561852
0.0064005, 0.00350336
0.00894462, 0.00284672
0.00722736, -0.00144121
0.00675714, 0.00179277
0.00687717, 0.00281792
0.0074086, 0.00148558
0.0090299, 0.00478684
0.0103503, 0.00594265
0.00544543, 0.00108072
0.00770421, 0.00465964
0.0145623, 0.00541577
0.0056892, 0.00377232
0.00435919, 0.00539839
0.00890497, 0.00519041
0.0116028, 0.00164841
0.00129459, 0.00251483
0.00458191, 0.00509045
0.00369813, -0.00189181
0.00881779, 0.00269847
0.00696029, 0.00264613
0.00268503, 0.00486582
0.00474334, 0.00565882
0.00858341, 0.00343914
0.00336532, -0.002771
0.00608482, 0.00406228
0.00614411, 0.00139421
0.00590659, 0.00110894
0.00955739, 0.00674029
0.00757664, 0.00132526
0.00474334, 0.00565882
0.00636558, 0.00139035
0.00825382, 0.00061107
0.00781587, 0.00376698
0.00468997, -0.00191753
0.00483705, 0.00299489
0.00217367, 0.000464603
0.0105254, 0.00552407
0.00571894, 0.00402882
0.00566642, 0.00412917
0.0056379, 0.00213329
0.00906007, 0.00683491
0.00578259, 0.00232709
0.00668404, 0.00303978
0.00397925, -0.000224453
0.0105156, 0.00048812
0.00762458, 0.000603267
0.0061968, 0.00158386
0.0138241, 0.0110191
0.00606426, 0.000597845
0.00641623, 0.00153002
0.0042385, 0.00596369
0.00724547, 0.00249827
0.00642277, 0.00215618
0.0114652, 0.00522877
0.00389303, -0.00018356
0.00441438, 0.00407306
0.0022367, 0.00406308
0.00728458, 0.00112156
0.00452055, 0.00643817
0.00957026, 0.00747877
0.00772332, 0.00334099
0.00439216, 0.00548684
0.00936154, 0.00513961
0.00705163, 0.00159785
0.010357, 0.00376839
0.00673989, 0.00526688
0.00357303, 0.00256219
0.00616653, 0.00543601
0.00416328, 0.00150891
0.00646237, 0.00110551
0.00435919, 0.00539839
0.00652913, -0.000280135
0.00525952, 0.000618944
0.00569787, 0.00490456
0.0052705, 0.00264059
0.00691054, 0.000296642
0.00398213, 0.00206799
0.0119242, 0.00744181
0.00583538, 0.00208107
0.00759702, 0.00263938
0.00805776, 0.00531434
0.00913277, 2.05031e-05
0.00735972, 0.00381615
0.00584919, 0.00605115
0.00555959, 0.00426739
0.00605382, -0.0014569
0.00632831, 0.00275524
0.00616399, 0.0031778
0.00376395, -0.000242409
0.0102697, 0.00622356
0.00957026, 0.00747877
0.00742052, 0.00194248
0.00950567, 0.00269006
0.00659337, 0.00233685
0.00930203, -0.000129489
0.00561167, 0.00426402
0.00221041, 0.000157003
0.00825071, 0.00595733
0.00670391, 0.00525939
0.00891861, 0.00391937
0.008561, 0.00493172
0.00784093, 0.00276699
0.0108107, 0.00574214
0.0088144, -0.0011616
0.0040329, 0.00395421
0.0144795, 0.00625735
0.00586367, 0.00113583
0.00687551, 0.000856282
0.00895958, 0.00284225
0.00675277, 0.00405248
0.00731684, 0.00158698
0.00697457, 0.00524717
0.00739685, 0.00105684
0.0114472, 0.00265483
0.00453496, 0.00358182
0.00835842, 0.00125431
0.0085865, 0.00327276
0.00817227, 0.00277165
0.00974175, 0.00690357
0.00826685, 0.00336545
0.00945146, 0.00527626
0.00669108, 0.00324461
0.00594331, 0.00192506
0.00755868, -0.00220184
0.00529933, 0.00672507
0.00197962, -0.00112438
0.00577408, 0.00073691
0.00831857, 0.00476178
0.00737619, 0.00414151
0.00246099, 0.00501381
0.0038245, 0.000612499
0.00614982, 0.00447495
0.0104928, 0.00682352
0.00420747, 0.00410076
0.00917009, 0.00267351
0.00302548, 0.00423313
0.00453473, -4.01497e-05
0.00579456, 0.00449348
0.00369629, 0.00307235
0.00882891, 0.00431791
0.0054146, 0.00502333
0.00246433, -0.00292974
0.00696202, 0.0024493
0.00270071, 0.0028443
0.00486363, 0.00227236
0.00583304, -0.00103037
0.00483088, 0.000968582
0.00974175, 0.00690357
0.00639749, 0.00434438
0.00595745, 0.00230953
0.00850836, 0.00567776
0.00445802, 0.00682244
0.00811233, 0.00199337
0.00962371, 0.00517781
0.00805895, 0.00338004
0.00497677, 0.00124717
0.013072, 0.00228541
0.0077763, 0.00335617
0.00617089, 0.00573828
0.008541, 0.00156678
0.00856264, -0.000186004
0.00714824, 0.00400989
0.00552753, 0.00235292
0.0024131, 0.00505255
0.00763404, 0.00208704
0.00852542, 0.00557277
0.00338191, 0.00361175
0.00701097, 0.00275781
0.00529286, 0.00612988
0.0134992, 0.0129613
0.00500324, 0.00187327
0.0102924, 0.00994703
0.00304023, 0.0040945
0.00820703, 0.00220461
0.00833427, -0.000829831
0.00754628, 0.00417189
0.00498268, 0.000448571
0.00159785, 0.00163042
0.00187015, 0.00241582
0.00645037, 0.00289292
0.00612259, 0.00082049
0.00603822, 0.000816508
0.00505369, 0.00414214
0.00306, 0.00337286
0.0104903, 0.00134082
0.0111831, 0.00478916
0.00617009, 0.0021816
0.00770403, 0.00107855
0.00175094, 0.00220805
0.0101303, 0.00591308
0.00533031, -0.000784856
0.00441501, 0.00406092
0.0040397, 0.00323001
0.00783752, 0.00344885
0.00574756, 0.00378965
0.00372746, 0.00132229
0.00834074, 0.0041467
0.00356902, -0.000652408
0.00380318, 0.00152801
0.00550866, 0.00464383
0.00898334, 0.00138718
0.00526703, 0.00123904
0.00942478, 0.00328055
0.00732739, 0.00280449
0.00944327, 0.00432456
0.00530799, 0.0031018
0.00334636, 0.00484069
0.00928941, 0.00569125
0.00492001, -0.00151121
0.00370708, -0.00141693
0.00200024, 0.00267383
0.00671644, 0.00150435
0.00409702, 0.00747459
0.00776749, -4.56053e-05
0.0120417, 0.00553
0.00642086, 0.00186705
0.00744266, 0.00246057
0.00804844, 0.00227057
0.00444849, 0.00459063
0.00487583, -0.00160763
0.00332475, 0.00218573
0.0105361, 0.0115337
0.00302649, 0.00297864
0.00631606, 0.000428135
0.00905944, 0.00514176
0.00658019, 0.00215997
0.00809202, 0.00210803
0.00783402, 0.00297584
0.0076916, 0.00526789
0.0108042, 0.00753227
0.00928917, 0.0013158
0.00538997, 0.00123137
0.0075294, 0.00304237
0.00912281, 0.00412235
0.0078628, -0.000437989
0.00623548, 0.00302417
0.00828974, -0.000645784
0.00946959, 0.00498356
0.00650084, -0.00117306
0.00504673, 0.00231149
0.00635224, 0.00308098
0.00753324, 0.00280864
0.00318063, 0.00120633
0.00497541, 0.00608024
0.00696966, 0.00385866
0.00628597, 0.00388134
0.00494912, 0.00181726
0.00809178, 0.00226733
0.00633109, 0.00173194
0.0036682, 0.00200853
0.0108303, 0.0050939
0.00624722, 0.0030282
0.00696601, 0.00427888
0.00727014, 0.00161987
0.00354354, 0.00213001
0.00699754, 0.00268159
0.00786112, 0.00321751
0.00792575, 0.000895599
0.00519751, -0.000313143
0.00701811, 0.00607549
0.00709422, 0.00143241
0.0067685, 0.0022043
0.00704538, 0.00301211
0.00961924, 0.00298179
0.0111144, 0.00133913
0.0103865, 0.00526097
0.00498922, 0.000929076
0.00937439, 0.0018348
0.0136503, 0.00937854
0.00574737, 0.00169668
0.00525331, 0.00451874
0.0137778, 0.00618691
0.00702217, 0.00359337
0.0116198, 0.00799038
0.0113434, 0.00639428
0.0107368, 0.00616159
0.0104756, 0.00454321
0.00667165, 0.00444955
0.00602939, 0.00136803
0.00899325, 0.00474122
0.00693392, 0.00261883
0.00652552, 0.000905846
0.00759801, 0.000302863
0.00206128, 0.00151324
0.0106686, 0.00841115
0.00631546, 0.000614344
0.00381808, 0.00243507
0.00873864, 0.00424675
0.0114403, 0.00720454
0.00762701, 0.00156454
0.00518672, 0.00432228
0.00708601, 0.00384482
0.0103836, 0.00786879
0.00634464, -0.00110977
0.00984305, 0.00357331
0.00670512, 0.00326961
0.00554552, 0.00339196
0.00384471, 0.00260098
0.00656218, 0.00451564
0.00884509, 0.00379621
0.00720608, 0.00143641
0.00686588, 0.00202762
0.00830422, 0.00518509
0.0039063, 0.00506027
0.00143759, 0.00295555
0.0102014, 0.0045043
0.00982423, 0.00386135
0.00550375, 0.000869532
0.0058322, 0.00147637
0.00387472, 0.00495209
0.00586032, 0.00406589
0.00287695, -0.00101392
0.00817216, 0.000362081
0.0077341, 0.00525071
0.0074044, 0.00153807
0.00728356, 0.00432368
0.00742227, 0.00381711
0.00918742, 0.002659
0.00489938, 0.00222967
0.00489971, 0.000330937
0.00932686, 0.00465722
0.010823, 0.00305859
0.0132391, 0.00942143
0.00795865, 0.00415377
0.0104037, 0.00375899
0.0082982, 0.00282053
0.00416581, -0.000628434
0.00371379, 0.00389729
0.00729319, 0.00455484
0.00209203, 0.00253031
0.00509152, 3.09109e-05
0.0127869, 0.00550737
0.00636868, 0.00611323
0.00954468, 0.00373609
0.00440111, 0.00532589
0.00537856, 0.00493757
0.00837299, 0.00285117
0.00653677, 0.00247526
0.0085132, 0.00544912
0.0104653, 0.00413557
0.00772027, 0.00470288
0.00417231, 0.00281672
0.00269543, 0.00221086
0.00734422, 0.00222851
0.00750467, 0.0025956
0.00387517, 0.00216217
0.00583328, -0.000825544
0.0135782, 0.00543512
0.00615268, 0.00146739
0.0135558, 0.00888382
0.0051752, -0.0011509
0.00869457, 0.000699734
0.0106561, 0.0069159
0.00739089, 0.00242098
0.0041129, -0.00169774
0.0128434, 0.0072416
0.0060283, 0.00215194
0.00901276, 0.00388903
0.00638204, 0.00305829
0.00844007, 0.0015417
0.00511345, 0.00580397
0.00709921, 0.0048229
0.00866077, 0.00213017
0.00259421, 0.000441758
0.007982, 0.00338151
0.0066029, 0.00265334
0.00763206, 0.00511134
0.00651709, 0.00325943
0.00421302, 0.000219941
0.0083336, 0.0024651
0.0063832, 0.00215576
0.0120827, 0.00922763
0.0100502, 0.00328568
0.00685068, 0.00221591
0.00603057, 0.000648254
0.00415836, 0.00155699
0.00356585, 0.0010496
0.00472008, 0.000514096
0.00838691, 0.00378328
0.00542652, 0.00547792
0.00599591, 0.00477733
0.00572349, 0.00663327
0.00547015, 0.00227814
0.00732026, 0.0042086
0.00376395, -0.000242409
0.00864023, 0.00135362
0.0044062, 0.00296892
0.0109002, 0.00226158
0.00370301, 0.00219489
0.00503725, 0.00521614
0.00361038, -0.000425248
0.0104599, 0.00542185
0.00603239, 0.00162155
0.00541395, 0.00423626
0.00922493, 0.00627499
0.00516499, 0.00126841
0.00787395, 0.00454102
0.00938759, 0.00428644
0.00601839, 0.000315642
0.00918746, 0.00420794
0.00589042, 0.00180572
0.00825406, 0.0049743
0.00281813, 0.00370512
0.00750003, 0.00367283
0.00901248, 0.00378112
0.0137686, 0.00589544
0.01092, 0.00110606
0.00535717, 0.00602573
0.00595447, 0.00137874
0.00487709, 0.000607669
0.01116, 0.0114205
0.0064216, 0.00614643
0.0139996, 0.00697334
0.00534476, 0.00190732
0.00700296, -0.000572993
0.00410847, 0.00307336
0.0066975, 0.00129361
0.00715534, 0.00125327
0.00384042, 0.00321826
0.0065108, 0.00118191
0.00630671, 0.00165677
0.0127881, 0.00504838
0.0101239, 0.00647237
0.0132523, 0.00401386
0.00882962, 0.00444686
0.0087882, 0.00462117
0.0063731, 0.00123544
0.00441749, 0.00506223
0.00759255, 0.00211752
0.00604626, -0.000894066
0.0110582, 0.00119032
0.00833643, 0.000767009
0.00629197, 0.00202353
0.00429802, 0.0015106
0.00672555, -0.000992965
0.00337972, 0.000132503
0.00812999, 0.00259486
0.0123896, 0.00578921
0.00400968, 0.00110444
0.00807828, 0.00390285
0.0108876, 0.00798486
0.00457567, 0.00234033
0.00505628, 0.00282458
0.0116318, 0.00965727
0.00373886, -0.00147925
0.00645826, 0.00369815
0.00963128, 0.0049455
0.0131751, 0.00816668
0.0065678, 0.00156161
0.00379482, -0.00178031
0.00609669, 0.00424266
0.00475736, 0.00218529
0.00385391, 0.000902809
0.00977495, -7.99516e-05
0.00762701, 0.00156454
0.00782735, 0.00205866
0.0078055, 0.00265561
0.00457897, 0.00290153
0.00841889, 0.00275175
0.00784985, 0.00251204
0.00678053, 0.00361618
0.00676884, 0.00201122
0.00521395, 0.0014305
0.00846118, 0.00382148
0.00925708, 0.00384436
0.00665842, -0.00035045
0.00841285, 0.0039969
0.00715377, 0.00252422
0.00426384, 0.00186807
0.00865609, 0.00304616
0.00772332, 0.00392641
0.00665002, 0.00436824
0.0130107, 0.0101465
0.00463478, 0.00137173
0.00489878, 0.00181008
0.00382727, 0.00188303
0.00837299, 0.00285117
0.0022487, 0.0024838
0.00940367, 0.00182079
0.00566803, 0.0044411
0.00942405, 0.0037229
0.00828098, 0.00181343
0.00568219, 0.00121115
0.0101401, 0.00430315
0.00177227, 0.000827402
0.0105585, 0.00302278
0.00320695, 0.00103731
0.0069728, 0.00228432
0.00495175, 0.00427552
0.00464553, 0.00274624
0.00414333, 0.00114906
0.0066686, 0.00466852
0.00481438, 0.000710785
0.00343835, 0.00347032
0.0124568, 0.00945933
0.00383988, -0.000173207
0.010284, 0.00994368
0.00731632, 0.00358096
0.0107622, 0.00185075
0.00605457, 0.00069142
0.00926041, 0.00761107
0.00787177, 0.000614686
0.00797364, 0.00255961
0.00698621, 0.00426677
0.00674138, -0.000948289
0.00683231, 0.00562396
0.00701683, -0.000660705
0.0114793, 0.0110732
0.00576836, 0.00490013
0.0044062, 0.00296892
0.00402282, 0.00217355
0.0054432, 0.00206869
0.00535717, 0.00602573
0.00793237, 0.00248612
0.00891378, 0.00296233
0.00497541, 0.00608024
0.00516411, 0.00147636
0.00769334, 0.00176447
0.00661715, 0.000682397
0.00783137, 0.00283447
0.00749935, 0.00162667
0.0108786, 0.00783223
0.00984343, 0.00620307
0.00684152, 0.000390353
0.00742308, -2.55515e-05
0.00761608, 0.00136106
0.00838207, 0.00546107
0.0064048, 0.00406592
0.00661751, 0.00247041
0.00798079, 0.00464856
0.0100581, 0.00511053
0.00834179, 0.000557925
0.00760122, 0.0026233
0.006226, 0.0056768
0.00685562, 0.000498417
0.00323813, -0.00142183
0.00773341, 0.000777596
0.00535173, 0.00375108
0.0044062, 0.00296892
0.00577625, 0.00236806
0.00852902, 0.0064589
0.0046551, 0.00451784
0.00512618, 0.00617667
0.00827345, 0.00321396
0.00724165, 0.00261414
0.0129322, 0.00876541
0.00878641, 0.00577861
0.00607951, 0.00254227
0.00925871, 0.00504835
0.00888707, 0.00651051
0.0136488, 0.012022
0.00858402, 0.00399267
0.00500028, 0.00122325
0.0144887, 0.00542695
0.00832021, 0.00516135
0.00918742, 0.002659
0.00765955, 0.00604151
0.00559905, 0.00649195
0.0010775, 0.000890395
0.00549302, 8.11302e-05
0.00738793, 0.000506103
0.00715137, 0.000300859
0.00382557, 0.00395934
0.00720293, 0.00398792
0.00707891, 0.00298163
0.00558157, 0.00370756
0.00835192, 0.00571496
0.0103647, 0.000981288
0.00710827, 0.00468726
0.013076, 0.00534608
0.00728335, 0.00479602
0.0107685, 0.00315119
0.00735745, 0.0041654
0.00740718, 0.00263721
0.00430197, 0.00193967
0.0078345, 0.00064079
0.00885694, 0.00442084
0.00565238, 0.00589734
0.00715414, 0.00156139
0.00675277, 0.00405248
0.00429276, 0.00552593
0.00614512, 0.00127576
0.00949423, 0.00468221
0.00625044, 0.00258275
0.00414333, 0.00114906
0.00839258, 0.00401918
0.00388052, -0.000296291
0.00745907, 0.00159881
0.00649074, 0.0042468
0.00903473, 0.00394549
0.00867781, 0.00509824
0.00646547, 0.00104403
0.00731404, 0.00220268
0.00446494, 0.00231754
0.00981468, 0.00366922
0.00983963, 0.0054445
0.00696956, 0.000357805
0.0105314, 0.00274334
0.00576304, 0.00545836
0.0113046, 0.00729198
0.00792183, 0.00202849
0.000973641, 0.000365415
0.00592264, 0.000249761
0.00493018, -4.42221e-05
0.00807407, 0.00227849
0.00597793, -0.000788937
0.00543541, 0.00388507
0.00575678, 0.00489936
0.00488243, 0.00228045
0.00670568, 0.00500135
0.00200024, 0.00267383
0.00235008, 0.00208356
0.00355839, -0.00139121
0.00657479, 0.000318561
0.00375404, 0.00236748
0.00543571, 0.0035581
0.00200024, 0.00267383
0.0121949, 0.000241682
0.00536946, 0.003125
0.00959388, 0.00473634
0.00685469, 0.00511293
0.00688306, 0.00457987
0.00527288, 0.00380043
0.0132397, 0.00405075
0.00685562, 0.000498417
0.0077544, 0.00543102
0.00833643, 0.000767009
0.00723982, 0.00361965
0.0102327, 0.00762422
0.004489, -5.73527e-05
0.00784562, 0.00223366
0.00751588, 0.00480508
0.00462199, 0.00447155
0.00568148, 0.00189522
0.00827381, 0.0023945
0.00767752, 0.00256975
0.0120119, 0.00157825
0.00751588, 0.00480508
0.00681806, 0.00152772
0.00298981, 0.00393541
0.0125783, 0.00367724
0.00583545, 0.001413
0.00703456, 0.0023764
0.00514105, 0.00105976
0.0132336, 0.0118978
0.005347, 0.00277048
0.00545213, 0.00155508
0.00718761, 0.00520525
0.0044062, 0.00296892
0.00731975, 0.00432734
0.00590099, 0.00470818
0.00741224, 0.00173097
0.015181, 0.00660274
0.0112346, 0.0073942
0.00561373, 0.00224075
0.00852684, 0.00309498
0.00803667, 0.00427296
0.00635451, 0.00253307
0.0125193, 0.00497651
0.00939397, 0.00516127
0.00376924, 0.00293407
0.00702501, 1.14654e-05
0.00607951, 0.00254227
0.00563716, 0.00115141
0.00663254, 0.00252626
0.00803529, 0.00455024
0.00503936, 0.00116352
0.00835099, 0.00289308
0.01123, 0.00677175
0.00746656, 0.00108105
0.00565273, 0.00513939
0.00331011, -0.00229491
0.00782437, 0.00554572
0.00532318, 0.00477642
0.00700093, 0.00143038
0.0139921, 0.00668836
0.0034213, 0.00450511
0.00478761, -0.000238497
0.00753381, 0.00152551
0.0128507, 0.00667372
0.00980986, 0.00325467
0.00672692, 0.00260673
0.00622712, 0.00111157
0.00914295, 0.00409819
0.00717208, 0.00373192
0.00392916, 0.00158082
0.00979777, 0.00461723
0.0100246, 0.00210177
0.00860208, 0.00123288
0.00494052, -0.00149207
0.00716183, 0.00308241
0.00967604, 0.00272228
0.00963573, 0.00530098
0.00943634, 0.00559161
0.00449035, -0.000177523
0.0113886, 0.00473908
0.00665104, 0.00444599
0.0104231, 0.00672526
0.0113536, 0.0024254
0.00797956, 0.00374483
0.00571824, 0.00579085
0.0104088, 0.00724748
0.00682133, -0.000382774
0.00780621, 0.00524065
0.00849148, 0.000997981
0.00705822, 0.00258391
0.00931011, 0.00504953
0.0062243, 0.00333819
0.00823179, 0.00532015
0.00725525, 0.00180548
0.00359747, -0.000952086
0.00520814, 0.00391709
0.0082072, 0.00658942
0.00911759, 0.00436011
0.00794358, 0.00353426
0.00551568, 0.00451049
0.00570632, 0.00427793
0.00869629, 0.00116955
0.0112962, 0.00486807
0.00685013, 0.00176149
0.00329048, 0.00404766
0.00622196, 0.00146386
0.0105149, 0.0107578
0.00451467, 0.000992539
0.00595265, 0.00452794
0.00926348, 0.00233542
0.0073442, 0.00259839
0.00679686, 0.00155733
0.00486016, 0.00229984
0.00401947, 0.00289751
0.0082426, 0.00490905
0.0065397, 0.00463767
0.00787248, 0.00428967
0.00689705, 0.00168172
0.0058117, 0.00346857
0.00736048, 0.00237238
0.00688348, 0.00163771
0.00514899, 0.00255777
0.0102246, 0.00276386
0.00541587, 0.00290916
0.00713127, 0.000600299
0.00256388, 0.00352573
0.00628105, 0.00212754
0.00654992, 0.00261954
0.00327339, 0.00369927
0.0101214, 0.00528226
0.00770312, 0.00120758
0.00274917, 0.00465038
0.0045962, 0.00136459
0.00443405, 0.00117349
0.00508481, -0.00132153
0.00631171, 0.00159644
0.0088823, 0.00700696
0.00315873, -0.00100407
0.0010703, 0.000629337
0.00577527, -0.00189882
0.0065742, 0.00188408
0.00465935, 0.00536684
0.00605895, 0.00242813
0.0035947, 0.000254188
0.00918157, 0.000145833
0.00952746, 0.00702669
0.00954488, 0.00749921
0.00852542, 0.00557277
0.00595094, 0.00167847
0.00884662, 0.00556663
0.00746881, 0.00477997
0.008605, 0.000211857
0.00729803, 0.00302411
0.00281064, 0.00410168
0.0101149, 0.00308082
0.00306075, 0.000691501
0.00794105, 0.00250456
0.00797721, 0.00354258
0.00708859, 0.00303496
0.0117753, 0.00402623
0.00187467, -0.0013843
0.00945046, 0.00383402
0.00662885, -0.000169312
0.0094415, 0.000658804
0.00565847, 0.00326736
0.00806502, 0.00251699
0.00647357, 0.00302901
0.0107998, 0.0113776
0.0067801, 0.00227406
0.00481516, 0.000939238
0.00707258, 0.00364609
0.00684732, 0.00174391
0.00913081, 0.00354673
0.0132683, 0.00409259
0.00715061, 0.00267941
0.00779488, 0.00161264
0.0087763, 0.00418685
0.00635823, 0.00274277
0.00833469, 0.00280851
0.00260095, 0.00345467
0.0109597, 0.00673816
0.00881031, 0.000136364
0.0112395, 0.00481219
0.00859205, 0.00179744
0.00553886, 0.00215307
0.00457335, 0.00166769
0.00670568, 0.00500135
0.00905873, 0.00360831
0.00854322, 0.00152231
0.00996412, 0.00508808
0.00771319, 0.00220922
0.0115414, 0.00751881
0.00623354, 0.0016868
0.0106011, 0.00449244
0.00595745, 0.00230953
0.00611561, -0.00027606
0.00745198, 0.00168492
0.00655695, 0.000578415
0.00888537, -0.000270106
0.00514593, 0.00199863
0.00773626, 0.00119963
0.00481874, 0.000732483
0.00667987, 0.00234408
0.00700587, 0.0016477
0.00955597, 0.000949586
0.00494864, 0.00341095
0.00744738, 0.00490339
0.0105293, 0.00591528
0.00973867, 0.00208614
0.0084589, 0.00305539
0.00860476, 0.0019585
0.0104894, 0.00512354
0.00869421, 0.00131664
0.00703814, 0.00179938
0.0065541, 0.004246
0.00958694, 0.00365035
0.0106563, 0.00702275
0.00625868, 0.00111745
0.00484436, 0.00578364
0.00738159, 0.00323606
0.0107428, 0.0073926
0.0132524, 0.00599022
0.00588989, 0.00431409
0.00566404, 0.00129794
0.00701126, 0.00268579
0.00398799, 0.00385835
0.00633764, 0.0030489
0.00838691, 0.00378328
0.00561243, 0.00161395
0.0107188, 0.00244585
0.00576252, -0.000715604
0.00882821, 0.0054335
0.00962482, 0.00397258
0.00492001, -0.00151121
0.0091982, 0.00415656
0.015521, 0.00840459
0.00744017, 0.00237363
0.00520475, 0.00398144
0.00757655, 0.00275039
0.00685985, 0.00565296
0.00617529, 0.00413
0.00122027, 0.00123612
0.00607583, 0.000562059
0.00780929, 0.00322084
0.00685843, 0.00352656
0.00773653, 0.00357833
0.00734475, 0.00425506
0.00961067, 0.004
0.00518282, -0.000182696
0.0109221, 0.0100035
0.00924586, 0.00506383
0.012718, 0.00263957
0.00828643, 0.00169893
0.00725588, 0.00323903
0.0044073, -0.00168072
0.00348776, 0.00240857
0.0083428, 0.00224327
0.00612685, 0.00145487
0.0141916, 0.00654472
0.00583731, 0.00145659
0.00667891, -0.00149426
0.00652579, 0.00421956
0.0045329, 0.00177732
0.00600461, 0.000998435
0.0094265, 0.00340332
0.00464664, 0.00182803
0.00492278, 0.00240246
0.00586231, 0.000820672
0.00731898, 0.00306256
0.00656138, 0.00154098
0.00734563, 0.00469033
0.0049363, 0.00181929
0.00853297, 0.000870521
0.00937665, 0.00703949
0.00833643, 0.000767009
0.00821276, 0.00327558
0.00921934, 0.00360536
0.0106563, 0.00702275
0.00343031, 0.00347698
0.005597, 0.000751205
0.00455618, 0.000759683
0.0064283, 0.0011927
0.00448286, 0.00168167
0.00424333, 0.00638616
0.00903159, -0.000193727
0.0063724, 0.00335217
0.012489, 0.00653404
0.00590116, 0.00644328
0.00424696, 0.00365494
0.00679502, 0.00256201
0.00769198, 0.00182337
0.00909999, 0.00411344
0.011147, 0.00527841
0.00931011, 0.00504953
0.0107637, 0.00439932
0.00387582, -0.000691817
0.0041248, -0.000634352
0.00233159, 0.0026438
0.00515896, 0.00136091
0.00948344, 0.00280592
0.00534238, -0.00114043
0.00791772, 0.00417858
0.00680908, 0.000178194
0.00631777, 0.00317807
0.00579836, 0.0054462
0.0100743, 0.00544397
0.0012558, 0.000143325
0.00565403, 0.00203613
0.00567419, 0.0021184
0.00697232, 0.00257875
0.00955845, 0.00222488
0.0129467, 0.00887705
0.00526912, 0.00262646
0.00747482, 0.00178376
0.00778267, 0.00158315
0.00633343, 0.00280105
0.00355119, -0.00281738
0.00676268, 0.00148067
0.00616535, 0.00708704
0.00475771, -0.00110932
0.00697505, 0.0016157
0.00714382, 0.00167195
0.0104663, 0.000975611
0.0122737, 0.00646636
0.00953032, 0.00731848
0.00226893, -0.000915439
0.00393675, 0.00400876
0.00647375, 0.00455545
0.00998307, 0.00299236
0.010658, 0.00331673
0.00789313, 0.00205589
0.00549918, -0.000518206
0.00452678, 0.00186524
0.0100994, 0.00778401
0.00437259, 0.000180857
0.0101668, 0.0054126
0.0120256, 0.00623232
0.00596667, -0.000652066
0.0034572, 0.00103702
0.00704485, -0.0012012
0.010293, 0.00506849
0.00526245, 0.00493526
0.00785723, 0.00291371
0.00612328, 0.000364686
0.00556837, 0.00372563
0.011181, 0.0122129
0.0079887, 0.00243879
0.005257, -0.00104245
0.00385993, 0.00379781
0.00888359, 0.0041979
0.00298981, 0.00393541
0.00571903, 0.000851749
0.0099001, 0.00168963
0.00583607, 0.00131946
0.00129459, 0.00251483
0.00518499, 0.00400664
0.0148084, 0.00931436
0.0101753, 0.00508598
0.00560851, 0.00148208
0.00993033, 0.00277167
0.00824308, 0.00265414
0.0103092, 0.0112363
0.0100892, 0.00438062
0.00683776, 0.00167632
0.00402402, 0.00162105
0.00374824, 0.000432027
0.00662294, 0.004183
0.00617185, 0.00490428
0.0100547, 0.0040422
0.0119009, 0.00848877
0.0072934, 0.00185049
0.00436657, 0.00142106
0.0108562, 0.00256591
0.00751588, 0.00480508
0.00719176, -0.000619109
0.0055922, 0.00456067
0.00634131, 0.0045829
0.0080822, 0.00053213
0.00862966, 0.00080111
0.00912405, 0.0044756
0.00920616, 0.00683853
0.00423511, 0.0045169
0.00582428, 0.00331173
0.00526222, 0.00391671
0.0116146, 0.0064292
0.00645983, 0.00236587
0.00722867, 0.00376669
0.00414333, 0.00114906
0.0101484, 0.00469789
0.00344606, 0.00375786
0.00952297, 0.00382055
0.0084925, 0.00138546
0.00374782, 0.00229313
0.00299371, 0.000795113
0.00882811, -0.000241919
0.00433924, 0.00180878
0.00488784, 0.00199046
0.00479438, 0.0022168
0.00686299, 0.00445061
0.00527731, -0.000728063
0.00422064, 0.000485896
0.00769194, 0.00528485
0.00654852, 0.00502176
0.00795661, 0.0038638
0.0105807, 0.0115125
0.00367169, 0.00213371
0.00908319, 0.0014514
0.00609122, 0.00163606
0.00950211, 0.00313119
0.0046839, 0.000438461
0.00488317, 0.00445832
0.0056106, 0.00162899
0.0065865, 0.00328911
0.00594047, 0.000756673
0.00352127, 0.00195295
0.00610049, 0.00400379
0.0101317, 0.00557491
0.00607011, 0.00283354
0.0035152, 0.00401586
0.00312341, 0.00254541
0.0084095, 0.00222552
0.00475513, 0.00417055
0.0071238, 0.00462202
0.00549836, 0.00176545
0.0036682, 0.00200853
0.00697955, 0.00448545
0.00741945, 0.00365136
0.00625562, 0.0032062
0.00632925, 0.00399491
0.00679079, 0.00410133
0.00752758, 0.00159414
0.00722031, 0.0021571
0.00540077, 0.00087526
0.00384042, 0.00321826
0.00843038, 0.00256735
0.00582063, -0.000936646
0.00675958, 0.00227106
0.00827255, 0.000636058
0.00492001, -0.00151121
0.00413056, 0.0054624
0.00403291, 0.00135762
0.00314169, 0.00289184
0.00368335, 0.00340631
0.00320272, 0.00270475
0.0136184, 0.00476343
0.00356427, 0.00212895
0.00687427, 0.00234762
0.00975585, 0.00295499
0.00873467, 0.00606276
0.0066384, 0.000119438
0.0104321, 0.00178964
0.0144274, 0.00512599
0.00862893, 0.000954143
0.00554492, 0.00367284
0.0116723, 0.00593783
0.00204559, 0.00109766
0.00349987, 0.00231805
0.0090253, -3.373e-05
0.0106442, 0.00486286
0.00647348, 0.000625259
0.00826845, 0.00186246
0.00819876, 0.000154889
0.00330678, 0.000264694
0.00632507, 0.00361619
0.00697338, 0.00435443
0.00328888, 0.00330525
0.0111259, 0.0121893
0.005464, 0.00116403
0.0080909, 0.00257622
0.00933, 0.00371915
0.0106451, 0.00521302
0.00312564, 0.00429714
0.00170661, 0.00220179
0.00484078, 0.00705144
0.00646065, 0.00466865
0.00729303, 0.00374938
0.00529167, 0.00106908
0.00466328, 0.00123825
0.00599917, 0.00396574
0.00834276, 0.00585243
0.0066651, 0.00246242
0.00787914, 0.00454059
0.00773675, 0.00404008
0.00681807, 0.0042083
0.00668916, 0.00320393
0.0066521, 0.00322704
0.00855186, 0.00188253
0.00500324, 0.00187327
0.00782735, 0.00205866
0.00738726, 0.00151696
0.0102248, 0.00179118
0.00986097, 0.00344448
0.00199625, 0.00188308
0.00694353, 0.00186694
0.005147, 0.00226751
0.00643693, 0.00234494
0.00446394, 0.00387084
0.00548982, 0.0044708
0.0049893, -0.00182378
0.00921049, 0.00264634
0.00384042, 0.00321826
0.00580078, 0.0055576
0.00147352, 0.00200474
0.00553213, 0.00188225
0.00272911, 0.000391723
0.0131674, 0.00638813
0.00619441, 0.00372129
0.00729169, 0.00419989
0.0075587, 0.00405608
0.013057, 0.00708827
0.0140696, 0.0106063
0.00580061, 0.00365213
0.00558167, 0.00505807
0.00327026, 0.00202627
0.00184375, 0.00102744
0.00879585, -0.000986044
0.00710635, 0.000102247
0.00593087, 0.00526442
0.0111873, 0.00902205
0.00437882, 0.00649121
0.00456414, 0.00527977
0.00562263, 0.00254949
0.00541587, 0.00290916
0.00161581, 0.00278201
0.00634481, 0.00149626
0.00934039, 0.00299604
0.00414054, 0.00233218
0.00523076, 0.00401108
0.00424753, 0.00392473
0.0097695, 0.000781732
0.00576073, 0.00461417
0.0106773, 0.000234343
0.00811962, 0.00213626
0.00486424, 0.00304296
0.0120558, 0.00925643
0.00619011, 0.00177043
0.011295, 0.00643913
0.00600281, 0.00592172
0.00693054, -0.000386287
0.00250712, 0.00486389
0.00397398, 0.00234175
0.00750777, 0.00192621
0.0125401, 0.00760291
0.00984257, 0.00573025
0.00514066, 0.00210561
0.00247701, 0.00455718
0.00606318, 0.000930832
0.0066307, 0.00402626
0.0104346, 0.00341228
0.0068949, 0.00341118
0.00526026, 0.00296392
0.00951024, 0.00487934
0.00900908, 0.00211822
0.00709494, 0.00473665
0.0121204, 0.0058051
0.00859061, 0.00325468
0.00764915, 0.00292761
0.00205692, 0.00257477
0.0088586, 0.00353899
0.00549549, 0.00220396
0.00708161, 0.00158112
0.00771629, 0.00207384
0.00617806, 0.000343177
0.00763192, 0.00288423
0.0079433, 0.00234929
0.00739907, 0.00335197
0.00344219, -0.000297216
0.00919206, 0.00168233
0.00714942, 0.00481013
0.00762701, 0.00156454
0.00205437, 0.00121508
0.00508761, 0.000983473
0.00595629, 0.00439816
0.00675277, 0.00405248
0.00373757, 0.00244921
0.00576304, 0.00545836
0.00651489, 0.00143672
0.00726052, 0.00329595
0.0120727, 0.00509137
0.00729206, 0.0024193
0.00274526, 0.00536897
0.00727894, 0.00311811
0.0067144, 0.00116152
0.00368979, -0.000278159
0.00614512, 0.00127576
0.0117676, 0.00553407
0.00578204, 0.00354125
0.00433323, 0.00619928
0.00739907, 0.00335197
0.00710756, 0.00682695
0.00218518, 0.00207702
0.00958377, 0.00530257
0.00731972, 0.00345012
0.0103707, 0.00201347
0.00374142, 0.0057442
0.00833643, 0.000767009
0.00369177, 0.00446193
0.00974175, 0.00690357
0.00829726, 0.000164538
0.00552723, 0.000199542
0.00517027, 0.00391702
0.00352528, -0.000903378
0.00617806, 0.000343177
0.00685564, 0.00450002
0.0114599, 0.00260733
0.0125675, 0.00950178
0.00535271, -0.000808899
0.00895374, 0.00384843
0.00344923, -0.00277202
0.00416328, 0.00150891
0.008073, 0.00038588
0.00481601, 0.00208005
0.012389, 0.00178309
0.0109068, 0.0028213
0.00819364, 0.00497979
0.00596144, 0.00177864
0.00719711, 0.00239539
0.00637053, 0.00298695
0.0108102, 0.00473369
0.00610064, 0.000971593
0.00812449, 0.00267056
0.0038842, 0.00207955
0.0106988, 0.000197609
0.00847015, 0.0042257
0.00447994, 0.00174758
0.00685924, 0.000219551
0.00750328, 0.00215271
0.00518685, -0.000755552
0.0121677, 0.00211419
0.00425568, 0.00160578
0.00999033, 0.00437896
0.00424283, 4.1112e-05
0.00688122, 0.00247235
0.00806067, 0.00386614
0.00618109, 0.00578425
0.00280527, 0.00233702
0.00374506, -0.00130828
0.00501027, 0.00317469
0.0056438, 0.00164979
0.00650031, 0.00203476
0.00821509, 0.00223309
0.00996143, 0.00328318
0.00688348, 0.00163771
0.00732763, 0.00179074
0.00581852, 0.0013419
0.00612379, 0.00566778
0.00423511, 0.0045169
0.00699704, 0.00388444
0.00464599, 0.0013104
0.00241408, 0.000702269
0.00733555, 0.00325316
0.00873767, 0.0053815
0.00608138, 0.0027496
0.00569043, 0.00661832
0.00722386, 0.0027147
0.00480045, 0.00429253
0.00702322, -0.000517035
0.0104959, 0.000987159
0.00447072, 0.00641525
0.00378491, 0.0021688
0.00636911, 0.000874611
0.00570275, 0.0041024
0.00894833, 0.000408074
0.0105657, 0.00469248
0.00376283, 0.00144674
0.00752341, 0.00211184
0.00581022, 0.00558439
0.00975913, 0.00309267
0.00473569, 0.0045755
0.00588354, 0.00136689
0.00464156, 0.00131839
0.00514899, 0.00255777
0.00503936, 0.00116352
0.00299889, 0.00165026
0.00977501, 0.000241996
0.00963387, 0.00059908
0.00699013, 0.00428241
0.00826062, 0.0060208
0.00503969, 0.00627093
0.00678053, 0.00361618
0.0120248, 0.00272526
0.00325113, 0.00404485
0.00746976, 0.00197823
0.00684881, -0.000929338
0.00566542, 0.00432654
0.00595396, 0.000340619
0.00985628, 0.00520582
0.00635555, 0.00262666
0.00682057, 0.00217266
0.0052439, 0.00590867
0.00786541, 0.00137027
0.00499773, 0.00234333
0.0042894, 0.00149252
0.0072795, -0.000748414
0.00774054, 0.00593033
0.00387803, -0.000591352
0.0103865, 0.00534314
0.00938198, 0.00399078
0.00985451, 0.00895576
0.0068084, 0.00397902
0.00568501, 0.0014137
0.0145091, 0.00644853
0.0104541, 0.00673841
0.0109301, 0.00287544
0.00129459, 0.00251483
0.00740673, 0.00324676
0.00745563, 0.0025058
0.0129251, 0.00600788
0.0044524, 0.00274655
0.00627122, 0.00310244
0.0056777, 0.00200413
0.00968789, 0.00546842
0.0106251, 0.00957449
0.0083942, 0.00235771
0.0075259, 0.00123839
0.00904204, 0.00521406
0.00811846, 0.00578103
0.00628433, 0.000827796
0.00714219, 0.0017827
0.00695518, 0.00622907
0.00638683, 0.00464453
0.00605315, 0.00577523
0.00825007, 0.00273403
0.00727777, 0.00158673
0.00781344, 0.0028833
0.00769198, 0.00182337
0.011048, 0.0093206
0.0123678, 0.00530148
0.00467779, -0.00148683
0.00177275, 0.00234039
0.00641909, 0.00311801
0.00799729, 0.00154239
0.006132, 0.00289078
0.00620045, 0.00420213
0.00848178, 0.00533867
0.00685685, 0.00469415
0.00678001, 0.00137572
0.00281813, 0.00370512
0.00716183, 0.00308241
0.00740222, -0.00135688
0.0068057, 0.00298325
0.00697232, 0.00257875
0.00807881, 0.000338901
0.00535041, 0.0015127
0.00497541, 0.00608024
0.0128048, 0.00868074
0.00657453, 0.00361322
0.00871457, 0.00815891
0.00271925, 0.0021869
0.00338087, 0.00657569
0.00715365, 0.00304267
0.00485695, 0.00227976
0.0128501, 0.00667371
0.0083066, -0.000280973
0.00682583, 0.00477219
0.00462359, 0.00306355
0.00778883, 0.0016349
0.00595434, -0.00240084
0.000604996, 0.000549906
0.00875557, 0.00205203
0.00490318, 0.000447696
0.00673562, 0.00141642
0.00702395, 0.00177714
0.0077354, 0.00554388
0.010329, 0.00348748
0.00708859, 0.00303496
0.00743369, 0.00387159
0.00926296, 0.00293519
0.00594717, 0.00459882
0.00542852, 0.00445044
0.00501771, 0.00469454
0.0036682, 0.00200853
0.00138974, 0.00249419
0.00406439, 0.00470071
0.00956051, 0.00286928
0.0126648, 0.00462556
0.00713484, -0.000764249
0.00301297, 0.000921435
0.00318745, -0.00106026
0.00697276, 0.00298554
0.00537751, 0.0041172
0.0106707, 0.00214192
0.00230265, 0.00318452
0.00431332, 0.00132645
0.00804797, 0.00443523
0.00402629, 0.00162999
0.00644672, 0.00432519
0.00509145, 0.00374774
0.00527731, -0.000728063
0.00505628, 0.00282458
0.0109443, 0.00804176
0.00734786, 0.0033847
0.00498913, 0.000224559
0.00514899, 0.00255777
0.00443975, 0.00446833
0.0067685, 0.0022043
0.00737206, 0.000238329
0.00875292, -0.00135208
0.00664729, 0.00276558
0.0115197, 0.00680336
0.00919438, 0.00158793
0.00884045, 0.000185697
0.00581343, -0.000403835
0.00332475, 0.00218573
0.00370937, 0.00101826
0.00833643, 0.000767009
0.00637153, 0.00167459
0.00613086, 0.00260026
0.00689202, 0.00269584
0.00635555, 0.00262666
0.00969925, 0.00473154
0.00633184, 0.00561983
0.00694221, 0.000334049
0.00794823, 0.000582647
0.0131695, 0.0030348
0.0054909, 0.00144028
0.00954739, 0.00630988
0.00718772, 0.00240637
0.00197211, 0.00102331
0.00770885, 0.00241382
0.00374854, 0.00473127
0.0049523, 0.00472302
0.00412124, 0.00502344
0.00698775, 0.00165977
0.00796951, 0.00363935
0.00203849, 0.00291908
0.00706799, 0.00180483
0.011494, 0.00973225
0.00566678, 0.00354653
0.0123427, 0.0129093
0.00514428, -0.000482228
0.00899366, 0.000811837
0.00489938, -0.00231495
0.00762544, 0.00581861
0.00798687, 0.0040656
0.00647434, 0.000706895
0.00307396, 0.0052217
0.00479302, 0.00206992
0.0125303, 0.00941407
0.00510969, -0.00208282
0.00522554, 0.00685988
0.00511393, -0.00198527
0.00882821, 0.0054335
0.00555568, 0.00345106
0.0111036, 0.009136
0.00669147, 0.00488786
0.00963718, 0.00319631
0.00805023, 0.00516252
0.00712672, -0.000889453
0.00709213, 0.00176262
0.0102963, 0.00192412
0.0114735, 0.00490187
0.00644937, 0.00379777
0.00423511, 0.0045169
0.00754535, 0.000858731
0.00791388, 0.00481936
0.00354581, 0.00351991
0.0044062, 0.00296892
0.00701383, 0.00288051
0.00579032, -0.00098803
0.0102779, 0.00382051
0.0104719, 0.00394364
0.00683825, 0.00115795
0.00552467, 0.00326205
0.00987486, 0.009649
0.00538186, 0.00274733
0.00871378, 0.00471065
0.00774371, 0.00372852
0.00733436, 0.00238567
0.00549385, 0.00392613
0.00482816, 0.00176718
0.0104026, 0.00460103
0.00492891, -0.00179648
0.0069815, 7.59027e-05
0.00681987, 0.00342449
0.0135409, 0.0123683
0.00475333, 0.0035594
0.00482072, 0.00122638
0.00431161, -0.000987303
0.00499336, -0.00135837
0.00699493, 0.00300158
0.00988504, 0.00328024
0.0046384, 0.00180461
0.0062944, 0.00498884
0.00806626, 0.0022608
0.00682057, 0.00217266
0.0106033, 0.00190582
0.00281839, -0.00119999
0.0121385, 0.00715444
0.00803465, 0.00410902
0.00298769, 0.00339186
0.00944327, 0.00432456
0.00942497, 0.00688
0.00777667, 0.00480365
0.00605378, 0.00447489
0.0102406, 0.00884128
0.0105293, 0.00520659
0.00500324, 0.00187327
0.00686523, -0.00105546
0.0038483, 0.000586151
0.0105848, 0.00802986
0.0113426, 0.0110308
0.0074088, 0.000620905
0.00706551, 0.00477452
0.00829789, 0.00601228
0.00975239, 1.7897e-05
0.00366912, -0.00145005
0.00603239, 0.00162155
0.00759021, 0.00237623
0.00722035, 0.00142751
0.00363172, 0.00267391
0.00773497, 0.00444458
0.00941055, 0.00795913
0.0074323, 0.00169715
0.00622428, 0.00104463
0.00933884, 0.00189252
0.00626009, 0.00515547
0.00526505, 0.00288478
0.00606893, -0.000913694
0.00486363, 0.00227236
0.00637748, 0.00124067
0.011407, 0.00151331
0.0113923, 0.00731
0.00631388, 0.000506141
0.0051426, 0.000437194
0.003992, 0.0021751
0.00632327, 0.00565351
0.00740612, 0.00483597
0.00512843, 0.000706213
0.0121662, 0.00739166
0.00623225, 0.00069728
0.00553275, 0.00428265
0.0139721, 0.00680272
0.0105644, 0.00636942
0.00806451, 0.00237894
0.0068245, 0.00154217
0.00468363, -0.00189332
0.00793007, -5.67268e-05
0.00954064, 0.00741944
0.0110864, 0.00180393
0.0115076, 0.00698951
0.012643, 0.0114721
0.00677239, 0.00234964
0.00934225, 0.00709449
0.00328793, -0.00179138
0.00528303, 0.00394426
0.0144301, 0.00628139
0.00728143, 0.00501841
0.00740354, 0.00235792
0.00789561, 0.0013227
0.00246099, 0.00501381
0.00632178, 0.00320245
0.0049412, 0.00359836
0.00716611, 0.00230487
0.00433992, 0.00644958
0.00481546, 0.00458884
0.00932409, 0.00664034
0.0029571, 0.00207857
0.0112902, 0.00586543
0.0120314, 0.00339444
0.00936239, 0.0018514
0.00768083, 0.00226193
0.00843104, 0.00575598
0.00372404, 0.00463043
0.00880441, 0.00250138
0.0104258, 0.00484821
0.0088739, 0.00292098
0.00818597, 0.00421569
0.00660972, 0.00218218
0.00634481, 0.00149626
0.00447922, 0.00432599
0.00433284, 0.00138115
0.0104434, 0.00555151
0.00419515, -3.46225e-05
0.0102311, 0.00396234
0.0109148, 0.00627398
0.0071052, 0.00307894
0.00743639, 0.00407503
0.009307, 0.00726346
0.0098708, 0.00617105
0.0090305, 0.00226616
0.00708859, 0.00303496
0.00860602, 0.00466257
0.0110081, 0.00548812
0.00640422, 0.0050169
0.00856652, 0.00573347
0.00535995, 0.00283684
0.00695718, 0.0035448
0.00349994, 0.00258588
0.00493251, -0.000941321
0.0066521, 0.00322704
0.00464165, 0.00329546
0.00498231, 0.00223332
0.0150913, 0.0078173
0.00522874, 0.000966316
0.00748819, 0.00281012
0.00604192, 0.00109631
0.00790707, 0.00210456
0.00461447, 0.00524232
0.00600197, 0.00357256
0.00458499, 0.00212996
0.00553379, 0.00419812
0.0138179, 0.00518114
0.00799368, 0.00371362
0.00771629, 0.00207384
0.00393347, -0.00193085
0.00500797, 0.00709364
0.00697232, 0.00257875
0.00680284, 0.00557167
0.00982879, 0.00524616
0.00592427, 0.00241249
0.00896529, 0.0015474
0.00357843, 0.00351573
0.010382, 0.0022664
0.0078287, 0.00196869
0.00709569, 0.00127595
0.00439252, 0.00480819
0.00921571, 0.00727279
0.00753647, 0.0027049
0.00595557, 0.00418609
0.0108051, 0.0115626
0.00260946, 0.00284613
0.00553644, 0.00140873
0.00524719, 0.00164352
0.00690281, 0.00380969
0.00490083, 0.00320068
0.00875349, 0.00642071
0.00763436, -0.00113982
0.0050092, 0.0015001
0.00812591, 0.00213734
0.00724264, 0.00163495
0.00154442, 0.00214316
0.00910267, 0.0046943
0.00715591, 0.00234681
0.00575674, 0.000637109
0.00555436, 0.000259475
0.00883532, 0.00348035
0.00751326, 0.00311638
0.00787053, 0.00360697
0.00576304, 0.00545836
0.00687638, 0.00557665
0.0078865, -0.0015661
0.00384685, 0.000560964
0.0071213, 0.00311188
0.0118787, 0.00675754
0.0106825, 0.00689987
0.00414825, -0.000381967
0.00545162, -0.000843591
0.00447502, 0.00387868
0.00368335, 0.00340631
0.00531648, 0.00291738
0.00453112, 0.00513197
0.00796353, 0.00392622
0.00835408, 3.55111e-06
0.00789975, 0.00585345
0.009008, 0.00283918
0.00755919, -0.000131577
0.01092, 0.00110606
0.00143759, 0.00295555
0.00759938, 0.00127413
0.00927642, 0.00280877
0.00597506, -0.00098886
0.00633764, 0.0030489
0.0103727, 0.0101304
0.00814502, 0.00210289
0.00528578, 0.00385763
0.00655536, 0.000235623
0.00349776, 0.00155548
0.00397419, 0.00240116
0.00598719, 0.00537437
0.012507, 0.00371385
0.00484609, 0.00703954
0.0039191, 0.00594228
0.00622116, 0.00472844
0.00169948, 0.000769099
0.00505111, 0.000846693
0.00829789, 0.00601228
0.00727487, 0.00488144
0.00514899, 0.00255777
0.00370937, 0.00101826
0.00766443, 0.00257054
0.0123427, 0.0129093
0.0113511, 0.00640032
0.0071974, 0.00146056
0.00526119, 0.00230991
0.00414333, 0.00114906
0.00615671, 0.000834616
0.00615087, 0.000980043
0.00776009, 0.00370664
0.00768706, 0.00329119
0.011103, 0.00909058
0.00397925, -0.000224453
0.0042915, 0.000204284
0.0107502, 0.0053335
0.00703916, -0.00113485
0.00462458, 0.00512408
0.00708519, 0.00164986
0.00634523, 0.00379738
0.00719649, 0.000673977
0.0129322, 0.00876541
0.00487169, 0.00131437
0.00910267, 0.0046943
0.0118186, 0.00894056
0.0104579, 0.00433163
0.00484609, 0.00703954
0.00243066, 0.00404305
0.00671646, 0.00126078
0.00385008, 0.00211358
0.00627756, 0.00101556
0.00980762, 0.00144082
0.00894657, 0.000781093
0.00642403, 0.000446624
0.00530955, 0.00244817
0.00524404, 0.00293672
0.00645069, 0.00211939
0.00693016, -0.00066706
0.00682389, -0.000624844
0.00800917, 0.00413238
0.0044062, 0.00296892
0.00456046, 0.00186073
0.0105437, 0.00253914
0.00926041, 0.00761107
0.00909695, 0.00470609
0.00684137, 0.00393969
0.0041359, 0.00641173
0.00221355, 0.0019415
0.00426038, 0.00276191
0.00831124, 0.00327838
0.00554708, 0.00432316
0.00638114, 0.0035716
0.007393, 0.00136745
0.00834441, 0.00204556
0.00127819, 0.00122014
0.00540456, 0.000485388
0.00840097, 0.00469572
0.00486531, -0.000222232
0.0114089, 0.00906039
0.00863207, 0.00627118
0.0127081, 0.00677909
0.0036682, 0.00200853
0.0113747, 0.00518773
0.00284131, 0.00347806
0.00727333, 0.00984097
0.0049112, 0.00232162
0.00594783, 0.00367272
0.00305877, 0.00553229
0.0111976, 0.00390722
0.00614573, 0.00211906
0.0123223, 0.00284191
0.0036682, 0.00200853
0.00559063, 0.0026505
0.0088653, 0.00318825
0.00474017, -0.00284313
0.0050076, 0.00478884
0.00660597, 0.00282943
0.00386114, -0.00183068
0.00940063, 0.00163943
0.0080716, 0.00383365
0.00542672, 0.0021309
0.0131588, 0.00821466
0.00643474, 0.00280882
0.0101945, 0.00491987
0.00730651, 0.00463252
0.00951024, 0.00487934
0.0110598, 0.00470556
0.00872473, 0.000910292
0.00497078, 0.00416225
0.00679258, 0.00547974
0.00367343, 0.00190894
0.00701341, 0.00476107
0.00880434, 0.00291745
0.00792643, -0.00112322
0.00672174, 0.000321622
0.00678053, 0.00361618
0.0145609, 0.005333
0.006621, 0.000342094
0.00476564, 0.00323321
0.00817796, 0.00419625
0.00444723, 0.00247431
0.00607951, 0.00254227
0.00451158, -0.00183653
0.00583195, 0.00133222
0.00608512, 0.0070585
0.00782418, 0.00334646
0.00306812, 0.00277135
0.00282386, 0.000858029
0.00617728, 0.00225722
0.00398799, 0.00385835
0.00746846, 0.00524752
0.00558157, 0.00370756
0.0054432, 0.00206869
0.007527, 0.00409181
0.00395326, 0.00163887
0.00792417, 0.00327133
0.00580702, 0.0022353
0.00398213, 0.00206799
0.00768382, 0.00333404
0.00788104, 0.00479409
0.0105947, 0.00681097
0.00583731, 0.00145659
0.00882249, 0.00333219
0.0024776, 0.00417931
0.00768687, 0.00223442
0.00691466, 0.00315328
0.00545631, 0.00593209
0.00598143, 0.00460952
0.00542046, 0.00448837
0.0070376, 0.00178322
0.00332458, 0.000917057
0.00477119, -0.000208388
0.00701335, 0.0044485
0.0053151, 0.00311564
0.00774506, 0.00320216
0.0062692, 0.00240252
0.00634604, -0.000909057
0.00456979, -0.000793894
0.00855167, 0.0028383
0.00625237, 0.00475928
0.00444829, 0.00102666
0.00595156, 0.0036845
0.00392208, 0.00642975
0.00618736, 0.00424943
0.00611584, 0.00152182
0.0120212, 0.0032763
0.00830623, 0.00516881
0.00559699, 0.00451789
0.00609039, -0.00207614
0.0024075, 0.00134923
0.00564199, 0.000267327
0.00476368, 0.0036834
0.00622144, -0.000996457
0.00694353, 0.00186694
0.0103804, 0.000441261
0.007586, 0.00257656
0.00626177, 0.000429294
0.00846274, 0.00168345
0.00481177, 0.00705148
0.0100039, 0.00457883
0.0107771, 0.00606509
0.00524665, 0.00149488
0.00444626, 0.00369553
0.00682757, 0.00493768
0.00500773, 0.00101237
0.00764093, 0.00333763
0.00558153, 0.000959561
0.00817693, 0.0026039
0.00573177, 0.00400232
0.00471802, 0.00103906
0.00928823, 0.00259325
0.00537794, 0.00521296
0.00970844, 0.00406228
0.00703227, 0.00156831
0.00858243, -0.000227825
0.00570166, 0.00456584
0.00830361, 0.00328928
0.0103171, 0.00554893
0.00441501, 0.00406092
0.0035921, 0.00257383
0.00423511, 0.0045169
0.00543344, -0.000689116
0.00663254, 0.00252626
0.00551292, 0.004483
0.00891957, 0.0053583
0.0103259, 0.00316589
0.00886855, 0.00509781
0.00771319, 0.00220922
0.0103088, 0.00175512
0.00894945, 0.000157251
0.00600775, 0.00557079
0.00515364, 0.00288442
0.00845465, 0.00674462
0.00419838, -0.00101126
0.0079187, 0.00257252
0.0117529, 0.00820552
0.00808574, -0.001297
0.00613931, 0.000458167
0.00791636, 0.000165027
0.00451158, -0.00183653
0.0078697, 0.00245414
0.0069057, 0.00361915
0.00531654, 0.00483043
0.00751588, 0.00480508
0.00501214, 0.00465363
0.00510389, 0.00215266
0.00909171, 0.00617104
0.00358257, -0.00270674
0.00129459, 0.00251483
0.00521953, 0.000794043
0.00541101, 0.00397733
0.00306423, 0.00313713
0.00387517, 0.00216217
0.00747576, 0.00412706
0.00561731, 0.00411404
0.0129347, 0.0102138
0.0024075, 0.00134923
0.00637748, 0.00124067
0.0147633, 0.00634866
0.0104026, 0.00460103
0.00612963, 0.00223611
0.00971891, 0.00494356
0.0109297, 0.00331359
0.00481184, 0.000908064
0.00533778, 0.00131311
0.0062413, 0.00468706
0.00379869, 0.00166752
0.0052952, 0.0039358
0.00422155, 0.000549497
0.00708519, 0.00164986
0.00931317, 0.00483829
0.0052968, 0.00601151
0.00451582, 0.000138384
0.00921468, -0.00113292
0.0118115, 0.00244836
0.00504138, 0.00106679
0.00808542, 0.00341056
0.00645671, 0.00567735
0.0099641, 0.00152246
0.00830541, 0.00136692
0.00693991, 0.00386955
0.00651052, 0.00414356
0.00619441, 0.00372129
0.00772593, -4.29767e-05
0.00552871, 0.00221746
0.00738367, 0.00267583
0.0117694, 0.00786078
0.0105283, 7.13568e-05
0.00819315, 0.00235973
0.00545322, 0.00446853
0.00850836, 0.00567776
0.00655952, 0.00495999
0.00933648, 0.00407162
0.00601361, 0.00346368
0.00456731, -0.00192169
0.00802154, 7.83852e-05
0.00352948, 0.000551145
0.00435203, 0.00580769
0.00553379, 0.00419812
0.0095668, 0.00672884
0.00694866, 0.00243604
0.0106312, 0.00661483
0.00987421, 0.00617704
0.0144974, 0.00556674
0.00961924, 0.00298179
0.0110533, 0.00241785
0.0116322, 0.00591912
0.00520283, 0.004504
0.00652426, 0.0010304
0.0109161, 0.00953302
0.0024131, 0.00505255
0.00661892, 0.0032061
0.00945215, 0.00460485
0.00532253, 0.00403894
0.0122689, 0.00622273
0.00799101, 0.00416198
0.00582445, 0.00347956
0.00533631, 0.00370286
0.0092416, 0.00279671
0.00451582, 0.000138384
0.00509103, 0.00175609
0.00551908, 0.00127431
0.0054603, 0.00439106
0.00767992, 0.00156372
0.00163174, 0.000284279
0.00435363, -0.0010482
0.0111273, 0.00368098
0.00601345, 0.00514818
0.00451582, 0.00362592
0.00282882, 0.0041599
0.0133003, 0.00945205
0.00769198, 0.00182337
0.00732307, 0.0019526
0.00531152, 0.00501802
0.00692586, 0.00476661
0.0040953, 0.00333608
0.00225558, 0.0030016
0.00543256, 0.00202923
0.0113253, 0.00451039
0.00879359, 0.000792322
0.00860052, 0.00101548
0.00577225, -0.000841022
0.00479449, 0.00161998
0.00444536, -0.00148378
0.00400989, 0.0049353
0.00723842, 0.000943105
0.00621405, 0.00403712
0.00606852, 0.00165746
0.00619836, 0.00429942
0.0103074, 0.00510073
0.0050511, 0.00392667
0.00813806, 0.00290713
0.00137583, 0.00176116
0.00516001, -0.000938657
0.00741578, 0.00178386
0.00688397, 0.00577493
0.00891573, 0.00668062
0.00372798, 0.00184631
0.00474894, 0.000673965
0.00769909, 0.00344808
0.00356585, 0.0010496
0.00641136, -0.000866814
0.00708859, 0.00303496
0.00343335, 0.00111363
0.0130239, 0.0071743
0.00634481, 0.00149626
0.00790415, 0.00189315
0.00762701, 0.00156454
0.00282401, 0.00495428
0.00400989, 0.0049353
0.00220371, 0.00376004
0.00491246, 0.000418869
0.00537605, 0.00672627
0.00780297, 0.000890072
0.00749768, 0.00579412
0.00795509, 0.00144265
0.00488339, 0.00135197
0.00342817, 0.00275122
0.00587883, 0.000904313
0.0106563, 0.00702275
0.00400989, 0.0049353
0.00781181, 0.00396064
0.0054169, 0.001466
0.00573792, 0.00350288
0.00803094, 0.00231737
0.0101152, 0.00125345
0.00771009, 0.00474137
0.00385993, 0.00379781
0.00322189, 0.00269536
0.009023, -0.000924342
0.0085365, 0.00372917
0.0134549, 0.00435698
0.00306512, 0.000956333
0.00831432, 0.0025134
0.00401097, 0.00702252
0.00535717, 0.00602573
0.00722166, 0.00420555
0.00498049, -0.00140219
0.00108563, 0.000698
0.00377092, -0.00136174
0.0100939, 0.00169282
0.00672455, 0.00193705
0.00451807, 0.00156319
0.0130894, 0.00699849
0.00812816, 0.00613816
0.00894809, 0.00570555
0.00842239, 0.00323258
0.00346672, 0.00190088
0.00863361, 0.00117995
0.00879061, 0.000170936
0.00781245, 0.00179321
0.00628388, 0.00403161
0.0083875, 0.00409151
0.00482197, 0.00161023
0.00697953, 0.0034685
0.00411747, -0.00112049
0.00741801, 0.00490084
0.0073131, 0.00547762
0.00714162, 0.00316538
0.00771009, 0.00474137
0.00750269, 0.0044578
0.00602304, 0.00114563
0.00501171, 0.00460985
0.00955837, 0.00303135
0.00902224, 0.0019735
0.00698262, 0.00241684
0.0110359, 0.00414132
0.00629288, 0.00147928
0.00227898, 0.00398872
0.0106004, 0.00318598
0.00735334, 0.00280154
0.00573369, 0.00095325
0.00546968, 0.00221237
0.0047673, 0.00444947
0.00471063, 0.000186319
0.00952826, 0.0083533
0.0115142, 0.000349595
0.00884318, 0.00191186
0.00565748, 0.00147855
0.00648286, 0.00136293
0.00518831, 0.00182392
0.00613574, 0.00465867
0.00576723, 0.00030474
0.00526676, 0.0028545
0.00563671, 0.00432494
0.00681849, 0.000853032
0.00579836, 0.0054462
0.00592246, -0.000302497
0.00635076, 0.00222503
0.00832138, 0.00277809
0.0106968, 0.000282774
0.00553425, 0.00430003
0.00798155, 0.00390557
0.00516846, 0.00599707
0.00390685, 0.00400105
0.0063279, 0.00115632
0.00584719, -0.00143848
0.0118614, 0.00428873
0.00345734, 0.00228315
0.0142789, 0.00484212
0.00535836, 0.00220912
0.00691235, 0.00350498
0.00397811, 0.00674228
0.00475773, -0.000966676
0.00856005, 0.00557695
0.00841409, 0.00292935
0.013202, 0.00822508
0.00506478, 0.00224952
0.00891758, 0.00351236
0.00902366, 0.00593975
0.00329048, 0.00404766
0.00920888, 0.0028439
0.00686108, 0.00315335
0.00497697, 0.001801
0.00823382, 0.000863149
0.0057822, 0.00071518
0.00612488, 0.00567849
0.00894764, 0.00511706
0.00666621, 0.00367465
0.006231, 0.00324926
0.00498033, 0.0025004
0.00827554, 0.000732284
0.00923843, 0.00384659
0.0076574, 0.0046807
0.00767548, 0.00254859
0.00498476, 0.00378226
0.00531934, 0.000176845
0.00983492, 0.00390825
0.00630574, 0.00132483
0.00604763, 0.00558587
0.00569986, 0.00331356
0.00180101, 0.00268313
0.00346938, 0.0051577
0.0090341, 0.000876475
0.011838, 0.0073552
0.00474857, 0.00133347
0.00467509, 0.0011539
0.00964478, 0.00277945
0.00612153, 0.00553699
0.0036591, 0.00309117
0.00466417, -0.000625409
0.0122689, 0.00622273
0.0127009, 0.0115652
0.00484842, 0.00146561
0.00513371, -0.00203235
0.00575437, 0.000604798
0.00681252, 0.00525501
0.00974175, 0.00690357
0.0103266, 0.00404641
0.00964523, 0.00409663
0.00712888, 0.00140238
0.00497541, 0.00608024
0.00789449, 0.00361709
0.00858554, 0.00578903
0.00865358, 0.000545829
0.00892188, 0.0035006
0.00790038, 0.0027708
0.00904441, 0.00295614
0.00789449, 0.00361709
0.00459243, 0.00427834
0.0124009, 0.00381928
0.00512557, 0.00517788
0.00328444, -0.00112614
0.00766923, 0.00156008
0.00189841, 0.00172878
0.00670737, 0.00455855
0.00674404, 0.00132074
0.00802954, 0.00213966
0.0043037, 0.00191733
0.00377577, -0.00156049
0.0108691, 0.00304482
0.0084276, 0.000548041
0.0108519, 0.00425786
0.00680908, 0.000178194
0.00589347, 0.0013655
0.00859708, 0.00500582
0.00646881, 0.00158719
0.00667438, 0.00105757
0.00552341, 0.00302362
0.00525079, 0.00527642
0.00950316, 0.00315667
0.00680047, 0.00409744
0.00395197, 0.00130591
0.00685432, 0.00445821
0.00732569, 0.0017688
0.00488181, 0.0013905
0.00735229, 0.00124795
0.00537012, 0.00400092
0.0108774, 0.0021406
0.00491583, -0.00100926
0.0105228, 0.00396127
0.00222188, 0.00233876
0.00692586, 0.00476661
0.00127035, 0.000827633
0.00583308, 0.00227113
0.0060338, -0.000116705
0.00785785, 0.00372198
0.00708859, 0.00303496
0.00519114, 0.00531394
0.00740895, 0.00132013
0.00750003, 0.00367283
0.00833041, 0.0027727
0.00477454, -0.000987403
0.00672838, 0.0033483
0.00346922, -0.000972693
0.00501214, 0.00465363
0.00474334, 0.00565882
0.00535717, 0.00602573
0.0116628, 0.00730277
0.00656854, 0.00629179
0.00900493, 0.00679136
0.00759619, 0.0027003
0.00901222, 0.000521928
0.00559649, 0.000942865
0.00804937, 0.00171835
0.0095374, 0.00743578
0.00593354, 0.00222082
0.00503936, 0.00116352
0.00452834, 0.00651805
0.00491424, 0.00377443
0.00688077, 0.00220171
0.0123254, 0.00580489
0.00324255, 0.00296647
0.00568517, 0.00434192
0.00717817, 0.00306729
0.00715534, 0.00125327
0.00811213, 0.00194913
0.00799001, 0.00335915
0.00611269, 0.000813785
0.00716502, 0.00176156
0.00730281, 0.0015303
0.00904902, 0.00465431
0.00994167, 0.0100923
0.0063279, 0.00115632
0.00921638, 0.00471595
0.00732889, 0.0041508
0.0036682, 0.00200853
0.00832895, 0.00254087
0.00470705, 0.00241746
0.00891302, 7.45375e-05
0.00919166, 0.00301177
0.0013861, 0.000179878
0.00607782, 0.00488114
0.00235495, 0.00108011
0.010976, 0.00515398
0.00481601, 0.00208005
0.00919045, 0.000109337
0.0140536, 0.00905325
0.0120921, 0.00630443
0.00719754, 0.00567332
0.00671027, 0.00254179
0.00777533, 0.00367896
0.00669443, 0.00513386
0.0054764, 0.00514124
0.0049112, 0.00232162
0.0141403, 0.0092032
0.00250712, 0.00486389
0.0141449, 0.00636814
0.00720044, 0.00372648
0.00367008, -0.000859823
0.00919655, 0.00532326
0.00318748, 0.00416009
0.00650319, 0.00518648
0.00690794, 0.00225932
0.0100931, 0.00355644
0.00948306, 0.0042497
0.00583543, 0.000637839
0.0117466, 0.0061625
0.0100378, 0.00209139
0.00979243, 0.0015217
0.00564152, 0.00205652
0.00187015, 0.00241582
0.0118186, 0.00894056
0.0033049, -0.00102405
0.00730178, 0.00154866
0.00824388, 0.00550178
0.0120588, 0.0052006
0.00732737, 0.00157358
0.00614418, 0.00406054
0.00564034, 0.00203201
0.00789503, 0.00358092
0.00743442, 0.00456502
0.00571576, 0.000593612
0.00612629, 0.00122563
0.00822723, 0.00193
0.0106099, 0.00298172
0.0133514, 0.00979761
0.0104517, 0.00750934
0.00668027, 0.000244475
0.00491496, 0.00442669
0.00547632, 0.00253097
0.00880206, 0.00361526
0.00597793, -0.000788937
0.0101974, 0.00417605
0.0116668, 0.00899308
0.00876709, 0.00640862
0.0119486, 0.0074949
0.00628158, 0.00122867
0.00660357, 0.00389739
0.00448146, 0.00451768
0.00968316, 0.00519242
0.00219953, 0.00377276
0.00303349, -0.000522553
0.00491584, 0.00338866
0.00282882, 0.0041599
0.00659514, 0.00392652
0.0133464, 0.00947434
0.00551903, -0.000484631
0.00579609, -0.000634565
0.00437105, 0.00540857
0.00933892, 0.00180283
0.0102387, 0.00570614
0.00497944, 0.000536486
0.00868024, 0.00305169
0.0048321, 0.00452441
0.00675072, 2.7378e-05
0.0121846, 0.000517788
0.00315146, 0.00181747
0.00468597, 0.00135351
0.00498682, 0.00459069
0.00541346, 0.000853358
0.00559278, 0.00320432
0.011597, 0.00573009
0.00516061, 0.00638044
0.00717905, 0.00373582
0.00848367, 0.000468506
0.00764873, 0.00490567
0.0049498, 0.00128102
0.0084825, 0.0012864
0.00559247, 0.00623746
0.00508739, 0.00213835
0.00178567, 0.00174234
0.00797304, 0.00238712
0.0096893, 0.00191769
0.0124871, 0.0118696
0.00352639, 0.0013367
0.00754015, 0.00177542
0.00726338, 0.000642765
0.0115101, 0.00787165
0.00284589, -0.00241562
0.00905391, 0.000291105
0.00354825, 0.00340653
0.00504687, 0.000864611
0.00595594, 0.00460388
0.00533586, 0.0040961
0.00695328, 0.00399625
0.0023893, 0.00328831
0.00619076, 0.00187291
0.0120757, 0.00665192
0.00664692, 0.00132158
0.00426266, -0.00161701
0.00260081, 0.00396552
0.00795091, 0.00251717
0.00501909, 0.00365454
0.0105307, 0.00515747
0.00798476, 0.00078199
0.00308505, 0.00124158
0.0108029, 0.00681497
0.00325113, 0.00404485
0.00652029, -0.0011854
0.00545631, 0.00593209
0.011892, 0.00197996
0.00604662, 0.00407076
0.00590414, 0.00045739
0.0034899, -0.00123027
0.00792672, 0.00215627
0.00584174, 0.000279201
0.0138805, 0.00626778
0.00753919, 0.00160486
0.00808972, 0.0031168
0.00993972, 0.00718617
0.0065954, 0.00163491
0.00544242, 0.00101007
0.010293, 0.00500926
0.00948156, 0.00136047
0.00403821, 0.00126284
0.00609995, 0.00364461
0.00313058, 0.00251388
0.0065845, 0.00320764
0.00469117, 0.00306742
0.00674542, 0.00369626
0.00387732, -0.000653063
0.00410019, -0.00232103
0.00314996, 0.00421098
0.00648264, 0.00289883
0.00419685, 0.00449577
0.00632899, 0.00165708
0.00764852, 0.00311169
0.00744273, 0.00166229
0.00902809, 0.00712102
0.00481795, 0.000868072
0.00503936, 0.00116352
0.00773061, 0.00363594
0.0027529, 0.00460417
0.0076787, 0.00151447
0.00435288, 7.40528e-05
0.00540924, 0.00482452
0.00611641, 0.00520687
0.00600736, -0.0018997
0.00572276, 0.00256195
0.0107953, 0.0116707
0.00233159, 0.0026438
0.00934306, 0.00235189
0.00541075, 0.00086241
0.00321857, 0.000908276
0.00707182, 0.00348334
0.00629694, 0.00417547
0.00430036, 0.000288083
0.00156673, 0.000375803
0.00483509, 0.00392107
0.0105932, 0.00109291
0.00794346, 0.0042768
0.0049682, 0.00123631
0.00225321, 0.00316178
0.00253129, 0.00488175
0.00414333, 0.00114906
0.00767463, 0.00517378
0.00817216, 0.000362081
0.00931065, 0.00419467
0.00777723, 0.00324342
0.00961831, 0.00544758
0.00287471, 0.00232797
0.00565238, 0.00589734
0.00318748, 0.00416009
0.00500131, -0.00206456
0.00709713, 0.00259776
0.0041038, 0.00200666
0.00616435, 9.02528e-05
0.0065409, 0.00388671
0.00945948, 0.00628414
0.00479305, 0.00204353
0.00156673, 0.000375803
0.0105351, 0.00154649
0.0055724, 0.00308976
0.0080822, 0.00053213
0.00812588, 0.0041985
0.00820043, 0.00240868
0.0033049, -0.00102405
0.00750003, 0.00367283
0.00424175, 0.00582877
0.00548139, 0.000318982
0.00531152, 0.00501802
0.00761941, 0.00488859
0.00898054, 0.00534442
0.00321822, 0.00326067
0.00262229, 0.00221151
0.00771319, 0.00220922
0.00559439, -0.000336913
0.00557738, 0.001929
0.00370937, 0.00101826
0.00608618, 0.00268251
0.00578779, 0.00395028
0.00679215, 0.00172318
0.0129343, 0.00845298
0.00523654, -0.000454806
0.00895855, 0.00466095
0.00544113, 0.00414896
0.00456565, 0.00157851
0.00513004, 0.00710494
0.0134597, 0.00658438
0.0045548, -0.00186762
0.00780025, 0.00339888
0.00273649, -0.00113675
0.00514303, 0.00093341
0.00616399, 0.0031778
0.00865912, 0.00483953
0.00669533, 0.00250733
0.00656777, -0.00220513
0.00500963, 0.00332285
0.00705814, 0.004534
0.0052478, 0.00676892
0.00398799, 0.00385835
0.0109337, 0.0082861
0.0105212, 0.0110071
0.0125764, 0.00662179
0.00349987, 0.00231805
0.00951043, 0.00212575
0.00611533, 0.00418226
0.014722, 0.0080158
0.0107205, 0.0099214
0.00618059, 0.00137766
0.00561167, 0.00426402
0.00713841, -0.00119595
0.00423466, 0.00548165
0.00540158, 0.00515415
0.00555815, 0.00231581
0.00685924, 0.000219551
0.00707495, -0.00151994
0.00762701, 0.00156454
0.0022662, 0.00342166
0.00701212, 0.00434475
0.00776447, 0.00134165
0.0031249, 0.00406381
0.0069977, 0.00511164
0.00419621, 0.00279067
0.0066607, 0.00259551
0.00822399, 0.00256791
0.00627346, 0.00186555
0.00644888, 0.00390724
0.00487148, -0.00115817
0.0034729, 0.00156801
0.00537055, 0.00036695
0.00695488, 0.00342395
0.00387353, 0.0013764
0.00521594, 0.00136785
0.0077553, 0.00522809
0.00852905, 0.00322502
0.00209203, 0.00253031
0.00949474, 0.00488294
0.00560716, 0.00335692
0.00614815, 0.00296303
0.00314462, 0.000627352
0.00416202, -2.16145e-05
0.00760747, -9.79372e-05
0.00952236, 0.00420282
0.00481438, 0.000710785
0.00803667, 0.00427296
0.0033912, 0.00111837
0.00697232, 0.00257875
0.00592509, 0.00560458
0.00567074, 0.00377589
0.0100884, 0.00331073
0.0047818, 0.00104237
0.00697232, 0.00257875
0.00491393, 5.61904e-05
0.0128255, 0.00857839
0.000990652, 0.00200248
0.00950316, 0.00315667
0.00931823, 0.00623378
0.00591749, 0.00134888
0.00404725, -0.00122091
0.00835759, 0.00504362
0.00757139, 0.000907382
0.00511387, 0.00113644
0.00601497, 0.00420464
0.00802551, 0.00232996
0.0113516, 0.00536286
0.00632693, 0.000879779
0.00574637, 0.000846168
0.00674723, 0.00366193
0.00727937, 0.0018548
0.00643021, 0.00247488
0.0118843, 0.0111119
0.00825277, 0.00217177
0.00566709, 0.00315678
0.00618942, 0.0012307
0.00875052, 0.00552145
0.0103871, 0.00645212
0.00760711, 0.00112331
0.00637368, 0.00523454
0.00759199, 0.0028285
0.00223692, 0.00247334
0.0129728, 0.00453157
0.00462359, 0.00306355
0.00553854, 0.00433339
0.00483509, 0.00392107
0.00495281, 0.0013717
0.00833729, 0.00214624
0.00966239, 0.00349284
0.00736834, 0.00118086
0.0129322, 0.00876541
0.00325113, 0.00404485
0.00137583, 0.00176116
0.00171082, 0.00267201
0.00640603, 0.00196566
0.00241998, 0.00225448
0.00943741, 0.00290568
0.00558734, 0.000307995
0.0044155, 0.0035982
0.00247381, 0.00126264
0.0124658, 0.00907106
0.0105734, 0.00476243
0.0106033, 0.00190582
0.00545631, 0.00593209
0.00583648, 0.00438818
0.00750269, 0.0044578
0.00771488, 0.0030504
0.00932387, 0.00474067
0.0129695, 0.00849687
0.00685685, 0.00469415
0.00731031, 0.00380632
0.00930531, 0.00449945
0.00440393, 0.00170833
0.00543047, -0.00223981
0.0121048, 0.0123484
0.00640413, 0.00175183
0.0083875, 0.00409151
0.0153502, 0.00798757
0.0113273, 0.00917379
0.0042848, 0.00284967
0.0048066, 0.00363376
0.00610258, 0.00117898
0.0102705, 0.00203738
0.00293195, 0.00282967
0.0076736, -0.000747038
0.00557829, 0.00386216
0.00583731, 0.00145659
0.00483509, 0.00392107
0.00734324, -1.08898e-05
0.00717537, 0.00295265
0.0137011, 0.00823662
0.00718877, 0.00361998
0.01341, 0.00854773
0.00689075, 0.00587866
0.00790885, 0.00531115
0.00730109, 0.00422213
0.0123863, 0.00503913
0.00735752, 0.00145449
0.00290472, 0.00369967
0.00186676, 0.00319866
0.00463069, 0.00594413
0.00526877, 0.00443855
0.00686773, 0.00417113
0.00635555, 0.00262666
0.00606426, 0.000597845
0.0115853, 0.004316
0.0110755, 0.00602311
0.00564984, 0.00249887
0.00336317, 0.00423529
0.00974327, 0.00544318
0.00667155, 0.00318685
0.00531914, 0.000934585
0.0103069, 0.00300931
0.00762719, 0.00245028
0.00919356, 0.00697003
0.0046551, 0.00451784
0.00798386, 0.00168817
0.00849176, 0.00303923
0.00579713, 0.000508673
0.00805408, 0.00259922
0.00779669, 0.00320285
0.0136155, 0.00956806
0.006189, 0.00184074
0.00582934, 0.00217521
0.00494788, 0.00176227
0.00546754, -0.00196994
0.0112683, 0.00624038
0.0108281, 0.0109513
0.00914963, 0.00422366
0.00712337, 0.00535988
0.00755538, 0.00316567
0.00544322, -0.000404152
0.00970234, 0.00289709
0.0132679, 0.00369457
0.00728271, 0.00213471
0.0066006, 0.00311797
0.00864614, -0.000793996
0.00834484, 0.00354399
0.00882729, 0.00305729
0.00780643, 0.00421562
0.00899665, 0.00346739
0.00423511, 0.0045169
0.00288345, 0.00363378
0.00841429, 0.006968
0.00423755, 0.00454033
0.00733383, -0.000286361
0.00549686, 0.00145357
0.00727999, 0.00138454
0.00930731, 0.000476748
0.0057756, 0.0050822
0.00721672, 0.0043188
0.00570204, 0.00137585
0.00637053, 0.00298695
0.00816414, 0.00612447
0.0109155, 0.00397345
0.00524095, 0.00518485
0.006135, 0.00138734
0.00661481, 0.00239816
0.00631119, 0.0046349
0.00211484, 0.00382237
0.00527257, 0.00484555
0.0106235, 0.00415778
0.00704485, -0.0012012
0.0105449, 0.00381407
0.0069238, 0.00465324
0.00431943, 0.00284442
0.00450883, 0.000317291
0.00288345, 0.00363378
0.00473768, 0.00441747
0.0050437, 0.00133712
0.00819895, 0.00317864
0.00583934, 0.00653282
0.00484842, 0.00146561
0.00458203, 0.00243361
0.00445834, 0.00262855
0.00551908, 0.00127431
0.00514899, 0.00255777
0.00578356, 0.000910926
0.00753583, 0.00344718
0.00655652, 0.00444287
0.00322189, 0.00269536
0.0114474, 0.00347038
0.00596814, 0.000961749
0.0129907, 0.00610247
0.00801182, 0.003262
0.0117653, 0.00309923
0.00817205, 0.00382759
0.00944812, 0.00320001
0.00540456, 0.000485388
0.00976134, 0.00633932
0.00507431, 0.00420014
0.00829792, 0.00320833
0.0109595, 0.00514131
0.00638529, 0.00354499
0.00841428, 0.00326372
0.0142538, 0.0109271
0.00533242, 0.00166738
0.00884379, 0.00273683
0.0133572, 0.00797714
0.00645634, 0.00296598
0.00509754, 0.00159023
0.00586203, 0.00176372
0.00398799, 0.00385835
0.00535327, 0.00209616
0.00416197, -0.000388001
0.00887513, -0.000123617
0.00715471, 0.00465809
0.00630031, 0.00161624
0.0044062, 0.00296892
0.00270071, 0.0028443
0.00862026, 0.00265077
0.00312341, 0.00254541
0.00435059, -0.00109748
0.00470705, 0.000313218
0.00801276, -0.00018488
0.00354761, 0.00406426
0.00578182, 0.00304389
0.00468144, 0.00255199
0.00502515, 0.00160899
0.00914691, 0.00202004
0.00807923, 0.000396369
0.00491301, 0.00332668
0.00306812, 0.00277135
0.00625489, 0.0054607
0.00209203, 0.00253031
0.00872947, 0.00392928
0.00661554, 0.00479393
0.00510962, -0.00166347
0.00812723, 0.0038403
0.0100587, 0.0040128
0.0129477, 0.00330461
0.0059768, -0.00046035
0.00522615, 0.00525081
0.00434437, 0.00150121
0.00402596, 0.000109984
0.00888387, 0.00238955
0.00500773, 0.00101237
0.00664425, 0.0050833
0.007211, 0.00320277
0.00489549, 0.0028753
0.00763061, 0.00314359
0.00630836, 0.00150495
0.00399576, 0.00531061
0.00663308, 0.00328782
0.00606432, 0.000688081
0.00798481, 0.00198234
0.00388321, -0.00184858
0.00580552, 0.0044465
0.0079801, 0.00268341
0.00637748, 0.00124067
0.00300697, 0.000857425
0.00499773, 0.00234333
0.00838972, 0.0037022
0.0062779, 0.000509317
0.00551908, 0.00127431
0.00510331, 0.00112347
0.00424147, -0.00168961
0.00783727, 0.0014204
0.00669895, 0.00450417
0.00757482, 0.000660642
0.00665401, 0.0025115
0.0120029, 0.00596154
0.00647302, -0.00066686
0.00599894, -0.000322985
0.00779571, 0.0020996
0.00542326, 0.006074
0.00554708, 0.00432316
0.00685564, 0.00450002
0.00824642, 0.00417912
0.0038483, 0.000586151
0.00728678, 0.00411715
0.00563477, 0.00442535
0.00560949, -0.000200607
0.00420057, -0.000577926
0.0115755, 0.00149313
0.00778148, 0.00214752
0.00780054, 0.000625718
0.00186676, 0.00319866
0.00698233, 0.00178419
0.00629694, 0.00417547
0.00940063, 0.00163943
0.0106011, 0.00449244
0.00708818, 0.000566458
0.0103935, 0.00546268
0.0101767, 0.00424436
0.00529286, 0.00612988
0.0105409, 8.73313e-05
0.0103259, 0.0101529
0.0101214, 0.00528226
0.00561856, 0.0033511
0.00910802, 0.000232377
0.00513139, 0.00436557
0.00516582, 0.00344665
0.00611641, 0.00520687
0.00831296, -2.81313e-05
0.0131245, 0.0048459
0.00431955, 0.00101443
0.00644759, 0.00368067
0.00717905, 0.00373582
0.00633981, -0.000833573
0.00953435, 0.00529913
0.0075806, 0.000828371
0.00540382, 0.00426863
0.00795205, 0.00174135
0.00601293, 0.00652111
0.00744381, 0.000797693
0.00601678, 0.00423602
0.00137583, 0.00176116
0.00506503, 0.00345033
0.00650557, 0.00406546
0.00913207, 0.00208241
0.00737682, 0.00159537
0.0043294, -0.0010538
0.00250135, -0.000353866
0.00747171, 0.00106613
0.00601345, 0.00514818
0.00387164, -0.000817225
0.0035902, 0.00328626
0.0115882, 0.00779478
0.00656065, 0.00303545
0.013735, 0.0038981
0.00426266, -0.00161701
0.0119034, 0.00379551
0.00753647, 0.0027049
0.00794823, 0.000582647
0.00517445, 0.0031705
0.00535717, 0.00602573
0.0077824, 0.0023164
0.00609368, 0.000258285
0.00161581, 0.00278201
0.00641267, 0.00704755
0.00976298, 0.00552515
0.00603578, 0.00151462
0.0100272, 0.00618521
0.00743369, 0.00387159
0.00904, 0.00583732
0.00515195, 0.000713313
0.00307164, 0.000180085
0.00933334, 0.00437275
0.00547497, 0.00490608
0.00505729, 0.00261225
0.00528831, 0.000566171
0.00766639, -0.000404812
0.00835059, 0.00327439
0.00942584, 0.00106391
0.00608558, 0.00264103
0.00994602, 0.00367783
0.00489881, 0.00177971
0.00435288, 7.40528e-05
0.00673628, 0.00192242
0.00217305, 0.00353936
0.00591447, 0.00158091
0.00398799, 0.00385835
0.00469852, 7.45932e-05
0.0118801, 0.00377095
0.00436661, 0.00637903
0.0105583, 0.00429142
0.00399543, 0.00178621
0.00909535, 0.00253394
0.0121486, 0.00645501
0.00227955, 0.00313635
0.00440623, -0.00131314
0.00780653, 0.00280485
0.00804583, 0.000708328
0.00456915, 0.00198816
0.00692379, 0.00392335
0.0055925, 0.00425382
0.00999541, 0.00459574
0.00711421, 0.00247639
0.0035152, 0.00401586
0.00433836, 0.00540267
0.00357611, 0.00538994
0.010652, 0.000250204
0.00264311, 0.00523612
0.00579713, 0.000508673
0.0093788, 0.00731339
0.00747312, 0.00130063
0.00420067, 0.00591927
0.00617756, 0.00326355
0.0040894, -0.000705452
0.00772642, 0.00179381
0.00467228, 0.00460723
0.00865135, 0.00367559
0.00943471, 0.00431045
0.00403062, 0.00300631
0.00714722, 0.00276335
0.00346672, 0.00190088
0.00566465, 0.00415564
0.00563505, -0.000491176
0.00939605, 0.00500526
0.0093788, 0.00731339
0.00503936, 0.00116352
0.00535087, -0.000544859
0.006408, 0.00249961
0.00752879, 0.00615175
0.00649208, 0.00494172
0.00795205, 0.00174135
0.00675435, 0.00257544
0.00228983, 0.00299973
0.00701126, 0.00268579
0.00429336, -0.000679504
0.00686491, 0.00480899
0.00533892, 0.00101666
0.00489727, 0.00238684
0.00342488, 0.0019237
0.00936999, 0.000451178
0.00670568, 0.00500135
0.00464495, -0.00125093
0.00803165, 0.00460233
0.00626099, -0.000350613
0.00606466, 0.00524431
0.00566206, 0.00262606
0.00673253, 0.00321114
0.0050037, 0.00224293
0.00439189, -0.0011601
0.00522921, 0.00172149
0.0043746, 0.00712601
0.00521214, 0.00193484
0.00684901, 0.00172473
0.0128479, 0.00722984
0.00473899, 7.69523e-05
0.00419434, -0.00174625
0.004407, 0.000100445
0.0133718, 0.0052142
0.00815718, 0.00472524
0.00702941, 0.00414017
0.0050937, 0.000167414
0.00676721, 0.00369735
0.00610399, 0.00133512
0.00323868, 0.000982485
0.0108592, 0.00504662
0.00773528, 0.00283218
0.00940259, 0.00374686
0.0072417, 0.000857021
0.00759702, 0.00263938
0.00526676, 0.0028545
0.00681452, -0.000137267
0.00583731, 0.00145659
0.00849157, 0.00442486
0.00722494, 0.00435784
0.00907246, 0.00375429
0.00819405, -0.000626338
0.00465959, 0.00132688
0.00546506, 0.00275015
0.00801457, 0.00430325
0.0114699, 0.00838348
0.00974922, 0.00431573
0.00524488, 0.00159331
0.00443814, -0.000573671
0.00615671, 0.000834616
0.00859998, 0.00670938
0.00576304, 0.00545836
0.00161581, 0.00278201
0.00380554, 0.00121211
0.0109427, 0.00997405
0.0045933, 0.00151509
0.00711065, 0.00321878
0.00511637, -9.27423e-06
0.00460172, 0.00174298
0.00400323, 0.00178598
0.00577727, -0.000738963
0.00494959, 0.000756208
0.0100542, 0.00514756
0.00835401, 0.00140864
0.0105354, 0.00138558
0.00869104, 0.00151591
0.00509996, 0.00489617
0.0035342, 0.00340347
0.00405511, 0.00323802
0.00342851, 0.00357763
0.0111976, 0.00390722
0.00777743, 0.00291672
0.00296124, 0.00113189
0.00546675, 0.00151887
0.00520475, 0.00398144
0.0110097, 0.0045442
0.00975135, 0.00416514
0.00752965, 0.000274025
0.00497597, 0.000751526
0.003327, 0.000204015
0.00579771, 0.00375762
0.00270457, 0.00532809
0.00668404, 0.00303978
0.00607951, 0.00254227
0.0076875, 0.00296892
0.00496161, 0.00159176
0.00773497, 0.00444458
0.00787669, 0.00282119
0.00879245, 0.000467145
0.00798226, 0.00351095
0.00736087, 0.00170656
0.0141982, 0.00648008
0.00421263, -0.00157679
0.00922361, 0.00203219
0.00728243, 0.00345712
0.00930472, 0.00551263
0.00720594, 0.00578229
0.0091735, 0.00155383
0.00230265, 0.00318452
0.00345019, 0.00287491
0.00639744, 0.00141873
0.010124, 0.00672662
0.00806042, 0.00656281
0.0136052, 0.00660405
0.00570166, 0.00456584
0.00444885, 0.00435496
0.00773497, 0.00444458
0.00594618, 0.0045954
0.00564681, 0.00176103
0.00743538, 0.00293709
0.00901082, 0.00427097
0.0104357, 0.0108974
0.00891915, 0.000631175
0.0141323, 0.00917088
0.00440788, 0.0017388
0.00275974, 0.00356946
0.0139234, 0.00445933
0.00633764, 0.0030489
0.0131384, 0.0059606
0.00783799, 0.00049525
0.00118586, 0.000721787
0.00835328, 0.00163011
0.0119895, 0.0040854
0.00697489, 0.00497419
0.00689087, 0.00126479
0.0039902, 0.00305853
0.00918734, 0.00599606
0.00745373, 0.00457975
0.00795898, 0.00469024
0.00572294, 0.00427616
0.0106018, 0.00246353
0.00476453, 0.00108872
0.00288345, 0.00363378
0.00656089, 0.00464351
0.00726299, 0.00458813
0.00764988, 0.00238292
0.00551212, -2.14777e-05
0.0120614, 0.00633381
0.00705814, 0.004534
0.00355317, -0.00128279
0.00503829, 0.00104061
0.00677849, 0.00230447
0.0052439, 0.00590867
0.00398921, -0.000363673
0.00590761, 0.0013371
0.00527937, 0.000727869
0.00521542, 0.000758924
0.00281144, 0.00467953
0.00315514, 0.00170672
0.0024075, 0.00134923
0.00256317, 0.0034994
0.00503828, 0.00293043
0.00727196, 0.000461
0.00994876, 0.00484398
0.00484265, 0.00501337
0.00762701, 0.00156454
0.00780076, 0.00417437
0.0103595, 0.00346072
0.00678627, 0.006097
0.0139727, 0.0114567
0.011435, 0.00199627
0.0131903, 0.00474899
0.00468952, -0.000891098
0.00591415, -0.000893536
0.00795677, 0.00283788
0.0077373, 0.00280859
0.00616251, 0.00428974
0.00691334, 0.00464292
0.00680649, 0.00611476
0.00564076, 0.00539823
0.01118, 0.00710237
0.0035152, 0.00401586
0.00718297, 0.00535387
0.00608906, -0.000673512
0.00923139, 0.00215389
0.00562041, 0.00220748
0.0101619, 0.00295099
0.0103543, 0.00383902
0.00590414, 0.00045739
0.00306799, 0.00140133
0.00815429, 0.000632031
0.0133247, 0.0124084
0.0105154, 0.0102352
0.0123069, 0.00639857
0.00856321, -0.00090069
0.0147566, 0.00794428
0.00410828, 0.00611336
0.00445971, 0.00603497
0.00656643, 0.00322022
0.00656065, 0.0013557
0.0087257, 0.000705248
0.00890627, 0.00293578
0.00770947, 0.00322777
0.00779239, 0.00526817
0.00722819, 0.00556434
0.0101963, 0.00292896
0.00825271, 0.00595433
0.00217338, 0.00177233
0.00595108, 0.00535205
0.00636003, 0.000701963
0.00293123, 0.00215936
0.00325587, 0.00313584
0.00685975, 0.0031824
0.009573, 0.00579661
0.00400989, 0.0049353
0.00780643, 0.00421562
0.00719902, -0.00167838
0.0102852, 0.00260877
0.0065021, -0.000400165
0.00818397, 0.00170559
0.00781851, 0.00342408
0.0090719, 0.00295683
0.00647636, 0.00284647
0.00444466, -0.00061176
0.012647, 0.00306762
0.00414333, 0.00114906
0.0047818, 0.00104237
0.00551908, 0.00127431
0.00933105, 0.00532006
0.00837299, 0.00285117
0.00412674, 0.00249492
0.00209618, 0.00193026
0.00705963, 0.00399019
0.00583731, 0.00145659
0.00771981, 0.0027273
0.00544014, 0.0041081
0.00570039, -0.000725336
0.00991677, 0.000315833
0.00180042, 0.000859554
0.00918742, 0.002659
0.0116392, 0.00184444
0.00196075, 0.000798149
0.00203849, 0.00291908
0.00632094, -0.00154989
0.00463706, 0.00333609
0.00757941, 0.00607361
0.00895374, 0.00384843
0.00129459, 0.00251483
0.00753033, 0.00194793
0.01076, 0.00990893
0.00942327, 0.00736424
0.0104844, 0.00365466
0.0138161, 0.0039678
0.00957066, 0.00540695
0.00400379, 2.37591e-05
0.00536151, 0.00387836
0.0044062, 0.00296892
0.00799797, 0.00349957
0.00591544, -0.000719993
0.00424912, 0.00138699
0.00388961, 0.00218293
0.00375404, 0.00236748
0.00451957, 0.00610727
0.00502259, -0.000394438
0.00942883, 0.00121086
0.00554669, 0.00148546
0.0118755, 0.00257385
0.00339294, 0.000764503
0.0094358, 0.00328808
0.00598359, 0.00335829
0.00442361, -0.00158981
0.0134009, 0.00634664
0.00816064, 0.000713367
0.0087334, 0.00512856
0.00908885, 0.00548528
0.00769379, 0.00151941
0.00520459, 0.00112179
0.00130556, 0.000843835
0.00349987, 0.00231805
0.00596132, 0.00230677
0.00137687, 3.34251e-06
0.0127961, 0.00464751
0.013913, 0.00856046
0.00485824, 0.006986
0.00517591, -7.05795e-05
0.00963195, 0.00509974
0.00759141, 0.00337462
0.0128773, 0.00912013
0.00897108, 0.00213625
0.0066184, 0.00423735
0.00199279, 0.000776889
0.0111584, 0.00877527
0.00414333, 0.00114906
0.00849374, 0.00420991
0.00545631, 0.00593209
0.00341594, 0.00448213
0.0127176, 0.00523727
0.00570819, 0.00568063
0.00847348, 0.000759787
0.00781816, 0.00226527
0.00859884, 0.00469251
0.00789319, 0.00126413
0.00475333, 0.0035594
0.00918071, 3.47346e-06
0.00528946, 0.00317315
0.00416583, -0.00151311
0.00597764, 0.0052542
0.00572433, -0.000222673
0.00817366, 0.00843875
0.00938736, -0.000417495
0.00169948, 0.000769099
0.00923149, 0.00255826
0.0104595, 0.00658953
0.00557845, 0.00302311
0.00684542, 0.00460183
0.00447875, 0.000156504
0.00679594, 0.00330417
0.00692705, 0.00431524
0.00517888, -0.000742943
0.00603239, 0.00162155
0.00727329, 0.00344286
0.00732825, 0.000319135
0.00750015, 0.00272748
0.00697641, 0.00403211
0.00694595, -0.000363721
0.00638244, 0.00125054
0.00313477, 0.00193008
0.00644843, 0.000933696
0.00623035, 0.00360045
0.00536495, -0.0021032
0.0124419, 0.000455649
0.00697232, 0.00257875
0.00365065, 0.00225309
0.0138371, 0.00239031
0.00376395, -0.000242409
0.00885481, 0.00492009
0.00574515, 0.00392349
0.00595777, 0.00179499
0.00458758, 0.000247972
0.000818763, 0.00120017
0.00641542, 0.00266903
0.00313526, 0.00258283
0.0104026, 0.00460103
0.00634326, 0.00306577
0.00230364, 0.00165739
0.00398799, 0.00385835
0.00342851, 0.00357763
0.00561806, 0.0015163
0.00527569, 0.00232158
0.00444849, 0.00459063
0.00999506, 0.00345811
0.00643238, 0.00118618
0.0115715, 0.00796843
0.0117545, 0.00571192
0.00653635, -0.0014255
0.00509424, 0.000419744
0.0096282, 0.00403417
0.00544759, -0.0015363
0.00330709, 0.0021262
0.00508688, 0.00549929
0.010747, 0.00311957
0.00284666, 0.00238771
0.00555748, 0.00238228
0.00812093, 0.00491862
0.00676183, 0.00528478
0.0043503, 0.00233115
0.00952146, 0.00573746
0.00903601, 0.000319807
0.00769198, 0.00182337
0.00731975, 0.00432734
0.00783965, 0.00277389
0.00926013, 0.00704265
0.0093619, 0.00235436
0.00604496, 0.00172167
0.00143759, 0.00295555
0.00618808, 0.00205749
0.0115516, 0.00587045
0.00811551, 0.00411864
0.00243429, -0.000972298
0.00544109, 0.00445559
0.0056894, 0.00304097
0.00209606, 0.00294027
0.00281813, 0.00370512
0.0078336, 0.00263765
0.0120531, 0.00271589
0.00715315, 0.0039969
0.00500773, 0.00101237
0.0047816, 0.00277559
0.00962565, 0.0029141
0.00514526, 0.00367683
0.00209203, 0.00253031
0.00533132, 0.00368439
0.00996631, 0.0025711
0.0142781, 0.00585268
0.00769198, 0.00182337
0.0124114, 0.00392493
0.00589354, 0.00169971
0.00397567, 0.00556828
0.010632, -9.09904e-05
0.011291, 0.00367332
0.0062811, 0.00157844
0.00758228, 0.00321101
0.0122202, 0.00672551
0.00716082, 0.00486593
0.00658828, 0.0029306
0.0023711, 0.00243611
0.00674217, 0.00450909
0.00456244, 0.00563257
0.0102616, 0.00226418
0.00574171, 0.000742277
0.00509408, 0.000280371
0.00707948, 0.00173452
0.00363767, 0.00219236
0.00506719, 0.00445333
0.00667987, 0.00234408
0.00390257, 0.00486893
0.00729062, -1.0553e-05
0.0103472, 0.0037423
0.00456242, -0.00234602
0.00130998, 0.00128716
0.00705061, 0.00347271
0.00503936, 0.00116352
0.00360208, 0.000833386
0.00576453, 0.000838931
0.00789192, -0.000575998
0.00618281, 0.0013843
0.00470032, 0.00193785
0.00961924, 0.00298179
0.00505586, -0.00220108
0.0102209, -0.000761973
0.0038842, 0.00207955
0.00609636, 0.00152592
0.0112236, 0.00353284
0.00792129, 0.00258855
0.00874447, 0.00677999
0.014262, 0.0085627
0.00631214, 0.00146307
0.00546929, -0.000567258
0.00663482, 0.00626998
0.00482663, 6.70301e-05
0.0110479, 0.0077098
0.00690605, 0.00296404
0.00451586, 0.00389863
0.00780707, 0.00481711
0.00296941, 0.00251743
0.0113473, 0.00723661
0.00635555, 0.00262666
0.006571, 0.0012977
0.00685562, 0.000498417
0.012643, 0.0114721
0.00930672, 0.00392095
0.00376395, -0.000242409
0.00514583, 0.00141615
0.00758797, 0.00176253
0.00640031, 0.00214586
0.00445168, 0.00754403
0.00667987, 0.00234408
0.00436075, 0.00361116
0.0108562, 0.00256591
0.0045274, 0.00595016
0.00633649, 0.00154434
0.0054047, 0.00620604
0.00633764, 0.0030489
0.00457247, 0.00432075
0.00436264, 0.00542019
0.00630749, 0.00185645
0.00425341, 0.00159176
0.00580222, -0.000958144
0.00543684, 0.00312049
0.0104706, 0.0055041
0.00838691, 0.00378328
0.00466616, -0.000684408
0.00504057, 0.00614295
0.00740718, 0.00263721
0.00754829, 0.00225153
0.00597495, 0.00367144
0.00819943, 0.00375123
0.0105422, 0.0103186
0.00798726, 0.00222029
0.00346743, 0.000975298
0.00424333, 0.00638616
0.0036682, 0.00200853
0.00621378, 0.00390021
0.00767947, 0.00584342
0.00789287, 0.00380366
0.00741343, 0.0047462
0.00643736, 0.00204608
0.0084173, 0.000138946
0.00964836, 0.00546534
0.00227324, 0.00288768
0.00430664, -8.91055e-05
0.00554887, 0.00384707
0.011054, 0.0114411
0.00559395, -0.000443256
0.00713934, 0.00419987
0.0104782, 0.00237419
0.00694741, -0.000910923
0.00534643, 0.000495354
0.009058, 0.00220526
0.00743321, 0.00326584
0.0043635, 0.00281351
0.0100054, 0.00522286
0.00376395, -0.000242409
0.00962321, 0.004123
0.00788528, 0.00486892
0.01195, 0.00336243
0.00606318, 0.000930832
0.00400958, 0.00574264
0.00877241, 0.000182205
0.0105386, 0.00487629
0.0118747, 0.00453609
0.00566433, -0.000715926
0.0117834, 0.00395118
0.0145738, 0.00780295
0.00813126, 0.00209809
0.00672692, 0.00260673
0.00708367, 0.00115399
0.0117654, 0.00578759
0.0071813, 0.00507263
0.00516357, -0.00193373
0.00723186, 0.000112005
0.00543528, 0.00461578
0.00414333, 0.00114906
0.00450095, 0.00425135
0.00561971, -0.000856888
0.00595698, 0.00406748
0.00499075, -0.00131281
0.00686869, 0.0042696
0.00444684, 0.00184222
0.0109735, 0.010054
0.00604428, 0.000857384
0.00388052, -0.000296291
0.00895082, -6.87455e-05
0.00703213, 0.00350758
0.00972092, 0.00257147
0.00780035, 0.000839709
0.00418598, 0.00120865
0.00357566, -0.000616299
0.00667091, 0.00471953
0.00245906, 0.00292295
0.00827857, 0.00702745
0.00451586, 0.00389863
0.00837225, 0.000893625
0.00450648, -0.000604016
0.0111523, 0.00117448
0.00435799, 0.00368489
0.00888848, 0.00249106
0.00395033, 0.00165394
0.00421263, -0.00157679
0.00635957, 0.00325641
0.0106417, 0.0105146
0.0110495, 0.00387053
0.00902384, 0.00339618
0.01372, 0.00296387
0.00628778, 0.00205945
0.00504673, 0.00231149
0.0104709, 0.00665366
0.00849157, 0.00442486
0.0042348, 0.00634111
0.00624537, 0.00118623
0.00852212, 0.00535276
0.00460752, 0.00317851
0.00711119, 0.00425712
0.00561709, -0.000718735
0.00806672, -0.000224114
0.00490571, 0.000677454
0.00342488, 0.0019237
0.00527481, 0.00299916
0.00463967, 0.00404472
0.00592674, -0.000509455
0.00370937, 0.00101826
0.0029372, 0.00389101
0.0124658, 0.00907106
0.00518282, -0.000182696
0.010217, 0.00371024
0.00157262, 0.00211823
0.00886767, 0.00379386
0.0098809, 0.00438157
0.00599372, 0.00140592
0.00133284, 0.00102509
0.00555172, 0.00250695
0.00993798, 0.00278259
0.00370195, 0.00312548
0.00875203, 0.00407104
0.0072243, 0.000767996
0.00985075, 0.00502444
0.00567379, 0.00462223
0.0124852, 0.00856495
0.00665144, 0.00530614
0.004082, 0.00486349
0.0046551, 0.00451784
0.00701176, 0.00221287
0.00634094, -0.000575541
0.00627339, 0.00567193
0.00462473, 0.00347494
0.0106563, 0.00702275
0.005119, 0.000464189
0.0116821, 0.00254372
0.00665002, 0.00436824
0.00246305, 0.00212122
0.00799698, 0.00399773
0.00682457, 0.00185546
0.00477559, 0.00160562
0.00575699, 0.00068611
0.00607022, 0.00437529
0.0127507, 0.00572153
0.00665002, 0.00436824
0.00831721, 0.00589325
0.00470389, 0.000366844
0.00686647, 0.000503764
0.00880378, 0.00377649
0.00713494, 0.00439412
0.00669021, 0.0016701
0.00771319, 0.00220922
0.00575514, 0.00194603
0.00559262, 0.00572941
0.00690927, 0.00206443
0.00742373, 0.00406155
0.0126709, 0.0123171
0.00656065, 0.0013557
0.0112104, 0.00242924
0.00737175, 0.00150371
0.00734193, 0.00073936
0.00909942, 0.0044762
0.00613384, 0.00287508
0.011189, 0.00946938
0.00353102, 0.00114625
0.00720365, 0.00500199
0.00453583, 0.000815756
0.0100367, 0.00538729
0.00694631, 0.0023633
0.00458357, 0.00684425
0.0033049, -0.00102405
0.00606318, 0.000930832
0.00461971, 0.00103892
0.00992592, 0.00480619
0.00914183, 0.00281856
0.0122112, 0.00646068
0.00670556, 0.00437504
0.00685685, 0.00469415
0.00826062, 0.0060208
0.0035152, 0.00401586
0.00525202, 0.00131194
0.00930492, 0.0025181
0.00694353, 0.00186694
0.0139641, 0.00501277
0.00997098, 0.00280179
0.00388177, -0.000691525
0.00515364, 0.00288442
0.00645687, 0.000728412
0.00270071, 0.0028443
0.00718238, 0.00230528
0.00999752, 0.00139475
0.00951507, 0.00486033
0.00676148, 0.00394723
0.00532602, 0.000353462
0.0124754, 0.00866486
0.00686205, 0.00431938
0.00576787, 0.00776996
0.00891961, 0.00283684
0.00753056, 0.0035436
0.00606517, 0.0034554
0.0082683, 0.0021239
0.00366484, 0.000429223
0.0050706, 0.00226764
0.0101218, 0.00321696
0.00247826, 0.00407513
0.00689534, 0.00492007
0.00802032, 0.00460544
0.00512197, -0.000722883
0.0145966, 0.00546286
0.00411937, 0.0015469
0.00775311, 0.00579373
0.0119542, 0.0122432
0.00539823, 0.00243659
0.0101538, 0.00726058
0.00433708, -0.00101259
0.00802339, 0.00234857
0.00218824, 0.00123544
0.00627313, 0.000558787
0.00943793, 0.00669418
0.00897008, 0.00100964
0.00161581, 0.00278201
0.00453182, -0.000251755
0.00447208, 0.00362091
0.00667987, 0.00234408
0.00919655, 0.00532326
0.011473, 0.00911178
0.00332475, 0.00218573
0.0118863, 0.00416472
0.00186676, 0.00319866
0.00470367, 0.00121903
0.00749594, 0.00396474
0.00795404, 0.00293135
0.00222226, 0.0024064
0.00961924, 0.00298179
0.00866301, 0.00296509
0.00858889, 0.00212258
0.00771009, 0.00474137
0.00809617, 0.00398897
0.00654673, 0.00327119
0.00137583, 0.00176116
0.00759928, 0.000773762
0.00486092, 0.00175855
0.00447887, 0.00446553
0.00401187, -0.00083154
0.00913631, 0.00199476
0.0118676, 0.00202472
0.00548851, 0.00505196
0.0100906, 0.00418173
0.00351217, 0.00280079
0.008456, 0.00702412
0.0063853, 0.00153565
0.00828867, 0.00416097
0.00605343, 0.00119499
0.00507916, 0.00412238
0.00714194, 0.000749621
0.00841858, 0.00374187
0.012427, 0.00615808
0.0062995, 0.00439434
0.0131797, 0.00946224
0.00613574, 0.00465867
0.00496161, 0.00159176
0.00416119, 0.00155496
0.0140774, 0.00948072
0.00707059, 0.00176045
0.00725311, 0.00411117
0.00166077, 0.000213289
0.00735024, 0.00228842
0.00757208, 0.000992893
0.00865116, 0.00256297
0.00615671, 0.000834616
0.00516358, 0.00216228
0.00326596, -0.0017684
0.00715912, 0.00302579
0.00699486, 0.0019007
0.00650988, 0.00637768
0.00667987, 0.00234408
0.00872549, 0.00199212
0.00917419, 0.0014351
0.00380554, 0.00121211
0.00883822, -0.00119524
0.0101559, 0.00533934
0.00294573, 0.00444779
0.00553379, 0.00419812
0.00875285, 0.00348924
0.00650276, 0.00147757
0.00733247, 0.0056896
0.00974175, 0.00690357
0.0108395, 0.00214017
0.00357605, 0.00466639
0.00500324, 0.00187327
0.00575432, 0.00576904
0.00994513, 0.00990567
0.00684542, 0.00460183
0.012536, 0.00464267
0.00414333, 0.00114906
0.00623692, 0.00181047
0.00621364, 0.00542204
0.0122471, 0.00955923
0.01019, 0.00338995
0.00623796, 0.00149828
0.00552951, 0.00585544
0.00521414, 0.00138906
0.00764363, 0.000899879
0.00725456, 0.00162541
0.00764546, 0.00320967
0.0038483, 0.000586151
0.00603239, 0.00162155
0.00631561, 0.00163672
0.00630794, 0.000582568
0.00556784, 0.00370567
0.00777529, 0.00532828
0.00256323, -0.00125337
0.0036682, 0.00200853
0.00470032, 0.00193785
0.00663254, 0.00252626
0.0101767, 0.00424436
0.00812095, 0.000172792
0.00582779, 0.00147791
0.00785507, 0.0029832
0.00630179, 0.00420924
0.00344874, 0.00288957
0.00689316, 0.00301597
0.010417, 0.00661625
0.00930028, 0.00679315
0.00153004, 0.000805697
0.00822868, 0.00536283
0.00781163, 0.00288993
0.00737013, 0.00229139
0.0113132, 0.00509437
0.00755802, 0.00279552
0.00563646, 0.00653977
0.0107366, 0.00455755
0.00603239, 0.00162155
0.00645022, 0.00397121
0.00587132, 0.00187142
0.0066181, 0.00158526
0.00705061, 0.00347271
0.00900545, 0.00405609
0.00804066, 0.00276495
0.00650914, 0.000834249
0.0109864, 0.00453222
0.00660597, 0.00282943
0.00558167, 0.00505807
0.00912605, 0.0032978
0.0112708, 0.00142471
0.00847239, 0.0103507
0.00813514, 0.0067181
0.00919861, 0.00360156
0.00520475, 0.00398144
0.00368789, 0.00544619
0.0135689, 0.00421039
0.00251319, 0.00419518
0.00422607, -0.00118418
0.0121564, 0.00762207
0.00602993, 0.00465107
0.00526676, 0.00335449
0.01114, 0.00926131
0.00389077, 0.000960667
0.00191499, 0.00286825
0.00682874, 0.00148047
0.00701568, 0.00134393
0.00626315, -0.00046251
0.00653734, 0.00285125
0.0094066, 0.00423539
0.00609452, 0.00234541
0.00457368, 0.00543873
0.00838625, 0.00271072
0.00338477, -0.000399496
0.0131715, 0.00574706
0.00775749, 0.00575508
0.00821932, 0.000652596
0.00347668, 0.00505674
0.0103928, 0.005558
0.00483387, 0.00699481
0.005947, 0.00183155
0.0112568, 0.00320736
0.00352306, -0.00131471
0.00801335, 0.00407911
0.00510281, 0.00298868
0.00368898, 0.00142773
0.0105478, 0.0062737
0.00316793, -0.00123054
0.00974187, 0.00360591
0.00379724, 0.00247868
0.00719785, 0.00170997
0.0088166, -0.000166429
0.00956944, 0.00313343
0.0105043, 0.00506606
0.00694396, 0.00192648
0.00414349, 0.00419222
0.00893975, 0.00756904
0.00348541, 0.00333542
0.00478282, 0.00505302
0.00626139, 0.00365816
0.00832537, 0.00585792
0.00386097, 0.00326134
0.00527398, 0.00701227
0.00642225, 0.000321899
0.00784283, 0.00273717
0.00717905, 0.00373582
0.00494828, 0.000708481
0.005778, -0.00174641
0.00414333, 0.00114906
0.0102628, 0.00911124
0.0121944, 0.00615239
0.0048601, 8.30302e-05
0.0130537, 0.00289679
0.0050937, 0.000167414
0.00505997, 0.00104101
0.00795357, 0.00248661
0.0093788, 0.00731339
0.00977724, 0.000224511
0.00325357, 0.00409521
0.00834484, 0.00354399
0.00783577, 0.00270903
0.00380709, -0.000304442
0.00522051, 0.00514817
0.00755233, 0.00233872
0.00742433, 0.00289021
0.0077484, 0.00265788
0.00658201, 0.00256218
0.0066488, 0.00455972
0.0101098, 0.00349727
0.00892542, 0.00544142
0.00464602, 0.00401319
0.00397529, 0.000741111
0.0139722, 0.00919183
0.00786304, 0.00245437
0.00757573, 0.00279054
0.00771367, -0.00155745
0.00722861, 0.00250351
0.00693169, -8.56737e-05
0.00527984, 0.0048594
0.00567343, -0.00112324
0.00776886, 0.00457534
0.00938484, 0.0047087
0.00701635, 0.00232026
0.00566851, 0.000432416
0.00815329, 0.00460209
0.00531856, 0.00428939
0.00605895, 0.00242813
0.00911851, 0.00224909
0.00655376, -0.00133779
0.005432, 0.00505225
0.00785835, 0.000616452
0.0015214, 0.00276139
0.0075129, 0.00238411
0.00490911, 0.00376735
0.00347024, 0.00415068
0.00548501, 0.00225363
0.00380554, 0.00121211
0.00789649, 0.000546407
0.00460769, 0.00491381
0.00614982, 0.00447495
0.00509564, 0.00343124
0.00420473, 0.00144193
0.00731651, 0.00256365
0.00240443, 0.00337131
0.00683414, 0.000351084
0.0049037, -0.00135321
0.0075059, 0.00330469
0.00677474, 0.000696423
0.00630586, 0.0028299
0.0117505, 0.00923366
0.00416778, 0.00241078
0.00551908, 0.00127431
0.00777841, 0.000932759
0.00731138, 0.00413899
0.00558564, -0.00111071
0.0106077, 0.0100755
0.00591196, 0.00596671
0.00901754, 0.00514252
0.00916373, 0.00453503
0.00782471, 0.00533825
0.00603239, 0.00162155
0.00698504, 0.00330563
0.00973708, 0.00569263
0.00524761, 0.00423093
0.00647022, 0.00246229
0.00488718, 0.000231292
0.00520702, 0.00302077
0.00598341, 0.00406277
0.00583425, 0.00471302
0.00468147, 0.000947257
0.00575674, 0.000637109
0.00589803, 0.00105249
0.00622377, 0.00177699
0.00837299, 0.00285117
0.00919704, 0.00305121
0.00140478, 0.000739319
0.00582795, 0.000674463
0.00776096, 0.00235342
0.00976636, 0.00306232
0.0027337, 0.00344368
0.00717139, 0.00315103
0.00579836, 0.0054462
0.0039655, 0.00110322
0.00376395, -0.000242409
0.0034213, 0.00450511
0.00847845, 0.00481411
0.00767737, 0.00338689
0.00973975, 0.00233129
0.00577104, 0.00495832
0.00802675, 0.00167777
0.00504583, 0.000406082
0.00266845, -0.00125988
0.0121547, 0.00538293
0.0135409, 0.0123683
0.00855069, 0.00324958
0.00584844, 0.00208607
0.00338471, 0.00278592
0.00932686, 0.00465722
0.00209203, 0.00253031
0.00547776, 0.00178968
0.00465402, 0.0048102
0.00722754, -0.000794603
0.00737023, 0.00177209
0.00137583, 0.00176116
0.00675958, 0.00227106
0.00779869, 0.00299599
0.00490907, 0.00327825
0.00857629, 0.00258737
0.0119919, 0.00983483
0.0066513, 0.00381033
0.00297256, 0.00335342
0.00684152, 0.000390353
0.00851499, 0.00519254
0.00627346, 0.00186555
0.00440788, 0.0017388
0.0059, 0.0014937
0.00795661, 0.0038638
0.0132622, 0.00784384
0.011724, 0.00894069
0.00573118, 0.00430135
0.00594546, -6.19338e-05
0.0103967, 0.0060106
0.0113776, 0.0053762
0.0143243, 0.00546185
0.00786925, 0.00148663
0.00619861, 0.000769786
0.00912328, 0.00331015
0.00734559, 0.00438425
0.00268798, 0.00338326
0.0111976, 0.00390722
0.0064867, 0.00272953
0.00757026, 0.00392365
0.00519126, 0.0026561
0.00667931, 0.00203041
0.0119787, 0.00762133
0.00258505, 0.00377576
0.00647346, 0.00283643
0.0060642, 0.00272245
0.00899878, 0.00328061
0.00574841, 0.00539687
0.0102963, 0.00197033
0.0038483, 0.000586151
0.0101111, 0.00329309
0.0120702, 0.00598136
0.00918719, 0.00526719
0.00576304, 0.00545836
0.00238273, 0.00405
0.00987486, 0.009649
0.00306855, 0.00165887
0.0118817, 0.0030861
0.00135897, 0.00213938
0.00583743, 0.000901186
0.00241604, 0.00198506
0.00558353, 0.00649025
0.00419781, 0.00164347
0.00443366, -5.71504e-05
0.00951664, 0.00672481
0.0104026, 0.00460103
0.0039609, 0.00178598
0.00862558, 0.00350005
0.00433092, 0.00159736
0.00939655, 0.00427728
0.00790415, 0.00189315
0.00746174, -0.00034798
0.00849157, 0.00442486
0.00694844, 0.00370815
0.00989411, 0.00421068
0.0054603, 0.00439106
0.00798322, 0.000227699
0.00925822, 0.00458014
0.00601796, 0.0028877
0.00398551, 0.000627081
0.00893146, 0.00194438
0.00608805, -0.00106043
0.00772964, 0.0040899
0.00637135, 0.00316831
0.00440565, 0.00193471
0.00483998, 2.36029e-05
0.00993607, 0.00277119
0.00626772, 0.00127332
0.00639081, 0.00395943
0.0101157, 0.00591605
0.00729849, 0.00323484
0.00911759, 0.00436011
0.00576992, 0.00350061
0.0038185, 0.00601038
0.00778166, 0.00296496
0.00824149, 0.00191026
0.00632599, -0.00118742
0.012339, 0.0043599
0.0108401, 0.0047763
0.0115115, 0.00088884
0.00516846, 0.00599707
0.00684542, 0.00460183
0.00561167, 0.00426402
0.00540719, 0.00290128
0.00845999, 0.00209696
0.00794324, 0.0028074
0.00780422, 0.00301704
0.00317469, 0.00144294
0.00745348, 0.00154921
0.00417562, -0.000583619
0.00792704, 0.00325631
0.00507239, -0.000979801
0.00608581, 0.00143704
0.00999965, 0.00211032
0.00926203, 0.00584298
0.00165599, 0.00155397
0.00767181, 0.00174068
0.00284131, 0.00347806
0.0139769, 0.00424784
0.000443579, 0.000430099
0.00338319, 0.00423748
0.0060028, 0.00428017
0.00404041, 0.00596458
0.00461337, 0.00314542
0.00809991, 0.00473471
0.00797877, 0.00351473
0.0055468, 0.0038
0.0111437, 0.00134232
0.00685912, 0.00181971
0.00659016, 0.000568145
0.00476737, 0.000860387
0.00514389, 0.00226386
0.00452847, 0.00228141
0.00567116, -0.000646906
0.00862821, 0.0025608
0.00995426, 0.00523585
0.00791388, 0.00481936
0.00981995, 0.0054675
0.0108948, 0.00996489
0.00227324, 0.00288768
0.00605343, 0.00119499
0.00376395, -0.000242409
0.00838139, 0.00893183
0.00486092, 0.00175855
0.00306546, 0.00086797
0.00686721, 0.0043566
0.00510492, 0.00362202
0.00378068, 0.00289125
0.00989568, 0.00961392
0.00547783, 0.000573564
0.00884728, 0.00458834
0.0111921, 0.00899255
0.00830896, 0.00693153
0.00715405, -8.77828e-05
0.00959051, 0.00333759
0.00129459, 0.00251483
0.00463578, 0.00530447
0.00379869, 0.000755261
0.0054865, 0.00406022
0.00519126, 0.0026561
0.00730297, 0.00202485
0.00773923, 5.95471e-05
0.00863529, 0.00501358
0.00359454, 0.00371492
0.00755745, 0.00338215
0.00822399, 0.00256791
0.00595745, 0.00230953
0.00765129, 0.00101937
0.00758586, 0.00325082
0.0101956, 0.00728812
0.00538744, -0.000907941
0.00790224, 0.00330733
0.00963848, 0.00607368
0.00796353, 0.00392622
0.00617233, 0.000206428
0.00137583, 0.00176116
0.00693934, 0.00488239
0.00500379, 0.000434698
0.00692379, 0.00392335
0.00724557, 0.00282512
0.0110948, 0.00358002
0.00786059, 0.00220305
0.0059611, 0.0044437
0.00327026, 0.00202627
0.00322682, -0.000949673
0.00551908, 0.00127431
0.00337044, 0.00348176
0.00418914, 0.00625968
0.00593266, -0.000680698
0.0123246, 0.00334674
0.00551908, 0.00127431
0.00272311, 0.00130409
0.00565671, 0.00640029
0.00722391, 0.000646695
0.0106563, 0.00702275
0.0047788, 0.001811
0.00770304, 0.00517046
0.00575958, 0.00184897
0.0101836, 0.00397872
0.00640726, 0.00751741
0.0109642, 0.00417825
0.00839034, 0.00396262
0.00607951, 0.00254227
0.00242426, 0.00496896
0.00590234, 0.00409723
0.00845688, 0.00287926
0.00770759, 0.00026537
0.00542672, 0.0021309
0.00611584, 0.00152182
0.0116054, 0.00554039
0.00603774, 0.0070872
0.00613507, 0.00474724
0.00230658, 0.00290639
0.00144376, 0.00114089
0.00564788, 0.00203567
0.00558534, -0.001866
0.00831721, 0.00589325
0.00661574, 0.00303418
0.00426003, 0.00317755
0.0113735, 0.00782775
0.0104026, 0.00460103
0.00964293, 0.0075557
0.00605803, 0.000398771
0.00873282, 0.00110807
0.0039564, 0.00190523
0.00780009, 0.00278165
0.00184209, 0.000853783
0.00346807, 0.00259152
0.013026, 0.00619866
0.00737132, -0.0012846
0.00703609, 0.00386559
0.00417231, 0.00281672
0.00824356, 0.00316585
0.00883025, -5.44446e-05
0.00698508, 0.00180135
0.00906832, 0.0041886
0.00612039, 0.00267544
0.00374673, 0.00209308
0.00533048, 0.00035007
0.00616217, 0.000813123
0.00635521, 0.00213039
0.00359264, -0.000873821
0.012747, 0.00741716
0.00502228, 0.00511761
0.00462313, 0.0041772
0.00930107, 0.00213826
0.00780653, 0.00280485
0.014586, 0.00556844
0.00598605, 0.000720478
0.00599927, 0.00561368
0.00555665, 0.00129339
0.00829295, 0.00257468
0.00983846, 0.00397108
0.00441506, 0.00479972
0.00298769, 0.00339186
0.00594736, 0.000553134
0.00607797, 0.00412006
0.00644653, -0.000404489
0.00441277, 0.00392648
0.00629419, 0.00449474
0.00700426, 0.00252543
0.00502919, 0.00545027
0.00852555, 0.006581
0.00740718, 0.00263721
0.00547432, -9.06392e-05
0.00164875, 0.00187268
0.0071752, 0.00359328
0.00988232, 0.00338302
0.00617962, 0.000380922
0.00683797, -0.00145602
0.00300697, 0.000857425
0.00824388, 0.00550178
0.00874097, 0.00537417
0.00789449, 0.00361709
0.00505628, 0.00282458
0.00437316, -0.00103869
0.00587201, 0.0036335
0.00372429, -0.000879805
0.00575517, 0.00435024
0.00608948, 0.00482455
0.00893256, -0.000251514
0.0106563, 0.00702275
0.00607755, 0.00192729
0.00729387, 0.0049754
0.00606318, 0.000930832
0.00480061, 0.00227004
0.00796051, 0.0029302
0.0105255, 0.00437764
0.0123561, 0.00507336
0.00806492, 0.0014316
0.00955304, 0.0028899
0.00835355, 0.00345938
0.00614512, 0.00127576
0.0118104, 0.00624887
0.00366099, -0.000940636
0.00459228, 0.00341235
0.00516846, 0.00599707
0.0068034, 0.00142896
0.00514899, 0.00255777
0.00362102, 0.00524547
0.00663254, 0.00252626
0.00718162, 0.00172286
0.00476991, 0.00575254
0.00544996, 0.00502859
0.00333466, 0.000736498
0.00842299, 0.00285459
0.00656643, 0.00322022
0.00327026, 0.00202627
0.013122, 0.00800279
0.0104916, -5.62413e-05
0.00583225, -0.000966133
0.00446952, 0.00479085
0.00765412, 0.00175203
0.00644239, -0.000914974
0.00867163, 0.00263241
0.0013861, 0.000179878
0.0055539, -0.000648854
0.00825371, 6.49211e-05
0.00285734, 0.000882473
0.00571159, 0.00280936
0.00690706, 0.00342679
0.00601962, 0.00468696
0.0036682, 0.00200853
0.00506515, 0.00158087
0.0107666, 0.00657194
0.0101829, 0.00518303
0.0047236, -0.00116774
0.00813483, -0.000223393
0.00472662, 0.00234687
0.00845876, 0.00369907
0.0038483, 0.000586151
0.00789673, 0.0033354
0.00465959, 0.00132688
0.00856486, 0.000942393
0.00874489, 0.00433959
0.00643133, 0.00120368
0.00552271, 0.000568853
0.00490723, 0.00555338
0.00497545, 0.00319319
0.00370236, -0.00257874
0.00400989, 0.0049353
0.00592309, 0.00499044
0.000989563, 0.00066854
0.00805172, 0.00208865
0.01234, 0.00482991
0.00906964, 0.00320287
0.00594151, 0.00614996
0.00530457, 0.00333226
0.00567829, 0.00368676
0.00647176, 0.00473111
0.00645177, -0.00068648
0.0074802, 0.00430552
0.00570174, 0.00568037
0.00697117, 0.00177073
0.00690562, 0.00166141
0.00504705, 0.00292407
0.00492262, 0.00016531
0.00854353, 0.00240511
0.0144659, 0.00558291
0.00546887, 0.00185462
0.00835984, 0.00324817
0.00607022, 0.00437529
0.00812592, 0.000682393
0.00790483, 0.00459303
0.00633275, 0.00161292
0.00558733, 0.000983945
0.00817964, 0.00309214
0.00472548, -0.000173441
0.00533715, -0.000753167
0.00601678, 0.00423602
0.00705814, 0.004534
0.00504635, 0.00393221
0.00486363, 0.00227236
0.0119557, 0.00633812
0.00944538, 0.000766233
0.00837836, 0.00702499
0.00365196, 0.0021204
0.0112227, 0.00301263
0.00137583, 0.00176116
0.00709019, 0.00457007
0.0074012, 0.00586284
0.00880502, 0.000722261
0.00226482, 0.00397724
0.0096239, 0.00758185
0.00603246, 0.00210839
0.0102149, 0.00532571
0.00759739, 0.00208974
0.00789287, 0.00380366
0.00430664, -8.91055e-05
0.00863552, 0.00960936
0.00573691, 0.00269477
0.00481248, 0.000432448
0.00376395, -0.000242409
0.00414333, 0.00114906
0.00817256, 0.00418727
0.0120029, 0.00596154
0.00482222, 0.00227968
0.0039032, -0.000668778
0.00741887, 0.00159672
0.00596876, 0.00146828
0.00560236, 0.000527544
0.00667165, 0.00444955
0.00599916, 0.00171974
0.00478078, 0.000337653
0.00942293, 0.00326142
0.00533031, 0.00567963
0.00761446, 0.00374939
0.00739683, 0.00352289
0.00655652, 0.00444287
0.0101767, 0.00424436
0.0050332, 0.00400016
0.00544085, 0.00156953
0.00584879, 0.0055264
0.00882747, 0.00161577
0.00582891, 0.00169132
0.0076024, 0.00241064
0.00448333, 0.00153356
0.00613105, 0.00387355
0.0129073, 0.00490198
0.00748657, 0.00213926
0.0020873, 0.00099131
0.00569219, 0.00455689
0.00268503, 0.00486582
0.00785854, 0.0021617
0.00510797, 0.0022584
0.00679939, 0.00260253
0.00833871, 0.00422846
0.00520977, 0.00381397
0.00993116, 0.00485681
0.00478551, 0.00215637
0.00850836, 0.00567776
0.00952405, 0.0046135
0.00643969, 0.00349103
0.0070824, 0.000618099
0.00590029, -0.00076655
0.0106969, 0.00647159
0.00588324, 0.000296431
0.00673326, 0.000230103
0.00831715, 0.00420765
0.0136397, 0.00410943
0.00676024, 0.00144269
0.00517715, 0.0068536
0.00504421, 0.00142523
0.0103961, 0.00274143
0.00782191, 0.00279971
0.0079738, 0.00244711
0.00481744, 0.0018124
0.00874628, 0.0065073
0.00700316, 0.00383117
0.00770794, 0.00190226
0.00824388, 0.00550178
0.00876109, 0.00416061
0.0034213, 0.00450511
0.0108812, 0.00359275
0.0059105, 0.00409613
0.00346672, 0.00190088
0.00644972, 0.00023037
0.00930342, 0.0072464
0.00758776, 0.00297161
0.00761091, 0.00253302
0.00382727, 0.00188303
0.00744503, -0.000111475
0.0073112, 0.00287397
0.00918742, 0.002659
0.00675277, 0.00405248
0.00915688, 0.00497751
0.00812305, 0.00427778
0.00878344, 0.000813851
0.00721169, 0.000940056
0.00814934, 0.00247899
0.00691466, 0.00315328
0.00274747, 0.000617722
0.00380451, 0.00313056
0.00782713, 0.00516898
0.0110534, 0.00686825
0.00570146, 0.00400916
0.00400989, 0.0049353
0.00440492, -0.000551569
0.00547902, 0.00159422
0.00639297, 0.000188883
0.00755802, 0.00279552
0.00828419, 0.00175363
0.00958783, 0.00698455
0.00215736, 0.00298296
0.00876328, 0.00338353
0.00579039, -0.000961496
0.00993266, 0.00495743
0.0120858, 0.00754448
0.00140478, 0.000739319
0.0076516, 0.0017701
0.00592332, 0.00176722
0.00656643, 0.00322022
0.00325113, 0.00404485
0.00574515, 0.00392349
0.00894657, 0.00264526
0.00493935, 0.00148465
0.00949422, 0.00328121
0.00327026, 0.00202627
0.00627983, 0.0018958
0.00677962, 0.00136172
0.00925161, 0.00397063
0.00743123, 0.00260893
0.00542159, 0.00307416
0.00519656, 0.00686297
0.00515896, 0.00136091
0.00441501, 0.00406092
0.00672671, 0.000690934
0.00312341, 0.00254541
0.00937872, 0.00495283
0.00451154, 0.00160534
0.00595263, 0.0022554
0.00905746, 0.00678045
0.00348468, 0.00702131
0.00624128, 0.00615178
0.00629652, 0.00301881
0.00406402, 0.000604263
0.00801762, 0.000856448
0.00435101, -0.000982133
0.0062452, 0.00359602
0.00927905, 0.0016156
0.00605423, 0.00556076
0.00549407, 0.000941861
0.00698892, 0.00297013
0.00945523, 0.000167669
0.0056027, 0.00217855
0.00822961, 0.00349741
0.00634479, 0.000492288
0.00522809, 0.00212774
0.00599782, 0.00492157
0.00593662, 0.00168124
0.0084315, 0.00149817
0.00494012, 0.00206956
0.00569111, 0.00212934
0.0118999, 0.00205512
0.00948873, 0.00277751
0.0099373, 0.00946987
0.00708859, 0.00303496
0.00449142, 0.00406147
0.00738468, 0.000862321
0.00911089, 0.00231556
0.00922656, 0.00243906
0.00699974, 0.00493863
0.00312341, 0.00254541
0.0126283, 0.00633413
0.00827853, 0.00408556
0.00682333, 0.00225378
0.00719052, 0.00178746
0.00608352, 0.00120345
0.00656065, 0.0013557
0.00949054, 0.00404341
0.00674836, 0.00205448
0.0114336, 0.00521611
0.00682874, 0.00148047
0.00169948, 0.000769099
0.00509149, 0.00205961
0.00654107, 0.00533248
0.0102445, 0.00101847
0.0119245, 0.0075598
0.00566037, 0.00212051
0.00587055, -0.00120207
0.00880911, 0.00350168
0.00527956, -0.00134062
0.00805772, -0.00102373
0.00826622, 0.00478667
0.00140478, 0.000739319
0.00817001, 0.00352393
0.0054865, 0.00465141
0.0038498, 0.00157456
0.00762749, 0.0039219
0.00228624, 0.00291284
0.00649128, 0.00268159
0.00593948, 0.0025667
0.00396991, -0.000733093
0.00689012, 0.00389295
0.00893146, 0.00194438
0.00740718, 0.00263721
0.00660461, -0.000672152
0.00874873, 0.000917316
0.00569802, 0.0045556
0.0125206, 0.00342978
0.00161581, 0.00278201
0.00385391, 0.000902809
0.00555976, 0.00161543
0.0104026, 0.00460103
0.00625969, 0.00206286
0.00428838, -0.00102941
0.00698823, 0.00429377
0.00474724, 0.000978781
0.00695479, 0.00554983
0.0134584, 0.0121988
0.00240839, 0.000557315
0.0108483, 0.00892096
0.00482421, 0.0051315
0.00955058, 0.0050658
0.00611425, 0.00143129
0.00242426, 0.00496896
0.00569124, 0.00464997
0.00708859, 0.00303496
0.00681958, 0.00204679
0.00309893, 0.00307859
0.00906858, 0.00662184
0.00544493, 0.00427305
0.00682374, 0.00303759
0.00599601, 0.00120363
0.0049756, 0.00308724
0.00855417, 0.00655621
0.00599462, 0.00433066
0.00527257, 0.00484555
0.00989527, 0.00459291
0.00639297, 0.00487119
0.00392633, 0.00111404
0.00988416, 0.000320927
0.0098708, 0.00617105
0.00952844, 0.00515454
0.0040227, 0.00496848
0.00876716, 0.00233249
0.00384042, 0.00321826
0.00758909, 0.00397421
0.00295093, -0.000836213
0.00607348, 0.00418446
0.00455495, 0.00183221
0.00332475, 0.00218573
0.0112443, 0.00200905
0.00414333, 0.00114906
0.00610639, 0.00221594
0.0122763, 0.0111428
0.00455458, 0.00137521
0.0065547, 0.0042884
0.00634464, -0.00110977
0.00684865, 0.00304574
0.00891723, 0.00385042
0.00426445, 0.00216037
0.00376563, 0.00211086
0.00108254, 0.000999419
0.00843378, -0.000200378
0.00757485, 0.00412996
0.00762619, -0.00105956
0.00604662, 0.00407076
0.00739224, 0.00550694
0.00777086, 0.0037492
0.00646028, 0.00130458
0.0105598, 0.00381486
0.0116239, 0.00951447
0.00957961, 0.00267648
0.00547015, 0.00227814
0.00384042, 0.00321826
0.0071238, 0.00462202
0.00652658, 0.0079666
0.0076962, 0.00430381
0.00563298, 0.00271108
0.0116627, 0.00898492
0.0090857, 0.00522477
0.00186676, 0.00319866
0.00472263, 0.00613473
0.00438928, 6.31887e-05
0.0107783, 0.00398691
0.00720479, 0.00421964
0.0069846, 0.00474439
0.00963195, 0.00322232
0.00613589, 0.00474521
0.00582779, 0.00147791
0.00483172, 0.0039725
0.00714463, 0.001819
0.00137583, 0.00176116
0.00622236, 0.00208773
0.010334, 0.0089668
0.00549309, 0.00498474
0.0097223, 0.0045091
0.0111818, 0.0116619
0.00335544, 0.00207672
0.00520475, 0.00398144
0.00413744, 0.0015516
0.00839332, 0.00262992
0.00137583, 0.00176116
0.00803372, 0.00161473
0.0107205, 0.0099214
0.00889455, 0.00214269
0.00938198, 0.00399078
0.0151384, 0.00661874
0.00368335, 0.00340631
0.0143458, 0.0058178
0.00581852, 0.0013419
0.0058238, 0.000788939
0.00713477, 0.00315292
0.00944727, 0.00138822
0.00288345, 0.00363378
0.00898328, 0.00711878
0.00282223, 0.00322542
0.00771202, 0.00516189
0.00622673, 0.00325268
0.0083868, 0.00334179
0.00845583, 0.00402341
0.00448286, 0.00168167
0.00607547, 0.0014766
0.0108592, 0.00504662
0.0042101, -0.000715439
0.00926072, 0.00595962
0.00373978, -0.000183068
0.00399286, -0.00164873
0.00983856, 0.00423126
0.00682256, 0.00175152
0.00540053, 0.000797938
0.0111882, 0.00737348
0.00773942, -0.00118056
0.0047587, -0.00108749
0.00742308, -2.55515e-05
0.00694353, 0.00186694
0.0101781, 0.00155924
0.00620756, 0.00439044
0.00694353, 0.00186694
0.0104193, -0.000360663
0.00435526, -0.000753307
0.00589394, 0.00377495
0.00778067, 0.00335573
0.0100125, 0.00446407
0.00416988, 0.00325954
0.00325113, 0.00404485
0.00556491, -0.00110694
0.00945111, 0.000938427
0.00711182, 0.00283988
0.00848503, 0.00632734
0.00926219, 0.00278561
0.00955578, 0.00364026
0.00682674, 0.00342345
0.0067685, 0.0022043
0.00666807, 0.00452952
0.0072086, 0.00188016
0.00914295, 0.00409819
0.00749966, 0.00236479
0.00698504, 0.00330563
0.0109317, 0.00659596
0.00547291, -0.00217569
0.0062662, 0.00210724
0.00657324, 0.00371141
0.00468278, 0.00184196
0.0124039, 0.00776403
0.00747171, 0.00106613
0.00657609, 0.00455745
0.00759836, 0.00111861
0.00773707, -0.00116021
0.00426266, -0.00161701
0.00656138, 0.00154098
0.00436192, -0.00107537
0.00516578, 0.000277755
0.00574503, -0.00104835
0.00406508, 0.000276767
0.012205, 0.00811677
0.0105116, -2.14167e-05
0.00685685, 0.00469415
0.00897433, 0.00145973
0.00562532, 0.00386474
0.0051139, 0.00427563
0.00575144, -0.000669722
0.0071053, 0.00176157
0.0113545, 0.00287166
0.00619526, 0.00186017
0.00567087, 0.00461495
0.0070943, 0.00061149
0.00453172, 0.00102904
0.0044062, 0.00296892
0.00729456, 0.00317724
0.00394803, 0.00221174
0.00695981, 0.00348136
0.0117454, 0.00426146
0.00953032, 0.00731848
0.00652475, 0.00520265
0.0123517, 0.00732356
0.00617432, 0.00139027
0.00755947, 0.00478532
0.0144288, 0.00574455
0.00831715, 0.00420765
0.00450387, 0.00168877
0.00511691, 0.0015044
0.00401568, 0.00145882
0.0081136, 0.00392671
0.0127147, 0.00132969
0.00609935, 0.00218662
0.00833558, 0.00381823
0.00633764, 0.0030489
0.00518685, -0.000755552
0.013593, 0.00523814
0.00419139, 0.00106996
0.013358, 0.00784266
0.00767101, 0.000596746
0.00804128, 0.00341128
0.0152441, 0.00951165
0.00773803, 0.00259103
0.0105228, 0.00396127
0.0102897, 0.00281157
0.00670681, 0.0044678
0.006226, 0.0056768
0.00506512, 0.00146456
0.0071627, 0.000414425
0.00708293, 0.00363723
0.0104321, 0.00178964
0.00997692, 0.00325488
0.00366916, 0.00508629
0.00603673, 0.00464934
0.0112824, 0.00621235
0.00863083, 0.0022775
0.00558157, 0.00370756
0.0104959, 0.000987159
0.00624832, 0.00166076
0.00618455, 0.0013962
0.00640272, 0.00330264
0.00924623, 0.00475807
0.00815907, 0.0022314
0.0123401, 0.00335331
0.00991375, 0.00670601
0.005788, 0.00103756
0.00876114, 0.000626767
0.00639825, 0.0011451
0.00478473, 0.00088099
0.00758488, 0.0013694
0.00716513, 0.00219951
0.00737843, 0.0016662
0.00602831, 0.00406329
0.00728557, 0.00159776
0.0106869, 0.00955736
0.00409228, 0.00299089
0.0132802, 0.00926775
0.00505628, 0.00282458
0.0085575, 0.00427959
0.00896417, 0.00208431
0.0109517, 0.012181
0.00849176, 0.00303923
0.00865729, -0.00082838
0.00395033, 0.00165394
0.00467866, -3.69743e-05
0.00557265, 0.00137265
0.00448146, 0.00451768
0.00595549, 0.00350066
0.00539392, 0.000993112
0.00509408, 0.000280371
0.00522973, 0.000481135
0.00798987, 0.00270738
0.00817263, 0.00592278
0.00743369, 0.00387159
0.00859215, 0.000488176
0.0110481, 4.02103e-05
0.00818543, 0.00222222
0.00435686, 2.8858e-05
0.00780309, 0.00205895
0.00913342, 0.00263156
0.00850836, 0.00567776
0.00871168, 0.00247536
0.00818433, 0.00250884
0.00897043, 0.00356383
0.00773835, 0.00243092
0.00739966, 0.0012768
0.00616399, 0.0031778
0.0105297, 0.00392152
0.0128528, 0.0105187
0.00453544, -0.000769718
0.00674836, 0.00205448
0.00731975, 0.00432734
0.00743369, 0.00387159
0.00555098, 0.00368086
0.00679543, 0.00319276
0.0103739, 0.00378326
0.00705643, 0.003076
0.00758776, 0.00297161
0.00326375, -0.000980758
0.00931744, 0.0052516
0.00698504, 0.00330563
0.00694129, 0.00219529
0.00572415, 0.00541149
0.00838403, 0.00419887
0.00793361, 0.00271812
0.00161581, 0.00278201
0.00402629, 0.00162999
0.0131136, 0.00698565
0.00503055, 0.0032474
0.00770047, 0.00349429
0.00654852, 0.00502176
0.00737132, -0.0012846
0.00434791, -1.89872e-05
0.0054739, 0.00121367
0.013236, 0.00386487
0.00670536, 0.000849439
0.00880702, 0.00548601
0.00621479, 0.00615041
0.00872297, 0.000384634
0.00918742, 0.002659
0.00749754, 0.00470103
0.00531387, 0.00295431
0.00903797, 0.00277308
0.00802034, 0.00612143
0.00802523, 0.00194547
0.00607816, 0.000944644
0.00356585, 0.0010496
0.00839705, 0.000246047
0.00874259, 0.00112245
0.00483509, 0.00392107
0.00696438, 0.00356147
0.00606126, -0.000728057
0.00533323, 0.0037315
0.00539322, 0.00425842
0.00918172, 0.00199626
0.0107798, 0.00859061
0.00644346, 0.00279688
0.00661074, 0.00336423
0.00675277, 0.00405248
0.00896309, -8.22276e-05
0.00297655, -0.00214861
0.00443256, 3.18381e-06
0.00632162, 0.0013853
0.00808451, 0.000204165
0.0068222, 0.00610488
0.00547015, 0.00227814
0.00453159, 0.0032176
0.00604844, 0.00178192
0.00761784, 0.00206533
0.00527161, 0.001237
0.00221438, 0.00392199
0.00312341, 0.00254541
0.0149161, 0.00639332
0.00858555, 0.00464858
0.00582219, 0.0061775
0.00629496, 0.00687465
0.00551908, 0.00127431
0.00878022, 0.00314488
0.0063678, -0.000455399
0.00591895, 0.000415642
0.00482222, 0.00227968
0.00364374, 0.00298258
0.00508127, 0.00337303
0.00554193, 0.00417634
0.0040397, 0.00323001
0.00298981, 0.00393541
0.00888136, 0.0059139
0.00548182, 0.00406811
0.00539158, -0.00103119
0.0139793, 0.00824408
0.00764618, 0.00479503
0.00531152, 0.00501802
0.0119613, 0.0073813
0.00704096, 0.00420572
0.00631831, 0.00393832
0.00822868, 0.00536283
0.00615671, 0.000834616
0.00615671, 0.000834616
0.00793556, 0.00355012
0.00645704, -0.000439035
0.00790483, 0.00459303
0.00738162, 0.00458051
0.00565882, 0.00446734
0.00790482, 0.00290473
0.00742767, 0.00358887
0.00747426, -4.20744e-05
0.010116, 0.0068007
0.00824204, 0.0020653
0.00786521, 0.000376866
0.0127675, 0.00612492
0.00504421, 0.00142523
0.00910437, 0.00346573
0.00595745, 0.00230953
0.00651469, 0.00552369
0.00645626, 0.000688342
0.00326177, 0.00320965
0.00453473, -4.01497e-05
0.00765256, 0.00527586
0.0110629, 0.00433015
0.00716967, 0.00358555
0.00555934, 0.00385741
0.00599927, 0.00561368
0.00445774, 0.00402283
0.00472476, -0.00150579
0.00716081, 0.00174145
0.00166077, 0.000213289
0.00656643, 0.00322022
0.00321123, 0.00440865
0.00557952, 0.00338126
0.0108677, 0.00405465
0.00403821, 0.00126284
0.00718047, 0.0036618
0.0104924, 0.00497692
0.00757688, 0.000856033
0.00749059, 0.00334683
0.00417231, 0.00281672
0.00514355, 0.00474261
0.00165006, 0.00171331
0.00143759, 0.00295555
0.00298981, 0.00393541
0.00925389, 0.00504453
0.00944195, 0.0019528
0.00696406, 0.00112579
0.00932807, 0.00466854
0.00993798, 0.00278259
0.0111137, 0.011388
0.00382997, 0.000980932
0.00593776, 0.00326146
0.00640473, 0.00212939
0.00707216, 0.00430281
0.00595396, 0.000340619
0.00811846, 0.00578103
0.00668813, 0.00329895
0.00768352, 0.00187243
0.00987134, 0.00572994
0.0121651, 0.00625658
0.00735972, 0.00381615
0.00653317, 0.00380722
0.00549309, 0.00498474
0.00680109, -0.0010296
0.004632, -0.00189895
0.0132863, 0.00642567
0.00856919, 0.000650936
0.00509152, 3.09109e-05
0.00835422, 0.00210229
0.00359747, -0.000952086
0.00510041, 0.00665594
0.00429229, 0.00550009
0.00977624, 0.00995553
0.00665616, 0.00536782
0.00556956, 0.0060292
0.00291, 0.00309818
0.00688618, 0.00333894
0.00465959, 0.00132688
0.0073734, 0.0044135
0.00435869, -0.00104376
0.0106563, 0.00702275
0.00624392, 0.00121755
0.00769198, 0.00182337
0.00875961, 0.00255674
0.00718877, 0.00361998
0.00688346, 0.000423852
0.00296407, 0.00190155
0.00590898, 0.00438516
0.00751257, 0.00328261
0.00490661, 0.00078981
0.00325117, -0.000903489
0.0115597, 0.00289496
0.00478683, -0.0010364
0.00666621, 0.00367465
0.00460108, -0.00178992
0.00586047, -0.000855171
0.0110344, 0.00176826
0.00971919, 0.00442788
0.00594044, 0.00414794
0.00866337, 0.00300933
0.00626106, 0.00145087
0.00676793, 0.000505654
0.00739907, 0.00335197
0.00601613, 0.00405844
0.0107265, 0.00495377
0.0077354, 0.00554388
0.0105293, 0.00520659
0.00322119, 0.00337271
0.00216851, 0.00245687
0.00986102, 0.00524483
0.00570174, 0.00568037
0.00639506, 0.00516884
0.00672692, 0.00260673
0.00498033, 0.0025004
0.0102965, 0.00220033
0.00575892, 0.0015684
0.00650176, 0.00435824
0.00666052, 0.000561606
0.00957433, 0.00162762
0.0051613, 0.00430268
0.0105976, 0.00492544
0.00415966, 0.00362618
0.00770312, 0.00120758
0.00624599, 0.00139146
0.0132768, 0.0121662
0.00999752, 0.00634191
0.00595508, 0.00153238
0.00502445, 0.000528447
0.00615671, 0.000834616
0.0131876, 0.00950591
0.00770938, 0.00398025
0.00749407, 0.00197795
0.0041038, 0.00200666
0.00708859, 0.00303496
0.00718971, 0.00214934
0.0124658, 0.00907106
0.0112386, 0.00777169
0.00672941, 0.00362844
0.00452678, 0.00186524
0.00684137, 0.00393969
0.00560045, 0.00217089
0.00380588, 0.00209783
0.00233159, 0.0026438
0.00678389, 0.00163686
0.0064756, 0.00380857
0.00705063, 0.000287029
0.0125392, 0.00637544
0.00917339, 0.00193485
0.00868952, 0.00462115
0.00627673, 0.00404051
0.0055585, 0.00461999
0.00885866, 0.00440013
0.00723668, 0.00147792
0.00603646, 0.00263697
0.00989137, 0.00759754
0.00244544, -0.000931351
0.00612127, 0.00420938
0.00547898, 0.00335503
0.00519327, 0.00202123
0.00588302, 0.00201363
0.00697276, 0.00298554
0.00917518, 0.00219106
0.0046228, 0.00305887
0.00488623, -0.00187371
0.0076875, 0.00296892
0.0059145, 0.00184112
0.00633489, 0.002176
0.00667987, 0.00234408
0.00434721, 0.000300764
0.00696021, 0.0045283
0.0024075, 0.00134923
0.00581748, 0.00339179
0.00484171, 0.00432743
0.0105137, 0.00480291
0.00785583, 0.00289891
0.00594647, 0.00244709
0.0065625, 0.00166866
0.00726392, 0.00299998
0.00934781, 0.00448786
0.00795359, 0.000178537
0.00569802, 0.0045556
0.00329263, -0.000828304
0.00509334, -0.00215205
0.0122689, 0.00622273
0.00977398, 0.00280272
0.0095336, 0.00405636
0.00827569, 7.829e-05
0.00811205, 0.00285976
0.00731048, 0.00507436
0.00788791, 0.0051632
0.0057499, -0.00082859
0.0050084, 0.00105777
0.00689875, 0.00329339
0.00646751, 0.00576681
0.0133165, 0.00648086
0.00945046, 0.00383402
0.00565238, 0.00589734
0.0117864, 0.00658878
0.00640272, 0.00330264
0.00551996, 0.000973714
0.0119657, 0.00449724
0.00548811, 0.00128179
0.013075, 0.00414942
0.00655234, 0.0025594
0.00400989, 0.0049353
0.00845181, 0.00298206
0.00780381, 0.00124123
0.00465959, 0.00132688
0.0120505, 0.00632958
0.00955645, 0.00403427
0.00914839, 0.00556853
0.01116, 0.0114205
0.00654778, 0.0041855
0.00928163, 0.000770488
0.00843793, 0.00212514
0.00772812, 0.00118264
0.00663128, 0.0025678
0.00543449, -0.00122214
0.00777428, 0.00507057
0.00571204, 0.000702319
0.00727478, 0.00181131
0.00937685, 0.000426042
0.0109553, 0.0045347
0.0113558, 0.0033702
0.00630997, 0.000588778
0.00770881, 0.00661621
0.00304058, 0.00159984
0.00669829, 0.00611073
0.00740718, 0.00263721
0.0141783, 0.0079801
0.00431835, 0.00438715
0.012176, 0.0127944
0.00495227, 0.0017903
0.00733533, 0.00328034
0.00203849, 0.00291908
0.00443853, 0.00113319
0.00698218, 0.00488813
0.00516846, 0.00599707
0.00283372, -0.000777551
0.0109414, 0.0121862
0.00716534, 0.00113382
0.00769093, 0.00351128
0.00670931, 0.00130786
0.00722035, 0.00142751
0.00997048, 0.00275548
0.00700389, 0.00359592
0.00748355, 0.00288125
0.00788187, 0.00361263
0.00901664, 0.00493404
0.00773185, 0.00152745
0.00646382, 0.00189531
0.00731834, -0.000154307
0.00918418, 0.00449719
0.00454113, 0.0019673
0.0038483, 0.000586151
0.00645423, 0.00076221
0.0101229, 0.0038399
0.00616598, 0.00170124
0.00657063, 0.00455783
0.00116772, 0.00161342
0.00396609, 0.00028041
0.0117466, 0.0061625
0.00370937, 0.00101826
0.00673256, 0.00337888
0.00598924, 0.00514532
0.00945563, 0.00273111
0.00368335, 0.00340631
0.00508672, 0.00342578
0.00549958, 0.0043671
0.0105425, 0.00992438
0.00385391, 0.000902809
0.00622197, 0.000494374
0.00567616, 0.000958836
0.00725284, 0.000857006
0.00414965, 0.00288184
0.00472403, 0.0012568
0.00395945, 0.00252412
0.0047845, 0.00258356
0.00954913, 0.00214025
0.00599271, 0.00356577
0.00958529, 0.00719756
0.00693617, 0.00181909
0.00842522, 0.00197493
0.00441501, 0.00406092
0.00496574, 0.0018937
0.0113435, 0.00592082
0.00779771, 0.00296647
0.00529999, 0.00300073
0.00461365, 0.003605
0.00614586, -0.00229162
0.00645959, 0.00278913
0.00108254, 0.000999419
0.00434714, -0.0010458
0.00545058, 0.00455701
0.00643312, 0.0049074
0.0024888, 0.00414794
0.00520475, 0.00398144
0.0106562, 0.00426453
0.00471933, 0.00307102
0.00950671, 0.00212975
0.0081695, 0.000253361
0.00547319, 0.00210422
0.0074447, 0.000172049
0.00802191, 0.00319141
0.00811502, 0.00337988
0.00509313, 0.00148694
0.00710328, 0.00382968
0.0121023, 0.00838861
0.00398799, 0.00385835
0.00824867, 0.0023987
0.00877384, 0.00261095
0.0100864, 0.00561262
0.00564085, -7.02837e-05
0.0116997, 0.00900631
0.0107802, 0.00308639
0.00748757, -0.000885809
0.0067288, -0.00153297
0.00670911, 0.00420827
0.00897376, -0.000384682
0.00490527, 0.00422377
0.00607028, 0.00481018
0.00792172, 0.000382949
0.00724482, 0.00832959
0.0100716, 0.0015616
0.00635089, 0.00315278
0.00349448, 0.000556064
0.00537673, 0.00213309
0.0074986, -5.45522e-05
0.00724378, 0.00394815
0.00921117, 0.00145606
0.00759597, 0.00142473
0.00665995, 0.00451974
0.00691356, -3.1262e-05
0.00468888, 0.00558204
0.00631086, 0.00116073
0.00252752, 0.000981446
0.00832761, 0.00208769
0.00695503, -0.000336874
0.0074802, 0.00430552
0.00645815, 0.00195183
0.00660888, 0.00285393
0.00942948, 0.00131682
0.00764546, 0.00320967
0.0126831, 0.00859794
0.00289573, 0.000974788
0.00578359, 0.00766122
0.00760489, 0.000783676
0.00474226, 0.00225347
0.0106939, 0.0034844
0.0118814, 0.00267674
0.00644888, 0.00165066
0.0084501, 0.00276008
0.00512528, 0.00137517
0.0125728, 0.00455
0.00714388, 0.00175512
0.00817001, 0.00352393
0.00752599, 0.00242535
0.0082464, 0.00241533
0.00143759, 0.00295555
0.00793452, 0.00475702
0.00738815, 0.00254877
0.00448396, 0.00161807
0.00708418, 0.000784064
0.00987486, 0.009649
0.00809905, 0.00208683
0.00852542, 0.00557277
0.00141219, 0.0016223
0.0066488, 0.00455972
0.00248502, 0.00274841
0.00464156, 0.00131839
0.004432, 0.00234597
0.00728705, 0.00339717
0.00550119, -0.00216193
0.0068034, 0.00142896
0.00880678, 0.00179991
0.00803372, 0.00161473
0.00955366, 0.00358589
0.00679532, 0.000482363
0.00566197, 0.00419615
0.00604753, 0.00467015
0.00701183, -0.000772972
0.00590225, 0.00388299
0.00480039, 0.00496589
0.00923631, 0.00254042
0.00845777, 0.00534953
0.0146043, 0.00692899
0.00762701, 0.00156454
0.00743369, 0.00387159
0.00789328, 0.00579817
0.00768679, -7.67743e-05
0.00633458, 0.000540139
0.0060289, 0.00167564
0.00537492, 0.00368122
0.00550565, 0.00100005
0.0113306, 0.00916882
0.00917435, 0.00202871
0.00227324, 0.00288768
0.00844319, 0.00162948
0.00564634, 0.00338821
0.00478553, 0.00121286
0.00982303, 0.00763643
0.00728614, 0.00263379
0.0103762, 0.0114588
0.0106312, 0.00661483
0.00661423, 0.00310669
0.00518821, 0.00141641
0.01025, 0.0119494
0.00509357, 0.000659976
0.00565962, 0.00356763
0.00657715, 0.00293372
0.00870311, 0.00627842
0.00518656, 0.000304728
0.0108266, 0.0116106
0.0064008, 0.000182207
0.0058099, -0.000504913
0.00506826, 0.00476827
0.011323, 0.00636969
0.0105598, 0.00381486
0.00630421, 0.00420678
0.0136767, 0.0043702
0.00925686, 0.00307312
0.0088709, 0.00305012
0.00943177, 0.000503433
0.00969747, 0.00698357
0.0044062, 0.00296892
0.00974175, 0.00690357
0.00720434, 0.00126071
0.00602143, 0.00155072
0.00880799, 0.00603011
0.00356585, 0.0010496
0.0109343, 0.00861845
0.00753204, 0.00237814
0.00760107, 0.00168537
0.00567996, -0.00106015
0.00557287, 0.00476916
0.00789449, 0.00361709
0.00407358, 0.00160883
0.0065933, 0.00276825
0.00850836, 0.00567776
0.00837299, 0.00285117
0.00458288, 0.00201001
0.00587969, 0.00672435
0.00604192, 0.00109631
0.00681793, 0.00345633
0.00684764, -0.000105267
0.00776313, 0.00197881
0.0116354, 0.00595491
0.00867195, 0.00241997
0.00435159, -0.00189544
0.0141735, 0.00693277
0.00960844, -1.92631e-06
0.00412415, 0.00045811
0.00740104, 0.00407334
0.0136488, 0.012022
0.00601678, 0.00423602
0.00617088, 0.000935536
0.00535535, 0.00395056
0.00952069, 0.00630046
0.00932807, 0.00466854
0.00754228, 0.00391323
0.00622769, 0.00614179
0.00834381, 0.00329139
0.00137583, 0.00176116
0.00452678, 0.00186524
0.0137392, 0.00646111
0.00974175, 0.00690357
0.00841198, 0.00319368
0.00749085, 0.00115344
0.00596522, 0.00536833
0.00972491, 0.00453626
0.00747776, 0.00487962
0.0105949, 0.00789397
0.00391421, 0.000837459
0.00471359, 0.00167077
0.00461056, 0.00201882
0.00691313, 0.00474423
0.0109994, 0.00569523
0.00770421, 0.00465964
0.0134171, 0.00662749
0.00231291, 0.00313172
0.00758857, 0.0013322
0.00535717, 0.00602573
0.00532986, -0.00204717
0.00756158, 0.0025768
0.00837012, 0.000630211
0.00787027, 0.00166374
0.00649598, 0.00430757
0.00614939, 0.000738208
0.00894715, -0.000386975
0.00731634, 0.00309462
0.00649881, -0.000443526
0.00571475, 0.00585174
0.00337347, 0.000632318
0.00312341, 0.00254541
0.0112956, 0.00496467
0.00558699, 0.00102297
0.00598072, 0.000175948
0.00604448, -0.000926138
0.0089626, 0.00300328
0.00557163, 0.00424741
0.00820535, 0.00142609
0.00282127, -0.00109232
0.00477427, 0.00213178
0.00816035, 0.00507318
0.00466477, 0.00155824
0.00355691, 0.000877868
0.00376541, -0.00220072
0.00682369, -0.000234452
0.0104026, 0.00460103
0.00947541, 0.00552835
0.00937758, 0.00452125
0.00203849, 0.00291908
0.00356491, -0.000726017
0.00587406, 0.00199518
0.00512314, -0.00216055
0.0104681, 0.00261979
0.00223372, 0.00394918
0.00797871, 0.000754739
0.0049455, 0.00186398
0.00918734, 0.00599606
0.00474334, 0.00565882
0.00567637, 0.000390234
0.0107405, 0.006407
0.00491227, -0.00125556
0.0107082, 0.00203545
0.00486092, 0.00175855
0.00834484, 0.00354399
0.00265454, 0.00207957
0.0120327, 0.00273702
0.00606367, 0.00691937
0.00511893, 0.00141531
0.00794722, 0.0022752
0.0145663, 0.00884399
0.00563873, 0.00516731
0.00513139, 0.00436557
0.00753811, 0.000854467
0.00962353, 0.00720739
0.00737237, 0.00207552
0.00738815, 0.00254877
0.00215736, 0.00298296
0.0078263, 0.00249948
0.00853789, -0.00116492
0.00390011, -0.000443134
0.014321, 0.00579544
0.00420685, 0.00223116
0.00290007, 0.00269928
0.00470194, -0.00278621
0.00633698, 0.00241313
0.0143228, 0.00797968
0.00452452, 0.00433032
0.00491287, 0.00179585
0.00824388, 0.00550178
0.00519126, 0.0026561
0.0056039, 0.00550036
0.007344, 0.00408928
0.00519542, 0.000461978
0.00605782, 0.00124438
0.0106318, 0.00463646
0.009063, 0.0042658
0.0113804, 0.00856314
0.00974509, 0.00359474
0.00644449, 0.00439386
0.00786714, 0.00220782
0.00386114, -0.00183068
0.00707367, 0.00411296
0.0074718, 1.68206e-05
0.00675998, 0.00235211
0.011139, 0.0103664
0.00642625, 0.00336773
0.0141713, 0.00697734
0.00696188, 0.00302947
0.0100786, 0.00775303
0.00655216, 0.00153963
0.0118704, 0.00741645
0.00461082, 0.0019494
0.0115572, 0.00864855
0.00607415, 0.00274717
0.00466038, 0.00135305
0.0127549, 0.0122055
0.00741987, 0.00326458
0.00661999, 0.00437107
0.00899972, 0.00337745
0.00542668, 0.00363326
0.0095345, 0.00300009
0.00452678, 0.00186524
0.0059631, 0.00181013
0.0047818, 0.00104237
0.00615771, 0.00485957
0.00846599, 0.00299674
0.00476572, 0.00108742
0.0137964, 0.00389331
0.00505628, 0.00282458
0.00663565, 0.00449979
0.00382848, -0.000339152
0.00698132, 0.00140728
0.00500773, 0.00101237
0.0064867, 0.00272953
0.011054, 0.0114411
0.00376395, -0.000242409
0.0045799, 0.00468065
0.00661793, 0.000434852
0.00612896, 0.000594308
0.00659282, 0.00246461
0.00809487, 0.00210452
0.0101447, 0.0048851
0.00527496, 5.34345e-05
0.00396205, -0.000404489
0.00634948, 0.00416074
0.0101214, 0.00528226
0.00713795, 0.000763216
0.00910772, 0.0038737
0.00885132, 0.00407028
0.0053039, 0.00424286
0.0113549, 0.0013531
0.00501171, 0.00460985
0.0026348, 0.000467202
0.00621083, 0.00155589
0.00224539, 0.00203364
0.00961071, 0.00606893
0.00368335, 0.00340631
0.00777771, 0.0050747
0.00875202, 0.00545577
0.000914687, 0.00072378
0.0112087, 0.011059
0.00909283, 0.00435522
0.00400673, 0.00259786
0.00526444, 0.00227478
0.00972354, 0.0049154
0.00759656, 0.00210794
0.0104026, 0.00460103
0.00602026, 0.00115338
0.0119859, 0.00386649
0.00346243, 0.0027951
0.00674377, 0.00436839
0.00708903, 0.000951796
0.00696459, 0.00147328
0.006226, 0.0056768
0.00922095, 0.00420572
0.00513991, 0.00210856
0.013593, 0.00523814
0.00829726, 0.000164538
0.00315704, 0.00230442
0.0038483, 0.000586151
0.00542652, 0.00547792
0.00442827, 0.00406358
0.00436996, -0.000908034
0.00601812, 0.00426161
0.00786883, 0.000762838
0.00323541, 0.00343555
0.00369796, -0.000993646
0.00742357, 0.00207473
0.00893785, 0.00429314
0.00711896, 0.00302122
0.00628912, 0.00161265
0.00640392, 0.00505426
0.00283881, -0.00292422
0.00492792, 0.000382209
0.0071744, 0.00236361
0.0042575, 0.00549463
0.00265143, 0.00353988
0.0103254, 0.00314533
0.00540924, 0.00482452
0.00578775, 0.00315387
0.00364165, 0.00476703
0.00607951, 0.00254227
0.0143562, 0.00467069
0.0111814, 0.00700289
0.00600242, 0.00170272
0.00609428, 0.00423507
0.00696654, 0.00572815
0.0066357, 0.0038405
0.0100854, 0.00696561
0.00591371, 0.00533656
0.00464636, 0.00664511
0.00733425, 0.00117097
0.00855363, 1.95757e-05
0.00483205, 0.00716306
0.00677873, 0.00216957
0.0071925, 0.00169671
0.00616067, -0.000742476
0.00933788, 0.00262563
0.0132579, 0.0101324
0.00694353, 0.00186694
0.00370284, 0.00194526
0.00721924, 2.50141e-05
0.00688785, 0.00411109
0.0131412, 0.00864566
0.0111831, 0.00493059
0.00802034, 0.00612143
0.00542937, 6.46665e-05
0.00606763, 0.0020078
0.00684555, 0.0022595
0.0102092, 2.23649e-05
0.00623073, -0.00170969
0.0112611, 0.00448455
0.00458005, 0.00132277
0.00535423, 0.00547243
0.00226359, 0.000779076
0.00804908, 0.00281312
0.00848682, 0.000360158
0.00909521, 0.0048578
0.00712403, 0.00140462
0.00705814, 0.004534
0.0124893, 0.00780489
0.00608379, 0.000550727
0.00743369, 0.00387159
0.0068034, 0.00142896
0.0145036, 0.00557333
0.0105006, 0.00682055
0.00615663, 0.00310794
0.00687391, 0.00296553
0.00558157, 0.00370756
0.0117018, 0.00574235
0.00863935, 0.00240228
0.0104541, 0.00673841
0.00566825, -0.00109035
0.00559439, -0.000336913
0.00664156, 0.00160173
0.00843965, 0.00502489
0.00468534, 0.00422961
0.0103035, 0.00453791
0.00498258, 0.00297279
0.00867549, 0.00696127
0.00627772, -0.000356854
0.00643428, 0.00269173
0.00381808, 0.00243507
0.00516846, 0.00599707
0.013046, 0.00619555
0.00998654, 0.00307573
0.00442497, 0.00236394
0.00776059, 0.00381953
0.00746029, 0.00265635
0.00322682, -0.000949673
0.00552607, 0.00204231
0.00585633, 0.00201068
0.00327026, 0.00202627
0.0074686, 0.00234627
0.00558665, 0.0016267
0.00784914, 0.00321843
0.00764568, 0.00177511
0.0047818, 0.00104237
0.00707058, 0.00376309
0.00555572, 0.00210997
0.00678053, 0.00361618
0.00393208, 0.0016681
0.00984435, 0.00216009
0.00253027, 0.000625888
0.0122626, 0.00776821
0.00846022, 0.00536003
0.00717344, -0.00039634
0.0113545, 0.00287166
0.00664736, 0.00482331
0.00803489, 0.00472277
0.00502269, 0.0025672
0.0114378, 0.00576423
0.00880218, 0.00666824
0.0076634, 0.0017258
0.00674836, 0.00205448
0.0112087, 0.011059
0.00531229, -0.000911988
0.00645167, 0.00149875
0.00980297, 0.00512996
0.00786015, 0.00377331
0.00675112, 0.00839313
0.00972729, 0.00305692
0.00949276, 0.00315669
0.0058359, 0.00417852
0.002566, 0.00181573
0.00242426, 0.00496896
0.00456357, 0.00548471
0.00487566, 0.00646054
0.00217266, 0.00242857
0.0132522, 0.0081284
0.00549282, 0.00278984
0.00918792, 0.00537493
0.00906817, 0.00312067
0.00926599, 0.00368302
0.00231951, 0.00324143
0.0041727, 0.00158024
0.00579574, 0.000468125
0.0115387, 0.00455654
0.00869328, 0.00432876
0.00673256, 0.00337888
0.0040227, 0.00496848
0.00736817, 0.00176017
0.010157, 0.00525809
0.0113273, 0.00917379
0.00296723, 0.0014513
0.0038089, 0.00308746
0.00759367, 0.00115637
0.00646237, 0.00110551
0.0082284, 0.00521293
0.0110677, 0.00608833
0.00780902, 0.00186418
0.00626099, -0.000350613
0.0042894, 0.00149252
0.00424175, 0.00582877
0.00137583, 0.00176116
0.0126508, 0.012171
0.00672692, 0.00260673
0.00435967, 0.00750017
0.0140697, 0.00403834
0.00251378, 0.00134643
0.00379789, -0.000672712
0.00326191, 0.00382758
0.00717905, 0.00373582
0.00839002, 0.00350057
0.011677, 0.00629099
0.00918742, 0.002659
0.00780603, 0.00130727
0.0045959, 0.00519531
0.00875797, 0.00278785
0.00555614, 0.0009724
0.0109404, 0.00314421
0.0059676, 0.000801237
0.00981234, 0.0100451
0.00458599, 0.00433711
0.00789993, 0.00161606
0.0104238, 0.00646593
0.00808339, 0.000725475
0.0056713, 0.00114374
0.0147757, 0.00799386
0.00187015, 0.00241582
0.00647691, 0.00364156
0.00546803, -0.00104299
0.00857025, 0.00169882
0.0054244, 0.000659982
0.00727223, 0.00152125
0.00554731, 0.0057363
0.00743564, 0.00223968
0.0050973, -0.000694823
0.00455648, -0.00100197
0.00606318, 0.000930832
0.00538866, 0.0016572
0.00930373, 0.00612498
0.0047276, -0.00108932
0.00905322, 0.00281752
0.0083523, 0.000241729
0.00967856, 0.00295302
0.0101658, 0.0025894
0.004622, 0.00129256
0.0112196, 0.0027214
0.00453665, -0.000500476
0.00809391, 0.00232109
0.00168893, 0.0022611
0.00366916, 0.00508629
0.00529, 0.00691882
0.00140478, 0.000739319
0.00687748, 0.00456685
0.00504204, 0.000803687
0.00585456, -0.000975546
0.00356585, 0.0010496
0.00526479, 0.00299718
0.00573157, 0.00421103
0.00880799, 0.00603011
0.00834484, 0.00354399
0.00371448, -0.000756409
0.00576427, 0.000212774
0.0105846, 0.00431551
0.0125903, 0.00752261
0.00607283, 0.00351677
0.00325502, -0.00121302
0.0116133, 0.00751566
0.00621501, 0.00380726
0.00587229, -0.000910592
0.00541587, 0.00290916
0.00674086, 0.00256193
0.00741648, 0.00268764
0.00602547, 0.00435459
0.00918742, 0.002659
0.00771319, 0.00220922
0.00640025, 0.0023703
0.00696605, 0.00622496
0.00403343, 0.0046684
0.00543493, 0.00427138
0.00430682, -0.000972903
0.00567419, 0.0021184
0.00544683, -0.000463093
0.0100618, 0.00427727
0.00490141, 0.00329358
0.00666621, 0.00367465
0.00557598, -0.000825775
0.00557926, 0.00100004
0.00616156, 0.00508645
0.00371806, 0.0054814
0.00465959, 0.00132688
0.00628397, 0.00401822
0.0104951, 0.00708068
0.00326458, 0.00343208
0.00743796, 0.00202145
0.0136427, 0.00702258
0.0100168, -0.00027421
0.0040378, -0.00108643
0.00502029, 0.00599149
0.00768443, 0.00145684
0.00550556, 0.00154329
0.0116245, 0.00288336
0.00565895, 0.00161282
0.0104801, 0.00594929
0.00734119, 0.00443006
0.00810407, 0.00385237
0.00372061, 0.00503668
0.0114592, 0.00957926
0.00571635, -0.000882027
0.0049406, 0.00136095
0.00878691, 0.0049289
0.00571754, 0.00647394
0.0101598, 0.000440478
0.00546134, 0.000428172
0.00583798, 0.00453485
0.00640316, 0.00161241
0.00356585, 0.0010496
0.00349004, 0.00496833
0.00658266, 0.00234518
0.00577406, 0.00417099
0.00728356, 0.00432368
0.0110623, 0.00888061
0.00365018, -0.000921611
0.00656771, 0.0022689
0.00677166, 0.00696701
0.0135079, 0.00659652
0.00973534, 0.00687823
0.00522388, 0.00462833
0.009749, 0.00147634
0.00708903, 0.000951796
0.00522147, 0.00349742
0.00593286, -0.00199914
0.00670069, -0.00138957
0.00558157, 0.00370756
0.00856813, 0.0015812
0.00867848, 0.000800328
0.00284589, -0.00241562
0.00500773, 0.00101237
0.00731975, 0.00432734
0.00391494, 0.000988798
0.00405661, 6.43175e-05
0.00676131, 0.00297976
0.00885877, 0.00632699
0.0101781, 0.00155924
0.00778172, 0.00141539
0.0031826, 0.00181641
0.00520495, -0.00163366
0.0050937, 0.000167414
0.00522491, 0.00344542
0.0111259, 0.0121893
0.00648856, 0.00434498
0.00709699, 0.00250336
0.00743756, 0.00218624
0.00617185, 0.00490428
0.00988179, 0.00374141
0.00349987, 0.00231805
0.0128803, 0.00715672
0.00332475, 0.00218573
0.00528528, 0.0032093
0.0058996, 0.00102804
0.00940711, 0.00188707
0.00616219, -0.00108017
0.00540558, 0.00609522
0.00493696, -0.00171028
0.0115615, 0.00365344
0.00304902, 0.00419785
0.00572349, 0.00663327
0.00546289, 0.00495295
0.00667987, 0.00234408
0.0071817, 0.00120466
0.00126515, 0.00070191
0.0138489, 0.0127265
0.00787348, 0.00254026
0.00514899, 0.00255777
0.00833643, 0.000767009
0.00596864, 0.00337741
0.0121454, 0.00619093
0.00565538, 0.00636948
0.00651257, 0.00377044
0.00440788, 0.0017388
0.00685415, 0.00284338
0.00831498, 0.00323814
0.0049509, 0.00326835
0.00404814, 0.00141334
0.00697338, 0.00408278
0.00583306, 0.00209567
0.00774261, 0.00232728
0.00794049, 0.00455315
0.0105147, 0.00465153
0.00566884, 0.00098194
0.00736647, 0.00342824
0.00609733, 0.00359956
0.00342851, 0.00357763
0.00590933, 0.000425383
0.00970465, 0.00527511
0.00508874, 0.00438179
0.00615671, 0.000834616
0.00578518, 0.00343849
0.00705814, 0.004534
0.00815309, 0.00537858
0.00472468, 0.000834328
0.00640413, 0.00175183
0.00424603, 0.00327405
0.00805608, 0.0035889
0.00788902, 0.00312417
0.00762701, 0.00156454
0.00911641, 0.00166746
0.00333712, -0.000861654
0.0057357, 0.00220533
0.0092636, 0.00547788
0.00615671, 0.000834616
0.00374069, 0.00210994
0.0140087, 0.00412402
0.00831381, 0.00365383
0.00593375, -0.000409052
0.0105678, 0.00167827
0.00587554, 0.00407953
0.00204386, 0.00233019
0.0024776, 0.00417931
0.00497333, 0.00221376
0.00486092, 0.00175855
0.00412131, 0.00541362
0.00606876, 0.000382953
0.00532371, 0.0045638
0.00716374, 0.00150054
0.00842589, 7.83764e-05
0.00463967, 0.00404472
0.0071208, 0.000574631
0.00594986, 0.000490335
0.00651002, 0.00121477
0.00536147, 0.00197916
0.00595393, 0.00169682
0.0077443, 0.00397061
0.0044967, 0.00174629
0.00535717, 0.00602573
0.00579836, 0.0054462
0.00756743, 0.00280592
0.00843124, 0.00421776
0.0110464, 0.00788698
0.00615671, 0.000834616
0.0128007, 0.00897607
0.00528873, 0.00401374
0.00530037, -0.00193172
0.0143697, 0.00700788
0.0123982, 0.00625405
0.00558733, 0.000983945
0.00918133, 0.00289717
0.0059849, 0.00338475
0.00462143, 0.00095198
0.00628158, 0.00122867
0.00637748, 0.00124067
0.0051176, 0.000683359
0.00595141, 0.00347929
0.00577262, 0.00359627
0.00541723, -0.000841717
0.00789719, 0.00254667
0.0038172, 0.00363204
0.00942681, 0.00580431
0.00842299, 0.00285459
0.00475021, 0.00158532
0.00919166, 0.00301177
0.00574124, -0.000673766
0.00497968, 0.00630072
0.00581984, 0.0046641
0.00705061, 0.00347271
0.00813514, 0.0067181
0.00635555, 0.00262666
0.0117676, 0.00553407
0.00138836, 0.00154359
0.00792317, 0.0024307
0.00570166, 0.00456584
0.00531138, 0.00595961
0.00587888, 0.00407869
0.00125752, 0.00132245
0.00757655, 0.00275039
0.00847239, 0.0103507
0.00652426, 0.0010304
0.00623212, 0.00212213
0.00400989, 0.0049353
0.00548128, 0.00232275
0.00746302, 0.00275682
0.00643931, 0.00372858
0.00399195, 0.00242441
0.00837644, 0.00256622
0.00918746, 0.00420794
0.00787027, 0.00166374
0.00791989, 0.000692117
0.00789449, 0.00361709
0.00892766, -0.00104822
0.00187015, 0.00241582
0.00760107, 0.00168537
0.00435686, 2.8858e-05
0.00786918, 0.00136937
0.0101092, 0.00655628
0.00739937, 0.00118493
0.00539521, 0.00452418
0.00608436, -0.000852597
0.0117528, 0.00929208
0.00239551, 0.00264431
0.00714947, 0.00301709
0.00291552, -0.00286027
0.00472616, -0.000442952
0.0038483, 0.000586151
0.00637748, 0.00124067
0.00974765, 0.00579562
0.00166828, 0.00289636
0.00588967, 0.00555975
0.0035152, 0.00401586
0.00309881, 0.0017793
0.00806869, 0.00573036
0.0092792, 0.00404119
0.00677332, 0.00469864
0.0038926, -0.000973009
0.00751109, 0.00207302
0.0100975, 0.000626789
0.00672144, 0.00425277
0.00835712, 0.00083005
0.00665702, 0.00163067
0.00423311, 0.00756287
0.0138063, 0.00705545
0.0125926, 0.00583127
0.00461919, 0.00456686
0.00533322, 0.0047382
0.00794212, 0.00248334
0.00356585, 0.0010496
0.0119807, 0.00356806
0.00215049, 0.00378337
0.00617528, 0.000518818
0.00397925, -0.000224453
0.005317, 0.0014741
0.00461099, -0.00193075
0.00900462, 0.000222372
0.00344874, 0.00288957
0.00540719, 0.00290128
0.0014655, 0.000650266
0.00668375, 0.00181635
0.0051947, 0.00226715
0.00615362, 0.00448185
0.0112449, 0.0058082
0.00618826, 0.00227913
0.00886534, 0.0016532
0.00551486, -0.00199892
0.00654778, 0.0041855
0.0087627, 0.00212514
0.00670568, 0.00500135
0.0133024, 0.00731376
0.00655234, 0.0025594
0.00494647, 0.00627022
0.00856761, 0.000213288
0.00465761, 0.00133365
0.00868644, 0.0059198
0.00747171, 0.00106613
0.00898564, 0.00455902
0.01324, 0.00552204
0.00967478, 0.00514605
0.00426384, 0.00186807
0.00996299, 0.00547361
0.0077793, 0.00271769
0.00558017, 0.00044869
0.00855186, 0.00188253
0.00876283, 0.00274968
0.005468, -0.000610807
0.00338748, 0.00218712
0.00632327, 0.00565351
0.00614512, 0.00127576
0.00125922, 0.000785155
0.00534934, 0.00341002
0.00659679, 0.00380167
0.0104765, 0.00259796
0.0128433, 0.00639612
0.00770421, 0.00465964
0.00924911, 0.0074045
0.0113947, 0.00244176
0.0128742, 0.0116042
0.00835912, 0.00333231
0.00695686, 0.000940961
0.00637398, 0.00194647
0.00902009, 0.00383916
0.00768071, 0.00303291
0.0049325, 0.000519801
0.0036682, 0.00200853
0.00511736, 0.00154243
0.0057208, 0.000889984
0.00698887, 0.00195587
0.0123414, 0.00247811
0.0131334, 0.00448404
0.00497436, 0.0022189
0.00623124, 0.00479187
0.00559439, -0.000336913
0.00720752, 0.00127863
0.00628267, 0.00519528
0.0056959, -0.0010067
0.01013, 0.00618513
0.00282401, 0.00495428
0.00979192, 0.0040578
0.00687667, 0.00404443
0.00880575, 0.00678179
0.00509586, 0.00108839
0.00599927, 0.00561368
0.00491867, 0.000434304
0.0096309, 0.00757703
0.00628972, 0.00307587
0.00631209, 0.00129997
0.00775131, 0.00458373
0.0076787, 0.00151447
0.00467284, 0.00123817
0.00711877, -0.000592415
0.00398064, -0.000249318
0.00728143, 0.00501841
0.0125482, 0.0123632
0.0104055, 0.00528876
0.00824158, 0.00325697
0.00768256, 0.000428648
0.00526436, 0.00515368
0.0111291, 0.0103688
0.00710417, 0.00430329
0.00706751, 0.00449066
0.00939955, 0.00292948
0.00601052, 0.000745225
0.00552156, 0.00184563
0.0133092, 0.00623538
0.00702189, 0.00366955
0.00108071, 0.000755636
0.00409576, 0.00369159
0.00605098, 0.00279469
0.00635825, 0.001065
0.00974175, 0.00690357
0.00997136, 0.0061622
0.0101959, 0.00352693
0.0118186, 0.00894056
0.00651998, 0.00300161
0.00721486, 0.0032115
0.00521152, 0.00253768
0.00673539, 0.00337768
0.00478015, 0.00651342
0.00550304, 0.000969224
0.00595842, 0.000329985
0.00879135, 0.003121
0.00140478, 0.000739319
0.00707194, 0.00148697
0.00983982, 0.00528004
0.00552723, 0.000199542
0.00804578, 0.00294384
0.00549385, 0.00392613
0.00642668, 0.00168653
0.0115891, 0.00424198
0.0117466, 0.0061625
0.00575107, 0.00107422
0.0103462, 0.00472709
0.00850836, 0.00567776
0.0076736, -0.000747038
0.0078105, 0.00139665
0.00961966, 0.00573311
0.0108191, 0.00253266
0.0129602, 0.00576846
0.00616581, 0.00358518
0.00582985, 0.000350227
0.00506619, 0.000992441
0.00966403, 0.00590171
0.00466463, 0.00182228
0.00959432, 0.00461115
0.0062909, 0.00422768
0.0129251, 0.00728955
0.00450223, 0.00154813
0.00991753, 0.00492283
0.00981805, 0.00521346
0.00591144, 0.00241948
0.00568627, 0.00111719
0.00658473, -0.000367887
0.00561934, 0.00254973
0.0103606, 0.00462295
0.0102847, 0.0102464
0.00659352, 0.00304126
0.00416382, 0.00238545
0.00743145, 0.00260873
0.00486092, 0.00175855
0.00925725, 0.00375074
0.00654409, 0.00580068
0.00960882, 0.00228223
0.00993033, 0.00277167
0.00579893, 0.00131838
0.00609913, 0.00238762
0.00499336, -0.00135837
0.00543988, 0.00187712
0.00500773, 0.00101237
0.00956944, 0.00313343
0.00741406, 0.0033938
0.00590432, 0.00121203
0.0120378, 0.00647075
0.00548211, 0.00309761
0.00614411, 0.00139421
0.00514259, 0.00380393
0.0105228, 0.00396127
0.0110464, 0.00988597
0.00654777, 0.00508759
0.0065716, 0.000390914
0.00447887, 0.00446553
0.00974175, 0.00690357
0.00569572, -0.00195537
0.0137843, 0.00565277
0.00612784, 0.00156748
0.00059442, 0.000488856
0.00285596, 0.00133654
0.00651522, 0.00253022
0.00552115, 0.00426276
0.0067685, 0.0022043
0.0106563, 0.00702275
0.00689175, -0.000116457
0.0042764, 0.00150404
0.00373892, -0.00137551
0.00551685, 0.00415523
0.00429468, 0.00549192
0.0046551, 0.00451784
0.00657052, 0.00435712
0.00385391, 0.000902809
0.00724064, 0.00176254
0.00845142, 0.00239323
0.00847235, 0.000565577
0.0067446, 0.000752216
0.00338975, 0.00248282
0.0127794, 0.00869567
0.00301934, -0.00122925
0.00951823, 0.00436127
0.00560211, 0.000829969
0.00707623, -0.000377176
0.00702222, 0.000886753
0.00561167, 0.00426402
0.00581997, -0.00125593
0.00689019, 0.00461802
0.00670568, 0.00500135
0.00710392, 0.00354525
0.011835, 0.00637594
0.00797981, 0.00137323
0.00416038, -0.000576461
0.00365381, -0.000746158
0.00431158, 0.00151684
0.00548305, 0.00228826
0.00790601, 0.00401115
0.00557771, -0.000979016
0.00531733, 0.00110767
0.00884662, 0.00556663
0.00866792, 0.00382756
0.00636932, 0.00315336
0.00542163, -0.000470998
0.00781211, 0.00269951
0.00210221, 0.00276237
0.00611129, 0.0048858
0.00924201, 0.00290935
0.0038483, 0.000586151
0.0075383, 0.00343241
0.00705814, 0.004534
0.00843555, 0.00231272
0.00446037, 0.00159823
0.0023379, 0.004166
0.0113196, 0.00679918
0.00612839, -0.000997782
0.0102081, 0.00358913
0.00850836, 0.00567776
0.0110851, 0.0108664
0.00286088, 0.00178476
0.00349987, 0.00231805
0.00290491, 0.00207736
0.00737013, 0.00229139
0.00599917, 0.00396574
0.0060255, 0.00455613
0.00543611, -0.0020929
0.0106157, 0.0104018
0.0092204, 0.000233405
0.0108786, 0.00783223
0.00690461, 0.00164057
0.00557614, 0.00545088
0.00839326, 0.00300083
0.00878107, 0.000690365
0.00857135, 0.00661751
0.0122029, 0.00737053
0.00605895, 0.00242813
0.00370937, 0.00101826
0.0101565, 0.00407517
0.00688702, 0.00406532
0.0072058, 0.00464202
0.00522768, -0.000665022
0.0100115, 0.00143504
0.00967712, 0.00415998
0.00639411, 0.00391465
0.00710335, -0.000117808
0.00559839, 0.00428621
0.00607022, 0.00437529
0.0137011, 0.00823662
0.00738122, 0.00388897
0.00389273, -0.00084794
0.0137011, 0.00823662
0.00668027, 0.000244475
0.0135566, 0.00816215
0.00580222, -0.000958144
0.00855181, 0.00643422
0.00489437, 0.000188787
0.00844593, 0.00122248
0.0088286, 0.000509999
0.0127194, 0.00902611
0.0032166, 0.00485882
0.0102473, 0.00365788
0.01316, 0.00861522
0.00763928, 0.00207876
0.00630065, 0.00183478
0.00752485, 0.00243853
0.0141965, 0.0111771
0.00582966, -0.000991456
0.00495576, 0.0049199
0.00423511, 0.0045169
0.00546831, 0.00136472
0.0101588, 0.00198362
0.00437777, -0.000332743
0.00682516, 0.00499056
0.00863057, 0.00236184
0.00497966, 0.00220276
0.0091492, 0.00464558
0.00569406, 0.00382127
0.0107294, 0.00492633
0.0107993, 0.00991095
0.0049957, 0.00307103
0.00554593, 0.00405948
0.00986027, 0.00624733
0.00528303, 0.00394426
0.00489514, 0.00316339
0.00394795, 0.00569115
0.0100752, 0.00511031
0.00632233, 0.00169615
0.00649396, 0.00180093
0.00472468, 0.00581003
0.00647346, 0.00283643
0.00675122, 0.00259356
0.00554294, 0.00529769
0.00968719, 0.00320681
0.00624667, 0.000848481
0.00707732, 0.00536818
0.00728955, 0.000575571
0.00565099, 0.0010787
0.00700384, 0.00528447
0.00749407, 0.00197795
0.00322189, 0.00269536
0.00587826, 0.00127694
0.0135296, 0.00779911
0.00591743, 0.00412104
0.00832279, 0.00209084
0.00709346, 0.00153862
0.00858162, 0.00107575
0.00553379, 0.00419812
0.00570975, 0.00426978
0.00391454, 0.00343148
0.00492555, 0.00223728
0.00726832, 0.00160701
0.00623122, 0.00215977
0.00562996, 0.0022438
0.00360616, -0.000497635
0.013766, 0.00845781
0.00479989, -0.00224704
0.00594256, 0.00461191
0.00779239, 0.00526817
0.00591972, 0.00387996
0.00464156, 0.00131839
0.00525331, 0.00451874
0.00797241, 0.000497798
0.00951043, 0.00212575
0.00594515, 0.00526741
0.00686587, 0.00144295
0.00606318, 0.000930832
0.00487725, 0.000873752
0.00601655, 0.000752715
0.00576893, 0.000698473
0.00952236, 0.00420282
0.00919135, 0.00400436
0.00844314, 0.00486312
0.00503936, 0.00116352
0.00657702, 0.00238407
0.00270845, 0.00415693
0.00712532, 0.00314837
0.00887297, 0.00292666
0.00614757, -0.0017266
0.00738736, 0.00121957
0.007211, 0.00320277
0.00885816, 0.0033812
0.00948603, 0.0018497
0.00882345, 0.00449864
0.00674086, 0.00256193
0.00533113, 0.00366078
0.00593266, -0.00069008
0.00687375, 0.00156736
0.00614411, 0.00139421
0.00851878, 0.00263685
0.00792704, 0.00325631
0.00705489, 0.00322382
0.0123347, 0.00690205
0.00551568, 0.00451049
0.0110945, 0.00172411
0.00973027, 0.00515127
0.0046368, 0.00125491
0.00748454, 0.00193588
0.00711497, 0.00232164
0.00452211, -0.00186926
0.00129459, 0.00251483
0.00862108, 0.00238098
0.00870451, 0.00439304
0.00364041, 0.00235351
0.0104943, 0.00632617
0.00899878, 0.00328061
0.00368335, 0.00340631
0.00870404, 0.00444162
0.0052552, 0.00125056
0.00423971, 0.000436418
0.00435623, 0.00565166
0.00870173, 0.00491888
0.00434961, 0.0040074
0.00328696, 0.00191586
0.0122294, 0.0063989
0.00503043, 0.00145243
0.00446689, -0.000119193
0.00734399, -0.000205138
0.00485269, 0.00098327
0.00737558, 0.00421561
0.0147757, 0.00799386
0.0135616, 0.00537597
0.0076787, 0.00151447
0.00606955, 0.00213692
0.00721429, 0.00366589
0.00059442, 0.000488856
0.00790415, 0.00189315
0.00553642, 0.00450416
0.00809991, 0.00473471
0.00707732, 0.00536818
0.00590407, 0.00454466
0.00449466, 0.003561
0.00516945, 0.00128672
0.00554009, 0.00367346
0.00540411, 0.00379284
0.00631645, 0.00211556
0.00608906, -0.000673512
0.00558564, 0.00392809
0.0125919, 0.0122949
0.00533909, 0.00397772
0.00749407, 0.00197795
0.00725054, 0.000101815
0.00461584, 0.000211871
0.011018, 0.00378271
0.00616581, 0.00358518
0.00366172, 0.00352936
0.00578804, 0.00412338
0.00614134, 0.00465004
0.00825898, 0.00253205
0.00500773, 0.00101237
0.00586537, 0.00134858
0.00804844, 0.00227057
0.00461541, 0.00151607
0.00706474, 0.00466148
0.00642166, 0.00609049
0.00512818, 0.00686388
0.00472729, -0.00155382
0.0112303, 0.0073757
0.00731975, 0.00432734
0.013633, 0.004485
0.0062779, 0.000509317
0.0075407, 4.56749e-05
0.00684485, 0.00297323
0.00590594, 0.00337846
0.00562128, 0.00411305
0.00573034, 0.000947113
0.00557748, 0.00449563
0.00707182, 0.00348334
0.00750003, 0.00367283
0.00431396, 0.00373032
0.00766787, 0.00257116
0.00928681, 0.000736339
0.00141362, 0.00165091
0.00722489, 0.00130149
0.00656649, 0.000511331
0.0096653, 0.00781298
0.00535374, 0.00307077
0.00808637, 0.00312453
0.0049406, 0.00136095
0.00639189, 0.00108894
0.00184375, 0.00102744
0.00744595, 0.00271679
0.00270071, 0.0028443
0.00442676, 0.00370705
0.0112786, 0.00757876
0.00795707, 0.000700638
0.00878312, 0.00343508
0.00817134, 0.000559611
0.00594436, 0.00256421
0.00633633, 0.000547528
0.00507678, 0.00546916
0.00633746, 0.00481882
0.00760696, -4.09872e-05
0.00442204, 0.00015431
0.00691233, 0.00331502
0.0122202, 0.00672551
0.00393057, 0.00541247
0.0048, 0.0014286
0.00657786, 0.00144652
0.0122202, 0.00672551
0.00734389, 0.0012447
0.00624283, 0.00167193
0.00406131, -0.000603516
0.00580146, -0.000155473
0.00547522, 0.000398309
0.00479449, 0.00161998
0.00667873, -0.000861733
0.00445937, 0.00209427
0.0065954, 0.00163491
0.0042074, 0.00712358
0.0062771, -0.00207388
0.00605218, 0.00518788
0.00607234, 0.00351601
0.00213703, 0.00289883
0.00484492, -0.000336219
0.00501909, 0.00365454
0.00905982, -0.000281352
0.0051746, 0.00541409
0.00674844, 0.00356516
0.00884136, 0.00320558
0.00384034, -0.00122156
0.00774261, 0.00232728
0.00637748, 0.00124067
0.0107605, 0.00945845
0.00879436, 0.00279524
0.00965849, 0.00448497
0.00940367, 0.00182079
0.00607547, 0.0014766
0.00874501, 0.00333656
0.0105645, 0.00166202
0.00314169, 0.00289184
0.00462321, 0.000887869
0.0117432, 0.00897566
0.00351613, -0.000496617
0.0053502, 0.00242177
0.00432256, 0.00277769
0.00573173, 0.00022336
0.0132863, 0.00642567
0.0102985, 0.00513035
0.0134052, 0.00469922
0.00556652, 0.0022182
0.0114891, 0.0052685
0.00141362, 0.00165091
0.00847367, 0.00512843
0.00691448, 0.0022922
0.0076216, -0.00015215
0.00575899, 0.00168525
0.00924839, 0.00147811
0.0105126, 0.00504377
0.00554317, 0.0026234
0.00424912, 0.00138699
0.0132564, 0.00380215
0.00773803, 0.00259103
0.00638841, 0.00371188
0.0103486, 0.00752136
0.00578578, 0.00398517
0.00914043, 0.0048093
0.00645351, 0.00448006
0.0130549, 0.00878697
0.00622925, 0.000869866
0.00576304, 0.00545836
0.00817538, 0.00290361
0.0116726, 0.00260983
0.00444915, 0.00410082
0.00606318, 0.000930832
0.00922733, 0.00249706
0.0059402, 0.00514908
0.00250135, -0.000353866
0.00936126, 0.00426505
0.011088, 0.00573847
0.00354314, 0.00330614
0.00805347, 0.000685581
0.00692928, 0.00443815
0.00835959, 0.00338063
0.00639617, 0.00570638
0.00684096, 0.0011833
0.0077824, 0.0023164
0.00807837, 0.00529885
0.00483281, 0.00713591
0.00488397, 0.00378411
0.00622314, 0.00486035
0.00535717, 0.00602573
0.00919655, 0.00532326
0.0148524, 0.00540321
0.00399037, 0.00113142
0.0100407, 0.00509597
0.0110029, 0.0083282
0.00556204, 0.00433119
0.00669551, 0.00623428
0.00613574, 0.000857441
0.00453473, -4.01497e-05
0.00496421, 0.00212146
0.00697367, 0.00422517
0.00497098, 0.00184909
0.00760266, 0.0030611
0.0057447, 0.00389595
0.00327026, 0.00202627
0.00635441, 0.00242317
0.00987239, 0.0028386
0.00594644, -0.000333558
0.00569946, 0.00504359
0.00656472, 0.00476646
0.00426592, 0.00391119
0.00670568, 0.00500135
0.00717905, 0.00373582
0.00608286, 0.00372857
0.00585939, 0.000921409
0.0140696, 0.0106063
0.00720083, 0.00445325
0.0104541, 0.00697948
0.00615671, 0.000834616
0.0063407, 0.00381244
0.00770771, 0.00263348
0.00314169, 0.00289184
0.00671542, 0.00314594
0.00424912, 0.00138699
0.00852542, 0.00557277
0.00655874, 0.000537136
0.00307643, 0.0021543
0.0010963, 0.00134507
0.0070032, 0.00433206
0.00664078, -0.000626374
0.00602153, 0.00588365
0.00471001, 0.00214675
0.00430323, -0.000103362
0.00168981, 0.00162735
0.00706307, -0.000227022
0.00399223, 0.0029119
0.00523795, 0.00372394
0.00964829, 0.00277359
0.00865905, 0.00160949
0.0047978, 0.00248145
0.00763968, 0.00389074
0.00889632, 0.00613596
0.00889261, 0.000373775
0.00650936, 0.000625305
0.00545892, 0.00411298
0.00442036, 0.00682915
0.00207478, 0.00195465
0.0059611, 0.0044437
0.00446989, -0.000531456
0.0118453, 0.00726269
0.00918418, 0.00449719
0.00693181, 0.00441108
0.00562337, 0.000525505
0.00762302, 0.00346034
0.00464185, 0.000999951
0.00663384, 0.00288935
0.00400989, 0.0049353
0.0035152, 0.00401586
0.00734881, 0.00130985
0.00869682, 0.000768968
0.00497541, 0.00608024
0.0109928, 0.00291936
0.00761074, 0.00156636
0.0096565, 0.0023404
0.00553379, 0.00419812
0.00958769, 0.00494118
0.0138153, 0.00305979
0.0108592, 0.00504662
0.00391727, 0.000443248
0.00814191, 0.00378387
0.00600972, 0.00178332
0.00539007, -0.00124869
0.00778308, 0.00146098
0.00351668, 0.00298881
0.0083968, 0.00610454
0.006189, 0.00184074
0.0107861, 0.00817722
0.00777198, 0.000673364
0.00344109, 0.0045618
0.0046848, 0.00193881
0.00740296, 0.00288659
0.00645416, 0.00192786
0.00520376, 0.00518837
0.00471612, 0.0010215
0.00393819, 0.00517373
0.00647032, 0.00139212
0.00799045, 0.00532726
0.00777984, 0.00126183
0.00607003, 0.00365589
0.00521852, 0.00416596
0.00499995, 0.00234765
0.0045816, 0.000653011
0.00367239, 0.00229859
0.00380554, 0.00121211
0.00878188, 0.00142996
0.00819658, 0.00285095
0.0102457, 0.00752058
0.00641315, 0.000911213
0.00724376, 0.00385304
0.0085289, 0.000433094
0.00482913, 0.00173116
0.00603898, -0.000305061
0.00510758, 0.0016711
0.00681982, 0.00187617
0.00967316, 0.000742536
0.00575399, 0.000871171
0.00555624, 0.000882461
0.00109003, 0.00151207
0.00466616, -0.000684408
0.00209203, 0.00253031
0.00395699, 0.00146205
0.00338238, 0.00432148
0.00945606, 0.00312279
0.00804491, 0.00894822
0.00961924, 0.00298179
0.0116116, 0.00951375
0.0047788, 0.001811
0.00417646, 0.00558232
0.00615268, 0.00146739
0.00606876, 0.000382953
0.00698061, 0.00291626
0.00837299, 0.00285117
0.00672692, 0.00260673
0.00505524, -0.00128827
0.0065206, 0.00396077
0.00847967, 0.000239937
0.00805114, 0.00178104
0.00579022, -0.000815034
0.00509452, 0.00362068
0.00620171, 0.0010813
0.00903105, 0.00651831
0.00489584, 0.00288021
0.00622265, 0.00355671
0.0077057, 0.00384523
0.00915222, -0.000361174
0.00909089, 0.00190762
0.00262255, 0.00516509
0.00415087, 0.00205252
0.00776426, 0.00559322
0.00348314, 0.00516259
0.0053111, -0.000436457
0.00798737, 0.0031727
0.00711021, 0.00221638
0.00727709, 0.00627796
0.00456435, 0.0059449
0.0115369, 0.00924425
0.0117157, 0.0024973
0.0029661, -0.000874883
0.00718215, 0.000347162
0.00484609, 0.00703954
0.00887049, 0.00131914
0.00604192, 0.00109631
0.00470164, -0.000676361
0.00346807, 0.00259152
0.00516185, 0.00247501
0.00531581, 0.00487597
0.00432547, 0.00383591
0.00667538, 0.00768995
0.00722352, 0.00157001
0.00830956, 0.00369312
0.0041591, 0.00219829
0.00463567, 0.00392028
0.00971969, 0.00549077
0.00909512, 0.00684051
0.00761021, 0.00171726
0.00588427, 0.0014752
0.00661597, -0.000361324
0.00768649, 0.00400548
0.00526948, 0.00261468
0.00304809, 0.0015978
0.00697232, 0.00257875
0.00819993, 0.00138363
0.00108254, 0.000999419
0.00794108, 0.00207632
0.00492059, 0.00498723
0.00542718, 0.00409891
0.00295217, 0.0027215
0.00627557, 0.000931528
0.00494385, 0.00196355
0.00752128, 0.00115248
0.013876, 0.00477946
0.00602844, 0.00327648
0.00722589, -0.000603878
0.00801745, 0.00216997
0.0137686, 0.00589544
0.0059845, 0.00438387
0.00428877, 0.00185413
0.00621947, 0.00352408
0.00655577, 0.00315936
0.00816174, 0.00571799
0.00572974, -0.00110534
0.00563049, 0.00377411
0.00303117, 0.00217106
0.00209203, 0.00253031
0.00435869, -0.00104376
0.00710174, 0.00309807
0.00661193, 0.0032944
0.00542652, 0.00547792
0.00827629, 0.000705384
0.00398799, 0.00385835
0.00109005, 0.00200125
0.00916867, 0.00273448
0.00848115, 0.0010657
0.00502029, 0.00599149
0.00215922, 0.0012537
0.00531735, 0.00235743
0.00872722, 0.00312269
0.0101398, 0.0006905
0.00750363, 0.00177408
0.00373872, 0.00188224
0.00699455, 0.00538134
0.00751588, 0.00480508
0.0108792, 0.00384975
0.00986561, 0.00886085
0.0063461, 0.00645332
0.00692147, 0.00519512
0.00912528, 0.00450646
0.00606876, 0.000382953
0.00384255, 0.00561852
0.00652572, 0.00445583
0.011309, 0.0069117
0.00618945, 0.00089335
0.00423511, 0.0045169
0.00937071, 0.00467823
0.00866432, 0.00278208
0.00861856, 0.000162607
0.00850782, 0.00230221
0.00696319, 0.00117317
0.00692928, 0.00443815
0.00776217, 0.00189075
0.0124505, 0.00933907
0.00910921, 0.00644298
0.0035152, 0.00401586
0.00244288, -0.00227797
0.0102847, 0.0102464
0.00688337, 0.00528489
0.00552747, 0.00156434
0.00789468, 0.00258585
0.010415, 0.00643368
0.00905284, -0.000141444
0.00754191, 0.00279143
0.00791388, 0.00481936
0.00512246, -4.90433e-05
0.00621256, 0.00574105
0.0122388, 0.00327513
0.00683629, -8.60795e-06
0.00703353, 0.000811683
0.00296156, 0.00282633
0.0097561, 0.00355839
0.00600293, 0.00232164
0.00556282, 0.00413395
0.0099055, 0.00160551
0.00658567, 0.00592047
0.00480879, 0.000788878
0.00615671, 0.000834616
0.0077224, 0.000467015
0.00742319, 0.000417262
0.00607951, 0.00254227
0.00390018, 0.00304568
0.00693617, 0.00181909
0.0122689, 0.00622273
0.0143722, 0.00689499
0.00847645, 0.00284089
0.0022318, 0.001796
0.00992331, 0.0088061
0.00656643, 0.00322022
0.00522577, 0.000391338
0.00787776, 0.00270844
0.00393819, 0.00517373
0.00804252, 0.00254562
0.00294734, 0.000857216
0.00694113, 0.000219709
0.010071, 0.00138911
0.00922597, 0.0012193
0.00935861, 0.000700372
0.00918746, 0.00420794
0.00927383, 0.011054
0.00127661, 0.00122235
0.0106364, 0.00397929
0.010178, 0.00555864
0.0121677, 0.00211419
0.0130604, 0.00597891
0.00274489, 0.000690598
0.00450648, -0.000604016
0.00891026, 0.00278039
0.00285965, 0.00337116
0.00758015, 0.00221227
0.00814558, 0.00467473
0.00808856, 0.00223918
0.00872584, 0.00633059
0.00876325, 0.00471419
0.0108138, 0.00478737
0.00439036, 2.10662e-05
0.00591371, 0.00533656
0.00642676, 0.00118087
0.00373159, -0.000115203
0.00953676, 0.00492729
0.0101605, 0.00361148
0.00648856, 0.00434498
0.0117829, 0.00474944
0.0114008, 0.00439535
0.00919655, 0.00532326
0.00657894, -0.000901367
0.00407913, 0.00148556
0.00610621, 0.00297023
0.00671977, 4.23378e-05
0.00825974, 0.00259663
0.0102679, 0.000227144
0.0120517, 0.00887942
0.0108786, 0.00783223
0.00558157, 0.00370756
0.00563811, 0.00264722
0.00892542, 0.00544142
0.00801762, 0.000856448
0.00636727, 0.00185614
0.00663254, 0.00252626
0.00806124, 0.00357789
0.00642778, 0.0044575
0.00734937, 0.0036114
0.00418598, 0.00120865
0.00901367, 0.00372405
0.00531047, 0.00297087
0.00423798, 0.00468207
0.00762055, 0.00177287
0.00783229, 0.00587089
0.0101608, 0.00487099
0.000333832, 0.00025192
0.00568091, -0.00159641
0.00630481, 0.0032678
0.0069908, -0.000161726
0.00488867, 0.00234257
0.00814292, 0.00185737
0.0101251, 0.00397594
0.00414333, 0.00114906
0.0060923, 0.00184073
0.00362215, 0.00309677
0.0071486, 0.00453809
0.00447528, 0.00184273
0.0122474, 0.00448245
0.00225833, 0.00194204
0.00547299, 0.0038915
0.00323918, 0.0049513
0.00614462, 0.000685205
0.00553379, 0.00419812
0.0068034, 0.00142896
0.0124258, 0.00645958
0.00773653, 0.00357833
0.00652647, 0.00294602
0.00685562, 0.000498417
0.00552015, 0.00418709
0.00558316, 0.00532522
0.00693781, 0.00356004
0.00428226, 0.000371212
0.00834733, 0.00270593
0.0108638, 0.00313496
0.00732321, 0.00132795
0.00725704, 0.00305412
0.00833643, 0.000767009
0.0114994, 0.00962144
0.00924839, 0.00147811
0.00504421, 0.00142523
0.00988531, 0.00346043
0.0120063, 0.00598235
0.0116535, 0.00942979
0.00627431, 0.00679934
0.00724165, 0.00261414
0.0108749, 0.00344731
0.00263563, 0.0048549
0.00748395, 0.00246448
0.00640665, 0.000573659
0.00967604, 0.00272228
0.00786097, 0.00109008
0.00650749, 0.00167939
0.00921507, 0.00695808
0.00703215, 0.00364166
0.00513139, 0.00436557
0.00434439, 0.00068513
0.00497541, 0.00608024
0.00721645, 0.00651052
0.0103168, 0.00211178
0.00740612, 0.00483597
0.00721367, 0.00149879
0.00116903, 0.000211137
0.00638529, 0.00354499
0.00429175, 0.0011555
0.00837299, 0.00285117
0.00810817, 0.00223751
0.0044062, 0.00296892
0.0065495, -0.0001774
0.00613483, 0.00116627
0.0145438, 0.00856937
0.00437359, 0.00476389
0.00422397, 0.00147764
0.00632804, 0.00315509
0.0047993, 0.00189515
0.00504673, 0.00231149
0.00732052, 0.0050731
0.00996817, 0.00496666
0.00129459, 0.00251483
0.00705814, 0.004534
0.00599851, 0.00337171
0.00480192, 0.00365543
0.00945469, 0.00180506
0.0055842, 0.00262523
0.00841799, 0.000200317
0.00620492, 0.00353295
0.00672043, 0.00540001
0.00376755, 0.00187699
0.00702612, 0.00215228
0.00587235, 0.00611594
0.00809207, 0.00474721
0.0107326, 0.00650153
0.00371508, 0.003622
0.00580194, 0.00215365
0.00762701, 0.00156454
0.0076011, 0.00344155
0.0104767, 0.00931
0.00624799, 0.00501671
0.00744737, 0.00212411
0.00932366, 0.00217753
0.00764618, 0.00479503
0.00670834, 0.00178853
0.00514347, 0.00398393
0.00404378, 0.00225635
0.00469578, 0.00402064
0.00684784, 0.00375098
0.00362215, 0.00309677
0.00785789, -0.000626081
0.00213916, 0.00218563
0.0110948, 0.00884871
0.00416884, 0.000524799
0.0104794, 0.00526285
0.00579011, 0.00387828
0.00712906, -0.00127329
0.00614134, 0.00465004
0.00997268, 0.0080229
0.00516762, 0.00310456
0.00781842, 0.00584709
0.00407668, 0.00155741
0.00728411, 0.00263733
0.00886165, 0.00231001
0.00470392, 0.001087
0.00862599, 0.00245358
0.00759392, 0.00253479
0.00637519, 0.00504026
0.00625538, 0.00323972
0.0111826, 0.00639857
0.00638611, 0.00302178
0.0110011, 0.00500396
0.00562677, 0.00420934
0.00716033, 0.0015456
0.00349987, 0.00231805
0.00629304, 0.00263854
0.00545631, 0.00593209
0.00696948, 0.00144119
0.00497443, 0.00280286
0.00666568, 0.00614851
0.00679646, 0.000113929
0.0016482, 0.00195188
0.00489938, -0.00231495
0.0077354, 0.00554388
0.00498682, 0.00459069
0.00415601, 0.00444567
0.00924206, 0.00616458
0.0103184, 0.00247394
0.0102505, 0.00417083
0.00662973, 0.0035249
0.00586685, -0.000555578
0.00510158, 0.00228915
0.0076243, 0.00182811
0.00666807, -0.000950773
0.00137583, 0.00176116
0.00429359, -0.000417588
0.00498159, 0.00322298
0.00704039, -0.000732425
0.00397286, -0.00204184
0.00976327, 0.00365017
0.008571, 0.00273029
0.0103962, 1.50962e-05
0.00825406, 0.0049743
0.0067332, 0.00510518
0.0057858, 0.00336512
0.00674671, 0.0045611
0.00621026, 0.00116118
0.00483358, 0.0028706
0.0066183, 0.00029408
0.00631662, 0.00307835
0.00587635, 0.00587029
0.00642251, 0.00325163
0.0045428, 0.00423462
0.00799362, 0.00050837
0.00495593, 0.00477
0.0119111, 0.00756625
0.00785292, 0.00409258
0.00164125, 0.000341462
0.00668504, 0.00128838
0.00640258, 0.000924642
0.0109305, 0.00184628
0.0045404, 0.00332388
0.00727834, 0.00358936
0.0068084, 0.00397902
0.00882821, 0.0054335
0.00587222, 0.000377226
0.0079493, 0.000203109
0.00706797, 0.00229281
0.00329967, -0.00115549
0.0109623, 0.0062795
0.0131216, 0.00540319
0.00400989, 0.0049353
0.00900765, 0.00650687
0.0095254, 0.00554107
0.00902045, 0.002893
0.00995865, 0.00142173
0.00586452, 0.0010961
0.00647777, 0.00189219
0.0115484, 0.00669737
0.00530454, 0.00191144
0.00288345, 0.00363378
0.00778192, 0.0024157
0.00960661, 0.00155101
0.00510359, 0.00112707
0.0127234, 0.005767
0.00520095, 0.00227134
0.0110469, 0.00378014
0.00750003, 0.00367283
0.00588934, 0.00539803
0.0121663, 0.00625346
0.00868747, 0.0024991
0.00996023, 0.0049799
0.00612172, 0.0037061
0.00780896, 0.00470326
0.00535137, 0.00464456
0.00757798, 0.00163687
0.00561489, 0.00455364
0.00682874, 0.00148047
0.00668088, 0.00549505
0.00567796, 0.00161392
0.0075659, 0.00123063
0.0117157, 0.0024973
0.0110511, 0.00728842
0.00382841, -0.000103497
0.00396951, 0.00214276
0.00459377, 0.00669752
0.0136512, 0.00743477
0.0044062, 0.00296892
0.00523085, 0.00276075
0.00738877, 0.00143344
0.00253645, 0.00179041
0.00570076, 0.00155723
0.00835944, 0.0036944
0.00712181, 0.0064146
0.010334, 0.0089668
0.00552684, -0.000975018
0.00694129, 0.00219529
0.00525834, 0.00147191
0.0047587, -0.00108749
0.00294868, 0.000853285
0.00835051, 0.00414322
0.00795721, 0.0039766
0.00728477, 0.00244841
0.00748675, 0.00241154
0.00547475, -4.17855e-05
0.00672226, 0.00596513
0.0103759, 7.98906e-05
0.00912669, 0.00435214
0.00763329, 0.00133038
0.0104524, 0.0116254
0.00441277, 0.00392648
0.0084476, 0.0041094
0.0109257, 0.00368305
0.00749893, 0.00190306
0.00276366, 0.00537567
0.00599927, 0.00561368
0.00737355, 0.00434843
0.0056777, 0.00200413
0.0092158, 0.00104913
0.00411867, 0.0044415
0.0016354, 0.00152638
0.00553745, 0.00392092
0.00977802, 0.00995115
0.0040925, -0.000552896
0.0120757, 0.00665192
0.0077354, 0.00554388
0.00925923, 0.00643606
0.00806513, 0.000630099
0.00449483, 0.001791
0.00582323, 0.00420087
0.00667987, 0.00234408
0.00827573, 0.00178029
0.0107896, 0.00446884
0.0143699, 0.0106808
0.00402629, 0.00162999
0.00692928, 0.00443815
0.00662278, -0.00106599
0.00745373, 0.00457975
0.00129459, 0.00251483
0.00785464, 0.00282912
0.00678053, 0.00361618
0.00755529, 0.00343482
0.00871363, 0.00485803
0.00948121, 0.00122805
0.0044062, 0.00296892
0.00514899, 0.00255777
0.00113688, 0.00151017
0.00992367, 0.00695544
0.00416038, -0.000576461
0.00606318, 0.000930832
0.00524086, -0.00128495
0.0129012, 0.00547111
0.00570905, 0.0010456
0.00446989, -0.000531456
0.00675277, 0.00405248
0.00742635, 0.00113249
0.00777491, 0.00293133
0.011763, 0.00481838
0.0111711, 0.00174513
0.00706495, 0.000835162
0.00776217, 0.00189075
0.00920146, 0.00419224
0.00237841, 0.00484938
0.00565257, 0.00269944
0.0041038, 0.00200666
0.00806498, 0.00215799
0.00593857, 0.00115941
0.00521918, 0.00518058
0.00514899, 0.00255777
0.0047486, 0.00380979
0.0056039, 0.00550036
0.00351664, 0.00291862
0.00579532, 0.00543896
0.00791559, 0.00302254
0.0118344, 0.00596308
0.00582928, 0.00422043
0.00729108, 0.00528417
0.00777597, 0.00203144
0.00730303, 0.00239179
0.0119657, 0.00449724
0.0108889, 0.00725667
0.00657932, 0.00413018
0.00868354, 0.00434337
0.00652569, 0.002335
0.0075022, 0.00228316
0.00946032, 0.00205615
0.00428374, 0.00361224
0.00362693, -0.000342927
0.00641197, 0.00462802
0.00919166, 0.00301177
0.00978113, 0.00551094
0.00272982, 0.00052578
0.00657229, 0.00164716
0.00606318, 0.000930832
0.00516001, -0.000938657
0.00781798, 0.00324706
0.00726021, 0.00152582
0.0054146, 0.00502333
0.00610975, 0.00277421
0.00909673, 0.00345112
0.00657255, 0.00389752
0.0124871, 0.0118696
0.00252311, 0.00213138
0.00684703, 0.000483846
0.00750363, 0.00177408
0.0050672, 0.00225869
0.00500295, 0.000341339
0.00628403, 0.000592604
0.0136303, 0.00313635
0.00709866, 0.000668483
0.00137583, 0.00176116
0.00737175, 0.00150371
0.00777358, 0.00249155
0.00559568, -0.00153174
0.012266, 0.000692961
0.00798604, 0.00275326
0.00561803, 0.0022597
0.0134733, 0.00408289
0.00312323, 0.00296093
0.00450613, 0.00395475
0.00281879, 0.00323896
0.00743219, 0.00523798
0.00656065, 0.0013557
0.00218297, 0.00102012
0.00471338, -1.58847e-05
0.00531773, 0.00125026
0.0109956, 0.00707233
0.00649351, 0.00446548
0.00563206, 0.00505033
0.00803606, 0.00225878
0.0123303, 0.00671891
0.00575674, 0.000637109
0.00640172, 0.00506576
0.0107077, 0.00122569
0.00693069, 0.00385959
0.00797122, 0.00222751
0.00470608, 0.00278065
0.00840024, 0.00130317
0.0118162, 0.00685319
0.00616581, 0.00358518
0.00710979, 0.00222059
0.0122604, 0.00631055
0.00281813, 0.00370512
0.00387763, 0.00142952
0.00786521, 0.000376866
0.00614715, 0.00141865
0.00495544, 0.0031122
0.00401717, 0.00203697
0.0135896, 0.0106264
0.0117267, 0.00240283
0.00663856, 0.00316436
0.0119787, 0.00762133
0.00540173, 0.00379868
0.00965559, 0.00488269
0.00839492, 0.00322157
0.0132464, 0.00672453
0.00564484, 5.45626e-05
0.00506478, 0.00224952
0.0013861, 0.000179878
0.00781286, 0.00387817
0.00670318, 0.00138728
0.0079603, 0.000562995
0.0117466, 0.0061625
0.00522074, 0.00102518
0.00298548, 0.00388787
0.00882546, 0.00417633
0.00786742, 5.56084e-05
0.00669375, 0.00513333
0.00587678, -0.000669832
0.00466884, 0.000716896
0.00767312, 0.00334745
0.00517681, 0.00226316
0.00984656, 0.00647024
0.00475771, -0.00110932
0.0091762, 0.000714462
0.0097546, 0.00315939
0.0100857, 0.00434864
0.0052442, 0.00206471
0.00640272, 0.00330264
0.00750467, 0.00380701
0.00669179, 0.00543352
0.00622692, 0.000669835
0.00398551, 0.000627081
0.0118886, 0.00904294
0.00830577, 0.00319405
0.00452328, 0.00465366
0.00178977, 0.00279503
0.00999031, 0.00311817
0.0075427, 5.07152e-05
0.00828495, 0.000703282
0.0054653, 0.00500869
0.00616449, 0.00345856
0.00467812, 0.00224057
0.0104009, 0.00474442
0.00706688, 9.73008e-05
0.00711905, 0.00441391
0.00640446, 0.00473239
0.00923667, 0.00325695
0.00456992, 0.000996417
0.00593666, 0.00406991
0.00723458, 0.000818349
0.00735005, 0.00513072
0.00622271, 0.00323603
0.00137583, 0.00176116
0.00678053, 0.00361618
0.00736048, 0.00237238
0.0102153, 0.00689793
0.0104647, 0.00987765
0.00940432, 0.00462421
0.00816234, 0.00379679
0.00815085, 0.00121464
0.00783965, 0.00277389
0.0136636, 0.0124412
0.00561457, 0.00186439
0.00852542, 0.00557277
0.00594717, 0.00459882
0.00708667, 0.00422625
0.00799445, 0.00435755
0.00411867, 0.0044415
0.008358, 0.00157137
0.00357303, 0.00256219
0.0067801, 0.00227406
0.0024075, 0.00134923
0.00933664, 0.00468869
0.00945523, 0.000167669
0.0005095, 0.000633271
0.00497541, 0.00608024
0.00223692, 0.00247334
0.00679569, -0.00136539
0.00455618, 0.000759683
0.00482166, -0.0010598
0.00918746, 0.00420794
0.00746095, 0.0038224
0.0113559, 0.00760979
0.00893319, 0.00540038
0.00333368, -0.000743381
0.00583195, 0.00559422
0.0125303, 0.00941407
0.00822141, 0.00378243
0.00842299, 0.00285459
0.0041846, 0.00182847
0.00996752, 0.00690179
0.00386701, 0.00303201
0.00453603, 0.00533075
0.00565924, 0.00112841
0.00545761, 0.00164755
0.00778522, 0.00288133
0.00394803, 0.00221174
0.00901431, 0.00760297
0.00286794, 0.00288888
0.0069455, 0.0020327
0.00479989, -0.00224704
0.00777047, 0.00379432
0.00428661, 0.00479279
0.00417855, -3.39255e-05
0.00685685, 0.00469415
0.00790494, 0.00327165
0.00904411, -2.06298e-05
0.00587678, -0.000669832
0.00903377, 0.000650771
0.00889104, 0.00607693
0.00464599, 0.0013104
0.0105938, 0.00792567
0.0116718, 0.0057359
0.0063773, 0.00480713
0.00983462, 0.00565994
0.0105062, 0.00230865
0.00583308, 0.00227113
0.0072742, 0.00392095
0.00806849, 0.0026786
0.0082911, 0.00176341
0.00573476, 0.00582047
0.00645582, 0.000375709
0.00583308, 0.00227113
0.00595199, 0.00579702
0.00410019, -0.00232103
0.00347252, 0.00230414
0.00797871, 0.000754739
0.00744762, 0.00160594
0.011403, 0.00124154
0.0044173, 0.00532473
0.00955942, 0.00502836
0.00626984, 0.00124047
0.00799716, 0.0003863
0.00844068, 0.00275439
0.00416218, 0.00701849
0.00709119, 0.000773587
0.00391402, 0.00124501
0.00351529, -0.000891972
0.00604645, -0.000789873
0.00682874, 0.00148047
0.011775, 0.00606491
0.00831106, 0.00473548
0.00388588, 0.00476022
0.00517495, 0.00191734
0.00466179, -0.00132902
0.00659947, -0.000774076
0.00666514, 0.00131447
0.00752671, 0.00212036
0.00412004, 0.00420432
0.00832422, 0.00678197
0.0106029, 0.00302673
0.00792183, 0.00202849
0.0077354, 0.00554388
0.00770243, 0.00486089
0.0131719, 0.00411024
0.0113734, 0.00349613
0.00718653, 0.00224829
0.00385391, 0.000902809
0.00741786, 0.00398715
0.00547614, 0.00487045
0.0129905, 0.00281602
0.00482406, 0.00146727
0.00903278, 0.000848098
0.0046251, 0.00418104
0.0105645, 0.00166202
0.00152855, 0.000725653
0.0132431, 0.00600633
0.0123863, 0.00503913
0.00608558, 0.00264103
0.00699376, 0.000570746
0.00558589, 0.00493351
0.00523861, 0.00263094
0.00198472, 0.00193804
0.00916332, 0.00301202
0.00691809, 0.00565423
0.00650319, 0.00518648
0.00973344, 0.000199295
0.0065564, 0.00451201
0.00523262, 0.00416117
0.00857719, 0.00122444
0.00466509, 0.00100674
0.00313326, -0.00129894
0.00359747, -0.000952086
0.00694615, 0.00363395
0.00906041, 0.00742453
0.00284131, 0.00347806
0.00865353, -0.000565352
0.00629498, 0.00202525
0.00994786, 0.00625921
0.00615849, 0.00291775
0.00481876, 0.00714197
0.00656262, 0.00518197
0.00621947, 0.00352408
0.00650202, 0.000708552
0.0109138, 0.00716868
0.00661537, 0.0052852
0.00752776, 0.00285596
0.00961425, 0.00344957
0.00788252, 0.0010176
0.00798018, 0.00558781
0.00684874, 0.00160693
0.00617902, 0.0030962
0.00414333, 0.00114906
0.00679524, 0.00154175
0.00368335, 0.00340631
0.00332475, 0.00218573
0.00659026, 0.00418786
0.0111739, 0.00191909
0.00372404, 0.00463043
0.00224412, 0.00245732
0.00464258, 0.00595677
0.00789673, 0.0033354
0.00570948, 0.00110086
0.0048284, -0.000289443
0.00527872, 0.00475666
0.00821732, 0.00376708
0.00600317, 0.00198592
0.00596522, 0.00536833
0.00868747, 0.0024991
0.00420058, 0.00102836
0.00555554, 0.004574
0.00901394, 0.00376295
0.00467368, 0.00443369
0.0106911, 0.00668049
0.00609469, 0.00704728
0.00829907, -9.68197e-05
0.00842733, 0.00256197
0.00281621, 0.00348028
0.00544643, 0.00177701
0.00649267, 0.00275108
0.0129312, 0.00414514
0.003746, -0.00167796
0.00901397, 0.00365221
0.00711885, 9.86936e-05
0.00675801, 0.00130387
0.00837299, 0.00285117
0.00524103, 0.00243568
0.00626177, 0.000429294
0.00493235, 0.00441582
0.0062446, 0.001717
0.00888189, 0.000228439
0.00570727, 0.00459521
0.00550899, 0.00405704
0.00159312, 0.00226046
0.00603637, 0.00392291
0.00671088, 0.00461554
0.00451273, 0.000393864
0.00583465, 0.000400361
0.00732238, 9.26842e-05
0.00343086, 0.00368325
0.0122334, 0.00477916
0.0072767, 0.00276075
0.00940916, 0.00832651
0.0058823, 0.00352216
0.0103806, 0.00427453
0.00734319, 0.00286552
0.00922361, 0.00203219
0.00430883, -0.00100573
0.00604076, -0.000210808
0.00545022, 0.00453541
0.0103594, 0.00730595
0.00788531, 0.00222481
0.00739217, 0.00139843
0.00588089, -0.000234913
0.0141098, 0.00629095
0.015181, 0.00660274
0.00735855, 0.00186582
0.00809296, 0.0040625
0.00435939, 0.00532417
0.00830577, 0.00319405
0.00331028, 0.0036816
0.0078518, 0.0022781
0.00692396, 0.00427999
0.00721169, 0.00492788
0.00311196, 0.00191528
0.00770312, 0.00120758
0.00491776, -0.000749202
0.0119231, 0.00260304
0.00525128, 0.00526086
0.00815684, 0.00134745
0.00288345, 0.00363378
0.00653923, 0.00348621
0.00653449, 0.000638142
0.011059, 0.00602224
0.0115595, 0.00949523
0.006313, 0.000425579
0.00722149, 0.00343286
0.00429858, 0.00400566
0.0060023, 0.00427165
0.00360596, -0.000970292
0.0109155, 0.00397345
0.00392803, 0.000317358
0.00526623, 0.00449715
0.00588681, 0.00238935
0.0125901, 0.0114338
0.0110118, 0.0109545
0.00380771, -0.00158325
0.00268609, 0.000380064
0.00959364, 0.00295208
0.00458603, 0.00186566
0.00894764, 0.00249393
0.00481184, 0.000908064
0.00788054, 0.00270306
0.00401115, -0.000675368
0.00290125, 0.00427212
0.00486092, 0.00175855
0.00439103, 0.00228794
0.00698068, -0.00107456
0.00382741, -0.00184315
0.00960521, 0.00284609
0.00828951, 0.00216162
0.00643577, 0.00326088
0.00794454, 0.00325911
0.0120172, 0.00500897
0.0100016, 0.00485381
0.00347333, 0.00330008
0.00845271, -0.00128157
0.0102514, -3.07214e-05
0.0122604, 0.00631055
0.00506826, 0.00476827
0.00483377, 0.000658496
0.00345193, 0.00352161
0.00751588, 0.00480508
0.00670568, 0.00500135
0.00952512, 0.0082651
0.00510269, 0.00389043
0.0038483, 0.000586151
0.00951362, 0.00172382
0.00607162, 0.00145565
0.00273756, 0.00160402
0.00508193, 0.00224354
0.00756435, 0.00405294
0.00559826, -0.000822215
0.00555105, 0.00310154
0.00606408, 0.00469801
0.00701114, 0.00158456
0.00599204, 0.000651514
0.00867949, 0.00534943
0.00974175, 0.00690357
0.00525331, 0.00451874
0.00956944, 0.00313343
0.00687687, 0.0029244
0.00424618, 0.00162884
0.00614088, -0.00130911
0.00892353, 0.00146273
0.00772944, 0.00152766
0.00691955, 0.00108363
0.00441218, 0.000934562
0.00592038, 0.00157879
0.00413828, 0.00497381
0.0126539, 0.0115774
0.00661442, 0.00320875
0.00894706, 0.00787
0.00763404, 0.00208704
0.0055015, 0.000930174
0.00635025, -0.00104959
0.00441501, 0.00406092
0.00458919, 0.00526708
0.00668219, 0.00303717
0.00773497, 0.00444458
0.00682938, 0.00162489
0.00996269, 0.00445233
0.00502703, 0.00524044
0.00633239, 0.00404888
0.00739907, 0.00335197
0.00838865, 0.000342878
0.00596529, 0.0016007
0.0037158, -0.000820127
0.00811846, 0.00578103
0.0113075, 0.00700203
0.0108018, 7.53281e-05
0.00822409, 0.00301872
0.00683319, 0.000986
0.00223005, 0.00285771
0.00720752, 0.00127863
0.00737571, 0.00374358
0.00740854, 0.00160614
0.0107137, 0.00478985
0.0108406, 0.00556145
0.00782984, 0.00336364
0.0118473, 0.00331935
0.00591293, 0.00416844
0.00337777, 0.00208613
0.00531956, 0.00444451
0.0104559, 0.00628426
0.00727191, 0.0015596
0.00762701, 0.00156454
0.00961924, 0.00298179
0.00698863, 0.00414239
0.0102174, 0.00473659
0.0122581, 0.00855084
0.00681096, 0.00467222
0.0104026, 0.00460103
0.00605906, 0.00340533
0.00702673, 0.00268317
0.00279899, 0.00374263
0.00789449, 0.00361709
0.00618186, 0.00263846
0.00522187, 0.00115439
0.00945079, 0.00326492
0.00822868, 0.00536283
0.00504146, 0.00206891
0.00994402, 0.000209833
0.0129143, 0.0018169
0.00399195, 0.00242441
0.00647429, 0.000714095
0.00761757, 0.00163899
0.00298981, 0.00393541
0.00686931, 0.00350802
0.004413, 0.000972197
0.00460672, 0.00501774
0.00620313, 0.00146147
0.00546134, 0.000428172
0.00735457, 0.00426387
0.000828767, 0.000690692
0.00567031, 0.00635595
0.013122, 0.00800279
0.00650927, 0.00443201
0.00695469, 0.00175095
0.0103597, 0.00590411
0.0052478, 0.00676892
0.00763061, 0.00314359
0.00148903, 0.00178114
0.00572349, 0.00663327
0.00924951, 0.00291293
0.00252475, 0.00372715
0.00747054, 0.00347947
0.00161581, 0.00278201
0.00959419, 0.00528842
0.00703576, 0.00480828
0.00543706, 0.0026786
0.00896099, 0.00587214
0.00668923, -0.000939829
0.00679896, 0.00230053
0.00558589, 0.00493351
0.0103343, 0.00513524
0.00509998, 0.00134771
0.00673983, 0.00148166
0.0015425, 0.00149124
0.00701237, 0.00223568
0.0065674, -0.000364815
0.00720564, 0.00141764
0.00656392, -0.00198003
0.00786794, 0.00195153
0.00688796, 0.00219556
0.00634536, 0.0017971
0.0101612, 0.00288528
0.00898488, 0.00431317
0.00789449, 0.00361709
0.00795661, 0.0038638
0.00618942, 0.0012307
0.00819011, 0.00313128
0.00830489, 0.00700491
0.00965671, 0.00679903
0.00601931, 0.00291204
0.00392896, 0.00537823
0.00861157, -0.00038794
0.00677383, 0.00642861
0.00994409, 0.0109675
0.00383411, 0.00203826
0.00367506, 0.000474757
0.0105137, 0.00480291
0.00690344, 0.00271346
0.00709866, 0.000668483
0.00842299, 0.00285459
0.0083926, 0.00396509
0.00661746, 0.00482141
0.00592039, 0.00342675
0.00532591, 0.000117212
0.00683536, 0.000665423
0.00449631, 0.00168542
0.0080516, 0.00333192
0.00925378, 0.00291734
0.00527485, 0.00256416
0.00400989, 0.0049353
0.00642634, 0.00354719
0.00888325, 0.000160816
0.00225833, 0.00194204
0.00428171, 0.00159244
0.00277221, -0.000264666
0.00314169, 0.00289184
0.0100762, 0.00265226
0.00689978, 0.00437551
0.00778093, 0.00382599
0.00526273, 0.000622359
0.00494933, 0.00440068
0.0112206, 0.00564462
0.0085865, 0.00327276
0.0052757, -0.000261188
0.0101963, 0.00292896
0.00575988, 0.000328899
0.00560577, 0.00373441
0.00495556, 6.27199e-05
0.00140478, 0.000739319
0.0047528, 0.00712357
0.00483551, 0.00430549
0.00878606, 0.00554218
0.0074516, 0.00359817
0.00918742, 0.002659
0.0144301, 0.00628139
0.00338639, 0.0027876
0.00795335, 0.00392437
0.00769198, 0.00182337
0.00556956, 0.0060292
0.0035626, 0.00346386
0.00400322, 0.00323112
0.00921934, 0.00360536
0.00685639, 0.00555649
0.0101294, 0.00636016
0.00646322, 0.00343624
0.00967988, 0.000325993
0.0064858, 0.000711309
0.00506826, 0.00476827
0.00899538, 7.36845e-05
0.00698475, 0.00281699
0.00736834, 0.00118086
0.00973301, 0.00407182
0.00878531, 5.55295e-05
0.00732462, 0.00221252
0.00537316, 0.00431995
0.00911506, 0.00289654
0.00618942, 0.0012307
0.0054056, 0.00160013
0.00692013, 0.00273589
0.00542927, 0.00204933
0.00495583, 0.00508753
0.00754564, 0.00275474
0.00858985, 0.00270218
0.00653096, -0.000409743
0.00283133, 0.000693383
0.00763413, 0.00224808
0.00760801, 0.00108051
0.0096769, 0.00309498
0.0103285, 0.00384164
0.0111418, 0.00596692
0.00785479, 0.00295377
0.00872821, -0.000515243
0.00507431, 0.00420014
0.00608906, -0.000673512
0.00531152, 0.00501802
0.00414333, 0.00114906
0.00551306, 0.00136219
0.00658663, 0.00399867
0.00562519, 0.00373915
0.007393, 0.00136745
0.00447467, 0.00438631
0.00790283, 0.00417493
0.00870298, 0.00282906
0.00604822, 0.00291179
0.0070334, 0.00145727
0.00221833, 0.00337282
0.00600816, 0.00159774
0.00390208, -0.000602276
0.00729159, 0.00207485
0.00242465, 0.00433565
0.00137583, 0.00176116
0.00577624, 0.00118147
0.00619823, 0.000451573
0.00661999, 0.00437107
0.00366086, 0.00514837
0.00867172, 0.00157916
0.00709017, 0.00271101
0.00398776, -0.00191157
0.00590071, 0.00412972
0.0095321, 0.00204597
0.00495378, 9.82644e-05
0.00945198, 0.00503904
0.00462005, 0.00218516
0.00663723, 0.0031823
0.00992353, 0.00476813
0.00781587, 0.00376698
0.00464309, 0.00231769
0.00239551, 0.00264431
0.00885197, 0.00464798
0.00694353, 0.00186694
0.00941368, 0.00223236
0.0042175, 0.00327572
0.00760412, 0.00247816
0.00815741, 0.00518168
0.00949502, 0.00368178
0.00863243, 0.000166454
0.0103332, 0.00958987
0.00540719, 0.00290128
0.00829036, 0.00587134
0.0056124, 0.00146208
0.00566884, 0.00098194
0.00582985, 0.000350227
0.0138672, 0.0125083
0.00756273, 0.0027298
0.00645934, 0.00285007
0.00675603, 0.00303287
0.00876047, 0.0054485
0.00792183, 0.00202849
0.0105235, 0.00390904
0.00887534, 0.000246159
0.0067796, 0.00536181
0.00337518, 0.00106272
0.00859533, -0.000126954
0.00883468, 0.00353094
0.00569609, 0.00327661
0.00529455, -0.00242008
0.00640915, 0.00283759
0.00975324, 0.000366086
0.00931011, 0.00504953
0.00721672, 0.0043188
0.00271601, 0.000859934
0.00753985, 0.00244698
0.004876, 0.0038635
0.00483509, 0.00392107
0.00374882, 0.00192007
0.00637748, 0.00124067
0.00574948, 0.00456741
0.00952354, 0.00340558
0.00750003, 0.00367283
0.0106817, 0.00276479
0.00520938, 0.00229661
0.00665002, 0.00436824
0.0146934, 0.00541759
0.00523654, -0.000454806
0.00707268, 0.00390167
0.00764597, 0.00395833
0.00768649, 0.00400548
0.00539751, -0.000473832
0.00997427, 0.00618515
0.0103781, 0.011801
0.00453473, -4.01497e-05
0.00725901, 0.00305725
0.0133718, 0.0052142
0.00587093, 0.0027849
0.00785751, 0.0045858
0.00455804, 0.00376198
0.00717905, 0.00373582
0.00756047, 0.000916279
0.0081063, 0.000455137
0.00991418, 0.00235369
0.00762628, 0.00116458
0.00845181, 0.00400788
0.0087033, 0.00414214
0.00636784, 0.00156631
0.00351254, 0.00189826
0.00815839, 0.00218928
0.00505173, 0.00405275
0.00645001, 0.00336046
0.0014558, 0.00114658
0.00284626, 0.00377495
0.00982454, 0.00521059
0.00751376, 0.00471134
0.00560527, 0.0017133
0.00734659, -0.00104676
0.0047993, 0.00189515
0.00636253, 0.00574924
0.00926758, 0.00265852
0.00672891, 0.00216134
0.00322868, -0.00176948
0.00737058, 0.00295335
0.00914744, 0.0043463
0.00780643, 0.00421562
0.0112233, 0.00650785
0.0101578, 0.00734289
0.00987239, 0.0028386
0.00667987, 0.00234408
0.00546697, 0.00138197
0.00649271, -0.000579423
0.003992, 0.0021751
0.00684564, 0.000336859
0.00366616, 0.00157556
0.00925222, 0.00228015
0.00725024, 0.00165482
0.0107924, 0.00424764
0.00773484, 0.00324566
0.00299471, 0.00453708
0.00624192, 0.00161544
0.00532253, 0.00403894
0.00667635, -0.00142163
0.00823296, 0.00262707
0.00563698, 0.00478462
0.00246924, -0.000289017
0.0110471, 0.0061404
0.00510797, 0.0022584
0.0135354, 0.00421838
0.00529107, 0.0039949
0.00915592, 0.00261741
0.00361134, 0.00215669
0.00993205, 0.00356301
0.00305343, -0.000433762
0.00503936, 0.00116352
0.00814199, 0.00525838
0.00445035, 0.00520366
0.00922186, 0.00979451
0.00427188, 0.00150424
0.00804489, 0.00217354
0.00805981, 0.00273513
0.00551908, 0.00127431
0.00490779, 0.00332766
0.00514174, -0.000758925
0.0123112, 0.00446762
0.00610147, 0.00175546
0.00442712, -0.00295827
0.0137075, 0.00822705
0.0108562, 0.00256591
0.00662138, 0.00229703
0.00645983, 0.00236587
0.00950211, 0.00313119
0.00771319, 0.00220922
0.00487337, 0.00553652
0.00667987, 0.00234408
0.00928914, 0.00485188
0.0113564, 0.00734764
0.00723888, 0.00043442
0.00281813, 0.00370512
0.0070259, 0.00178723
0.00696601, 0.00427888
0.00564603, 0.000204548
0.00716978, -0.000305654
0.00535717, 0.00602573
0.00289954, 0.00162593
0.0119916, 0.00748489
0.00716329, 0.00567714
0.00599743, 0.00218657
0.00775996, 0.00207146
0.00799331, 0.00459637
0.00915493, 0.00366891
0.00674317, 0.00436364
0.00566884, 0.00098194
0.00905216, -0.000177039
0.00812072, 0.000765147
0.0134584, 0.0121988
0.0105779, 0.000421717
0.0113485, 0.0049874
0.00613483, 0.00116627
0.00589476, 0.00452711
0.0104663, 0.000975611
0.00502238, 0.0022353
0.00540574, 0.00262014
0.0049455, 0.00186398
0.00618451, 0.00554216
0.0128216, 0.00439985
0.00905249, 0.00509406
0.00794346, 0.0042768
0.00822152, 0.00382009
0.00331867, 0.000985117
0.00467254, 0.0018657
0.00968674, 0.00646073
0.00541092, 4.17744e-05
0.0126648, 0.00462556
0.00572415, 0.00541149
0.00586365, 0.00333105
0.0108948, 0.0113757
0.00551797, 0.00636207
0.00213916, 0.00218563
0.0076916, 0.00526789
0.0144301, 0.00628139
0.00514194, 0.00371715
0.00472963, 0.00210025
0.0102241, -0.000401164
0.00686655, 0.00419699
0.00607119, -0.000609435
0.00463967, 0.00404472
0.00931728, 0.00376727
0.00322189, 0.00269536
0.00321716, 0.00446157
0.00833888, 0.00439618
0.00614512, 0.00127576
0.00963554, 0.00474157
0.00403272, 0.00118057
0.00942934, 0.0040707
0.00595745, 0.00230953
0.00465069, 0.00167461
0.0088311, 0.00428389
0.00826622, 0.00478667
0.00785464, 0.00282912
0.00519373, 0.00276784
0.00956396, 0.00465551
0.00617378, 0.00461527
0.0099148, 0.00336799
0.00974175, 0.00690357
0.00579369, 0.005072
0.011402, 0.00834178
0.00565238, 0.00589734
0.00797114, 0.00475032
0.0106563, 0.00702275
0.00821688, 0.0012754
0.00629027, 0.000432375
0.0117466, 0.0061625
0.00363172, 0.00267391
0.010308, 0.00756882
0.00645041, 0.00258182
0.00671594, 0.00188414
0.00795158, 0.00114963
0.00729135, 0.00159324
0.00647813, 0.0044071
0.0102528, 0.00544779
0.00318226, -0.00247115
0.00615135, 0.00213671
0.00601678, 0.00423602
0.00487219, 0.00442343
0.00604322, 0.00380044
0.00400322, 0.00323112
0.00816692, 0.00223521
0.00965403, 0.00447442
0.00858278, 0.002258
0.00182813, 0.000785218
0.0074802, 0.00430552
0.00670568, 0.00500135
0.00770914, 0.00206549
0.0066667, 0.00048644
0.00603239, 0.00162155
0.00420058, 0.00102836
0.00952564, 0.00205511
0.012787, 0.00632363
0.00595957, 0.00103944
0.00875974, 0.00459273
0.00720055, 1.94143e-05
0.00718001, 0.00248446
0.00904709, 0.00141098
0.00541085, 0.00422166
0.00905897, 0.0019714
0.00798421, 0.002789
0.0036898, 0.00443736
0.00790663, 0.00465517
0.00707378, 0.00160864
0.0077471, 0.00260006
0.0131769, 0.0107939
0.00505628, 0.00282458
0.00446467, 0.00163213
0.0120757, 0.00665192
0.0098639, 0.00198234
0.00156673, 0.000375803
0.0131903, 0.00474899
0.0147359, 0.0081562
0.00442216, 0.00350986
0.00914829, 0.000357463
0.00578244, 0.00376082
0.00668693, 0.00246198
0.00710137, 0.0047708
0.00323408, 0.00348265
0.0055671, 0.00147526
0.00501016, 0.00265865
0.00683979, 0.000646792
0.00551996, 0.000973714
0.00467643, 0.00103177
0.00759319, 0.00620518
0.00575218, 0.00398096
0.00574584, 0.00431026
0.00661133, 0.00704825
0.0097464, 0.00280952
0.00790601, 0.00401115
0.00555341, 0.000656861
0.00383893, 0.00203669
0.00687705, 0.00149867
0.0122711, 0.00811953
0.00472542, 0.00338155
0.00586142, 0.00202472
0.0069238, 0.00465324
0.00531387, 0.00295431
0.00901043, 8.50832e-05
0.00665135, 0.00140514
0.00717111, 0.00276018
0.00520475, 0.00398144
0.00549142, 0.00428515
0.00385391, 0.000902809
0.0103158, 0.00392049
0.00605895, 0.00242813
0.00907402, 0.00280344
0.0117904, 0.00431315
0.00497541, 0.00608024
0.00668348, 0.00511334
0.00565506, 0.000606633
0.0064856, 0.00266982
0.00482038, 0.00504577
0.00403343, 0.0046684
0.00477746, 0.000356185
0.0128892, 0.00765516
0.0112385, 0.00189713
0.00347566, 0.00165976
0.00360267, 0.00292018
0.0100787, 0.00993367
0.00331482, 0.00153009
0.00506539, 0.00228803
0.00859595, 0.00274731
0.00714759, 0.00316214
0.00861613, 0.00447978
0.00578775, 0.00315387
0.00742448, 0.00270997
0.00997402, 0.00205194
0.00570407, 0.00206246
0.00954687, -0.000704354
0.00522345, 0.00232818
0.0113253, 0.00451039
0.00576252, -0.000715604
0.00683724, 0.00349604
0.0032806, 0.000938964
0.0101355, 0.00338575
0.00909521, 0.0048578
0.00809635, 0.00415501
0.00501652, 0.00114254
0.00487192, 0.00301055
0.0069169, 0.00244481
0.00667987, 0.00234408
0.00927395, 0.00529459
0.0044062, 0.00296892
0.00906866, 0.00354298
0.00608286, 0.00421534
0.00659588, 0.0024962
0.00543439, 0.00452658
0.00792905, 0.00340554
0.00317528, 0.00177391
0.0075624, 0.00208223
0.00812879, 0.00358782
0.00635211, 0.00385608
0.0074802, 0.00430552
0.0107093, 0.00558884
0.0113607, 0.00557752
0.00487192, 0.00301055
0.00961778, 0.00614181
0.00637286, 0.00413926
0.00231643, 0.00309036
0.00420198, 0.000109965
0.0109919, 0.00559603
0.0068034, 0.00142896
0.00137321, 0.00125263
0.00409794, -0.00046152
0.00759587, 0.00424387
0.00410632, 0.003055
0.00621457, 0.000359732
0.00919485, 0.00657516
0.00983716, -0.000165739
0.00298845, 0.004139
0.00736136, 0.00464146
0.0111814, 0.00700289
0.00456166, 0.00631861
0.00940416, 0.00470608
0.00797665, 0.00230931
0.0107701, 0.00627893
0.00541125, 0.00368462
0.00342287, -0.0025936
0.0063718, 0.00276846
0.00732271, 0.00204448
0.00948256, 0.000240173
0.010687, 0.00307725
0.0108632, 0.00998257
0.00587835, 0.0041112
0.00657893, 0.00357843
0.0114188, 0.00314868
0.00758978, 0.000314193
0.00553037, 0.00244556
0.00388876, 0.00384913
0.00794769, 0.00530887
0.0145803, 0.00560376
0.00731286, 0.00107122
0.00756236, 0.00277891
0.00921231, 0.00681434
0.00635555, 0.00262666
0.013005, 0.00716802
0.00824659, -0.000536183
0.00227793, 0.00248933
0.00752992, 0.00391072
0.00807509, 0.00178408
0.00233159, 0.0026438
0.00675296, 0.00138728
0.011718, 0.00689683
0.00326069, 0.00142209
0.00924828, 0.00194542
0.00442293, 0.0036776
0.00906964, 0.00320287
0.00656299, 0.00055963
0.0058503, 0.00395663
0.00562188, 0.000436268
0.0090615, 0.000329217
0.00882694, 0.00347304
0.00778724, 0.00480063
0.00610542, -0.000446399
0.0075017, 0.00301727
0.00651849, 0.00231854
0.0018538, 0.00100767
0.0068127, 0.00318244
0.00851166, 0.00310997
0.00593935, 0.00102578
0.00583731, 0.00145659
0.00618249, -0.000342524
0.0138492, 0.0075594
0.010789, 0.00947384
0.0056031, 0.00105081
0.0113876, 0.00664144
0.0107387, 0.00337751
0.00695727, 0.00146906
0.0103353, 0.0055705
0.0135279, 0.00631001
0.00441501, 0.00406092
0.00514988, 0.00681656
0.00548207, 0.00645358
0.00619118, 0.00252252
0.00594046, 0.00226851
0.00326818, 0.00316065
0.00733908, 0.00466446
0.00808574, -0.001297
0.00354446, 0.00222057
0.00813302, 0.000305457
0.00693687, 0.00450371
0.0101767, 0.00424436
0.00503864, 0.00219999
0.00838595, 0.004002
0.00749788, 0.00372154
0.00467989, 0.00496394
0.00740612, 0.00483597
0.00882106, 0.00259322
0.00561167, 0.00426402
0.00778162, 0.000526667
0.00550938, 0.00380119
0.00974327, 0.00544318
0.00666621, 0.00367465
0.00369426, -0.000690162
0.0106925, 0.00524712
0.0067329, 0.00453906
0.00728062, 0.00282558
0.00902009, 0.00383916
0.00620625, 0.00155813
0.00661786, 0.00498703
0.00890361, 0.00174402
0.00816561, 0.00492703
0.00709721, 0.00425527
0.00684144, 0.00165004
0.00615254, 0.00355403
0.0071032, -0.00106713
0.0138261, 0.00862228
0.00597157, 0.00152131
0.00755181, 0.00390644
0.0105305, 0.00601763
0.00423813, -0.001604
0.0059226, 0.00197687
0.00850836, 0.00567776
0.00907259, 0.00251653
0.00740501, 0.00190207
0.00629503, 0.00404034
0.00470032, 0.00193785
0.00568305, 0.00361155
0.00817334, 0.00291151
0.00355824, 0.00292708
0.00627331, 0.00295984
0.00666863, 0.00139297
0.00633908, 0.00159645
0.00383254, 0.00220881
0.00731015, -0.000739517
0.00541956, 0.0074823
0.0070788, 0.00495361
0.0036856, 0.00225512
0.00453501, 0.00129625
0.004037, 0.00398618
0.0054115, 0.00446303
0.00950287, 0.00491614
0.00885176, 0.00473618
0.00631345, 0.00469642
0.00263513, 0.00465252
0.00587102, 0.00123182
0.00394803, 0.00221174
0.00385391, 0.000902809
0.00245906, 0.00292295
0.0100707, 0.00519852
0.0116728, 0.00873149
0.00565486, 0.00493417
0.00522973, 0.00755363
0.00650896, 0.0053577
0.0100007, 0.00463006
0.00672692, 0.00260673
0.00642574, 0.00632537
0.00740612, 0.00483597
0.0107487, 0.00815942
0.00827196, 0.00222589
0.00719005, 0.00303486
0.0045993, 0.00625461
0.00944812, 0.00320001
0.0143033, 0.00520785
0.0066494, 0.00545411
0.00582114, 0.00582847
0.00553379, 0.00419812
0.00850913, 0.0038456
0.00595393, 0.00169682
0.00509817, 0.00338626
0.00557163, 0.00424741
0.010231, 0.00450352
0.00456775, 0.00638208
0.00791905, 0.00356736
0.00571809, 0.00543052
0.00589876, 0.00404845
0.0132818, 0.00676419
0.00991432, 0.00582456
0.00928823, 0.00259325
0.00475538, 0.00348061
0.00797871, 0.000754739
0.00682809, 0.00435541
0.00312341, 0.00254541
0.00937495, 0.00734786
0.00715198, 0.00152584
0.0111314, 0.00480923
0.0144795, 0.00625735
0.0077139, 0.00090655
0.00969692, -0.000183051
0.00762924, 0.00391171
0.00647361, 0.00175417
0.00796049, 0.002861
0.0072749, 0.00365421
0.00606122, 0.0039483
0.00906503, 0.00589422
0.00817437, 0.000718311
0.0111141, 0.00139407
0.00725462, 0.00585893
0.00729835, 0.00162716
0.0102245, 0.00684778
0.0104517, 0.00750934
0.0074802, 0.00430552
0.00887402, 0.00260772
0.00379968, 0.00168385
0.00743369, 0.00387159
0.00952196, -0.000239811
0.007749, 0.001889
0.00847558, 0.00430534
0.00830581, -0.000189913
0.0103799, 0.00394414
0.00794871, 0.00334128
0.00948447, 0.00328477
0.00421029, 0.00194054
0.0057349, 0.00574085
0.00828457, 0.00394502
0.00974175, 0.00690357
0.00840855, 0.00247736
0.00759928, 0.000773762
0.00464073, 0.0031918
0.00588501, -0.000354477
0.00756711, 0.00333056
0.0113059, 0.00345743
0.00541072, -0.00214475
0.00627066, 0.00412012
0.00508959, 0.00216988
0.0113379, 0.00790453
0.00557163, 0.00424741
0.00591191, 0.00207704
0.00105349, 0.000792552
0.00496929, 0.0026387
0.00335375, -0.000881421
0.00653089, 0.00573733
0.00838504, 0.000652313
0.0105449, 0.00381407
0.0047511, 0.00406293
0.0121659, 0.00930662
0.0128165, 0.00681657
0.00528192, 0.00165674
0.00740501, 0.00190207
0.00706343, 0.0033577
0.00682333, 0.00225378
0.00451177, -0.00104338
0.00719625, 0.00266495
0.0112356, 0.00630623
0.00633764, 0.0030489
0.00544396, 0.00620081
0.00568971, 0.00357162
0.00740401, -0.00116062
0.00319863, 0.000159713
0.005256, 0.00341283
0.011765, 0.00456106
0.00367932, 0.00132673
0.00631575, 0.00318536
0.00518391, -0.000848408
0.00929053, 0.00441883
0.00741961, 0.00347463
0.00414396, -8.36914e-05
0.00376844, 0.00103779
0.0089208, 0.00293512
0.00367547, 0.00119334
0.00674223, 0.00446417
0.0121438, 0.00834647
0.00441745, 0.00447554
0.0132028, 0.00847762
0.00670777, 0.00474005
0.00511691, 0.0015044
0.00684518, 0.00422326
0.00601366, 0.00349761
0.00546134, 0.000428172
0.00387732, -0.000653063
0.00558333, 0.00650985
0.00774295, 0.00476678
0.00525563, 0.000201617
0.00804077, 0.00238091
0.00517134, 0.000542683
0.00619953, 0.00382104
0.00487192, 0.00301055
0.00376395, -0.000242409
0.00637748, 0.00124067
0.0103335, 0.00501931
0.0100518, 0.00552342
0.00768565, 0.00542059
0.00803349, 0.00157775
0.00842903, 0.00256701
0.00351979, 0.000920037
0.00288345, 0.00363378
0.00350198, 0.00318941
0.00377918, 2.99797e-05
0.00790833, 0.00366043
0.00594094, 0.00388211
0.0060697, 0.000861389
0.00571711, 0.00218298
0.00892411, 0.00388174
0.00983051, 0.00572693
0.00853894, 0.0026426
0.00944839, 0.00536659
0.00589932, 0.00407644
0.00851793, 0.00170076
0.00731274, -0.000676387
0.00846762, 0.00315795
0.0101428, 0.00520514
0.0073252, 0.00446058
0.00528352, 0.00388905
0.00884215, 0.00431643
0.00582795, 0.000674463
0.0081031, 0.0031934
0.0102149, 0.00532571
0.00807077, 0.00157035
0.0111125, 0.00586803
0.00728212, 0.00387035
0.0112245, 0.00484525
0.00845301, -0.000515066
0.0125103, 0.00637975
0.00875935, 0.00139644
0.00579261, 0.00468546
0.00662865, 0.00504474
0.0121782, 0.00714382
0.00595761, 0.00460403
0.00834972, 0.00408376
0.00829589, 0.00278779
0.00912713, 0.00432005
0.00522663, 0.00235478
0.00506134, 0.00287065
0.00793424, 0.00215984
0.00755947, 0.00478532
0.00289674, -0.000686509
0.0060108, 0.00449967
0.00306054, 0.001958
0.00650334, 0.00176918
0.00429476, 0.0014876
0.00328691, 0.000545294
0.00753974, 0.00234969
0.007655, 0.0029987
0.00119086, 0.00143408
0.0109122, 0.00358992
0.00615561, 0.00407884
0.00627717, 0.00509675
0.00633726, 0.000216992
0.00694253, 0.0038852
0.00867158, 0.00442268
0.00499292, 0.0016744
0.00673556, 0.00426738
0.00637349, -0.00102777
0.00668763, 0.00373443
0.00727194, 0.00156373
0.00571754, 0.000212865
0.00898811, 0.00133457
0.00513139, 0.00436557
0.00669441, 0.00571031
0.00537759, 0.00413143
0.00763725, 0.00277587
0.0129322, 0.00876541
0.00661532, 0.00497915
0.00778135, 0.00298138
0.00622925, 0.000907329
0.00709423, 0.00317078
0.0131419, 0.0038169
0.00458236, 0.000936464
0.00937722, 0.00457825
0.00643736, 0.00204608
0.0126978, 0.0115089
0.00608496, -0.000876336
0.00516222, 0.00692798
0.0136051, 0.00805893
0.0132535, 0.00752369
0.00711483, 0.00346481
0.00961966, 0.00573311
0.00616581, 0.00358518
0.00510117, 0.00100604
0.00604891, 0.00505181
0.0105583, 0.00429142
0.00766315, 0.00224745
0.00601946, 0.00203294
0.0058322, 0.00147637
0.00567124, -0.000900259
0.00628639, 0.00407139
0.0102958, 0.00204889
0.00622475, 0.000620783
0.00764805, -3.71747e-05
0.00806299, 0.00238534
0.00698855, 1.90678e-05
0.00792129, 0.00258855
0.00769543, 0.00452143
0.009146, 0.00135342
0.00662805, 0.00369913
0.00771003, 0.00280086
0.00735378, 0.00460164
0.00901719, 0.00535735
0.00911495, 0.00674922
0.00935151, 0.00187358
0.00787017, 0.00282866
0.0138582, 0.00658975
0.00758883, 0.00222577
0.00827126, 0.0016124
0.00916617, 0.00351925
0.00152517, 0.00182189
0.0097523, 0.0018735
0.00519126, 0.0026561
0.00771009, 0.00474137
0.0100087, 0.00593831
0.00474334, 0.00565882
0.00711225, 0.00396946
0.00323687, -0.000962417
0.010548, 0.00558324
0.00595321, 0.00402244
0.00577776, 0.00313842
0.00571431, -0.00100088
0.00469007, 0.00422569
0.00770824, 0.0101104
0.00453428, -0.00162182
0.00233159, 0.0026438
0.00449152, 0.00351178
0.00580756, 0.00174104
0.00298981, 0.00393541
0.0120212, 0.0032763
0.00432063, 0.000266127
0.00628195, 0.00305886
0.0102568, 0.00215573
0.00756568, 0.000133557
0.00222985, 0.00247288
0.012028, 0.00715809
0.0079543, 0.00396065
0.00516785, 0.00124489
0.014849, 0.00869412
0.0137011, 0.00823662
0.00698022, 0.00381022
0.00140478, 0.000739319
0.00519126, 0.0026561
0.0132768, 0.0121662
0.00643793, 0.0029256
0.00618068, 0.0005777
0.00552942, 0.00639736
0.00393304, 0.00289016
0.00689278, 0.000197515
0.00549625, 0.00396783
0.00617076, 0.00344484
0.0118944, 0.0052153
0.00533242, 0.00166738
0.00504421, 0.00142523
0.00675456, -0.000752977
0.0110247, 0.00588553
0.00779632, 0.00424635
0.00620178, 0.00372319
0.0135183, 0.00346606
0.00950211, 0.00313119
0.00667493, 0.00431202
0.00452188, 0.0019632
0.00230426, -0.000978473
0.00436228, -0.000635421
0.00551426, 0.002172
0.0105298, 0.0102324
0.00569912, 0.000981428
0.00391427, 0.00222495
0.00998565, 0.00309064
0.00902253, 0.0023251
0.00492278, 0.00240246
0.0060801, 0.00288078
0.00691452, 0.0022867
0.00647636, 0.00284647
0.0121873, 0.00858979
0.00313061, 0.00192464
0.00584537, 0.00138603
0.00504397, 0.00112692
0.0059795, -0.000777203
0.00388398, 0.00168265
0.004643, -0.0025608
0.00953122, -0.000210646
0.00645861, 0.00460544
0.00880373, 0.00102591
0.00676574, 0.00638893
0.00618831, 0.0013038
0.00478894, 0.00329758
0.00623548, 0.00302417
0.00510797, 0.0022584
0.00917184, 0.00409759
0.00159446, 0.00161484
0.0107852, 0.00482638
0.00712493, 0.00139836
0.00585314, 0.00242734
0.00851045, 0.00418503
0.0115101, 0.00787165
0.00647072, 0.00224271
0.00556956, 0.0060292
0.0107615, 0.00426171
0.00871378, 0.00471065
0.00321436, 0.000626011
0.00425862, 0.00179649
0.00413343, 0.00166377
0.00799483, 0.00718309
0.00943098, 0.00597445
0.0103878, 0.0101167
0.00333246, 0.00356512
0.00588413, -0.000577733
0.00583731, 0.00145659
0.011606, 0.00946764
0.00664833, 0.00140169
0.0139629, 0.00317192
0.00649035, 0.00380999
0.00601535, 0.00107571
0.00987751, 0.000485257
0.00359706, 0.00139628
0.0144369, 0.00850145
0.00963222, 0.00682409
0.00867781, 0.00509824
0.0135888, 0.00639317
0.00546134, 0.000428172
0.00614366, -0.00233922
0.0054444, 0.000349118
0.00327026, 0.00202627
0.00696604, 0.00102549
0.00691193, 0.00269243
0.0107225, 0.0064507
0.00863236, 0.000176586
0.00531769, 0.00382991
0.0110078, 0.00524833
0.00563823, 0.00387009
0.00689075, 0.00587866
0.00843608, 0.00149547
0.0147924, 0.00802185
0.00693427, 0.00453337
0.00696202, 0.0024493
0.00691724, 0.00108527
0.00637398, 0.00194647
0.00508319, 0.000504822
0.0119905, 0.00487555
0.00610728, 0.000365511
0.00574902, 0.00371914
0.0101064, 0.00777244
0.00850457, 0.00419987
0.00296796, 0.000838124
0.00940021, 0.00241711
0.00686327, 0.00130863
0.0074044, 0.00153807
0.00885694, 0.00446772
0.00521762, 0.00382271
0.0038447, 0.00204858
0.00681084, 0.0027545
0.00248231, 0.000448334
0.00502029, 0.00599149
0.00742201, 0.00339434
0.00652442, 0.00136942
0.00869668, 0.00250526
0.00704274, 0.00367833
0.00545886, 0.0020923
0.00698976, 0.00466985
0.00606579, 0.00188372
0.00781587, 0.00376698
0.00674836, 0.00205448
0.00624281, 0.00441859
0.0119055, 0.0094751
0.0102514, 0.00362567
0.00578676, 0.00471075
0.00513991, 0.00210856
0.00533417, -0.00127511
0.00486092, 0.00175855
0.00775051, 0.00776142
0.00619681, 0.00484932
0.00750697, 0.00590115
0.0115062, 0.00251026
0.00543206, 0.00130049
0.0083557, 0.00906412
0.00565587, 0.00406148
0.00875797, 0.00278785
0.00910095, 0.0042844
0.00309718, 0.00351445
0.00471419, 0.000130656
0.00502094, 0.00606872
0.00986214, 0.00378528
0.0129791, 0.00691765
0.0068305, 0.00411766
0.00533778, 0.00131311
0.00457567, 0.00234033
0.00562013, 0.0043474
0.00663254, 0.00398153
0.0051727, 0.00616265
0.00650228, 0.00537495
0.00656643, 0.00322022
0.00623924, 0.00146854
0.00794823, 0.00316883
0.00689075, 0.00587866
0.00456435, 0.0059449
0.00379322, 0.00210931
0.00315351, 0.00147959
0.00741573, 0.00316174
0.00903751, 0.00295369
0.0105262, 0.00648598
0.00693146, 0.00375522
0.0016893, 0.0019124
0.00715277, 0.00210863
0.0113958, 0.00421857
0.00808576, 0.00243918
0.0074505, 0.00130458
0.00471232, -0.000682446
0.00455213, 0.0013909
0.00928069, 0.000596689
0.00764308, 0.00131
0.00716289, 0.00231466
0.00577358, 0.00061107
0.00460769, 0.00491381
0.0104363, 0.0033875
0.007774, 0.00359488
0.00783505, 0.000554152
0.00943022, 0.00372531
0.00503936, 0.00116352
0.00519736, 0.00509668
0.00461584, 0.000211871
0.0077022, 0.00368914
0.0071442, 0.00430753
0.0112417, 0.00813192
0.00809686, 0.00316892
0.00521648, 0.000480025
0.00920003, 0.00188501
0.00856222, 0.00463484
0.00608446, 0.000679375
0.00811846, 0.00578103
0.00590785, 0.0051997
0.00551361, 0.00449109
0.00222094, 0.00329769
0.00487943, 0.00103905
0.00377493, 0.00368097
0.00660551, 0.00119793
0.00737812, 0.00140552
0.00327026, 0.00202627
0.00789061, 0.00510575
0.00644837, 0.00212778
0.0132038, 0.00802173
0.0027034, 0.00126083
0.00989091, 0.00778638
0.00976298, 0.00552515
0.00643882, 0.00356005
0.00802866, 0.00250602
0.00823348, 0.0031182
0.0131259, 0.00568894
0.0122029, 0.00737053
0.00450404, 0.00141388
0.00632283, 0.00213538
0.00919011, 0.00171263
0.00653156, 0.00485584
0.00771629, 0.00207384
0.0110471, 0.00188758
0.00570174, 0.00568037
0.00933362, 0.00559377
0.0095519, 0.00411326
0.0101092, 0.00655628
0.00515364, 0.00288442
0.00503936, 0.00116352
0.00974903, 0.00340422
0.00411508, -0.000447068
0.00686376, -0.000877765
0.00855395, 0.00434309
0.00743177, 0.00102736
0.00458894, 0.0064531
0.00591895, 0.000415642
0.00918742, 0.002659
0.00782597, 0.00224058
0.00687997, 0.00297749
0.00140478, 0.000739319
0.00552427, 0.00453364
0.00719796, 0.00152859
0.00781947, 0.00200775
0.00500773, 0.00101237
0.00561373, 0.00224075
0.00820051, 0.000544542
0.00646547, 0.00104403
0.005676, -0.00254845
0.010607, 0.0093303
0.00615545, 0.00189022
0.00668242, 0.00589153
0.0127916, 0.00664299
0.00964356, 0.000820377
0.00518698, 0.0034744
0.00728157, 0.0057842
0.00424912, 0.00138699
0.0108084, 0.00111849
0.00703096, 0.000721139
0.00535717, 0.00602573
0.00216003, 0.00210481
0.0069346, 0.0048846
0.00878149, 0.00260053
0.0102505, 0.00417083
0.00525012, 0.00560758
0.00905319, 0.0039339
0.00567703, 0.00175561
0.00936745, 0.00339722
0.0115189, 0.00388245
0.00818397, 0.00170559
0.0049682, 0.00123631
0.0058956, 0.00144541
0.00512237, 0.00259439
0.00403912, 0.00323065
0.010039, 0.0101013
0.0104026, 0.00460103
0.00555662, 0.00240214
0.0015875, 0.00209087
0.00967483, 0.00320321
0.00827677, 0.00400238
0.00668523, 0.00447309
0.00569124, 0.00464997
0.00606318, 0.000930832
0.00966996, 0.00509519
0.00826985, 0.00352888
0.00767002, 0.00192927
0.00784129, 0.00414345
0.00609142, 0.00495993
0.00371162, 0.00195001
0.0134441, 0.00481968
0.0105167, 0.00393647
0.00520475, 0.00398144
0.00332475, 0.00218573
0.00607581, 0.00475522
0.0066513, 0.00381033
0.00684742, 0.00170333
0.00728061, 0.00199806
0.00478283, 0.00574434
0.00486092, 0.00175855
0.00356585, 0.0010496
0.00694196, 0.0057906
0.0109508, 0.00728174
0.00672388, 0.0018115
0.00519126, 0.0026561
0.0118679, 0.0102507
0.00495654, -0.000250314
0.00356713, 0.00476761
0.00754177, 0.00387832
0.00630214, 0.00492495
0.00188469, 0.00198624
0.00593948, 0.0025667
0.0100792, 0.00282258
0.00917153, 0.000343203
0.0075536, 0.00304103
0.00909797, 0.00439251
0.00932246, 0.00295508
0.00779897, 0.00339825
0.00924828, 0.00194542
0.00470589, 0.00164088
0.00261318, 0.0041323
0.007116, 0.0033101
0.00719754, 0.00567332
0.00358904, 0.00280841
0.00909057, 0.00492042
0.0062214, 0.00338381
0.00655234, 0.0025594
0.00527467, 0.00466135
0.00684705, 0.0019849
0.0102311, 0.00631767
0.00758883, 0.00222577
0.00528671, 0.00449014
0.00744886, 0.00447004
0.00422042, 0.00607694
0.00777811, 0.00217636
0.00624661, 0.00197328
0.00369137, 0.00422876
0.00561799, -0.000808428
0.00746037, 0.00321858
0.00535155, 0.0050118
0.0110518, 0.0028837
0.00851499, 0.00519254
0.00722031, 0.0021571
0.0101373, 0.00518957
0.00499089, 0.00712027
0.00639353, -0.000336605
0.009609, 0.00408471
0.00614829, 0.00381912
0.00425818, 0.00346448
0.00744675, 0.00293291
0.00312429, 0.00460685
0.00430664, -8.91055e-05
0.00523006, 0.00456117
0.00952236, 0.00420282
0.000901237, 0.000703899
0.0079266, 0.00233231
0.00322601, -0.00263654
0.0071793, 0.00354579
0.0036682, 0.00200853
0.00784236, -4.18889e-06
0.00549479, 0.00392505
0.00482859, -0.000587895
0.00480039, 0.00496589
0.00828036, 0.00730648
0.0101742, 0.00332852
0.0118891, 0.00851834
0.00787776, 0.00270844
0.00738921, 0.000209102
0.0106305, 0.00425557
0.00809368, 0.000846993
0.00760423, 0.00164005
0.00546294, 0.00468136
0.00570598, 0.00160638
0.00475537, 0.00711995
0.00256333, 0.00179078
0.00817844, 0.00275758
0.00463526, 0.00647597
0.00131725, 0.00117127
0.00700616, 0.000392029
0.00696682, 0.000886673
0.00367379, 0.00508909
0.011735, 0.0020745
0.00917381, 0.00287922
0.0101718, 0.00660079
0.00753541, 0.00338447
0.00739307, -0.00136619
0.00396542, 0.00291053
0.00694533, 0.00367134
0.00707343, 0.00365288
0.00759473, 0.00439019
0.0104542, 0.00662819
0.00577833, 0.00240192
0.00401947, 0.00289751
0.0116519, 0.00507381
0.00890392, -0.000804862
0.0040571, -0.00129043
0.00582725, 0.00525482
0.0034213, 0.00450511
0.00650893, 0.00402133
0.00786445, 0.00389349
0.00670052, 0.00172864
0.00796355, 0.000906064
0.0077954, 0.00352522
0.00553379, 0.00419812
0.00665002, 0.00436824
0.00942403, -0.000201793
0.00608558, 0.00264103
0.00758503, 0.00153888
0.00722819, 0.00556434
0.00996852, 0.002718
0.00683767, -0.000626394
0.00845312, 0.00266932
0.00228983, 0.00299973
0.00814983, 0.00130316
0.00221729, 0.000550162
0.0051361, 0.00597782
0.005238, 0.00605961
0.00660261, 0.00487809
0.00615671, 0.000834616
0.00829642, 0.000406725
0.00851929, 0.000672684
0.00755919, -0.000131577
0.0059672, 0.00117036
0.0108202, 0.0056833
0.00914718, -0.000724525
0.00558922, 0.00128947
0.00475531, -0.000401543
0.00500773, 0.00101237
0.00437134, 0.00152033
0.00385391, 0.000902809
0.00648709, 0.00120395
0.00571011, 0.00152306
0.00767737, 0.00338689
0.00853519, 0.0032554
0.00619027, 0.00364863
0.00592039, 0.00342675
0.00620003, 0.00111271
0.0101421, 0.00595378
0.00827099, 0.000808836
0.00682483, 0.00368439
0.00485264, 0.000600251
0.00907389, 0.00321845
0.0024075, 0.00134923
0.0104436, 0.000753826
0.00474648, -0.00130981
0.00394696, 0.00217282
0.00678487, 0.00464095
0.00317263, -0.00228554
0.00569865, 0.000794295
0.00197198, 0.00139391
0.00829273, 0.00422147
0.00665953, 0.00194106
0.0100877, 0.00140478
0.00647559, 0.000542531
0.00881675, 0.00403868
0.00635653, 0.00443065
0.00580303, 0.00207991
0.00820241, 0.0032053
0.00835355, 0.00345938
0.00679384, 0.00243598
0.0119111, 0.00756625
0.00402629, 0.00162999
0.0056174, 0.00434975
0.00402035, 0.00497479
0.00446334, -0.00154367
0.00032758, 0.000249328
0.0072039, 0.00171412
0.00972988, 0.00660709
0.00748941, 0.00487927
0.0048411, 0.00559872
0.00833807, 0.00490078
0.00742209, 0.00369494
0.0111083, 0.00490133
0.0102955, 0.00613995
0.00653406, -0.00016842
0.00802193, 0.000394779
0.00572592, 0.00152637
0.00879862, 0.00307241
0.00793421, 0.00232419
0.0078035, 0.00347269
0.00327446, 0.00263665
0.00587871, 0.00353458
0.00608965, 0.00444985
0.00500773, 0.00101237
0.00837613, 0.00429385
0.00491215, 0.00395346
0.00755976, 0.00197521
0.00792502, 0.00395276
0.0054828, 0.00170022
0.00527035, 0.00208817
0.00788802, 0.00267819
0.00394803, 0.00221174
0.00518985, 0.000236196
0.00838755, 0.00922299
0.00964355, 0.00100611
0.00772332, 0.00334099
0.00539536, 0.00457051
0.00479778, 0.004303
0.0053123, 0.00290617
0.008151, 0.0022192
0.00717972, 0.00254596
0.0090496, 0.000685596
0.00833643, 0.000767009
0.00573037, 0.00196513
0.00317646, 0.00321882
0.00555662, 0.00240214
0.00561978, 0.00331057
0.0059354, 0.00497027
0.00455618, 0.000759683
0.00627768, 0.00240642
0.00686955, 0.00279851
0.00394803, 0.00221174
0.00561167, 0.00426402
0.00590071, 0.00412972
0.0052059, 0.00106044
0.00572349, 0.00663327
0.00905897, 0.0019714
0.00419925, 0.00115064
0.00974175, 0.00690357
0.010841, 0.00433798
0.0047287, 0.00214118
0.00721207, 0.00284027
0.00803667, 0.00427296
0.0100454, 0.00596632
0.00437336, 0.000997038
0.00554193, 0.00417634
0.00684981, 0.00284447
0.00904859, 0.00616123
0.00355295, 0.00292414
0.00416898, 0.00732015
0.00488567, 0.00356483
0.00770667, 0.00398122
0.0144301, 0.00628139
0.00810091, 0.00367736
0.0056969, 0.00630886
0.0040282, -0.00122651
0.0054603, 0.00439106
0.0108513, 0.00699978
0.00321716, 0.00446157
0.00679594, 0.00442232
0.00546896, 0.00389504
0.00453655, 0.00131586
0.00626132, 0.00161472
0.00746416, 0.00462425
0.00640539, 0.00302374
0.00668782, 0.00567954
0.00796182, 0.00201874
0.001842, 0.00300168
0.00770981, 0.00212107
0.00604121, 0.00412104
0.0101345, 0.00417055
0.00606401, 0.00251302
0.0134438, 0.00562944
0.00596554, 0.00432207
0.00333919, -0.000555967
0.00633746, 0.00481882
0.00783534, 0.00660445
0.00547015, 0.00227814
0.00386817, -0.000928848
0.00793534, 0.00302494
0.0057784, 0.00573258
0.00656065, 0.0013557
0.00522921, 0.00172149
0.0038483, 0.000586151
0.00503829, 0.00104061
0.0102149, 0.00532571
0.0111928, 0.00203297
0.0123948, 0.00374559
0.00677479, 0.00241862
0.00658606, 0.00166321
0.0102967, 0.00607914
0.0026142, 0.00348329
0.0113421, 0.00448964
0.0137561, 0.0066314
0.00869062, 0.00686074
0.0049073, 0.00199296
0.00561731, -0.000818116
0.00901664, 0.00307164
0.00813458, 0.00298333
0.00616034, 0.000760969
0.00805332, 0.00269315
0.00328855, 0.000523527
0.00852791, 0.000252281
0.00782884, 0.00254425
0.0106563, 0.00702275
0.0052946, 0.00103498
0.00687461, 0.00288296
0.00469729, 0.000909818
0.0044062, 0.00296892
0.00683691, 0.0004906
0.00760487, 0.00398964
0.00187015, 0.00241582
0.00643122, 0.0020935
0.0121677, 0.00211419
0.00652746, 0.00392994
0.00918742, 0.002659
0.00680931, 0.0028411
0.00539072, 0.00278721
0.0102351, 0.00509468
0.00553379, 0.00419812
0.00773803, 0.00259103
0.00400989, 0.0049353
0.00910768, 0.00421021
0.00496188, 0.00386135
0.00900667, 0.000227037
0.00832414, 0.00286718
0.00753673, 0.000121477
0.0114793, 0.0110732
0.00426034, 0.0037755
0.00792672, 0.00215627
0.0103796, 0.00910254
0.00710898, 0.00448687
0.00384113, 0.000999544
0.00856854, 0.00135136
0.0140987, 0.00643174
0.00831715, 0.00420765
0.00757651, 0.00339034
0.00874747, 0.0041591
0.00767397, 0.000955313
0.00415201, 0.00638777
0.00632268, 0.00375222
0.00740718, 0.00263721
0.00818879, 0.000972592
0.00780098, 0.00267742
0.00598974, 0.00168368
0.0054895, 0.0044842
0.00836514, 0.00277781
0.0128433, 0.0057718
0.00388784, -0.00178316
0.00760851, 0.000282906
0.00548335, -0.00085095
0.00755181, 0.00390644
0.00788452, 0.00454262
0.00450404, 0.00141388
0.00752909, 0.00141859
0.00572033, 0.00377726
0.00754949, 0.00411145
0.00558289, 0.00373282
0.00758859, 0.00295336
0.00632713, 0.0035205
0.00898194, 0.00345554
0.00211516, 0.00269493
0.00707926, 0.00137124
0.00657791, 0.00383158
0.005215, 0.00403916
0.00983421, 0.00207222
0.00870404, 0.00444162
0.00673018, -0.00148579
0.00478014, 0.00149981
0.00399799, 0.00288703
0.00655234, 0.0025594
0.00771319, 0.00220922
0.00423511, 0.0045169
0.00313477, 0.00193008
0.00527411, 0.00416643
0.00596864, 0.00337741
0.00811846, 0.00578103
0.0141496, 0.00540147
0.0119111, 0.00756625
0.0100807, 0.00422784
0.00762701, 0.00156454
0.0137503, 0.00708946
0.00833643, 0.000767009
0.00716979, 0.00184677
0.00667987, 0.00234408
0.0100688, 0.00216324
0.00793263, 0.00112815
0.00606318, 0.000930832
0.00423825, 0.00445903
0.0044062, 0.00296892
0.00690884, 0.00276084
0.00448558, 0.00106058
0.00852542, 0.00557277
0.00914392, 0.00266083
0.00227324, 0.00288768
0.00650819, 0.00146356
0.00512117, 0.00363891
0.00796361, 0.00384511
0.0036373, 0.00457267
0.00799185, 0.00215549
0.00605343, 0.00119499
0.00402629, 0.00162999
0.00656643, 0.00322022
0.0117339, 0.00657073
0.0052025, 0.00191759
0.0120776, 0.00700401
0.00489727, 0.00238684
0.00439685, 0.00497434
0.00196459, 0.00225462
0.00359281, 0.00282652
0.00337614, -0.00191316
0.00638522, 0.00194403
0.00869767, 0.00452413
0.00649601, 0.00162389
0.00622666, 0.00210623
0.00178885, 0.00183964
0.00789287, 0.00380366
0.0066385, 0.0014224
0.00534492, 0.00141834
0.00789407, 0.000843037
0.00619608, 0.000993168
0.0107486, 0.00467861
0.00626106, 0.00145644
0.00191084, 0.000870652
0.00498033, 0.0025004
0.00769177, 0.00142706
0.00847235, 0.000565577
0.00771629, 0.00207384
0.00137321, 0.00125263
0.00757764, 0.00486007
0.00847882, 0.0028509
0.0102232, 0.00783426
0.00690281, 0.00380969
0.0068239, -2.66702e-05
0.00868896, 0.00216902
0.00775982, 0.00444653
0.00478553, 0.00121286
0.00696652, 0.00152715
0.00781974, -0.000938992
0.0103133, 0.000954135
0.0108026, 0.00328339
0.00902084, 0.0048131
0.0100165, 0.00489122
0.00916332, 0.00301202
0.00726022, 0.00455359
0.0104517, 0.00750934
0.00674836, 0.00205448
0.00622314, 0.00486035
0.00634481, 0.00149626
0.0141266, 0.00802466
0.00524719, 0.00164352
0.0116168, 0.00634536
0.00625246, 0.00183855
0.00844884, 0.0041956
0.00791802, 0.00293057
0.0083555, 0.000820339
0.00568867, 0.000751864
0.00585497, 0.000319311
0.00896012, 0.00446912
0.00425189, 0.00137754
0.00974153, 0.00550785
0.00773058, 0.00254789
0.00954079, 0.00439532
0.00403821, 0.00126284
0.0102697, 0.0100321
0.00499581, 0.0072074
0.00227793, 0.00248933
0.00452211, -0.00186926
0.00551486, -0.00199892
0.00414054, 0.00233218
0.0101214, 0.00528226
0.00518556, 0.00675881
0.00552427, 0.00453364
0.00569124, 0.00464997
0.0138519, 0.00371911
0.00578717, 0.00161393
0.00798323, 0.00224627
0.00805895, 0.00338004
0.00777771, 0.0050747
0.00727546, 0.00178156
0.0033049, -0.00102405
0.0117298, 0.00816302
0.00720597, 0.00275947
0.00551486, -0.00199892
0.00332351, 0.00158119
0.0118499, 0.00690846
0.00414333, 0.00114906
0.0102149, 0.00532571
0.00858813, 0.0016363
0.0052518, -0.000210198
0.0104095, 0.000487662
0.00896314, 0.00253535
0.00567227, 0.00458011
0.00456626, 0.00361358
0.00623942, 0.00330137
0.00622367, 0.00266139
0.00604306, 0.00204853
0.00855316, 0.00199045
0.00639064, 0.00115574
0.00613284, 0.00482354
0.0101754, 0.00594364
0.00829889, 0.000952028
0.01106, 0.00618495
0.0125367, 0.00808065
0.00213495, 0.00189666
0.00626144, 0.00158174
0.00593511, 0.00724891
0.00699071, 0.00377688
0.00686564, -0.000409329
0.00628158, 0.00122867
0.00821254, 0.00489589
0.00637748, 0.00124067
0.00397669, 0.00314707
0.00573373, 0.00416952
0.00490318, 0.000447696
0.0101387, 0.00556106
0.00701347, 0.0047177
0.0054484, 0.00434632
0.00514617, 0.00483775
0.00637151, 0.000821932
0.00979684, 0.00411479
0.00351004, 0.00342726
0.00567665, 0.00144944
0.00592282, 0.00280776
0.00883452, 0.00300857
0.00633764, 0.0030489
0.00663213, 0.0019936
0.00430883, -0.00100573
0.00730381, -0.000225108
0.00697436, 0.00194812
0.00933677, 0.00580466
0.00731261, -0.000520205
0.00228709, 0.00259636
0.0090428, -0.000967506
0.0124101, 0.00646958
0.00717274, 0.000421622
0.0100513, 0.00215388
0.0133572, 0.00797714
0.00928914, 0.00485188
0.00974175, 0.00690357
0.011858, 0.00670167
0.00433984, 0.0051283
0.00821985, 0.00478425
0.00154234, 0.00168804
0.0121454, 0.00619093
0.00769198, 0.00182337
0.0109906, 0.007034
0.0040765, 0.00227032
0.00782844, 0.00353868
0.00539273, 0.00050611
0.0140987, 0.00643174
0.0101111, 0.00388004
0.005403, 0.00430939
0.00312341, 0.00254541
0.00714502, 0.00176913
0.00475513, 0.00417055
0.00719116, 0.00307795
0.0076444, 0.00355326
0.00515747, 0.000762701
0.00605343, 0.00119499
0.00578779, 0.00395028
0.00591749, 0.00134888
0.00648917, 0.00285227
0.00604407, 0.00412356
0.00857673, 0.00375916
0.00958928, 0.00489572
0.00489216, 0.00144501
0.00459572, 0.00333318
0.012276, 0.00713815
0.00391671, 0.00609884
0.00891212, 0.000101671
0.00805123, 0.00265974
0.00883851, 0.00514763
0.00424959, -0.000228641
0.0108592, 0.00504662
0.00515364, 0.00288442
0.0102056, 0.00554298
0.00773993, 0.00329597
0.00442873, 0.0035683
0.00233636, 0.00123711
0.00524843, 0.00419292
0.0107354, 0.000558217
0.00540924, 0.00482452
0.00733853, 0.000443633
0.00777953, 0.0035801
0.0112525, 0.00307678
0.00685418, 0.00339717
0.00469043, 0.00132872
0.00766451, 0.00305705
0.00661645, 0.00171654
0.00981374, 0.00316609
0.00516846, 0.00599707
0.0115382, 0.00823776
0.00688757, -0.000525742
0.00297078, 0.00188334
0.00875481, 0.00329265
0.00425568, 0.00160578
0.00772907, 0.00289426
0.00900735, 0.00278155
0.00916332, 0.00301202
0.0109403, 0.0108526
0.00752768, 0.00267486
0.00646929, 0.00464299
0.00537355, -0.00161018
0.00332475, 0.00218573
0.00720684, 0.000883483
0.00522874, 0.000966316
0.00519126, 0.0026561
0.00521958, 0.00366688
0.00441539, 0.000345187
0.00590491, 0.00455941
0.00544794, 0.00405914
0.00809537, 0.00224018
0.00665808, 0.00396505
0.00693265, 0.00190639
0.00691465, 0.00165364
0.00631727, 0.00403183
0.0057189, 0.00542787
0.00691224, 0.0042363
0.0095336, 0.00405636
0.00598712, 0.00113746
0.00393316, 0.00190259
0.00874531, 0.00373787
0.00604192, 0.00109631
0.00573995, 0.00174925
0.00575144, -0.000669722
0.00314169, 0.00289184
0.0128813, 0.00788754
0.00542196, 0.000907189
0.00602376, 0.00466569
0.00604192, 0.00109631
0.00464495, -0.00125093
0.00428226, 0.000371212
0.00562996, 0.0022438
0.0117669, 0.00489484
0.00406508, 0.000276767
0.0132009, 0.00726189
0.00511102, 0.00480224
0.00597727, 0.0017708
0.00233159, 0.0026438
0.00421662, 0.00149936
0.00606126, -0.000728057
0.0129488, 0.00456917
0.00425081, 0.00407256
0.003676, 0.00310282
0.00591647, 0.00184966
0.00925686, 0.00307312
0.00749479, 0.000726665
0.00587403, 0.00415408
0.00814355, 0.00336409
0.00663254, 0.00252626
0.00446139, 0.00405423
0.00486531, -0.000222232
0.00515463, 0.00271746
0.0126543, 0.00319213
0.00583225, -0.000966133
0.00841428, 0.00326372
0.00913293, 0.00450263
0.0041129, -0.00169774
0.00742433, 0.00289021
0.0117497, 0.00269975
0.0105598, 0.00381486
0.00900004, 0.00489867
0.00976525, 0.00164886
0.00472794, -0.000567035
0.00834048, 0.00224597
0.0103575, 0.00170262
0.00628791, 0.00111631
0.00580697, -0.00114383
0.00964406, 0.00662193
0.00865796, 0.00522967
0.0064945, 0.00336508
0.00571145, 0.000815978
0.00778062, 0.00251593
0.0124644, 0.00510009
0.005569, 0.00573838
0.00383879, 0.00259659
0.00589417, 0.00250522
0.00784301, 0.000283747
0.00620112, 0.00522372
0.00376395, -0.000242409
0.00544945, 0.00422715
0.0104026, 0.00460103
0.00385458, -0.000443314
0.0058205, 0.00506962
0.0070086, 0.00136843
0.00334284, 0.00292232
0.00641586, 0.00161166
0.00441277, 0.00392648
0.00947621, 0.00393988
0.00306762, 0.00355205
0.00806067, 0.00386614
0.00567637, 0.000390234
0.00533123, 0.00206409
0.00481877, 0.000679362
0.00850836, 0.00567776
0.00639829, 0.00345792
0.00527342, -0.000795194
0.0057046, 0.00219682
0.00728143, 0.00449241
0.00268798, 0.00338326
0.00399938, 0.00478383
0.00552272, 0.00037855
0.00604081, 0.00210785
0.00578848, 0.00554967
0.0113035, 0.0048019
0.00680595, 0.00213128
0.00652884, 0.00201129
0.00718333, 0.00516875
0.00659956, 0.00574295
0.010416, 0.00183388
0.00503936, 0.00116352
0.00663978, -0.00136816
0.0113649, 0.00698549
0.00646231, 0.00449688
0.0068517, 0.00184245
0.0065917, 0.00208778
0.00568867, 0.000751864
0.0117466, 0.0061625
0.00952826, 0.0083533
0.00990996, 0.00387612
0.0100552, 0.00377823
0.00838298, 0.00526064
0.0136791, 0.00485834
0.00879245, 0.000467145
0.00697436, 0.00194812
0.0077967, 0.00342918
0.00227324, 0.00288768
0.00520827, 0.00391629
0.00377856, -0.000831842
0.00655159, 0.00384725
0.00559679, 0.00334197
0.00796425, 0.00611309
0.0060197, 0.000960596
0.0102149, 0.00532571
0.00777198, 0.000673364
0.00942092, 0.00379153
0.00238666, 0.00116494
0.00739586, 0.00598337
0.00543938, -0.000832641
0.00212258, 0.00307896
0.0117788, 0.0021974
0.00345794, 0.00265568
0.0140011, 0.00883721
0.00724789, 0.00467545
0.00762793, 0.00416972
0.0108318, 0.00725366
0.00509152, 3.09109e-05
0.00651191, 0.000773529
0.00617185, 0.00490428
0.00720684, 0.000883483
0.00476575, 5.32969e-05
0.00825282, 0.00290127
0.00697232, 0.00257875
0.0127848, 0.00907971
0.00394216, 0.000417216
0.00705814, 0.004534
0.00778819, 0.00251191
0.00839285, 0.00045453
0.00462599, 0.00160616
0.0068034, 0.00142896
0.00910413, 0.00055971
0.00606456, -9.22789e-06
0.00552306, -0.000875692
0.0064497, 0.00281935
0.0095632, 0.00341005
0.00368065, 0.0023006
0.00611768, -8.25949e-05
0.00821473, 0.00595174
0.0109111, 0.00608208
0.00425241, 0.00701764
0.0090959, 0.00662392
0.00562425, 0.00404169
0.00539553, 0.00555536
0.00617962, 0.000380922
0.00944584, 0.00470312
0.00728955, 0.000575571
0.0104962, 0.000299816
0.00521378, -0.000692526
0.00726714, 0.0040721
0.0106723, 0.0103662
0.0052216, 0.00286531
0.00588354, 0.00136689
0.00571756, 0.00368074
0.00891554, 0.00396
0.00588712, 0.0012173
0.00525079, 0.00527642
0.00829333, -0.000957514
0.0134141, 0.0054948
0.00942584, 0.00106391
0.0035152, 0.00401586
0.00704797, 0.00334963
0.00790835, 0.000710433
0.0105479, 0.00266317
0.00479302, 0.00206992
0.00622549, 0.00307037
0.011583, 0.00405689
0.00968171, 0.00746149
0.00564849, 0.00445055
0.00819942, 0.00525027
0.0106724, 0.0090935
0.00572033, 0.00377726
0.00624508, 0.00115832
0.00672944, 0.000871357
0.00792745, 0.00763575
0.00769027, 0.00547575
0.00808977, 0.00314528
0.00684059, -0.000342744
0.00777953, 0.0035801
0.00284131, 0.00347806
0.00494828, 0.000708481
0.00442873, 0.00400223
0.00851796, 0.00607491
0.005441, 0.00451413
0.00691548, 0.00449861
0.00596799, 0.00400072
0.007348, 0.00309458
0.00486533, 0.00208387
0.00572543, 0.00400759
0.00452492, 0.00370282
0.00840173, 0.000125451
0.00403343, 0.0046684
0.005403, 0.00430939
0.0103902, 0.00353381
0.00363172, 0.00267391
0.00642955, 0.000647159
0.0139996, 0.00697334
0.00567942, 0.0059884
0.00689075, 0.00587866
0.00887338, 0.00298185
0.00631815, 0.00374296
0.00665068, 0.00314961
0.00717689, 0.004726
0.0104494, 0.00274097
0.00161581, 0.00278201
0.00591576, 0.00149083
0.00885729, 0.000238837
0.00782873, 0.00613598
0.00724325, 0.00135142
0.00921669, 0.00327967
0.00607443, 0.00311064
0.00402629, 0.00162999
0.0141131, 0.00677695
0.00414646, 0.00612998
0.00643493, 0.00570275
0.00769807, 0.00101949
0.00723592, 0.00107397
0.00983352, 0.000134075
0.00706982, -0.00023249
0.0100115, 0.00143504
0.010581, 0.00563002
0.00795372, 0.00169178
0.00567796, 0.00161392
0.0115401, 0.00627484
0.00939919, 0.0045528
0.00472616, -0.000442952
0.00655876, 0.00402984
0.00864023, 0.00135362
0.00966823, 1.88815e-05
0.00542927, 0.00204933
0.00785724, 0.0051649
0.00622785, 0.00111205
0.00571575, 0.00382697
0.00372969, -0.000736243
0.00626009, 0.00515547
0.00600972, 0.00178332
0.00583304, -0.00103037
0.00578523, 0.00359501
0.00892649, 0.0041721
0.00901689, 0.00401355
0.00773803, 0.00259103
0.0046551, 0.00451784
0.00875797, 0.00278785
0.00860416, 0.00426348
0.00806166, 0.0020895
0.0098271, 0.00764087
0.0117466, 0.0061625
0.00620747, 0.00310911
0.00739311, 0.00158183
0.00574841, 0.00539687
0.00663254, 0.00252626
0.00320172, -0.00120094
0.00920135, 0.00463484
0.00656036, 0.00164248
0.00768131, 0.000475506
0.00200024, 0.00267383
0.0104026, 0.00460103
0.0058047, 0.00318944
0.00766912, 0.00576426
0.0103486, 0.00752136
0.00386114, -0.00183068
0.0107668, 0.0050599
0.00905216, 0.0043863
0.00651319, -0.00108644
0.0135279, 0.00631001
0.00391496, 0.00227903
0.00470705, 0.000313218
0.00497541, 0.00608024
0.00608226, 0.000256288
0.0054939, 0.00141099
0.0108931, 0.0046742
0.00607828, 0.0013086
0.00927868, -1.47921e-05
0.0103486, 0.00752136
0.00507651, 0.00624248
0.00765737, 0.00272235
0.00422607, -0.00118418
0.00762921, 0.00132565
0.00888493, 0.000161679
0.00245906, 0.00292295
0.0102739, 0.00421333
0.00420639, 0.00400135
0.00601678, 0.00423602
0.00917074, 0.00284845
0.00552376, 0.00383326
0.00693072, 0.00163866
0.00275655, 0.00305493
0.00200024, 0.00267383
0.0116443, 0.00466807
0.0071404, 0.00224593
0.00955165, 0.00399356
0.00909867, 0.00259573
0.00108254, 0.000999419
0.00791988, 0.00303763
0.00571754, 0.00647394
0.00674686, 0.00321884
0.00616291, 0.00349558
0.00607518, 0.000710136
0.00686011, 0.00240261
0.00923113, 0.00445721
0.00567698, 0.000224776
0.004876, 0.0038635
0.00658046, 0.00248288
0.0100176, 0.00348799
0.0067536, 0.00366836
0.00916412, 0.0065273
0.00572349, 0.00663327
0.0096795, 0.00412463
0.00903452, 0.00432295
0.00590303, 0.00647813
0.00531292, 0.00158139
0.00634634, 0.00191381
0.00796255, 0.000290888
0.00598578, 0.0060663
0.00570394, 0.00202584
0.0106225, 0.00201123
0.00515204, 0.000902681
0.00242339, 0.000723353
0.00920538, 0.00295185
0.00470392, 0.001087
0.00817263, 0.00592278
0.00374782, 0.00229313
0.0101214, 0.00528226
0.00827262, 0.010362
0.00370706, 0.00193833
0.00832299, 0.00593776
0.014237, 0.00836929
0.00838983, 0.00359325
0.00370301, 0.00219489
0.00552789, 0.00385806
0.00284011, 0.0022367
0.00641861, 0.00154908
0.00552015, 0.00418709
0.00825547, 0.000182312
0.0058601, 0.00109684
0.0033049, -0.00102405
0.00819214, 0.0031949
0.00507239, -0.000979801
0.0061792, 0.00312181
0.00510758, 0.0016711
0.00830077, 0.00663024
0.0125947, 0.00564454
0.00884269, 0.00424657
0.00657744, 0.00174575
0.00816604, 0.0041555
0.00708932, 0.00453465
0.00524392, 0.00477465
0.0112678, 0.00980419
0.0128497, 0.00137643
0.00771018, 0.00389168
0.0139793, 0.00824408
0.0104517, 0.00750934
0.0106312, 0.00661483
0.00470592, 0.00108368
0.00709139, 0.00114979
0.00790239, -0.00101424
0.0104026, 0.00460103
0.00715633, 0.00345523
0.0091463, 0.00482878
0.0062016, 0.00187507
0.00770503, 0.00177534
0.0156362, 0.00843706
0.00385559, 0.00145671
0.00612239, 0.00187664
0.00236393, 0.00292793
0.0115627, 0.00409955
0.00603239, 0.00162155
0.00339676, 0.00466091
0.00728955, 0.000575571
0.00476184, 0.00103051
0.00316423, -0.00194719
0.0131176, 0.00553119
0.00734917, 0.00435422
0.00430323, -0.000103362
0.0102556, 0.00532201
0.00325305, -0.000703553
0.00633764, 0.0030489
0.00483387, 0.00699481
0.00616653, 0.00543601
0.00643133, 0.00120368
0.00242011, 0.00302509
0.00444829, 0.00102666
0.0100716, 0.00250712
0.00511502, 0.00255033
0.00649139, 0.00378354
0.00475702, 0.002229
0.00588809, 0.00598063
0.00797869, 0.00341917
0.00795205, 0.00174135
0.0101529, 3.28072e-05
0.0105137, 0.00922492
0.00762701, 0.00156454
0.00438897, -0.000369669
0.00931011, 0.00504953
0.00666084, 0.00407916
0.0112578, 0.00638297
0.00618606, 0.00226861
0.00629905, 0.00154862
0.00413665, -0.000867969
0.0053004, 0.00224059
0.00571333, 0.00543418
0.00471277, 0.00494817
0.00821732, 0.00376708
0.00675274, 0.00296076
0.003792, -0.00126535
0.00603469, 0.00461853
0.00539007, -0.00124869
0.00638825, 0.00895117
0.00774509, 0.00100311
0.0105921, 0.00391855
0.00590303, 0.00647813
0.00368751, 0.00401195
0.00510797, 0.0022584
0.00514899, 0.00255777
0.00270071, 0.0028443
0.0058395, -0.00168731
0.00513895, 0.00198425
0.00707737, 0.00554139
0.00416007, 0.00390764
0.0127675, 0.00612492
0.00996872, 0.00441184
0.00569111, 0.00212934
0.00863488, 0.000659295
0.0112151, 0.00696735
0.00344233, 0.00250166
0.00617441, 0.00424444
0.00250392, 0.00240758
0.0052074, 0.00619232
0.00348235, 0.00188659
0.0055101, 0.00447224
0.00771168, 0.00213068
0.0145153, 0.00554965
0.00481184, 0.000908064
0.00849157, 0.00442486
0.00644234, 0.00480388
0.0139657, 0.00409805
0.00815718, 0.00472524
0.00339993, 0.00416476
0.01081, 0.0010286
0.00603239, 0.00162155
0.00575674, 0.000637109
0.00209203, 0.00253031
0.0113253, 0.00451039
0.00743518, 0.00284144
0.00912138, 0.00373226
0.00865844, 0.0022087
0.00866061, 0.000121413
0.0101903, 0.00607767
0.00692262, 0.00186953
0.00881986, 0.00548173
0.00227324, 0.00288768
0.0121873, 0.0063293
0.00541537, 0.00154753
0.0105095, 0.00539443
0.00587154, 0.00257097
0.0104848, 0.00998352
0.00601678, 0.00423602
0.00688811, 0.00331732
0.0104514, 0.00603007
0.00549887, 0.0044569
0.00569111, 0.00212934
0.00652403, 0.00463417
0.00540879, 0.00185424
0.0104681, 0.00377391
0.00804447, 0.00539318
0.00548463, 0.00414384
0.013437, 0.0123342
0.00581929, 0.00111536
0.00668504, 0.00128838
0.0024776, 0.00417931
0.00556081, 0.00407222
0.00908224, -7.18863e-05
0.00879601, 0.0033231
0.00965183, 0.00208451
0.00858704, 0.00384192
0.00476457, 0.00654112
0.00914392, 0.00266083
0.0047793, 0.00254679
0.00411365, 0.00187931
0.00522187, 0.00115439
0.00501873, -0.000540736
0.00314169, 0.00289184
0.0068008, 0.00140982
0.00585725, -0.00130274
0.00651216, 0.00327662
0.00187015, 0.00241582
0.0106563, 0.00702275
0.00862615, -0.000387778
0.00910011, 0.00415924
0.00994037, 0.00314065
0.00759487, 0.00146161
0.0057816, -0.000628175
0.0108029, 0.00681497
0.00675277, 0.00405248
0.00798246, 0.00162006
0.00482226, 0.0055215
0.00209203, 0.00253031
0.00313326, -0.00129894
0.00582776, 0.00375924
0.00752768, 0.00267486
0.00827644, 0.00272662
0.00693836, 0.00103415
0.00743369, 0.00387159
0.00761978, 0.00258261
0.0120287, 0.00772684
0.0086369, 0.00408314
0.00186676, 0.00319866
0.00897008, 0.00100964
0.00245395, 0.00059279
0.00770243, 0.00486089
0.00595957, 0.00103944
0.0042294, 0.00101448
0.00565636, 0.0021237
0.0120176, 0.000535384
0.00684874, 0.00160693
0.00586155, 0.00274443
0.00771009, 0.00474137
0.00869614, 0.00273935
0.00391033, 0.00196413
0.00281813, 0.00370512
0.00401097, 0.00702252
0.00381373, -0.000593406
0.00619475, 0.00438105
0.00420441, 0.000864687
0.00967604, 0.00272228
0.00656129, 0.0037015
0.00597544, 0.00474506
0.00129459, 0.00251483
0.00666268, 0.00457839
0.00677312, 0.00066845
0.00691757, 0.00397122
0.0132471, 0.0100384
0.00485367, 0.00398226
0.00533462, 0.000997394
0.00656643, 0.00322022
0.00673386, 0.00409597
0.00254872, -0.000496924
0.00482312, -0.00145542
0.00791159, 0.00212693
0.0056185, 0.00363629
0.0055372, 0.00317812
0.00635653, 0.00443065
0.00689419, 0.0035348
0.00795661, 0.0038638
0.00780958, 0.00470303
0.00556338, 0.00648502
0.00824388, 0.00550178
0.00417406, 0.0062975
0.00712465, 0.00180587
0.00300148, 0.00248979
0.00942478, 0.00328055
0.0121985, 0.0124976
0.0113047, 0.00949908
0.0143763, 0.00620736
0.00788888, 0.00237032
0.00500295, 0.000341339
0.0097094, 0.000317938
0.00583306, 0.00209567
0.00579624, -0.000347653
0.0078055, 0.00265561
0.00918484, 0.00542405
0.00571841, 0.001311
0.00841892, 0.00796302
0.00290472, 0.00369967
0.00591895, 0.000415642
0.0109436, 0.012401
0.00491227, -0.00125556
0.00762123, 0.00114553
0.00501171, 0.00460985
0.00797411, 0.00221889
0.0091685, 0.00293127
0.00907492, 0.00661066
0.00785842, 0.0037193
0.00424959, -0.000228641
0.00726924, 0.00171731
0.0113202, 0.00488765
0.00824674, 0.00389912
0.00534896, 0.00245077
0.00617551, 0.00332077
0.0064048, 0.00406592
0.00378149, 0.000379292
0.00791366, 0.00502134
0.00517158, 0.0041908
0.00235942, 0.00403583
0.0116931, 0.00421491
0.00971893, 0.00268025
0.00329822, 0.00267981
0.00437909, 0.00478903
0.00626705, 0.000914301
0.00840699, 0.00287674
0.00671896, 0.00518921
0.00640473, 0.00212939
0.00476157, 0.00223596
0.00777876, 0.00583016
0.00525331, 0.00451874
0.00848985, 0.00122439
0.0134394, 0.0101229
0.00654438, -0.00074936
0.00874904, 0.00548586
0.00891048, 0.00161094
0.0144301, 0.00628139
0.00500627, 0.00162348
0.00816007, 0.00239235
0.0044062, 0.00296892
0.00621629, 0.00303057
0.00483558, -0.00255288
0.00464784, 0.00432047
0.00595745, 0.00230953
0.00681793, 0.00345633
0.007206, 0.00158437
0.00124536, 0.00051601
0.0116441, 0.00623572
0.00754495, 0.000301234
0.00879501, 0.004519
0.00569221, 0.00255474
0.00572172, 0.00163536
0.00493177, 0.00384123
0.00510176, 0.000787343
0.0103219, 0.00189342
0.00497161, -0.001635
0.00752845, 0.00272584
0.00569186, 0.00437943
0.00697232, 0.00257875
0.00539023, 0.00122287
0.00874935, 0.00646425
0.00418143, 0.00169787
0.00541835, 0.00139478
0.00575498, 0.00118468
0.00495614, 0.00250263
0.00673055, 0.00427054
0.0112073, 0.0082358
0.010678, 0.0034768
0.00629288, 0.00147928
0.00450661, 0.00522588
0.00514846, 0.000795986
0.00738173, 0.00220458
0.00668436, 0.0031884
0.00785003, -0.00011023
0.00987274, 0.00121189
0.00513739, 0.00341731
0.00666679, 0.00218369
0.00837299, 0.00285117
0.00519921, -0.00142528
0.0132779, 0.00404867
0.00558231, 0.00288367
0.0130644, 0.00277542
0.0114397, 0.00791038
0.00960211, 0.00280108
0.00354761, 0.00406426
0.0122704, 0.00614207
0.00468964, 0.000827585
0.00762919, 0.00162274
0.00862167, 0.00662191
0.00728815, 0.0037912
0.00868885, 0.0024614
0.0103398, 0.00201365
0.00457348, 0.00112737
0.00687234, -0.000366153
0.00631666, 0.0024258
0.00259765, 0.00503173
0.00692928, 0.00440016
0.00786197, 0.00092739
0.00788445, 0.0033392
0.0035817, 0.00108988
0.0109148, 0.0111627
0.00864158, 0.00516859
0.0116256, 0.00372666
0.0080376, 0.00344989
0.00336972, -0.00297523
0.00886411, 0.00712969
0.00427534, 0.00633924
0.00434197, 0.00153832
0.00955578, 0.00364026
0.00611703, 0.000499662
0.00562239, 0.000845853
0.0131245, 0.0124214
0.00674836, 0.00205448
0.00491584, 0.00338866
0.00558157, 0.00370756
0.00524573, 0.00512152
0.00894937, 0.000148224
0.00808136, 0.00181855
0.00876161, 0.00323833
0.0136075, 0.00667878
0.00953435, 0.00529913
0.00360595, 0.00283588
0.00312564, 0.00429714
0.00532032, 0.000554634
0.00268798, 0.00338326
0.00779953, 0.0027625
0.00612715, 0.0034444
0.00481328, 0.00591992
0.00789719, 0.00254667
0.00506047, 0.00566499
0.00837505, 0.00224557
0.0067685, 0.0022043
0.00434587, 0.00635932
0.00481543, 0.00428546
0.00615275, 0.00152528
0.00570431, 0.00140178
0.0141834, 0.00794829
0.0017878, -0.000964279
0.0138989, 0.00500328
0.00742608, -0.000766187
0.00384703, 0.000370283
0.00593438, 0.00440005
0.00666495, -0.000202435
0.00449745, 0.00117763
0.00614287, -0.000178612
0.00302855, 0.00488564
0.0083641, 0.00476262
0.00904859, 0.00616123
0.0102026, 0.00442648
0.00497132, 0.00160316
0.00546839, 0.00375191
0.00795303, 0.000100094
0.0051911, 0.00139325
0.00883095, 0.00266054
0.00782713, 0.00516898
0.00812161, 0.00234078
0.00351529, -0.000891972
0.00515364, 0.00288442
0.00471462, 0.000738434
0.00541843, 0.00410481
0.0110623, 0.00888061
0.00694036, 0.00450608
0.00393134, 0.00244799
0.00549406, 0.0033386
0.00706101, 0.00631769
0.00671503, 0.000518997
0.00694082, 0.00170074
0.0108707, 0.00483487
0.00740924, 0.00359058
0.0077354, 0.00554388
0.00801762, 0.000856448
0.00850836, 0.00567776
0.00696202, 0.0024493
0.00748914, 0.00151596
0.0118801, 0.00598357
0.0036682, 0.00200853
0.00616653, 0.00543601
0.0056107, 0.000528306
0.00953435, 0.00529913
0.00635555, 0.00262666
0.00792444, 0.00378373
0.00292937, 0.000972694
0.00854732, 0.00310611
0.00474334, 0.00565882
0.011254, 0.00204731
0.00475333, 0.0035594
0.00825816, 0.00268243
0.00492832, 0.000997175
0.00628703, 0.00139675
0.00577132, 0.00260573
0.0110259, 0.000928856
0.00982303, 0.00763643
0.0138522, 0.00660964
0.00414333, 0.00114906
0.00540171, 0.00392053
0.0070356, 0.000568018
0.00911828, 0.00680563
0.00209203, 0.00253031
0.00603447, 0.00426877
0.00565238, 0.00589734
0.00605343, 0.00119499
0.00565895, 0.00161282
0.00403343, 0.0046684
0.0106563, 0.00702275
0.00682342, 0.00448947
0.00446689, -0.000119193
0.0080909, 0.00257622
0.00322189, 0.00269536
0.00880474, 0.00333618
0.00397925, -0.000224453
0.00948375, 0.00300604
0.00678744, 0.00493224
0.00733441, 0.00349441
0.00494447, 0.00229443
0.00536828, 0.00460485
0.00780285, 0.00252083
0.0077354, 0.00554388
0.0086074, 0.00721272
0.00319683, 0.00131602
0.0042894, 0.00149252
0.00814983, 0.00130316
0.00790317, 0.00206576
0.00528504, -0.00217865
0.00346672, 0.00190088
0.00986793, 0.00274232
0.00305933, -0.0028662
0.00465203, 0.00652271
0.00793424, 0.00215984
0.00565556, 0.00395874
0.00809982, 0.00418311
0.00705602, 0.00216122
0.00796564, 0.00219568
0.0107342, 0.000650454
0.00419203, 0.00109786
0.00768363, 0.00135131
0.00837299, 0.00285117
0.006661, 0.00175503
0.00433703, 0.00154047
0.00558542, 0.00702518
0.00403343, 0.0046684
0.0054432, 0.00206869
0.00770735, 0.000877487
0.00551908, 0.00127431
0.00917557, 0.00400883
0.00601029, 0.00412499
0.00427724, -0.00105706
0.00403412, 0.00206728
0.00638784, 0.00136479
0.00943916, 0.000670563
0.00446054, -0.000860391
0.00732849, 0.00238463
0.0022318, 0.001796
0.00270071, 0.0028443
0.0036197, -0.00159939
0.00211729, 0.00106997
0.0066521, 0.00322704
0.00736013, 0.00217771
0.00544357, 0.00350106
0.00468906, 0.00501809
0.00863599, 0.00103043
0.0115101, 0.00787165
0.00480232, 0.00707401
0.0112251, 0.0104758
0.00798235, 0.00439419
0.00505628, 0.00282458
0.00640316, 0.00161241
0.00831715, 0.00420765
0.00512129, 0.00382157
0.00729037, 0.00178714
0.00824585, 0.00655308
0.00642239, 0.000532917
0.00845376, 0.00205644
0.0120781, 0.00679529
0.00504146, 0.00206891
0.00909114, 0.00158029
0.00642086, 0.00186705
0.00380554, 0.00121211
0.00842781, 0.00575825
0.00715514, -0.0011022
0.013468, 0.00564928
0.00577319, -0.000981685
0.0111693, 0.00514332
0.00582872, 0.00136008
0.0058029, 0.00129368
0.00605717, 0.00346712
0.0081673, 0.00478503
0.00602331, 0.00179848
0.00455444, 0.00190357
0.00645521, 0.00431084
0.0084667, 0.00621168
0.00550543, 0.00159319
0.0104059, 0.00445619
0.00359747, -0.000952086
0.00898711, 0.00610942
0.00588176, -0.000203659
0.00970124, 0.0040698
0.00607022, 0.00437529
0.00455618, 0.000759683
0.00611641, 0.00520687
0.0067801, 0.00227406
0.00672578, 0.00157166
0.00924802, 0.00527349
0.00605041, 0.0058014
0.00504839, 0.00596647
0.0100762, 0.00265226
0.00612653, -0.000684367
0.00697614, 0.00339437
0.00834484, 0.00354399
0.0063853, 0.00153565
0.00702206, 0.00342378
0.00694353, 0.00186694
0.00637201, 0.00470216
0.0031782, 0.0010377
0.00911728, 0.00548601
0.00698433, 0.00440396
0.0109173, 0.00457337
0.0100182, 0.000797242
0.00818143, 0.00277528
0.00444935, 0.00737684
0.00737921, -0.000557647
0.00997161, 0.00941766
0.00444849, 0.00459063
0.00811301, 0.000806345
0.00579093, 0.0025459
0.0104083, 0.0103199
0.0113427, 0.00766356
0.0071563, 0.00214602
0.00741267, 0.00467058
0.00444684, 0.00184222
0.00956721, 1.25204e-06
0.00526699, 0.00278988
0.00787881, 0.00423692
0.0103535, 0.00662469
0.00811221, 0.00204776
0.00537634, 0.00490065
0.00488243, 0.00228045
0.00927512, -0.000957218
0.00779359, 0.00123096
0.00912161, 0.000556731
0.00225294, 0.00113374
0.00703775, 0.00482408
0.00238666, 0.00116494
0.00571859, 0.00469736
0.00624722, 0.0030282
0.00607547, 0.0014766
0.00559862, 0.00414422
0.00914515, 4.45367e-05
0.0050645, 0.00501394
0.0087036, 0.000348164
0.00575465, 0.00412052
0.00674836, 0.00205448
0.00611181, 0.00282026
0.00589813, 0.00250557
0.00563049, 0.00377411
0.00406177, 0.00715066
0.011739, 0.00562214
0.0108264, 0.0043233
0.00672374, 0.00301716
0.00733436, 0.00238567
0.00618512, -0.000446507
0.00909573, 0.00257072
0.00699243, 0.00148371
0.00519126, 0.0026561
0.00213516, 0.00103972
0.00664083, 0.00181219
0.00684542, 0.00460183
0.00822384, 0.000260018
0.00718828, 0.0033493
0.00878455, 0.00225311
0.00876462, 0.00509853
0.00801637, 0.00566168
0.0119992, 0.0127513
0.00931637, 0.000692236
0.00372054, -0.00189116
0.00205903, 0.00192537
0.00752118, 0.000216506
0.00821952, 0.00254349
0.00505628, 0.00282458
0.00349632, 0.00116432
0.0066006, 0.00311797
0.0105408, 0.00804299
0.00505628, 0.00282458
0.00601796, 0.0028877
0.00965671, 0.00679903
0.0070071, 0.00456692
0.00810523, 0.000478601
0.0105422, 0.0103186
0.00606862, 0.00197349
0.00854333, 0.00421153
0.00662669, -0.000932509
0.00516846, 0.00599707
0.00809263, 0.00489768
0.00932048, 0.0073359
0.00446478, 0.006184
0.00623548, 0.00302417
0.00959364, 0.00295208
0.00512869, 0.000562922
0.0047587, -0.00108749
0.0103318, 0.00624759
0.00765724, 0.00223079
0.00209397, 0.00096226
0.00620239, 0.00295592
0.00564629, 0.00360075
0.0039063, 0.00506027
0.00486779, 0.00142477
0.00594644, -0.000333558
0.00155457, 0.00173364
0.00624552, 0.0017428
0.00606318, 0.000930832
0.00577132, 0.00260573
0.00682874, 0.00148047
0.00674928, 0.00350088
0.00291307, -0.00220013
0.00725013, 0.0063298
0.00698092, 0.00176004
0.00598657, 0.0029542
0.00605674, 0.00524994
0.00381373, -0.000593406
0.00381442, 0.00289561
0.00576207, 0.00441557
0.00683808, 0.00335477
0.00804583, 0.000708328
0.00900597, 0.00350039
0.00692453, 0.00177839
0.0044871, 0.000983366
0.00675445, 0.00144136
0.00597842, 0.000316906
0.00682057, 0.00217266
0.00782191, 0.00279971
0.00646597, 0.0043187
0.00722057, 0.00238841
0.00577143, 0.00429124
0.00421575, 0.00288141
0.00434587, 0.00635932
0.00771629, 0.00207384
0.00580658, 0.00380427
0.00593836, 0.0049936
0.00629351, 0.0044876
0.00706966, -0.000320875
0.00894619, 0.00196756
0.0109758, 0.00274928
0.00767737, 0.00338689
0.0079163, 0.00272578
0.00642985, 0.0062131
0.0129713, 0.0112918
0.00377136, 0.00531614
0.00655876, 0.00402984
0.00829344, -0.000204613
0.00831556, 0.00371866
0.0110348, 0.00843444
0.00661814, 0.00372127
0.0076611, 0.002453
0.00846776, 0.00461707
0.00968171, 0.00746149
0.00177081, 0.000798767
0.00620313, 0.00146147
0.00798739, 0.000387118
0.00449322, 0.00134191
0.0131881, 0.00524482
0.00673981, 0.00312866
0.0113549, 0.0013531
0.00418861, -2.71308e-08
0.00998043, 0.00195316
0.00172355, 0.00034869
0.0065679, 0.00463275
0.00834484, 0.00354399
0.00436366, 0.00484539
0.00674836, 0.00205448
0.00750039, 0.00335839
0.00344567, 0.00298703
0.0153579, 0.00824472
0.00622879, 0.00777392
0.00441277, 0.00392648
0.00499298, 0.0033597
0.00809617, 0.00398897
0.00871679, 0.00387289
0.00560719, 0.00400331
0.00328861, -0.000903688
0.00597366, 0.00717946
0.00941828, 0.00598654
0.00994876, 0.00484398
0.00604335, 0.0026316
0.0107586, 0.00494557
0.00833529, 0.00188187
0.00511628, 0.00681954
0.0103035, 0.00556889
0.00544034, 0.00451381
0.00853732, 0.00644355
0.0095617, 0.00628
0.0044062, 0.00296892
0.0104848, 0.00998352
0.00679099, 0.00421593
0.00994647, 0.00615547
0.00665002, 0.00436824
0.00546133, 0.00397157
0.0151373, 0.00652944
0.00363844, -0.0007622
0.0127789, 0.00865825
0.00457172, 0.00154084
0.00443272, 0.00110014
0.0130714, 0.006646
0.00547272, -0.00125894
0.00912099, 0.00444393
0.00414333, 0.00114906
0.0103629, 0.00553138
0.010615, 0.00521632
0.00583942, 0.00112586
0.0064541, 0.00165031
0.0043223, 0.00478962
0.00685468, 0.00313804
0.00371962, 0.00279462
0.00740485, 0.00449405
0.0034114, 0.00149474
0.00348854, 0.00460167
0.0122429, 0.00751049
0.00744111, 0.000316126
0.0143352, 0.00534608
0.00410634, 0.00742841
0.005154, 0.00420037
0.00560346, -0.000932471
0.00668795, 0.00190621
0.00577521, -0.000631907
0.0134285, 0.00582114
0.00486363, 0.00227236
0.00733902, 0.00531115
0.00659177, 0.00285078
0.00702537, 0.00160962
0.00391727, 0.000443248
0.00679524, 0.00154175
0.0067685, 0.0022043
0.00590595, 0.00285574
0.0127814, 0.00828445
0.00825772, 0.00146851
0.0092226, 0.00141389
0.00777655, 0.000118496
0.0118907, 0.00383692
0.00647302, -0.00066686
0.00466035, -0.00179521
0.00953517, 0.00379634
0.00783519, 0.00542364
0.00662273, 0.00373819
0.00998733, 0.00693757
0.00831715, 0.00420765
0.0144301, 0.00628139
0.00974175, 0.00690357
0.0059845, 0.00438387
0.00606596, 0.00347172
0.00889281, 0.0035866
0.00693846, 0.00489406
0.00814069, 0.00213667
0.00671023, -0.000568109
0.00456156, 0.00621679
0.00472263, 0.00613473
0.00892188, 0.0035006
0.00879703, 0.00579226
0.00856657, 0.00108631
0.00444611, 0.000152185
0.0066073, -0.000698658
0.0076338, 0.00409608
0.0077456, 0.00304442
0.00484078, 0.00705144
0.00850481, 0.000711272
0.00974301, 0.00469054
0.00663889, 0.00246407
0.00919704, 0.00305121
0.00802234, 0.00073672
0.00614512, 0.00127576
0.0065831, 0.000707677
0.00896635, 0.00483866
0.00978715, 0.00309086
0.00971919, 0.00442788
0.00601678, 0.00423602
0.0084437, 0.00325764
0.00469567, -0.00248728
0.00846762, 0.000467029
0.00298183, 0.000934835
0.0101579, 0.00375663
0.00720116, 0.00291432
0.00511163, 0.00221941
0.00434402, 0.0022901
0.0133538, 0.00629481
0.00610488, 0.00202135
0.00734473, 0.003291
0.0100416, 0.00214
0.00801835, 0.00250604
0.00253364, -0.000458515
0.00789449, 0.00361709
0.00593489, -0.000894611
0.00702618, 0.00484679
0.00312341, 0.00254541
0.00754949, 0.00411145
0.00533249, 0.00493572
0.00825623, 0.00300418
0.00638293, 0.0027002
0.0137011, 0.00823662
0.00897177, -0.000187216
0.0122524, 0.000610476
0.00365851, -0.00148023
0.00776217, 0.00189075
0.00487192, 0.00301055
0.00411055, 0.00420189
0.00654269, 0.000222795
0.00716581, 0.00232108
0.00676793, 0.000505654
0.00686125, 0.00390195
0.0059781, 0.00228948
0.0104517, 0.00750934
0.00347864, 0.00508073
0.00572033, 0.00377726
0.00493031, -0.000831482
0.00977402, 0.00498723
0.00661312, 0.00321233
0.00873585, 0.00052984
0.0053211, 0.00363819
0.00671737, 0.00300584
0.00698504, 0.00330563
0.00408016, -0.00225463
0.00569596, -0.000377938
0.0048216, 0.00481948
0.00615742, -0.000349369
0.00836468, 0.00583919
0.0102541, 0.00579671
0.0106225, 0.00201123
0.00795117, 0.00440445
0.0058412, 0.00538082
0.003992, 0.0021751
0.00539014, 0.00442034
0.00894903, 0.00280921
0.0055553, 0.0013534
0.00933141, 0.00369379
0.00580555, 0.000824412
0.00615671, 0.000834616
0.010389, 0.00369776
0.00776217, 0.00189075
0.00763652, 0.00780228
0.0095066, 0.00529455
0.00679353, 0.00425566
0.00605895, 0.00242813
0.00969157, 0.00223147
0.0128291, 0.00573444
0.00350595, -0.000809947
0.00416277, 0.00150146
0.00606177, 0.00390961
0.00129459, 0.00251483
0.00545636, 0.00304282
0.00126091, 0.00113074
0.0129229, 0.00478923
0.00752473, 0.00364076
0.00775539, 0.00150473
0.0104609, 0.00701552
0.0108388, 0.0031839
0.011147, 0.0113665
0.0134287, 0.00881821
0.0088739, 0.00292098
0.00869851, 0.000885638
0.00378262, 0.00580174
0.00793852, 0.000560116
0.00578949, 0.00165956
0.00535717, 0.00602573
0.00924951, 0.00291293
0.00783277, 0.00248676
0.00914691, 0.00202004
0.0109519, 0.0082073
0.00666945, 0.000539411
0.00492418, 0.00518157
0.00575011, -0.000261128
0.00717059, 0.00320225
0.00310551, 0.00313486
0.0064283, 0.0011927
0.00494447, 0.00229443
0.00833529, 0.00188187
0.0101009, 0.0103165
0.00533242, 0.00166738
0.00620948, -0.0013108
0.00777297, 0.00214873
0.00344233, 0.00250166
0.00727987, 0.00356083
0.00858402, 0.00399267
0.00697181, 0.0035176
0.00873183, 0.00737204
0.00826072, 0.00532726
0.00585303, 0.00340502
0.00567039, 0.00364358
0.00566946, 0.00392652
0.00896166, 0.00225316
0.0104398, 0.00525812
0.00966694, 0.0049187
0.00828518, 0.00543967
0.00187015, 0.00241582
0.00622549, 0.00307037
0.0066006, 0.00311797
0.0036682, 0.00200853
0.00601819, 0.00154648
0.00852529, 0.00421955
0.0119636, 0.00440441
0.00428226, 0.000371212
0.00414333, 0.00114906
0.00889347, -0.000256339
0.00525331, 0.00451874
0.00270603, 0.00450291
0.00571876, 0.00222342
0.00947548, 0.000322829
0.00402606, 0.00481727
0.00979472, 0.00331463
0.00622764, -0.000636188
0.00527036, 0.00160671
0.00554661, 0.0031844
0.0143268, 0.00841384
0.0103767, 0.00482249
0.00260607, 0.005286
0.00310704, -0.000620029
0.00792424, 0.00081937
0.013234, 0.00467486
0.0124414, 0.00821388
0.00698483, 0.00156416
0.01019, 0.00338995
0.00979093, 0.00679308
0.00858784, 0.00680746
0.0124601, 0.00512199
0.0107387, 0.00399335
0.0036682, 0.00200853
0.00169948, 0.000769099
0.0060051, 0.00305898
0.0109742, 0.00622488
0.00983082, 0.00488029
0.00431684, 0.00100274
0.00614636, 0.00305743
0.00709346, 0.00153862
0.0092177, 0.00200901
0.00724912, 0.00460656
0.00837423, 0.00518959
0.00936126, 0.00426505
0.0134584, 0.0121988
0.00858933, 0.00685063
0.00664048, 0.00214455
0.00779508, -0.00131693
0.013593, 0.00523814
0.00918746, 0.00420794
0.00767639, 0.00363178
0.00888119, 0.00149056
0.00300677, 0.00411001
0.00790003, 0.00343315
0.00312341, 0.00254541
0.00675277, 0.00405248
0.00693022, 0.00359013
0.00575868, 0.000859383
0.00565895, 0.00161282
0.00961139, 0.00306276
0.00470551, -0.000157449
0.0052007, 0.00243196
0.00989195, 0.00487391
0.0054613, 0.00212247
0.00594218, 0.000653145
0.00728718, 0.000162102
0.00472911, 0.0018785
0.00477329, 0.00179745
0.00876496, 0.00433592
0.00108254, 0.000999419
0.00759938, 0.00127413
0.00558828, 4.42311e-05
0.0033049, -0.00102405
0.0091888, 0.00428661
0.00527946, 0.00277341
0.0065397, 0.00463767
0.0102292, 0.00491642
0.00534086, -0.00102075
0.00835059, 0.00327439
0.00681259, 0.0083125
0.00747468, 0.00081672
0.00927718, 0.0038896
0.00225052, 0.00306853
0.00752584, 0.00291259
0.00764766, 0.00131245
0.00541643, 0.0023815
0.00701689, 0.00468159
0.00310267, 0.00219334
0.00538832, 0.00333016
0.00619746, 0.00518432
0.00747953, 0.00565614
0.00511736, 0.00154243
0.0102149, 0.00532571
0.00565639, 0.00160993
0.00722436, 0.00055607
0.00733729, 0.00174462
0.00617283, 0.0022791
0.00799698, 0.00399773
0.00786458, 0.00226021
0.00892362, 0.00357272
0.00607828, 0.0013086
0.00810972, 0.00255946
0.00547435, -0.000633252
0.00844854, 0.0019844
0.00807942, -0.000286699
0.00376395, -0.000242409
0.00601633, -0.00105541
0.00993139, 0.00286004
0.00393528, 0.0031264
0.00502515, 0.00160899
0.00678859, -0.000554911
0.0101055, 0.00710336
0.0112345, 0.00340077
0.00531168, 0.00237431
0.00667645, 0.0038456
0.00655234, 0.0025594
0.00652615, 0.00200013
0.00860518, 0.00391098
0.00721977, -0.00172745
0.0130316, 0.00425869
0.00743369, 0.00387159
0.00581207, 0.00197718
0.00888503, 0.00426232
0.00730254, 0.00155744
0.0101399, 0.00435033
0.0109847, 0.00576356
0.0079527, 0.00458774
0.00683077, 0.00189137
0.00688785, 0.00411109
0.00682874, 0.00148047
0.00510908, -0.00146439
0.00568433, 0.00457767
0.0141608, 0.00787726
0.00674836, 0.00205448
0.0102877, 0.00215194
0.00456791, 0.00169801
0.00620747, 0.00310911
0.00800534, 0.00227754
0.00726611, 0.00435566
0.00265203, 0.00113737
0.00709218, 0.00264451
0.004578, 0.00111994
0.00625403, 0.00153098
0.00875656, 0.00359237
0.00513139, 0.00425166
0.00643736, 0.00204608
0.00503694, -0.00107223
0.00636547, 0.000712485
0.00686587, 0.00144295
0.00901066, 0.00394001
0.0135939, 0.00735528
0.0078697, 0.00245414
0.0091067, 0.000789215
0.00832894, 0.00309372
0.00940454, 0.00748036
0.0106306, 0.00572302
0.011835, 0.00637594
0.00542183, 0.00132718
0.00886181, 0.00300921
0.0100736, 0.00330849
0.00785408, 0.00276377
0.00393893, 0.0049108
0.00841508, 0.00328909
0.0089194, 0.00433544
0.00635076, 0.00222503
0.00866673, 0.00204639
0.00507431, 0.00420014
0.00584097, 0.000663647
0.00539664, 0.0047104
0.00446772, 0.00576511
0.0105996, 0.00555918
0.00369736, 0.000480617
0.00322189, 0.00269536
0.00682874, 0.00148047
0.00875333, 0.00270512
0.00921411, 0.00710947
0.00883444, 0.000372731
0.00374782, 0.00229313
0.00498084, 0.000447053
0.00845285, 0.00116271
0.00270457, 0.00532809
0.00750467, 0.00380701
0.00887036, 0.002479
0.00168933, 0.00171207
0.00507614, 0.00178218
0.00773451, 0.00606789
0.00660207, 0.00124481
0.00432874, 0.00152895
0.0119245, 0.00258387
0.00996486, 0.00314462
0.00459039, 0.00163548
0.00519126, 0.0026561
0.00868553, 0.00467838
0.0118316, 0.00758675
0.00685685, 0.00469415
0.00781598, 0.00288067
0.00325455, -0.000905603
0.0068034, 0.00142896
0.0124268, 0.00840934
0.00644736, 0.00296951
0.00353199, 0.00230019
0.00634946, 0.00902094
0.00885872, 0.000423945
0.010029, 0.00373173
0.00210809, 0.00296207
0.00773252, 0.00421476
0.00809296, 0.0040625
0.00125202, 0.00217052
0.00216003, 0.00210481
0.00454062, 0.00483508
0.00391623, -0.00186493
0.00674437, 0.00214495
0.00408016, -0.00225463
0.00350921, 0.00257876
0.00340651, 0.000673538
0.00759508, 0.000465673
0.0102511, 0.00806479
0.00474334, 0.00565882
0.0132598, 0.00489177
0.00964829, 0.00277359
0.0084115, 0.00366909
0.0117826, 0.00155015
0.00617527, -0.00233518
0.00385391, 0.000902809
0.00790084, -0.00131132
0.00463251, 3.27704e-05
0.00818303, 0.00286447
0.00579216, 0.00454293
0.00633764, 0.0030489
0.00635555, 0.00262666
0.0105429, 0.00419507
0.00332475, 0.00218573
0.00864632, 0.0016811
0.0121386, 0.00231577
0.00665138, 0.0054282
0.00649352, 0.00440483
0.00632849, 0.00148504
0.0044062, 0.00296892
0.00545631, 0.00593209
0.00655411, 0.000119849
0.00245215, 0.00109425
0.00806067, 0.00386614
0.00998321, 0.00169262
0.00759951, 0.00422039
0.00585557, 0.00200857
0.00347875, 0.00288026
0.00625534, 0.00388874
0.0117315, 0.00607274
0.00454113, 0.0019673
0.00730178, 0.000958117
0.00609847, 0.00388289
0.00695311, 0.00356418
0.00458377, 0.00236539
0.0097472, 0.00258077
0.00498524, 0.00218068
0.00487388, -0.000576297
0.0110607, 0.0105756
0.0132431, 0.00600633
0.00776595, -0.000170335
0.00451177, -0.00104338
0.012066, 0.00482867
0.00500773, 0.00101237
0.00843248, 0.000789087
0.00686088, 0.00276874
0.0107412, 0.00467078
0.00756366, 0.00145018
0.0128005, 0.00384227
0.00379539, 0.0002539
0.00822572, 0.00167304
0.00802307, 0.00511882
0.0080267, 0.00230083
0.00587854, -0.00068503
0.00593038, 0.00440298
0.00905746, 0.00678045
0.00579836, 0.0054462
0.0142836, 0.00835348
0.00886917, -0.00144464
0.00650005, 0.00567709
0.00643473, 0.00373149
0.00892324, 0.00600227
0.00795942, 0.000657518
0.00545592, 0.0048983
0.0111627, 0.00529452
0.00568464, 0.00621624
0.00792183, 0.00202849
0.00831715, 0.00420765
0.0075441, 0.00229084
0.0073575, 0.00173068
0.00503936, 0.00116352
0.00544303, 0.00459264
0.00441501, 0.00406092
0.0133821, 0.0042073
0.0072402, 0.00340055
0.00497541, 0.00608024
0.00606716, 0.00522254
0.00929879, 0.00303127
0.00697232, 0.00257875
0.00684865, 0.00304574
0.00830207, 0.00702886
0.00329967, -0.00115549
0.0089208, 0.00293512
0.00398799, 0.00385835
0.0106864, 0.00654832
0.00483248, -0.000226535
0.00819693, 0.000807118
0.0020614, 0.00276042
0.00689017, 0.00470382
0.00898194, 0.00345554
0.00527979, 0.00640756
0.00536753, -0.00188654
0.00841892, 0.000512349
0.00747795, 0.00472212
0.00884112, 0.00470459
0.0116318, 0.00965727
0.00630396, 0.000471941
0.0087391, 0.0025221
0.00765504, 0.0020043
0.00463967, 0.00404472
0.0116207, 0.00677423
0.0040489, 0.0027109
0.00776706, 0.000186895
0.0116966, 0.00779386
0.010362, 0.0052395
0.00404611, 0.00710161
0.00881081, 0.00287935
0.00987824, 0.00302118
0.0118118, 0.00951367
0.00156964, 0.00166429
0.00297428, 0.0011871
0.00638141, 0.00181268
0.00525961, 0.000698311
0.00644715, 0.00108798
0.00288345, 0.00363378
0.0110046, 0.00559848
0.0131931, 0.00432724
0.00698504, 0.00330563
0.00538319, 0.00231013
0.00770794, 0.00190226
0.0089636, 0.00225775
0.0127092, 0.0013284
0.00594079, 0.00634818
0.0105736, 0.00478053
0.0068967, 0.00351469
0.0046551, 0.00451784
0.00726446, 0.00458099
0.0103631, 0.00574374
0.00968765, 0.00751545
0.00918902, 0.00465128
0.00675277, 0.00405248
0.0108059, 0.00920687
0.00888949, 0.00326051
0.00466451, 0.00161476
0.0053111, -0.000436457
0.00578411, 0.00609199
0.00561173, 0.00391251
0.00707186, 0.000789811
0.00872311, 0.00388247
0.0133544, 0.00358235
0.00614072, 0.00392442
0.00660888, 0.00285393
0.00674932, 0.00212472
0.00583731, 0.00145659
0.00437316, -0.00103869
0.0154337, 0.00943146
0.00681856, 0.00287926
0.00390531, 0.000364545
0.00988438, 0.00611845
0.0121035, 0.00935812
0.00434627, 0.0035734
0.00712368, 0.00438942
0.00999764, 0.00393539
0.0101143, 0.0033369
0.0067844, 0.0031865
0.00695694, 0.00431181
0.0082519, 0.00493853
0.00681348, 0.00194097
0.00314976, 0.00148914
0.00895741, -0.000317021
0.00444629, 0.00195917
0.00590723, -0.00107803
0.00502259, -0.000394438
0.00398799, 0.00385835
0.0089208, 0.00293512
0.00284131, 0.00347806
0.0106143, 0.00435717
0.00908493, 0.00277283
0.00739907, 0.00335197
0.012366, 0.00768634
0.00233935, -0.00149735
0.0106312, 0.00661483
0.00523382, 0.00127904
0.0086977, 0.00301786
0.00641267, 0.001682
0.00691757, 0.00397122
0.00361953, 0.00303167
0.00530269, 0.00526981
0.00630504, 0.00157308
0.00565409, 0.00105203
0.00844126, 0.0027036
0.00917075, 0.00427116
0.00150144, 0.00248212
0.00663254, 0.00252626
0.00616794, 0.00364674
0.00663856, 0.00316436
0.00674086, 0.00256193
0.00836986, 0.00100197
0.0114203, 0.00571108
0.00652517, -0.0012845
0.00605098, 0.00279469
0.00806256, 0.00442894
0.00643736, 0.00204608
0.0062491, -0.00079615
0.00323769, 0.00321997
0.00644337, 0.00435346
0.00496103, 0.00547741
0.00250825, 0.00046355
0.00553886, 0.00215307
0.00497017, 0.000407502
0.00490571, 0.000677454
0.00383644, 0.00371115
0.0119707, 0.00652643
0.00798235, 0.00439419
0.00561167, 0.00426402
0.00765334, 0.00446713
0.00508739, 0.00213835
0.00352982, 0.00168739
0.00750666, 0.00215206
0.0065514, 0.00138981
0.00774759, 0.00319928
0.00673697, 0.00475571
0.0077718, 0.00248919
0.00457544, 0.000930084
0.00583306, 0.00209567
0.0100354, 0.00268965
0.007818, 0.0034064
0.0123768, 0.00665917
0.00795325, 0.00423992
0.00441484, 0.00368813
0.00665616, 0.00536782
0.00744766, 0.00253706
0.00251961, 0.00506076
0.00479871, 0.0050807
0.00746717, 0.00222934
0.00743369, 0.00387159
0.00918742, 0.002659
0.00969321, 0.00585749
0.00663254, 0.00252626
0.00424824, 0.000283894
0.00806743, 0.000874454
0.00615671, 0.000834616
0.00356236, 0.00222825
0.00635555, 0.00262666
0.00527033, 0.00145375
0.00462503, -0.00184348
0.00318785, 0.00187993
0.00528056, 0.00389538
0.00544166, -0.00182681
0.00939982, 0.00570142
0.00751947, 0.00265537
0.00687304, 0.00166507
0.0043746, 0.00712601
0.00459377, 0.00669752
0.00376395, -0.000242409
0.0075664, 0.00283621
0.00726683, 0.00381644
0.0067685, 0.0022043
0.00731975, 0.00432734
0.0011045, 0.000717213
0.00349448, 0.000556064
0.0067524, 0.00335532
0.00504053, -0.00103963
0.014102, 0.00732763
0.0115549, 0.0080439
0.00789449, 0.00361709
0.0081588, 0.00347501
0.010135, 0.0088542
0.0106503, 0.00546218
0.00570995, 0.0016555
0.00661562, -0.000780831
0.00510352, 0.00134767
0.00770527, 0.00333691
0.00420861, 0.00632264
0.00248685, -0.000767671
0.00358904, 0.00280841
0.00419431, 0.00230722
0.00716232, 0.00287553
0.00601442, 0.00450958
0.00509069, 0.0023554
0.0107124, 0.00453566
0.00737408, 0.00141502
0.00612633, -0.000993957
0.00213117, 0.00246216
0.00747973, 0.00190327
0.00518656, 0.000304728
0.00455618, 0.000759683
0.00834831, 0.000281997
0.00525331, 0.00451874
0.000617695, 0.00059853
0.00555959, 0.00426739
0.00459377, 0.00669752
0.00630051, 0.00359975
0.00794934, 0.00298595
0.00532253, 0.00403894
0.00817862, 0.00250837
0.0127587, 0.00862151
0.00750498, 0.000546803
0.0131539, 0.00820281
0.0105751, 0.00363636
0.00551568, 0.00451049
0.00518339, 0.00489996
0.00466582, -6.73385e-05
0.00652106, -0.000813032
0.00918418, 0.00449719
0.00962159, 0.00403122
0.0101421, 0.00595378
0.00818503, 0.00249818
0.00988531, 0.00346043
0.00679137, 0.00328854
0.00651052, 0.00414356
0.0131919, 0.00942549
0.00137583, 0.00176116
0.00710033, -0.000956077
0.0066503, 0.00221897
0.00542652, 0.00547792
0.00511028, -0.000384838
0.0104179, 0.00621024
0.00399826, 0.000264299
0.00497779, 0.00220772
0.0068034, 0.00142896
0.00801017, 0.00361385
0.011138, 0.00318213
0.00129459, 0.00251483
0.00873592, 0.00488011
0.0105329, 0.00339918
0.00819353, 0.000162184
0.00602112, -0.000204953
0.00524174, 0.00139243
0.0112395, 0.00481219
0.00476762, 0.00159088
0.00447717, 0.0043589
0.00699623, 0.00468473
0.00527411, 0.00416643
0.00656643, 0.00322022
0.0112986, 0.00701387
0.0129057, 0.00950749
0.00600997, 0.00127965
0.00900125, 0.00700553
0.00559022, 0.00371699
0.00567796, 0.00161392
0.00477931, 0.00165165
0.00658481, 0.000168271
0.0138328, 0.00827558
0.00615451, 0.00452696
0.0126168, 0.00783605
0.0100939, 0.00795837
0.00410344, 0.00697799
0.0070881, -0.000579274
0.00435288, 7.40528e-05
0.00776205, 0.00349972
0.00582508, 0.00200442
0.0121313, 0.00598901
0.00679691, 0.00188021
0.0110149, 0.00417564
0.0152641, 0.00962062
0.00664621, 0.0021637
0.00643847, -0.00106212
0.00902315, -6.35279e-05
0.00762001, -1.7702e-05
0.0080578, -0.0013607
0.00813832, 0.00280511
0.00834592, 0.00482861
0.00731975, 0.00432734
0.0105213, 0.00704227
0.00426384, 0.00186807
0.00698504, 0.00330563
0.0106011, 0.00449244
0.0111452, 0.00829967
0.002896, 0.00218393
0.0039014, 0.000287867
0.00493142, 0.00241338
0.0134389, 0.00865717
0.00414234, 0.00412185
0.00457079, 0.00129724
0.00597544, 0.00474506
0.00581644, 0.00474054
0.00250114, 0.00505449
0.0021626, 0.00299053
0.00571606, 0.00446687
0.00724165, 0.00328707
0.00250422, 0.00148199
0.00789719, 0.00254667
0.00687354, 0.00345075
0.00750946, 0.00342314
0.0147566, 0.00794428
0.0134363, 0.0122687
0.00464418, 0.00418066
0.00740718, 0.00263721
0.0102149, 0.00532571
0.00951856, 0.00351694
0.0107562, 0.0113339
0.00957066, 0.00540695
0.004091, 0.00249732
0.0063049, 0.00334148
0.00636878, 0.00256116
0.00571809, 0.00543052
0.0136247, 0.00410235
0.00866673, 0.00204639
0.00719756, 0.00127923
0.00375748, 0.00228687
0.0037901, 0.000726346
0.011438, 0.00725928
0.00636512, 0.000822942
0.00175874, 0.000928377
0.00719494, 0.00373462
0.00446772, 0.00576511
0.0134794, 0.00414272
0.0114319, 0.00339006
0.00464758, 0.00211107
0.0113758, 0.00296101
0.00711486, 0.00363146
0.0058194, 0.00148487
0.00753374, 0.00173285
0.00419231, -0.00162805
0.00514442, 0.00362853
0.00842383, 0.00314481
0.00473527, 0.00362992
0.00993116, 0.00485681
0.0134087, 0.00624756
0.00646652, 0.00151241
0.0114161, 0.00716044
0.00829036, 0.00587134
0.00551263, 1.25032e-05
0.00627501, 0.00422108
0.00682874, 0.00148047
0.00750003, 0.00367283
0.00843357, 0.00540448
0.00444849, 0.00459063
0.00403967, -0.00183742
0.00780643, 0.00421562
0.00601678, 0.00423602
0.00515364, 0.00288442
0.00910496, 0.00216984
0.00824565, 0.00638922
0.00858278, 0.002258
0.00949689, 0.00030205
0.00620104, 0.00633047
0.00558534, -0.001866
0.0081528, 0.000454198
0.0117509, 0.0118368
0.00400989, 0.0049353
0.00501656, 0.00137198
0.00668179, 0.000696881
0.0131812, 0.00905582
0.0059631, 0.00181013
0.00950211, 0.00313119
0.00356585, 0.0010496
0.0101303, 0.00591308
0.00435144, 0.00262697
0.00500773, 0.00101237
0.0119646, 0.00692841
0.00669526, 0.00162992
0.00452209, 0.00125566
0.0116123, 0.00471103
0.00296407, 0.00190155
0.00409958, 0.00163137
0.00923714, 0.00243818
0.00414333, 0.00114906
0.00383893, 0.00203669
0.00417652, 0.00490921
0.00766703, 0.00136099
0.00414333, 0.00114906
0.00518368, 0.000496728
0.00503613, 0.00118148
0.00521577, 0.00363434
0.00720816, 0.00224472
0.0077141, 0.00329297
0.00595949, 0.00352868
0.0100186, 0.00474941
0.00624565, 0.00374908
0.0138187, 0.00845291
0.011775, 0.00606491
0.00846078, 0.000716175
0.00588413, -0.000577733
0.00693392, 0.00261883
0.00942577, 0.004594
0.00779086, 4.27291e-05
0.00524807, 0.00692285
0.00442873, 0.00400223
0.00769591, 0.00291833
0.0076565, -8.01721e-05
0.00387459, 0.000550492
0.00651191, 0.000773529
0.00715061, 0.00267941
0.00283978, 0.000609732
0.00453473, -4.01497e-05
0.011185, 0.00139157
0.00321716, 0.00446157
0.00808542, 0.00341056
0.00746948, 0.00412346
0.00845711, 0.00904737
0.00698779, 0.00336717
0.0052622, -0.00235869
0.0056174, 0.00434975
0.00392942, -0.000157814
0.00735732, 0.00180277
0.00711023, 0.0049956
0.00785409, 0.00104781
0.00129459, 0.00251483
0.00513479, 0.00100394
0.00213747, 0.00100663
0.00746348, 0.00412765
0.00572349, 0.00663327
0.00902923, 0.00525903
0.00443812, 0.00246465
0.00820992, 0.00300718
0.0083822, 0.0034367
0.00505407, -0.00112194
0.00780707, 0.00481711
0.00668939, 0.00398599
0.00669148, 0.00259898
0.0106925, 0.00435411
0.00558733, 0.000983945
0.0065638, 0.000992127
0.00327026, 0.00202627
0.00655466, 0.00443952
0.0106449, 0.00606262
0.00731665, 0.0033336
0.00808977, 0.00314528
0.0038447, 0.00204858
0.00446394, 0.00387084
0.00140235, 0.00148904
0.0109221, 0.0100035
0.00761485, 0.00346354
0.0112374, 0.00443727
0.00651974, 0.00328116
0.00619118, 0.00252252
0.00243453, -0.00109931
0.00803473, 0.00159104
0.00801161, 0.00178488
0.00709396, 0.00131966
0.00637315, 0.00488088
0.00380416, -0.000714701
0.00618954, -0.000326359
0.00694224, -0.00137363
0.00645079, 0.00256234
0.00745563, 0.0025058
0.0110856, 0.00147048
0.00914239, 0.00462413
0.00733717, 0.000963041
0.00668348, 0.00511334
0.00568839, 0.00475761
0.00634634, 0.00191381
0.00784304, 0.00421376
0.00337404, 0.00447877
0.00620745, 0.00221042
0.012491, 0.00790145
0.00755233, 0.00233872
0.00383751, 0.00235214
0.00715374, 0.000574384
0.00325113, 0.00404485
0.00558542, -0.00202927
0.00543255, 0.00198253
0.00512836, 0.00504341
0.00903797, 0.00277308
0.00771319, 0.00220922
0.00349448, 0.000556064
0.00764176, 0.000471657
0.00671454, 0.00429182
0.007555, 0.00699311
0.00870581, 0.00642897
0.00698029, 0.00481911
0.00553379, 0.00419812
0.00801762, 0.000856448
0.000829609, 0.00110495
0.00635555, 0.00262666
0.00320272, 0.00270475
0.00731646, 0.00117187
0.00691381, 0.00165081
0.00824927, 0.00546396
0.00551568, 0.00451049
0.009202, 0.00564996
0.00594136, -0.00109266
0.0075309, 0.000517304
0.00756743, 0.00280592
0.00580697, -0.00114383
0.00698779, 0.00336717
0.00800815, 0.00152102
0.0086211, 0.00469008
0.0128758, 0.00875631
0.00763061, 0.00314359
0.00452452, 0.00433032
0.00579836, 0.0054462
0.00918951, 0.000233953
0.00488256, 0.00235099
0.00561068, 0.00521717
0.0026099, 0.00360928
0.00775065, 0.00359174
0.0103917, 0.0018634
0.00918742, 0.002659
0.00390152, 0.0027624
0.012654, 0.00796273
0.00441277, 0.00392648
0.0073928, 0.0036127
0.0133247, 0.0045582
0.00960084, 0.000270155
0.00964567, 0.00602205
0.00774206, 0.00381244
0.00370937, 0.00101826
0.00523262, 0.00416117
0.00420238, -0.00175897
0.005778, -0.00174641
0.00500773, 0.00101237
0.00623702, 0.00210853
0.00606264, 0.000821116
0.00923825, 0.00212239
0.00780872, 0.000890342
0.00836053, 0.00127499
0.00835174, 0.00515494
0.00665002, 0.00436824
0.00580979, 0.00422374
0.00311014, 0.00545044
0.00653278, 0.00229658
0.0128232, 0.00220754
0.00463967, 0.00404472
0.00547299, 0.0038915
0.00586744, 0.00301519
0.00514899, 0.00255777
0.00744111, 0.000316126
0.00441914, -0.000853273
0.00225558, 0.0030016
0.00477146, 0.00427108
0.00436704, 0.0017095
0.00994876, 0.00484398
0.013328, 0.00468468
0.0087665, 0.00360106
0.00678353, 0.00197348
0.00445063, 0.00181919
0.00605148, 0.00551691
0.00535423, 0.00547243
0.00799563, 0.00404487
0.00462816, 0.0012464
0.00952564, 0.00205511
0.0112087, 0.011059
0.00530855, 0.00517512
0.00460256, 0.00234796
0.00652235, -0.000855337
0.008249, 0.00279973
0.00808537, 0.00299601
0.00837299, 0.00285117
0.0074995, 0.00388231
0.00567016, 0.00160573
0.00853312, 0.0056013
0.00491672, 0.00576074
0.0057508, 0.00467289
0.00625266, 0.00170776
0.00368065, 0.0023006
0.00268798, 0.00338326
0.00329048, 0.00404766
0.00931708, 0.00416693
0.00900986, 0.000603511
0.00946142, 0.00280834
0.00971334, 0.00577817
0.00363172, 0.00267391
0.00550568, -0.0010836
0.0044062, 0.00296892
0.00365201, 0.00492078
0.00447269, 0.00357399
0.00661193, 0.0032944
0.00919166, 0.00301177
0.00715101, 0.00523006
0.00595719, 0.00556116
0.00866216, 0.00301356
0.0047818, 0.00104237
0.0036517, 0.000130263
0.00954754, 0.00328218
0.0140431, 0.00688603
0.00548735, 0.00187791
0.00177829, 0.00129757
0.00344185, -0.000247874
0.00826091, 0.00510899
0.00632506, 0.00435958
0.00623702, 0.00210853
0.0030365, 0.000913117
0.00510447, 0.000348168
0.0108418, 0.00753426
0.00281813, 0.00370512
0.0129717, 0.00758683
0.0067685, 0.0022043
0.0051744, 0.00161215
0.00371637, 0.00366982
0.00745459, 0.00176128
0.00519126, 0.0026561
0.0102149, 0.00532571
0.00573932, 0.00124951
0.00665367, 0.00178879
0.00571665, 0.00495332
0.0122689, 0.00622273
0.00302171, 0.00166756
0.00856637, 0.000220074
0.00281338, 0.00170976
0.00718483, 0.00235037
0.00466841, 4.28112e-05
0.00371928, 0.00114909
0.0064639, 0.0036012
0.00349018, 0.00308431
0.00610072, 0.00387526
0.0111737, 0.00601124
0.0059063, 0.00117049
0.010473, 0.00479221
0.0124117, 0.00347128
0.0101642, 0.00497816
0.00610968, 0.00325048
0.00920537, 0.00273509
0.00324752, -0.00198306
0.00617258, -0.000225839
0.00435354, 0.00309852
0.00417231, 0.00281672
0.00773803, 0.00259103
0.00445642, -0.00124035
0.00617918, 0.000883367
0.00558157, 0.00370756
0.00591574, 0.00106648
0.0115173, 0.00932678
0.0104031, 0.00352545
0.00479794, 0.00514024
0.00489006, -0.00197885
0.010385, 0.0066998
0.00668423, 0.00277255
0.00533678, 0.00253109
0.00500773, 0.00101237
0.0101999, -9.42525e-05
0.0103915, 0.00582385
0.0047122, -0.000785788
0.00797138, 0.00338889
0.00644384, -0.000675282
0.00891423, 0.00149254
0.00913269, 0.00662541
0.01161, 0.00938823
0.00839232, 0.00403521
0.00164055, 0.000623346
0.00841268, 7.1009e-05
0.00598586, 0.00433343
0.00384042, 0.00321826
0.00884804, 0.00292733
0.0112613, 0.00246189
0.00307164, 0.000180085
0.0069512, 0.00351481
0.00371113, 0.000633375
0.0103561, 0.00465731
0.0114793, 0.0110732
0.00824665, 0.000945662
0.00673816, 0.00448005
0.0033049, -0.00102405
0.00881783, 0.000155154
0.00754699, -3.72603e-05
0.00370937, 0.00101826
0.0104517, 0.00750934
0.0103477, 0.0027815
0.0111843, 0.00123194
0.00612868, 0.00190873
0.00845688, 0.00287926
0.006957, -0.000946167
0.00307524, -0.00124508
0.00581571, 0.00618657
0.00725284, 0.000857006
0.00537592, 0.000400311
0.00703587, 0.00116507
0.00751588, 0.00480508
0.00398766, 0.00633265
0.00815093, 0.00393778
0.00651528, 0.00259765
0.00710732, 0.00364063
0.00524862, -0.000575732
0.0040358, -0.00127869
0.00220093, 0.00259692
0.00455796, 0.00119962
0.00756869, 0.00267238
0.00779508, -0.00131693
0.00398258, 0.00488419
0.00546675, 0.00151887
0.00800075, -4.80111e-05
0.00990658, 0.00220854
0.00778082, 0.00548225
0.00550178, 0.00148842
0.00685297, 0.00439623
0.00945697, 0.00329305
0.0128434, 0.0072416
0.00927797, 0.00651473
0.00552376, 0.00383326
0.00660345, 0.00411807
0.00854491, 0.00651158
0.00457079, 0.00129724
0.00883892, 0.00432407
0.00213546, 0.00210307
0.00805384, 0.00424779
0.00893534, 0.00214264
0.00508761, 0.000983473
0.00298981, 0.00393541
0.00580884, 0.00105934
0.0111842, 0.000631428
0.00695047, 0.001472
0.00281813, 0.00370512
0.00685564, 0.00450002
0.007226, 0.00209222
0.0117178, 0.00118834
0.0063279, 0.00115632
0.00739586, 0.00598337
0.0114394, 0.00666143
0.00270071, 0.0028443
0.00569589, 0.000745508
0.00569531, 0.00378211
0.00592771, 0.00127075
0.0104058, 0.00330659
0.00605098, 0.00279469
0.00692559, 0.00147628
0.00582332, 0.00446484
0.00760408, 0.000826025
0.00528312, -0.00012284
0.00959364, 0.00295208
0.00376395, -0.000242409
0.0102593, 0.000505638
0.00572974, -0.00110534
0.00525269, 0.00114288
0.00421334, 0.00466234
0.00388321, -0.00184858
0.0036682, 0.00200853
0.00679004, 0.00148217
0.00966346, 0.00276761
0.0091857, 0.00535069
0.00959294, 0.00405038
0.00738814, -0.000692844
0.00438928, 6.31887e-05
0.00831715, 0.00420765
0.00606318, 0.000930832
0.003992, 0.0021751
0.0100853, 0.00491541
0.00918418, 0.00449719
0.000837075, 0.000670534
0.00912379, 0.00543152
0.00394177, 0.00174062
0.00804515, 0.00464639
0.00670568, 0.00500135
0.00728143, 0.00501841
0.0102454, 0.00470775
0.00646728, 0.00308816
0.0046302, -3.68821e-05
0.00769198, 0.00182337
0.00738712, 0.00283039
0.00780422, 0.00301704
0.0115978, 0.00424543
0.00579616, 0.00424247
0.00712651, 0.00145587
0.0143167, 0.00782014
0.00140478, 0.000739319
0.00731432, 0.00363864
0.00568867, 0.000751864
0.00977578, -0.000387182
0.003992, 0.0021751
0.00395033, 0.00165394
0.00694353, 0.00186694
0.00938952, 0.00721919
0.00519133, 0.00104769
0.00803656, 0.00398542
0.00744512, 0.00377626
0.00541346, 0.000853358
0.00854717, 0.00294451
0.00627492, 0.00552247
0.00355828, 0.00207152
0.00575349, 0.00129221
0.00581593, 0.000471065
0.00827421, 0.00887423
0.0034627, 0.000734692
0.00274021, 0.00419347
0.0102024, 0.00646524
0.00549969, 0.000437389
0.00696948, 0.00144119
0.0106326, 0.0053298
0.0116443, 0.00466807
0.00879812, 0.000262197
0.0128134, 0.00905734
0.00788887, 0.00185357
0.00262255, 0.00516509
0.00672756, 0.00290422
0.0051034, 0.00292801
0.0116318, 0.00965727
0.0114793, 0.0110732
0.0113329, 0.00469973
0.00574515, 0.00392349
0.00519938, 0.00240733
0.00548977, 0.00472119
0.0111974, 0.00614138
0.00764634, 0.00195763
0.00833643, 0.000767009
0.00938097, 0.00536904
0.0134171, 0.00662749
0.0114463, 0.00559435
0.00228395, 0.000989768
0.010065, 0.0043565
0.0015023, 0.00143507
0.00288345, 0.00363378
0.00777428, 0.00507057
0.00848128, 0.00351827
0.00358904, 0.00280841
0.00702519, 0.00090269
0.00719305, 0.000739655
0.00670332, 0.000576599
0.00441277, 0.00392648
0.00773497, 0.00444458
0.01199, 0.00876555
0.00384042, 0.00321826
0.00618942, 0.0012307
0.00455796, 0.00119962
0.00919484, 0.00235867
0.0109377, 0.00556081
0.00508129, 0.00571015
0.00522922, 0.00100951
0.00664512, 0.00537544
0.00609816, 0.00100715
0.00850836, 0.00567776
0.00516871, 0.0047898
0.0109675, 0.00869853
0.00769594, 0.00274293
0.00604192, 0.00109631
0.0090594, 0.00675163
0.0130177, 0.0125873
0.00560606, 0.00389804
0.00643312, 0.0049074
0.00918734, 0.00599606
0.00815894, 0.00251855
0.0106318, 0.00463646
0.00246834, -7.03407e-05
0.00401958, 0.00282874
0.006767, 0.00360624
0.00576063, 0.0048296
0.00490412, 0.00514422
0.0138969, 0.00387682
0.00123063, 0.00245137
0.00385391, 0.000902809
0.0068486, 0.00146877
0.0108786, 0.00783223
0.00512332, -0.000869965
0.00580146, -0.000155473
0.00710349, 0.00265342
0.00277874, 0.00324254
0.00464321, 0.00417338
0.0129322, 0.00876541
0.00503849, 0.00450558
0.0131551, 0.00968483
0.0120776, 0.00700401
0.00414965, 0.00288184
0.00776217, 0.00189075
0.0113083, 0.00772311
0.00555478, 0.00185218
0.00439317, -0.000419321
0.00893534, 0.00214264
0.00910454, 0.00220987
0.00791678, 0.000220768
0.0091538, 0.00729118
0.00716574, 0.00416857
0.00806853, 0.000144932
0.00702222, 0.000886753
0.00863796, 0.00233025
0.00611007, 0.00483967
0.00488166, 0.00222242
0.00648856, 0.00434498
0.0135877, 0.00483349
0.0070125, 0.00163129
0.0074044, 0.00153807
0.00462083, 0.00651702
0.00769525, 0.00218035
0.00721643, 0.00143942
0.00702539, 0.00439899
0.00498759, 0.00440159
0.00616793, 0.000402053
0.0119614, 0.00707303
0.00478334, -0.000776377
0.0133895, 0.00785814
0.00488288, 0.000925553
0.00699721, 0.00298137
0.00558416, 0.00194077
0.00804696, 0.00362018
0.00974989, 0.00122297
0.00602231, 0.00181837
0.00801762, 0.000856448
0.00787301, -0.000150893
0.0045913, 0.00637244
0.00763725, 0.00277587
0.00276366, 0.00537567
0.0102069, 0.00552819
0.00401947, 0.00289751
0.00757116, 0.00361792
0.00845688, 0.00287926
0.00672555, 0.00487349
0.0114323, 0.00972572
0.00461919, 0.00456686
0.0116656, 0.00443111
0.00766287, 0.00245274
0.00479103, 0.00126721
0.00650236, 0.0038502
0.00294939, -0.00037811
0.00820259, 0.00441296
0.0101288, 0.00364724
0.00880474, 0.00333618
0.0134584, 0.0121988
0.00794447, 0.0037052
0.00987486, 0.009649
0.00450223, 0.00154813
0.00432316, 0.00400258
0.00702664, 0.00224545
0.00780225, 0.00122153
0.00538052, 0.000497325
0.00773156, 0.00321613
0.004537, 0.00362844
0.00808229, 0.00234588
0.00770243, 0.000710947
0.00762311, 0.00333771
0.0033008, 0.000455678
0.00378262, 0.00580174
0.00550476, 0.00444368
0.00544683, -0.000463093
0.0120578, 0.000447858
0.00367673, -0.00151509
0.00895598, 0.00194061
0.00659756, 0.00468019
0.00576304, 0.00545836
0.00615545, 0.00189022
0.00788874, 0.000446781
0.00665002, 0.000171762
0.00881337, 0.00360791
0.0144659, 0.00558291
0.00771009, 0.00474137
0.0144301, 0.00628139
0.00716909, 0.00469002
0.0118626, 0.00602139
0.00465959, 0.00132688
0.0071439, 0.00238301
0.00481795, 0.000868072
0.00374472, 0.00477454
0.00626139, 0.00365816
0.00680267, 0.00202449
0.00968935, 0.00205477
0.00667987, 0.00234408
0.0049922, 0.0046507
0.0112456, 0.011052
0.00850836, 0.00567776
0.00850474, 0.00310956
0.000715427, 0.00057224
0.0106724, 0.0090935
0.00227324, 0.00288768
0.00346121, -0.00084869
0.0056982, 0.00176152
0.00576077, 0.00159762
0.00470032, 0.00193785
0.01007, 0.00759391
0.00417248, 0.00143491
0.00922361, 0.00203219
0.00973058, 0.00578413
0.0116071, 0.00563636
0.0127027, 0.00943283
0.00891592, 0.000132667
0.00363172, 0.00267391
0.00532586, 0.00492138
0.00849088, 0.00344487
0.00583095, 0.00148906
0.0091157, 0.00367275
0.00513001, 0.00204626
0.00518672, 0.00432228
0.00453496, 0.00358182
0.00741065, 0.00449124
0.008717, 0.00233073
0.0100786, 0.00468021
0.0120881, 0.00290861
0.00313026, -0.00100461
0.00688077, 0.00220171
0.00561357, 0.000899735
0.00260081, 0.00396552
0.00403343, 0.0046684
0.00821806, 0.0032549
0.00542036, 0.00375463
0.00603822, 0.000816508
0.00805075, 0.00425713
0.00852542, 0.00557277
0.00874341, 0.00461412
0.0123114, 0.00652203
0.00582461, 0.00125167
0.00495758, 0.00614596
0.00672619, 0.0012922
0.013068, 0.00574587
0.00909655, 0.00623513
0.00242818, 0.00363291
0.00627097, 0.00110743
0.00919655, 0.00532326
0.00809709, 0.00338667
0.00968131, 0.00277415
0.00580884, 0.00105934
0.00666003, 0.00200266
0.00911555, 0.000672959
0.00556084, 0.0036619
0.00769825, 0.00173624
0.00646626, 0.00343886
0.0118769, 0.00244171
0.00855879, 0.00448018
0.00864094, 0.000883359
0.00385391, 0.000902809
0.00985493, 0.00544728
0.00603239, 0.00162155
0.00520475, 0.00398144
0.000832453, 0.00096333
0.00708184, 0.00102662
0.00728416, 0.00540893
0.00770421, 0.00465964
0.0101547, 0.00437862
0.00316962, -0.00184975
0.00793385, -3.74672e-05
0.00698775, 0.00474848
0.00947492, 4.5601e-05
0.0137011, 0.00823662
0.00457094, 0.00166334
0.00473768, 0.00441747
0.00902009, 0.00383916
0.0100487, 0.00416882
0.00953163, 0.000694741
0.00679187, 0.00119986
0.00716249, 0.00178946
0.00397429, 0.00549486
0.00481893, 0.00447216
0.00731645, 0.00197672
0.00822755, 0.00369095
0.00336369, 0.000993342
0.00590522, 0.00353122
0.00921314, 0.00713594
0.00534739, 0.00430069
0.0036073, 0.00477423
0.00726708, 0.00125167
0.00987996, 0.00380415
0.00473385, 0.00124116
0.00740459, 0.000870593
0.00595882, 0.00446653
0.00880425, 0.00543959
0.00270071, 0.0028443
0.0101123, 0.0100206
0.00610996, -2.81312e-05
0.00168372, 0.00216578
0.0102149, 0.00532571
0.00996512, 0.00406222
0.00552789, 0.000532836
0.00715277, 0.00210863
0.0101461, 0.00429421
0.00784479, 0.000212458
0.004451, 0.00402513
0.0101239, 0.00533156
0.00837868, -0.000846949
0.00258505, 0.00377576
0.00676273, 0.00525256
0.00678551, 0.00254326
0.00490326, 0.00318118
0.0121782, 0.00714382
0.00753541, 0.00338447
0.00683754, 0.00553023
0.0112893, 0.0059327
0.00821473, 0.00595174
0.00897854, 0.00207254
0.00576304, 0.00545836
0.00595629, 0.00439816
0.00846762, 0.00315795
0.00641448, 0.00373691
0.00430883, -0.00100573
0.00729303, 0.00374938
0.00825898, 0.00253205
0.0075664, 0.00283621
0.00707467, 0.00273049
0.00942725, 0.00360053
0.00548735, 0.00187791
0.00592039, 0.00342675
0.00837366, 0.000371828
0.00849157, 0.00442486
0.00644759, 0.00368067
0.0105906, 0.00690868
0.00476407, 0.000979114
0.00519126, 0.0026561
0.00264061, 0.00100354
0.00699031, 0.000568065
0.0117258, 0.00589874
0.0108522, 0.00311923
0.00477654, 0.0031268
0.00313477, 0.00193008
0.00996538, 0.00298159
0.00501122, 0.00467317
0.00792408, 0.00363789
0.0133104, 0.00968726
0.00384662, 0.00418437
0.0092413, 0.00432219
0.00571349, 0.00164743
0.00701237, 0.00223568
0.00789957, 0.00145617
0.00693072, 0.00163866
0.00996487, 0.00458939
0.00470072, -0.00012755
0.00129459, 0.00251483
0.0077354, 0.00554388
0.00646033, 0.000721593
0.00111324, 0.00066215
0.00684865, 0.00304574
0.00697803, 0.00163656
0.0053092, 0.00504336
0.00873662, -0.000334874
0.00697436, 0.00194812
0.00839817, 0.000619612
0.0116858, 0.00287214
0.00623077, 0.00397262
0.00784813, 0.00396999
0.00669698, 0.00331651
0.00573476, 0.00582047
0.00958954, 0.00364677
0.00585633, 0.00201068
0.00397925, -0.000224453
0.00501023, -0.000101711
0.0061603, -0.00225798
0.00705814, 0.004534
0.00282949, 0.0012633
0.00937879, 0.00623059
0.00706773, 0.00688558
0.00597547, 0.00415554
0.00964877, 0.0075468
0.00510758, 0.0016711
0.00866693, 0.000219739
0.013486, 0.00844967
0.00984799, 0.00478633
0.00514059, 0.00342827
0.00635162, 0.00234257
0.00639671, 0.00279685
0.00647357, 0.00302901
0.00299889, 0.00165026
0.00983856, 0.00423126
0.0102081, 0.00358913
0.00724399, 0.000962587
0.00898704, 0.00313811
0.00734533, 0.000333303
0.010668, 0.00131501
0.00912195, 0.00291961
0.0104312, 0.00500404
0.00804908, 0.00281312
0.00771009, 0.00474137
0.00473584, 0.000715251
0.0110282, 0.00295013
0.00227649, 0.00385862
0.00326075, 0.00335569
0.0041509, 0.00141845
0.00517744, 0.00353674
0.00545631, 0.00593209
0.00534602, 0.000840161
0.00827352, 0.000236616
0.00549557, 0.00376876
0.00918746, 0.00420794
0.0104318, 0.0079442
0.00518065, 0.000960111
0.0129584, 0.00287864
0.00244288, -0.00227797
0.0137503, 0.00708946
0.00370874, 0.00378551
0.00554817, 0.00435125
0.00785759, 0.00293907
0.00656065, 0.0013557
0.00626178, 0.00325785
0.0160004, 0.0091197
0.0123427, 0.0129093
0.00385391, 0.000902809
0.00644532, 0.00215471
0.00421826, 0.00026755
0.00259037, 0.000273404
0.00169534, 0.00195479
0.00828362, 0.00594267
0.00893956, 0.00196969
0.00582474, 0.00202177
0.00630782, 0.00439827
0.00762044, 0.00261281
0.00830949, 0.00287476
0.00588673, 0.0025086
0.00759182, 0.0016105
0.00334407, 0.00150003
0.00896614, 0.00574645
0.00885573, 0.000233178
0.00682874, 0.00148047
0.00665161, 0.000764755
0.0132105, 0.004155
0.00862454, 0.00284968
0.00640572, 0.000232616
0.00601378, 0.0021949
0.00590118, -0.00144117
0.00746976, 0.00197823
0.00625014, 0.0041092
0.0105408, 0.00804299
0.00762164, 0.00136027
0.00549069, 0.00276899
0.00675277, 0.00405248
0.00866228, 0.00184335
0.0113557, 0.00831132
0.00543592, 0.000619396
0.00687992, 0.00435146
0.00277062, 0.00369856
0.00626717, 0.00430043
0.00465049, 0.00217603
0.0073575, 0.00173068
0.00321716, 0.00446157
0.00909009, 0.00719027
0.00298981, 0.00393541
0.00699327, -0.00119789
0.00453473, -4.01497e-05
0.00399886, 0.00475781
0.0133247, 0.0124084
0.0107766, 0.00912303
0.00824258, 0.00337397
0.00769543, 0.00194635
0.00579893, 0.00131838
0.00614525, 0.0052534
0.00803667, 0.00427296
0.0044496, 0.00503506
0.00242176, -0.000176614
0.00410577, -0.00137235
0.0040397, 0.00323001
0.00902788, 0.00711384
0.00719116, 0.00307795
0.00777395, 0.00586149
0.00683678, 0.00465533
0.00745624, 0.0026123
0.00599916, 0.00171974
0.00588501, -0.000354477
0.00803801, 0.00135235
0.00477124, 0.00167641
0.00601946, 0.00194869
0.0103159, 0.00487997
0.00736297, 0.00143016
0.00547351, 0.00211141
0.00742839, 0.00575668
0.00611856, 0.00136316
0.0129389, 0.0113143
0.0106773, 0.000234343
0.0069748, -0.000227093
0.0105822, 0.0103365
0.00715683, 0.00347819
0.00513138, 0.000723686
0.00695167, 0.00340006
0.00465959, 0.00132688
0.00465322, 0.00413148
0.00574515, 0.00392349
0.00352989, -0.0010887
0.00330535, 0.00133338
0.010477, 0.0089386
0.00425056, 0.0031323
0.00478449, 0.00298115
0.00739208, 0.00468727
0.0088349, 0.00136718
0.00558157, 0.00370756
0.00446464, -0.00157314
0.00691684, 0.00451541
0.0107533, 0.0113564
0.00288345, 0.00363378
0.0130635, 0.00591033
0.00660113, -0.000258187
0.00332475, 0.00218573
0.00702284, 0.00233153
0.00421834, 0.00170814
0.00332475, 0.00218573
0.00807587, 0.0024696
0.00771009, 0.00474137
0.00684703, 0.000483846
0.00918746, 0.00420794
0.00811846, 0.00578103
0.00748529, 0.00516193
0.00738628, 0.00226092
0.00507924, 0.00671565
0.00975501, 0.00597889
0.00949815, 0.00679414
0.00559521, 0.00355907
0.00196459, 0.00225462
0.00670304, 0.00528977
0.00615671, 0.000834616
0.00368171, 0.00204522
0.00734595, 0.00155136
0.00682874, 0.00148047
0.00506826, 0.00476827
0.00883322, 0.0046284
0.00803529, 0.00208592
0.00899593, 0.00381081
0.00535717, 0.00602573
0.00660209, 0.00136579
0.005238, 0.00605961
0.00374782, 0.00229313
0.00631572, -4.15383e-05
0.00530097, 0.00260597
0.00878691, 0.0049289
0.00729554, 0.0016943
0.00685923, 0.00434962
0.00773697, 0.00266325
0.00964836, 0.00546534
0.00535717, 0.00602573
0.00799394, 0.00120634
0.0124267, 0.00451538
0.00822857, 0.00261881
0.00632611, 0.00182289
0.0115837, 0.00350952
0.00935118, 0.00728966
0.00811846, 0.00578103
0.00627855, 0.00308666
0.00864309, 0.00402899
0.00918746, 0.00420794
0.00537397, 0.00150726
0.00680595, 0.00213128
0.00808571, 0.000180201
0.00676558, -0.000110756
0.00805607, 0.00293563
0.00757648, 0.00358532
0.00635195, 0.00478631
0.00670568, 0.00500135
0.00787461, 0.00880039
0.0120053, 0.00895685
0.00850457, 0.00419987
0.00855226, 0.00659551
0.00558589, 0.00493351
0.00586677, 0.00137629
0.00962341, 3.83394e-05
0.00603239, 0.00162155
0.00537535, 0.00515535
0.00940432, 0.00462421
0.00725235, 0.00231424
0.0101025, 0.00491415
0.00456242, -0.00234602
0.0112524, 0.00670455
0.00681138, -0.000586449
0.00576304, 0.00545836
0.00847486, 0.0035881
0.00556837, 0.00372563
0.00387977, 0.00201754
0.00235629, 0.00257892
0.00627339, 0.00567193
0.00884249, -0.000342217
0.00940432, 0.00462421
0.00682585, 0.000741358
0.00669608, 0.00226033
0.00532158, 0.00485407
0.00463388, 0.00073205
0.00736463, 0.0032507
0.00766995, 0.00107099
0.00811038, 0.00415131
0.0067155, 0.00400513
0.00594218, 0.000653145
0.00528036, -0.000862902
0.00765766, 0.00337817
0.0107697, 0.00436896
0.00721813, 0.00165924
0.00638315, 0.000644468
0.00698809, 0.00299829
0.0055921, 0.00470506
0.00707549, 0.0017334
0.0127675, 0.00612492
0.0067592, 0.00537547
0.0126085, 0.00640087
0.00414763, 0.0029419
0.00691808, 0.00402647
0.00650001, 0.00434975
0.00403821, 0.00126284
0.00615176, 0.0049033
0.00509049, 0.00220106
0.00742924, 0.0018326
0.00838499, 0.00362041
0.00455618, 0.000759683
0.00592214, 0.00222357
0.00882466, 0.00304755
0.00371205, -0.000446657
0.00414483, 0.00114953
0.00824388, 0.00550178
0.00630841, 0.00218509
0.00945138, 0.00672677
0.00444551, 0.00622766
0.00670568, 0.00500135
0.00666621, 0.00367465
0.0104724, 0.00156302
0.00412117, -0.00218874
0.00640363, -0.00043522
0.00727098, -0.000304366
0.00595745, 0.00230953
0.00651863, 0.00290904
0.00881554, 0.00243916
0.0103296, 0.0037458
0.00751637, 0.00624652
0.00856652, 0.00573347
0.00694353, 0.00186694
0.00887914, 0.00270091
0.00852605, 0.00696994
0.004689, 0.00139549
0.00254041, 0.00375282
0.00552723, 0.000199542
0.00842196, 0.00100613
0.00815561, 0.0016284
0.00305544, 0.00173431
0.00573173, 0.00022336
0.0074928, 0.0057487
0.00740612, 0.00483597
0.00689062, 0.00283814
0.0040227, 0.00496848
0.00571576, 0.000593612
0.00829852, 0.00189455
0.0114563, 0.0033042
0.00808001, 0.0039324
0.00407505, 0.00482868
0.00838691, 0.00378328
0.0109155, 0.00397345
0.00540042, 0.00527849
0.0119033, 0.00151305
0.00527183, 0.000643427
0.00806653, -0.000256552
0.00658568, 0.00476583
0.00829198, 0.000555815
0.00879362, 0.0057274
0.0055253, 0.00455242
0.00463967, 0.00404472
0.00572916, -7.28824e-05
0.00675102, 0.00174861
0.00376874, -0.000634988
0.00666082, 0.0006934
0.0119316, 0.00419968
0.012366, 0.00768634
0.00425971, 0.0064281
0.00764093, 0.00333763
0.00681626, 0.000872782
0.0056997, 0.00535659
0.0095066, 0.00529455
0.00621234, 0.00432075
0.00428682, -0.00108524
0.0113622, 0.00502208
0.00413539, 0.000378491
0.0044436, 0.00298979
0.00762701, 0.00156454
0.00682333, 0.00225378
0.00376395, -0.000242409
0.00704749, 0.00450334
0.00847124, 0.00292632
0.00363172, 0.00267391
0.00505628, 0.00282458
0.00614134, 0.00465004
0.00578525, 0.00312193
0.00511919, 0.00498955
0.00366988, -0.00202438
0.0136391, 0.00608486
0.0133714, 0.012175
0.00931348, 0.0037521
0.00672692, 0.00260673
0.00635555, 0.00262666
0.00160024, 0.00213204
0.00711384, 0.00486675
0.00524262, 0.00327927
0.00456843, 0.00175558
0.00558907, 0.00100209
0.00423202, 0.00304642
0.00518079, 0.00130406
0.00618545, 0.00277597
0.00783036, 0.00294295
0.0115461, 0.00912432
0.00616333, 0.00149661
0.0060553, 0.00452036
0.00551496, 0.00385168
0.00564393, 0.00289351
0.00761892, 0.0032231
0.0134913, 0.00443837
0.00729007, -0.00212722
0.00489216, 0.00144501
0.00903084, 0.00414974
0.0069522, 0.00148053
0.00603661, 0.0012408
0.00786211, 0.00335758
0.00573925, 0.000900546
0.00510812, 0.00143884
0.011048, 0.0093206
0.00894602, 0.00449022
0.0117703, 0.00654624
0.00674121, 0.004599
0.00618709, -0.000406094
0.00936842, -0.000241905
0.00818103, 0.00212209
0.00827629, 0.000705384
0.00484609, 0.00703954
0.0120517, 0.00887942
0.00520475, 0.00398144
0.00708257, 0.00390513
0.00572291, 0.00236941
0.00771319, 0.00220922
0.00540158, 0.00515415
0.00916687, 0.00116199
0.00681322, 0.00164973
0.00508755, 0.00415229
0.00541766, -0.000681862
0.012326, 0.0127444
0.00565238, 0.00589734
0.00868576, 0.00470594
0.0048411, 0.00559872
0.00735111, 0.00182788
0.00989351, 0.00469687
0.00939178, 0.00185948
0.00633764, 0.0030489
0.00574841, 0.00539687
0.00881278, 0.00187736
0.00961761, 0.00532507
0.00925869, 0.00656223
0.00813965, 0.00535116
0.00692336, 0.00449233
0.0125733, 0.00477463
0.00480663, 0.00229708
0.00740823, 0.00466788
0.00794961, 0.00258769
0.00490989, 0.00144278
0.00709389, 0.00306947
0.00595745, 0.00230953
0.0109414, 0.0121862
0.0087754, 0.00743863
0.00452678, 0.00186524
0.00699013, 0.00399315
0.0145707, 0.0108899
0.0103727, 0.0101304
0.00891799, 0.00623875
0.00944327, 0.00432456
0.00674836, 0.00205448
0.00805815, -0.000179459
0.0064628, 0.00136556
0.00536327, 0.00344923
0.0145827, 0.00519141
0.00343698, -0.000917948
0.00833643, 0.000767009
0.00930157, 0.00218201
0.00791388, 0.00481936
0.005073, 0.00513567
0.00872834, 0.00245933
0.00708667, 0.00148589
0.011885, 0.0098285
0.00804489, 0.00217354
0.00773996, 0.0028668
0.00458758, 0.000247972
0.00569006, 0.000852207
0.00974175, 0.00690357
0.00821732, 0.00376708
0.00467137, 0.00552079
0.0036073, 0.00477423
0.00643474, 0.00280882
0.00309153, 0.00549206
0.00709375, 0.00475265
0.00678053, 0.00361618
0.00344648, 0.00223844
0.00698433, 0.00440396
0.00737943, 0.00269625
0.00693813, 0.00635715
0.00995101, 0.00528025
0.00588324, 0.000296431
0.00612929, 0.00344311
0.00834484, 0.00354399
0.00189902, 0.00266017
0.00394803, 0.00221174
0.00654568, 0.00299141
0.00686503, 0.00191519
0.00503936, 0.00116352
0.00459284, 0.00157644
0.00455045, 0.00528013
0.0132398, 0.00515809
0.00482222, 0.00227968
0.00783118, 0.00301092
0.00861031, 0.00491603
0.00519126, 0.0026561
0.00596001, -0.000950889
0.00973421, 0.00243776
0.00892375, 0.00466831
0.00315369, 0.00495912
0.00726364, 0.00510386
0.00702539, 0.00439899
0.011245, 0.00365283
0.00583543, 0.000637839
0.013058, 0.00877494
0.00914198, 0.00428746
0.00687872, 0.00143532
0.00463969, 0.000943463
0.00523122, 0.00526323
0.00509152, 3.09109e-05
0.0035152, 0.00401586
0.00304364, 0.0041992
0.00394803, 0.00221174
0.00797122, 0.00222751
0.00186933, 0.000703523
0.00733221, 0.00501347
0.00564667, 0.00297034
0.00301804, 0.00171985
0.00654071, 0.00466434
0.00442904, 0.00206121
0.00622475, 0.000620783
0.00762186, 0.00187816
0.00969179, 0.00697974
0.00493863, 0.00304
0.00778524, 0.00589681
0.00475333, 0.0035594
0.00964356, 0.000820377
0.0092448, 0.00472709
0.00395197, 0.00130591
0.0145748, 0.0056233
0.00555276, 0.0026515
0.00333644, -0.000786289
0.0112902, 0.00586543
0.00808751, 0.00373866
0.00574515, 0.00392349
0.00357232, -0.0016311
0.0093049, 0.00100729
0.00474334, 0.00565882
0.00689933, 0.00135535
0.00401717, 0.00203697
0.0137011, 0.00823662
0.014726, 0.00895473
0.00433924, 0.00180878
0.0109572, 0.0080876
0.00362215, 0.00309677
0.0059422, 0.00400828
0.00534338, 0.00389741
0.00180787, -0.000683736
0.00284422, 0.00157304
0.0110383, 0.0113635
0.00713668, 0.00151666
0.00569532, 0.00501997
0.00983467, 0.0022654
0.00605522, 0.00194534
0.00101029, 0.00126432
0.00543493, 0.00427138
0.00379263, 0.00113553
0.00743272, 0.004099
0.00716039, 0.00357842
0.0045919, 0.00147848
0.00978914, -0.000189946
0.00654539, 0.0043964
0.00804564, 0.00305357
0.00353125, -0.000559586
0.00686376, -0.000877765
0.00882249, 0.00333219
0.00723272, 0.00546694
0.00890245, 0.00288088
0.00612233, 0.00359751
0.00592302, 0.00212164
0.00228983, 0.00299973
0.00845173, 0.00217207
0.00527082, 0.00367702
0.00753554, 0.00338924
0.00456775, 0.00638208
0.00741988, 0.00416443
0.0110118, 0.0109545
0.00533569, 0.00186702
0.00952435, 0.00532806
0.00495227, 0.0017903
0.00885327, -0.000345158
0.00820958, 0.00104538
0.00980318, 0.000281469
0.0114736, 0.00645154
0.00800907, 0.00408763
0.00743369, 0.00387159
0.00232932, 0.00410597
0.00889944, 0.00195849
0.00614261, 0.000378801
0.00576628, 0.00528773
0.00393002, 0.00222029
0.00653082, 0.00249341
0.00818378, 0.00213925
0.00744208, 0.00169014
0.00557605, 0.00291471
0.00415002, 0.0014416
0.00578359, 0.00766122
0.00793918, 0.00240118
0.00643736, 0.00204608
0.00261546, 0.00047803
0.00499282, 0.00152846
0.00639842, 0.00426916
0.00746873, 0.00164066
0.00209203, 0.00253031
0.00569124, 0.00464997
0.0145091, 0.00644853
0.00519126, 0.0026561
0.0108786, 0.00783223
0.00668244, 0.00241285
0.00687345, 0.00260707
0.00222418, 0.00108955
0.00666306, 0.00157584
0.00961924, 0.00298179
0.00802034, 0.00612143
0.0131588, 0.00821466
0.0090553, 0.00615059
0.00562845, 0.00369017
0.00624313, -0.000395999
0.00479655, -0.000606643
0.0088702, 0.00210155
0.00384315, -0.000521352
0.00443639, 0.00123458
0.00312341, 0.00254541
0.0104026, 0.00460103
0.00376395, -0.000242409
0.0140616, 0.00702939
0.00737283, 0.00389452
0.00555011, 0.00333183
0.00751109, 0.00265806
0.00836883, 0.00689413
0.00480045, 0.00429253
0.00711891, 0.00292406
0.0044062, 0.00296892
0.00694258, 0.00442005
0.0036682, 0.00200853
0.0101009, 0.0103165
0.00517522, 0.00397812
0.0117439, 0.00411658
0.00779508, -0.00131693
0.0133614, 0.00383412
0.00258683, 0.00320345
0.00516105, 0.000981586
0.00892542, 0.00544142
0.00486092, 0.00175855
0.0114264, 0.00844363
0.00396866, -0.000605966
0.00503849, 0.00450558
0.00647781, 0.00204456
0.00696948, 0.00144119
0.00367161, 0.00222064
0.00129459, 0.00251483
0.00811472, 0.003226
0.00464747, 0.00764357
0.0131339, 0.0108113
0.00373183, 0.00195202
0.00677811, 0.00293783
0.00451807, 0.00156319
0.00847654, 0.00191187
0.00708376, 0.00454945
0.00615254, 0.00355403
0.00882278, 0.00264676
0.00724747, 0.00353698
0.00849034, 0.000146652
0.0116708, 0.00505911
0.00542927, 0.00204933
0.00905153, 0.00260969
0.00805037, 0.00242212
0.00448651, -0.00133483
0.0122589, 0.00527417
0.00473751, 0.0021443
0.00455928, 0.00507167
0.004187, 0.00354094
0.0105702, 0.0112501
0.00547522, 0.000398309
0.0118676, 0.00202472
0.00637218, 0.00084969
0.00822868, 0.00536283
0.010295, 0.0116146
0.0103836, 0.00786879
0.0091429, 0.00417943
0.00882106, 0.00259322
0.00393528, 0.0031264
0.00608671, 0.00147538
0.00441371, 0.00452241
0.0095632, 0.00341005
0.00367286, 0.00373817
0.00762701, 0.00156454
0.00802774, 0.00235996
0.00556956, 0.0060292
0.00498524, 0.00218068
0.00499303, 0.00440116
0.00694353, 0.00186694
0.00538623, 0.00049023
0.00121422, 0.00172309
0.00591246, -0.00121483
0.00902195, 0.00512345
0.0128776, 0.00411041
0.00616535, 0.00708704
0.00600291, 0.0042271
0.0104193, -0.000360663
0.00446794, 0.00528001
0.00715215, 0.00368815
0.00548728, 0.00183815
0.0139494, 0.0112151
0.00510699, 0.00471707
0.0106312, 0.00661483
0.0059166, 0.00126523
0.0102553, -2.03327e-05
0.00368335, 0.00340631
0.0108865, 0.00504607
0.00834343, 0.000431671
0.00982281, 0.00222281
0.00792183, 0.00202849
0.00750666, 0.00215206
0.00527035, 0.00208817
0.00525636, 0.00593655
0.00833411, 0.00393309
0.00490796, 0.00523107
0.00751244, 0.0016788
0.00583872, 0.00697005
0.00403896, 0.0017695
0.00937819, 0.00296905
0.00670658, 0.00393093
0.00452678, 0.00186524
0.00296796, 0.000838124
0.00702413, 0.00958461
0.0047818, 0.00104237
0.00738815, 0.00254877
0.00770209, 0.00190162
0.00576149, 0.00397343
0.00486942, 0.00215546
0.00493493, 0.00236966
0.00981571, 0.00363335
0.00731059, 0.000911528
0.00539732, 0.00534259
0.0070347, 0.00226098
0.00811693, 0.00398861
0.00608727, 0.000835892
0.00597705, 0.00394932
0.00429258, -0.00104815
0.0031358, 0.00155468
0.00763187, 0.00479593
0.00735519, 0.00346565
0.0130899, 0.0025266
0.00924839, 0.00147811
0.00318101, 0.000366834
0.00844132, 0.00241418
0.00430578, 0.00313603
0.00545825, 0.00206636
0.00557926, 0.00100004
0.00578284, 0.00328723
0.00275655, 0.00305493
0.00813563, 0.00119107
0.00503297, 9.87051e-07
0.00494361, 0.00623452
0.00696354, 0.000157839
0.00903759, 0.00459344
0.00916716, 0.00451364
0.0058947, 0.000530105
0.00760412, 0.00247816
0.00805037, 0.00391579
0.00918746, 0.00420794
0.00500649, -0.00122648
0.00275987, 0.00118279
0.00894724, 0.000313039
0.00677082, 0.00173174
0.00904452, 0.00331933
0.00606876, 0.000382953
0.00310551, 0.00313486
0.00751588, 0.00480508
0.00385921, 0.00224529
0.00594937, 0.00239198
0.00521212, 0.0015217
0.00571001, 0.00108487
0.00436668, 0.00199179
0.00398921, -0.000363673
0.0108016, 0.00579313
0.00769198, 0.00182337
0.00397686, 0.00173972
0.00376128, 0.000434285
0.00441277, 0.00392648
0.00226514, 0.000806684
0.00739907, 0.00335197
0.00473317, 0.00448401
0.00630006, 0.000651366
0.0117193, 0.00599518
0.00880782, 0.00296824
0.00655577, 0.00315936
0.00801762, 0.000856448
0.00614304, 0.00486213
0.00569124, 0.00464997
0.00108254, 0.000999419
0.00491993, -0.000987346
0.00743369, 0.00387159
0.00627855, 0.00308666
0.00529707, 0.00133648
0.0122025, 0.00677186
0.00603001, 0.000913679
0.00529364, 0.000559933
0.00242534, 0.00400212
0.00633764, 0.0030489
0.00961924, 0.00298179
0.0123309, 0.00620795
0.00579933, -0.00169505
0.00453473, -4.01497e-05
0.00600397, 0.0040678
0.00542652, 0.00547792
0.00854013, 0.00608036
0.00690281, 0.00380969
0.00749527, 0.000195274
0.0100308, 0.00203678
0.00724623, 0.00341086
0.00465959, 0.00132688
0.00905283, 0.0014728
0.00703885, 0.00180419
0.00648415, 0.00136625
0.00627102, -4.96066e-06
0.00831721, 0.00589325
0.00772953, 0.00601959
0.00497592, 0.00155484
0.00798823, 0.00341048
0.00618307, 0.00454373
0.00470032, 0.00193785
0.00298769, 0.00339186
0.00902758, 0.00619242
0.00608482, 0.00406228
0.00356174, 0.00381898
0.0108541, 0.00804672
0.00599927, 0.00561368
0.00709677, 0.00102665
0.00598586, 0.00433343
0.00746064, 0.00254515
0.00909468, 0.00452108
0.00877301, 0.00692851
0.0102102, 0.00471631
0.00418185, 0.00728992
0.014849, 0.00869412
0.00742971, 0.00363127
0.00636128, 0.00238443
0.00711005, 0.00375495
0.00681786, 0.00268973
0.00447729, -0.00116323
0.00767919, 0.00128719
0.0110893, 0.00534852
0.00571754, 0.00647394
0.00552238, 0.00387755
0.00720992, 0.00325254
0.0108592, 0.00504662
0.00310454, 0.00235286
0.00652054, 0.00220477
0.0119917, 0.00376646
0.00653923, 0.00348621
0.00931303, -0.000306644
0.00431554, 0.00522437
0.00526293, 0.00360127
0.00523896, 0.00401007
0.00902489, 0.00484656
0.00601083, 0.00136314
0.00592701, 0.00215541
0.0040227, 0.00496848
0.00906784, 0.000988129
0.0105709, 0.000715977
0.005442, -0.000929963
0.00682874, 0.00148047
0.0114607, 0.0054812
0.00607905, 0.00479203
0.00225953, 0.00197184
0.00690924, 0.00138696
0.00620569, 0.00392413
0.00558289, 0.00373282
0.00314996, 0.00421098
0.00737948, 0.00374336
0.00641673, 0.00445685
0.0048378, 0.00407838
0.00846776, 0.00461707
0.00588681, 0.00238935
0.00821902, -0.000669608
0.00599317, 0.00528943
0.00446063, 0.00154282
0.00463031, -0.000132328
0.0104244, 0.00488102
0.00715315, 0.00268496
0.00819365, 0.00385839
0.00500748, 0.00350191
0.00615671, 0.000834616
0.00313471, -0.0011175
0.00486092, 0.00175855
0.00931115, 0.00513467
0.0077627, 0.00150721
0.00722252, 0.00386834
0.0100349, 0.00551177
0.00785737, 0.00350935
0.0092047, 0.00512873
0.00607743, 0.00025664
0.00820839, 0.00442846
0.0103095, 0.00404284
0.0129168, 0.00140342
0.00452452, 0.00433032
0.0111313, 0.00320109
0.00431967, 0.0020096
0.0042991, 0.00504193
0.00228983, 0.00299973
0.00943035, 0.00863517
0.0137045, 0.00730813
0.00833338, 0.00638072
0.00581593, 0.000471065
0.00687692, -0.00113979
0.00769736, 0.00364677
0.0132322, 0.00845162
0.00824388, 0.00550178
0.00938925, 0.00493984
0.00614559, 0.00196553
0.00725879, 0.000913045
0.00585525, 0.00227889
0.00842976, 0.000621638
0.00161581, 0.00278201
0.00634481, 0.00149626
0.00694353, 0.00186694
0.00431438, 0.00416701
0.0044062, 0.00296892
0.00801444, 0.000409589
0.0047478, 0.0019365
0.00613672, 0.00299021
0.0101214, 0.00528226
0.00680592, 0.00178618
0.00397435, 0.00326053
0.0112094, 0.00442903
0.00957411, 0.0020833
0.0057701, 0.00300249
0.00510571, 0.00232055
0.00481875, 0.00316674
0.00481184, 0.000908064
0.00685596, 0.00155137
0.0044037, 0.00411171
0.00414316, 0.00265939
0.00820046, 0.00909077
0.010124, 0.00215388
0.00332475, 0.00218573
0.00604208, 0.00529386
0.00569723, -0.00182516
0.0118685, 0.0045721
0.00810972, 0.00255946
0.00974013, 0.00287814
0.00418956, 0.00635694
0.00570569, 0.00518986
0.0122429, 0.00751049
0.0128773, 0.00912013
0.00610025, 0.00138147
0.00570333, -0.00107716
0.00557163, 0.00424741
0.00690281, 0.00380969
0.0077486, 0.00314364
0.0110467, 0.0122427
0.00928191, 0.00547995
0.00617615, 0.00403531
0.0103081, 0.00616299
0.0055117, 0.00446645
0.00677082, 0.00173174
0.00517964, 0.00199542
0.00268798, 0.00338326
0.0068967, 0.00425526
0.007443, 0.000386567
0.00380554, 0.00121211
0.0052163, 0.00395785
0.00499336, -0.00135837
0.00453473, -4.01497e-05
0.0138063, 0.00705545
0.00798162, 0.00279157
0.00816286, 0.00190804
0.00191206, 0.000459969
0.00685689, 0.00214749
0.0038252, 0.000685059
0.0101849, 0.0016795
0.00955645, 0.00403427
0.00513139, 0.00436557
0.0135128, 0.00862878
0.00668961, 0.00123163
0.00843823, 0.00418273
0.00439414, 0.00605727
0.010451, 0.00578573
0.00748551, 0.00192718
0.00639425, 0.0021105
0.00762313, 0.00248699
0.00854303, 0.00215064
0.00752687, 0.00418628
0.00626548, 0.0018276
0.00557687, -0.000736832
0.00582985, 0.000350227
0.00321087, 0.000365268
0.00831174, 0.00381489
0.0059201, 0.00155834
0.00497502, 0.000508404
0.00787177, 0.000614686
0.00891961, 0.00446153
0.00750548, 0.00269627
0.0100251, 0.00427143
0.00639187, 0.00452611
0.00936342, 0.00212385
0.00374477, 0.00152396
0.00593393, 0.000481525
0.00352096, 0.00521307
0.0106563, 0.00702275
0.00656392, -0.00198003
0.0078362, 0.00340723
0.00580841, 0.00137641
0.00954259, -0.00066068
0.00682143, 0.00136081
0.00497575, 0.00101639
0.00934287, 0.00584744
0.00630782, 0.00439827
0.0056027, 0.00217855
0.00767617, 0.00492905
0.00850836, 0.00567776
0.00463179, 0.00417703
0.00575599, 0.00393894
0.00595427, 0.00525795
0.00635653, 0.00443065
0.0106452, 0.00551158
0.00940104, 0.00407614
0.0103739, 0.00378326
0.00809617, 0.00398897
0.00560048, 0.00130925
0.00778545, 0.000336426
0.00339637, 0.000441986
0.00555278, 0.00638789
0.00479727, 0.00223677
0.00550827, 0.000883024
0.0099055, 0.00160551
0.00203199, 0.00142589
0.0138758, 0.00538331
0.00730604, 0.000968236
0.00288345, 0.00363378
0.00169948, 0.000769099
0.00799888, 0.00305528
0.00583548, 0.0054962
0.00783271, 0.00173341
0.00448677, 0.00475356
0.00988999, 0.0057043
0.00691088, 0.00175984
0.00622196, 0.00146386
0.00687462, 0.00160824
0.00950211, 0.00313119
0.00422849, 0.00189905
0.00451136, 0.00198803
0.00320172, -0.00120094
0.00867652, 0.0042996
0.00476797, 0.00444089
0.00552015, 0.00418709
0.00670638, 0.00086249
0.00479451, 0.00147727
0.0095668, 0.00672884
0.00575674, 0.000637109
0.00448286, 0.00168167
0.00811846, 0.00578103
0.00483665, 0.00237241
0.00129459, 0.00251483
0.00772342, -0.000353379
0.00916043, 0.00397811
0.00523686, 0.000857452
0.0108248, 0.00120949
0.00718237, 0.000962173
0.00395326, 0.00163887
0.0050662, 0.00369804
0.00451348, 0.00375591
0.00821619, 0.00275748
0.00686045, 0.00137854
0.00619145, 0.00116118
0.00651698, 0.00156936
0.00503356, 0.00565786
0.00818667, 0.00872985
0.00494216, 0.00211206
0.00599721, 0.00468872
0.0104163, 0.00832129
0.00159169, 0.00182034
0.00757788, 0.00224614
0.0075665, 0.00260991
0.00738736, 0.00121957
0.00575882, 0.00199244
0.0050401, 0.00201178
0.00461655, 0.0058724
0.00674344, -0.000282694
0.0075312, 0.00208282
0.00811846, 0.00578103
0.00744961, -0.00233675
0.00784688, 0.00296384
0.00792183, 0.00202849
0.00702537, 0.00160962
0.00998536, 0.00345977
0.00911074, 0.00426219
0.0065357, -0.000935237
0.00418944, 0.00550189
0.00609668, 0.00437699
0.00396371, 0.00622148
0.00743016, 0.00258729
0.00783577, 0.00270903
0.00880885, 0.0016126
0.00606203, 0.0037961
0.00541993, 0.00413061
0.00530957, -0.00091108
0.00422172, 0.00040477
0.0076849, 0.00519801
0.0073674, 0.00274545
0.0116632, 0.00997273
0.00630917, 0.00245207
0.00745223, -0.000875477
0.0087665, 0.00360106
0.00444975, 0.00641011
0.00592876, -0.00119603
0.00459673, 0.00418236
0.00932211, 0.00252538
0.00393304, 0.00289016
0.00566704, 0.00213494
0.00613053, 0.00389399
0.00756024, 0.000841651
0.00372404, 0.00463043
0.00724272, 0.000559218
0.00973884, 0.00985864
0.00448471, -0.00147756
0.00818205, 0.00146869
0.00443457, 8.41587e-05
0.0113408, 0.0122872
0.00773497, 0.00444458
0.00539288, 0.00286463
0.00711314, 0.00126967
0.00349987, 0.00231805
0.00920599, 0.00293818
0.0108114, 0.00604017
0.00867444, 0.00406014
0.00799445, 0.00435755
0.00605245, 0.00437489
0.00517179, -0.00185356
0.00407064, 0.00164038
0.00628506, 0.00399409
0.00513371, -0.00203235
0.0049041, 0.00173399
0.00834761, 0.000967406
0.00380614, 0.00523486
0.00637053, 0.00298695
0.00651451, 0.00393091
0.00602834, 0.000908166
0.00958535, 0.0029101
0.00613623, 0.000875264
0.00677807, 0.00162553
0.0139633, 0.00689299
0.00499988, 0.00389651
0.00790663, 0.00465517
0.0102619, 0.00116781
0.0134584, 0.0121988
0.00814475, 0.00597829
0.00901811, 0.00497363
0.0108266, 0.0116106
0.00707414, 0.0049787
0.00606318, 0.000930832
0.00505628, 0.00282458
0.00595745, 0.00230953
0.00937121, 0.00462484
0.00464662, 0.00145279
0.00748463, -0.00016527
0.00946047, 0.0017671
0.0119044, 0.0094298
0.00921174, 0.00350728
0.0111976, 0.00390722
0.00535731, 0.000787559
0.00853535, 0.000877636
0.00227827, 0.00394536
0.00468685, 0.00181551
0.00876047, 0.0054485
0.00683997, 0.00193738
0.00701463, 0.00327324
0.00542652, 0.00547792
0.00896427, 0.00406568
0.00670568, 0.00500135
0.00787332, 0.00167905
0.00469462, 0.00174004
0.00884902, -0.00117944
0.00553379, 0.00419812
0.00655234, 0.0025594
0.0106563, 0.00702275
0.00395665, -0.000410279
0.00580663, 0.000780455
0.0077553, 0.00522809
0.00560236, 0.000527544
0.00708342, 0.00071564
0.00588809, 0.00598063
0.00672692, 0.00260673
0.00833643, 0.000767009
0.00628433, 0.000827796
0.0121782, 0.00714382
0.00542652, 0.00547792
0.00545904, -0.0010942
0.00533025, 0.00388665
0.00565079, 0.00100593
0.00553379, 0.00419812
0.0101986, 0.00430518
0.00452678, 0.00186524
0.00625868, 0.00111745
0.0106453, 0.00569453
0.00741065, 0.00449124
0.00683103, 0.00385092
0.00518656, 0.000304728
0.00746198, 0.00243091
0.0133811, 0.00940998
0.00949086, 0.00520419
0.00751588, 0.00480508
0.013418, 0.00401671
0.00645478, 0.00620196
0.00262255, 0.00516509
0.00455926, 0.00552346
0.00731244, 0.00074871
0.00318653, 0.00248928
0.00911912, 0.00498449
0.00787664, 0.00209132
0.00423578, 0.00326868
0.00726753, 0.00227482
0.00234105, 0.00264763
0.00601839, 0.000315642
0.00751984, 0.00245396
0.00543493, 0.00427138
0.00971729, 0.00123616
0.00746717, 0.00222934
0.00600112, 0.00412332
0.0062781, 0.00438423
0.00405793, 0.000371011
0.00422182, 0.00703312
0.00999581, 0.00598304
0.0072645, 0.00173529
0.00406883, 0.000972969
0.00871078, 0.00200826
0.00694932, 0.00140761
0.00658297, 0.00467779
0.00585357, -0.000678997
0.00954064, 0.00741944
0.00697232, 0.00257875
0.00990411, -0.000538828
0.012743, 0.00685485
0.00857442, 0.0014564
0.0129944, 0.00898279
0.00740695, 0.00363567
0.00580702, 0.0022353
0.00752118, 0.000216506
0.00550249, 0.00415216
0.00936561, 0.00435389
0.00807108, 0.001792
0.00616453, 0.0030441
0.00713778, -0.000579158
0.005484, -0.000949523
0.00246466, 0.00103525
0.0121238, 0.00717946
0.00780707, 0.00481711
0.00845002, 0.00398859
0.00137583, 0.00176116
0.0103727, 0.0101304
0.00212221, 0.00152718
0.00610639, 0.00221594
0.00944139, 0.010986
0.00449658, 0.000120826
0.00799055, 0.000258362
0.00904456, 0.000696563
0.00826277, 0.00478765
0.00505107, 0.00346205
0.00487777, 0.00446225
0.00327026, 0.00202627
0.00613059, 0.000836887
0.00719441, 0.00170847
0.00775996, 0.00207146
0.00517695, 0.00138135
0.0102842, 0.00484304
0.00685571, 8.58531e-05
0.00729368, 0.00456578
0.00519126, 0.0026561
0.00579739, 0.00530275
0.00778148, 0.00214752
0.0119108, 0.00315542
0.00925234, -0.000492089
0.00661773, 0.00403112
0.00394594, 0.0065192
0.00834074, 0.0041467
0.00826188, 0.00596854
0.000676575, 0.000601682
0.0118316, 0.00983096
0.00579188, 0.0043752
0.00700393, 0.00406227
0.00927797, 0.00651473
0.00909359, 0.00527388
0.0068057, 0.00298325
0.0119373, 0.006864
0.00783504, 0.00236177
0.0120395, 0.0093338
0.00410634, 0.00742841
0.0100508, 0.0075897
0.00178885, 0.00183964
0.00228983, 0.00299973
0.00653297, 0.0059591
0.00635016, 0.00391801
0.00742433, 0.00289021
0.00893785, 0.00429314
0.00762628, 0.00116458
0.00535535, 0.00395056
0.00349678, -0.000716947
0.00385284, 0.00187219
0.00457281, 0.00362752
0.00520475, 0.00398144
0.0027347, 0.00197626
0.0123787, 0.00664701
0.00843177, 0.000389098
0.00982841, 0.00563613
0.00666409, 0.00498345
0.00839409, 0.00281268
0.00574575, -0.00101481
0.00553567, 0.00449437
0.0100643, 0.00299601
0.00918742, 0.002659
0.00463967, 0.00404472
0.00680908, 0.000178194
0.00757432, 0.00231372
0.00702894, 0.00513857
0.0111291, 0.0103688
0.0045962, 0.00136459
0.00990586, 0.00331872
0.00642086, 0.00186705
0.00451562, -0.000820969
0.00731015, -0.000739517
0.00538139, 0.00278422
0.00565184, 0.00260296
0.0090259, 0.000193583
0.00705926, 0.0053068
0.00963055, 0.00750849
0.00974153, 0.00550785
0.00575355, 0.00413765
0.00577358, 0.00061107
0.00638584, 0.00102553
0.0117849, 0.0123167
0.00514899, 0.00255777
0.00921049, 0.00264634
0.00770551, 0.00257616
0.00612834, -0.00129401
0.00350806, 0.00289881
0.00776217, 0.00189075
0.00667463, 0.00135607
0.00833904, 0.00586741
0.00401953, 0.000297805
0.00737482, 0.0017913
0.00398921, -0.000363673
0.00591763, -0.00171333
0.013141, 0.00949588
0.00552429, 0.000174813
0.00793986, 0.00334458
0.00802596, 0.00216593
0.00975351, -0.000258053
0.00278125, 0.00187871
0.00930901, 0.00291577
0.0106011, 0.00449244
0.00951443, 0.00171297
0.0067633, 0.00385344
0.00538978, 0.00692211
0.00605466, 0.00352798
0.00519126, 0.0026561
0.00516291, 0.00214447
0.00708859, 0.00303496
0.00298981, 0.00393541
0.00594783, 0.00367272
0.013052, 0.00483059
0.00576893, 0.000698473
0.00613931, 0.000458167
0.00530404, 0.00219954
0.0060216, 0.00123367
0.00799887, 0.00293039
0.00933182, 0.00525251
0.0115715, 0.00796843
0.00531408, 0.000382495
0.00534052, 0.00069848
0.00765508, 0.0033555
0.00376395, -0.000242409
0.00528794, 0.00158779
0.00506026, 0.000853734
0.00443813, 0.000144411
0.0103278, 0.00302595
0.00496039, 0.00393444
0.005909, -0.00106719
0.00363172, 0.00267391
0.0106948, 0.0046071
0.00608926, -0.00014148
0.00627532, 0.00427965
0.00875544, 0.00332372
0.0095976, 0.00632783
0.0136591, 0.00269064
0.00391145, -0.000764746
0.00593516, 0.00479227
0.00419742, 0.00493147
0.00352629, -0.00109856
0.0050433, 0.00337074
0.00678276, 0.00168425
0.0108474, 0.00580831
0.00250114, 0.00505449
0.00642457, 0.00527034
0.00380128, 0.0015605
0.0103448, 0.00172021
0.00397398, 0.00234175
0.00779869, 0.00299599
0.00684564, 0.000336859
0.00471075, 0.00575762
0.0105743, 0.00157494
0.00979684, 0.00411479
0.00491642, 0.00332254
0.00762582, -6.27047e-05
0.0120904, 0.00646029
0.0108029, 0.00681497
0.0081265, 0.0017163
0.00674524, 0.00317644
0.0033049, -0.00102405
0.00602993, 0.00465107
0.00553379, 0.00419812
0.00634968, -0.00071242
0.00412124, 0.00502344
0.00887303, 0.00292263
0.00579653, 0.000818388
0.00677383, 0.00642861
0.00700009, 0.00128931
0.00733983, 0.00138681
0.0113424, 0.00553997
0.00545835, 0.00112574
0.00649416, 0.00447982
0.00532602, 0.000353462
0.00908529, 0.00410362
0.00849937, 0.000888056
0.00685685, 0.00469415
0.00890218, 0.00326297
0.0123678, 0.00530148
0.00712229, 0.00614774
0.0120244, 0.00520392
0.0117454, 0.00426146
0.00549016, 0.00358569
0.0103392, 0.0021488
0.0102518, 0.00749139
0.00637757, 0.00276837
0.00745461, 0.00175091
0.00646902, 0.00246132
0.00439361, 0.00634235
0.00470941, 0.002317
0.00959888, 0.00129915
0.00885816, 0.0033812
0.00443837, 0.00170098
0.00974175, 0.00690357
0.00970336, 0.00530562
0.00859239, 0.00671736
0.00804219, 0.00212127
0.00913294, 0.00703259
0.00256537, 0.00202212
0.00473564, 0.00670119
0.0122959, 0.00626262
0.00805183, 0.0025303
0.00715912, 0.00302579
0.00847332, 0.00269276
0.00659059, 0.00402414
0.0141029, 0.00918859
0.0136512, 0.00743477
0.00403821, 0.00126284
0.00656017, 0.00381216
0.00635072, -0.000457745
0.00303117, 0.00217106
0.00477748, 0.00343889
0.00318906, 0.00486334
0.0018538, 0.00100767
0.00541092, 4.17744e-05
0.0044294, 0.00551422
0.0124087, 0.00844662
0.0104517, 0.00750934
0.00984656, 0.00647024
0.00444849, 0.00459063
0.00950405, 0.00438267
0.0054568, 0.00156529
0.00622156, -0.000769039
0.00555976, 0.00161543
0.00847439, -0.00131022
0.00452874, 0.00354505
0.00440565, 0.00193471
0.0064247, 0.00369923
0.00464185, 0.000999951
0.00700569, 0.00169108
0.00589209, 0.00421786
0.00678926, 0.00382411
0.00717251, 0.00124405
0.00954993, 0.00682588
0.00793424, 0.00215984
0.00373619, 0.00139337
0.00731412, 0.00348956
0.00950211, 0.00313119
0.00872514, 0.00411292
0.00637539, 0.00119571
0.0081541, -0.000244834
0.00573022, 0.00118648
0.0130446, 0.00612275
0.0030636, 0.00223328
0.00806492, 0.0014316
0.00840456, -0.000109719
0.00883051, 0.00455432
0.00913499, 0.00196889
0.00605343, 0.00119499
0.00633764, 0.0030489
0.00608076, 0.00140739
0.00670568, 0.00500135
0.00573163, 0.00548557
0.00751491, 0.00355294
0.00765405, 0.00134932
0.00686666, 0.00203022
0.00624081, 0.00495521
0.00707087, 0.00212331
0.00735732, 0.00180277
0.00779968, 0.00307554
0.00516861, 0.00294448
0.0100906, 0.00418173
0.00607935, 0.002293
0.00750775, 0.00161549
0.0120772, 0.00801881
0.00704984, 0.00599119
0.00376395, -0.000242409
0.00605847, 0.00150905
0.00411055, 0.00420189
0.00615671, 0.000834616
0.0055539, -0.000648854
0.00773497, 0.00444458
0.0045274, 0.00595016
0.00448286, 0.00168167
0.00373174, 0.000485516
0.00444707, -0.00189352
0.00827222, 0.00022284
0.00688907, 0.00378021
0.00107386, 0.00132902
0.00476977, 0.00550417
0.00753974, 0.00234969
0.00859118, 0.000195081
0.0106563, 0.00702275
0.00291952, 0.0038862
0.00793511, 0.00354734
0.00429336, -0.000679504
0.00727546, 0.00178156
0.00313026, -0.00100461
0.00811846, 0.00578103
0.00918746, 0.00420794
0.00773542, 0.00251939
0.00552758, 0.00542959
0.00798061, 0.00219848
0.00836713, 0.00199143
0.00551441, 0.00202366
0.00630031, 0.00161624
0.0127241, 0.00550223
0.00958809, 0.00282697
0.00540382, 0.00426863
0.00730928, 0.00325868
0.00712461, 0.00169081
0.00662451, 0.00310236
0.00739043, 0.00214278
0.00520997, 0.0041111
0.00495458, 0.00301686
0.013708, 0.00422164
0.0067857, -0.000778564
0.00966346, 0.00276761
0.00568214, 0.000524668
0.00674836, 0.00205448
0.0124934, 0.00635987
0.00575816, 0.00153546
0.00457848, 0.00122679
0.0048926, 0.00311498
0.00507196, 0.00502435
0.00698504, 0.00330563
0.0105673, 0.00640133
0.00558153, 0.000959561
0.009462, 0.00539705
0.00773803, 0.00259103
0.00295555, 0.00182539
0.00700015, -0.00020481
0.00408541, 0.00340195
0.00964174, 0.00267185
0.00302399, 0.00359763
0.0108353, 0.00647408
0.0128433, 0.00639612
0.00515364, 0.00288442
0.00994781, 0.00471539
0.00743369, 0.00387159
0.00819689, 0.00170522
0.0060641, 0.00133337
0.0105369, 0.00480714
0.00794302, 0.000550634
0.00451467, 0.000992539
0.0070356, 0.000568018
0.00744729, 0.00370262
0.00424147, -0.00168961
0.0106563, 0.00702275
0.00593895, 0.00346357
0.00961924, 0.00298179
0.00453473, -4.01497e-05
0.0106568, 0.00291261
0.00832462, 0.00105957
0.0120528, 0.00707314
0.00773497, 0.00444458
0.00624175, 0.00193155
0.00414825, -0.000381967
0.00646902, 0.00111557
0.0056103, -0.000134919
0.00749403, 0.0031007
0.00519224, 0.00141159
0.00718162, 0.00172286
0.00794246, 0.00221531
0.0013861, 0.000179878
0.0137648, 0.00412049
0.00500324, 0.00187327
0.00567173, 0.00386279
0.00904662, 0.00339083
0.0085402, 0.0031414
0.00647996, 0.00194761
0.00745905, 0.00353436
0.00544517, 0.00195838
0.00655234, 0.0025594
0.00395373, 0.00241633
0.00665924, 0.00121618
0.00589667, -0.000430228
0.00835401, 0.00140864
0.00830207, 0.00702886
0.00618978, 0.000390783
0.0074954, 0.000952188
0.00936126, 0.00426505
0.0102987, 0.00479493
0.0057897, 0.0012647
0.0108266, 0.0116106
0.0105598, 0.00381486
0.00951059, 0.00190395
0.00947541, 0.00552835
0.00624469, 0.00128122
0.0106563, 0.00702275
0.00543213, 6.3477e-05
0.00618068, 0.0005777
0.005187, 0.00474238
0.00567945, -0.000687947
0.0121319, 0.00828075
0.00654241, 0.00434929
0.00378517, 0.00223605
0.00801793, 0.00223313
0.0059191, 0.00464834
0.00703215, 0.00364166
0.00840158, 0.00306476
0.00521226, -0.00132691
0.00761251, 0.00326311
0.00755399, 0.0019213
0.00540781, 0.00140807
0.00906262, 0.00719549
0.00437909, 0.00478903
0.00507651, 0.00624248
0.00603279, 0.00610594
0.00780643, 0.00421562
0.00804925, 0.000314283
0.00928095, 0.00475469
0.00728477, 0.00244841
0.00791311, 0.00246831
0.00694353, 0.00186694
0.0071793, 0.00354579
0.00537055, 0.00036695
0.00405856, 0.00332063
0.00551908, 0.00127431
0.0110029, 0.0083282
0.00743369, 0.00387159
0.00642225, 0.000321899
0.0118194, 0.00246919
0.00492996, 0.0052681
0.00434194, 0.00180529
0.00787536, 0.00386892
0.00504386, 0.00253926
0.0130712, 0.00587982
0.00637453, 0.000594367
0.0118699, 0.00402574
0.013593, 0.00523814
0.00515434, 0.00407393
0.00695104, 2.30042e-05
0.00799182, 0.00225907
0.0128787, 0.00167243
0.00578915, 0.00372077
0.00143759, 0.00295555
0.0113338, 0.00540615
0.00514899, 0.00255777
0.0116979, 0.0020191
0.0101559, 0.00533934
0.0134141, 0.0054948
0.00592147, 0.00116208
0.0034499, 0.00386275
0.0121543, 0.00897113
0.00299605, 0.00388069
0.00715848, 0.00159842
0.00743538, 0.00293709
0.011652, 0.00680546
0.0127106, 0.00771547
0.0079052, -0.000161573
0.00597741, 0.00358886
0.0119931, 0.00927968
0.00547885, 0.00104788
0.00455686, 0.0029577
0.00372404, 0.00463043
0.00337047, 0.0021152
0.0104266, 0.00287657
0.00669526, 0.00162992
0.0110503, 0.00286944
0.00778599, 0.00159703
0.00375457, -0.000817917
0.00684363, 0.00238583
0.00982106, 0.00705349
0.00757788, 0.00224614
0.00441911, 0.00140885
0.00997678, 0.00497786
0.00486312, 0.00299309
0.00381231, -0.00112401
0.00668879, 0.00290761
0.00824023, 0.0004074
0.0120904, 0.00646029
0.00552643, 0.000426129
0.0070455, 0.00447868
0.00726171, 0.00490262
0.00798413, 0.00390818
0.0022273, 0.00107836
0.00570569, 0.00518986
0.00527984, 0.0048594
0.00391427, 0.0058421
0.00563906, 0.00285375
0.0108266, 0.0116106
0.00679532, 0.000482363
0.00799698, 0.00399773
0.00878685, 0.00307585
0.00837366, 0.000371828
0.00683921, 0.00334615
0.00950316, 0.00315667
0.00655234, 0.0025594
0.0108077, 0.00563462
0.00726446, 0.00458099
0.00777428, 0.00507057
0.00481864, 0.00393655
0.00470788, 0.00124035
0.00868793, 0.00216262
0.00522736, 0.00451229
0.00791406, 0.00548851
0.00323123, 0.0009619
0.0120248, 0.00272526
0.00629024, 0.00180494
0.0125276, 0.0121501
0.00745563, 0.0025058
0.00441277, 0.00392648
0.00568867, 0.000751864
0.00636069, 0.00380203
0.00461973, 0.00207137
0.00940711, 0.00188707
0.00550568, -0.0010836
0.00296787, 0.0017509
0.00614305, 0.00272048
0.00790825, 4.40807e-05
0.0121204, 0.00438289
0.01372, 0.00636833
0.00690941, -0.000133501
0.00718821, 0.00187334
0.0083875, 0.00409151
0.00660299, -0.000966424
0.00572349, 0.00663327
0.00553745, 0.00392092
0.0090117, 0.00058679
0.00236393, 0.00292793
0.0114767, 0.00550993
0.00999506, 0.00345811
0.00697084, 0.0048688
0.00481864, 0.00393655
0.0112425, 0.00146047
0.0055585, 0.00461999
0.0086276, 0.00643195
0.00603215, 0.00574641
0.010612, 0.00873378
0.00815336, 0.00526335
0.00846022, 0.00536003
0.00592576, 0.00285275
0.0108467, 0.0037364
0.00921338, 0.00828341
0.00684858, 0.00204183
0.00803097, 0.00413757
0.00515364, 0.00288442
0.0126864, 0.00715421
0.00403821, 0.00126284
0.00606318, 0.000930832
0.00374506, -0.00130828
0.00530023, 0.00127496
0.00737509, 0.00468692
0.007348, 0.00309458
0.00649901, 0.00267366
0.00919166, 0.00301177
0.00841132, 0.00297824
0.00917295, -0.000363426
0.00777544, -0.000588638
0.00728565, 0.00399358
0.00619848, 0.00176356
0.00751208, 0.00292974
0.00850173, 0.000144294
0.00627102, -4.96066e-06
0.00583731, 0.00145659
0.00684901, 0.00172473
0.010227, 0.00650722
0.00449322, 0.00134191
0.00525331, 0.00451874
0.00994513, 0.00990567
0.00741108, -0.000557014
0.00740718, 0.00263721
0.00732167, 0.00464214
0.00561601, 0.00657064
0.00368335, 0.00340631
0.00659026, 0.00418786
0.00411387, 0.0035508
0.00869785, 0.00163376
0.00635555, 0.00262666
0.00945016, 0.00544453
0.00792183, 0.00202849
0.00565755, 0.000504821
0.00643736, 0.00204608
0.00459047, 0.00121897
0.00273293, 0.00419706
0.0118462, 0.00896175
0.00223715, 0.00334616
0.00877828, 0.00859387
0.00652584, 0.00249495
0.00815581, 0.00267977
0.0118899, 0.00415129
0.00569124, 0.00464997
0.00833643, 0.000767009
0.00918742, 0.002659
0.00963747, 0.0066929
0.00626106, 0.00145087
0.00541961, 0.00450404
0.00847316, 0.00458953
0.00715277, 0.00210863
0.00876462, 0.00509853
0.00362079, 0.00253855
0.00298981, 0.00393541
0.00849866, 0.000784797
0.00684043, -0.000953451
0.00342306, 0.000928488
0.00840799, 0.0018402
0.00940183, 0.000446098
0.00503381, 0.00314811
0.00766959, 0.00181355
0.00707343, 0.00523885
0.00533113, 0.00366078
0.0097561, 0.00355839
0.00758113, 0.00193339
0.0091386, 0.00410808
0.00983413, 0.00511735
0.00950211, 0.00313119
0.00373128, -0.000880075
0.00832036, 0.00234429
0.00643845, 0.00330436
0.0113577, 0.0055517
0.00725726, 0.00240749
0.00548557, -0.00101736
0.00471209, 0.00103571
0.00431249, -0.00111765
0.00949064, -0.000647443
0.00498524, 0.00218068
0.00583857, 0.00229055
0.00929879, 0.00303127
0.00850836, 0.00567776
0.00327732, 0.00207966
0.00601678, 0.00423602
0.00741355, 0.00177599
0.00643261, 0.00602931
0.00168893, 0.0022611
0.00531152, 0.00501802
0.00974894, -0.000199844
0.00885877, 0.00632699
0.00489911, 0.0023872
0.00622957, 0.000587047
0.00666621, 0.00367465
0.0147665, 0.0079644
0.0066603, 0.0032226
0.00938356, 0.00155292
0.0107945, 0.00247059
0.00495427, -0.00153705
0.00624502, 0.00243769
0.00780643, 0.00421562
0.00437259, 0.000180857
0.0043294, -0.0010538
0.00551991, 0.00432956
0.00833643, 0.000767009
0.00852542, 0.00557277
0.0111548, 0.00129287
0.00385489, 0.00483238
0.0049082, 0.00220503
0.0123561, 0.00507336
0.00764151, 0.000857675
0.00664217, 0.00136499
0.00641554, 0.008872
0.00372404, 0.00463043
0.00647005, 0.00312227
0.00574734, 0.00143812
0.00726729, 0.00358222
0.00598607, 0.00409393
0.0103484, 0.00231607
0.00718781, 0.00377797
0.00942406, 0.00564112
0.00781587, 0.00376698
0.00873767, 0.0053815
0.00649043, 0.00179598
0.00528303, 0.00394426
0.00593261, 0.000587174
0.00600552, -0.000710939
0.00597402, 0.00393472
0.00739849, 0.00363919
0.00434791, -1.89872e-05
0.00445831, 0.00455907
0.00899042, 0.000726922
0.00947625, 0.00451182
0.00888513, 0.000316961
0.00783772, 0.00330352
0.00796642, 0.00205011
0.00627165, 0.000593601
0.00216928, 0.00255407
0.00862368, 0.00300168
0.00682213, 0.00288031
0.00364407, -0.000202521
0.00797871, 0.000754739
0.00666516, 0.0002222
0.00993346, 0.00138108
0.00753901, 0.00241053
0.00560376, 0.000868988
0.0122567, 0.0047457
0.0116402, 0.0057378
0.00533033, 0.00420452
0.00918746, 0.00420794
0.00719927, 0.00420042
0.008358, 0.00157137
0.00542742, 0.00157279
0.00848506, 0.000731245
0.00453376, -0.00214623
0.00873278, 0.0016708
0.00687077, 0.00293465
0.00503055, 0.0032474
0.0102399, 0.00176844
0.00802059, 0.00259044
0.00669005, -0.000565018
0.00465356, 0.00071251
0.00531368, 0.00145181
0.01565, 0.00818015
0.0054737, 0.00152585
0.00766261, 0.00270255
0.00440084, 0.00360937
0.00807753, 0.00180435
0.00952879, 0.00559772
0.00766963, -0.00110583
0.00700616, 0.000392029
0.00685562, 0.000498417
0.00685685, 0.00469415
0.00766022, 0.000821231
0.00503058, 0.00538375
0.00566229, 0.00619629
0.00532253, 0.00403894
0.00743724, 0.00282053
0.00413033, 0.00233954
0.0050965, 0.00260808
0.00631572, -4.15383e-05
0.00718773, 0.00320486
0.00477096, 0.00216796
0.00562324, 0.0019149
0.00646364, 0.00494423
0.00691875, 0.0017309
0.00608379, 0.000550727
0.0131367, 0.0124968
0.0105398, 0.00527558
0.0104504, 0.00453359
0.00811846, 0.00578103
0.00711704, -4.62769e-05
0.00737794, 0.0033792
0.00332475, 0.00218573
0.0103782, 0.00331126
0.00996792, 0.00490416
0.00463967, 0.00404472
0.0128434, 0.0072416
0.00875974, 0.00459273
0.00641269, 0.00507461
0.0127675, 0.00612492
0.00482421, 0.0051315
0.00636273, 0.00247433
0.00793986, 0.00334458
0.00862645, 0.00651454
0.00405001, 0.00617961
0.00961168, 0.00704385
0.00711194, -7.98684e-05
0.00671737, 0.00300584
0.0039253, 0.00217392
0.00964829, 0.00277359
0.00555959, 0.00426739
0.00934421, 0.00501139
0.00461114, 0.00176613
0.00850836, 0.00567776
0.00751882, 0.00599412
0.00693987, -0.00146776
0.00396609, 0.00028041
0.00746095, 0.0038224
0.00575809, 0.00395649
0.006505, 0.00243428
0.00890988, 0.00025649
0.00683306, 0.00260697
0.00536236, 0.00484507
0.00849377, 0.00402954
0.00399195, 0.00242441
0.00776822, 0.00111085
0.0132391, 0.00415324
0.00689384, 2.66896e-05
0.00233159, 0.0026438
0.00500083, 0.000176317
0.0079486, 0.00382903
0.00707454, 0.00272245
0.00694446, 0.000270517
0.00291011, 0.0010739
0.00563916, 0.00612214
0.009086, 0.00199801
0.0084476, 0.0041094
0.00838009, 0.00241357
0.00799698, 0.00399773
0.0095748, 0.00742822
0.00735616, 0.00220505
0.00804578, 0.00294384
0.00605037, 0.00580959
0.00698504, 0.00330563
0.00946613, 0.00669276
0.0122797, 0.00479888
0.00263408, 0.00448616
0.00590169, 0.00377466
0.00776906, 0.00198343
0.00650319, 0.00518648
0.00731328, 0.00275081
0.00452147, 0.0015463
0.00946086, 0.00194183
0.0132924, 0.0050598
0.0128988, 0.00631751
0.0048306, 0.00711665
0.0119002, 0.00411735
0.00431249, -0.00111765
0.00306855, 0.00165887
0.0126888, 0.00501016
0.00450095, 0.00425135
0.00808568, 0.00159436
0.00370937, 0.00101826
0.00802034, 0.00612143
0.00742131, 7.67451e-05
0.00810226, -0.000487305
0.00937093, 0.00553777
0.00472802, -0.000236233
0.0081483, -0.00073984
0.00959364, 0.00295208
0.00765132, 0.00121448
0.00533835, 0.000390762
0.00675787, 0.000672558
0.011133, 0.00568772
0.00506826, 0.00476827
0.00713394, 0.00056627
0.0036791, 0.00479517
0.0046951, 0.00364475
0.00678567, 0.0034454
0.00898473, 0.00563155
0.00769198, 0.00182337
0.00531875, -0.00125652
0.0109793, 0.00872063
0.00465948, 0.00432738
0.0053348, 0.000504286
0.00484609, 0.00703954
0.00454851, 0.00481192
0.0119791, 0.00974657
0.00563195, 0.00418257
0.00932355, 0.0036877
0.00665995, 0.00451974
0.00468363, -0.00189332
0.0052222, 0.00466613
0.00442401, 0.00390253
0.00583813, 0.00578112
0.00853312, 0.0056013
0.0083823, 0.00664212
0.00942883, 0.00264407
0.00531067, 0.0020659
0.00505628, 0.00282458
0.00694804, 0.00470794
0.00645315, 0.00223146
0.00433992, 0.00644958
0.0129299, 0.0104028
0.010971, 0.00642926
0.00721216, 0.00276417
0.00665503, 0.000907894
0.00743519, 0.00231524
0.00470585, 0.00179703
0.00709017, 0.00271101
0.0067685, 0.0022043
0.0090514, 0.00197274
0.00697232, 0.00257875
0.00790601, 0.00401115
0.00626177, 0.000429294
0.00650901, 0.00123911
0.00742296, 0.0032208
0.00691947, 0.00306749
0.00635653, 0.00443065
0.00618822, -0.000955443
0.00748131, 0.00134045
0.00363172, 0.00267391
0.00625167, -0.000570464
0.00540153, 0.00444271
0.00929342, 0.00473468
0.0047816, 0.00277559
0.00634536, 0.0017971
0.00472621, -0.00181598
0.0050937, 0.000167414
0.0055176, 0.00244086
0.00993267, 0.00420099
0.00692749, 0.00552852
0.00910114, 0.00491029
0.00385993, 0.00379781
0.00550398, 0.00350031
0.00962482, 0.0075598
0.0112329, 0.00774003
0.0133933, 0.00722465
0.00688348, 0.00163771
0.00950316, 0.00315667
0.00774494, 0.00238095
0.00698504, 0.00330563
0.00629056, 0.00528005
0.00503936, 0.00116352
0.00968093, -1.37214e-05
0.00601819, 0.00154648
0.0104759, 0.00467667
0.00689075, 0.00587866
0.00570569, 0.00518986
0.00666621, 0.00367465
0.00350425, -0.000323067
0.00918746, 0.00420794
0.00919704, 0.00305121
0.00582846, -0.000860262
0.00442574, 0.00179269
0.00400989, 0.0049353
0.0110867, 0.00530724
0.00558157, 0.00370756
0.00174076, 0.00231387
0.00374313, -0.00214943
0.00320807, -0.00104515
0.0117845, 0.00748223
0.00582508, 0.00200442
0.00614779, 0.00135818
0.00951917, 0.000542091
0.0111882, 0.000686419
0.00898615, 0.00720409
0.00731485, 9.25182e-05
0.00881588, 0.00632916
0.00680083, 0.00133792
0.0063363, -0.00199909
0.00557261, 0.00182139
0.00467933, 0.000905452
0.00374271, 0.00174254
0.00968686, 0.00450212
0.004888, 0.0042048
0.005442, -0.000929963
0.00656065, 0.0013557
0.00346807, 0.00259152
0.00653051, 0.00103618
0.0112666, 0.000543236
0.00712347, 0.00449787
0.00422484, -0.0015497
0.00550064, 0.00403163
0.00922123, 0.000211778
0.00930544, 0.00195127
0.00710306, 0.00500464
0.00382055, 0.00137471
0.00581026, 0.00511712
0.0113958, 0.00421857
0.00526312, 0.00143777
0.0132385, 0.00952946
0.00898774, 0.00155408
0.0043006, 0.00226112
0.00517836, 0.00390906
0.00811113, 0.00330349
0.0065514, 0.00138981
0.0077354, 0.00554388
0.00951074, 0.00581701
0.00231437, 0.00160023
0.00463935, 0.000755517
0.00343335, 0.00111363
0.0117894, 0.00211778
0.00639189, 0.00108894
0.00956855, 0.00084116
0.00540628, 0.00152045
0.00800677, 0.00236617
0.00905347, 0.000197786
0.00503936, 0.00116352
0.00536702, 0.00446075
0.00313154, 0.00374183
0.00605315, 0.00577523
0.00898913, 0.000433524
0.00108254, 0.000999419
0.00936126, 0.00426505
0.00480212, 0.00422443
0.00562997, -0.00113191
0.00930107, 0.00213826
0.00406177, 0.00715066
0.00905456, 0.00156059
0.00998408, 0.00575535
0.00999653, 0.00391163
0.00574841, 0.00539687
0.00605157, 0.00488697
0.00652235, -0.000855337
0.00911172, 0.00530048
0.00135094, 0.00110535
0.010692, 0.00607665
0.00737702, 0.000187081
0.00473757, 0.00327758
0.00807149, 0.00130941
0.00612233, 0.00359751
0.00652405, -0.000243087
0.00876377, 0.0049453
0.0129322, 0.00876541
0.00797871, 0.000754739
0.00609353, 0.0036328
0.00520237, 0.00186716
0.0132933, 0.00853538
0.00537604, -0.000203248
0.00716377, 0.00406928
0.00650288, 0.00419183
0.00227324, 0.00288768
0.00681989, 0.00473717
0.00617227, 0.00244229
0.00626333, 0.00119152
0.00319782, 0.00238081
0.00651191, 0.000773529
0.00664459, 0.00417075
0.0074505, 0.00130458
0.00510261, -0.000752973
0.00713626, 0.00474251
0.00999445, 0.00532114
0.00741256, 0.00255432
0.00565178, 0.00396139
0.00739907, 0.00335197
0.004735, 0.00124295
0.00625246, 0.00183855
0.00493962, 0.00342805
0.00561167, 0.00426402
0.012672, 0.0122138
0.00216928, 0.00255407
0.0046098, 0.00645298
0.00973777, 0.00389458
0.00743369, 0.00387159
0.00520495, -0.00163366
0.00514681, 0.00180287
0.00604192, 0.00109631
0.00169948, 0.000769099
0.0103916, 0.00419118
0.006226, 0.0056768
0.0039381, -0.00109404
0.0050759, 0.00259127
0.00741128, 0.00177805
0.00505629, 0.00260509
0.0026372, -0.00292244
0.00977545, 0.00198471
0.0118316, 0.0066684
0.00987468, 0.00556072
0.00863861, 0.00255773
0.00322468, 0.00402824
0.00628791, 0.00111631
0.00381101, -0.000244189
0.00974175, 0.00690357
0.0114247, 0.00323467
0.00733986, 0.00126871
0.00800702, 0.00345447
0.0124001, 0.00969544
0.00548683, -0.00159856
0.00440245, 0.00275009
0.00902009, 0.00383916
0.00672455, 0.00193705
0.00653205, 0.00241212
0.00621679, 0.00103632
0.0124538, 0.00826299
0.00909512, 0.00684051
0.00510766, 0.00191374
0.00376699, 0.00163503
0.00858317, 0.00542813
0.00728102, 0.00149786
0.00226408, 0.00208676
0.00823068, 0.000774684
0.01057, 0.00359914
0.00634481, 0.00149626
0.0071238, 0.00462202
0.00693934, 0.00488239
0.00426433, 0.00326789
0.00701247, 0.00161252
0.010612, 0.00873378
0.00727162, 0.00276032
0.00419698, -0.0021963
0.00860524, 0.00679306
0.0109793, 0.00872063
0.0109924, 0.00768923
0.0060789, 0.00265754
0.00558781, 0.00256794
0.00553379, 0.00419812
0.00820185, 0.000410582
0.00787177, 0.000614686
0.00323734, 0.0030347
0.00794684, -0.000462164
0.00687304, 0.00166507
0.0128892, 0.00160091
0.0071062, 0.00110428
0.00114349, 0.00146578
0.00211464, 0.00377785
0.00474467, -0.00093436
0.00563646, 0.00653977
0.00816969, 0.000628216
0.00750269, 0.0044578
0.00875057, 0.00647578
0.00159312, 0.00226046
0.00591411, 0.00124967
0.00832565, 0.00523149
0.00798162, 0.00279157
0.00644282, 0.00416601
0.00505798, 0.00409364
0.00627745, 0.00135078
0.0100216, -0.000193471
0.0063944, 0.0044521
0.00793887, 0.00623112
0.00706097, 0.00257732
0.00955838, 0.00124638
0.00633764, 0.0030489
0.00533565, 0.0013168
0.00617185, 0.00490428
0.00840638, 0.00256559
0.00769628, 0.00489374
0.00831715, 0.00420765
0.00814993, 0.00103182
0.00703775, 0.00482408
0.00382826, -0.000501934
0.00794949, 0.000430178
0.00601267, 0.00432782
0.00835496, 0.00360772
0.0065164, 0.00310366
0.00936086, 0.00393502
0.0139434, 0.00706487
0.00639607, 0.00270886
0.0118665, 0.00605329
0.00548149, 0.00172127
0.00725316, 0.001449
0.00934496, 0.00480435
0.00507916, 0.00412238
0.00939683, 0.00168352
0.00987989, 0.00235227
0.00175874, 0.000928377
0.0101529, 0.0103736
0.0108519, 0.00425786
0.00450866, 0.00170435
0.0063731, 0.00123544
0.00505628, 0.00282458
0.00876705, 0.000507649
0.00708859, 0.00303496
0.0125043, 0.00583621
0.00476282, 0.00360034
0.00420805, 0.00378658
0.00811846, 0.00578103
0.00634304, 0.00341331
0.00605722, 0.00179301
0.00772312, 0.00200658
0.00979062, 0.00513537
0.00734627, 0.00150615
0.00698433, 0.00440396
0.00626031, 0.00298295
0.00610618, 0.00230105
0.00662834, 0.0045788
0.00938198, 0.00399078
0.00708738, 0.00265494
0.0036591, 0.00309117
0.00717905, 0.00373582
0.00824247, 0.00223719
0.00974175, 0.00690357
0.0112071, 0.00695388
0.00668088, 0.00549505
0.0074716, 0.00291165
0.00519861, 0.000741964
0.00743369, 0.00387159
0.0077538, 0.00301688
0.00628901, 0.00359962
0.00738222, 0.00436768
0.00665002, 0.000171762
0.00595629, 0.00439816
0.0133902, 0.0042806
0.00836293, 0.00557619
0.00720537, 0.0025896
0.00492151, 0.00211473
0.00630671, 0.00165677
0.0102511, 0.00375144
0.00566402, 0.00403052
0.00651191, 0.000773529
0.00483509, 0.00392107
0.0106312, 0.00661483
0.01105, 0.00485046
0.00686832, 0.00377499
0.00519776, 0.00137637
0.00609158, -0.00107757
0.00853683, 0.00461565
0.0121454, 0.00619093
0.00559854, 0.00462267
0.00567442, 0.0025244
0.00783519, 0.00542364
0.0055674, -9.76132e-05
0.00646414, 0.00189493
0.00919928, 0.00468624
0.00731074, 0.00600963
0.00386816, -7.02966e-07
0.00546509, 0.00127253
0.0100579, 0.00376596
0.00527416, 0.0013492
0.0037102, -0.00262992
0.00227537, 0.00290914
0.00466722, 0.00392989
0.00602939, 0.000795897
0.0068034, 0.00142896
0.00470032, 0.00193785
0.00514899, 0.00255777
0.0070851, 0.00450247
0.00672958, 0.00162802
0.00737515, 0.00163679
0.00755947, 0.00478532
0.0111584, 0.00754167
0.00841428, 0.00326372
0.00823343, 0.00408358
0.00653019, 0.00355832
0.00966124, 0.00184461
0.0104026, 0.00460103
0.00835984, 0.00324817
0.00391375, -0.000467461
0.00615278, 0.00433637
0.00531839, 0.0041516
0.00538309, 0.00143803
0.0111976, 0.00390722
0.0044612, 0.00332471
0.00648856, 0.00434498
0.0117826, 0.00594308
0.00999048, 0.00492552
0.00918742, 0.002659
0.00380614, 0.00523486
0.0055253, 0.00455242
0.00692804, 0.00348953
0.0101603, 0.00166485
0.00712713, -0.000308064
0.00129459, 0.00251483
0.0061846, 0.00389609
0.00504216, 0.00238515
0.00613424, 0.00177903
0.00822459, 0.00356184
0.0055253, 0.00453882
0.00376395, -0.000242409
0.00856818, 0.00344448
0.0067685, 0.0022043
0.00989306, 0.00122868
0.0105177, 0.00448338
0.00695311, 0.00356418
0.00414965, 0.00288184
0.007084, 0.00225939
0.00427198, 0.00439679
0.00919528, 0.00529007
0.00536467, 0.0023539
0.00694353, 0.00186694
0.00670792, -0.000411598
0.00750357, 0.00391851
0.00532253, 0.00403894
0.00751782, 0.000467697
0.00789722, 0.000949644
0.00457563, 0.00496723
0.00782481, 0.00270975
0.0072787, 0.00548682
0.00384042, 0.00321826
0.0100676, 0.00967125
0.00845181, 0.00298206
0.00619455, 0.00832264
0.00599085, 0.000945407
0.00546896, 0.00389504
0.00141532, 0.0012749
0.0103243, 0.0113253
0.00677144, 0.00472764
0.00777346, 0.00607137
0.0113577, 0.0055517
0.00728335, 0.00479602
0.010451, 0.00729377
0.0110582, 0.00119032
0.00858547, 0.00742921
0.00629406, 0.000894192
0.0105985, 0.01139
0.0117925, 0.00855581
0.00234256, 0.00356796
0.00658164, 0.00240022
0.00783428, 0.00302797
0.00346672, 0.00190088
0.009556, 0.00419714
0.00803489, 0.00472277
0.00795358, 0.00261163
0.00472622, 0.000847128
0.00332475, 0.00218573
0.0036682, 0.00200853
0.00939356, 0.00531579
0.00814943, 0.00384051
0.00364215, 0.00310379
0.0104517, 0.00750934
0.00203849, 0.00291908
0.010009, 0.00389568
0.00925722, 0.00366277
0.00570679, 0.000832685
0.0135897, 0.00438375
0.0103486, 0.00752136
0.00612445, 0.00326404
0.00839676, 0.000437073
0.00670004, 0.00160529
0.00500904, -0.0018964
0.00801305, 0.00209675
0.00574613, 0.00488818
0.00830859, 0.00264095
0.00751646, 0.00128578
0.0115173, 0.00932678
0.00561803, 0.00185817
0.0037357, 0.00204229
0.0118843, 0.0111119
0.00273506, -0.0023023
0.008801, 0.00654009
0.00378235, 0.00200887
0.00781966, 0.00111175
0.004946, 0.00344022
0.0117479, 0.0027338
0.00970306, 0.00602464
0.00684202, 0.00166005
0.00686836, 0.0043968
0.00672029, 0.00150388
0.00470973, 0.00103279
0.00218824, 0.00123544
0.011772, 0.00703026
0.00621494, 0.00150521
0.0137688, 0.00543332
0.0101399, 0.00649501
0.00824356, 0.00316585
0.00438782, 0.00116536
0.00853732, 0.00644355
0.00645505, 0.000696744
0.00830684, 0.00265942
0.00809724, 0.000261089
0.0041129, -0.00169774
0.00551908, 0.00127431
0.00888446, 0.00221102
0.00582508, 0.00200442
0.00519363, 0.00266654
0.00953702, 0.00563473
0.0073575, 0.00173068
0.00819491, 0.00335232
0.00249954, -0.00221518
0.00535447, 0.00307893
0.00878316, 0.00279708
0.0105297, 0.00392152
0.00228983, 0.00299973
0.00137583, 0.00176116
0.00770869, 0.00206438
0.0118013, 0.0027179
0.0087604, 0.00328385
0.007393, 0.00136745
0.00788969, 0.00403035
0.0072629, 0.00156657
0.00399632, 0.00112271
0.0113672, 0.00442582
0.00813803, 0.00377489
0.00298981, 0.00393541
0.00453473, -4.01497e-05
0.00385166, -0.000676266
0.00574575, -0.00101481
0.0060768, -0.000395386
0.00607951, 0.00254227
0.000901237, 0.000703899
0.00325991, -0.00195334
0.00458203, 0.00243361
0.00323271, -0.00180638
0.00720818, 0.00354153
0.00654591, 0.00166995
0.00560096, 0.00519251
0.0101214, 0.00528226
0.00683136, 0.00137093
0.00703961, -0.000262825
0.00628314, 0.00161739
0.011512, 0.00505919
0.0111448, 0.00457893
0.00545322, 0.00446853
0.00587871, 0.00353458
0.00441656, 0.00573527
0.00916102, -8.81816e-05
0.00407064, 0.00164038
0.00534202, 0.00326791
0.00564669, 0.00116974
0.00860524, 0.00679306
0.00906118, 0.00509014
0.00725887, 0.0018189
0.00581626, 0.00123642
0.00455171, 0.00384652
0.00887786, 0.00460381
0.00841812, 0.00629759
0.00736988, 0.0030302
0.0118535, 0.00658189
0.00670606, 0.00304676
0.0104737, 0.00547676
0.0068766, 0.00349107
0.00472911, 0.0018785
0.00774759, 0.00319928
0.00335877, -0.00176857
0.00980087, 0.00255311
0.00604773, 0.00251672
0.0132441, 0.00466497
0.00680194, 0.000833668
0.00697096, 0.00490463
0.00789449, 0.00361709
0.00754342, 0.00321679
0.00771629, 0.00207384
0.011294, 0.00235361
0.00897043, 0.00356383
0.0109162, 0.00402968
0.0071241, 0.00438176
0.00382169, 0.0015134
0.0110195, 0.00302859
0.0063407, 0.00381244
0.00479727, 0.00223677
0.007048, 0.00160861
0.00455618, 0.000759683
0.00150673, 0.00152785
0.00660723, 0.00278849
0.00630211, 0.000724319
0.006962, 0.00103161
0.0104404, 0.00320384
0.00422607, -0.00118418
0.00523401, -0.000638641
0.00729815, 0.00368634
0.0051882, 0.000577888
0.00836603, 0.00274189
0.00630049, 0.000756364
0.00658283, 0.00353633
0.0090827, 0.000165508
0.0120652, 0.00637726
0.00569006, 0.000852207
0.00646221, 0.00344016
0.00808043, 0.00373018
0.0112786, 0.00757876
0.00745534, 0.00213194
0.0105228, 0.00396127
0.00264873, 0.00189403
0.00469175, 0.0045812
0.00605895, 0.00242813
0.00615779, 0.00226652
0.00545384, 0.00583315
0.0046551, 0.00451784
0.00839479, 0.00677997
0.00489435, 0.00242289
0.00425522, 0.00415968
0.00644207, 0.00459104
0.00393046, 0.00162907
0.00588681, 0.00238935
0.0044316, -0.000944509
0.00639617, 0.00570638
0.00528578, 0.00385763
0.0116294, 0.00934367
0.0077354, 0.00554388
0.00572769, 0.000664183
0.00514773, 0.00516487
0.00366251, 0.00343544
0.00788694, 0.00566947
0.00563752, 0.00507598
0.00765608, 0.000849033
0.0100906, 0.00418173
0.00802059, 0.00259044
0.0102405, 0.00803279
0.00938711, 0.00111457
0.00525087, 0.00047631
0.00210653, 0.00192217
0.00901469, 0.00598301
0.00574575, -0.00101481
0.00746118, 0.00241465
0.00532201, 0.00151137
0.00409935, 0.00393986
0.00679735, -0.00106742
0.0067685, 0.0022043
0.00329888, 0.0027059
0.00587415, 0.000401442
0.00462128, -0.000818593
0.0106392, 0.00313931
0.00777472, 0.00276379
0.0069858, 0.00204607
0.011138, 0.00318213
0.00647949, 0.00349087
0.00137583, 0.00176116
0.00488926, 0.00209961
0.0070453, 0.00383061
0.00544014, 0.0041081
0.00918742, 0.002659
0.00814687, 0.00123002
0.00354761, 0.00406426
0.00138376, 0.00160545
0.00478669, -0.000888873
0.00530916, 0.00138578
0.00591398, 0.00367699
0.00688623, 0.00491344
0.0101787, 0.00640131
0.00595745, 0.00230953
0.0119136, 0.00276962
0.00820708, 0.00578883
0.0049574, 0.0029712
0.0136693, 0.0111233
0.00588176, 0.00474513
0.00658778, 0.00154374
0.00572905, -0.000272359
0.00623354, 0.0016868
0.00563873, 0.00516731
0.00487905, 0.0015573
0.00138837, 0.00145167
0.00609204, -0.000987094
0.00615671, 0.000834616
0.00633903, 0.00259304
0.00486759, 0.000688548
0.00296787, 0.0017509
0.007503, 0.0016096
0.00402545, 0.000640163
0.00635687, 0.00224499
0.00436366, 0.00484539
0.00776249, 0.00236544
0.0132895, 0.00389356
0.00486686, 0.00444891
0.007707, 0.0021779
0.0024075, 0.00134923
0.00451539, 0.0021274
0.0136663, 0.0035446
0.00394803, 0.00221174
0.00877587, 0.00501812
0.0074802, 0.00430552
0.00688306, 0.00457987
0.00401364, 0.00112065
0.00509754, 0.00159023
0.00704619, 8.12856e-05
0.00687684, -0.000976907
0.00787248, 0.00428967
0.00749403, 0.0031007
0.00704368, 0.00335176
0.00845895, 0.00311336
0.00819939, 0.00374958
0.00803183, 0.000465563
0.0101118, 0.00482437
0.00989019, 0.00522501
0.00561357, 0.000899735
0.00604703, 0.00377427
0.0145663, 0.00884399
0.00685384, 0.000555404
0.00835087, 0.00192294
0.0049041, 0.00173399
0.00573932, 0.00124951
0.00833888, 0.00439618
0.00542652, 0.00547792
0.00866911, 0.0023422
0.00368335, 0.00340631
0.00872147, 0.00241269
0.00573408, 0.00208071
0.0049893, -0.00182378
0.00599927, 0.00561368
0.00717773, 0.00303307
0.00200024, 0.00267383
0.00627578, 0.00119455
0.000826882, 0.000692144
0.00476409, 0.00649256
0.00883452, 0.00300857
0.00779896, 0.00395671
0.00852542, 0.00557277
0.00776047, 0.00327458
0.00726364, 0.00510386
0.00462641, 0.00653249
0.00744759, 0.000192346
0.0147357, 0.00647622
0.00539775, 0.00425545
0.00368335, 0.00340631
0.00712014, 0.0014966
0.00367086, 0.00245226
0.00444849, 0.00459063
0.00976233, 0.00367373
0.00519363, 0.00266654
0.00548316, -0.000974588
0.00419562, 0.000283361
0.00414333, 0.00114906
0.00694155, 0.00347731
0.00633764, 0.0030489
0.007206, 0.00158437
0.00382068, 0.00241561
0.00787051, 0.00230523
0.00823609, 0.00530225
0.00623764, 0.00468244
0.0125392, 0.00637544
0.0132499, 0.0125126
0.00161581, 0.00278201
0.00747205, 0.00488552
0.00363295, 0.00309794
0.00525331, 0.00451874
0.0102731, 0.00883878
0.00593691, 0.00346556
0.00813981, 0.00121391
0.0131943, 0.00671755
0.00482062, 0.00508775
0.00591648, 0.00452741
0.00927333, 0.00284473
0.00330893, 0.00144946
0.00551908, 0.00127431
0.0042074, 0.00712358
0.0113108, 0.00674744
0.00355687, 0.00439501
0.00395099, 0.000744278
0.00441277, 0.00392648
0.00512818, 0.0010006
0.00644888, 0.00165066
0.00731544, 0.00556203
0.00719712, 0.00178892
0.00694733, 0.00171257
0.00522218, 0.00154417
0.00646785, 0.0060174
0.00607514, 0.00373914
0.00623183, -0.00192168
0.00551024, -0.00128668
0.00749403, 0.0031007
0.0092753, 0.000468769
0.00447252, 0.00557381
0.00444935, 0.00737684
0.00902953, 0.00347797
0.00609426, 0.00150241
0.00587415, 0.000401442
0.00445116, 0.005226
0.00434437, 0.00150121
0.00514711, 0.00516713
0.00762079, 0.000860211
0.00491948, 0.00431722
0.0027703, -0.00040599
0.0106163, 0.00400964
0.00414333, 0.00114906
0.00566434, 0.00209866
0.0108427, 0.00409529
0.0125386, 0.00562453
0.00860036, 0.000780075
0.00439262, 0.00147626
0.00587547, 0.00345933
0.00621479, 0.00615041
0.0116777, 0.00973486
0.00757034, 7.01473e-05
0.00811474, 0.00170222
0.00827677, 0.00400238
0.00452291, 5.12148e-05
0.00516846, 0.00599707
0.0098481, 0.00991458
0.00220854, 0.00246665
0.00618224, 0.00174633
0.0072127, 0.0037809
0.00359454, 0.00371492
0.00765508, 0.0033555
0.00666409, 0.00498345
0.00814828, 0.00374246
0.00628558, 0.000927446
0.00656485, 0.00446007
0.0120858, 0.00754448
0.00679099, 0.00421593
0.0103835, 0.0080408
0.00931011, 0.00504953
0.0077354, 0.00554388
0.00575674, 0.000637109
0.00672407, 0.00174282
0.00599971, 0.00301066
0.00275027, 0.000988701
0.00245145, 0.00383053
0.00702136, 0.00488052
0.0048126, -0.000236173
0.00633764, 0.0030489
0.00865934, 0.00295448
0.00598134, 0.000616788
0.0103759, 7.98906e-05
0.00353529, 0.00241915
0.00964514, 0.00113209
0.00514037, 0.0068106
0.00541629, 0.000872962
0.00748152, 0.00152064
0.00167068, -0.00102327
0.00746302, 0.00275682
0.00644851, 0.00166829
0.00298981, 0.00393541
0.0118865, 0.00534582
0.00649643, 0.00505696
0.00904457, 0.0045948
0.00778301, 0.00363389
0.00687601, 0.00275282
0.00581112, 0.0016669
0.00400755, -0.00085046
0.00463843, 0.00437719
0.0114124, 0.0051969
0.0077441, 0.00190318
0.00990544, 0.00175172
0.00314169, 0.00289184
0.0091076, -0.00113448
0.00677413, 0.00245703
0.00771319, 0.00220922
0.00783564, 0.00160275
0.00481617, 0.00107748
0.00152832, 0.00163734
0.00545095, 0.00631435
0.00671858, 0.00415403
0.00654603, 0.000323364
0.00727546, 0.00178156
0.00295925, 0.00132996
0.00652442, -0.00198599
0.0108447, 0.0100311
0.0114592, 0.00957926
0.00947834, 0.00713903
0.00824158, 0.00325697
0.0050937, 0.000167414
0.00893029, -0.000847426
0.00792317, 0.0024307
0.00187015, 0.00241582
0.00901509, 0.000652187
0.00769807, 0.00101949
0.0093941, 0.00664916
0.00501771, 0.00469454
0.00232272, 0.0037255
0.00447489, -0.000938222
0.0105178, 0.011478
0.00518075, 0.0032562
0.00517775, 0.00599757
0.0114397, 0.00791038
0.00631163, 0.00342968
0.00962893, 0.00836438
0.0075547, 0.000953148
0.0029372, 0.00389101
0.00891424, 0.00130562
0.00466997, 0.00437918
0.00744255, 0.00151891
0.00556084, 0.0036619
0.00228983, 0.00299973
0.00457921, -0.00201827
0.0116772, 0.00195405
0.00402629, 0.00162999
0.0138118, 0.00452485
0.00164752, 0.00234775
0.00785164, 0.00398566
0.00683997, 0.00193738
0.0047374, 0.00598167
0.00483387, 0.00699481
0.00437403, 0.00645836
0.00929013, 0.00654901
0.00467193, 0.000869736
0.00739847, 0.00315302
0.00480759, 0.00504143
0.00682659, -0.00044058
0.00831485, 0.00611115
0.00228983, 0.00299973
0.0118186, 0.00894056
0.00931825, 0.00734701
0.0105586, 0.00442509
0.00574846, 0.00698718
0.00447444, -0.000208439
0.00516001, -0.000938657
0.00981527, 0.00190261
0.00716122, 0.000604391
0.00954602, 0.00161568
0.01316, 0.00861522
0.00674836, 0.00205448
0.00441484, 0.00368813
0.0136026, 0.002767
0.00556956, 0.0060292
0.00800506, 0.00292702
0.011192, 0.00500747
0.0056892, 0.00377232
0.00796586, 0.0042794
0.00694353, 0.00186694
0.00633239, 0.00404888
0.0124867, 0.00829973
0.00469789, -0.00102933
0.00490613, 0.000117778
0.00682874, 0.00148047
0.00989703, 0.00138252
0.00834591, 0.00271354
0.00515815, 0.0014179
0.00806792, 0.000570161
0.00761436, 0.000165841
0.00335212, -0.00104633
0.00305249, 0.00294814
0.00867968, 0.0052369
0.00855363, 0.00315417
0.00835263, 0.00317925
0.00629188, 0.004062
0.00811848, 0.00170258
0.00953325, 0.00142288
0.0060175, 0.000389716
0.0135448, 0.00842641
0.0137293, 0.0129633
0.00307524, -0.00124508
0.00514899, 0.00255777
0.00599744, 0.00362323
0.0042828, 0.00364349
0.0104461, 0.00298605
0.00717154, 0.00435909
0.00716082, 0.00486593
0.00735005, 0.00513072
0.00621856, 0.0014788
0.0112659, 0.00528259
0.00732549, 0.00390691
0.00596216, -0.000868406
0.00423511, 0.0045169
0.00612498, 0.00240504
0.00684901, 0.00172473
0.00433902, 0.00180136
0.0033455, 0.00294016
0.00587996, 0.00216404
0.00546344, 0.000920226
0.0103296, 0.0037458
0.00177377, 0.00192732
0.00375027, 0.00119647
0.0112494, 0.00899089
0.00817964, 0.00309214
0.00618831, 0.0013038
0.00866301, 0.00296509
0.0092, -0.000302065
0.0111976, 0.00390722
0.00479302, 0.00206992
0.00675982, 0.00345841
0.00913564, 0.0067988
0.0117721, 0.00722997
0.00380554, 0.00121211
0.00987239, 0.0028386
0.00946075, 0.00399532
0.00666562, 0.000549868
0.00770237, -0.000322796
0.0043461, 0.00465233
0.00582669, 0.00456246
0.00917728, 0.000940394
0.00951857, 0.00753122
0.00866518, 0.000572966
0.00768277, 0.00527755
0.00389303, -0.00018356
0.00522113, 0.00320495
0.0108587, 0.00114726
0.00535656, -0.0021873
0.00707058, 0.00376309
0.0077967, 0.00276592
0.00161581, 0.00278201
0.0058939, 0.000428735
0.00738685, 0.00401031
0.0111976, 0.00390722
0.00517027, 0.00391702
0.0089368, -0.000126724
0.00952463, 0.00306396
0.00419894, 0.00116014
0.00388845, -0.000574401
0.00496514, 0.00395763
0.0118884, 0.00541944
0.00769198, 0.00182337
0.0109096, 0.00857043
0.00776217, 0.00189075
0.00328104, -0.00163844
0.00719152, 0.0045056
0.00474334, 0.00565882
0.0106907, 0.00228703
0.0108083, 0.0046703
0.0135114, 0.00314054
0.00670681, 0.0044678
0.0055674, -9.76132e-05
0.0109345, 0.00504537
0.00957149, 0.00289371
0.00395647, 0.00234156
0.00536753, -0.00188654
0.00288759, 0.00233049
0.00636711, 0.000739226
0.00663254, 0.00252626
0.00913806, -0.00106365
0.00533413, 0.00118502
0.0121307, 0.00753361
0.00573253, 0.000733707
0.00606318, 0.000930832
0.00807569, 0.00362971
0.00750656, 0.00310163
0.00813563, 0.00119107
0.00613483, 0.00116627
0.00669108, 0.00324461
0.0130004, 0.0064252
0.00856116, 0.0018478
0.00447396, 0.0041732
0.00958489, 0.00744132
0.00370937, 0.00101826
0.00336828, -0.000364808
0.0034213, 0.00450511
0.00515846, 0.00202128
0.00552945, 0.00149299
0.00811999, 0.00290692
0.00403343, 0.0046684
0.00920324, 0.00284481
0.0138111, 0.0113322
0.00591838, 0.00412904
0.00993238, 0.00435099
0.00501198, 0.00116778
0.0104517, 0.00750934
0.00822868, 0.00536283
0.00900112, 0.00053045
0.00674915, 0.00474634
0.008068, 0.00224353
0.00625489, 0.0054607
0.00566197, 0.00419615
0.00349987, 0.00231805
0.00524011, 0.00344693
0.00452663, 0.00313221
0.00605363, 0.00494528
0.012829, 0.0105004
0.00416072, 0.00548003
0.00686515, 4.08799e-05
0.0117543, 0.00422736
0.0103225, 0.00386707
0.00630031, 0.00161624
0.00786327, 0.00202052
0.00539259, 0.000395972
0.00968131, 0.00277415
0.00638065, 0.000339767
0.00395217, 0.00227929
0.00946134, 0.0107643
0.00947907, 0.00356078
0.0050901, 0.00139153
0.010394, 0.00433115
0.00601678, 0.00423602
0.00633847, 0.00202762
0.00810951, 0.00223514
0.00557187, 0.00344325
0.0126043, 0.00637508
0.00697442, 0.00439653
0.00808542, 0.00341056
0.00933639, 0.00259287
0.00701363, 0.00165458
0.00669698, 0.00331651
0.0124526, 0.0043842
0.00600566, 0.00154379
0.00240036, 0.00503405
0.0039579, -0.00113343
0.00144107, 0.00127567
0.00771319, 0.00220922
0.007147, 0.00263481
0.0118157, 0.00343929
0.00810856, 0.00232086
0.00555631, 0.00605821
0.0109255, 0.00996955
0.00965658, 0.00186541
0.00443056, 0.00231545
0.00342847, 0.00112851
0.00552728, -0.000412459
0.00511385, -0.00216052
0.00837299, 0.00285117
0.00516226, 0.0059179
0.00914514, 0.00118149
0.00623178, -0.0009121
0.00858144, 0.00375605
0.00505629, 0.00260509
0.00706392, 0.00976988
0.00577333, 0.000246549
0.0112613, 0.00246189
0.00488585, 0.00380061
0.00626463, 0.00244909
0.00399981, -0.00021962
0.00665886, 0.00470301
0.00798412, 0.00396791
0.00662467, 0.00518039
0.00565671, 0.00640029
0.00568138, 0.00202046
0.00490453, 0.00155477
0.0107619, 0.00475095
0.00637757, 0.00276837
0.00986325, -0.000217332
0.00595745, 0.00230953
0.0077299, 0.00287991
0.00581827, 0.000882889
0.00908559, 0.00609754
0.0140892, 0.00632658
0.00897144, 0.00118521
0.00416134, 0.00170102
0.00512965, 0.00272806
0.00804763, 0.00312192
0.0067685, 0.0022043
0.00670568, 0.00500135
0.00580386, 0.00405489
0.00769643, 0.00591724
0.0102807, 0.00718934
0.00560996, -0.00154939
0.00905879, 0.00085359
0.0074088, 0.000620905
0.00560717, 0.00039813
0.00620832, 0.000559176
0.00476184, 0.00103051
0.00876451, 0.00467999
0.0034213, 0.00450511
0.00997753, 0.00549901
0.00593502, -0.0012589
0.00721441, -0.000123982
0.0074802, 0.00430552
0.00916043, 0.00397811
0.0110903, 0.00462293
0.00611641, 0.00520687
0.0143699, 0.0106808
0.0092749, -0.000573064
0.00143759, 0.00295555
0.00535717, 0.00602573
0.00463567, 0.00392028
0.00769198, 0.00182337
0.00322868, -0.00176948
0.00604261, 0.00438635
0.010382, 0.0022664
0.0101972, 0.0039168
0.0136439, 0.00528155
0.00276802, -0.000531915
0.00934496, 0.00480435
0.00448347, 0.00387281
0.00656643, 0.00322022
0.0126539, 0.0115774
0.00731975, 0.00432734
0.00907056, 0.00690444
0.00632738, -0.000328567
0.00326365, 0.00145714
0.0059093, 0.00409622
0.00473158, -0.000271676
0.00582969, 0.00366466
0.00976274, 0.00329398
0.0107082, 0.00512328
0.00651311, 0.00613728
0.00603818, 0.00607881
0.0135717, 0.00547394
0.0099595, 0.00301942
0.0078006, 0.00298203
0.00815837, 0.00246945
0.00537419, 0.00380654
0.00677669, 0.00678928
0.00622776, -0.000493803
0.00761978, 0.00258261
0.00765534, 0.00294093
0.00223765, 0.00294222
0.00679976, 0.00312547
0.00633029, 0.00567986
0.00591838, 0.00412904
0.0114126, 0.00957255
0.00281813, 0.00370512
0.00982703, 0.00474519
0.00516105, 0.000981586
0.00423287, 0.0012586
0.00820958, 0.00104538
0.00785898, 0.00226892
0.00458223, 0.00309628
0.00129459, 0.00251483
0.00596653, 0.0041949
0.00730922, 0.00260515
0.00827601, 0.000441579
0.00483319, -0.00183058
0.0105356, 0.00911091
0.0049665, 0.000674593
0.00674086, 0.00256193
0.00894796, 0.00148461
0.0050329, 0.000300463
0.0051766, 0.00201976
0.00482533, 0.00141681
0.0127814, 0.00828445
0.00674836, 0.00205448
0.0055413, 0.00527788
0.00394826, 0.00612653
0.00509266, -0.00121346
0.00864355, 0.003161
0.0110359, 0.00414132
0.0133545, 0.00616888
0.00617076, 0.00344484
0.00329019, -0.0018616
0.00373183, 0.00195202
0.00866047, 0.00781994
0.0094235, 0.00198517
0.00773497, 0.00444458
0.00642457, 0.00527034
0.00670568, 0.00500135
0.00899039, 0.00628994
0.0122566, 0.00365643
0.00611856, 0.00136316
0.0134254, 0.00821963
0.00375625, 0.00192111
0.00499089, 0.00712027
0.0143763, 0.00620736
0.0132553, 0.00708562
0.00993267, 0.00420099
0.00917659, -0.000778821
0.0129322, 0.00876541
0.00642225, 0.000321899
0.00692586, 0.00476661
0.00341499, -0.000688607
0.00765031, 0.00254648
0.00248762, 0.00275753
0.0123555, 0.00620737
0.00227723, 0.00272546
0.00530043, 0.00353236
0.00665945, 0.00288364
0.00617441, 0.00424444
0.00354516, 0.00283324
0.008983, 0.00279095
0.00531005, -0.00126636
0.00594967, 0.00157205
0.00718541, 0.00379187
0.00239551, 0.00264431
0.0104026, 0.00460103
0.0069098, 0.00237615
0.0129467, 0.00887705
0.00555278, 0.00638789
0.00467842, 0.0019167
0.00704583, 0.00217083
0.00505335, 0.00197341
0.00580658, 0.00380427
0.00558733, 0.000983945
0.0059465, 0.00162484
0.00654277, 0.00300734
0.00495289, 0.00449094
0.00479672, 0.00437591
0.00455165, 0.0018019
0.00665332, 0.00506734
0.00762635, 0.00373806
0.00891171, 0.00748447
0.00693009, 0.0024543
0.0098036, 0.000937923
0.006046, 0.00538811
0.00938453, 0.00404091
0.00495755, 0.00211255
0.00649127, 0.00185734
0.00806262, 0.00231487
0.00824642, 0.00417912
0.012531, 0.00790744
0.00841132, 0.0102642
0.0122506, 0.00931551
0.00773626, 0.00119963
0.0106018, 0.00246353
0.0105367, 0.0105954
0.00967988, 0.000325993
0.00137583, 0.00176116
0.0052315, -0.000658487
0.00782074, 0.0064604
0.00746175, 0.00169887
0.013941, 0.00852473
0.00706897, -0.000569825
0.00581852, 0.0013419
0.0073236, 0.0013182
0.00534966, -0.00107459
0.00386987, 0.00271166
0.0103975, 0.000209783
0.00548207, 0.00645358
0.00744675, 0.00293291
0.00732191, -0.000339942
0.00535717, 0.00602573
0.0127549, 0.0122055
0.00502041, 0.00403118
0.0144659, 0.00558291
0.00951588, 0.0029639
0.00425045, -0.00162276
0.00687262, 0.00185603
0.0103035, 0.00733233
0.00641165, 0.00509731
0.00669613, 0.00158725
0.00925247, 0.000373061
0.00664443, 0.00132258
0.0012438, 0.000854179
0.00228983, 0.00299973
0.00756616, 7.30197e-05
0.00711998, 0.00368674
0.00624722, 0.0030282
0.00711676, 0.00152753
0.00609914, -0.000204474
0.0104676, 0.00165136
0.00764806, 0.00405075
0.00400989, 0.0049353
0.00442955, 0.00359236
0.0109053, 0.00187288
0.00396938, 0.00286921
0.00891948, -0.000746224
0.0073741, 0.00240258
0.00761857, 0.00399935
0.00492278, 0.00240246
0.00690243, 0.00618304
0.00717905, 0.00373582
0.0091538, 0.00729118
0.00281655, 0.00220792
0.00466234, 0.00192491
0.00397291, 0.00193422
0.00585422, 0.00650523
0.00649643, 0.00505696
0.00608512, 0.0070585
0.00788589, 0.00494912
0.00836302, 0.00259198
0.00241303, 0.00257195
0.00559663, -0.000967569
0.00529471, 0.003881
0.00644562, 0.0010789
0.00762866, 0.00478885
0.00654615, 0.00440077
0.00844314, 0.00486312
0.00623712, 0.000818759
0.00630836, 0.00150495
0.00824877, 0.00409584
0.00776217, 0.00189075
0.00200557, 0.00219941
0.00595777, 0.00179499
0.00834409, 0.00388655
0.00495427, 0.00204104
0.00842299, 0.00285459
0.00833643, 0.000767009
0.00967411, 0.000508005
0.00500702, 0.00168727
0.00597604, 0.000656383
0.00459857, -0.00196096
0.00645815, 0.00496625
0.00457581, 0.0037661
0.00602681, -0.00148488
0.00729019, 0.00282583
0.00574543, 0.00505305
0.00769947, 0.00508476
0.00655234, 0.0025594
0.00583973, 0.00170691
0.0108029, 0.00681497
0.00385391, 0.000902809
0.00854647, 0.00229624
0.00936126, 0.00426505
0.00540006, 0.000979579
0.00433578, 0.00116302
0.00444849, 0.00459063
0.0067765, 0.0060349
0.00337961, -0.00104244
0.00545208, 0.00208515
0.00658903, 0.00165462
0.00803056, 0.00122934
0.00614584, 0.00550372
0.00645444, 0.00426583
0.00502682, -0.000348586
0.0034074, 0.00301809
0.00555434, 0.00307257
0.00363172, 0.00267391
0.00594246, 0.0017524
0.00317426, 0.00346444
0.00902309, 0.00293778
0.00350888, 0.00288516
0.00788987, 0.00240722
0.00561373, 0.00224075
0.00919741, 0.000666971
0.00663472, 0.00460603
0.00706273, 0.000119604
0.00284131, 0.00347806
0.00737023, 0.00523438
0.0090526, 0.00467988
0.0131705, 0.00215301
0.00911759, 0.00436011
0.00348275, 0.00260331
0.00655429, 0.00239379
0.00674674, 0.0036932
0.00773211, 0.00443663
0.00855645, 0.00272677
0.00701578, -0.000112711
0.0139921, 0.00668836
0.0121988, 0.00938313
0.00297488, -0.00176089
0.00980549, 0.0052134
0.00674362, 0.00128619
0.0105854, 0.0015851
0.00561167, 0.00426402
0.00674485, 0.00311529
0.00589107, 0.00119059
0.00638699, 0.00425947
0.00990735, 0.00514932
0.00519373, 0.00276784
0.00747312, 0.00130063
0.00824388, 0.00550178
0.0111206, 0.00525674
0.0118829, 0.00536236
0.0104309, 0.00399746
0.00386891, 0.00234525
0.00628276, 0.00366018
0.00779692, 0.00338783
0.00487796, 0.00121526
0.00293156, -0.00216206
0.00611772, 0.00141473
0.00453583, 0.000815756
0.00474334, 0.00565882
0.00299852, 0.00301731
0.00245518, -0.00156162
0.00464751, 0.00400156
0.00615787, 0.0032174
0.00748967, 0.00106945
0.0057853, -0.00189528
0.0121425, 0.00618885
0.0103268, 3.88272e-05
0.00873818, 0.00543333
0.00570275, 0.0041024
0.00698632, 0.00328449
0.0056089, -0.00139749
0.0129662, 0.00887379
0.00846346, 0.00349261
0.0077354, 0.00554388
0.00638566, -0.000350119
0.00727773, 0.00465569
0.00891883, 0.00425328
0.00614512, 0.00127576
0.00686088, 0.00276874
0.00627089, 0.00286251
0.010585, 0.00262177
0.00760289, 0.00353011
0.0042153, 0.00362396
0.00556855, 0.0015953
0.00649051, 0.00075545
0.0104722, 0.00133962
0.00914208, 0.00206874
0.00784606, 0.00486693
0.0114124, 0.0051969
0.0114592, 0.00957926
0.00666685, 0.0006667
0.00665102, 0.00226122
0.0104482, 0.00474577
0.00290188, 0.0010699
0.0055677, 0.00227022
0.00519327, 0.00202123
0.011322, 0.00190739
0.0103777, 0.00618869
0.0146573, 0.00512402
0.00440696, 0.002171
0.00719886, 0.00275926
0.00986169, 0.000973852
0.00617748, 0.0010972
0.00577789, 0.00124717
0.00665933, 0.000402492
0.00685516, 0.00447258
0.00367008, -0.000859823
0.00265154, -0.000758655
0.00899039, 0.00628994
0.0100992, 0.000506615
0.011107, 0.00788312
0.00887815, 0.00390398
0.00611944, 0.00413669
0.00856497, 0.0010115
0.00426408, 0.00609112
0.00527956, -0.00134062
0.00735876, -0.000239824
0.00744438, 0.00353624
0.00875987, 0.00129562
0.012705, 0.00947824
0.00858901, 0.0032361
0.0129619, 0.00455235
0.00798689, 0.00244479
0.00769477, 0.00527323
0.00610846, 0.00155113
0.00414333, 0.00114906
0.00556986, 0.00111282
0.00791835, 0.00337232
0.00468537, -0.000130243
0.00657306, -0.000935166
0.0137011, 0.00823662
0.00506245, 0.0035289
0.00356585, 0.0010496
0.00291538, 0.000512434
0.00681894, 0.00223082
0.00195524, 0.00201225
0.00429995, -0.00124887
0.00665283, -0.00099678
0.0059843, 0.00423111
0.00233159, 0.0026438
0.00940654, 0.00346573
0.00939259, 0.000196583
0.0101146, 0.00445154
0.00710328, 0.00382968
0.00555203, 0.00147231
0.0120796, 0.00507704
0.00327508, 0.00209094
0.00860725, 0.00323794
0.00351369, 0.0023082
0.0071208, 0.000574631
0.00725462, 0.00585893
0.00372916, -0.000450661
0.0097279, -0.000194044
0.00363172, 0.00267391
0.0114055, 0.0064916
0.0140487, 0.00541555
0.0104524, 0.0116254
0.0108555, 0.00383462
0.00943916, 0.000670563
0.00554009, 0.00367346
0.00315074, 0.000873028
0.00511891, 0.000334108
0.00693617, 0.00181909
0.00621689, 0.00279641
0.00787374, 0.00249051
0.0151797, 0.00956603
0.01113, 0.00140124
0.00298981, 0.00393541
0.00714004, 0.00175885
0.00962132, 0.00172844
0.00807534, 0.00180457
0.00187782, -0.000282285
0.00704916, 0.00092862
0.0040344, 0.00388499
0.00960779, -3.17345e-05
0.00418484, 0.00167242
0.00931182, 0.00251462
0.00424333, 0.00638616
0.00603822, 0.000816508
0.0054683, 0.00449157
0.00843817, 0.0035741
0.00475333, 0.0035594
0.00601012, 0.00459114
0.00590532, -0.000795035
0.00725726, 0.00441237
0.00797871, 0.000754739
0.00566512, 0.000631848
0.00912156, 0.00623461
0.00831343, 0.00571357
0.00400989, 0.0049353
0.00599401, 0.000802748
0.00658539, 0.00518885
0.00301804, 0.00171985
0.00601745, -0.00204103
0.00690987, 0.00451669
0.00367254, 0.00261233
0.00734168, 0.0026935
0.00491303, -0.000174823
0.00466714, 0.00505055
0.00704619, 0.00314238
0.00899457, 0.00299693
0.00621327, -0.000306087
0.0056424, 0.00145474
0.00494844, 0.0042595
0.00634933, 0.00348727
0.00810996, -0.000696997
0.00265639, 0.000748683
0.00778522, 0.00288133
0.00766026, 0.00558142
0.00616581, 0.00358518
0.00691343, 0.00392057
0.00606318, 0.000930832
0.00736957, 0.00123035
0.0119715, 0.0121737
0.00747206, 0.00289883
0.00227324, 0.00288768
0.0088475, 0.00337021
0.0115135, 0.00633138
0.00812367, 0.00493092
0.00950211, 0.00313119
0.00495791, -0.00149352
0.00717905, 0.00373582
0.00955094, 0.00589567
0.00456046, 0.00186073
0.00605895, 0.00242813
0.00427263, 2.15354e-05
0.00598888, 0.00127449
0.00675065, 0.00518896
0.00519126, 0.0026561
0.00594895, 0.00024894
0.00711314, 0.00126967
0.00859777, 0.00386661
0.00750255, 0.00312977
0.00773451, 0.00606789
0.0124658, 0.00907106
0.00951271, -0.000443065
0.00670684, 0.00420082
0.00817408, 0.000990642
0.00886733, 0.0037516
0.0107523, 0.0112607
0.00363172, 0.00267391
0.00420927, 0.0047548
0.00830077, 0.00663024
0.00665448, -0.00120581
0.00697084, 0.0048688
0.0050353, 0.00345584
0.0129584, 0.00287864
0.00526676, 0.0028545
0.00754182, 0.00221761
0.00721505, 0.00465022
0.0100388, 0.00360737
0.00779982, 0.000624634
0.00287358, -0.000186897
0.00461919, 0.00456686
0.00561403, 0.00206947
0.00560669, 0.00176169
0.00442955, 0.00359236
0.00997161, 0.00941766
0.00899293, 0.000696203
0.00662372, 0.0028447
0.0044871, 0.000983366
0.00870636, 0.00423449
0.00545617, 0.00345782
0.00630355, 0.00119568
0.00732283, 0.0010579
0.0052401, -0.000413617
0.00984092, 0.00286384
0.00828201, 0.00428239
0.00862779, 0.000951601
0.00477096, 0.00216796
0.00500773, 0.00101237
0.004876, 0.0038635
0.013735, 0.0038981
0.0132038, 0.00802173
0.00672692, 0.00260673
0.00718272, 0.00277569
0.00918742, 0.002659
0.00517867, 0.00219976
0.00731975, 0.00432734
0.00673164, 0.00784494
0.00841189, 0.00526725
0.0153749, 0.00978185
0.00524103, 0.00243568
0.00994876, 0.00484398
0.00577333, 0.000246549
0.00897921, 0.000719755
0.00896294, 0.00188149
0.00605847, 0.00150905
0.00400989, 0.0049353
0.00270071, 0.0028443
0.00398799, 0.00385835
0.00602487, 0.000797376
0.00688769, 0.00475195
0.00768886, 0.00125507
0.00943311, 0.00359189
0.0119649, 0.00595586
0.00356585, 0.0010496
0.00505536, 0.00134437
0.00613436, 0.00495224
0.00463621, -0.00101631
0.00689075, 0.00587866
0.010661, 0.00672208
0.00680669, 0.00245047
0.00233159, 0.0026438
0.0100392, 0.00130056
0.00737824, 0.0021768
0.00816232, 0.00260299
0.00814705, 0.00665209
0.00678053, 0.00361618
0.00480942, 0.00106468
0.00605322, 0.000394396
0.00573562, 0.00100353
0.00637248, 0.00172056
0.00272719, 0.00277385
0.00914392, 0.00266083
0.00654204, 0.00161414
0.00826622, 0.00478667
0.00954447, 0.00495582
0.00589367, 0.00269902
0.0105644, 0.00344303
0.00553213, 0.00188225
0.0015214, 0.00276139
0.00674086, 0.00256193
0.00456241, 0.00317952
0.00582858, 0.00135047
0.00590169, 0.00377466
0.00277419, 0.00491987
0.00647434, 0.000706895
0.00435757, 0.005429
0.00682874, 0.00148047
0.00480999, 0.000580018
0.00345125, 0.00259164
0.00579759, 0.00425111
0.004632, -0.00189895
0.00625784, 0.00156274
0.00189413, 0.00281265
0.00629477, 0.00416555
0.00737725, -0.00061943
0.00776964, 0.000320171
0.00641943, 0.00327266
0.00558157, 0.00370756
0.0138502, 0.00842905
0.00460351, 0.00359342
0.00509885, -0.00218616
0.0100094, 0.00113753
0.00129459, 0.00251483
0.0100506, -0.000331046
0.00160043, 0.00224556
0.013448, 0.00406327
0.00486029, 0.00510799
0.00609565, -0.000624657
0.00630095, 0.000503356
0.0131009, 0.00833464
0.00520527, 0.00206055
0.0044062, 0.00296892
0.00780689, 0.00114568
0.0134524, 0.0107285
0.00918742, 0.002659
0.00228624, 0.00291284
0.00643736, 0.00204608
0.00786521, 0.000376866
0.00564081, -0.000851845
0.00788252, 0.0010176
0.0081145, 0.00187227
0.00595528, 0.00212054
0.00788605, 0.000167419
0.00791852, 0.00423503
0.00612225, 0.00180278
0.00579448, 0.00163391
0.0113358, 0.00247139
0.00780707, 0.00481711
0.00764618, 0.00479503
0.00683973, -0.000915418
0.00778864, 0.000572658
0.00327026, 0.00202627
0.00977499, 0.00421129
0.00960349, 0.00316007
0.00864683, -0.00130598
0.00851021, 4.54726e-05
0.0142465, 0.0107896
0.00510169, 0.00289549
0.00553379, 0.00419812
0.00779104, 0.00306579
0.00998766, 0.00496871
0.0076846, 0.00413871
0.00741593, 0.00245112
0.00784942, 0.00106958
0.00791056, 0.000853268
0.00797871, 0.000754739
0.00416898, 0.00732015
0.0129149, 0.00435835
0.00437328, 0.00144964
0.00529526, 0.00348787
0.00740392, 0.00375279
0.0129187, 0.0050985
0.0106773, 0.000234343
0.0057084, 0.00415358
0.00551684, -0.00104318
0.00616399, 0.0031778
0.00933711, 0.00468872
0.0095443, -0.000611211
0.00440069, 0.00753378
0.00478174, 0.00213565
0.0116774, 0.00647478
0.00684874, 0.00160693
0.00430374, 0.00154516
0.00755508, 0.00302592
0.00518259, 0.00416541
0.00675481, 5.9466e-05
0.00785835, 0.000616452
0.00672174, 0.000321622
0.00920616, 0.0046179
0.00863636, 0.000775211
0.00557982, -7.24633e-07
0.00502512, 0.00470526
0.00685685, 0.00469415
0.00871738, 0.00529677
0.00917581, 0.00351741
0.0033417, 0.00208205
0.00858564, 0.0035217
0.0134524, 0.0107285
0.00450897, 0.00422747
0.010289, 0.000666169
0.00695472, 0.00251368
0.00573765, 0.00426221
0.00656643, 0.00322022
0.0149348, 0.00803629
0.00635825, 0.001065
0.00284131, 0.00347806
0.00836076, -6.59203e-05
0.00909146, 0.00290557
0.00545022, 0.00453541
0.00845308, 0.0038059
0.0124963, 0.00377809
0.00472284, 0.00200962
0.00955914, 0.0059928
0.00342923, 0.000344342
0.0127795, 0.00575777
0.00918208, 0.00404307
0.0110311, 0.00464581
0.00975352, 0.00356891
0.00631848, 0.00212413
0.00815117, 0.003892
0.00807072, 0.00390322
0.00516264, 0.00409519
0.00246789, -0.00109834
0.0061105, 0.00626108
0.00610758, 0.00136901
0.0104612, 0.00353011
0.00755934, 0.00401457
0.0095066, 0.00529455
0.0083434, 0.00251164
0.00767791, 0.00316872
0.00227534, 0.00110394
0.0100167, 0.00396497
0.00778928, 0.00282368
0.00547309, 0.00163575
0.00491626, 0.00374813
0.00678234, 0.00430395
0.00825382, 0.00061107
0.00546811, 0.00197305
0.0135063, 0.00661642
0.0132025, 0.00964762
0.00663254, 0.00252626
0.00658011, 0.0027256
0.00658705, 0.00803691
0.00358185, 0.000631566
0.00683749, 0.00451325
0.00607077, 0.00195619
0.00221927, 0.00201375
0.00672685, 0.00130804
0.00346894, -0.00177784
0.00812262, 0.00122548
0.00776629, 0.00297515
0.0121631, 0.00437709
0.00616627, -0.00100442
0.0109474, 0.00537225
0.00701447, 0.00247034
0.00673018, -0.00148579
0.00817216, 0.000362081
0.0104812, 0.00355785
0.00374477, 0.00152396
0.00500324, 0.00187327
0.0104026, 0.00460103
0.0126096, 0.0080244
0.00103125, 0.00121658
0.00760772, 0.00261359
0.00390016, 0.00609896
0.00885796, 0.00214787
0.0123898, 0.00658939
0.00821177, 0.00271045
0.00989703, 0.00138252
0.00628975, 0.00491836
0.0110436, 0.00821854
0.00320807, -0.00104515
0.00660118, 0.00397118
0.00150892, 0.00155664
0.00684764, -0.000105267
0.00510928, 0.00694421
0.00678053, 0.00361618
0.00533323, 0.0037315
0.00788558, 0.00301509
0.00465277, 0.00118411
0.00810352, 0.00510889
0.00873903, 0.000965471
0.011183, 0.00887115
0.00949671, 0.00459402
0.00643728, 0.00125875
0.00601946, 0.00194869
0.00521414, 0.00138906
0.00455618, 0.000759683
0.00114421, 0.000676707
0.00902121, -0.00138129
0.00354761, 0.00406426
0.0059233, 0.000291757
0.00611641, 0.00520687
0.00230293, 0.00258027
0.00825298, 0.00265115
0.0136738, 0.00692924
0.00729027, 0.00119238
0.0067685, 0.0022043
0.00551653, -0.00112937
0.0131774, 0.00639866
0.00913546, 0.00519765
0.00606318, 0.000930832
0.00415616, -0.000375964
0.00689067, -0.000401069
0.00514935, 0.00392859
0.0107326, 0.000308798
0.00578954, 0.00450415
0.00899922, 0.00303892
0.00196075, 0.000798149
0.00886475, 0.0013746
0.00313477, 0.00193008
0.0101767, 0.00424436
0.0033773, 0.000645336
0.00116411, 0.00137737
0.00160643, 0.00197663
0.00549088, 0.00679653
0.00783542, 0.00423255
0.00674836, 0.00205448
0.0115058, 0.00735458
0.0105657, 0.0103969
0.0116881, 0.00141558
0.00492642, 0.00287894
0.0095748, 0.00742822
0.00129459, 0.00251483
0.00610758, 0.00136901
0.0109504, 0.0058232
0.00483509, 0.00392107
0.0123707, 0.00364532
0.00961787, 0.00572971
0.00714073, 0.0015443
0.0015875, 0.00209087
0.00577433, 0.00204696
0.00561482, 0.00172007
0.00327026, 0.00202627
0.00565486, 0.00493417
0.00824438, 0.000728358
0.00233159, 0.0026438
0.00633946, 0.00229638
0.00474857, 0.00133347
0.00424257, 0.00560988
0.0069604, 0.00462028
0.00369813, -0.00189181
0.00894609, 0.00553469
0.0103461, 0.00271345
0.0070119, 0.00052303
0.00553379, 0.00419812
0.00468964, 0.000827585
0.00700616, 0.000392029
0.00953811, 0.00432572
0.0133005, 0.0083252
0.00500943, 0.000628191
0.00462654, -0.00287559
0.00588003, 0.00526743
0.00412496, 0.00167001
0.00607124, 0.00599884
0.00475513, 0.00417055
0.00531905, 0.0018257
0.00962959, 0.00560162
0.00298981, 0.00393541
0.0129824, 0.00575613
0.00703784, 0.00435361
0.00575674, 0.000637109
0.00595427, 0.00525795
0.00918693, 0.00468759
0.00303674, 0.00147033
0.00558157, 0.00370756
0.00419991, 0.00188749
0.00726583, 0.00321852
0.00419656, -0.000261745
0.0137075, 0.00822705
0.00652658, 0.0079666
0.00420209, 0.00498301
0.00698262, 0.00241684
0.00653734, 0.00285125
0.00130556, 0.000843835
0.00842299, 0.00285459
0.00810655, 0.000562781
0.00909078, 0.010726
0.0104631, 0.00597388
0.00284131, 0.00347806
0.00473326, 0.00124626
0.00670121, 0.00332079
0.00625947, 0.00158127
0.00592639, 0.00632399
0.00923754, 0.00369211
0.00710491, -0.00164709
0.0100726, 0.00156115
0.00561799, -0.000808428
0.00670568, 0.00500135
0.00708859, 0.00303496
0.00360267, 0.00292018
0.00520414, 0.00315921
0.00647022, -0.000453725
0.00533508, 0.00155951
0.00624392, 0.00234085
0.00594647, 0.00244709
0.00803667, 0.00427296
0.00528188, 0.000525265
0.00787461, 0.00880039
0.00884776, 0.00216661
0.00677577, 0.00385063
0.00909595, 0.00304485
0.00312323, 0.00296093
0.00461099, -0.00193075
0.00561436, 0.00115522
0.00624238, 0.00811717
0.00649978, 0.00459774
0.00857097, 0.00130062
0.00672635, -0.000522017
0.00900612, 0.00371335
0.0123553, 0.00824766
0.00690747, 0.00412425
0.00694745, 0.00158698
0.00363172, 0.00267391
0.00901589, 0.00205263
0.00905206, 0.00274392
0.0094105, 0.0058216
0.00880075, 0.00155028
0.00698433, 0.00440396
0.0106888, 0.00410244
0.0074935, 0.000468863
0.00608098, 0.00156141
0.00495442, 0.00185353
0.00771629, 0.00207384
0.00663831, 0.00181781
0.00736366, 0.0034917
0.00684542, 0.00460183
0.00788224, 0.000107675
0.0138452, 0.0064479
0.00673148, 0.00152071
0.00595745, 0.00230953
0.0137491, 0.00596007
0.0120858, 0.00754448
0.0109164, 0.00510908
0.00546287, 0.00268263
0.00682874, 0.00148047
0.00722599, 0.00272526
0.00464987, 0.00208782
0.00287516, 0.000868786
0.00632569, 0.00168718
0.00918286, 0.00331099
0.00711819, 0.00197319
0.0063944, 0.0044521
0.00819987, 0.00185314
0.0091969, 0.00289146
0.00505628, 0.00282458
0.00487979, 0.00710264
0.00400989, 0.0049353
0.00497244, 0.00296682
0.00580841, 0.00137641
0.00788589, 0.00494912
0.00489685, 0.000622616
0.00867307, 0.000793875
0.00907743, 0.00457287
0.00635025, -0.00104959
0.0074323, 0.00169715
0.00620492, 0.00353295
0.00617387, 0.00451025
0.00815009, 0.00240694
0.00812826, 0.00674094
0.00792672, 0.00215627
0.0108165, 0.00516318
0.00800453, 0.00276914
0.00471802, 0.00103906
0.0108592, 0.00504662
0.00645202, 0.000765014
0.00884594, 0.0061265
0.00894516, 0.00472531
0.00814646, 0.00336193
0.00360595, 0.00283588
0.00614261, 0.000378801
0.0129928, 0.00358349
0.00705814, 0.004534
0.0059085, 0.00434797
0.0105817, 0.00296265
0.00690281, 0.00380969
0.00905293, 0.00835177
0.00729709, -0.00133942
0.00774322, 0.00155437
0.0094504, 0.00710572
0.00745395, -0.00051208
0.00697232, 0.00257875
0.00878461, 0.00444399
0.0035152, 0.00401586
0.00866023, 0.0042625
0.00545699, 0.00183992
0.00633726, 0.000216992
0.00538192, 0.00416304
0.0102149, 0.00532571
0.00579039, 0.00223305
0.00699227, 0.00313034
0.0110677, 0.00608833
0.00512603, 0.00247437
0.00728335, 0.00479602
0.0064692, 0.000866044
0.00385391, 0.000902809
0.00589337, -0.00116476
0.00870662, 0.00309011
0.00647346, 0.00283643
0.00631916, 0.00547398
0.00934496, 0.00480435
0.00940329, 0.00564808
0.00283838, 0.00428048
0.00795826, 0.000734157
0.010705, 0.0104682
0.00670511, 0.00460933
0.00591864, 0.00385846
0.00656882, 0.00127741
0.00385391, 0.000902809
0.00936507, 0.00175313
0.012557, 0.00844257
0.00696009, 0.00179759
0.0089381, 0.00547815
0.00635439, 0.00109837
0.00679736, 0.0033843
0.00567232, 0.00225435
0.00453473, -4.01497e-05
0.00796543, 0.00516478
0.00497541, 0.00608024
0.0111223, 0.00393183
0.00448831, 0.00173543
0.00401717, 0.00203697
0.0102778, 0.00603872
0.0131338, 0.00426784
0.0115699, 0.00586718
0.00594867, 0.00534813
0.00506268, 0.00319811
0.00352528, -0.000903378
0.00584174, 0.000279201
0.0103946, 0.00433298
0.00468027, 0.00192783
0.0109387, 0.00526886
0.00916373, 0.00453503
0.00833643, 0.000767009
0.00841087, 0.00221591
0.00553153, 0.00114433
0.0054592, 0.0029426
0.00825623, 0.00300418
0.00631114, 0.00163507
0.00614261, 0.000378801
0.0104026, 0.00460103
0.00506336, 0.00317423
0.00637859, 0.00304426
0.00452416, 0.00135496
0.0131674, 0.00397489
0.00411812, 0.00342841
0.0092025, 0.00820787
0.00413035, 0.00413964
0.00550054, 0.00419752
0.00874083, 0.00358184
0.00777215, 0.0045673
0.010154, 0.00282369
0.0058769, 0.00178033
0.0095336, 0.00405636
0.00317681, -0.00164213
0.00825769, 0.00267692
0.00489469, 0.000727602
0.0119715, 0.0121737
0.00405235, 0.00518982
0.0074009, 0.00151241
0.00269926, -0.000715921
0.00246887, 0.00046649
0.00746781, 0.00500917
0.00688646, 0.00624949
0.0075714, 0.00243534
0.00770192, 0.000198034
0.00800946, -0.000626968
0.00424463, 0.00395271
0.00912982, 0.00444505
0.00649883, 0.000721561
0.00691832, 0.000439487
0.0105228, 0.00396127
0.00978926, 0.00278821
0.00593776, 0.00326146
0.00282401, 0.00495428
0.00696319, 0.00168834
0.0106527, 0.00644545
0.012764, 0.00457469
0.0044062, 0.00296892
0.00655567, 0.00402324
0.00533052, 0.00150887
0.00835703, 0.00629003
0.00673463, 0.000778683
0.0072241, 0.00207511
0.00323647, 0.00285412
0.00530135, 0.00523612
0.0105954, 0.00589382
0.00788445, 0.0033392
0.0102942, 0.00557107
0.0123819, 0.00464735
0.00532647, 0.00255572
0.00906319, 0.00642675
0.0116187, 0.00441489
0.0103666, 0.00688725
0.0115305, 0.00136762
0.00705814, 0.004534
0.00667078, 0.00561027
0.00913396, 0.000430009
0.00781587, 0.00376698
0.00735439, 0.00195489
0.00823715, 0.000522289
0.0052439, 0.00590867
0.00845299, 0.00169753
0.00705973, 0.00411029
0.0054029, 0.00494621
0.00591379, 0.000990686
0.0141746, 0.00641695
0.00903983, 0.000656155
0.00380554, 0.00121211
0.00547784, 0.00134527
0.00771629, 0.00207384
0.00728309, 0.00503652
0.00559114, -0.00131515
0.0112609, 0.00774156
0.00961924, 0.00298179
0.00361173, 0.000935249
0.00451136, 0.00198803
0.00988128, -0.000256377
0.00665913, 0.00526006
0.00898988, 0.00322468
0.00161271, 0.000195699
0.0129958, 0.0102448
0.0046551, 0.00451784
0.00542622, 0.00261785
0.0104026, 0.00460103
0.0106978, 0.0112586
0.00550262, -0.00140126
0.00550557, 0.00176608
0.0098708, 0.00617105
0.00412131, 0.00541362
0.00842299, 0.00285459
0.00974175, 0.00690357
0.0114657, 0.00164894
0.00695685, -0.000509043
0.00795325, 0.00423992
0.0115485, 0.00140556
0.00525636, 0.00593655
0.00998654, 0.00307573
0.00663254, 0.00252626
0.00839479, 0.00677997
0.00670568, 0.00500135
0.00864806, 0.000194045
0.00864796, 0.000848296
0.00968131, 0.00277415
0.00393297, 0.00211689
0.00523076, 0.00401108
0.00807445, 0.000515247
0.00637349, -0.00102777
0.00520827, 0.00391629
0.00143759, 0.00295555
0.00851902, 0.00374805
0.00730684, 0.00375039
0.00569787, 0.00490456
0.00883322, 0.0046284
0.00552972, 0.0018493
0.00652563, 0.00253482
0.00821026, 0.00308428
0.00669967, 0.00448729
0.0055312, 0.00352081
0.00376874, -0.000634988
0.010891, 0.0046775
0.00523707, 0.000511441
0.00867444, 0.00406014
0.00447922, 0.00432599
0.00489777, 0.00440945
0.00817775, 0.000311587
0.00483159, 0.000349841
0.00681714, 0.00187549
0.00624661, 0.00197328
0.00523949, 0.00411241
0.00430664, -8.91055e-05
0.00690281, 0.00380969
0.00600589, 0.00469447
0.00661802, 0.00471605
0.00371644, 0.000714118
0.005238, 0.00605961
0.00559836, 0.00133346
0.00383843, 0.000922046
0.00802279, 0.00400058
0.00667928, 0.00139808
0.00786738, 0.0011948
0.0081016, 0.0066567
0.00442255, 0.00531758
0.00376894, 0.00564222
0.00616897, -0.001115
0.0045548, -0.00186762
0.00610916, 0.00336125
0.00708823, 0.00132775
0.00923012, 0.00468368
0.00614573, 0.00211906
0.00559991, 0.00388169
0.0110296, 0.00499988
0.00646237, 0.00110551
0.00734437, 0.00383496
0.00907045, 0.00564273
0.0148276, 0.00798883
0.00663012, 0.00382144
0.00499885, 0.00439139
0.00465504, 0.00203044
0.00648982, 0.00527281
0.00517866, 0.00399795
0.0122685, 0.00662965
0.00406402, 0.000604263
0.00288777, 0.00178965
0.00660866, -0.000573888
0.00768477, 0.00339759
0.00942725, 0.00360053
0.00802483, 0.0036039
0.00495556, 6.27199e-05
0.00701423, 0.00170816
0.0100226, 0.00163405
0.00987486, 0.009649
0.0080327, 0.00216938
0.00612972, 0.00509272
0.00646787, 0.000916502
0.00640272, 0.00330264
0.00596629, 0.0042559
0.0103478, 0.00206507
0.00611769, 0.00465493
0.00531948, 0.00138506
0.00708818, 0.000566458
0.00500324, 0.00187327
0.00650319, 0.00518648
0.00602556, 0.00116252
0.0085907, 0.000285314
0.0133472, 0.00738917
0.00576918, 0.00322464
0.00565816, 0.00353412
0.0108511, 0.0060553
0.00603711, 0.00363944
0.0069913, 0.00299179
0.00806508, 0.00392142
0.00962321, 0.004123
0.00639453, 0.000563102
0.0030548, 0.00114784
0.00602689, -0.000614913
0.0119711, 0.0021716
0.00738124, 0.00267774
0.0061077, 0.0053359
0.00872501, 0.00344297
0.00574879, -0.000362582
0.00531475, 0.00305302
0.00607979, 0.00537443
0.00651798, 0.00587613
0.0061203, 0.00562051
0.00904475, 0.00242877
0.0113941, 0.00699149
0.00898334, 0.00138718
0.00595745, 0.00230953
0.00298751, 0.00392773
0.00291412, 0.00359
0.00654559, 0.0015573
0.00693734, 0.0053078
0.00701999, 0.00343465
0.00593266, -0.00069008
0.00593803, 0.00344744
0.0120858, 0.00754448
0.00573032, 0.00420841
0.00260946, 0.00284613
0.00141989, 0.00110699
0.00511358, 0.00107645
0.00697144, 0.00326085
0.00486092, 0.00175855
0.00496433, 0.00124621
0.00640246, 0.00345427
0.00556529, 0.00590095
0.00669264, 0.000403469
0.00962209, 0.00988415
0.00621021, 0.00139653
0.00833706, 0.00485371
0.00363172, 0.00267391
0.00822545, 0.00210478
0.00654377, 0.00177497
0.00834484, 0.00354399
0.00497541, 0.00608024
0.00614512, 0.00127576
0.0066651, 0.00246242
0.00356948, 0.000961833
0.00710886, 0.00366134
0.0070982, 0.00172351
0.00875918, 0.00338629
0.00417084, 0.00707398
0.00532683, 0.00290809
0.00346672, 0.00190088
0.00730519, 0.00322728
0.00438897, -0.00101918
0.0116289, 0.00552628
0.00944968, 0.00212273
0.00811962, -0.000177914
0.00942367, 0.00762629
0.00903797, 0.00277308
0.00955578, 0.00364026
0.00913711, 0.00218309
0.00658042, 0.00137906
0.00825406, 0.0049743
0.0119245, 0.00258387
0.00481876, 0.00714197
0.00439358, 0.00513992
0.0017266, 0.000388556
0.01039, 0.00667728
0.00229208, 0.00310562
0.0118189, 0.00773787
0.00978287, 0.0028539
0.0140696, 0.0106063
0.00701899, 0.00149468
0.0103506, 0.00441178
0.00932685, 0.00440382
0.00751262, 0.0050487
0.00737871, 0.00177311
0.00622129, 0.00425007
0.0127234, 0.005767
0.0112786, 0.00757876
0.00740634, 0.000477078
0.0067155, 0.00400513
0.00342851, 0.00357763
0.00658706, 0.0013685
0.0134009, 0.00634664
0.00454857, -0.000181034
0.0124695, 0.00920091
0.00285686, 0.00236333
0.00923479, -0.000889178
0.00485057, 0.0042833
0.0106157, 0.0104018
0.00724557, 0.00282512
0.00376395, -0.000242409
0.00627339, 0.00567193
0.0052529, 0.00465728
0.00637272, 0.00238602
0.00726806, 0.00157026
0.00452678, 0.00186524
0.0109305, 0.00184628
0.0134722, 0.00875617
0.00475773, -0.000966676
0.00638972, -0.000669405
0.015345, 0.0097993
0.0131999, 0.00976624
0.00499509, 0.000154691
0.00572008, 0.00237977
0.00620239, 0.00295592
0.00516846, 0.00599707
0.00589876, 0.00404845
0.00529656, 0.00374601
0.0108303, 0.0050939
0.0130706, 0.00565417
0.00398799, 0.00385835
0.00591749, 0.00134888
0.00464495, -0.00125093
0.00616653, 0.00543601
0.00516846, 0.00599707
0.00535611, 0.00423565
0.0034213, 0.00450511
0.00570725, 0.000816995
0.0071934, 0.001438
0.0110006, 0.00496309
0.0142895, 0.00609616
0.00535564, 0.000307181
0.00893534, 0.00214264
0.00630917, 0.00245207
0.00811846, 0.00578103
0.00869903, 0.00514875
0.00575355, 0.00413765
0.00435955, -0.000510278
0.00822079, 0.00211171
0.00936474, 0.00244056
0.00837252, 0.00681871
0.00629188, 0.004062
0.00690349, 0.00282116
0.00555962, 0.00388871
0.00118023, 0.000903827
0.00227324, 0.00288768
0.00698969, 0.005361
0.00707831, 0.000977966
0.00682874, 0.00148047
0.00330507, 0.00178044
0.00916739, 0.00681963
0.00569781, 0.00436411
0.00533212, -0.00123946
0.0077793, 0.00271769
0.00535132, -0.00139707
0.00531569, 0.00409213
0.00579468, 0.00210961
0.00578676, 0.00471075
0.00731975, 0.00432734
0.00699307, 0.00362085
0.00837283, 0.00273527
0.00641788, 0.00147063
0.00776016, 0.00151541
0.00485735, 0.0013951
0.00548582, 0.00479014
0.00275974, 0.00356946
0.0104717, 0.0035297
0.00976232, 0.00425636
0.00832603, 0.000882582
0.00540781, 0.00140807
0.0110159, 0.00214021
0.00576898, 0.000201149
0.00877097, 0.00185372
0.00673276, 0.00355764
0.00627407, 0.00126252
0.00655361, -0.000679879
0.00354426, 0.000787898
0.00628703, 0.00139675
0.00576304, 0.00545836
0.00507239, -0.000979801
0.00753938, 0.00225815
0.00541125, 0.00368462
0.00685562, 0.000498417
0.00746458, 0.00449683
0.00610744, 0.000883864
0.00563428, 0.00286469
0.00671847, 0.00573264
0.00247, 0.00105021
0.00544405, 0.00363746
0.0124235, 0.0057172
0.00656772, 0.00249441
0.00687976, 0.00442491
0.00691427, 0.00577392
0.00467849, 0.00577221
0.00976111, 0.00374558
0.00324465, -0.00172047
0.00479365, -0.000931917
0.00708296, 0.000837421
0.00590414, -0.00096156
0.00688641, 0.00554794
0.00592743, 0.000482532
0.00467946, 0.00337018
0.0111382, 0.00425252
0.0063521, 0.00320083
0.00697232, 0.00257875
0.00332475, 0.00218573
0.00692396, 0.00427999
0.00441435, 0.00173589
0.00406876, 0.000644397
0.00888315, 0.000205348
0.0103727, 0.0101304
0.00692161, 0.00368231
0.00634481, 0.00149626
0.00198043, 0.00227497
0.0045548, -0.00186762
0.0103168, 0.00211178
0.00333738, 0.00267368
0.00697084, 0.0048688
0.0058751, 0.00403867
0.0109307, 0.0066205
0.00541984, 0.00281588
0.00497936, 0.00336592
0.00367506, 0.000474757
0.005876, 0.00270244
0.00515159, 0.000802694
0.0106157, 0.0104018
0.0119625, 0.00940504
0.0124173, 0.00546666
0.00731044, 0.00112669
0.00745003, 8.28164e-05
0.015188, 0.00949963
0.0103182, 0.00310601
0.00531047, 0.00297087
0.0126415, 0.00726012
0.00996486, 0.00314462
0.00731655, 0.000155345
0.00688793, 0.00420239
0.00520532, 0.00152155
0.00756995, 0.00122403
0.00965603, -0.000147389
0.00539014, 0.00442034
0.00625025, 0.00238213
0.00585147, 0.00262717
0.00395143, 0.00229899
0.00217569, 0.00245163
0.00625835, 0.00159775
0.00327026, 0.00202627
0.00638693, 0.000614106
0.00594809, 0.00261286
0.00321016, -0.000965484
0.00591642, 0.00354502
0.00934403, 0.00292584
0.00842522, 0.00197493
0.00832128, 0.00644431
0.00976298, 0.00552515
0.00929659, -0.000816142
0.0034995, -0.00151226
0.00938119, 0.00256919
0.00517338, -0.000857212
0.0100676, 0.00967125
0.00840456, -0.000109719
0.00744243, 6.96632e-05
0.00681188, 0.00312018
0.00699151, 0.00212027
0.0103152, 0.00376038
0.00919926, 0.00458724
0.00353564, 0.00575825
0.00825248, 0.000922272
0.0111203, 0.00559626
0.0068034, 0.00142896
0.00634658, 0.00467544
0.00568086, 0.0039693
0.0102248, 0.00314317
0.00359006, -0.00150682
0.00652646, 0.00279826
0.00965354, 0.000611737
0.00938484, 0.0047087
0.00794912, 0.00258203
0.0104963, 0.00395655
0.0117322, 0.00508036
0.00556416, 0.00806269
0.00960517, 0.00430201
0.00902084, 0.0048131
0.00938709, 0.00674268
0.00596361, 0.00411718
0.00599831, 0.00451912
0.0069908, -0.000161726
0.00509246, 0.00457288
0.0106416, 0.00287494
0.00845522, 0.00313214
0.00904246, 0.000706327
0.00497624, -0.00112795
0.00333246, 0.00356512
0.00789449, 0.00361709
0.0111498, 0.00631078
0.00605466, 0.00352798
0.00596364, -0.000686344
0.00701737, -0.00219481
0.010463, 0.00915634
0.00642331, 0.00178737
0.00780643, 0.00421562
0.00402599, 0.00168165
0.00436996, -0.000908034
0.00439652, 0.00373462
0.00844776, -0.000155063
0.00823356, 0.00460815
0.0145663, 0.00884399
0.00909512, 0.00684051
0.00895884, 0.00384419
0.00375457, -0.000817917
0.00462654, -0.00287559
0.0101968, 0.00220916
0.00444776, 0.00251111
0.00423311, 0.00756287
0.00916031, -0.000212816
0.00292173, 0.00389422
0.00808576, 0.00243918
0.00502504, 0.00167384
0.00486029, 0.00510799
0.0109182, 0.00370936
0.00449979, 0.00534053
0.0139764, 0.00452166
0.00837299, 0.00285117
0.00415365, 0.00290214
0.00381006, 0.00369442
0.00743773, 0.00192743
0.00606731, 0.000803012
0.0128933, 0.0058664
0.00306231, 0.00124675
0.00619301, 0.000652175
0.00854537, 0.0026306
0.00698433, 0.00440396
0.00799764, 0.00362542
0.0126293, 0.0027944
0.00878816, 0.00655199
0.00402629, 0.00162999
0.00684086, 0.00225095
0.00694777, 0.00201539
0.00810838, 0.00335517
0.00332475, 0.00218573
0.00535717, 0.00602573
0.00999122, 0.00224849
0.0108842, 0.00457895
0.00558589, 0.00493351
0.00785737, 0.00350935
0.00566749, 0.00177147
0.00500702, 0.00168727
0.00436668, 0.00199179
0.012333, 0.00695598
0.00676488, 0.0011294
0.00778166, 0.00296496
0.00829608, 0.00317877
0.00642676, 0.00118087
0.00419685, 0.00449577
0.00643312, 0.0049074
0.00708859, 0.00303496
0.00855186, 0.00188253
0.00296124, 0.00113189
0.00258891, 0.00290637
0.00705814, 0.004534
0.00398258, 0.00488419
0.00334954, 0.00211331
0.00674836, 0.00205448
0.00899458, 0.00428893
0.00908693, 0.00253131
0.0081052, 0.000182765
0.00221438, 0.00392199
0.00730479, 0.00294881
0.00776964, 0.000320171
0.0108042, 0.00153829
0.00950316, 0.00315667
0.00488793, 0.00202073
0.00627618, -0.000311192
0.0061203, 0.00562051
0.00230717, 0.00238801
0.0044062, 0.00296892
0.00463066, -0.00275309
0.00866812, 0.00110815
0.0060651, 0.0037911
0.0100065, 0.00295897
0.00553379, 0.00419812
0.00442036, 0.00682915
0.00380554, 0.00121211
0.00666621, 0.00367465
0.00372787, 0.00162935
0.0117021, 0.00543256
0.00621318, 0.00216994
0.00607356, 0.0033565
0.00628053, 0.000824334
0.0121758, 0.00301555
0.00869851, 0.000885638
0.00156369, 0.0020798
0.00664571, -0.000380305
0.00235163, 0.00237567
0.00400989, 0.0049353
0.0107088, 0.00354594
0.00841986, 0.000315689
0.00578494, 0.00399398
0.00802224, 0.00546204
0.0011859, 0.00145069
0.00516134, 0.00125336
0.00650495, -0.000594039
0.0060011, -0.000913219
0.00513746, 0.0052604
0.00744595, 0.00271679
0.00677392, 0.0033668
0.0064687, 5.62117e-05
0.00817495, 0.000830884
0.0113253, 0.00451039
0.00367148, 0.00209199
0.00398064, -0.00238124
0.00720368, 0.000744257
0.0035152, 0.00401586
0.00419433, 0.00266551
0.00701979, 0.00182799
0.00542123, 0.00113604
0.00446117, 8.0626e-05
0.0056174, 0.00434975
0.00819833, 0.00249559
0.00976767, 0.00199908
0.00644562, 0.0010789
0.0111248, 0.0063277
0.00635224, 0.00308098
0.00855181, 0.00643422
0.00722241, 0.00334348
0.00912611, 0.00243068
0.00440368, 0.00184101
0.00433142, 0.00218089
0.00251319, 0.00419518
0.00397925, -0.000224453
0.00666616, 0.00437969
0.00487434, 0.00174198
0.00694138, 0.0025503
0.00617849, -0.00022122
0.00356545, 0.00308492
0.00965559, 0.00742098
0.00649564, 0.00213621
0.00524169, 0.000842342
0.00739907, 0.00335197
0.0078014, 0.00118333
0.0081366, 0.00233826
0.0109388, 0.00546296
0.0063263, 0.00195013
0.00583731, 0.00145659
0.00941295, 0.00740775
0.00553379, 0.00419812
0.0102697, 0.00622356
0.00854147, 0.000960907
0.00645547, 0.0048455
0.00553642, 0.00450416
0.00675973, 0.00294023
0.0143608, 0.00691855
0.00719718, 0.00280335
0.00900002, 0.00511075
0.00769178, 0.000836647
0.00612453, 0.000393673
0.00807967, 0.00123347
0.00511035, 0.00681964
0.00809021, 0.0027899
0.00687551, 0.000856282
0.00501534, 0.000937355
0.0078658, 0.00231141
0.00819715, 0.00257431
0.00883117, 0.00457325
0.00783519, 0.00542364
0.00868587, 0.00964063
0.00824659, -0.000536183
0.00466463, 0.00182228
0.00569946, 0.00504359
0.00945589, 0.0032311
0.00498574, 0.000314507
0.00336369, 0.000993342
0.00586336, 0.00172245
0.00441605, 0.00255235
0.00855166, 0.00270293
0.00767317, 0.000448357
0.00930531, 0.00449945
0.00480135, 0.00301318
0.00818255, 0.00150354
0.00959566, 0.00400267
0.00915699, 0.00342411
0.00466234, 0.00192491
0.0052082, 0.00128579
0.00462679, 0.00110869
0.00780052, 0.00337626
0.00484454, 0.00168092
0.00342, 0.00278574
0.00675277, 0.00405248
0.00572074, -0.00100248
0.00627589, 0.00564057
0.00635555, 0.00262666
0.00480034, 0.00497195
0.0055969, 0.00575882
0.00730303, 0.00241565
0.00310254, 0.000931838
0.00558248, 0.0039156
0.00920685, 0.00240845
0.00747482, 0.00178376
0.00838482, 0.00129031
0.00453473, -4.01497e-05
0.00741593, 0.00245112
0.00471224, 0.00155932
0.00760736, -0.000399617
0.00665175, 0.0026374
0.00767137, 0.00510908
0.00669378, 0.00184802
0.00476658, 0.00554392
0.00325239, 0.00163384
0.00283881, -0.00292422
0.00590468, 0.00459411
0.00803919, -0.000205379
0.00469578, 0.00402064
0.00578419, 0.00247508
0.00441435, 0.00173589
0.00369813, -0.00189181
0.00871378, 0.00471065
0.00800677, 0.00236617
0.00467284, 0.00123817
0.0115584, 0.00406921
0.00468685, 0.00181551
0.00754256, 0.00224578
0.00628659, 0.00308253
0.00737227, 0.00161018
0.0092656, 0.00319228
0.0121187, 0.00518456
0.00584971, 0.00380307
0.00974175, 0.00690357
0.00770576, 0.00212599
0.00662251, 0.00170493
0.0127843, 0.0089196
0.00933843, 0.000363001
0.00662629, 0.000189073
0.00964529, -3.28956e-05
0.00512176, 0.000838612
0.00368309, 0.00230291
0.0054505, 0.00459396
0.00629362, 0.00401221
0.00270071, 0.0028443
0.00764634, 0.00195763
0.00467218, 0.00377012
0.00812262, 0.00122548
0.00394803, 0.00221174
0.0100052, 0.00164862
0.00755603, 0.0030807
0.00707682, 0.00561543
0.00600298, 0.000703617
0.0067683, 0.00176
0.00572543, 0.00400759
0.00508373, 0.00310939
0.00670676, 0.000828262
0.00631194, 0.00306403
0.00724913, 0.000524191
0.00721376, 0.00461461
0.0087032, 0.00280891
0.00926565, 0.0027659
0.00945216, -0.000226195
0.00837299, 0.00285117
0.00419208, 0.000131942
0.0143699, 0.0106808
0.00930471, 0.00511295
0.00681513, 0.00246893
0.00850639, 0.0037904
0.00541939, -0.00147267
0.0102149, 0.00532571
0.00569164, 0.00342186
0.00688163, 0.00232186
0.0141411, 0.00655409
0.00157262, 0.00211823
0.00537162, 0.00177646
0.00233159, 0.0026438
0.00277426, 0.00517726
0.00638769, 0.00228504
0.0105195, 0.00864596
0.00942532, 0.00418145
0.00849422, -0.000313836
0.00520475, 0.00398144
0.00553554, -0.000702472
0.00740718, 0.00263721
0.0048964, 0.00312986
0.00860197, 0.0037123
0.00959897, 0.0065619
0.00641653, 0.00396369
0.00694371, 0.00341282
0.00756165, 0.00267113
0.0051668, 0.00219659
0.00809851, -3.54702e-05
0.00716732, 0.00126061
0.00413298, -0.00226102
0.00501899, 0.0038099
0.0075554, 0.00154219
0.00515157, 0.00203196
0.00609094, -0.00070852
0.00619526, 0.00224845
0.00228395, 0.000989768
0.00368335, 0.00340631
0.00510833, 0.00299443
0.00979031, 0.00167297
0.00388845, -0.000574401
0.00549334, 0.00474544
0.0101264, 0.00512073
0.00505586, -0.00220108
0.00461745, -0.00111737
0.00385391, 0.000902809
0.00690309, 0.0011048
0.00539642, 0.00375323
0.00636218, 0.00555741
0.00897384, 0.00319812
0.0107924, 0.00514039
0.00632154, 0.00423199
0.00666544, -0.000280837
0.00616065, 0.00413464
0.010606, 0.00615521
0.00918742, 0.002659
0.00327026, 0.00202627
0.00898067, 0.00160923
0.00772338, 0.00393453
0.00579836, 0.0054462
0.00765673, 0.000462743
0.00721672, 0.0043188
0.012672, 0.0122138
0.00400989, 0.0049353
0.00846502, 0.00265693
0.00840313, 0.00332234
0.0103727, 0.0101304
0.0131389, 0.00664438
0.00368603, 0.00201124
0.00771319, 0.00220922
0.00390207, 0.000694431
0.00129459, 0.00251483
0.00577749, 0.00424054
0.00284131, 0.00347806
0.00685685, 0.00469415
0.00703159, 0.000387291
0.0121386, 0.00231577
0.00784236, -4.18889e-06
0.0113065, 0.00282508
0.00572349, 0.00663327
0.00938321, 0.00395294
0.00354761, 0.00406426
0.00892376, 1.53e-05
0.0118819, 0.00254975
0.00588809, 0.00598063
0.0031826, 0.00181641
0.00949054, 0.00404341
0.0104835, 0.00753934
0.00637053, 0.00298695
0.00841847, 0.00365988
0.0135111, 0.00494717
0.00775557, 0.00520521
0.00608194, 0.00345155
0.00585532, 0.00431591
0.00612418, 0.00377925
0.00928523, 0.00537078
0.00485204, 0.00139762
0.00228709, 0.00259636
0.00726686, 0.00122975
0.00598586, 0.00433343
0.00803667, 0.00427296
0.00414333, 0.00114906
0.00979093, 0.00679308
0.00818881, 0.00244493
0.00641092, 0.00495635
0.00449738, 0.00643462
0.00815363, 0.000577946
0.00770086, 0.00141401
0.0141006, 0.00846017
0.00579532, 0.00543896
0.0113416, 0.00306977
0.011358, 0.00724107
0.00783743, 0.00249272
0.00674336, 0.00345038
0.0056517, 0.00550846
0.00906931, 0.00275797
0.00634599, 0.00461601
0.00706767, -0.000745125
0.00743369, 0.00387159
0.00850475, 0.00302504
0.00588809, 0.00598063
0.00774962, 0.00390874
0.00489346, 0.00442083
0.004828, 0.00699531
0.0102661, 0.0087469
0.010308, 0.00756882
0.00824957, 0.00336015
0.00685364, 0.00366622
0.0111022, 0.00367435
0.00288345, 0.00363378
0.00780699, 0.00312294
0.00937641, 0.00370286
0.00536437, 0.000601822
0.00611319, 0.00586952
0.00360595, 0.00283588
0.00583731, 0.00145659
0.0113114, 0.00422291
0.00383775, 0.0016296
0.0131242, 0.00670829
0.00568867, 0.000751864
0.00656384, 0.0022704
0.00374293, 0.00578167
0.00833716, 0.00621169
0.00769636, 0.00243796
0.00640316, 0.00161241
0.00332475, 0.00218573
0.00802564, 0.000896326
0.00395905, -0.000759164
0.0096739, 0.0037819
0.00166912, 0.00227429
0.0134376, 0.0088561
0.00569763, 0.00251756
0.00480937, 0.00555965
0.00918424, 0.00161563
0.00912544, -1.75039e-05
0.00672928, 0.00155436
0.00430519, 0.000957615
0.00207478, 0.00195465
0.00669361, 0.00137588
0.0063073, 0.00139172
0.0085323, 0.00476947
0.0072721, 0.000679034
0.00555436, 0.000259475
0.0101282, 0.00654613
0.00878288, -0.00150724
0.0056391, 0.00190535
0.00674169, -0.00106628
0.00574613, 0.00488818
0.00802596, 0.00216593
0.00479169, 0.00350811
0.00607951, 0.00254227
0.00846839, 0.000820848
0.00717905, 0.00373582
0.00399289, 0.00519434
0.0109775, 0.00721474
0.00693486, 0.00534003
0.00674065, 0.00113722
0.00369408, 0.0012252
0.00721395, 0.00289924
0.00719707, 0.00175093
0.00467779, -0.00148683
0.00455228, 0.00195854
0.00808928, 0.00401585
0.0100807, 0.00422784
0.0067685, 0.0022043
0.0110775, 0.00676575
0.00654211, -0.00128041
0.005882, 0.000466043
0.00958535, 0.0029101
0.00490907, 0.00327825
0.00631614, -0.00053133
0.00904867, 0.00424532
0.0067841, 0.00454101
0.00373183, 0.00195202
0.00424333, 0.00638616
0.00742978, 0.00125882
0.00611425, 0.00143129
0.0094335, 0.00303362
0.00478334, -0.000776377
0.00599927, 0.00561368
0.0122703, 0.00210409
0.0088951, 0.000218023
0.0106978, 0.0112586
0.00744758, 0.00193881
0.00564471, 0.00385242
0.00733962, -0.00104496
0.00508683, -0.000362222
0.00418345, 0.00518374
0.00360595, 0.00283588
0.00844349, 0.00344781
0.00436264, 0.00542019
0.00733838, 0.00615202
0.00611091, 0.00562055
0.00531106, 0.00395278
0.00978742, 0.00571509
0.00307336, 0.00321549
0.00733263, 0.00214544
0.00530536, 0.00400184
0.00789287, 0.00380366
0.00558512, 0.00315774
0.00821302, 0.00593243
0.00614523, 0.00123422
0.00641767, 0.00249891
0.00668028, 0.00518929
0.00674844, 0.00356516
0.00129459, 0.00251483
0.00670158, 0.00487146
0.00641269, 0.00507461
0.00614512, 0.00127576
0.003153, 0.00327996
0.00857137, 0.00455219
0.00874277, -0.000749889
0.00935862, 0.00255749
0.00646244, 0.00504139
0.00746834, 0.00314214
0.00508632, -0.000557776
0.0108063, 0.0023775
0.00776217, 0.00189075
0.00725901, 0.00305725
0.0104453, 0.00275413
0.00967155, 0.00394131
0.00772696, 0.00183817
0.00682874, 0.00148047
0.008149, 0.00392207
0.00447999, -0.00074612
0.0077318, 0.0006832
0.00738786, 0.00228753
0.0111259, 0.0121893
0.00805347, 0.000685581
0.0072499, -0.00184251
0.007747, -0.00121084
0.00652649, 0.00336871
0.011159, 0.00821379
0.00777645, 0.00334834
0.00218409, 0.00290022
0.00422397, 0.00115942
0.00837589, 0.00200586
0.0106923, 0.00677834
0.00528659, 0.00678989
0.00495509, 0.00206197
0.00842076, 0.00251371
0.00264384, 0.00337595
0.00737582, 0.00578781
0.00729479, 0.001108
0.0105897, 0.00211392
0.0128233, 0.00744998
0.0063258, 0.00568066
0.00401435, -0.000849341
0.0106318, 0.00463646
0.0096116, 0.00559728
0.00457172, 0.00154084
0.00544415, 0.00449448
0.00542065, 0.00614213
0.0046439, 0.0011673
0.00833888, 0.00439618
0.00369629, 0.00307235
0.00623934, 0.000601315
0.0102983, 0.0063807
0.0018212, -0.000714071
0.00442712, -0.00295827
0.00915852, 0.0039346
0.00418914, 0.00625968
0.00826511, -0.000124399
0.00937758, 0.00452125
0.00805331, 0.00247458
0.00775126, 0.00104834
0.00816745, 0.00121679
0.00843991, 0.00807661
0.00416211, 0.00533964
0.00526917, -0.00123987
0.00609791, 0.00195403
0.00440822, 0.0052682
0.00648981, 0.00449768
0.00778074, 0.00315032
0.0144369, 0.00850145
0.0027569, -0.00191837
0.0104357, 0.0108974
0.00899762, 0.00332421
0.0051155, 0.000545572
0.00421851, 0.00155927
0.0103962, 0.00389846
0.00575816, 0.00153546
0.011278, 0.00669116
0.00560211, 0.000829969
0.00961213, 0.00417592
0.00527049, 0.000248833
0.0104026, 0.00460103
0.011338, 0.00574066
0.00742812, 0.00248597
0.00904615, 0.000525548
0.00550569, 0.00428866
0.0027703, -0.00040599
0.00672161, 0.00205312
0.00667987, 0.00234408
0.00750255, 0.00312977
0.0108653, 0.00362948
0.00986757, 0.00278203
0.00536377, 0.00428674
0.00839287, 0.004472
0.00582508, 0.00200442
0.00799916, 0.00158132
0.00864988, -0.000576808
0.00243066, 0.00404305
0.00635312, 0.00289996
0.00690281, 0.00380969
0.00858341, 0.00343914
0.00811136, 0.00386902
0.00612235, 0.00434108
0.00606725, 0.00334557
0.0136636, 0.0124412
0.00568219, 0.00121115
0.00420499, 0.00112492
0.00737303, 0.00287567
0.0066607, 0.00259551
0.00523096, 0.000463369
0.00698504, 0.00330563
0.00709218, 0.00264451
0.00816003, 0.00392298
0.00835877, 0.00720692
0.006165, 0.00396201
0.00696605, 0.00622496
0.00254041, 0.00375282
0.00982454, 0.00521059
0.00745587, 0.00164429
0.0067289, 0.00222553
0.00937314, -0.000261523
0.00672945, 0.00507421
0.00387216, 0.00208244
0.0116718, 0.00490177
0.00708859, 0.00303496
0.00735616, 0.00220505
0.00601134, 0.00437826
0.00535125, -0.00114946
0.00685418, 0.00339717
0.0072684, 0.00440325
0.0108266, 0.0116106
0.00665993, 0.00152339
0.00718298, 0.00356204
0.00952038, 0.00747478
0.00189791, 0.00186422
0.0127549, 0.0122055
0.00914882, 0.00572864
0.00528294, 0.00137647
0.00677002, 0.00407979
0.00955332, -0.000573158
0.00431684, 0.00100274
0.00420178, 0.00630406
0.00291951, 0.00041442
0.00258008, 0.00187243
0.00482142, -0.00082419
0.00670568, 0.00500135
0.0108203, 0.00659658
0.00514251, -0.00150404
0.00680283, 0.00446098
0.00576248, 0.00102794
0.0107667, 0.00164716
0.00372404, 0.00463043
0.00602605, 0.004623
0.0062376, 0.0044698
0.00506734, 0.00393711
0.0135296, 0.00846061
0.0030595, 0.00549406
0.00374587, 0.0021804
0.00786445, 0.00389349
0.00697943, 0.000336012
0.0070889, 0.00467674
0.00483101, 0.00340804
0.00607048, 0.00135105
0.00528831, 0.000566171
0.00552723, 0.000199542
0.00652994, 0.00343804
0.00391496, 0.00227903
0.00764806, 0.00112701
0.00895141, 0.00156032
0.0049406, 0.00136095
0.00598344, 0.00185581
0.0077354, 0.00554388
0.00694353, 0.00186694
0.00644843, 0.0037497
0.00665225, 0.000819445
0.0143002, 0.00954557
0.0101318, -0.000562208
0.0104399, 0.00397933
0.00666466, 0.00288625
0.00698429, 0.00187015
0.0058823, 0.00352216
0.00568867, 0.000751864
0.00767737, 0.00338689
0.00569946, 0.00504359
0.0100616, 0.0050142
0.00475537, 0.00711995
0.00470274, 0.00263201
0.00966145, 0.00849437
0.0117826, 0.00155015
0.0047818, 0.00104237
0.0068783, -0.000125963
0.00965332, 0.00341493
0.00804223, 0.00426911
0.00892735, 0.00265035
0.0104928, 0.00682352
0.0102501, 0.0062024
0.00941808, 0.00520362
0.00649643, 0.00505696
0.0102599, 0.00994988
0.00457887, 0.00334852
0.00595941, 0.00224693
0.00712966, 0.00318517
0.00764662, 0.00248403
0.00453174, 0.00228478
0.00856652, 0.00573347
0.00944728, 0.00416697
0.00214482, -0.00101178
0.00632943, 0.00232619
0.00740718, 0.00263721
0.0101898, 0.00260319
0.0061603, -0.00225798
0.00802193, 0.000394779
0.00613384, 0.00287508
0.00387457, 0.00530798
0.0100857, 0.00434864
0.00385559, 0.00145671
0.00855642, 0.00103173
0.00676643, 0.00199449
0.0045315, 0.00410538
0.0106822, 0.00641583
0.00513763, 0.0043057
0.00795205, 0.00174135
0.00912699, 0.0062422
0.0108397, 0.00250822
0.00714029, 0.00350318
0.00589932, 0.00407644
0.00428557, 0.00144037
0.00591143, 0.00174819
0.00533565, -0.00229004
0.0104517, 0.00750934
0.00704711, 0.00187563
0.00670121, 0.00332079
0.00376387, 0.00303525
0.00942406, 0.00564112
0.00447128, -0.00201126
0.00720577, 0.00700072
0.0108422, 0.00428265
0.00678782, 0.00296168
0.00507735, 0.00136633
0.0104559, 0.00788363
0.0123863, 0.00503913
0.00556724, 0.00123963
0.00728955, 0.000575571
0.00588322, 0.00346646
0.0042485, 0.0040974
0.00127793, 0.000813941
0.003992, 0.0021751
0.00579175, 0.000231318
0.00892647, 0.00397923
0.00623889, 0.00293329
0.007444, 0.00483579
0.00499234, 0.00424712
0.0119972, 0.00698374
0.0053793, 0.00160028
0.00656643, 0.00322022
0.00381615, 0.00589362
0.00890795, 0.00161451
0.0094861, 0.00332807
0.00478149, 0.00492026
0.00639233, 0.00159255
0.00343709, 0.00161435
0.00857733, 0.00650041
0.00217305, 0.00353936
0.00792247, 0.00306595
0.0050803, 0.00219252
0.00298981, 0.00393541
0.0104077, 0.00697478
0.00429536, -0.00152587
0.00581984, 0.00380135
0.00573787, 0.00121878
0.00652198, 0.00156132
0.00571894, 0.00402882
0.0080822, 0.00053213
0.00498478, 0.00280324
0.0100304, 0.00397397
0.00809709, 0.00338667
0.00974153, 0.00550785
0.0108399, 0.00278799
0.00379869, 0.00166752
0.00762609, 0.00300602
0.00754172, 0.00215311
0.0112489, 0.00713443
0.00593204, 0.00368887
0.00770586, 0.00140221
0.00496433, 0.00322964
0.00757573, 0.00279054
0.0048411, 0.00559872
0.00961761, 0.00532507
0.00878298, 0.00554249
0.00620747, 0.00310911
0.0137899, 0.00474038
0.00747745, 0.00213902
0.0101835, 0.00232877
0.00921411, 0.00710947
0.00671816, 0.00460839
0.0060959, 0.00604054
0.00169417, 0.000321358
0.00304776, 0.000948893
0.0130712, 0.00587982
0.00231557, 0.00350973
0.008541, 0.00156678
0.00668028, 0.00518929
0.0107407, 0.0061967
0.00813262, 0.000623791
0.0112154, 0.00513625
0.00794754, 0.00124939
0.00827684, 0.00350815
0.0051194, 0.00448287
0.013486, 0.00844967
0.00169948, 0.000769099
0.00685562, 0.000498417
0.00887497, 0.00349842
0.00485552, 0.000998668
0.0064962, 0.00398317
0.00440321, 0.00388355
0.00796893, 0.00415938
0.00561357, 0.000899735
0.00928749, 0.00434858
0.00970581, 0.00392266
0.00548735, 0.00187791
0.00684275, 0.00347949
0.00717061, 0.000710803
0.00459074, 0.0032882
0.0102051, 0.00725217
0.0056523, 0.00112109
0.00773653, 0.00357833
0.0132336, 0.0118978
0.0129909, 0.00421369
0.00833643, 0.000767009
0.0041038, 0.00200666
0.0116682, 0.00733318
0.0072402, 0.00340055
0.00810014, 0.00213368
0.00974175, 0.00690357
0.0139312, 0.00535428
0.00541587, 0.00290916
0.00669757, 0.00530969
0.00306367, 0.00447934
0.00907743, 0.00457287
0.00519126, 0.0026561
0.00728356, 0.00432368
0.00864632, 0.0016811
0.0101239, 0.00647237
0.0126133, 0.00464691
0.00618227, 0.00453749
0.00144107, 0.00127567
0.00396929, 0.000246305
0.00961071, 0.00606893
0.00867585, 0.0014333
0.00534413, 0.00292235
0.00738167, 0.00144011
0.0139793, 0.00824408
0.00483354, -0.00123722
0.00766978, 0.00047523
0.00524278, 0.000481847
0.00720293, 0.00398792
0.00349987, 0.00231805
0.00472725, 0.000768426
0.0121041, 0.00920469
0.00386192, 0.00225
0.00527257, 0.00484555
0.00850457, 0.00419987
0.00391531, 0.00108279
0.00721237, 0.00231108
0.00811214, 0.00368178
0.00802954, 0.00213966
0.00699976, 0.00171619
0.00698289, 0.00173019
0.00731975, 0.00432734
0.00599757, -0.000547492
0.0113106, 0.00681327
0.00688018, 0.0052563
0.00535509, 0.00613516
0.00418711, 0.00296768
0.0104202, 0.00076758
0.0068034, 0.00142896
0.00693235, 0.00373918
0.00374506, -0.00130828
0.00741355, 0.00177599
0.00733343, -0.000610564
0.0064066, 0.00262072
0.0114353, 0.00150224
0.0102737, 0.00158791
0.013248, 0.0124459
0.00590421, 0.0008363
0.00742837, 0.00300012
0.00477748, 0.00343889
0.00729319, 0.00455484
0.00827569, 7.829e-05
0.0026432, 0.000987884
0.00543047, -0.00223981
0.00483665, 0.00237241
0.00811999, 0.00290692
0.0073603, 0.00343621
0.00400778, 0.00212791
0.00391208, 0.00146755
0.00691878, 0.00256771
0.00958531, 0.00138936
0.0075006, 0.00358086
0.0121668, 0.00753132
0.00577428, -0.000891275
0.005788, 0.00103756
0.00415844, 0.00183791
0.00642704, 0.000720061
0.00653587, 0.00183049
0.00541072, -0.00214475
0.00575465, 0.00412052
0.00856522, 0.000998479
0.0122318, 0.00397755
0.00923771, 0.00655771
0.00676157, 0.00452555
0.00668512, 0.00504966
0.0053357, 0.0013593
0.00469152, 0.00222842
0.00129459, 0.00251483
0.00594724, -0.00178899
0.00425522, 0.00415968
0.00375704, 0.00044326
0.00611568, 0.00191116
0.00431543, 0.00105777
0.00479989, -0.00224704
0.00682342, 0.00448947
0.0106584, 0.0014563
0.00487709, 0.000607669
0.00601678, 0.00423602
0.00770312, 0.00120758
0.00376395, -0.000242409
0.00777297, 0.00214873
0.00485992, 0.00359164
0.00805895, 0.00338004
0.00509467, 0.00148465
0.00778607, 0.00133429
0.00771342, 0.0018264
0.00563647, 0.00350999
0.00361826, -0.000881205
0.00463596, 0.00483993
0.0135409, 0.0123683
0.00673728, 0.00291211
0.0101569, 0.00546417
0.0096523, 0.00482069
0.0102963, 0.00192412
0.00890114, 0.00446873
0.00515826, 0.00246564
0.00808974, 0.00417617
0.00612328, 0.000364686
0.0117784, 0.00534164
0.00678197, 0.000854844
0.0103486, 0.00752136
0.0113996, 0.0118814
0.00443274, 0.00343164
0.00943258, 0.00832772
0.00755181, 0.00390644
0.0104148, -4.28877e-06
0.0105657, 0.00512259
0.00621457, 0.000359732
0.00468536, -0.000188202
0.00719505, 0.00440841
0.00916718, 0.00456165
0.0015413, 0.00151809
0.00714682, 0.00253998
0.00643412, 0.0019436
0.00556019, 0.00538253
0.00441051, -0.000862229
0.00807576, 0.00130513
0.00465506, 0.00172483
0.0035152, 0.00401586
0.0026372, -0.00292244
0.00519126, 0.0026561
0.00357736, 0.00300167
0.00765244, 0.00250983
0.00619891, 0.0002163
0.00748838, 0.00429621
0.00314169, 0.00289184
0.00441277, 0.00392648
0.00597244, 0.00350496
0.00544242, -0.0011614
0.00542755, 0.000784091
0.00559074, -0.00151743
0.00815998, 0.000929805
0.00781587, 0.00376698
0.00614573, 0.00211906
0.00676222, 0.00481294
0.00345992, 0.00158906
0.00666933, 0.00512414
0.00731764, 0.00383961
0.0096653, 0.00781298
0.00805064, 0.00234301
0.00440088, 0.00480762
0.00855186, 0.00188253
0.0111208, 0.00315496
0.014712, 0.00540531
0.00989091, 0.00778638
0.0108268, 0.00680705
0.00877003, 0.005899
0.00925193, 0.00269727
0.00843418, 0.000183841
0.00750054, 0.00402511
0.00606733, -0.000104099
0.00799708, 0.00249732
0.010963, 0.000451453
0.00435588, -0.000324821
0.00813689, 0.00501561
0.00620034, 0.00122512
0.00773693, 0.0028467
0.00513139, 0.00436557
0.00672943, 0.00252728
0.0056624, 0.000496534
0.00829789, 0.00601228
0.00520475, 0.00398144
0.0052315, -0.000658487
0.0104026, 0.00460103
0.0125466, 0.00612855
0.00367008, -0.000859823
0.00722267, 0.00467958
0.00694811, 0.00044807
0.00466215, 0.00135849
0.00303444, 0.00188486
0.0063035, 0.00279103
0.00841113, 0.00132169
0.011294, 0.00937834
0.00503936, 0.00116352
0.0107469, 0.00317627
0.00491583, -0.00100926
0.00302951, 0.00453101
0.00901356, 0.00609035
0.00736009, 0.00162047
0.0095307, 0.00457554
0.00886056, 0.00030496
0.00944538, 0.00762532
0.00446394, 0.00387084
0.00676697, 0.00372236
0.00575517, 0.00435024
0.00731795, 0.00105724
0.00745954, 0.00067952
0.0120172, 0.00500897
0.00839997, 0.00958462
0.00541487, 0.00352002
0.00703624, 0.0022942
0.00740861, 0.00161284
0.00604831, 0.00130791
0.00731288, 0.00346065
0.00169948, 0.000769099
0.0087916, 0.00413398
0.0110078, 0.00524833
0.00960596, 0.00340571
0.00428905, 0.00467
0.0104526, 0.0034283
0.00868986, 0.00475108
0.0121543, 0.00897113
0.00216928, 0.00255407
0.00520475, 0.00398144
0.00431684, 0.00100274
0.00601687, 0.00177093
0.00770694, 0.00216207
0.003543, -0.000442434
0.0106052, 0.0021844
0.00497073, 0.00366419
0.00545886, 0.0020923
0.00933933, 0.00291033
0.0092037, -0.00010249
0.00846719, 0.00223636
0.00500083, 0.000176317
0.00952626, 0.0034711
0.00957162, 0.00113816
0.00604192, 0.00109631
0.00508671, 0.00215852
0.00773803, 0.00259103
0.0100826, 0.00576309
0.00744012, 0.0037826
0.00519126, 0.0026561
0.00734475, 0.00425506
0.00764999, 0.00493763
0.00578438, 0.00055131
0.00677772, 0.00301714
0.00784426, 0.00166152
0.00727058, 0.00260211
0.0101537, 0.00200115
0.00641881, 0.00561903
0.00541587, 0.00290916
0.00472583, 0.000934431
0.00769244, 0.000635696
0.00573454, -0.000905897
0.0132786, 0.00378148
0.00420378, 0.00559123
0.00854373, 0.00313631
0.00513703, 0.00385736
0.00785978, 0.00247781
0.0050518, 0.00166123
0.00644524, 0.00431479
0.00569912, 0.000981428
0.00872208, 0.00297764
0.00676439, 0.000114055
0.00850474, 0.00310956
0.000662852, -2.8875e-07
0.00754916, 0.00168079
0.00656065, 0.0013557
0.00745194, 0.00160242
0.0106919, 0.00109282
0.00656065, 0.0013557
0.0104837, 0.00595029
0.00628403, 0.000592604
0.0077553, 0.00522809
0.00547008, 0.0040962
0.00137583, 0.00176116
0.0036682, 0.00200853
0.00893431, 0.000516353
0.0074925, 0.00391153
0.00660551, 0.00119793
0.00686423, 0.00327704
0.00535474, -0.000291407
0.00516968, -0.000337325
0.00502515, 0.00160899
0.00722512, 0.00333188
0.00365644, 0.00180745
0.00738336, 0.00334036
0.00521567, 0.000989737
0.00676991, 0.00554138
0.00368065, 0.0023006
0.0137011, 0.00823662
0.00608138, 0.0027496
0.00558103, 0.000972728
0.0100858, -0.000223131
0.00814967, 0.000743245
0.00526287, 0.00350831
0.0045913, 0.00637244
0.0059233, 0.000291757
0.00140478, 0.000739319
0.00314212, 0.00258534
0.00645464, 0.000829408
0.00726998, -0.000625521
0.00184885, 0.000794365
0.00313857, 0.000954963
0.0067981, 0.000338183
0.00621093, 0.0063624
0.00804314, 0.00122371
0.00676676, 0.00397381
0.00781698, 0.000682444
0.00520475, 0.00398144
0.00671462, 0.00441556
0.00691385, 0.000569551
0.00516769, 0.00161055
0.00958208, 0.00748444
0.0101225, 0.0041362
0.00448977, -0.000146644
0.00603415, 0.004004
0.00778088, 0.000455679
0.00760358, 0.00468072
0.00976298, 0.00552515
0.0076574, 0.0046807
0.00169948, 0.000769099
0.00520544, 0.00223722
0.00240763, 0.00363098
0.00541643, 0.0023815
0.00528794, 0.00158779
0.00342494, 0.00328171
0.00846337, 0.00132874
0.0139227, 0.00321019
0.00599808, 0.00131139
0.00169948, 0.000769099
0.00748991, 0.0010296
0.00913759, 0.00201707
0.00892889, 0.00217477
0.0105707, 0.00558277
0.00853743, -0.000203827
0.00485552, 0.000998668
0.00797862, 0.00453281
0.0117236, 0.00510884
0.00658201, 0.00256218
0.00813126, 0.00254343
0.00589525, 0.00540404
0.00904524, 0.00433007
0.00947777, 0.00367788
0.00618517, 0.000484045
0.00767121, 0.00088191
0.00408056, 0.00341994
0.00830592, 0.00330543
0.00886469, 0.00453769
0.00605895, 0.00242813
0.00607022, 0.00437529
0.0101372, 0.0043518
0.00507431, 0.00420014
0.00532326, 0.00167018
0.00428956, 0.0015077
0.00801762, 0.000856448
0.00583731, 0.00145659
0.00632632, 0.00112557
0.00582508, 0.00200442
0.0117788, 0.0021974
0.00375979, 0.00122672
0.00653156, 0.00485584
0.00622949, 0.00387747
0.00595012, -0.000816736
0.00690918, -0.000668871
0.0082941, 0.00575352
0.00579836, 0.0054462
0.00419218, 0.00428079
0.005187, 0.00474238
0.00581016, 0.00417187
0.00247701, 0.00455718
0.0122689, 0.00622273
0.00706883, 0.00341286
0.00312639, 0.00150455
0.00725902, 0.000463138
0.00769929, 0.0029321
0.0116493, 0.00694885
0.00827486, 0.000402148
0.00782437, 0.00554572
0.00813414, 0.00496485
0.00430988, 0.00136251
0.00612949, 0.00350247
0.00545631, 0.00593209
0.00595362, 0.00293357
0.00547188, 0.00195315
0.00353592, 0.00198339
0.00581748, 0.00339179
0.0040353, 0.00117885
0.0130939, 0.0105918
0.00288345, 0.00363378
0.00808339, 0.000725475
0.00661555, 0.00204014
0.00293585, 0.00181509
0.00598924, 0.00514532
0.00407924, 0.00175349
0.010109, 0.00632008
0.0111896, 0.00464533
0.00582508, 0.00200442
0.00711543, 0.00139985
0.00821955, 0.000309441
0.00402803, 0.00234344
0.0120858, 0.00754448
0.00505997, 0.00104101
0.00754177, 0.00387832
0.00733651, 0.00456716
0.00776409, 0.0025326
0.0113253, 0.00451039
0.00609827, 0.00293325
0.00516905, 0.00491452
0.01076, 0.00990893
0.00512869, 0.000562922
0.00828152, 0.00305012
0.00577148, 0.0013968
0.0070657, 0.00323178
0.00785724, 0.0051649
0.00200024, 0.00267383
0.0124824, 0.00553952
0.00631055, 0.00396237
0.00869959, 0.00186025
0.0021626, 0.00299053
0.00887497, 0.00349842
0.00418888, 0.0043255
0.00496446, 0.00496659
0.0107268, 0.00171021
0.00890436, 0.00479661
0.00697816, 0.00416791
0.011469, 0.00670102
0.00877097, 0.00185372
0.00396661, 0.00468605
0.00568669, 0.00409543
0.00416898, 0.00732015
0.00792129, 0.00258855
0.0080002, 0.00501655
0.00742971, 0.00363127
0.0104129, 0.000826984
0.00904532, 0.00299597
0.00436207, 0.00162535
0.00707059, 0.00176045
0.00491496, 0.00442669
0.00641495, 0.00374804
0.00784575, 3.74433e-05
0.00555756, 0.00211308
0.00828641, 0.00403759
0.00523772, 0.00149453
0.00419203, 0.00109786
0.00444705, -0.00158024
0.00792408, 0.00363789
0.012747, 0.00741716
0.00928527, 0.00470683
0.00974804, 0.00281347
0.00683621, 0.00225489
0.00663534, 0.00395173
0.00565537, 0.00358847
0.0104945, 0.0029009
0.00669647, 0.00486983
0.00608379, 0.000550727
0.00840719, 0.0103249
0.00298981, 0.00393541
0.010793, 0.0029842
0.00801792, 0.00225657
0.00758383, 0.00232434
0.00703351, 0.00164495
0.00642661, 0.00210841
0.0065679, 0.00463275
0.00837299, 0.00285117
0.00831343, 0.00571357
0.00495406, 0.00176186
0.00976963, 0.00588072
0.0108593, 0.00394851
0.00976274, 0.00329398
0.00934846, 0.00341241
0.00974175, 0.00690357
0.00737206, 0.000238329
0.00182813, 0.000785218
0.00914201, 0.00660396
0.00891378, 0.00296233
0.00508516, 0.00489795
0.00343342, -0.000484733
0.0130156, 0.0103706
0.00817986, 0.00419114
0.00619682, 0.00421846
0.00742468, -0.000731844
0.00538057, 0.00423871
0.00653883, 0.00189594
0.00538874, 0.00403649
0.00673841, 0.00172307
0.00922536, 0.000282103
0.00729133, 0.00400765
0.00586367, 0.00113583
0.00750238, 0.00212066
0.00600054, 0.00600009
0.0103133, 0.000954135
0.00636173, 0.00075232
0.00727288, 0.00283198
0.0122566, 0.00365643
0.00414234, 0.00412185
0.00599077, 0.00263692
0.00633945, 0.000914458
0.0040949, 0.00446439
0.00489873, -6.38711e-05
0.00709762, 0.00184019
0.00858098, 0.0048121
0.00929505, 0.00164701
0.0103557, 0.00166018
0.00557676, 0.000177766
0.00674836, 0.00205448
0.0083482, 0.00315372
0.00575442, 0.00227788
0.00675118, 0.00455189
0.00469163, -0.00020519
0.0131756, 0.00780029
0.00322189, 0.00269536
0.00600869, 0.00274776
0.00740061, 0.000338105
0.011139, 0.0103664
0.00893063, 0.00616608
0.00675599, 0.00453426
0.00486375, -9.92651e-05
0.00437134, 0.00152033
0.00140926, 0.00123524
0.00949492, 0.00236381
0.00717082, -0.000708288
0.00732396, 0.0050133
0.0056221, 0.00361754
0.00737852, -0.000645041
0.00596202, 0.00377717
0.00221833, 0.00337282
0.0050783, 0.00427249
0.00718525, 0.00137602
0.0074716, 0.00291165
0.00593662, 0.00168124
0.00890553, 0.00394533
0.00833041, 0.0027727
0.00601811, 0.00423211
0.00787267, 0.0021755
0.00221713, 0.00099541
0.00753839, 0.00579476
0.00551685, 0.00415523
0.00314341, 0.00122144
0.00865527, 0.0046411
0.00356948, 0.000961833
0.00647029, 0.00539168
0.00387567, 0.00258127
0.0117256, 0.000458133
0.00722599, 0.00272526
0.00665033, 0.00341569
0.00416149, 0.00572585
0.00449825, 0.00367256
0.00729257, 0.00377915
0.00903797, 0.00277308
0.0122365, 0.00501833
0.00534922, 0.000292377
0.00221664, 0.002506
0.0131617, 0.00420797
0.00713468, 0.0054527
0.00625337, -0.000453495
0.00447108, 0.00455604
0.0092282, 0.00409332
0.00673989, 0.00526688
0.00836947, 0.00249781
0.00572372, -0.00099469
0.00950373, 0.00301027
0.00356585, 0.0010496
0.00791388, 0.00481936
0.00771319, 0.00220922
0.00801762, 0.000856448
0.00561406, 0.00376247
0.00931005, 0.00363979
0.00681563, 0.000283053
0.0038015, -0.00113632
0.00842699, 0.00444167
0.00516053, -0.000733824
0.00830166, 0.0032079
0.00542736, 0.00136094
0.00184926, 0.00198653
0.0074029, 0.00105473
0.00951603, 0.00466603
0.00623781, 0.00423258
0.00677062, 0.001753
0.00526877, 0.00443855
0.0103001, 0.00438791
0.00732307, 0.0019526
0.00500773, 0.00101237
0.00147474, 0.00061398
0.00918742, 0.002659
0.00966878, 0.00396715
0.00612825, 0.00160019
0.00515364, 0.00288442
0.00751097, 0.00084628
0.00952176, 0.00575557
0.00412387, 0.00228218
0.00582508, 0.00200442
0.00750003, 0.00367283
0.00807785, 0.00235096
0.00835812, 0.00368748
0.00208313, 0.00202579
0.00662703, 0.00422633
0.0120466, 0.00303103
0.0135183, 0.00346606
0.00918746, 0.00420794
0.00128659, 0.000799432
0.00870256, 0.000312454
0.00878412, 0.00277836
0.0117954, 0.00657815
0.00481166, 0.00171027
0.0126558, 0.00268537
0.00587729, -0.00214596
0.00394803, 0.00221174
0.01087, 0.00994737
0.00945708, 0.00395422
0.00472963, 0.00210025
0.00652602, 0.00340891
0.00766556, 0.00207404
0.0087312, 0.0015011
0.00974981, 0.00324629
0.00652779, 0.00303834
0.0103917, 0.0018634
0.00687034, 0.00515996
0.00730651, 0.00463252
0.00840511, 0.00226514
0.00890447, 0.000711195
0.00665811, 0.00395449
0.00946797, 0.00679592
0.0109265, 0.0116793
0.00109054, 0.00072875
0.00749667, 0.00263513
0.0128122, 0.00593797
0.0102604, 0.00405038
0.0116228, 0.0079895
0.00729019, 0.00282583
0.00825083, 0.00125756
0.00648427, 0.00154205
0.00862932, 0.000498732
0.00371508, 0.003622
0.00645223, 0.00277911
0.00125231, -0.000614706
0.00604192, 0.00109631
0.00787918, 0.00284625
0.00669088, 0.00429755
0.00919465, 0.00573155
0.00743177, 0.00102736
0.00698504, 0.00330563
0.00656643, 0.00322022
0.00321716, 0.00446157
0.00996789, -0.000141333
0.00824244, 0.00137488
0.00570869, 0.00137603
0.00218925, 0.0018839
0.013574, 0.00405785
0.00358417, -0.000935445
0.00901433, 0.000632575
0.00912528, 0.00450646
0.00755901, 0.00320988
0.0123129, 0.00598544
0.00644526, 0.003749
0.00500773, 0.00101237
0.00161581, 0.00278201
0.00855186, 0.00188253
0.00638785, 0.00470609
0.0053857, 0.00452011
0.0132037, 0.00573164
0.00289055, 0.00107209
0.00860432, 0.00650819
0.0104579, 0.00433163
0.00757228, 5.07574e-05
0.00546563, 0.00417145
0.00792095, 0.00269135
0.00769591, 0.00291833
0.00849674, 9.48157e-05
0.00664443, 0.00132258
0.00606354, 0.00191898
0.00779144, 0.00311841
0.0101521, 0.00408583
0.00624694, 0.00129834
0.00194962, 0.0019706
0.00708859, 0.00303496
0.00630884, 0.00199745
0.00978563, 0.00478169
0.00412121, 0.00181309
0.0100506, -0.000331046
0.00671737, 0.00300584
0.0136319, 0.00966565
0.00969007, -0.00023294
0.00809879, 0.00104568
0.00276942, 0.00452809
0.00545052, 0.00442822
0.00459249, 0.00202716
0.00596166, 0.00252224
0.0038483, 0.000586151
0.00636911, 0.000874611
0.00583543, 0.000637839
0.00480969, 0.00318702
0.00531975, 0.00277129
0.00740718, 0.00263721
0.00567124, -0.000900259
0.00486991, 0.0036202
0.00974175, 0.00690357
0.0125485, 0.00647573
0.00405729, 0.00320898
0.00431333, -9.72469e-05
0.0058241, 0.00439286
0.00640392, 0.00505426
0.00792144, 0.00233803
0.00633991, 0.00216472
0.00264603, 0.00104937
0.00573816, 0.0011579
0.00427708, -0.000350435
0.00535447, 0.00307893
0.00187536, 0.00290694
0.00674051, -0.000283621
0.00708859, 0.00303496
0.00695029, 0.00425411
0.00446782, 0.00408895
0.00871363, 0.00485803
0.00570598, 0.00160638
0.00635257, 0.00225446
0.00871069, 0.00364704
0.0022666, 0.00386893
0.00768115, 0.00349907
0.0072159, 0.00208267
0.00633804, 0.000914209
0.00772609, 0.00591718
0.00528738, 0.00385724
0.0064418, 0.00146203
0.00545737, 0.004956
0.0063063, 0.00219602
0.00308028, 0.000873086
0.0054978, 0.00475024
0.00599927, 0.00561368
0.00616444, 0.00378315
0.00814828, 0.00374246
0.00545978, 0.00199925
0.003992, 0.0021751
0.00599196, 0.000595958
0.00897131, 0.00175206
0.00466616, -0.000684408
0.00908343, 0.00401011
0.00685685, 0.00469415
0.00610423, -0.00253988
0.00931011, 0.00504953
0.00320661, 0.0019572
0.00616653, 0.00543601
0.00514899, 0.00255777
0.00944873, 0.00176574
0.00527162, 0.00403202
0.00129459, 0.00251483
0.00503898, 0.00606543
0.00850836, 0.00567776
0.00384042, 0.00321826
0.00506848, 0.00293134
0.00741007, 0.00135879
0.00625286, 0.00379484
0.0096969, 0.0048142
0.00757573, 0.00279054
0.00724721, 0.00331484
0.00959141, 0.00834982
0.00414184, -0.00141032
0.00783519, 0.00542364
0.00690373, 0.00348388
0.00788969, 0.00403035
0.00456811, 0.00347311
0.0131809, 0.00461337
0.00503945, 0.00593758
0.00475257, 0.0006871
0.0097104, 0.00369279
0.0116182, 0.00397923
0.00791875, 0.0028499
0.00428332, 0.000311952
0.00601731, 0.00316151
0.00694719, 0.00489414
0.00821473, 0.00595174
0.00411569, 0.000985698
0.00744897, 0.00230871
0.0052187, 0.00294162
0.00482065, 0.00142381
0.00652817, -0.000675843
0.0083923, -0.00123571
0.00587554, 0.00407953
0.00366391, 0.00309783
0.00789544, 0.00394225
0.005569, 0.00573838
0.00786533, 0.00217436
0.00592283, 0.00184625
0.00419422, 0.00641076
0.00445237, -0.00212526
0.0116821, 0.00254372
0.012031, 0.00527962
0.00660258, 0.000364087
0.00618769, 0.00549812
0.00703961, -0.000262825
0.0057507, -0.000828053
0.00430323, -0.000103362
0.00507994, 0.00431292
0.00870585, 0.00408576
0.00761507, 0.000148723
0.00997579, 0.00227689
0.00531181, 0.00127177
0.00669674, 0.00283341
0.00516761, 0.00152827
0.0103773, 0.00546079
0.00905206, 0.00274392
0.00911595, 0.00258255
0.00951024, 0.00487934
0.00665987, 0.00595444
0.00544895, 0.00489743
0.0074701, 0.000987964
0.00655093, 0.000753498
0.0077083, 0.00506275
0.00540574, 0.00262014
0.00425056, -0.00167217
0.00656655, 0.00384826
0.00929757, 0.00599175
0.00270071, 0.0028443
0.0112098, 0.00677112
0.0108051, 0.0115626
0.00724177, 0.00239565
0.00735414, 0.00324933
0.0105583, 0.00429142
0.00376395, -0.000242409
0.00665332, 0.00506734
0.00685564, 0.00450002
0.00568646, 0.00430993
0.00561167, 0.00426402
0.00595745, 0.00230953
0.00692531, 0.00516146
0.011361, 0.00856085
0.0103781, 0.011801
0.00847367, 0.00314372
0.00771388, 0.00421
0.00568867, 0.000751864
0.00503406, 0.00340812
0.00523402, 0.00153616
0.00470667, 0.00453556
0.00675274, 0.00296076
0.006682, 0.00223218
0.00398799, 0.00385835
0.00332475, 0.00218573
0.00847399, 0.00392341
0.0148678, 0.00785347
0.00707268, 0.00390167
0.00564857, -0.000734134
0.00859486, 0.0027574
0.00677082, 0.00173174
0.00451177, -0.00104338
0.00729849, 0.00323484
0.00843205, 0.00380162
0.00514732, 0.00251655
0.00650285, -0.000809357
0.00508728, 0.00367367
0.0080891, 0.00254182
0.00415213, 0.00166515
0.00809282, 0.000489671
0.0118679, 0.0102507
0.00698552, 0.000214378
0.00386377, 0.00144977
0.00683075, 0.000894334
0.0141391, 0.0084303
0.00530037, -0.00193172
0.00410828, 0.00611336
0.00726964, 0.00154926
0.00530279, 0.00388651
0.00549837, 0.00471997
0.00560719, 0.00400331
0.00769402, 0.00276774
0.00696535, 0.00224935
0.00515298, 0.00138095
0.0116356, 0.00264284
0.00400755, -0.00085046
0.0131245, 0.0124214
0.00738432, 0.00191333
0.00603831, 0.00418776
0.00607547, 0.0014766
0.0110375, 0.00769661
0.00750255, -3.25428e-05
0.00465959, 0.00132688
0.00541559, 0.00189746
0.01044, 0.00390379
0.00663411, 0.00174248
0.00824232, 0.00233664
0.00646235, 0.00134779
0.00726071, 0.00347282
0.00734718, 0.00127553
0.00743526, 0.00130774
0.00742106, 0.00189915
0.0065951, -0.000801373
0.00970734, 0.00152734
0.00652215, 0.0053552
0.00535717, 0.00602573
0.00782109, 0.00365464
0.00924714, 0.000779266
0.00203849, 0.00291908
0.0100859, 0.00303323
0.0112666, 0.000543236
0.00510717, 0.00367879
0.00759229, 0.00218483
0.00965613, -0.000748443
0.00847572, 0.00519865
0.00558788, 0.00167599
0.00218297, 0.00102012
0.00722546, 0.00147279
0.00780247, 0.00159095
0.00684564, 0.000336859
0.00845181, 0.00298206
0.00833706, 0.00485371
0.00836192, 0.00474123
0.00883193, 0.00205554
0.00612683, 0.00126869
0.00657315, 0.00344625
0.00428817, 0.00152691
0.00634326, 0.00306577
0.00397529, 0.000741111
0.00418478, 0.00184197
0.00529369, -0.000830508
0.0036682, 0.00200853
0.0126238, 0.0113242
0.00314169, 0.00289184
0.00806042, 0.00656281
0.00618955, 0.00206592
0.00833205, 0.00594511
0.0123731, 0.00456447
0.00556956, 0.0060292
0.00740718, 0.00263721
0.00328921, 0.00307983
0.00748657, 0.00213926
0.010966, 0.00734599
0.00475767, 0.00606621
0.00381462, 0.00490606
0.00596847, 0.00210979
0.0110858, 0.00291449
0.00655411, 0.000119849
0.00953217, 0.00214921
0.00764298, 0.00225101
0.0104243, 0.00231923
0.00533197, 0.00371725
0.00760562, 0.00134059
0.0136051, 0.00805893
0.00813815, 0.00276081
0.00687487, 0.00313858
0.00843485, 0.00488255
0.00809487, 0.00210452
0.00754622, -0.00018366
0.00436193, 0.00170927
0.00379869, 0.00166752
0.00528288, 0.00444701
0.00904524, 0.00433007
0.00896294, 0.00188149
0.00966449, 0.00389092
0.00579568, 0.00542133
0.0127027, 0.00943283
0.00690281, 0.00380969
0.00714394, -8.11742e-05
0.00916031, -0.000212816
0.00876844, 0.00666291
0.00820701, 0.00340998
0.00691704, 0.000988214
0.00927312, 0.00471468
0.00839778, 0.00275761
0.00392526, 0.00144447
0.0100075, 0.00478575
0.0100385, 0.0035753
0.00668157, 0.00311014
0.00494467, 0.0031548
0.00411544, 0.00312519
0.00721049, 0.00283877
0.00697231, 0.00563366
0.00499025, -0.000153085
0.00542622, 0.00261785
0.00565895, 0.00161282
0.0103727, 0.0101304
0.00729413, 0.00324844
0.00699945, -0.000553301
0.00650593, 0.0037241
0.00492113, 0.00495122
0.007932, 0.00542646
0.00624796, 0.00361926
0.00426635, -0.0012623
0.00622382, 0.00341227
0.00414159, -6.92271e-05
0.00721711, 0.00340839
0.00699243, 0.00148371
0.00831432, 0.0025134
0.00653019, 0.00355832
0.00883805, -0.000748527
0.00682122, 0.00405751
0.0052386, 0.0036928
0.00511893, 0.00141531
0.00531045, 0.00148126
0.00348586, 0.00316037
0.00623548, 0.00302417
0.00893767, 0.00276571
0.00585939, 0.000921409
0.0108786, 0.00650718
0.0108948, 0.00996489
0.00406605, 0.000157337
0.00773746, 0.00214291
0.00660258, 0.000364087
0.0104516, 0.000380969
0.00788526, 0.0045861
0.00357566, -0.000616299
0.00710328, 0.00382968
0.00523921, 0.00461584
0.00892612, 0.00462457
0.00683073, 0.00435729
0.0143906, 0.00648647
0.00362264, 0.00308542
0.00991886, 0.00322741
0.00902364, -0.00108597
0.00583731, 0.00145659
0.00587328, 0.00458753
0.00898044, 0.00437644
0.00503936, 0.00116352
0.00555204, 0.00151028
0.0125993, 0.00559991
0.0110925, 0.0082123
0.00631324, 0.00180488
0.00653443, 0.00387111
0.010163, 0.00524969
0.00129459, 0.00251483
0.00534147, 0.00392905
0.0106108, 0.00213656
0.00795029, 0.00462207
0.00735636, -0.000427043
0.00896529, 0.0015474
0.00797097, 0.00346601
0.00668548, 0.00547192
0.00778034, 0.00259212
0.0135974, 0.0128909
0.00463849, 0.00209723
0.0106245, 0.00652993
0.00894662, -0.000180582
0.00622729, 0.00067467
0.00950332, 0.00408395
0.00750003, 0.00367283
0.00400755, -0.00085046
0.00568158, 0.00163358
0.00638356, 0.00347624
0.0109719, 0.0029643
0.0105102, 0.00271128
0.00952626, 0.00283037
0.00730146, -0.00064524
0.00532032, 0.000554634
0.00488821, 0.00460231
0.00896953, 0.00402126
0.00658201, 0.00256218
0.00330173, 0.00358361
0.005073, 0.00513567
0.00418914, 0.00625968
0.0013113, 0.000759153
0.00519363, 0.00266654
0.00825546, 0.00133611
0.00557395, 0.0020804
0.00762044, 0.00261281
0.00895052, 0.0026312
0.00452618, 0.00366021
0.00726171, 0.00490262
0.00753599, 0.00368378
0.00934496, 0.00480435
0.0119715, 0.0121737
0.00655501, 0.00178296
0.0110247, 0.0069934
0.00703456, 0.0023764
0.0133162, 0.00822844
0.00763652, 0.00396963
0.00592876, -0.00119603
0.00368335, 0.00340631
0.00728517, 0.00388524
0.00692571, 0.00300266
0.00318351, 0.00491827
0.0058547, -0.000188439
0.00493672, -0.00116905
0.0067216, 0.00447927
0.00882821, 0.0054335
0.00322189, 0.00269536
0.00435216, -0.000378596
0.00808057, -0.000209105
0.00717103, 0.00351005
0.0110698, 0.00704525
0.0068595, 0.00386452
0.0104744, 0.00871897
0.00776734, 0.00380315
0.00526436, 0.00515368
0.00712934, 0.00234233
0.0076636, 0.00401702
0.0100255, 0.0016716
0.00710732, 0.00364063
0.00992016, -1.05595e-06
0.0108461, 0.0124229
0.0104026, 0.00460103
0.00770316, 0.0057808
0.00800404, 0.0040337
0.0105786, 0.00301016
0.00741533, 0.00181061
0.00456166, 0.00631861
0.00419621, 0.00279067
0.0126449, 0.00607726
0.00585452, -0.000739055
0.00387582, -0.000691817
0.00752776, 0.00285596
0.00742971, 0.00363127
0.00331933, 0.000517011
0.0100536, 0.00294733
0.00787664, 0.00209132
0.015181, 0.00660274
0.0046612, 0.00301631
0.0130059, 0.0046373
0.00722348, -0.000364731
0.00878816, 0.00655199
0.00724274, 0.00128358
0.00508299, 0.00508908
0.00671336, -0.000879261
0.00453473, -4.01497e-05
0.00271643, 0.00109921
0.00614073, 0.00176398
0.0100178, 0.00397964
0.0135198, 0.00827007
0.00697232, 0.00257875
0.00969488, 0.00310949
0.00495576, 0.0049199
0.00781075, 0.00310266
0.0108539, 0.00380397
0.0125998, 0.00307259
0.00536953, -0.000748763
0.00637748, 0.00124067
0.00773803, 0.00259103
0.00607022, 0.00437529
0.0028638, 0.000743749
0.00371349, -0.00171049
0.00271675, -0.000814147
0.00410019, -0.00232103
0.010577, 0.0102751
0.00312341, 0.00254541
0.0124606, 0.00504836
0.00896781, 0.00122899
0.00531679, 0.00442275
0.0083749, 0.000127362
0.00686712, -0.00160217
0.00889088, 0.000541626
0.00504583, 0.000406082
0.00541587, 0.00290916
0.0113776, 0.0053762
0.00389561, 0.00396842
0.00712403, 0.00140462
0.00988531, 0.00346043
0.0053286, -0.0004179
0.00792925, 0.00330016
0.00590099, 0.00470818
0.0142588, 0.0086884
0.00684865, 0.00304574
0.00375487, 0.000412403
0.00839983, 0.00240317
0.00999122, 0.00224849
0.00630088, -0.0005835
0.0047374, 0.00598167
0.0047781, 0.00482879
0.00796425, 0.00611309
0.00564982, -0.000147037
0.00918746, 0.00420794
0.00588124, 0.00367349
0.00736631, 0.000927608
0.00672692, 0.00260673
0.0140003, 0.0067257
0.00478789, -0.00186258
0.00358734, 0.00486865
0.00728705, 0.00339717
0.00719894, 0.00980552
0.00606118, 0.00345434
0.00380865, 8.54072e-05
0.0108998, 0.0108876
0.00412966, 9.55754e-05
0.00967627, 0.00304138
0.00646627, 0.00280371
0.0129322, 0.00876541
0.00714913, 0.00189901
0.00673619, 0.00669452
0.00796605, 0.00613668
0.0142126, 0.00908864
0.00705814, 0.004534
0.00696558, 0.00346439
0.00842582, 0.00384319
0.00589973, 0.00329752
0.0040981, -6.7487e-05
0.0134584, 0.0121988
0.0078403, 0.00256485
0.00514899, 0.00255777
0.00355804, 0.000217999
0.0103062, 0.00467805
0.00926813, 0.00383703
0.00854662, 0.00410489
0.00962805, 0.00426039
0.00376648, 0.00286475
0.00525403, -0.000383214
0.0094001, 0.00408282
0.00598861, 0.00414089
0.00394803, 0.00221174
0.00797083, 0.000890233
0.00689856, 0.00242098
0.00278716, 0.00516444
0.00577983, 0.00155285
0.00386655, 0.00273281
0.0119863, 0.005478
0.01385, 0.00655458
0.00605062, 0.00188283
0.00297488, -0.00176089
0.00960915, 0.00400009
0.00632891, 0.00181038
